Date,Open,High,Low,Close,Volume,sma5,sma10,sma20,sma50,ema12,ema26,rsi,rsi_6,macd,macd_sig,macd_hist,bb_mid,bb_std,bb_upper,bb_lower,bb_pos,bb_width,atr,vol_sma20,vol_ratio,obv,daily_ret,hlpct,co_pct,mom10,mom20,roc5,stoch_k,stoch_d,target,target_3d,ret_5d,symbol,market,sector
2024-07-22,174.04,179.48,178.17,178.75,4193033,169.48999999999998,163.095,155.728,153.9256,163.66804027136342,158.0595117808737,86.56568164887013,96.52087475149098,5.608528490489732,2.8833957241756396,2.7251327663140925,155.728,9.837091247443253,175.40218249488652,136.0538175051135,1.0850814895332634,0.25267366812339687,3.6949999999999994,11334285.15,0.3699423981809388,-61082719.0,0.02248026541585646,0.007328671328630342,0.027062744196580935,0.16487455197132617,0.1973340478263783,0.11135289728923148,97.73221497055822,97.32797317945915,0,0,-0.020419580419580474,AAPL,US,Technology
2024-07-23,179.15,182.15,178.17,179.94,9805573,173.45,166.046,157.3775,154.4158,166.1719181838296,159.71293027262374,90.17008504252131,96.58536585365846,6.458987911205867,3.5985223268840354,2.8604655843218314,157.3775,10.986473920713786,179.35044784142758,135.40455215857241,1.013415408843038,0.279238745580378,3.8500000000000005,11160532.3,0.8785935883547786,-51277146.0,0.006657342657342635,0.022118483938967988,0.004409712531373611,0.1961709765339359,0.22449812861517526,0.12364181341326352,93.6603557058617,96.40827930273186,0,0,-0.01989552072913181,AAPL,US,Technology
2024-07-24,177.11,176.84,176.3,176.54,18352747,175.932,168.268,158.8765,154.8424,167.76727698615187,160.9825886233858,83.5070650914987,85.34482758620689,6.784688362766076,4.23576135484721,2.5489270079188655,158.8765,11.467557568154815,181.81161513630963,135.94138486369036,0.8850754594894322,0.28871626875170686,4.057857142857141,11502560.0,1.595535724609502,-69629893.0,-0.01889518728465045,0.003058796873212492,-0.003218338885420379,0.1439865215137377,0.20455786026200862,0.07561079631999013,83.5145459863792,91.6357055542664,1,0,0.006797326384955449,AAPL,US,Technology
2024-07-25,175.59,177.21,176.21,176.66,17462137,177.34199999999998,170.14600000000002,160.3955,155.2362,169.1355836521349,162.16387214398878,82.74775866246668,82.4107604759441,6.9717115081461145,4.7829553841318395,2.188756124014275,160.3955,11.720487000390076,183.83647400078016,136.95452599921984,0.8469245774218205,0.29228967147624485,3.8499999999999983,11648138.0,1.4991353554417577,-52167756.0,0.0006797326384955227,0.0056605909656647765,0.006093741101394723,0.11895110210286286,0.2076838939021055,0.04156594540416236,83.19559228395482,86.79016465873191,1,0,0.018396920638514613,AAPL,US,Technology
2024-07-26,177.35,182.04,176.02,178.7,12271028,178.118,172.01299999999998,161.946,155.6632,170.60721017419488,163.4082724206458,81.97011901747277,78.60289490245432,7.198937753549075,5.2661546828015515,1.932783070747523,161.946,11.999058033204397,185.94411606640878,137.9478839335912,0.8490690676048991,0.29637182846455734,3.9764285714285683,11459408.65,1.0708254940515194,-39896728.0,0.011547605570021435,0.033687744823538306,0.007612066535057132,0.11666562519527579,0.20996682239826647,0.022194256950005764,89.439853073479,85.38333044793768,0,0,-0.01180749860100716,AAPL,US,Technology
2024-07-29,178.18,176.75,173.78,175.1,8776832,177.388,173.43900000000002,163.285,156.0434,171.29847929933862,164.28707855691897,80.7836286498627,50.98039215686275,7.011400742419653,5.615205527167989,1.3961952152516641,163.285,11.892217490531417,187.06943498106284,139.50056501893715,0.7483767221853015,0.29132418753611394,4.044285714285711,11610766.45,0.7559217801748325,-48673560.0,-0.020145495243424683,0.016961736150674114,-0.017285890672256856,0.08865953742850041,0.18055555555555558,-0.020419580419580474,75.9549795335622,82.86347496366535,0,1,-0.0016561964591661482,AAPL,US,Technology
2024-07-30,173.7,176.99,175.86,176.36,24081088,176.67199999999997,175.06099999999998,164.63799999999998,156.42780000000002,172.07724217746934,165.1935483538948,79.43376068376067,39.70714900947466,6.883693823574532,5.868904135648482,1.0147896879260498,164.63799999999998,11.755928224561782,188.14985644912355,141.1261435508764,0.7492784868905515,0.2856188297838988,3.768571428571426,12401112.15,1.9418489057169839,-24592472.0,0.00719588806396354,0.006407348605089522,0.015313759355122115,0.10128637442238064,0.18124581379772264,-0.01989552072913181,76.17283950303819,80.52255737002646,0,1,-0.015082785212066407,AAPL,US,Technology
2024-07-31,178.03,179.23,176.55,177.74,4334522,176.91199999999998,176.422,166.13400000000001,156.7696,172.94849947948003,166.1346227975129,78.16222348269993,40.67796610169497,6.813876681967145,6.057899210603836,0.755977471363309,166.13400000000001,11.401505163792857,188.93701032758574,143.3309896724143,0.7544839438415125,0.27451346897622964,3.7171428571428526,11845475.95,0.3659221167958121,-20257950.0,0.00782490360625987,0.0150782041182902,-0.001628938942865602,0.08292207396575901,0.20240833446083095,0.006797326384955449,80.31249999641464,77.48010634433835,0,0,-0.040564870034882405,AAPL,US,Technology
2024-08-01,176.51,180.58,179.38,179.91,16331205,177.562,177.452,167.749,157.10219999999998,174.01956591518064,167.1669122537631,78.17460317460313,65.94134342478716,6.852653661417548,6.2168504813792556,0.6358031800382928,167.749,10.916831958035935,189.58266391607185,145.91533608392814,0.7784919664873504,0.26031349117958025,3.7528571428571382,12023666.2,1.3582549091179104,-3926745.0,0.012208844379430595,0.006670001667463438,0.01926236473843263,0.06072755144154218,0.2188198631529028,0.018396920638514613,89.9999999959821,82.16177983181164,0,0,-0.024067589350230567,AAPL,US,Technology
2024-08-02,179.45,176.83,176.4,176.59,12892864,177.14000000000001,177.629,169.097,157.4034,174.41503804414438,167.87244389938206,70.83884625562317,49.7458242556282,6.542594144762319,6.281999338856286,0.2605948059060328,169.097,10.202915527590738,189.50283105518147,148.69116894481854,0.6835994814191547,0.24135059823723415,3.8285714285714243,12106081.05,1.0649906341911832,-16819609.0,-0.01845367128008446,0.0024350189704828804,-0.015937587071518797,0.01012469969111085,0.1801777718371984,-0.01180749860100716,74.90974728903836,81.74074909381171,0,0,-0.013024520074749524,AAPL,US,Technology
2024-08-05,176.26,177.4,172.74,174.81,13438227,177.08200000000002,177.23499999999999,170.16500000000002,157.733,174.47580411735544,168.391462697866,68.8705942886545,35.60325684678021,6.084341419489448,6.242467694400848,-0.15812627491140052,170.16500000000002,9.577626065608614,189.32025213121725,151.0097478687828,0.6212461200604299,0.22513739172103142,4.1007142857142815,12078155.35,1.1126058158702343,-30257836.0,-0.010079845970893064,0.026657513872051595,-0.008226483603720426,-0.022041958041958076,0.1391984359726297,-0.0016561964591661482,61.49003147631216,75.46659292044423,1,1,0.003146273096504837,AAPL,US,Technology
2024-08-06,174.88,173.98,173.47,173.7,11421408,176.55,176.611,171.3285,158.0702,174.35644515790347,168.7883166384553,63.29535982217281,43.647912885662414,5.568128519448152,6.107599694062622,-0.5394711746144703,171.3285,8.394355418656664,188.1172108373133,154.53978916268667,0.5706278171805382,0.19598269800080345,3.81928571428571,11844352.4,0.9642913896844719,-41679244.0,-0.0063497511584006405,0.002936096718463183,-0.0067474839889824995,-0.03467822607535853,0.15468988898490976,-0.015082785212066407,36.081694399691116,57.49382438834723,1,1,0.006044905008635748,AAPL,US,Technology
2024-08-07,173.38,171.32,169.89,170.53,11080371,175.108,176.01,172.139,158.3396,173.76774259120424,168.91843190062878,51.365795724465535,27.455529775715306,4.849310690575464,5.855941646539695,-1.0066309559642308,172.139,7.387931766703527,186.91486353340707,157.36313646659295,0.44555309756320705,0.17167363041868752,3.6399999999999966,12072798.65,0.9177963124733872,-52759615.0,-0.01824985607369023,0.00838562129825615,-0.01643788210856821,-0.03404327631131754,0.10504147226542249,-0.040564870034882405,5.220228384566163,34.263984753523154,1,1,0.052483433999882756,AAPL,US,Technology
2024-08-08,170.46,177.95,173.69,175.58,15926415,174.24200000000002,175.902,173.024,158.8252,174.04655891581658,169.41578048875346,51.133651551312674,43.49397590361447,4.63077842706312,5.610908810382375,-0.9801303833192545,173.024,6.609029230410033,186.24205846082006,159.80594153917994,0.5966859091666005,0.15278872827750678,3.7542857142857105,12598385.65,1.264163058529403,-36833200.0,0.02961355773177754,0.02426244446961914,0.030036372169247733,-0.006113438242952518,0.11211046364327348,-0.024067589350230567,46.411092981532676,29.23767192192999,1,0,0.04527850552454704,AAPL,US,Technology
2024-08-09,175.63,175.21,173.56,174.29,11236976,173.782,175.461,173.737,159.2936,174.08401224192997,169.7794738533563,42.77849740932641,32.124681933842254,4.304538388573661,5.349634562016129,-1.0450961734424675,173.737,5.860202170034513,185.45740434006902,162.01659565993097,0.5235913362470713,0.13492122391892994,3.5657142857142827,12879399.45,0.8724766376838605,-48070176.0,-0.007347078254926642,0.009466980320101778,-0.007629676023414985,-0.024678231673195272,0.08910829219521332,-0.013024520074749524,35.88907014389158,29.173463836663483,1,1,0.06477709564518919,AAPL,US,Technology
2024-08-12,174.22,177.2,173.89,175.36,5361850,173.892,175.487,174.46300000000002,159.842,174.28032182787388,170.1956433775688,42.55526657997403,45.434298440980015,4.084678450305063,5.09664321262972,-1.0119647623246575,174.46300000000002,5.017115023386203,184.49723004677242,164.42876995322763,0.544697001926113,0.11502989226042057,3.517857142857139,11881077.2,0.451293216805862,-42708326.0,0.006139193298525525,0.018875456204271935,0.006543450809284074,0.0014848657909767304,0.09027605073364842,0.003146273096504837,45.020576127982046,42.440246417802115,1,1,0.0215556569343065,AAPL,US,Technology
2024-08-13,175.44,175.57,174.1,174.75,10846166,174.102,175.326,175.19350000000003,160.4114,174.35258118458754,170.53511582170034,46.800143010368274,49.756097560975604,3.817465362887191,4.840807539903197,-1.0233421770160058,175.19350000000003,3.717093197930047,182.6276863958601,167.75931360413995,0.4701715845652475,0.08486829015708512,3.36285714285714,12128262.65,0.8942884416929706,-53554492.0,-0.003478558394160669,0.008412017167333832,-0.00393296853622928,-0.009129054207303366,0.09123267141251423,0.006044905008635748,39.99999999670791,40.303215422860525,1,1,0.02672389127324748,AAPL,US,Technology
2024-08-14,172.71,180.83,178.39,179.48,10264183,175.892,175.5,175.961,161.0992,175.14142571517317,171.20154008210662,54.32780847145486,68.15326633165824,3.9398856330665524,4.660623100626822,-0.7207374675602694,175.961,2.778780307975482,181.51856061595097,170.40343938404905,0.8165957370832239,0.0631680953838564,3.7257142857142833,12196809.8,0.8415464639330144,-43290309.0,0.02706723891273244,0.013594829507390415,0.039198656707548976,0.009789580285810562,0.0935234265521232,0.052483433999882756,78.93004114576706,54.65020575681902,1,0,0.011700468018720933,AAPL,US,Technology
2024-08-15,179.86,183.64,183.45,183.53,10852713,177.48200000000003,175.862,176.65699999999998,161.8808,176.4319906481479,172.11965806094614,56.981786643538605,88.69047619047603,4.312332587201752,4.590964980032003,-0.278632392830251,176.65699999999998,2.846761964794847,182.35052392958968,170.96347607041028,1.1035804963580556,0.06445851485712396,3.5928571428571416,12283729.85,0.883502995346076,-32437596.0,0.022565188321818752,0.001035253092131872,0.020404759257086527,0.020121171696959594,0.08207063262779313,0.04527850552454704,99.19999999278555,72.71001371175352,1,0,0.006538440581921101,AAPL,US,Technology
2024-08-16,182.27,187.54,184.02,185.58,22149204,179.74,176.76100000000002,177.195,162.6818,177.83939058330262,173.12167075616847,65.8595641646489,86.23188405797083,4.717719827134147,4.616315954666825,0.10140387246732185,177.195,3.4369011440069293,184.06880228801384,170.32119771198614,1.1099244382916997,0.0775846077821051,3.5278571428571417,12553927.1,1.7643245861827104,-10288392.0,0.011169835994115473,0.01896756115950541,0.018159872716200374,0.050908884987824976,0.061549021851046826,0.06477709564518919,88.8951841309409,89.00840842316451,0,0,-0.01390236016812163,AAPL,US,Technology
2024-08-19,183.61,180.91,177.73,179.14,7485220,180.496,177.19400000000002,177.2145,163.3016,178.0394860096176,173.56952158525817,53.63683935112502,62.796833773087,4.469964424359432,4.587045643788904,-0.1170812194294717,177.2145,3.447278827681537,184.10905765536307,170.3199423446369,0.6396391252064276,0.07781031072879684,3.9535714285714283,12718536.45,0.5885283610184283,-17773612.0,-0.03470201530337336,0.017751479289841776,-0.024345079243917444,0.02476975001430115,0.0021818181818180626,0.0215556569343065,52.40793200836214,80.16770537736288,1,1,0.053254437869822535,AAPL,US,Technology
2024-08-20,180.35,180.8,178.32,179.42,14559511,181.43,177.76600000000002,177.1885,163.9312,178.25187427716807,174.00473373459727,52.26293103448272,61.17841409691619,4.247140542570804,4.519064614596236,-0.2719240720254321,177.1885,3.4275451933743346,184.04359038674866,170.33340961325135,0.6627622593898147,0.07737624492232813,3.9257142857142884,12956233.35,1.123745573496824,-3214101.0,0.0015630233337053934,0.013822316352615072,-0.005156639866896869,0.032930339666090935,-0.002889852172946572,0.02672389127324748,53.99433427456122,65.09915013795477,1,1,0.029874038568721506,AAPL,US,Technology
2024-08-21,178.29,183.84,179.77,181.58,12119417,181.85,178.871,177.4405,164.5348,178.7638966785751,174.56807389769972,52.250067367286455,67.32623033992894,4.195822780875375,4.454416241043795,-0.2585934601684201,177.4405,3.5600701870656923,184.56064037413137,170.3203596258686,0.7906894935842002,0.08025383578260042,4.038571428571432,12644566.85,0.9584682642989654,8905316.0,0.012038791662022152,0.022414362815164547,0.018453082057218958,0.06479798275963189,0.028548770816812175,0.011700468018720933,66.23229461381133,57.5448536322449,1,1,0.007434739508756394,AAPL,US,Technology
2024-08-22,181.74,185.08,184.44,184.73,32650699,182.08999999999997,179.786,177.844,165.232,179.68176336869743,175.3235525576923,61.01786681104488,64.47876447876445,4.3582108110051365,4.435175153415004,-0.07696434240986783,177.844,3.9073431544090815,185.65868630881815,170.02931369118184,0.9405807045184398,0.08788248474814121,4.037857142857147,13403994.95,2.4358929323609653,41556015.0,0.017347725520431734,0.003464515779768042,0.016452074391897924,0.05211299692447868,0.04568096909317321,0.006538440581921101,84.07932010855075,68.10198299897444,1,1,0.006279434850863463,AAPL,US,Technology
2024-08-23,184.02,183.65,182.48,183.0,4960426,181.57399999999998,180.65699999999998,178.05900000000003,165.875,180.19226349594382,175.8940966594765,61.100569259962015,48.32384566729918,4.298166836467317,4.407773488178599,-0.1096066517112817,178.05900000000003,4.071766589318006,186.20253317863603,169.91546682136402,0.8033695504648385,0.09147005406736272,3.86571428571429,13038464.85,0.3804455261122611,36595589.0,-0.00936501921723587,0.006393442622915971,-0.005542875774342286,0.04997418096276318,0.02406267487409064,-0.01390236016812163,74.27762039239225,74.86307837158478,1,0,0.01732240437158472,AAPL,US,Technology
2024-08-26,182.39,188.83,188.57,188.68,7610900,183.48200000000003,181.989,178.738,166.5844,181.49807383889225,176.84415841997176,68.06560540279786,57.973251028806565,4.653915418920491,4.457001876981366,0.19691354193912503,178.738,4.6443826851700365,188.02676537034006,169.44923462965994,1.0351626186355525,0.10393721950886875,4.186428571428577,12980168.25,0.5863482866373256,44206489.0,0.031038251366120262,0.001377994488014847,0.03448653983203868,0.07595802919708028,0.07755568246716171,0.053254437869822535,99.20802533795097,85.85498861296468,1,0,0.020351918592325546,AAPL,US,Technology
2024-08-27,189.13,186.04,183.78,184.78,7958098,184.554,182.99200000000002,179.15900000000002,167.2088,182.0029871025433,177.43369798367334,66.8878881251481,66.68639053254441,4.5692891188699605,4.479459326327808,0.08982979254215273,179.15900000000002,4.7966083412072225,188.75221668241446,169.56578331758558,0.7929674261142776,0.10709165246915744,4.26428571428572,12174018.75,0.6536951773878961,36248391.0,-0.020669917320330744,0.012230760904793594,-0.023000052873563128,0.05739628040057232,0.04774325243819444,0.029874038568721506,73.47740667495232,82.32101746843186,1,1,0.045892412598766086,AAPL,US,Technology
2024-08-28,183.83,185.32,181.01,182.93,19353756,184.824,183.33700000000002,179.4185,167.83100000000002,182.14560484101702,177.84192106961157,59.42549371633749,59.501894964807846,4.303683771405446,4.4443042141301765,-0.14062044272473084,179.4185,4.855824798494636,189.13014959698927,169.70685040301072,0.6807880300998417,0.10825694782795696,4.0421428571428635,12924980.45,1.497391394708733,16894635.0,-0.010011906050438335,0.023560924943838855,-0.004895827666839525,0.019222197459326962,0.029199954990435373,0.007434739508756394,61.362147998601024,78.01586000383479,1,1,0.04635652982014982,AAPL,US,Technology
2024-08-29,183.26,188.17,184.06,185.89,6636772,185.05599999999998,183.573,179.7175,168.55579999999998,182.72166689803794,178.43955206339774,64.264633546483,61.18318629994806,4.282114834640197,4.411866337336669,-0.12975150269647173,179.7175,5.067192594471306,189.85188518894262,169.58311481105738,0.804532533751042,0.11278128383586714,4.272142857142861,12440258.8,0.5334914307818555,23531407.0,0.01618105286175031,0.022109849911118813,0.014351195023385598,0.012858933144444862,0.03323884164304358,0.006279434850863463,80.32128513518585,71.72027993624641,1,1,0.024100274355801865,AAPL,US,Technology
2024-08-30,186.23,186.45,185.95,186.17,22909612,185.69,183.632,180.1965,169.3064,183.25218066740584,179.0134912127525,63.55655881615245,54.390243902439025,4.238689454653326,4.377230960035057,-0.13854150538173116,180.1965,5.206863158117315,190.61022631623462,169.78277368376536,0.786808958571377,0.11558189327957913,4.07571428571429,12941096.2,1.7702990438863253,46441019.0,0.001506267147237672,0.002685717355091123,-0.00032218224775643073,0.0031792218989112886,0.054249957528738735,0.01732240437158472,81.94161574460666,74.54168295946452,1,1,0.005210291668904743,AAPL,US,Technology
2024-09-02,187.24,193.18,192.0,192.52,22234369,186.458,184.97,181.082,170.17100000000002,184.678001265047,180.01609771474017,69.48037711028283,72.64509990485253,4.661903550306818,4.434165479095355,0.22773807121146294,181.082,5.722941459368525,192.52788291873705,169.63611708126294,0.9996556438768132,0.12641657280871482,4.471428571428577,13380903.3,1.6616492055772343,68675388.0,0.0341086104098407,0.006129233326375844,0.028199102755670807,0.07469018644635494,0.10130999370745375,0.020351918592325546,95.72815533360985,85.99701873780081,0,0,-0.04737170164138793,AAPL,US,Technology
2024-09-03,192.21,193.46,193.1,193.26,15415776,188.154,186.35399999999998,182.06,171.09720000000002,185.99831051690185,180.99905597474452,66.55454108601633,64.24129353233826,4.999254542157331,4.547183293305231,0.4520712488520999,182.06,6.056615348003748,194.1732306960075,169.9467693039925,0.9623044124276934,0.13306855647523846,4.1042857142857185,13580621.7,1.1351302764636853,84091164.0,0.0038437564928317514,0.0018627755355383985,0.005462775089717081,0.07713744287147484,0.11260794473229718,0.045892412598766086,98.72854417681307,92.13277175167654,0,0,-0.04046362413329185,AAPL,US,Technology
2024-09-04,194.26,192.92,190.2,191.41,12444429,189.84999999999997,187.33700000000002,183.10399999999998,171.9942,186.83087906566342,181.77164046718056,59.994926433282586,73.62794012829653,5.059238598482864,4.649594355498803,0.40964424298406055,183.10399999999998,5.756698981003327,194.61739796200663,171.59060203799334,0.8607101928791343,0.12575801688596397,4.025714285714291,13648824.6,0.9117582248248524,71646735.0,-0.0095725965021215,0.014210333838283207,-0.014671059404845688,0.054135918052648835,0.12244179909693309,0.04635652982014982,86.96757787113995,93.80809246052097,0,0,-0.021211013008724744,AAPL,US,Technology
2024-09-05,193.03,191.99,189.07,190.37,4592828,190.74599999999998,187.901,183.8435,172.87599999999998,187.37535972734472,182.40962909068566,56.235355376204105,78.13918305597585,4.96573063665906,4.712821612302825,0.2529090243562351,183.8435,5.68885824730099,195.22121649460198,172.46578350539804,0.7868106268208394,0.12377610842417688,3.9478571428571496,13082145.25,0.35107603234446333,67053907.0,-0.005433362938195407,0.015338551242237104,-0.01378024141318042,0.030531045309370564,0.08423510650415755,0.024100274355801865,80.35600762362644,88.68404322385983,1,0,0.005935809213636567,AAPL,US,Technology
2024-09-06,191.85,187.92,186.51,187.14,10953508,190.94,188.315,184.486,173.665,187.33915050937753,182.76057350214455,61.363636363636374,54.63306152705708,4.57857700723298,4.68597269109455,-0.10739568386157039,184.486,5.2627813338966085,195.0115626677932,173.96043733220677,0.6260740201326622,0.11410689881873065,3.662857142857149,13067971.85,0.838194884985547,56100399.0,-0.01696695907968704,0.007534466175015829,-0.0245504300233279,0.022622950819672027,0.0737276952206094,0.005210291668904743,58.25627476497637,75.19328675324759,1,1,0.011488725018702572,AAPL,US,Technology
2024-09-09,187.67,185.25,181.91,183.4,4890278,189.11599999999999,187.78699999999998,184.88799999999998,174.3666,186.73312694134276,182.80800682921412,55.14743921365755,41.82890855457232,3.9251201121286385,4.5338021744203605,-0.608682062291722,184.88799999999998,4.817205566889751,194.52241113377949,175.25358886622047,0.4227768059842482,0.10421889072008352,3.8592857142857184,13044393.25,0.37489498602052757,51210121.0,-0.019985037939510453,0.018211559432834198,-0.022752704214723876,-0.027983888064447737,0.045848540145985384,-0.04737170164138793,26.515704892146378,55.0426624269164,1,1,0.06188658669574698,AAPL,US,Technology
2024-09-10,183.8,186.61,184.49,185.44,8341740,187.552,187.853,185.42249999999999,175.0894,186.53418422033326,183.00322995465132,55.00778412039438,21.993670886075805,3.5309542656819417,4.333232591743702,-0.8022783260617601,185.42249999999999,4.184657283331169,193.7918145666623,177.05318543333766,0.501045485825606,0.09027291258199183,3.7728571428571462,12919171.95,0.6456868432897634,59551861.0,0.011123227917120948,0.0114322691975225,0.008922742110941587,0.0035718151315076163,0.06117310443490709,-0.04046362413329185,35.58232931441106,40.11810299051128,1,1,0.04599870578084553,AAPL,US,Technology
2024-09-11,188.03,190.15,185.1,187.35,11068856,186.74,188.295,185.81599999999997,175.88,186.65969440148473,183.3256114898952,53.51206434316355,28.602461984069492,3.334082911589519,4.133402654972426,-0.7993197433829069,185.81599999999997,3.9604683401932785,193.73693668038652,177.89506331961343,0.5968319822074584,0.08525570112739399,3.883571428571433,12959405.6,0.8541175025714527,70620717.0,0.010299827437445952,0.02695489725099043,-0.0036164441844194566,0.024162247854370378,0.043848896813015514,-0.021211013008724744,50.92369477502616,37.673909660527876,1,1,0.06319722444622378,AAPL,US,Technology
2024-09-12,189.4,192.55,190.67,191.5,8568985,186.966,188.856,186.2145,176.75779999999997,187.4043571085127,183.93181570035924,60.699899295065464,50.27932960893855,3.472541408153461,4.001230405216838,-0.5286889970633775,186.2145,4.116250817122619,194.44700163424523,177.98199836575475,0.8210142089248171,0.08841955523550561,4.09428571428572,12845219.2,0.6670952203684294,79189702.0,0.022151054176674734,0.009817232375927973,0.011087645195295178,0.030179138200010724,0.04342614286492674,0.005935809213636567,84.25702810568212,56.921017398373124,1,1,0.033577023498694514,AAPL,US,Technology
2024-09-13,190.78,189.36,189.24,189.29,16086620,187.39600000000002,189.16799999999998,186.4,177.55100000000002,187.69445611617843,184.32913938468346,50.8413793103448,46.874999999999964,3.3653167314949712,3.8740476701708615,-0.5087309386758903,186.4,4.169404854663807,194.73880970932763,178.06119029067239,0.673286122364323,0.08947220718114683,3.8392857142857184,12542090.0,1.2826106906735089,63103082.0,-0.011540469973890355,0.0006339479106100196,-0.007810042981403706,0.016758876295858594,0.01999137838129106,0.011488725018702572,66.50602409104361,67.22891565725064,1,1,0.033863384225262916,AAPL,US,Technology
2024-09-16,190.15,197.14,192.83,194.75,9374535,189.666,189.391,187.1805,178.377,188.77992472666634,185.10181331586858,63.18434276646391,69.5028190671451,3.6781114107977544,3.834860418221896,-0.15674900742414177,187.1805,4.199787557282427,195.58007511456486,178.78092488543513,0.9505882676091496,0.08974839916038257,4.050000000000003,12636555.75,0.741858338902328,72477617.0,0.028844629932907262,0.022130937098730902,0.02419142782001474,0.0115832121338042,0.08713855085408073,0.06188658669574698,85.18288902137746,78.64864707270108,1,1,0.009756097560975618,AAPL,US,Technology
2024-09-17,195.32,195.22,192.98,193.97,4610304,191.372,189.462,187.90800000000002,179.24779999999998,189.57839804523576,185.75931352803642,65.0244964616222,81.93353474320237,3.819084517199343,3.831705238012597,-0.01262072081325405,187.90800000000002,4.04197007723354,195.9919401544671,179.82405984553293,0.8749409250497269,0.08604146874453525,3.9021428571428607,12139095.4,0.3797897181210292,67867313.0,-0.004005134788189979,0.011548177553170393,-0.006911734589356352,0.0036738073062196897,0.08109463827889885,0.04599870578084553,79.1858174603293,76.95824352425014,1,1,0.03186059699953603,AAPL,US,Technology
2024-09-18,194.04,199.22,199.16,199.19,5885881,193.73999999999998,190.23999999999998,188.7885,180.14520000000002,191.05710635104356,186.75501700065328,67.05128205128207,84.84541307653316,4.3020893503902755,3.925782060602358,0.3763072897879174,188.7885,4.484753440384474,197.75800688076896,179.81899311923104,1.079825632400231,0.09502175059096768,3.902857142857148,11827418.6,0.4976470945530672,73753194.0,0.0269113780481518,0.0003012199407585775,0.026540919397925505,0.04064573428765472,0.09698204648088993,0.06319722444622378,99.8266897689297,88.06513208354549,1,0,0.008183141723982157,AAPL,US,Technology
2024-09-19,199.34,199.94,196.32,197.93,5289009,195.026,190.996,189.4485,180.94620000000003,192.11447479396975,187.58343893899274,64.70735367683844,77.72536687631029,4.531035854977006,4.046832819594869,0.48420303538213716,189.4485,4.815167128321886,199.07883425664377,179.81816574335622,0.9403533549839372,0.10166704150830379,4.121428571428576,10459334.1,0.5056735394203021,68464185.0,-0.006325618755961604,0.018289294194825015,-0.007073342028659192,0.039712139517781075,0.07145563795810106,0.033577023498694514,88.85191347260948,89.28814023395618,1,1,0.005709089071894047,AAPL,US,Technology
2024-09-20,198.4,198.62,193.37,195.7,8536660,196.308,191.852,190.0835,181.65959999999998,192.66609413997256,188.1850997131868,54.43390964863355,62.23776223776218,4.48099442678577,4.133665141100523,0.34732928568524724,190.0835,4.757069282434498,199.597638564869,180.569361435131,0.7951659764523394,0.10010483355808315,3.9957142857142895,10638145.8,0.8024574355375506,59927525.0,-0.011266609407366346,0.026826775676919642,-0.013608870967673428,0.04574115635353215,0.06939890710382501,0.033863384225262916,76.48363837623491,88.38741387259137,0,1,-0.004241185487991794,AAPL,US,Technology
2024-09-23,196.6,199.68,194.23,196.65,18659912,196.68800000000002,193.177,190.482,182.37580000000003,193.2790028123614,188.81254846775738,54.6991960077627,73.14465408805032,4.466454344604017,4.200222981842598,0.26623136276141945,190.482,4.962689847885191,200.40737969577037,180.55662030422963,0.8107185915425349,0.10421330829913869,4.317857142857148,11190596.4,1.667463436759864,78587437.0,0.004854368932038833,0.0277142130687633,0.0002543234994901172,0.07224645583424216,0.04224083103667575,0.009756097560975618,81.75263449352458,82.36272878078967,0,1,-0.030816170861937442,AAPL,US,Technology
2024-09-24,196.86,200.25,200.07,200.15,12877197,197.924,194.648,191.2505,183.17600000000002,194.3360794173826,189.65287941284683,61.585365853658544,69.36872309899567,4.683200004535763,4.29681838642927,0.3863816181064932,191.2505,5.216790175656739,201.68408035131347,180.8169196486865,0.926483512821808,0.10910905175420642,4.356428571428576,11436551.35,1.125968439256084,91464634.0,0.01779811848461743,0.0008993255058661379,0.016712384435554607,0.07932484900776537,0.08317999783526364,0.03186059699953603,99.45474372413008,85.89700553129653,0,0,-0.03917062203347488,AAPL,US,Technology
2024-09-25,200.48,203.11,199.0,200.82,11850141,198.25,195.995,192.145,183.9098,195.33360575238083,190.48054750158693,63.98929049531456,74.76500361532895,4.853058250793907,4.408066359346458,0.4449918914474491,192.145,5.2486845469765395,202.64236909395308,181.64763090604694,0.9131987701606088,0.10926507683154321,4.441428571428576,11061370.6,1.0713084623248712,103314775.0,0.0033474893829628094,0.020466089034854834,0.0016959297685470247,0.07189751801441147,0.09779697151916023,0.008183141723982157,89.19811320333962,90.1351638069981,0,0,-0.025993426949507015,AAPL,US,Technology
2024-09-26,202.2,201.73,196.92,199.06,5258755,198.476,196.751,192.8035,184.49880000000002,195.9068972195966,191.11639965530821,66.61092530657751,49.373191899710726,4.790497564288387,4.484552600359188,0.3059449639291989,192.8035,5.248783593415917,203.30106718683186,182.30593281316817,0.7979976163929747,0.10889394836481077,4.509285714285718,10992469.75,0.4783960876129691,98056020.0,-0.008764067323971725,0.024163568773112824,-0.015529179030585843,0.03947780678851176,0.07084835117542632,0.005709089071894047,80.89622641127843,89.84969444624939,0,0,-0.01929066613081487,AAPL,US,Technology
2024-09-27,199.37,195.32,194.52,194.87,32693197,198.31,197.309,193.2385,184.8998,195.7473745599492,191.39458070171122,65.78585191301954,38.49624060150376,4.3527938582379875,4.458200851928238,-0.10540699369025042,193.2385,5.025867063186978,203.29023412637395,183.18676587362603,0.5811551508877506,0.10403448718885669,4.4600000000000035,11481649.0,2.847430203847008,65362823.0,-0.02104892997086305,0.0041053009698562,-0.022571098961616236,0.02947857784352048,0.0467314819788367,-0.004241185487991794,55.746509126973834,75.28028291386397,0,1,-0.014984348540052372,AAPL,US,Technology
2024-09-30,195.4,194.86,187.18,190.59,9859678,197.098,196.893,193.142,185.1366,194.95393227585598,191.33495502569264,56.676173191599695,33.3550488599349,3.61897725016334,4.290356131541067,-0.671378881377727,193.142,5.0588095125430605,203.25961902508612,183.02438097491387,0.3738833714707818,0.10476870929195871,4.780000000000003,10862914.45,0.907645654187615,55503145.0,-0.021963360188843817,0.040295923185685034,-0.02461617195483821,-0.02136071887034663,-0.010024932474548165,-0.030816170861937442,30.483064962216393,55.70860016682289,1,1,0.022404113542158655,AAPL,US,Technology
2024-10-01,191.52,192.83,191.89,192.31,33483119,195.53,196.727,193.09449999999998,185.38400000000001,194.54717344505562,191.40721099340638,56.4616988014591,36.53846153846151,3.1399624516492395,4.060277395525207,-0.9203149438759679,193.09449999999998,5.062102200093967,203.2187044001879,182.97029559981206,0.4612562148366604,0.10486269054929571,4.579285714285717,11766281.6,2.8456837336203367,88986264.0,0.009024607796841444,0.004887941344678582,0.004124895572242414,-0.008558024436768563,-0.004915657663251527,-0.03917062203347488,32.20338982848688,39.47765463922571,0,0,-0.007019915761010798,AAPL,US,Technology
2024-10-02,193.85,197.06,194.42,195.6,6480997,194.48600000000002,196.368,193.304,185.7652,194.70914676764667,191.71790904886424,55.463752665245195,35.70081709616588,2.991237718782429,3.846469460148777,-0.8552317413663482,193.304,5.075404469232118,203.45480893846423,183.15319106153578,0.6130944348034529,0.10502430305023912,4.547142857142859,11468110.0,0.5651320431063146,95467261.0,0.01710779470646351,0.013496932515268498,0.009027598658710202,-0.018022993122144726,0.02189018337599924,-0.025993426949507015,52.856246073266924,38.514233621323406,0,0,-0.03435582822085892,AAPL,US,Technology
2024-10-03,196.78,195.62,194.89,195.22,7528244,193.718,196.097,193.54649999999998,186.13639999999998,194.78773957527056,191.97741684248894,58.307649201457004,32.074263764404606,2.8103227327816285,3.639240114653734,-0.8289173818721056,193.54649999999998,5.0436069747527865,203.63371394950556,183.4592860504944,0.582951546769715,0.10423556044106679,4.437857142857147,11614880.8,0.6481550247028772,87939017.0,-0.0019427402862985943,0.003739370966070479,-0.00792763492220792,-0.013691709190117751,0.025476703262068634,-0.01929066613081487,50.470809789675336,45.17681523047639,0,0,-0.021872758938633385,AAPL,US,Technology
2024-10-04,195.58,193.43,190.77,191.95,36686756,193.134,195.72199999999998,193.787,186.4014,194.35116424355905,191.97538528644185,45.82089552238804,29.246935201401,2.3757789571172054,3.386547883125345,-1.0107689260081396,193.787,4.832293887018017,203.45158777403603,184.12241222596398,0.40496231999981974,0.09974443872897718,4.195000000000003,12901543.2,2.84359417998971,51252261.0,-0.016750332957688796,0.013857775462287778,-0.018560179977408036,-0.019161982626469065,0.02570268248370211,-0.014984348540052372,29.94350282297894,44.42351956197374,0,0,-0.040479291482156676,AAPL,US,Technology
2024-10-07,192.15,197.43,192.8,194.86,5842087,193.988,195.543,194.35999999999999,186.7966,194.42944666951422,192.18912657973672,51.2489475161381,49.96845425867511,2.240320089777498,3.157302324440474,-0.9169822346629761,194.35999999999999,4.169849170563406,202.6996983411268,186.02030165887317,0.5299771034285692,0.08581702347277127,4.426428571428575,12949133.65,0.45115655662751175,57094348.0,0.01516019796822099,0.023760648670718643,0.014103564923163697,-0.009102466310704216,0.06248636859323886,0.022404113542158655,48.21092278416757,42.87507846560729,0,0,-0.048085805193472275,AAPL,US,Technology
2024-10-08,193.69,191.77,190.31,190.96,12328800,193.71800000000002,194.624,194.636,187.0886,193.89568563254642,192.09805407671655,38.006412124745005,51.19586296056885,1.7976315558298666,2.8853681707038312,-1.0877366148739647,194.636,3.7051548728176,202.0463097456352,187.2256902543648,0.2519671831250252,0.07614531479887719,4.376428571428576,13148486.65,0.9376591687333714,44765548.0,-0.020014369290772938,0.0076455802261853915,-0.014094687386988979,-0.04591556332750435,0.02976704055220014,-0.007019915761010798,23.728813557832463,33.961079721659665,0,0,-0.037180561374109744,AAPL,US,Technology
2024-10-09,191.23,189.37,188.49,188.88,8444222,192.374,193.43,194.7125,187.3114,193.12404167575804,191.8596164546808,37.119271278109885,39.166140240050545,1.2644252210772322,2.5611795807646627,-1.2967543596874305,194.7125,3.5597455186964937,201.83199103739298,187.59300896260703,0.09038504512071502,0.07312823817018847,4.294285714285719,13017254.95,0.6486944738917882,36321326.0,-0.010892333472978688,0.004659042778459003,-0.012288866809536713,-0.05945622945921725,0.00816653322658123,-0.03435582822085892,10.671688637120345,27.5371416597068,0,0,-0.02408936891147806,AAPL,US,Technology
2024-10-10,187.92,190.99,190.93,190.95,6658398,191.52,192.619,194.685,187.53220000000002,192.78957372075624,191.79222090546048,43.20846439805548,34.08624229979469,0.9973528152957556,2.2484142276601924,-1.2510614123644368,194.685,3.587882383800373,201.86076476760076,187.50923523239925,0.2397489939258018,0.07371666813122629,4.070000000000006,12921725.6,0.5152870205441431,42979724.0,0.01095933926302406,0.0003142183817737002,0.016123882503107055,-0.04074148497940322,-0.002872062663185404,-0.021872758938633385,23.666038918790456,19.355513704581096,0,0,-0.03514008902854138,AAPL,US,Technology
2024-10-11,189.99,184.53,183.9,184.18,29462695,189.966,191.55,194.42950000000002,187.68400000000003,191.4650239011931,191.22822443148002,34.71439078205442,23.714285714285765,0.23679946971307686,1.8460912760597696,-1.6092918063466928,194.42950000000002,4.132849755949069,202.69519951189815,186.16380048810188,-0.1200019723150035,0.08502515834125604,4.184285714285717,13590529.35,2.1678841252872814,13517029.0,-0.03545430741031674,0.0034205668367715,-0.03058055687125334,-0.05485708420998614,-0.02699561519361815,-0.040479291482156676,1.4575741800386532,11.931767245316495,1,1,0.004343576935606386,AAPL,US,Technology
2024-10-14,184.77,186.7,184.51,185.49,6052791,188.092,191.04000000000002,193.9665,187.8976,190.5457894452428,190.80308124946808,31.01036269430051,33.03571428571436,-0.2572918042252752,1.4254146599935595,-1.6827064642188347,193.9665,4.588618958614202,203.1437379172284,184.7892620827716,0.03817804025080091,0.09462704041348478,4.107142857142859,13424442.15,0.4508783666010012,19569820.0,0.0071126072320555345,0.011806566391655567,0.003896736483174228,-0.02675901149063431,-0.04754813863928109,-0.048085805193472275,8.276939093790908,11.133517397540016,1,0,0.00943447086096283,AAPL,US,Technology
2024-10-15,185.39,184.33,183.49,183.86,15663021,186.672,190.195,193.46099999999998,188.10080000000002,189.51720644456543,190.28867864269043,28.56420626895857,19.031531531531513,-0.7714721981249966,0.98603728836216,-1.7575094864871565,193.46099999999998,5.1149099904604105,203.6908199809208,183.23118001907918,0.03073465525604986,0.10575588858599855,3.9564285714285723,13977078.0,1.120621912489727,3906799.0,-0.008787535716211048,0.004568693571170644,-0.008252872323165867,-0.043939472726327256,-0.05212146208176516,-0.037180561374109744,2.0285087718186396,3.9210073485494097,1,1,0.006526705101707719,AAPL,US,Technology
2024-10-16,184.29,185.73,183.21,184.33,17369944,185.762,189.068,192.718,188.3768,188.71917467788796,189.84721534399333,30.755160700287448,26.86671318911374,-1.1280406661053632,0.5632216974627366,-1.6912623635681,192.718,5.314312947620679,203.34662589524135,182.08937410475863,0.10540524792292982,0.11030236817719369,3.7928571428571423,14551281.15,1.193705394544906,21276743.0,0.0025562928315021605,0.013671133293475347,0.00021704921590864082,-0.05761758691206531,-0.07460213866157928,-0.02408936891147806,7.876230660486936,6.060559508698837,1,1,0.02837302663700969,AAPL,US,Technology
2024-10-17,183.76,188.62,180.73,184.24,6029622,184.42000000000002,187.97,192.0335,188.55,188.03007087692407,189.4317966205346,34.4454199590284,31.19935170178283,-1.401725743610541,0.17023220924368024,-1.5719579528542214,192.0335,5.486525384016693,203.00655076803338,181.06044923196663,0.1448799807411421,0.11428267222100554,4.032142857142858,14588311.8,0.4133186669811467,15247121.0,-0.00048825476048397487,0.042824576638933944,0.0026121027426937644,-0.056244237270771436,-0.0691658667205578,-0.03514008902854138,21.01796407059782,10.30756783430114,1,1,0.04195614415979154,AAPL,US,Technology
2024-10-18,185.32,187.15,183.25,184.98,3872779,184.57999999999998,187.273,191.4975,188.7638,187.56082920103566,189.10198286202854,40.842311459353546,22.888283378746507,-1.541153660992876,-0.1720449648066974,-1.3691086961861787,191.4975,5.631209905516399,202.7599198110328,180.2350801889672,0.21065276780812037,0.11762471897517188,3.7614285714285733,14355117.75,0.26978383581814674,19119900.0,0.004016500217107977,0.021083360363168574,-0.001834664364332877,-0.03631153946340193,-0.054777721001533,0.004343576935606386,25.449101794883262,18.11443217532268,1,1,0.052978700400043266,AAPL,US,Technology
2024-10-21,185.11,188.11,186.54,187.24,4105243,184.93,186.51100000000002,191.027,189.0014,187.5114708621909,188.9640384371478,41.867179980750734,73.53846153846156,-1.4525675749569018,-0.4281494868385738,-1.024418088118328,191.027,5.570838640445518,202.16867728089102,179.88532271910896,0.3300525179083641,0.11665028797848165,3.825000000000003,13627384.3,0.30124949941791107,23225143.0,0.012217537031030457,0.008384960478485562,0.011506671708651552,-0.03910499846043314,-0.047851512840071164,0.00943447086096283,38.982035925809534,28.483033930430214,1,1,0.06109805597094642,AAPL,US,Technology
2024-10-22,188.33,187.89,182.8,185.06,6704596,185.17000000000002,185.921,190.27249999999998,189.20759999999999,187.13432149732932,188.67481202676888,32.468396540252854,47.08276797829033,-1.540490529439552,-0.650617695360045,-0.8898728340795069,190.27249999999998,5.284740570238351,200.8419811404767,179.70301885952327,0.2534174132592143,0.11109835778077404,3.8492857142857155,13318754.25,0.5033950901680545,16520547.0,-0.011642811365092931,0.02750459310479018,-0.01736313917051265,-0.030896522832006723,-0.07539345490881844,0.006526705101707719,25.928143711022315,30.119760477238383,1,1,0.0883497244137037,AAPL,US,Technology
2024-10-23,185.67,192.94,186.86,189.56,11177663,186.21599999999998,185.989,189.7095,189.40920000000003,187.50750280664445,188.7403895633109,41.72030427150382,77.83203124999991,-1.2328867566664599,-0.767071507621862,-0.4658152490445978,189.7095,4.6654367144811415,199.04037342896228,180.3786265710377,0.49198896000303993,0.09837012304510957,4.359999999999999,13285130.35,0.8413663896518419,27698210.0,0.02431643791202842,0.032074277273517145,0.020951149889476297,0.003600169419737398,-0.05607011253859173,0.02837302663700969,52.874251493839886,39.26147704355726,1,1,0.07812829710909486,AAPL,US,Technology
2024-10-24,189.71,192.15,191.82,191.97,11826066,187.762,186.091,189.355,189.578,188.19404083827808,188.97964718443117,50.03001200480194,81.36288998357956,-0.785606346153088,-0.7707784753281208,-0.014827870824967171,189.355,4.159480610287177,197.67396122057434,181.03603877942564,0.65717106559383,0.08786629579921755,4.227142857142858,13613495.9,0.8687015604344832,39524276.0,0.012713652669339437,0.0017190185966468382,0.011912919719509136,0.005341712490180672,-0.035617401788405556,0.04195614415979154,67.30538921752661,48.70259480746294,1,1,0.06667708496119196,AAPL,US,Technology
2024-10-25,191.52,196.49,193.42,194.78,9098065,189.722,187.151,189.3505,189.762,189.20726532705285,189.40934821114647,49.87959060806741,85.36912751677848,-0.2020828840936133,-0.6570393570808855,0.45495647298727215,189.3505,4.153244102979492,197.656988205959,181.044011794041,0.8268228320169102,0.08773663872992288,4.158571428571428,12433739.3,0.7317239045116617,48622341.0,0.014637703807886648,0.015761371804005855,0.017021720969000467,0.05755239439678572,-0.0004618463591111732,0.052978700400043266,89.14974618723666,69.77646229953439,1,1,0.027774925557038754,AAPL,US,Technology
2024-10-28,194.81,200.46,197.27,198.68,9487088,192.01000000000002,188.47,189.755,190.15279999999998,190.66460912575826,190.09613014202532,61.61950632149308,87.92912513842745,0.5684789837329447,-0.4119356889175438,0.9804146726504885,189.755,4.645145173640649,199.04529034728128,180.4647096527187,0.9803402081847468,0.09791879367850467,4.239285714285714,12415109.8,0.7641565309268121,58109429.0,0.020022589588253537,0.016055969397946155,0.01986550998398511,0.0711089546606285,0.04244713783514342,0.06109805597094642,90.97820577339189,82.47778039271839,1,1,0.006090195288906752,AAPL,US,Technology
2024-10-29,199.49,202.78,200.32,201.41,16274651,195.28,190.225,190.20999999999998,190.59260000000003,192.3177461860861,190.93427026659649,68.49719515795691,88.23529411764703,1.3834759194896264,-0.05285336723543512,1.4363292867250617,190.20999999999998,5.307098523376828,200.82419704675362,179.59580295324633,1.027595255186917,0.1116050370295762,4.355714285714285,11554686.4,1.4084890777746182,74384080.0,0.01374068854439292,0.01221389206090956,0.009624542583539841,0.09545306211247673,0.047319432166814,0.0883497244137037,93.78684806830898,91.3049333429792,0,0,-0.01921453751055069,AAPL,US,Technology
2024-10-30,202.1,207.78,201.64,204.37,14682577,198.24200000000002,192.22899999999998,190.6485,191.04840000000002,194.17193908314644,191.92959273337564,69.30379746835446,100.0,2.2423463497707985,0.40618657616650145,1.836159773604297,190.6485,6.081674176529026,202.81184835305805,178.48515164694197,1.0640510984578584,0.12759972780267603,4.659999999999998,11964765.4,1.2271511627673732,89066657.0,0.014696390447346275,0.030043548465870585,0.011232063334927156,0.10871806000108486,0.044836400817996,0.07812829710909486,87.39371533872853,90.71958972680982,0,0,-0.05499828741987578,AAPL,US,Technology
2024-10-31,203.17,204.83,204.72,204.77,12084966,200.802,194.28199999999998,191.12600000000003,191.44920000000002,195.8024099953751,192.88080765966822,86.26276858048607,100.0,2.921602335706865,0.9092697280751789,2.012332607631686,191.12600000000003,6.792823147688722,204.71164629537748,177.5403537046226,1.0021476233942672,0.14216429261645575,4.189285714285715,12192601.5,0.9911719831758642,101151623.0,0.00195723442775364,0.0005371880646553521,0.007875178421972474,0.11143074250976981,0.04891916811802077,0.06667708496119196,88.87245840706574,90.01767393803443,0,0,-0.05215607755042251,AAPL,US,Technology
2024-11-01,205.8,203.66,197.42,200.19,7345600,201.88400000000001,195.803,191.53799999999998,191.79300000000003,196.4774238429213,193.422268131428,73.21541377132024,73.6478711162255,3.055155711493285,1.3384469247592128,1.716708786734072,191.53799999999998,7.088867179932419,205.71573435986483,177.36026564013514,0.8051263262375502,0.14804095646598403,4.534285714285717,10725543.7,0.6848696458278711,93806023.0,-0.0223665576012112,0.031170388131119633,-0.0272594752185265,0.08222510541680195,0.042927845793175434,0.027774925557038754,71.94085027460478,82.73567467346636,0,0,-0.03871322243868325,AAPL,US,Technology
2024-11-04,199.98,200.52,199.39,199.89,14751894,202.126,197.06799999999998,191.7895,192.0172,197.002435559843,193.90139118465066,76.42598087701937,67.18224613315391,3.1010443751923447,1.6909664148461103,1.4100779603462343,191.7895,7.2990406543374124,206.38758130867484,177.19141869132517,0.7774508453521508,0.15223024522821865,4.472142857142862,11171034.05,1.3205485377113735,79054129.0,-0.0014985763524651974,0.005653109210037375,-0.0004500450044982167,0.06756035035248864,0.025813404495535153,0.006090195288906752,70.83179297335182,77.21503388500746,0,0,-0.0526789734353893,AAPL,US,Technology
2024-11-05,200.7,198.72,196.59,197.54,10948362,201.352,198.31599999999997,192.1185,192.27239999999998,197.08513778146533,194.17093433023084,70.50605402049048,45.72072072072067,2.914203451234499,1.9356138221239385,0.9785896291105607,192.1185,7.407177369209774,206.93285473841956,177.30414526158046,0.6829813074901224,0.15422101191027873,4.527857142857148,11102012.15,0.9861600641321524,68105767.0,-0.011756466056330961,0.010782626303478855,-0.015744892874859254,0.06743758780935916,0.03445747800586507,-0.01921453751055069,62.144177446870806,68.30560689827581,0,0,-0.05695049103978944,AAPL,US,Technology
2024-11-06,196.86,195.82,190.97,193.13,6880336,199.10399999999998,198.673,192.331,192.47639999999998,196.4766550454835,194.09382369523675,62.16808102929097,22.40000000000005,2.382831350246761,2.0250573277485473,0.35777402249821355,192.331,7.370250941952685,207.07150188390537,177.5904981160946,0.5271021979361945,0.15328264173564055,4.433571428571432,11023817.85,0.6241336231681638,61225431.0,-0.02232459248759744,0.025112618443405385,-0.01894747536310612,0.018833087149187522,0.022501058873358737,-0.05499828741987578,41.35308246431728,58.10968429484665,0,0,-0.030445813700616164,AAPL,US,Technology
2024-11-07,193.73,194.15,194.04,194.09,7494258,196.96800000000002,198.885,192.488,192.6404,196.1094773459885,194.09354044362695,62.394557823129254,10.461538461538538,2.0159369023615454,2.023233242671146,-0.007296340309600691,192.488,7.3727282674223895,207.23345653484478,177.74254346515522,0.5543218175598706,0.15320909911026323,4.227857142857147,11065610.85,0.6772565404957702,68719689.0,0.004970745093978213,0.0005667473852308048,0.0018582563361284026,0.011043392196697477,0.016444095312909246,-0.05215607755042251,45.196156923731124,49.56447227830642,0,0,-0.028852594157349643,AAPL,US,Technology
2024-11-08,193.33,194.78,190.56,192.44,18484064,195.41799999999998,198.651,192.901,192.7658,195.5449423694356,193.971049989947,57.19424460431652,6.736842105263193,1.5738923794885977,1.9333650700346081,-0.3594726905460104,192.901,7.109494689274902,207.1199893785498,178.68201062145022,0.48378928388612313,0.14742266114199595,4.305714285714288,10516679.3,1.7575949323095805,50235625.0,-0.008501210778504853,0.021928912907805395,-0.004603527647004661,-0.0120135537529521,0.044847431860136844,-0.03871322243868325,38.590872696613616,41.71337069488735,1,0,0.0016628559551028488,AAPL,US,Technology
2024-11-11,192.56,190.03,188.82,189.36,25160519,193.31199999999998,197.719,193.0945,192.7026,194.59341277378562,193.6294753003117,55.804535637149044,7.529411764705941,0.9639374734739192,1.7394795507224214,-0.7755420772485022,193.0945,6.948003480742288,206.99050696148458,179.19849303851544,0.3656268663826774,0.14392959883800532,4.20071428571429,11472065.7,2.193198458303943,25075106.0,-0.016004988567865253,0.006389945078124303,-0.01661819692554721,-0.046909603382323306,0.020863658418243558,-0.0526789734353893,11.950286806312135,31.91243880888564,1,0,0.01848331220954802,AAPL,US,Technology
2024-11-12,189.08,187.24,185.52,186.29,15346214,191.06199999999998,196.20700000000002,193.216,192.5632,193.3159646543415,193.08578772079142,45.40859309182813,6.185567010309342,0.23017693355009783,1.437619027287896,-1.207442093737798,193.216,6.797639992943883,206.81127998588778,179.62072001411224,0.2452792436994806,0.1407262337054634,3.912142857142862,11456225.35,1.3395522688847712,9728892.0,-0.01621250528094642,0.009232916420584927,-0.014755658980247856,-0.07507075120401174,0.01321657783095831,-0.05695049103978944,3.4591194966998695,18.000092999875218,1,1,0.05384078587149066,AAPL,US,Technology
2024-11-13,186.03,188.91,185.91,187.25,3537962,189.88600000000002,194.495,193.36200000000002,192.48,192.38273932265705,192.65349040535904,43.0913348946136,13.588110403397124,-0.27075108270199166,1.0959450052898634,-1.366696087991855,193.36200000000002,6.625930401399974,206.61386080279996,180.11013919720008,0.26939087682772705,0.13706789134091915,3.941428571428576,10764626.25,0.3286655373970334,13266854.0,0.005153255676633162,0.01602136181566878,0.006558082029744884,-0.08376963350785338,0.01584115445125578,-0.030445813700616164,7.771787960118026,7.727064754376687,1,1,0.07359145527369826,AAPL,US,Technology
2024-11-14,186.72,191.7,185.92,188.49,13414241,188.766,192.86700000000002,193.5745,192.44240000000002,191.78385634980626,192.34507264803497,40.349800552316694,28.8321167883213,-0.5612162982287145,0.7645127445861052,-1.3257290428148196,193.5745,6.381628628128895,206.3377572562578,180.8112427437422,0.30081495271091985,0.1318692002943761,4.031428571428576,11133857.2,1.204815146648805,26681095.0,0.006622162883845206,0.030664756750858595,0.009479434447250058,-0.07950383356937052,0.023067737733391214,-0.028852594157349643,13.342318058699806,8.191075171839243,1,1,0.0875908536261869,AAPL,US,Technology
2024-11-15,188.35,193.04,192.53,192.76,6365887,188.83,192.124,193.9635,192.5548,191.9340322960184,192.3758090280725,41.01941747572814,45.339873861247334,-0.44177673205410883,0.5232548492580374,-0.9650315813121463,193.9635,6.059138617778888,206.08177723555778,181.84522276444224,0.45034360177373145,0.12495420257414712,3.950714285714288,11258512.6,0.5654287258666189,33046982.0,0.02265372168284774,0.002645777132171328,0.023413857180656136,-0.03711474099605383,0.04205860092983027,0.0016628559551028488,32.524707994944904,17.879604671254256,1,1,0.02386387217265007,AAPL,US,Technology
2024-11-18,191.11,195.19,190.99,192.86,14423144,189.53000000000003,191.421,194.24450000000002,192.74399999999997,192.07648886588456,192.41167612877408,35.90504451038582,51.65094339622647,-0.3351872628895194,0.3515664268285119,-0.6867536897180313,194.24450000000002,5.857892089892731,205.96028417978548,182.52871582021456,0.44091304605842147,0.12062925004028575,3.9578571428571445,11774407.65,1.2249569748031464,47470126.0,0.0005187798298402768,0.021777455148699634,0.009157029982684542,-0.03516934313872622,0.030014954069643274,0.01848331220954802,32.973944293217734,26.28032344895416,1,1,0.044903038473504076,AAPL,US,Technology
2024-11-19,193.69,196.44,196.22,196.32,8286324,191.536,191.29900000000004,194.8075,192.9616,192.72933673276023,192.70118984282655,36.944534544275065,76.56488549618308,0.028146889933680086,0.2868825194495413,-0.2587356295158612,194.8075,5.456026966863665,205.71955393372733,183.89544606627268,0.5693040929148911,0.11202909470807138,3.758571428571429,11853494.05,0.6990616662045174,55756450.0,0.017940474955926433,0.0011206193968973017,0.013578398471714685,-0.006175964361648245,0.060845131308764566,0.05384078587149066,55.9295701679994,40.476074152054025,1,1,0.0329563977180114,AAPL,US,Technology
2024-11-20,197.25,202.11,200.17,201.03,30489560,194.292,192.089,195.381,193.2352,194.00636185094393,193.3181550065631,44.678429140580526,100.0,0.6882068443808294,0.36714738443580314,0.3210594599450262,195.381,5.478193997447494,206.33738799489498,184.42461200510502,0.7577948134857172,0.11215407838877788,4.139285714285715,12819088.9,2.378449658895051,86246010.0,0.0239914425427874,0.009650300950059075,0.01916349809876217,0.04090508983586183,0.060508546106773586,0.07359145527369826,85.50165379903521,58.13505608675079,1,1,0.016564691837039236,AAPL,US,Technology
2024-11-21,200.59,205.64,204.5,205.0,10577269,197.594,193.18,196.0325,193.5052,195.69769079711708,194.18349797871178,56.96495800752969,100.0,1.5141928184052915,0.5965564712297104,0.9176363471755811,196.0325,5.8155995979946855,207.66369919598938,184.40130080401062,0.885493354898721,0.11866602931585374,3.943571428571427,12756649.05,0.8291572598246512,96823279.0,0.01974829627418795,0.005560975609728905,0.021985143825604524,0.05621103611726519,0.06787518883158827,0.0875908536261869,96.81908548226552,79.41676981643339,1,0,0.003707317073170735,AAPL,US,Technology
2024-11-22,203.61,198.54,196.42,197.36,47116473,198.514,193.672,196.1615,193.6666,195.95343067450474,194.41879974242502,46.97874373059473,68.36438923395448,1.5346309320797218,0.7841713633997189,0.7504595686800029,196.1615,5.814969135998658,207.7914382719973,184.53156172800269,0.5515264987405075,0.11857513601739401,4.475714285714283,14657569.45,3.2144804052434215,49706806.0,-0.03726829268292675,0.010741791649722653,-0.030695938313291607,0.025566410309707077,0.013245713112229218,0.02386387217265007,58.8469184861409,80.3892192558139,1,1,0.049858127280097086,AAPL,US,Technology
2024-11-25,196.73,202.66,200.61,201.52,5446963,200.246,194.88799999999998,196.3035,193.80200000000002,196.8098259554098,194.94482558363234,54.555860805860824,68.21963394342767,1.8650003717774553,1.000337165075272,0.8646632067021833,196.3035,5.913547581611683,208.13059516322338,184.47640483677665,0.7205317504969563,0.12049805696957122,4.6185714285714266,14455563.2,0.37680736114056346,55153769.0,0.021078232671260633,0.010172687574383735,0.024348091292510917,0.06421630756231522,0.014294342661566262,0.044903038473504076,79.52286281910929,78.39628892917192,1,1,0.03433902342199269,AAPL,US,Technology
2024-11-26,202.46,204.01,201.83,202.79,2442297,201.54000000000002,196.53799999999998,196.3725,193.9784,197.72985273155481,195.52596087419786,61.9141588554514,69.69456564855216,2.2038918573569504,1.2410481035316128,0.9628437538253376,196.3725,5.983899340377881,208.34029868075575,184.40470131924425,0.7681153055135875,0.12188874389942385,4.327142857142854,13763945.5,0.1774416225753275,57596066.0,0.006302104009527465,0.010750036984019077,0.0016299515953687351,0.08857158194213333,0.006851695546397973,0.0329563977180114,85.83499005537601,74.73492378687541,1,1,0.022634252182060166,AAPL,US,Technology
2024-11-27,203.42,208.97,200.67,204.36,10700073,202.20600000000002,198.249,196.37199999999999,194.08180000000002,198.74987538828952,196.1803458825586,62.47873633049819,67.23842195540314,2.5695295057309124,1.5067443839714774,1.062785121759435,196.37199999999999,5.9831962941827515,208.33839258836548,184.4056074116345,0.8337680900981267,0.12187473354963597,4.847142857142854,13564820.3,0.7888104651994199,68296139.0,0.007741999112382381,0.04061460168310529,0.00462098122109628,0.09137516688918557,-4.8930860693796596e-05,0.016564691837039236,80.34115138250151,81.8996680856623,0,1,-0.01565864161284014,AAPL,US,Technology
2024-11-28,204.06,205.97,205.59,205.76,11399467,202.358,199.976,196.42149999999998,194.2384,199.82835609782896,196.88996167888104,66.28361858190709,61.819090454772606,2.9383944189479223,1.7930743909667701,1.1453200279811522,196.42149999999998,6.059934231880919,208.5413684637618,184.30163153623815,0.8852558312425867,0.12340673972757699,4.660714285714282,13530545.35,0.8424986475139639,79695606.0,0.006850655705617381,0.001846811819586648,0.00833088307356492,0.09162289776645971,0.004834692581921152,0.003707317073170735,86.31130063597816,84.16248069128524,0,1,-0.02337674961119751,AAPL,US,Technology
2024-11-29,206.66,209.78,205.14,207.2,14335441,204.326,201.42000000000002,196.772,194.4684,200.96245515974192,197.6536799677921,72.72032603158428,56.29290617848969,3.3087751919498203,2.096214551163383,1.212560640786437,196.772,6.477697446663558,209.7273948933271,183.81660510667288,0.9024578210452178,0.13167925206087525,4.733571428571425,13880037.4,1.0328098948198876,94031047.0,0.006998444790046632,0.022393822393714388,0.0026129875157136317,0.07491180742892722,0.03501673410260242,0.049858127280097086,89.36521021890492,85.33922074579488,0,0,-0.04213320463320458,AAPL,US,Technology
2024-12-02,206.14,208.66,208.27,208.44,7581259,205.70999999999998,202.978,197.1995,194.7042,202.11284667366255,198.4526780157679,79.58856532193431,100.0,3.660168657894644,2.4090053725096383,1.2511632853850059,197.1995,6.9585838509363,211.1166677018726,183.28233229812741,0.9038357602597448,0.14114810333496802,4.563571428571426,13521505.65,0.5606815273059825,101612306.0,0.005984555984555939,0.0018710420264733993,0.011157465799887719,0.08078398838535716,0.0427735254389916,0.03433902342199269,94.38625889843374,90.02092325110563,0,0,-0.030080598733448483,AAPL,US,Technology
2024-12-03,207.82,210.33,205.01,207.38,5241804,206.628,204.084,197.6915,194.84879999999998,202.92317795465829,199.1139698458791,76.81854516386892,86.71679197994983,3.8092081087791883,2.68904591976355,1.1201621890156384,197.6915,7.322284856948741,212.33606971389747,183.0469302861025,0.8307881415585386,0.14815578528994322,4.729285714285713,13236177.75,0.39602094373347746,96370502.0,-0.005085396277106136,0.025653389912114806,-0.0021172168222398256,0.056336593317033445,0.04981269616280248,0.022634252182060166,87.91478901729144,90.55541937821005,0,0,-0.029028835953322285,AAPL,US,Technology
2024-12-04,207.86,202.19,200.34,201.16,4492176,205.988,204.09699999999998,198.093,194.8556,202.65191980778192,199.26552948558353,64.90237591155022,43.69682907965973,3.3863903221983946,2.82851480025052,0.5578755219478748,198.093,7.279026901417792,212.65105380283558,183.5349461971644,0.6053368822828944,0.1469820115073435,4.819285714285712,13116769.75,0.342475757609776,91878326.0,-0.029993249107917785,0.00919665937557565,-0.03223323390728271,0.0006466696512958947,0.041578211567337986,-0.01565864161284014,52.58531540576077,78.29545444049533,1,1,0.003082123682640603,AAPL,US,Technology
2024-12-05,201.07,202.03,200.1,200.95,13185998,205.02599999999998,203.69199999999998,198.436,194.8934,202.39008599119532,199.39030648989225,60.65019505851755,35.263612791702556,2.999779501303067,2.862767740461029,0.1370117608420376,198.436,7.242004229710362,212.92000845942073,183.9519915405793,0.5867853676852154,0.14598166118393568,4.632142857142857,13401356.75,0.9839300051519033,78692328.0,-0.0010439451183138493,0.009604379198757913,-0.0005968070821077622,-0.019756097560975627,0.03534442784275327,-0.02337674961119751,51.49948293425534,63.99986245243588,0,1,-0.009007215725304829,AAPL,US,Technology
2024-12-06,200.37,201.13,196.35,198.47,14263881,203.28,203.803,198.7375,194.96540000000002,201.7869958386944,199.32213492517454,56.86994856722997,21.185770750988183,2.464860913519857,2.7831863750727948,-0.31832546155293784,198.7375,7.103434954856668,212.94436990971334,184.53063009028668,0.49058554058034604,0.14297120482688822,4.673571428571429,13190347.6,1.0813877201092321,64428447.0,-0.012341378452351282,0.024084244470075664,-0.00948245745366334,0.005624239967571887,0.031334441903970056,-0.04213320463320458,15.946137490010889,40.01031194334235,0,1,-0.0042323776893233855,AAPL,US,Technology
2024-12-09,196.02,203.25,201.3,202.17,6454037,202.02599999999998,203.868,199.378,195.19699999999997,201.8459195558191,199.53308993836566,57.12198685171657,33.13212608987256,2.3128296174534455,2.6891150235489247,-0.3762854060954792,199.378,6.783713933888045,212.94542786777606,185.8105721322239,0.602893489709585,0.1360975420328023,4.759285714285716,12255023.5,0.5266441531797835,70882484.0,0.018642616012495505,0.009645347974429161,0.03137434955600756,0.0032254863040888093,0.06764892268694545,-0.030080598733448483,41.63090128457566,36.35884056961398,0,0,-0.021912252065093618,AAPL,US,Technology
2024-12-10,202.83,203.29,199.81,201.36,30718408,200.82199999999997,203.725,200.13150000000002,195.378,201.77116270107686,199.66841782410538,50.44390637610978,25.552486187845304,2.102744876971485,2.571840994233437,-0.46909611726195166,200.13150000000002,6.050811407092031,212.23312281418407,188.02987718581596,0.5507576553290581,0.12093671225292955,4.594285714285713,13023633.2,2.3586663697910066,40164076.0,-0.004006529158628758,0.01728247914174964,-0.007247448602242032,-0.007051629764781242,0.08089537817381509,-0.029028835953322285,35.83690986868128,31.137982881089297,0,0,-0.04087206992451342,AAPL,US,Technology
2024-12-11,201.68,202.49,201.22,201.78,6948267,200.946,203.46699999999998,200.858,195.5016,201.77252228552658,199.82483261838755,45.21118381915526,29.768786127167573,1.9476896671390307,2.4470107288145555,-0.4993210616755248,200.858,5.240844246973667,211.33968849394734,190.37631150605267,0.5439814634821682,0.10436914132267719,4.355714285714287,13194148.45,0.5266172727791862,47112343.0,0.002085816448152533,0.006293983546405572,0.0004958349861141337,-0.01262477980035237,0.07759679572763689,0.003082123682640603,38.841201713959855,38.76967095573895,0,0,-0.037416988799682915,AAPL,US,Technology
2024-12-12,200.06,200.61,197.97,199.14,3876688,200.584,202.805,201.3905,195.58,201.36751885698084,199.77410388596599,53.109713487071936,40.155945419103226,1.5934149710148517,2.2762915772546144,-0.6828766062397627,201.3905,4.390033539014076,210.17056707802814,192.61043292197186,0.3718403868460375,0.08719445135678736,4.015000000000001,12717270.8,0.304836450849466,43235655.0,-0.013083556348498449,0.013257005121958211,-0.0045986204138529305,-0.03217340590979789,0.05650167117618965,-0.009007215725304829,19.95708154363675,31.545064375425984,0,0,-0.025660339459676496,AAPL,US,Technology
2024-12-13,199.73,198.96,196.56,197.63,11046823,200.416,201.84799999999998,201.634,195.6936,200.79251595590296,199.6152802443886,42.510589141316856,35.640138408304466,1.1772357115143564,2.0564804041065625,-0.8792446925922062,201.634,4.004244327156264,209.6424886543125,193.62551134568747,0.2500152542456385,0.07943589527830423,3.820714285714286,12951317.6,0.8529496757187334,32188832.0,-0.007582605202370196,0.012143905277477418,-0.010514194162066191,-0.0461872586872587,0.02526457771321855,-0.0042323776893233855,9.155937052277826,22.65140676995816,0,0,-0.03638111622729345,AAPL,US,Technology
2024-12-16,197.62,199.05,196.69,197.74,15265465,199.53000000000003,200.778,201.878,195.75120000000004,200.32289811653058,199.47636968032344,39.82265215638858,46.028291621327575,0.8465284362071372,1.814490010526677,-0.9679615743195398,201.878,3.566178258080374,209.01035651616073,194.74564348383925,0.20991354744859805,0.07066006713089501,3.8114285714285745,12993433.65,1.1748598743289174,47454297.0,0.0005565956585540377,0.01193486396271912,0.0006072259892692912,-0.051333717136825885,0.02530332883957276,-0.021912252065093618,9.942775392708048,13.01859799620756,0,0,-0.07332861333063623,AAPL,US,Technology
2024-12-17,198.01,194.26,192.22,193.13,8943349,197.884,199.353,201.7185,195.7946,199.21629840628978,199.00626535115677,29.83842010771987,5.2475247524752575,0.2100330551330103,1.4935986194479436,-1.2835655643149333,201.7185,3.884938900824831,209.48837780164968,193.94862219835034,-0.052679219621951726,0.07703683897719993,3.6128571428571457,13026284.9,0.6865617005995546,38510948.0,-0.02331344189339546,0.010562833324648834,-0.024645219938262464,-0.06871443726492432,-0.016248981255093664,-0.04087206992451342,5.024848149915778,8.041186864967237,0,0,-0.04251022627245904,AAPL,US,Technology
2024-12-18,194.03,195.37,193.31,194.23,4910368,196.37399999999997,198.66,201.37849999999997,195.9016,198.44917557454977,198.65246591682788,29.074410163339365,15.688161693936408,-0.20329034227810894,1.154220827102733,-1.357511169380842,201.37849999999997,4.2305521289512225,209.8396042579024,192.91739574209754,0.0775669592180564,0.084031853031584,3.6578571428571474,11747325.3,0.41799877475098307,43421316.0,0.005695645420183304,0.01060598259789629,0.0010307684378650615,-0.034450188904354806,-0.033825797144704794,-0.037416988799682915,11.098840419044732,8.688821320556206,0,0,-0.05184574988415791,AAPL,US,Technology
2024-12-19,193.52,195.5,192.86,194.03,9055969,195.352,197.96800000000002,200.82999999999998,195.9632,197.76930240923207,198.31005924106452,24.971493728620302,11.897738446411083,-0.5407568318324536,0.8152252953156957,-1.3559821271481494,200.82999999999998,4.442154527038612,209.7143090540772,191.94569094592276,0.11730282238456102,0.08847591549104201,3.515000000000003,11671260.3,0.7759203369048039,34365347.0,-0.001029707048344708,0.013606143379819514,0.0026353865233430937,-0.03443642697188354,-0.05351219512195127,-0.025660339459676496,9.994478188294071,8.706055585751544,0,0,-0.05839303200536006,AAPL,US,Technology
2024-12-20,194.71,194.92,186.86,190.44,19782474,193.914,197.16500000000002,200.48399999999998,196.0884,196.64171742319309,197.72708906324291,18.597348220516366,10.88129496402884,-1.0853716400498286,0.43510590824259077,-1.5204775482924193,200.48399999999998,4.965347711361342,210.41469542272267,190.5533045772773,-0.005704765499721713,0.09906721157472077,3.9864285714285717,10304560.35,1.9197783707697562,14582873.0,-0.018502293459774277,0.04232304137763942,-0.021930049817564995,-0.04045951529198366,-0.03506282934738558,-0.03638111622729345,15.25351512504239,12.115611244127082,0,0,-0.04363579080025204,AAPL,US,Technology
2024-12-23,191.08,186.28,180.81,183.24,29007027,191.01399999999998,195.272,199.57,196.0434,194.57991474269676,196.65396653705824,15.316091954022966,7.198096371207669,-2.0740517943614805,-0.06672563227822363,-2.007326162083257,199.57,6.274481316368577,212.11896263273715,187.02103736726284,-0.15065139158388988,0.12576001034899312,4.294285714285713,11482563.55,2.5261801815866995,-14424154.0,-0.037807183364839236,0.02985156079442342,-0.041029935105500175,-0.09363407033684512,-0.09071059944422388,-0.07332861333063623,10.809608540444447,12.01920061792699,1,0,0.024721676489849465,AAPL,US,Technology
2024-12-24,183.93,186.29,183.83,184.92,11440202,189.37199999999999,193.628,198.67649999999998,196.06459999999998,193.09377401304803,195.78478021744073,23.165895571711758,15.1251360174101,-2.691006204392693,-0.5915817467011176,-2.0994244576915753,198.67649999999998,7.019898241126746,212.71629648225345,184.6367035177465,0.010089052309322737,0.1413332375211242,4.009285714285712,11932458.8,0.9587463265537253,-2983952.0,0.009168303863785088,0.013303049967481488,0.005382482466126234,-0.08164481525625755,-0.08812071601163773,-0.04251022627245904,18.282918148652836,14.782013938046576,1,0,0.015357992645468332,AAPL,US,Technology
2024-12-25,186.41,186.19,182.54,184.16,6740368,187.358,191.866,197.66649999999998,196.06119999999999,191.71934724180747,194.92368207212417,22.7523531320999,19.13282863041971,-3.2043348303166965,-1.1141323634242337,-2.090202466892463,197.66649999999998,7.589206514932962,212.84491302986592,182.48808697013405,0.055075356907244466,0.15357597802145684,4.1321428571428545,11734473.55,0.5744073133636819,-9724320.0,-0.004109885355829457,0.019819721980778596,-0.012070167909382168,-0.08732282684111414,-0.09884517518105307,-0.05184574988415791,14.902135230653801,14.664887306583713,1,1,0.021720243266724504,AAPL,US,Technology
2024-12-26,184.76,182.96,182.5,182.7,3705422,185.09199999999998,190.222,196.5135,196.0304,190.3317553584504,194.01822091386526,23.53138637126544,11.282740094022714,-3.6864655554148555,-1.6285990018223584,-2.057866553592497,196.5135,8.033575120113813,212.5806502402276,180.44634975977237,0.0701322327376692,0.16352210143471935,3.9092857142857116,11349771.3,0.3264754483224302,-13429742.0,-0.00792788879235451,0.0025177887246715393,-0.011149599480346682,-0.08255498644169934,-0.11207231726283051,-0.05839303200536006,8.407473309234486,13.864175562847059,1,1,0.005856595511767981,AAPL,US,Technology
2024-12-27,182.2,184.21,180.47,182.13,4616408,183.43,188.672,195.26000000000002,195.9734,189.06994684176414,193.13760905132935,12.41560390097517,11.0091743119265,-4.0676622095652135,-2.1164116433709297,-1.9512505661942838,195.26000000000002,8.23179586468714,211.7235917293743,178.79640827062573,0.10124132643927382,0.16863250772600605,3.8349999999999977,10863819.65,0.42493411376411117,-18046150.0,-0.0031198686371100015,0.020534782847303985,-0.0003841931942898408,-0.07842938825077161,-0.1209942084942085,-0.04363579080025204,7.274320770934504,10.194643103607616,1,1,0.03739087464997537,AAPL,US,Technology
2024-12-30,183.74,189.64,186.28,187.77,9565293,184.336,187.675,194.22650000000002,195.984,188.86995501995403,192.74000716599338,28.421721181327385,42.28769497400349,-3.870052146039342,-2.467139743904612,-1.4029124021347297,194.22650000000002,7.774831374037805,209.77616274807562,178.6768372519244,0.2923909957117417,0.16011885863150027,4.122857142857141,10963021.35,0.8725051080462315,-8480857.0,0.030966891780596306,0.01789423230538473,0.021933166430706804,-0.05041974309699604,-0.09916522740356937,0.024721676489849465,33.15168028913938,16.277824789769475,1,0,0.022208020450551036,AAPL,US,Technology
2024-12-31,186.75,188.37,187.27,187.76,11195006,184.904,187.13799999999998,193.2455,196.03800000000004,188.69919270919172,192.3711167026422,27.445302445302445,72.33201581027657,-3.6719239934504913,-2.708096593813788,-0.963827399636703,193.2455,7.247743369308434,207.74098673861687,178.75001326138312,0.3107859329174137,0.15002146739294697,4.110714285714282,11260681.45,0.9941676314653559,-19675863.0,-5.325664376643058e-05,0.005858542820590839,0.005408299866102183,-0.027805105369440253,-0.09460893046581154,0.015357992645468332,36.196623632760776,25.540874897611573,1,1,0.04106305922454201,AAPL,US,Technology
2025-01-01,187.33,188.44,187.94,188.16,11369167,185.704,186.531,192.5955,196.01,188.61623998470063,192.05918131493422,30.96393897364773,68.3257918552036,-3.4429413302335945,-2.85506554109775,-0.5878757891358446,192.5955,7.081625203743975,206.75875040748792,178.43224959251205,0.343415181094362,0.1470776877695938,3.8871428571428543,11604531.0,0.9797178378240501,-8306696.0,0.0021303792074989225,0.0026573129251559456,0.00443068381997306,-0.031251608917262974,-0.0646251739908531,0.021720243266724504,41.38858987936548,36.912297933755234,1,1,0.040391156462584954,AAPL,US,Technology
2025-01-02,187.27,184.03,183.57,183.77,8767891,185.918,185.505,191.73649999999998,195.84599999999998,187.8706646024385,191.44516639487844,28.15258511979826,48.436246992782735,-3.5745017924399463,-2.9989527913661895,-0.5755490010737567,191.73649999999998,7.056811024966698,205.85012204993336,177.6228779500666,0.21777266062416123,0.1472189390111927,4.030714285714284,11383625.65,0.7702194800986379,-17074587.0,-0.02333120748299311,0.002503128911125346,-0.01868959256678224,-0.052878420862753184,-0.08549390395620793,0.005856595511767981,17.761033368258335,31.782082293461553,1,1,0.08216792730042988,AAPL,US,Technology
2025-01-03,183.68,189.55,188.45,188.94,4622677,187.28000000000003,185.355,191.26,195.7292,188.035177740525,191.2595980970134,38.036976617727,69.28306551297901,-3.2244203564883946,-3.0440463043906307,-0.18037405209776392,191.26,6.8981782492105195,205.05635649842102,177.46364350157896,0.41591982996809945,0.14426808008312142,4.274999999999998,10901565.45,0.42403786842944946,-12451910.0,0.028132992327365658,0.005821954059459092,0.02863675958172558,-0.007876496534341526,-0.04801733259434671,0.03739087464997537,56.353958745418886,38.50119399768092,1,1,0.05975441939239956,AAPL,US,Technology
2025-01-06,189.94,194.24,190.1,191.94,4546497,188.114,186.225,190.74849999999998,195.59440000000004,188.63591962659837,191.30999834278333,48.30821723059426,76.35679742074151,-2.6740787161849653,-2.970052786749498,0.2959740705645326,190.74849999999998,6.408522512206708,203.56554502441338,177.93145497558658,0.5464810725554922,0.13438684995526792,4.259285714285712,10806188.45,0.42073082477746127,-7905413.0,0.015878056525881146,0.021569240387508834,0.010529640939188536,0.047478716437459045,-0.050600979373794264,0.022208020450551036,76.31403858441024,50.143010232695836,1,1,0.05449619672814432,AAPL,US,Technology
2025-01-07,193.16,197.53,193.82,195.47,43057724,189.656,187.28,190.454,195.4756,189.6873166071221,191.61814720702108,51.648936170212785,73.3333333333333,-1.930830599898968,-2.7622083493793923,0.8313777494804242,190.454,6.018690537771503,202.49138107554302,178.416618924457,0.7083509680308666,0.12640722773456906,4.498571428571426,11423154.25,3.769337197793928,35152311.0,0.018391163905387087,0.018979894612887033,0.011958997722033772,0.05705169803158139,-0.0292510925705205,0.04106305922454201,87.92497068652256,73.53098933878391,1,1,0.03366245459661332,AAPL,US,Technology
2025-01-08,195.91,198.46,193.61,195.76,6621362,191.176,188.44,190.153,195.3034,190.62157559064212,191.92495166459753,52.295038471743155,73.83790226460076,-1.3033760739554054,-2.470441894294595,1.1670658203391895,190.153,5.5551371199133515,201.2632742398267,179.04272576017328,0.7523340053636299,0.11685615519890069,4.656428571428569,11406809.0,0.5804744709520014,41773673.0,0.0014836036220391424,0.024775234981483547,-0.0007656576999603902,0.06298870547350122,-0.029834473188621313,0.040391156462584954,84.99166202973912,83.07689043355732,1,1,0.008275439313444988,AAPL,US,Technology
2025-01-09,195.18,199.45,198.41,198.87,19201777,194.196,190.057,190.1395,195.18540000000002,191.89056396131295,192.43940053868621,61.32760010749799,77.47562852745003,-0.5488365773732653,-2.086120830910329,1.5372842535370639,190.1395,5.532429251336091,201.2043585026722,179.0746414973278,0.8945147602654409,0.1163867423929694,4.344285714285713,12173063.45,1.5773987789902815,60975450.0,0.015886800163465553,0.005229546940185863,0.01890562557629415,0.08850574712643677,-0.0013558300692978476,0.08216792730042988,96.94415173356467,89.9535948166088,1,1,0.010107105144063988,AAPL,US,Technology
2025-01-10,198.33,200.44,200.07,200.23,4821710,196.454,191.86700000000002,190.2695,195.18619999999999,193.1735541211113,193.01648286233757,77.08001275103601,100.0,0.15707125877372619,-1.637482412973518,1.7945536717472441,190.2695,5.744197507048879,201.75789501409776,178.78110498590223,0.9335026775647799,0.1207591864595995,3.768571428571428,11861807.8,0.4064902816508052,65797160.0,0.006838638306431166,0.0018478749438054073,0.009579992941009415,0.09937956404765824,0.01315589738400047,0.05975441939239956,98.94842262899603,93.6280787974333,0,0,-0.027318583628826887,AAPL,US,Technology
2025-01-13,199.64,202.49,202.33,202.4,23246022,198.546,193.32999999999998,190.5025,195.2364,194.5930073332483,193.71155918959673,77.43251726302574,100.0,0.8814481436515678,-1.1336963016485009,2.0151444453000686,190.5025,6.14378237261801,202.790064745236,178.214935254764,0.9841276626285382,0.12900161147671566,3.712142857142859,12260835.65,1.895957238774566,89043182.0,0.010837536832642547,0.0007905138339881723,0.013824884792557578,0.0779144698301113,0.02356629918074238,0.05449619672814432,99.59128064942819,98.49461833732964,0,0,-0.04085968379446647,AAPL,US,Technology
2025-01-14,203.35,202.76,201.48,202.05,14331846,199.862,194.75900000000001,190.94850000000002,195.32659999999998,195.74023697428723,194.3292222812628,78.44197138314786,96.76225716928775,1.4110146930244412,-0.6247541027139123,2.0357687957383535,190.94850000000002,6.647666210980966,204.24383242196197,177.65316757803808,0.9174961425087964,0.13925568854316547,3.5428571428571445,12530260.5,1.1437786833100012,74711336.0,-0.0017292490118576698,0.006335065577795922,-0.006392918613196902,0.07610779718789962,0.04618650649821365,0.03366245459661332,96.81471511454407,98.45147279765611,0,0,-0.04167285325414505,AAPL,US,Technology
2025-01-15,201.15,199.62,195.58,197.38,11180593,200.18599999999998,195.68099999999998,191.10600000000002,195.4116,195.99250820901233,194.55520609018734,71.17714945181766,57.99163179916315,1.437302118824988,-0.21234285840613215,1.6496449772311201,191.10600000000002,6.76577174965336,204.63754349930673,177.57445650069332,0.7318286897422158,0.14161296347823615,3.8864285714285733,12843771.75,0.8705069155011327,63530743.0,-0.023113090819104287,0.020468132536120804,-0.018742232164957833,0.049000850340136015,0.016217886011429705,0.008275439313444988,75.8636159678841,90.75653724395215,0,0,-0.03490728543925414,AAPL,US,Technology
2025-01-16,198.21,202.85,199.3,200.88,11180442,200.588,197.392,191.4485,195.54739999999998,196.7444300230105,195.0237098691282,74.94014365522743,66.88654353562004,1.7207201538822972,0.17426974405155385,1.5464504098307432,191.4485,7.087323208598875,205.62314641719774,177.27385358280225,0.8326890746186199,0.14807790520295236,4.010000000000001,12949995.4,0.8633548346005717,74711185.0,0.01773229303880841,0.017672242134519667,0.013470561525586585,0.09310551232518893,0.03530381899706225,0.010107105144063988,89.7821576716918,87.48682958470668,0,0,-0.04146754281162879,AAPL,US,Technology
2025-01-17,200.85,197.25,192.76,194.76,8419759,199.494,197.974,191.6645,195.5938,196.43913309639348,195.00417578442753,59.18045705279746,38.690148596587754,1.4349573119659453,0.42640725763443227,1.0085500543315131,191.6645,7.120721041992943,205.90594208398588,177.42305791601413,0.6086793030205879,0.14860803209683138,4.053571428571431,12381859.65,0.6800075722060399,66291426.0,-0.03046594982078854,0.023054015198074325,-0.03032113517535316,0.030803429660209547,0.022684310018903586,-0.027318583628826887,58.03941908412657,74.56173090790084,0,0,-0.013811871020743438,AAPL,US,Technology
2025-01-20,194.92,194.42,193.9,194.13,3654077,197.83999999999997,198.193,192.209,195.68920000000003,196.08388185079448,194.93942196024614,58.23210131817007,32.5114678899083,1.1444598905483474,0.5700177842172154,0.574442106331132,192.209,6.853986853610087,205.91697370722017,178.50102629277984,0.5700687074712621,0.14263612741493734,4.036428571428573,11114212.15,0.32877514140530945,62637349.0,-0.0032347504621071943,0.0026786174213017217,-0.004052944797844958,0.011409815567364756,0.059430255402750376,-0.04085968379446647,54.77178422952429,67.53112032844757,0,0,-0.01694740637716985,AAPL,US,Technology
2025-01-21,195.58,195.25,192.33,193.63,7856862,196.156,198.00900000000001,192.6445,195.83599999999998,195.70636156605687,194.8424276544626,57.05078628512503,22.194039315155337,0.8639339115942732,0.628801009692627,0.23513290190164626,192.6445,6.6398402604427655,205.92418052088553,179.36481947911446,0.5371055613089847,0.13786721677303637,4.196428571428571,10935045.15,0.7185028661264498,54780487.0,-0.002575593674341903,0.015080307803464895,-0.009970344615963016,-0.009413209188110727,0.047101449275362306,-0.04167285325414505,52.17842323380818,54.996542182486365,0,0,-0.005267778753292318,AAPL,US,Technology
2025-01-22,193.18,191.62,189.58,190.49,21409081,194.778,197.48200000000003,192.961,195.90079999999998,194.90384440204807,194.52002533974306,58.95045285029302,18.85775862068965,0.3838190623050082,0.5798046202151033,-0.1959855579100951,192.961,6.359053968036999,205.67910793607402,180.242892063926,0.402855046803226,0.13182050192534342,4.157857142857141,11668480.8,1.834778625613488,33371406.0,-0.016216495377782247,0.010709223581234096,-0.01392483693956969,-0.026920719248058722,0.03437228496959177,-0.03490728543925414,14.166666665683007,40.37229137633852,1,1,0.004042206939996795,AAPL,US,Technology
2025-01-23,192.05,195.16,190.47,192.55,5270833,193.11200000000002,196.85,193.4535,195.982,194.54171449404066,194.3740974252179,55.24252105721756,34.85893416927904,0.16761706882275007,0.49736710993663263,-0.32975004111388256,193.4535,5.886395801023045,205.22629160204608,181.6807083979539,0.4616276227847021,0.12171184912121237,4.079999999999998,11746751.35,0.44870555222014197,38642239.0,0.010814215969342289,0.02435730978953851,0.0026034886748107083,-0.03177955448282799,0.05391351943076095,-0.04146754281162879,22.381311226648002,29.575467042046416,1,1,0.016878732796676177,AAPL,US,Technology
2025-01-24,191.22,192.72,191.54,192.07,3980989,192.574,196.034,193.95049999999998,195.9682,194.1614507257267,194.20342342103245,50.203697900344714,15.931941221964436,-0.04197269530575909,0.3894991488881543,-0.4314718441939134,193.95049999999998,5.267055978836408,204.4846119576728,183.41638804232716,0.410742357401992,0.10862680898083282,3.785714285714284,11714980.4,0.33982034320600796,34661250.0,-0.00249285899766305,0.006143593481511237,0.0044451417215539656,-0.04075313389601953,0.054576401471476466,-0.013811871020743438,18.76412961426031,18.437369168863793,1,0,0.02608424012078947,AAPL,US,Technology
2025-01-27,191.29,191.74,190.12,190.84,8963388,191.916,194.87800000000001,194.10399999999998,195.92780000000002,193.65045830638408,193.95428078207522,42.181695373184745,25.62189054726373,-0.30382247569113474,0.2508348239722965,-0.5546572996634312,194.10399999999998,5.120141239826816,204.34428247965363,183.86371752034634,0.3406293963654893,0.10551335860776583,3.5257142857142827,11684885.15,0.7670924547262277,25697862.0,-0.006403915239235669,0.008488786417897274,-0.0023524491609474424,-0.05711462450592886,0.016349789636256995,-0.01694740637716985,9.49510173251727,16.880180857808543,1,1,0.02546635925382512,AAPL,US,Technology
2025-01-28,189.36,193.65,191.78,192.61,8136755,191.71200000000002,193.934,194.34650000000002,195.85359999999997,193.49038779770956,193.85470436740556,44.934062399485406,41.721132897603596,-0.3643165696960011,0.12780454523863694,-0.49212111493463806,194.34650000000002,4.914589745686491,204.175679491373,184.51732050862705,0.4116660753862623,0.10115108315634594,3.3799999999999977,11531972.6,0.7055821737226315,33834617.0,0.009274785160343857,0.009708737864027287,0.01716307562306103,-0.04672110863647616,0.025830847890924602,-0.005267778753292318,22.833458928196464,17.0308967583247,0,1,-0.015108249831265352,AAPL,US,Technology
2025-01-29,191.9,192.75,190.06,191.26,5239175,191.866,193.322,194.50150000000002,195.6582,193.14725121344654,193.66250393587205,37.02693487896351,38.18544366899304,-0.5152527224255152,-0.0008069082941935426,-0.5144458141313217,194.50150000000002,4.75551676864122,204.01253353728245,184.9904664627176,0.3295926521748019,0.09779907648253129,3.308571428571426,11225473.0,0.4667219397595148,28595442.0,-0.007008981880484044,0.014064624071870403,-0.003335070349122875,-0.03100618097071639,0.01647534013605445,0.004042206939996795,12.660135643356288,14.996232101356691,0,1,-0.028442957230994437,AAPL,US,Technology
2025-01-30,191.8,199.39,192.93,195.8,6864057,192.516,192.814,195.103,195.47420000000002,193.55536641137783,193.82083706005525,43.186711780990514,73.2283464566928,-0.26547064867742165,-0.05373965637083918,-0.21173099230658246,195.103,4.032557109588269,203.16811421917654,187.03788578082347,0.5432107953164212,0.08267545059927524,3.777142857142855,11130281.3,0.6167010696575054,35459499.0,0.023737320924396288,0.032992849846613825,0.020855057351298983,-0.02528872958980477,0.06546226261087229,0.016878732796676177,46.87264506052209,27.45541321069163,0,0,-0.03319713993871298,AAPL,US,Technology
2025-01-31,196.51,199.16,195.41,197.08,7862035,193.518,193.046,195.51000000000002,195.4686,194.09761773270432,194.0622566534158,41.58760278304873,71.2676056338027,0.035361079288520614,-0.035919509238967216,0.07128058852748784,195.51000000000002,3.7807114340232277,203.07142286804648,187.94857713195356,0.6038164394978346,0.07735075308687829,3.883571428571425,11292249.2,0.6962328022097846,43321534.0,0.006537282941777356,0.019027805967023404,0.002900615744731164,0.011912096939823424,0.043082460040224424,0.02608424012078947,56.518462693555584,38.68374779914467,0,0,-0.0395778364116095,AAPL,US,Technology
2025-02-03,197.37,198.83,193.19,195.7,8134773,194.49,193.203,195.698,195.35219999999998,194.34413808151908,194.1835710295101,40.27565084226646,65.71428571428561,0.1605670520089859,0.0033778030106234214,0.15718924899836248,195.698,3.6861484677507628,203.07029693550155,188.32570306449847,0.5001356429018895,0.07534361041465795,4.194999999999998,11471663.0,0.7091188340244275,35186761.0,-0.007002232595900271,0.028819621870062317,-0.008461265643165398,0.008087364137433717,0.019589455038032666,0.02546635925382512,46.11906555794118,49.83672443733963,0,0,-0.03658661216147163,AAPL,US,Technology
2025-02-04,195.95,192.13,187.76,189.7,10847905,193.908,192.81,195.4095,195.09040000000002,193.6296552997469,193.85145451975407,38.69923484402591,46.50735294117644,-0.22179922000717056,-0.04165760159293539,-0.18014161841423518,195.4095,3.9231129892346157,203.25572597846923,187.5632740215308,0.1361626585951268,0.08030547110994161,4.299999999999997,9861172.05,1.1000623298056815,24338856.0,-0.030659172202350593,0.023036373220753657,-0.03189589180897221,-0.020296441667097098,-0.029518596204021086,-0.015108249831265352,12.856196155542978,38.49790813567993,1,0,0.02177121771217716,AAPL,US,Technology
2025-02-05,188.61,186.45,185.31,185.82,14238032,192.82,192.343,194.9125,194.71959999999999,192.42816986901659,193.25653173517338,28.084982537834748,31.578947368421055,-0.8283618661567971,-0.1989984545057078,-0.6293634116510893,194.9125,4.468138520915722,203.84877704183143,185.97622295816856,-0.008740941973292499,0.09169526881842452,4.222857142857139,10242005.55,1.3901604075814615,10100824.0,-0.020453347390616772,0.006134969325120285,-0.014792428821299126,-0.024515722610110813,-0.050776460972619564,-0.028442957230994437,3.622159090651775,20.865806934711994,1,1,0.022171994403185957,AAPL,US,Technology
2025-02-06,184.61,189.86,188.85,189.3,12135348,191.51999999999998,192.018,194.43400000000003,194.39039999999997,191.94691296609096,192.963455206546,41.39344262295088,45.23346303501952,-1.0165422404550384,-0.362507211695574,-0.6540350287594644,194.43400000000003,4.5339658485453125,203.50193169709064,185.3660683029094,0.21691449761007028,0.0932751648070191,3.931428571428569,9888684.1,1.2271953123474424,22236172.0,0.01872780109783667,0.005335446381377094,0.025404907643001965,-0.016878732796676177,-0.0481218886709911,-0.03319713993871298,28.33806817980563,14.938807808666814,0,1,-0.0054410987849973225,AAPL,US,Technology
2025-02-07,189.58,191.21,187.74,189.28,11863416,189.95999999999998,191.739,193.8865,194.032,191.53661866361543,192.69060658325043,42.20507875281263,29.67581047381549,-1.153987919635,-0.5208033532834593,-0.6331845663515407,193.8865,4.45772573003279,202.8019514600656,184.97104853993443,0.24165638044942137,0.09196567538244901,4.117857142857141,10240769.4,1.1584495635211194,10372756.0,-0.00010565240359228234,0.018332628909455126,-0.0015824454056252186,-0.014525954079241954,-0.05468710982370273,-0.0395778364116095,28.196022725270193,20.05208333190922,0,1,-0.012309805579036381,AAPL,US,Technology
2025-02-10,190.53,188.86,188.29,188.54,23165325,188.528,191.50900000000001,193.1935,193.63400000000001,191.0756004076746,192.38315415039366,41.88197767145138,22.45161290322585,-1.3075537427190511,-0.6781534311705777,-0.6294003115484734,193.1935,4.129836590368174,201.45317318073634,184.93382681926366,0.21829999211884962,0.08550673993373058,3.98,10236734.55,2.26296018753752,-12792569.0,-0.003909551986475135,0.0030232311445687835,-0.010444549414735552,-0.01205198071683089,-0.06847826086956532,-0.03658661216147163,22.940340907461575,26.49147727084582,1,0,0.0019094091439482153,AAPL,US,Technology
2025-02-11,188.21,196.3,191.85,193.83,17291874,189.35399999999998,191.631,192.7825,193.36300000000003,191.4993541911093,192.49032794716348,54.98507462686566,45.182895414734745,-0.9909737560541885,-0.7407174961473,-0.2502562599068885,192.7825,3.5736210075005332,199.92974201500107,185.63525798499893,0.5732800146705663,0.07414824493887148,4.245000000000003,10384735.95,1.6651239297881302,4499305.0,0.02805770658746165,0.022958262394763757,0.02986026247261115,0.0063340428845855,-0.04068299925760954,0.02177121771217716,60.51136363206609,37.21590908826597,0,0,-0.035288655006964875,AAPL,US,Technology
2025-02-12,192.62,192.3,188.05,189.94,2330691,190.178,191.499,192.4105,193.13859999999997,191.25945354632324,192.3014147167128,46.30625530710444,50.69364161849714,-1.0419611703895555,-0.8009662309957511,-0.24099493939380434,192.4105,3.455123541090323,199.32074708218067,185.50025291781935,0.3212437289911169,0.07182817031445525,4.322857142857146,9942240.85,0.23442308436703338,2168614.0,-0.020069132745189178,0.02237548699577564,-0.013913404630807254,-0.006901599916344203,-0.03769378863106698,0.022171994403185957,32.88352272493726,38.778409088154994,0,0,-0.02463935979783094,AAPL,US,Technology
2025-02-13,188.51,189.15,187.56,188.27,8339507,189.972,190.746,191.78000000000003,192.885,190.79953761611966,192.00279133238232,44.797371303395444,58.11795891318756,-1.203253716262651,-0.8814237280491312,-0.32182998821351994,191.78000000000003,2.9404654124970304,197.6609308249941,185.89906917500596,0.20157785351903554,0.061329970017346976,4.40857142857143,9800194.1,0.8509531611263536,-6170893.0,-0.008792250184268657,0.00844531789446836,-0.0012731420083746622,-0.038457609805924386,-0.06277379530067695,-0.0054410987849973225,21.022727271234263,38.13920454274589,0,0,-0.04079247888670534,AAPL,US,Technology
2025-02-14,187.64,191.58,183.25,186.95,4546283,189.506,189.733,191.3895,192.6546,190.20730105979356,191.6285104094112,44.687243922425566,40.912606341840636,-1.4212093496176408,-0.9893808523628331,-0.43182849725480765,191.3895,3.040767692192361,197.47103538438472,185.30796461561528,0.13500171259924668,0.06355140051416558,4.864285714285718,9606520.3,0.4732496663490456,-10717176.0,-0.007011207308652567,0.04455736828005058,-0.0036772543167571978,-0.05140044651918019,-0.040100636681043356,-0.012309805579036381,22.924411398827434,25.61022046499967,0,0,-0.021717036640813037,AAPL,US,Technology
2025-02-17,188.4,189.48,188.43,188.9,21255786,189.578,189.05300000000003,191.128,192.38920000000002,190.00617781982535,191.4263984854649,44.95786898613755,48.72139973082101,-1.4202206656395333,-1.0755488150181733,-0.34467185062135997,191.128,3.0174816966238303,197.16296339324765,185.09303660675232,0.31540898799748895,0.06315101286275261,4.844285714285718,10486605.75,2.026946037620797,10538610.0,0.010430596416154181,0.005558496558996424,0.0026539278131493954,-0.03474706182933052,-0.026940709833616627,0.0019094091439482153,35.00619578469609,26.31777815158595,0,0,-0.018210693488618257,AAPL,US,Technology
2025-02-18,188.7,187.26,186.78,186.99,14704036,188.20999999999998,188.782,190.796,192.1018,189.54215046292913,191.0977763125491,44.283801874163366,45.16531503431074,-1.5556258496199575,-1.1715642219385303,-0.38406162768142726,190.796,3.0920720356535005,196.980144071307,184.611855928693,0.19227754428852814,0.0648246721238872,4.803571428571432,10828964.45,1.3578430984836138,-4165426.0,-0.010111169931180553,0.0025669821915472635,-0.009062003179602108,-0.014285714285714124,-0.034292206786138424,-0.035288655006964875,23.172242873409477,27.03428335231102,0,0,-0.01518797796673621,AAPL,US,Technology
2025-02-19,186.04,186.14,184.56,185.26,9043009,187.274,188.72600000000003,190.5345,191.7714,188.88335808401695,190.6653483609302,34.74232773595834,15.637530072173277,-1.7819902769132625,-1.293649432933477,-0.4883408439797856,190.5345,3.3312183246226885,197.19693664924537,183.87206335075464,0.10416133932758621,0.06993417621701474,4.396428571428577,10210660.85,0.8856437646106163,-13208435.0,-0.009251831648751319,0.008528554463950426,-0.0041926467426134624,-0.0030136691421805972,-0.027455509475563078,-0.02463935979783094,12.633563795560375,23.604000817888664,0,1,-0.002590953254885009,AAPL,US,Technology
2025-02-20,184.71,180.86,180.37,180.59,8071912,185.738,187.855,189.9365,191.40040000000002,187.60745684032202,189.91902613768605,28.2625889796995,14.71698113207556,-2.3115692973640307,-1.4972334058195877,-0.814335891544443,189.9365,3.963797056516568,197.86409411303313,182.00890588696686,-0.08949158260667323,0.0834762577281502,4.477857142857147,10350714.8,0.7798409458793177,-21280347.0,-0.02520781604231881,0.002713328534233877,-0.022305235233488707,-0.046011621764395216,-0.06211373669176845,-0.04079247888670534,1.1917659804338088,12.332524216467904,1,1,0.002547206379090783,AAPL,US,Technology
2025-02-21,180.16,184.03,181.98,182.89,19318648,184.926,187.21599999999998,189.47750000000002,191.10559999999998,186.88169424950323,189.3983574558056,33.513513513513544,30.61959654178669,-2.5166632063023826,-1.701119365916147,-0.8155438403862356,189.47750000000002,4.226543785223024,197.93058757044608,181.02441242955396,0.11034947614042227,0.08922523856818299,4.320714285714288,11117597.75,1.7376637198747615,-1961699.0,0.012736031895453692,0.011208923396515953,0.01515319715799754,-0.03375950972104824,-0.047795074712344454,-0.021717036640813037,15.819209038554856,9.881512938183032,0,1,-0.016950079282628927,AAPL,US,Technology
2025-02-24,183.13,185.67,185.29,185.46,4714751,184.238,186.908,189.20850000000002,190.86,186.66297205727196,189.10662723286313,44.01468097120276,45.07600793126246,-2.443655175591175,-1.849626527851153,-0.5940286477400221,189.20850000000002,4.3057272446416635,197.81995448928333,180.5970455107167,0.2823538401702494,0.09102608486656577,3.95214285714286,10905165.9,0.4323410217591443,2753052.0,0.014052162502050436,0.0020489593443219372,0.012723202096801669,-0.016336056009334854,-0.028191154894152137,-0.018210693488618257,31.952291272319385,16.32108876376937,0,0,-0.00771055753262162,AAPL,US,Technology
2025-02-25,184.86,184.69,183.73,184.15,9541759,183.67000000000002,185.94,188.7855,190.68040000000002,186.27636097153785,188.73946961224405,47.45814307458146,33.60938578329883,-2.4631086407061957,-1.9723229504221618,-0.49078569028403396,188.7855,4.369066472610782,197.52363294522158,180.04736705477845,0.2347545505833899,0.09257207725355263,3.7621428571428623,10975416.1,0.8693755246896266,-6788707.0,-0.007063517739674285,0.0052131414607374145,-0.0038407443470527274,-0.049940669658979586,-0.043922953117699004,-0.01518797796673621,23.728813557832463,23.83343795623559,1,0,0.0022807493890848463,AAPL,US,Technology
2025-02-26,183.35,185.27,184.4,184.78,13157139,183.574,185.424,188.4615,190.4914,186.04615159130125,188.44617553152665,42.46666666666667,41.63512490537469,-2.4000239402253953,-2.0578631483828085,-0.34216079184258685,188.4615,4.415924859914108,197.29334971982823,179.62965028017177,0.2915782017878821,0.09372577125600046,3.553571428571433,11371314.3,1.157046362086187,6368432.0,0.0034211240836274914,0.004708301764234746,0.007799290973505359,-0.02716647362324942,-0.03388058140750805,-0.002590953254885009,27.68361581747118,27.788240215874364,1,0,0.03815347981383277,AAPL,US,Technology
2025-02-27,184.61,181.71,180.52,181.05,10121404,183.666,184.702,187.724,190.2318,185.2775128849472,187.89831061617036,37.79293978048061,36.160420775805434,-2.620797731223149,-2.170450064950877,-0.4503476662722723,187.724,4.35712411187726,196.4382482237545,179.00975177624548,0.1170639262992231,0.09284106692493331,3.6100000000000034,11534181.65,0.8775137612373426,-3752972.0,-0.020186167334127036,0.006572769953015327,-0.019283895780189145,-0.038349179370053665,-0.07533197139938708,0.002547206379090783,4.26867545484821,18.560368276717302,1,1,0.04672742336371161,AAPL,US,Technology
2025-02-28,181.46,182.0,178.02,179.79,5589822,183.046,183.986,186.8595,190.01879999999997,184.4332801334169,187.2976949528811,37.218813905930496,46.61016949152538,-2.8644148194642014,-2.309243015853542,-0.5551718036106594,186.8595,4.1114249994742975,195.0823499989486,178.6366500010514,0.07013079400852054,0.08801104572049678,3.8235714285714306,11420571.0,0.4894520169392566,-9342794.0,-0.006959403479701809,0.022136937538115877,-0.009203130166377234,-0.03829901043059636,-0.08773087071240115,-0.016950079282628927,9.682713347391436,13.87833487323696,1,1,0.06496468101674169,AAPL,US,Technology
2025-03-03,180.42,185.74,182.66,184.03,9887796,182.76,183.49900000000002,186.276,190.03459999999998,184.37123703596814,187.0556434517203,35.23206751054853,54.14847161572057,-2.6844064157521643,-2.3842756958332667,-0.3001307199188976,186.276,3.5851644607343736,193.44632892146876,179.10567107853126,0.343382359098017,0.0769860735836099,3.694285714285716,11508222.15,0.8591939755704163,545002.0,0.02358306913621444,0.01673640167354929,0.020008868196319727,-0.025780836421386955,-0.05963208993357172,-0.00771055753262162,42.08683473094623,18.67940784439531,1,1,0.037819920665109086,AAPL,US,Technology
2025-03-04,184.52,185.21,184.06,184.57,14974386,182.844,183.257,186.0195,190.02759999999998,184.40181595351152,186.87152169823688,40.998994301039225,46.19982920580694,-2.46970574472536,-2.4013617056116856,-0.06834403911367426,186.0195,3.5100269529610193,193.03955390592202,178.99944609407797,0.3967600520008841,0.07547653773807896,3.365714285714288,11714546.2,1.2782727103613531,15519388.0,0.0029343041895342203,0.0062306983799846945,0.00027097333622215465,-0.012941868549120383,-0.02704269899841849,0.0022807493890848463,48.303834804697225,33.357794294344984,1,1,0.045186108251611845,AAPL,US,Technology
2025-03-05,184.16,195.66,188.77,191.83,11955723,184.254,183.914,186.32,190.18099999999998,185.54461349912512,187.2388164173988,55.025409373235455,71.74405436013589,-1.6942029182736746,-2.2599299481440833,0.5657270298704087,186.32,3.741668639860135,193.80333727972027,178.83666272027972,0.8681512534563878,0.08032779389952889,3.9878571428571457,11600430.75,1.0306274160873365,27475111.0,0.03933466977298594,0.03591721837024485,0.04164856646371833,0.035463672676238955,0.03234312775804549,0.03815347981383277,78.28798185497241,56.226217130205306,1,0,0.006255538758275447,AAPL,US,Technology
2025-03-06,190.23,190.52,188.71,189.51,11721570,185.946,184.80599999999998,186.3305,190.3172,186.1546729607982,187.407052251116,53.51455244371224,62.222222222222165,-1.2523792903178048,-2.0584198165788274,0.8060405262610226,186.3305,3.750754976631147,193.8320099532623,178.82899004673772,0.7119240005744012,0.08051832580519053,3.615714285714288,11579741.85,1.0122478669722792,15753541.0,-0.012094041599332805,0.009550947179517976,-0.003784891972855039,0.049393654133672804,0.0011093502377177433,0.04672742336371161,65.13605441807613,63.90929035924861,1,1,0.010025856155348123,AAPL,US,Technology
2025-03-07,188.77,193.02,190.22,191.47,11661689,188.28199999999998,185.66400000000002,186.44,190.50400000000002,186.97241558221384,187.70801136480094,53.5273126544057,79.63594994311703,-0.7355957825870973,-1.7938550097804813,1.058259227193384,186.44,3.8714216075163352,194.18284321503268,178.69715678496732,0.8248160823797565,0.08305989288769737,3.6857142857142895,11569655.5,1.0079546441158387,27415230.0,0.010342462139201203,0.014623700840786482,0.014303120199108363,0.04691344524030838,0.011570160608622038,0.06496468101674169,76.24716552855742,73.22373393386867,0,1,-0.013683605786807385,AAPL,US,Technology
2025-03-10,191.73,192.02,190.17,190.99,10699328,189.674,186.217,186.5625,190.5684,187.59050549264248,187.95112164991278,55.7142857142857,83.3333333333333,-0.36061615727030016,-1.507207239278445,1.1465910820081449,186.5625,3.9786441422314707,194.51978828446295,178.60521171553705,0.7782040715972769,0.08530426301556096,3.6664285714285763,10946355.65,0.9774327972403494,16715902.0,-0.002506920144147884,0.009686371014138627,-0.0038595942210197733,0.029817750458319914,0.012994590007425533,0.037819920665109086,73.52607709333758,71.63643234665706,1,1,0.040473323210639345,AAPL,US,Technology
2025-03-11,189.74,194.65,191.52,192.91,5376054,191.34199999999998,187.09300000000002,186.5165,190.6714,188.4088892630052,188.31844599429886,60.869565217391305,80.66298342541431,0.09044326870633768,-1.1876771376814885,1.2781204063878262,186.5165,3.8946282506181227,194.30575650123626,178.72724349876376,0.9104050237705521,0.08352351133754377,3.7542857142857184,10350564.65,0.5193971210645865,22091956.0,0.010052882349861125,0.016225182727612725,0.016707072836425006,0.047569915829486886,-0.004746427281638654,0.045186108251611845,84.41043083421708,78.06122448537072,1,0,0.02959929500803482,AAPL,US,Technology
2025-03-12,193.15,193.87,192.37,193.03,8567997,191.58200000000002,187.918,186.671,190.76879999999997,189.119829376389,188.66745001421404,70.30026109660571,80.0853485064011,0.4523793621749519,-0.8596658377102004,1.3120451998851523,186.671,4.09378463424316,194.85856926848632,178.48343073151366,0.888332592408546,0.08772192004588251,3.5121428571428623,10662429.95,0.8035688146707295,30659953.0,0.0006220517339692311,0.00777081282698145,-0.0006212787988577958,0.04464768914384676,0.016268295251131937,0.006255538758275447,85.09070294302208,81.00907029019227,0,1,-0.0037299901569703975,AAPL,US,Technology
2025-03-13,192.48,192.05,190.89,191.41,12403813,191.96200000000002,188.954,186.828,190.9216,189.47216331848298,188.8706018755191,64.21895861148197,47.505938242280195,0.6015614429638845,-0.5674203815753834,1.168981824539268,186.828,4.216700630885807,195.26140126177162,178.39459873822838,0.7716578908677343,0.09027984308269084,3.4192857142857207,10865645.25,1.1415623806085164,18256140.0,-0.008392477853183422,0.006060289431032677,-0.005559019118840577,0.05722176194421413,0.016678174961491488,0.010025856155348123,75.90702947415491,81.80272108379803,0,1,-0.005224387440572631,AAPL,US,Technology
2025-03-14,190.86,189.73,188.14,188.85,2107137,191.43800000000002,189.86,186.923,190.9198,189.37644588487018,188.86907581059276,55.65943238731216,46.18937644341803,0.5073700742774179,-0.35246229040482313,0.859832364682241,186.923,4.240927281917572,195.40485456383516,178.44114543616485,0.6135954398229557,0.09075239070408436,3.4542857142857213,10743687.95,0.19612788585060442,16149003.0,-0.013374431847865798,0.008419380460638518,-0.010531279471809117,0.05039212414483574,0.010163145225996262,-0.013683605786807385,61.39455781964879,74.13076341227527,1,1,0.020280646015356174,AAPL,US,Technology
2025-03-17,189.89,199.24,198.3,198.72,14602227,192.98399999999998,191.329,187.414,191.05540000000002,190.81391574873632,189.59877393105018,68.91716437289013,71.87688593844298,1.2151418176861455,-0.03894146878662933,1.254083286472775,187.414,4.9850454255426095,197.3840908510852,177.44390914891477,1.0669958362366572,0.10639643624309839,4.07285714285715,10411010.0,1.4025753118501172,30751230.0,0.052263701350278025,0.0047302737519890675,0.04650060561353159,0.07982394174862795,0.05198517734250929,0.040473323210639345,97.54948161651507,78.28368963677293,0,0,-0.0375905797101449,AAPL,US,Technology
2025-03-18,198.93,200.94,196.76,198.62,11837794,194.126,192.73399999999998,187.99550000000002,191.1184,192.0148517873923,190.26701292655406,68.22011585044758,73.56392835083383,1.7478388608382431,0.3184145971383453,1.429424263699898,187.99550000000002,5.576240456756275,199.14798091351258,176.84301908648746,0.9763289926885598,0.11864625390983549,4.291428571428578,10267697.9,1.1529159664002222,18913436.0,-0.0005032206119162108,0.021045211962435615,-0.001558337103495923,0.07612288020805114,0.062195839349697746,0.02959929500803482,89.87783594721304,82.94062512779232,0,0,-0.014651092538515709,AAPL,US,Technology
2025-03-19,199.95,192.96,191.78,192.31,5815316,193.982,192.78199999999998,188.348,191.0494,192.06025920471657,190.41834530811738,63.88067061143981,48.54227405247815,1.641913896599192,0.5831144570305148,1.058799439568677,188.348,5.616898938399819,199.58179787679964,177.11420212320039,0.6763428558522531,0.11928767894259544,4.475714285714294,10106313.25,0.5754141278557611,13098120.0,-0.031769207531970656,0.0061359263688517025,-0.03820955238790587,0.00250221550331009,0.03805462593112385,-0.0037299901569703975,62.347294936197756,83.25820416664197,1,0,0.035255576933076904,AAPL,US,Technology
2025-03-20,191.42,193.15,188.22,190.41,6885446,193.78199999999998,192.872,188.839,190.88019999999997,191.80637317322174,190.41772713712396,62.888349514563096,44.141323792486574,1.3886460360977821,0.7442207728439684,0.6444252632538138,188.839,5.324645676374521,199.48829135274903,178.18970864725097,0.5737607765337689,0.11278699159276039,4.543571428571438,10046989.95,0.685324196494872,6212674.0,-0.009879881441422711,0.02589149729517418,-0.005276355657688406,0.004749089757796421,0.054377318788415785,-0.005224387440572631,42.396061266827346,64.87373071674607,1,1,0.043747702326558446,AAPL,US,Technology
2025-03-21,191.47,194.29,191.4,192.68,9031012,194.548,192.993,189.3285,190.7292,191.9407773004184,190.58530291020563,61.02472597501911,52.759669708822265,1.3554743902127768,0.8664714963177302,0.4890028938950466,189.3285,5.197447020057282,199.72339404011456,178.93360595988543,0.6612089544349924,0.10980802193076755,4.395714285714293,9532608.15,0.9473809172171923,15243686.0,0.011921642770862828,0.014998962009471598,0.006319527863339888,0.006319527863372976,0.05352944392804426,0.020280646015356174,51.06635070787526,51.93656897030014,1,1,0.02428897654141582,AAPL,US,Technology
2025-03-24,193.54,194.73,188.47,191.25,12296351,193.054,193.019,189.618,190.50619999999998,191.8345038695848,190.63453973315762,58.32502492522433,55.48446069469836,1.1999641364271838,0.9331700243396209,0.2667941120875629,189.618,5.131462908268356,199.88092581653672,179.35507418346327,0.5795094902075022,0.10824843439423049,4.758571428571435,9911688.15,1.2405908633645961,2947335.0,-0.007421631720988198,0.032732026143619655,-0.01183217939437925,0.0013613278182103006,0.031219670009705602,-0.0375905797101449,24.29687499810189,39.25309565760151,1,1,0.01584313725490194,AAPL,US,Technology
2025-03-25,188.44,197.55,194.23,195.71,8294326,192.472,193.299,190.196,190.37940000000003,192.43073404349485,191.01049976342816,55.198285101822066,40.86217364905894,1.420234280066694,1.0305828754850357,0.38965140458165837,190.196,5.1341892200575385,200.46437844011507,179.92762155988493,0.7684941946476275,0.10797680750448048,4.416428571428578,9849316.5,0.842121903370462,11241661.0,0.02332026143790844,0.016963875121266455,0.038579919337515554,0.014514540459281688,0.06277491175672001,-0.014651092538515709,59.14062499537975,44.83461690045232,0,1,-0.017883603290583028,AAPL,US,Technology
2025-03-26,195.62,199.29,198.93,199.09,17923033,193.828,193.905,190.9115,190.4136,193.45523649834178,191.6089812779166,62.48045857217302,51.189873417721515,1.8462552204251779,1.1937173444730642,0.6525378759521137,190.9115,5.332963306789727,201.57742661357943,180.24557338642055,0.8833937873107092,0.11173686879547409,4.44928571428572,10087611.2,1.7767369169881453,29164694.0,0.017270451177763047,0.0018082274348193129,0.017738472548728457,0.031394083821167706,0.07744344626041788,0.035255576933076904,85.54687499331672,56.32812499559947,0,0,-0.056908935657240534,AAPL,US,Technology
2025-03-27,200.6,200.08,197.67,198.74,12294449,195.494,194.638,191.796,190.37080000000003,194.26827703705845,192.1372048996131,59.88577644819147,73.31399564902102,2.131072137445358,1.3811883030675232,0.7498838343778347,191.796,5.071898222454207,201.9397964449084,181.65220355509157,0.8422781616760071,0.10577693429326504,4.370714285714292,10196263.45,1.2057797304384352,16870245.0,-0.0017579988949720793,0.012126396296608125,-0.009272183449604753,0.03829475993939724,0.09770781552057439,0.043747702326558446,82.81249999353038,75.83333332740897,0,0,-0.035674750930864474,AAPL,US,Technology
2025-03-28,199.5,198.1,196.77,197.36,6748359,196.43,195.48899999999998,192.6745,190.42280000000002,194.74392672366483,192.5240786193337,58.4550039819485,76.18688771665416,2.2198481043311347,1.5489202633202457,0.670927841010889,192.6745,4.353689874842101,201.3818797496842,183.9671202503158,0.7690533853999474,0.09038435028650928,4.379285714285719,10254190.3,0.6581073828805982,10121886.0,-0.00694374559726274,0.006738954195344777,-0.01072681704255268,0.04506221869208371,0.09772512375549258,0.02428897654141582,72.0312499943727,80.13020832707328,0,0,-0.002584110255370975,AAPL,US,Technology
2025-03-31,196.93,194.37,194.21,194.28,7901037,197.036,195.04500000000002,193.187,190.42579999999998,194.67255338156255,192.65414687242463,51.764099922740144,55.68181818181816,2.018406509137918,1.6428175124837805,0.3755889966541377,193.187,3.8575614058608156,200.90212281172165,185.47187718827837,0.5708349060735982,0.07987207018776321,4.342857142857148,10154852.35,0.7780552537472144,2220849.0,-0.015605999189298836,0.0008235536339261532,-0.013456558167808608,-0.022342995169082114,0.055697440634679074,0.01584313725490194,47.96874999625251,67.60416666138521,0,0,-0.006691373275684587,AAPL,US,Technology
2025-04-01,194.06,194.55,190.33,192.21,11205165,196.336,194.404,193.56900000000002,190.3974,194.29369901516833,192.62124710347126,48.994605198626786,53.26086956521742,1.6724519116970669,1.6487443923264378,0.023707519370629093,193.56900000000002,3.296873957967414,200.16274791593486,186.97525208406518,0.39694783469711387,0.06812813948411964,4.537142857142862,9966391.3,1.1242949968967204,-8984316.0,-0.010654725138974586,0.02195515321772043,-0.009533134082193452,-0.032272681502366285,0.04139350923768759,-0.017883603290583028,31.79687499751601,50.59895832938042,0,1,-0.014515373809895538,AAPL,US,Technology
2025-04-02,190.98,188.28,187.35,187.76,14393433,194.07,193.949,193.3655,190.3428,193.28851455129626,192.26115471909614,45.815180004586104,22.977566281441156,1.0273598322001192,1.5244674803011742,-0.497107648101055,193.3655,3.527413656668302,200.4203273133366,186.3106726866634,0.10271883696529585,0.0729688317026576,4.731428571428576,10088276.8,1.4267482800681797,-23377749.0,-0.023151761094636125,0.00495313165740868,-0.016860404230721222,-0.023659716083407112,-0.021216702288484712,-0.056908935657240534,3.0169242087551673,27.594183067507913,0,1,-0.01922667234767783,AAPL,US,Technology
2025-04-03,187.95,194.41,189.44,191.65,28099168,192.652,194.073,193.4725,190.32479999999998,193.0364353895584,192.21588399842506,53.1152647975078,25.55847568988179,0.8205513911333355,1.3836842624676067,-0.5631328713342711,193.4725,3.435567638686056,200.3436352773721,186.6013647226279,0.3673799942224108,0.07102958071391635,4.972857142857147,10907156.7,2.5762135996255013,4721419.0,0.020717937792927188,0.02593268979897765,0.019686086725088224,0.006512263011396513,0.011292280090760443,-0.035674750930864474,31.64091243328625,22.151570546519157,0,0,-0.05348291155752671,AAPL,US,Technology
2025-04-04,189.96,197.95,195.97,196.85,9523745,192.55,194.49,193.7415,190.4204,193.62313763731862,192.5591518555753,47.67817233672709,45.29147982062777,1.0639857817433267,1.3197445663227507,-0.255758784579424,193.7415,3.4808472577184175,200.70319451543685,186.77980548456316,0.7232574262188576,0.0718658058846547,4.680714285714288,10800259.5,0.8818069712299995,14245164.0,0.02713279415601355,0.010058420116789086,0.036270793851146114,0.021642100892671712,0.028098396615657828,-0.002584110255370975,69.9043414223764,34.854059354805955,0,0,-0.12354584709169414,AAPL,US,Technology
2025-04-07,195.87,195.23,191.18,192.98,10776120,192.29000000000002,194.66299999999998,193.841,190.4632,193.52419338542344,192.59032579263507,43.5967302452316,40.292553191489326,0.9338675927883742,1.2425691716158755,-0.3087015788275014,193.841,3.426067102299745,200.6931342045995,186.98886579540053,0.43717285923418964,0.07069850242790876,4.787142857142858,10804099.1,0.9974102331761995,3469044.0,-0.01965963931927861,0.020986630738827842,-0.014754684229260531,0.009045751633986798,0.01041939368553324,-0.006691373275684587,44.226237231403964,48.590497029022224,0,0,-0.1218779148098248,AAPL,US,Technology
2025-04-08,194.05,191.4,187.85,189.42,9875279,191.732,194.034,193.66649999999998,190.3994,192.89277901843522,192.35548684199324,46.500363284088145,39.45312499999998,0.53729217644198,1.1015137725810964,-0.5642215961391164,193.66649999999998,3.562156760932986,200.79081352186597,186.542186478134,0.20197128557238633,0.07357300846382002,4.665,11029060.35,0.8953870766164521,-6406235.0,-0.01844750751373203,0.018741421180346694,-0.02385982994061409,-0.03213938991364784,-0.01809133792960449,-0.014515373809895538,16.26080125559609,43.4637933031255,0,0,-0.08552423186569524,AAPL,US,Technology
2025-04-09,189.41,187.27,181.66,184.15,15083177,191.01,192.54000000000002,193.22250000000003,190.2572,191.54773609252211,191.7476729945621,42.99149126735335,34.641768292682926,-0.1999369020399797,0.8412236376568811,-1.0411605396968608,193.22250000000003,4.150498860313131,201.5234977206263,184.92150227937375,-0.04647045483522144,0.08592164701919609,4.8671428571428565,11354819.35,1.3283501222456593,-21489412.0,-0.02782177172421063,0.030464295411184086,-0.02777044506611172,-0.07504143854538148,-0.04600321193596846,-0.01922667234767783,13.51791530871242,24.66831793190417,0,0,-0.0639695900081455,AAPL,US,Technology
2025-04-10,183.82,183.58,179.66,181.4,6107165,188.95999999999998,190.80599999999998,192.722,189.96919999999997,189.9865459244418,190.98117869016397,37.505538325210466,37.04156479217607,-0.994632765722173,0.47405235698107023,-1.4686851227032431,192.722,4.913903582798463,202.54980716559695,182.89419283440307,-0.07601862801895393,0.10198946841093329,4.910714285714286,11039986.95,0.5531858393015728,-27596577.0,-0.014933478142818313,0.02160970231520621,-0.013165052768941478,-0.08724967293951902,-0.05229611828013159,-0.05348291155752671,8.521057786066587,12.766591450125047,0,0,-0.035667034178610835,AAPL,US,Technology
2025-04-11,181.31,173.39,171.84,172.53,13517787,184.096,188.32299999999998,191.906,189.4782,187.30092347452768,189.61442469907334,32.19855458349183,17.61517615176149,-2.3135012245456608,-0.08345835932427613,-2.230042865221385,191.906,6.641931710134658,205.18986342026932,178.6221365797307,-0.2293059024607871,0.13844135587423106,5.146428571428572,11610519.45,1.1642705474068564,-41114364.0,-0.04889746416758545,0.008983944821138347,-0.048425348849768776,-0.125810701256587,-0.08641779189833199,-0.12354584709169414,2.4433427761174364,8.160771956965496,1,0,0.006607546513649698,AAPL,US,Technology
2025-04-14,174.86,172.65,166.9,169.46,15842208,179.392,185.84099999999998,190.443,188.9534,184.55616601690804,188.1215043367923,24.360226606759127,0.0,-3.565338319884262,-0.7798343514362736,-2.7855039684479883,190.443,8.120068770773589,206.68313754154718,174.20286245845284,-0.14602285375272034,0.1705511627254548,5.107142857142857,11672518.5,1.3572226630248936,-56956572.0,-0.017794006839390253,0.033931311223687415,-0.03088184833563493,-0.12775375746345474,-0.1472423510466988,-0.1218779148098248,7.715491259562529,6.226630607248865,1,1,0.05558833943113406,AAPL,US,Technology
2025-04-15,170.32,174.24,172.41,173.22,12529696,176.152,183.94199999999998,189.173,188.62380000000002,182.81214047584524,187.01768919101124,24.917587744812863,13.782991202346011,-4.205548715166003,-1.4649772241822199,-2.7405714909837835,189.173,8.736750028049274,206.64650005609855,171.69949994390146,0.043508743273341866,0.1847356658297556,5.192857142857144,11707113.6,1.070263376425819,-44426876.0,0.022188126991620427,0.010564599930663018,0.01702677313282632,-0.09879818948025598,-0.12788238848051559,-0.08552423186569524,19.047619047044957,9.735484360908321,1,1,0.03683177462186804,AAPL,US,Technology
2025-04-16,172.56,173.51,171.47,172.37,11366739,173.796,182.403,188.176,188.35479999999998,181.20565732571518,185.93267516801342,24.678317649318217,15.303215303215296,-4.727017842298238,-2.117385347805424,-2.609632494492814,188.176,9.467131728136154,207.1102634562723,169.24173654372768,0.08260853302834502,0.2012399398028621,5.16642857142857,11984684.75,0.9484386355311819,-55793615.0,-0.004907054612631301,0.011835006091478547,-0.0011010662957747837,-0.08196634000852143,-0.10368675575893083,-0.0639695900081455,17.53205128148936,14.765053862698963,1,1,0.03620119510355635,AAPL,US,Technology
2025-04-17,173.79,176.12,173.98,174.93,9998129,172.502,180.731,187.402,188.06740000000002,180.24017158329747,185.1176621864505,28.93896713615024,28.91125343092405,-4.877490603153035,-2.6694063988749464,-2.2080842042780886,187.402,9.89787143518019,207.19774287036037,167.6062571296396,0.18498277427974325,0.21126501179554918,5.293571428571427,12140318.9,0.8235474091584687,-45795486.0,0.014851772350176873,0.01223346481442738,0.0065596409459316146,-0.08724236890164361,-0.08129825114227185,-0.035667034178610835,25.86151368676776,20.81372800510071,1,1,0.06539758760647119,AAPL,US,Technology
2025-04-18,174.86,176.14,171.69,173.67,3442783,172.73,178.413,186.4515,187.7552,179.22937595509785,184.26968720374734,29.963056581761606,31.026018654884595,-5.040311248649488,-3.1435873688298552,-1.8967238798196324,186.4515,10.270117241681438,206.99173448336288,165.91126551663714,0.18886674564154513,0.2203279081504059,5.386428571428569,11860907.45,0.29026301100907664,-49238269.0,-0.007202881152461149,0.025623308573584188,-0.006805444355445617,-0.11775463550927101,-0.09866099231887071,0.006607546513649698,21.803542672405637,21.732369213554268,1,1,0.06823285541544322,AAPL,US,Technology
2025-04-21,174.3,180.21,177.82,178.88,21888187,174.614,177.00300000000001,185.83300000000003,187.56199999999998,179.1756258081597,183.87045111199618,37.786329485065046,69.00059844404545,-4.694825303836467,-3.453834955831178,-1.240990348005289,185.83300000000003,10.338181709208795,206.50936341841762,165.15663658158243,0.33186114841310865,0.22252628347286357,5.552142857142856,12340499.25,1.7736871728518462,-27350082.0,0.029999424195312985,0.013360912343395875,0.026276534710118805,-0.07306456627629798,-0.06467973856209153,0.05558833943113406,38.58293075560118,28.749329038258207,1,1,0.017330053667262924,AAPL,US,Technology
2025-04-22,178.36,180.3,179.04,179.6,15670667,175.89000000000001,176.02100000000002,185.0275,187.27739999999997,179.2409141453659,183.55412139810022,41.97482297403619,85.30640668523668,-4.3132072527343155,-3.6257094152118055,-0.68749783752251,185.0275,10.154077674562098,205.3356553491242,164.7193446508758,0.3663714181061639,0.21951499478741754,5.306428571428571,12709316.3,1.2330061977443902,-11679415.0,0.004025044722719029,0.00701559020040648,0.006952231441988273,-0.051842466476612836,-0.08231567114608351,0.03683177462186804,40.901771335236646,33.762748254414504,1,1,0.01737193763919831,AAPL,US,Technology
2025-04-23,178.77,179.43,177.95,178.61,10128054,177.138,175.46699999999998,184.0035,187.0508,179.14385043069421,183.18789018139339,36.39966624947852,73.25280414150134,-4.04403975069917,-3.709375482309279,-0.3346642683898913,184.0035,9.683027622978067,203.36955524595612,164.63744475404388,0.3607486157645097,0.2104965964870328,4.949285714285714,12319567.35,0.8221111091120331,-21807469.0,-0.005512249443207051,0.008286210178555131,-0.0008950047547077338,-0.030084170513168584,-0.10286804962579732,0.03620119510355635,37.713365538237944,39.06602254302528,1,1,0.023123005430826904,AAPL,US,Technology
2025-04-24,179.31,187.34,185.6,186.37,12577867,179.426,175.964,183.385,187.0128,180.25556574904897,183.42360202102012,39.62376237623762,87.83783783783784,-3.168036271971147,-3.6011076402416524,0.43307136827050563,183.385,9.067711659334451,201.5204233186689,165.2495766813311,0.5822974999526179,0.1977852421797858,5.122857142857143,12333738.25,1.0197934904453245,-9229602.0,0.04344661553104534,0.00933626656645744,0.03937315264045859,0.027398015435501577,-0.06224212538995677,0.06539758760647119,68.72573243668462,49.11362310338641,0,0,-0.0015023877233459881,AAPL,US,Technology
2025-04-25,185.67,188.03,183.51,185.52,6251953,181.796,177.263,182.793,186.9842,181.06547871073374,183.57889076094278,42.1440606571188,81.5366289458011,-2.513412050209041,-3.38356852223513,0.870156472026089,182.793,8.474397416863056,199.74179483372612,165.8442051662739,0.5804481978268198,0.1854424932424479,5.040714285714287,12308917.95,0.507920559506162,-15481555.0,-0.004560819874443234,0.02436394997830771,-0.0008078849571776238,0.07529125369500966,-0.059991892987434126,0.06823285541544322,75.99999999689798,60.81303265727353,0,0,-0.011211729193618014,AAPL,US,Technology
2025-04-28,184.81,185.23,179.38,181.98,12919291,182.416,178.51500000000001,182.178,186.84579999999997,181.20617429369776,183.4604544077585,42.16182048040455,71.78814892501312,-2.254280114060748,-3.1577108406002536,0.9034307265395056,182.178,8.031641767015763,198.24128353403154,166.11471646596846,0.49383687649930474,0.1763471279072486,5.112857142857146,12559830.65,1.0286197586095829,-28400846.0,-0.019081500646830674,0.03214638971297862,-0.015313024186920078,0.07388174200401254,-0.06331068560840025,0.017330053667262924,71.36772361233464,72.03115201530578,1,1,0.02214529069128468,AAPL,US,Technology
2025-04-29,182.78,185.84,180.22,182.72,21815673,183.04000000000002,179.465,181.7035,186.7604,181.4390705562058,183.40560593288595,48.33449802003261,63.150684931506866,-1.9665353766801559,-2.9194757478162345,0.9529403711360787,181.7035,7.680418899622082,197.06433779924416,166.34266220075583,0.5330873879651583,0.16907586038969674,4.9600000000000035,13090356.05,1.6665452987013825,-6585173.0,0.004066380920980439,0.03075744308214343,-0.0003282634861564395,0.05484355155293841,-0.049373081525414975,0.01737193763919831,74.86985328561902,74.0791922982839,1,1,0.033110770577933435,AAPL,US,Technology
2025-04-30,181.68,185.02,180.91,182.74,5548581,183.86599999999999,180.502,181.45250000000001,186.71,181.63921354755874,183.35630178952295,51.66666666666667,61.294964028777024,-1.7170882419642055,-2.678998246645829,0.9619100046816236,181.45250000000001,7.553043914105685,196.5585878282114,166.34641217178864,0.5426152692245344,0.16650184294102446,4.932857142857147,12648113.45,0.4386883927983432,-1036592.0,0.00010945709281973137,0.022490970778031753,0.005834434169937075,0.06016128096536533,-0.02673625905411159,0.023123005430826904,74.96450543895108,73.73402744563494,1,1,0.02249097077815465,AAPL,US,Technology
2025-05-01,181.46,187.14,185.26,186.09,38434820,183.81,181.618,181.17450000000002,186.82,182.32394992485737,183.5587979539703,69.55017301038062,73.00123001230007,-1.234848029112925,-2.3901682031392486,1.1553201740263237,181.17450000000002,7.2543732545118855,195.6832465090238,166.66575349097624,0.6693978179394534,0.1601632294715172,4.564285714285717,13164896.05,2.9194926366704856,37398228.0,0.018332056473678415,0.010102638508194383,0.025515265072051582,0.06379694735036878,-0.02901121836681453,-0.0015023877233459881,90.81874112206253,80.21769994887755,1,1,0.007523241442312978,AAPL,US,Technology
2025-05-02,186.59,187.74,180.0,183.44,8037520,183.394,182.595,180.504,186.83100000000002,182.49564993641778,183.54999810549955,70.40280210157616,36.86098654708521,-1.054348169081777,-2.1230041963277544,1.0686560272459773,180.504,6.284117322767274,193.07223464553454,167.93576535446545,0.6168024023336626,0.1392571316476634,4.7064285714285745,13090584.8,0.6139923852758369,29360708.0,-0.014240421301520811,0.0421936327952345,-0.016881933651230634,0.05625611792480001,-0.06812293624587251,-0.011211729193618014,72.28260869128727,79.3552850841003,1,1,0.008994766681203803,AAPL,US,Technology
2025-05-05,181.68,186.39,185.71,186.01,15124092,184.2,183.30800000000002,180.15550000000002,186.84199999999998,183.03631917696887,183.73222046860155,69.33776837012395,51.90365190365182,-0.6959012916326799,-1.8375836153887395,1.1416823237560596,180.15550000000002,5.724135857557667,191.60377171511536,168.70722828488468,0.7556936166842759,0.1270932246315188,4.575714285714288,13307983.4,1.136467517951103,44484800.0,0.014010030527692896,0.0036557174345267607,0.023833113165874897,0.03985912343470477,-0.03611773240750338,0.02214529069128468,87.80193236184765,83.6344273917325,1,1,0.03483683672920823,AAPL,US,Technology
2025-05-06,185.33,190.29,187.55,188.77,6616256,185.41,184.225,180.123,186.93439999999998,183.91842391897367,184.10538932381536,73.44196683819322,78.08105872622002,-0.18696540484168622,-1.5074599732793288,1.3204945684376426,180.123,5.670358848756594,191.46371769751318,168.7822823024868,0.8812368947784899,0.12592192776547387,4.735714285714288,13145032.25,0.5033274449876344,51101056.0,0.01483791194021844,0.014515018276132148,0.018561484918693336,0.051057906458797486,-0.003431527821771585,0.033110770577933435,91.82795698431043,83.97083267914846,1,0,0.008740795677279145,AAPL,US,Technology
2025-05-07,188.43,188.21,185.77,186.85,12155574,186.232,185.049,180.25799999999998,186.9758,184.36943562374697,184.30869381887024,67.35585323238202,65.5614167294649,0.0607418048767272,-1.1938196176481177,1.254561422524845,180.25799999999998,5.801894971743791,191.86178994348757,168.6542100565124,0.7840451279849135,0.12874646277472526,4.68214285714286,12998652.1,0.9351410416514616,38945482.0,-0.010171107697197757,0.01305860315754316,-0.008385076686258172,0.04613403504842939,0.014661960358403503,0.02249097077815465,81.50537633970401,87.04508856195405,1,1,0.012309339042012368,AAPL,US,Technology
2025-05-08,185.62,189.58,185.82,187.49,5288927,186.512,185.161,180.5625,187.1046,184.84952245086282,184.54434612914454,70.49228944246738,67.0986321094312,0.30517632171827813,-0.8940204297748385,1.1991967514931168,180.5625,6.020670425161059,192.60384085032211,168.52115914967789,0.7876548419865981,0.13337587649988705,4.632857142857148,12957740.2,0.40816735867513704,44234409.0,0.0034252073856035903,0.02005440290138122,0.010074345436859877,0.006009550893384175,0.0335722160970231,0.007523241442312978,77.54611065937895,83.62648132779782,0,1,-0.007840418155634965,AAPL,US,Technology
2025-05-09,186.46,185.4,184.85,185.09,7192854,186.842,185.118,181.1905,187.2106,184.88651899688392,184.5847649344822,60.045292785506305,46.13601236476045,0.3017540624017272,-0.6548655313395253,0.9566195937412525,181.1905,5.789329999412131,192.76915999882425,169.61184000117572,0.6683916791635471,0.1278064799066216,4.3542857142857185,12641493.55,0.5689876281281947,37041555.0,-0.012800682703077548,0.002971527365049651,-0.0073474203582144,-0.0023178094006037764,0.0727989335188084,0.008994766681203803,57.86061587861756,72.30403429256685,1,1,5.4027770273856746e-05,AAPL,US,Technology
2025-05-12,185.7,193.34,191.8,192.49,8920004,188.138,186.169,182.342,187.3798,186.05628530505564,185.17033790349345,67.14551742484703,75.57942340305252,0.8859474015621913,-0.3467029447591819,1.2326503463213732,182.342,5.621226313105171,193.58445262621035,171.09954737378968,0.9513250060484982,0.12331171782857138,4.842142857142861,12295383.35,0.7254758164595319,45961559.0,0.03998055000270151,0.008000415605963903,0.03656435110373429,0.057753599296626046,0.13590227782367514,0.03483683672920823,94.47693306728549,76.62788653509402,0,0,-0.03776819575042867,AAPL,US,Technology
2025-05-13,192.76,194.38,187.25,190.42,7204272,188.46800000000002,186.939,183.202,187.4968,186.72762602735477,185.5592017632288,65.27023532454092,62.827225130889985,1.1684242641259743,-0.043677502982150576,1.212101767108125,183.202,5.465762912029243,194.1335258240585,172.2704741759415,0.8301460434408986,0.11933849875000085,5.233571428571431,12029112.15,0.5989030039176246,38757287.0,-0.010753805392488047,0.03744354584582792,-0.012139448018198091,0.0421409807355515,0.09929569333795163,0.008740795677279145,73.59999999509327,75.31251631366545,0,0,-0.01428421384308376,AAPL,US,Technology
2025-05-14,189.54,189.72,188.7,189.15,8862865,188.928,187.57999999999998,184.041,187.4432,187.10029894622326,185.82518681826986,54.31945307644499,51.21019108280253,1.2751121279534061,0.22008042320496085,1.0550317047484452,184.041,4.981992731722463,194.0049854634449,174.07701453655508,0.756373316580355,0.10828006219691019,4.732857142857147,11903918.45,0.7445333477957968,29894422.0,-0.006669467492910308,0.005392545598702711,-0.002057613168713352,0.03507715880485929,0.09734872657655047,0.012309339042012368,65.13333332899118,77.73675546379,0,0,-0.01681205392545604,AAPL,US,Technology
2025-05-15,189.64,186.03,186.0,186.02,16290164,188.634,187.573,184.59550000000002,187.3734,186.93409910834274,185.83961742434732,50.72547881601858,47.54583086930815,1.0944816839954115,0.3949606753630511,0.6995210086323604,184.59550000000002,4.5092973837090105,193.61409476741804,175.576905232582,0.5789757182885846,0.09771196770635435,4.635000000000003,12218520.2,1.333235318198736,13604258.0,-0.01654771345492989,0.00016127298139898862,-0.019088799831158448,-0.00037616207211566,0.06339678728634301,-0.007840418155634965,44.266666663715654,60.999999995933386,0,1,-0.002526610041930999,AAPL,US,Technology
2025-05-16,187.41,185.46,184.81,185.1,5280614,188.636,187.73899999999998,185.167,187.246,186.6519300147515,185.78483094838757,54.89949748743718,43.04828388598019,0.8670990663639486,0.48938835356323074,0.3777107128007179,185.167,3.7041741746005314,192.57534834920108,177.75865165079892,0.495478074373844,0.08001801994049769,4.282857142857146,12310411.75,0.4289550730132911,8323644.0,-0.004945704762928771,0.003511615343038866,-0.01232591643982539,0.009049280418665484,0.06581447572983246,5.4027770273856746e-05,35.46592489322209,48.288641628642985,0,1,-0.01988114532685037,AAPL,US,Technology
2025-05-19,183.94,186.6,184.12,185.22,5499782,187.18200000000002,187.66,185.48399999999998,187.1306,186.43163308940512,185.74299161881925,54.003843689942336,50.435949027498296,0.6886414705858783,0.5292389769677603,0.15940249361811798,185.48399999999998,3.396312861415984,192.27662572283194,178.69137427716802,0.48056716126775767,0.07324217423384591,4.0585714285714305,11490991.5,0.4786167948504013,13823426.0,0.0006482982171798213,0.013389482777165534,0.0069587909100415485,-0.0042470834901349175,0.03544275491949911,-0.03776819575042867,36.30041724365088,38.67766960019622,0,1,-0.03298779829392062,AAPL,US,Technology
2025-05-20,185.28,188.68,186.92,187.7,10238086,186.63799999999998,187.553,185.889,187.0264,186.62676646026588,185.88795520279683,57.3634204275534,26.026026026025946,0.7388112574690524,0.5711534330680188,0.1676578244010336,185.889,3.1302646600716204,192.14952932014324,179.62847067985678,0.6446363323887371,0.06735771691826364,4.012142857142858,11219362.45,0.912537154681445,24061512.0,0.013389482777237838,0.009376664890733313,0.01306131260787417,-0.005668273560417547,0.045100222717149085,-0.01428421384308376,53.546592485845096,41.770978207572696,0,0,-0.0009589770911027085,AAPL,US,Technology
2025-05-21,189.53,187.32,184.89,185.97,7542021,186.002,187.465,186.257,186.8852,186.52572546637882,185.89403259518946,49.812850904553954,26.94300518134716,0.6316928711893581,0.5832613206922866,0.048431550497071485,186.257,2.6206349170399705,191.49826983407993,181.01573016592008,0.4726211386211708,0.05627997695712687,3.8985714285714317,11090060.8,0.6800702409070434,16519491.0,-0.009216835375599253,0.013066623648905417,-0.018783306072818126,-0.004709660155204687,0.0412070992665583,-0.01681205392545604,41.515994433830606,43.7876680544422,1,0,0.026455879980642028,AAPL,US,Technology
2025-05-22,186.53,186.19,185.03,185.55,6053947,185.908,187.27100000000002,186.216,186.76800000000003,186.37561385616667,185.86854869922144,53.5367080120684,29.545454545454533,0.5070651569452309,0.5680220879428756,-0.060956930997644654,186.216,2.6251845047917235,191.46636900958345,180.96563099041657,0.4365758864547491,0.056390095475740455,3.4285714285714306,10763864.8,0.5624324115969561,10465544.0,-0.0022584287788351975,0.006251684182127432,-0.005253846566207774,-0.010347218518320989,-0.004399849761227648,-0.002526610041930999,13.93762183100031,36.33340291689201,1,1,0.016437617892751222,AAPL,US,Technology
2025-05-23,186.29,185.63,178.06,181.42,10682442,185.172,186.904,186.011,186.6194,185.61321172444875,185.53902657301674,42.68875438037593,26.530612244897867,0.07418515143200466,0.46925470064070135,-0.3950695492086967,186.011,2.8341617158459753,191.67932343169196,180.34267656830804,0.09503016584882373,0.06094610997910325,3.758571428571431,10985389.25,0.9724226228558426,-216898.0,-0.0222581514416601,0.0417263807736648,-0.0261420366094469,-0.019828191690528962,-0.022100043122035506,-0.01988114532685037,20.58823529285603,25.347283852562327,1,1,0.017803990739720055,AAPL,US,Technology
2025-05-26,181.25,180.89,177.69,179.11,7541353,183.95,185.56599999999997,185.8675,186.22719999999998,184.61271761299508,185.06280238197272,34.38914027149323,23.235031277926723,-0.45008476897763217,0.2853868067170346,-0.7354715756946668,185.8675,3.1083925021394037,192.08428500427883,179.6507149957212,-0.043488313919938425,0.0668948041399962,3.7192857142857156,10716492.35,0.7037146157516162,-7758251.0,-0.012732885018189699,0.01786611579466318,-0.011806896551658922,-0.06951010442100891,-0.015770963842180352,-0.03298779829392062,8.50808867534413,14.344648599733498,1,1,0.015353693261124457,AAPL,US,Technology
2025-05-27,178.41,188.17,187.01,187.52,11830195,183.91400000000002,185.276,186.10750000000002,186.0052,185.05999182638047,185.24481702050443,50.89500400748065,55.90349075975364,-0.1848251941239596,0.19134440654883572,-0.3761696006727953,186.10750000000002,3.0370690077577716,192.18163801551555,180.0333619844845,0.6162716418177929,0.06527558551356492,4.152142857142857,10217218.45,1.1578683474396745,4071944.0,0.04695438557311138,0.00618600682590556,0.051062160192528176,-0.015229492700346459,0.02626970227670755,-0.0009589770911027085,58.89754343565631,29.33128913461883,0,0,-0.029810153583617716,AAPL,US,Technology
2025-05-28,188.58,193.17,189.06,190.89,9803162,184.898,185.45,186.51500000000001,185.9768,185.95691616078346,185.66297872302817,54.23306772908364,57.83014236622485,0.29393743775528947,0.2118630127901265,0.08207442496516296,186.51500000000001,3.107402875645025,192.72980575129006,180.30019424870997,0.8519820388786765,0.06664135057509286,4.287142857142854,10429947.5,0.9399051203368838,13875106.0,0.017971416382252414,0.021530724500908666,0.012249443207061854,0.009199048374306074,0.044598883659844546,0.026455879980642028,79.08927501024024,48.83163570708024,0,0,-0.045680758552045675,AAPL,US,Technology
2025-05-29,191.5,189.72,187.71,188.6,9042879,185.508,185.708,186.6405,185.94060000000002,186.36354444373984,185.880535854819,54.382022471910105,56.28284758719542,0.4830085889208533,0.2660921280162719,0.2169164609045814,186.6405,3.139851613991138,192.92020322798228,180.36079677201772,0.6560185193634999,0.0672919674770335,4.325714285714279,8960350.45,1.0092103027945405,4832227.0,-0.011996437739011934,0.010657476139922236,-0.01514360313308022,0.013869476400387049,0.013488097157289491,0.016437617892751222,65.36848411831224,67.78510085473627,0,0,-0.045121951219512124,AAPL,US,Technology
2025-05-30,188.55,185.67,183.83,184.65,9664555,186.154,185.663,186.70100000000002,185.78,186.09992222162603,185.789385050695,39.28961748633878,48.160261651676194,0.31053717093104183,0.2749811365992259,0.03555603433181592,186.70100000000002,3.0861352086880127,192.87327041737603,180.528729582624,0.33385368254767733,0.06611930752746854,4.07714285714285,9041702.2,1.0688865566832586,-4832328.0,-0.020943796394485625,0.009964798266937505,-0.020684168655419367,-0.002431118314424552,0.00659616223288273,0.017803990739720055,41.70161773267222,62.053125620408245,0,0,-0.0443000270782562,AAPL,US,Technology
2025-06-02,184.23,183.72,180.37,181.86,16679914,186.704,185.327,186.49349999999998,185.59220000000002,185.44762649522204,185.49831949119698,38.531618435155416,50.95155709342566,-0.05069299597494137,0.20984631008439245,-0.26053930605933384,186.49349999999998,3.2691303768801623,193.0317607537603,179.95523924623967,0.1456626483212073,0.07011784060812043,3.8735714285714216,9119493.3,1.8290393580266835,-21512242.0,-0.015109666937449195,0.018420763224357053,-0.012864354339614135,-0.01814058956916087,-0.022310628460835313,0.015353693261124457,26.937984494383972,44.66936211512282,0,0,-0.0060486088199714905,AAPL,US,Technology
2025-06-03,180.3,186.35,178.39,181.93,19290974,185.586,184.75,186.1515,185.3166,184.9064531882648,185.23399952872865,40.00553709856033,56.752873563218394,-0.3275463404638401,0.1023677799747459,-0.429914120438586,186.1515,3.3745241769826784,192.90054835396535,179.40245164603465,0.1872522036601697,0.07251135074312154,4.319285714285708,9753229.2,1.9779061505182152,-2221268.0,0.00038491147036179285,0.04375309184827272,0.009040488075379672,-0.030740543420351485,-0.036234571171266605,-0.029810153583617716,27.390180876783656,32.009927701279956,1,0,0.0017039520694772659,AAPL,US,Technology
2025-06-04,182.07,184.33,180.43,182.17,9232990,183.842,184.37,185.9175,184.9782,184.48546039007024,185.0070366005495,44.20704182967193,28.953579858379015,-0.5215762104792532,-0.022421018116053945,-0.4991551923631992,185.9175,3.4840250089725084,192.885550017945,178.94944998205497,0.23109406573000676,0.07495851673895722,4.372857142857137,9607100.0,0.9610589084053556,7011722.0,0.0013191886989500912,0.02140857440840203,0.0005492393035615153,-0.020433403237081316,-0.025046829007225102,-0.045680758552045675,28.940568473582605,27.756244614916753,0,0,-0.004995334028654486,AAPL,US,Technology
2025-06-05,181.55,183.16,177.64,180.09,5975102,182.14000000000001,183.824,185.54749999999999,184.6052,183.80923571467483,184.64281166698945,42.71590578656585,2.714535901926226,-0.833575952314618,-0.1846520049557668,-0.6489239473588512,185.54749999999999,3.6947984419050206,192.93709688381003,178.15790311618994,0.13073087166042743,0.07965180758318186,4.68071428571428,9641408.75,0.6197332293651351,1036620.0,-0.011417906351210316,0.03065134099599844,-0.00804186174603121,-0.029426030719482688,-0.03946877166782237,-0.045121951219512124,15.775917577863861,24.035555642743386,1,1,0.0036093064578821554,AAPL,US,Technology
2025-06-06,179.97,178.47,174.87,176.47,4697071,180.504,183.329,185.11650000000003,184.18739999999997,182.68012252780179,184.0374182098891,38.45341778833462,2.4313725490194145,-1.3572956820873117,-0.41918074038207587,-0.9381149417052358,185.11650000000003,4.216856243570005,193.55021248714004,176.68278751286002,-0.012615293275166055,0.09111789048620143,4.8764285714285664,9516619.6,0.4935650161360851,-3660451.0,-0.02010106058082073,0.020400068000111037,-0.01944768572529062,-0.02728475361040672,-0.046571937976119804,-0.0443000270782562,8.743169398429313,17.819885149958605,1,1,0.016093386977956703,AAPL,US,Technology
2025-06-09,177.05,183.28,178.74,180.76,3273291,180.284,183.494,184.53,183.917,182.38471906198612,183.79464649053173,41.25944584382869,35.1413292589762,-1.4099274285456147,-0.6173300780147838,-0.7925973505308309,184.53,3.9442603202212876,192.41852064044258,176.64147935955742,0.2610451837488288,0.08549851666829057,5.11571428571428,9234283.95,0.3544715175807955,-387160.0,0.024310081033603437,0.02511617614502587,0.020954532617786077,0.009212215956674541,-0.06093823055743164,-0.0060486088199714905,32.18579234796795,18.901626441420387,0,0,-0.053938924540827604,AAPL,US,Technology
2025-06-10,181.49,182.55,181.98,182.24,5554492,180.346,182.966,184.121,183.71759999999998,182.3624545909113,183.67948749118642,45.27249683143219,51.61290322580645,-1.3170329002751089,-0.7572706424668489,-0.5597622578082599,184.121,3.719033405829009,191.55906681165803,176.682933188342,0.3735558547669013,0.08079542052908273,5.042857142857138,9151794.95,0.6069291787476971,5167332.0,0.00818765213542827,0.0031277436347502954,0.004132459088632252,-0.028156996587030747,-0.04295767251339133,0.0017039520694772659,40.273224041515185,27.06739526263749,0,0,-0.05909789288849876,AAPL,US,Technology
2025-06-11,182.88,181.92,180.73,181.26,6530119,180.164,182.003,183.72650000000002,183.58759999999998,182.19284619230956,183.5002661954757,44.63884028992748,47.360126083530275,-1.3074200031661292,-0.8673005146067051,-0.44011948855942407,183.72650000000002,3.5731075594735224,190.87271511894707,176.58028488105296,0.32742612982724817,0.07779188216080052,5.06785714285714,9035157.65,0.7227453609793559,-1362787.0,-0.005377524143986068,0.006565155025893372,-0.00885826771648702,-0.050447901933050376,-0.0417129262490088,-0.004995334028654486,34.918032784977115,35.7923497248201,0,0,-0.06978925300673056,AAPL,US,Technology
2025-06-12,183.26,180.85,180.65,180.74,9740742,180.294,181.217,183.4625,183.36939999999998,181.9693313934927,183.2958020327768,49.065934065934094,44.48727833461843,-1.3264706392841106,-0.9591345395421863,-0.36733609974192427,183.4625,3.589751310839243,190.6420026216785,176.2829973783215,0.3103977292180512,0.07826670433074183,4.570714285714282,8707686.55,1.118637059962033,-11103529.0,-0.0028688072382212493,0.0011065619121327988,-0.013750954927350383,-0.041675503711558815,-0.02838404472637346,0.0036093064578821554,32.076502730487675,35.75591985232668,0,0,-0.08160894102025007,AAPL,US,Technology
2025-06-13,181.77,180.36,178.47,179.31,3905226,180.86200000000002,180.683,183.173,183.01859999999996,181.56020348680153,183.00055743766129,50.28153153153152,46.83441558441558,-1.440353950859759,-1.055378421805701,-0.38497552905405796,183.173,3.6830023507699927,190.53900470154,175.80699529846,0.23778186705269455,0.08042675177564139,4.46642857142857,8638917.15,0.45205035308732494,-15008755.0,-0.007911917671793778,0.01054040488533531,-0.013533586400321694,-0.028919577579203937,-0.03128038897893026,0.016093386977956703,24.262295080641415,30.418943532035414,0,0,-0.08326362166081092,AAPL,US,Technology
2025-06-16,178.65,172.17,170.09,171.01,20438710,178.912,179.59799999999998,182.4625,182.5792,179.93709525806284,182.11236799756983,26.68737644733119,33.94117647058823,-2.175272739506994,-1.2793572853459596,-0.8959154541610344,182.4625,4.538593423423787,191.5396868468476,173.38531315315242,-0.13083971901749034,0.099496464717932,4.477857142857142,9385863.55,2.1776054716238153,-35447465.0,-0.046288550554904995,0.0121630314016012,-0.042765183319100196,-0.05966127790608167,-0.07671957671957674,-0.053938924540827604,3.9861351818029758,20.108310997644036,0,0,-0.026489678966142294,AAPL,US,Technology
2025-06-17,170.33,172.55,170.6,171.47,17019554,176.75799999999998,178.552,181.651,182.2202,178.63446521836084,181.32404444197675,20.123076923076923,14.73044798785132,-2.689579223615908,-1.5614016729999496,-1.1281775506159586,181.651,4.982130066546606,191.61526013309322,171.6867398669068,-0.010875863536324996,0.109707737728263,4.213571428571432,9724936.95,1.7500938399303618,-18427911.0,0.0026899011753698243,0.011372251705771535,0.006692890271785906,-0.0574946407959106,-0.08646776771443787,-0.05909789288849876,7.030056036320404,11.75949543292161,0,0,-0.046830349332244725,AAPL,US,Technology
2025-06-18,173.43,169.78,167.67,168.61,18637399,174.228,177.196,180.783,181.90939999999998,177.0922398001515,180.38226337196008,19.77623223465376,3.1615120274914545,-3.2900235718085753,-1.9071260527616751,-1.3828975190469002,180.783,5.6566505804637846,192.09630116092757,169.4696988390724,-0.037995047900055715,0.12515890499510465,4.257857142857148,10279705.85,1.813028257707563,-37065310.0,-0.01667930250189531,0.012514085759963819,-0.02779219281538489,-0.07443596640500616,-0.0933483895251922,-0.06978925300673056,5.032119914077648,5.349437044067021,0,0,-0.052428681572860514,AAPL,US,Technology
2025-06-19,168.06,167.65,164.65,165.99,7737974,171.27800000000002,175.786,179.805,181.60119999999998,175.3842029078205,179.31616978859975,20.604914933837406,2.8412600370599534,-3.9319668807792425,-2.3120942183651887,-1.6198726624140538,179.805,6.42747023985316,192.65994047970634,166.95005952029368,-0.03734204455368506,0.1429875752024119,4.200000000000007,10363907.2,0.7466270301390744,-44803284.0,-0.015538817389241455,0.018073377914223306,-0.012317029632200858,-0.07829418624021323,-0.10541632983023441,-0.08160894102025007,6.175115207088723,6.079097052495604,0,0,-0.02662811012711619,AAPL,US,Technology
2025-06-20,165.95,166.08,163.01,164.38,11297548,168.292,174.577,178.95300000000003,181.4382,173.69124861430967,178.20978684105373,21.400523560209393,2.6620370370370807,-4.518538226744056,-2.7533830200409626,-1.7651552067030933,178.95300000000003,7.275551778676172,193.50410355735238,164.40189644264768,-0.0007523980074992706,0.1626248630341043,4.113571428571437,10394662.5,1.0868603875440508,-56100832.0,-0.009699379480691661,0.01867623798504286,-0.00946068092793331,-0.06851022836742793,-0.0939256972770367,-0.08326362166081092,5.86975149932008,5.692328873495495,0,0,-0.004136756296386435,AAPL,US,Technology
2025-06-23,165.79,166.87,166.17,166.48,6227051,167.386,173.149,178.32150000000001,181.3786,172.5818257505697,177.34091374154016,26.296409941699892,14.261838440111418,-4.759087990970471,-3.154524014226865,-1.6045639767436062,178.32150000000001,7.7910699724605825,193.90363994492117,162.73936005507886,0.1200297249935919,0.17476456787133093,3.7228571428571513,10328947.4,0.6028736671779675,-49873781.0,0.012775276797663881,0.00420470927436216,0.00416189154952552,-0.07899977871210451,-0.07051532577745534,-0.026489678966142294,16.275797372594923,9.440221359667921,0,0,-0.03129505045651115,AAPL,US,Technology
2025-06-24,167.89,164.71,162.43,163.44,21703854,165.78000000000003,171.269,177.1175,181.183,171.1753910197128,176.31121642715863,23.537722520486042,20.173364854215933,-5.135825407445822,-3.5507842928706563,-1.5850411145751653,177.1175,8.147227410209661,193.41195482041934,160.82304517958067,0.08030200608674538,0.18399598933281391,3.733571428571435,10822630.35,2.0054137758281865,-71577635.0,-0.01826045170591062,0.013950073421353716,-0.02650544999686392,-0.10316066725197548,-0.1284129692832765,-0.046830349332244725,4.844124700007434,8.996557857307492,0,1,-0.0034263338228096574,AAPL,US,Technology
2025-06-25,163.4,161.46,158.41,159.77,5452490,164.012,169.12,175.56150000000002,180.931,169.42071547821854,175.0859411360449,22.52568956192539,13.207547169811306,-5.665225657826369,-3.9736725658617993,-1.6915530919645696,175.56150000000002,8.347707706152375,192.25691541230478,158.86608458769527,0.02707076733207465,0.19019449494575583,3.6985714285714346,10605096.75,0.5141385896230896,-77030125.0,-0.022454723445912816,0.019089941791205618,-0.0222154222764858,-0.11855897605649335,-0.1630258263921629,-0.052428681572860514,5.468435866286003,8.862785979629466,1,1,0.015334543406146262,AAPL,US,Technology
2025-06-26,159.96,162.37,160.93,161.57,7735131,163.128,167.203,174.20999999999998,180.6638,168.21291309695414,174.0847603109915,28.81114903299202,26.28032345013466,-5.871847214037359,-4.353307495496912,-1.5185397185404472,174.20999999999998,8.313681811516792,190.83736362303355,157.5826363769664,0.11990366342232585,0.19088873914170407,3.5114285714285773,10539709.35,0.7339035650064141,-69294994.0,0.011266195155535952,0.00891254564579492,0.0100650162540005,-0.10606395927852175,-0.14331919406150584,-0.02662811012711619,12.706071571664395,7.6728773793192895,1,1,0.009717150461100443,AAPL,US,Technology
2025-06-27,160.27,165.37,162.36,163.7,20374681,162.99200000000002,165.642,173.1625,180.46439999999998,167.5186187743458,173.31551880635894,24.151515151515156,42.02090592334486,-5.796900032013127,-4.642026002800155,-1.154874029212972,173.1625,8.248604905965854,189.6597098119317,156.6652901880683,0.21320907874465506,0.19054021294259932,3.296428571428578,11075215.65,1.839664328372303,-48920313.0,0.013183140434486651,0.018387293830064776,0.02140138516240455,-0.08705593664603206,-0.11345789331167078,-0.004136756296386435,21.91383595601015,13.362781131320196,0,0,-0.023029932803909525,AAPL,US,Technology
2025-06-30,162.97,163.31,159.63,161.27,34726085,161.95,164.668,172.133,180.1122,166.55729280906186,172.42325815391288,19.116347569955778,39.74950560316414,-5.86596534485102,-4.886813871210329,-0.979151473640691,172.133,8.389648446306827,188.91229689261365,155.35370310738637,0.17629752099570214,0.19495735149583363,3.459285714285719,11977524.2,2.8992704603117847,-83646398.0,-0.014844227244960151,0.02281887517813101,-0.010431367736329125,-0.05695573358283135,-0.11321895963928297,-0.03129505045651115,12.165036154310355,15.594981227328313,1,1,0.0060147578594902384,AAPL,US,Technology
2025-07-01,160.98,163.04,162.75,162.88,9551725,161.838,163.80900000000003,171.1805,179.7778,165.99155545382158,171.7163501424216,23.42394447657601,37.73841961852857,-5.724794688600014,-5.054410034688266,-0.6703846539117473,171.1805,8.29974474876931,187.77998949753862,154.58101050246137,0.24997725076181487,0.19394136011335003,3.4778571428571445,11490561.75,0.831266945563654,-74094673.0,0.009983257890494146,0.0017804518663937354,0.011802708410909449,-0.05009622674520331,-0.1047106029791679,-0.0034263338228096574,19.91978609536899,17.999552735229845,1,0,0.016699410609037235,AAPL,US,Technology
2025-07-02,162.87,163.4,161.28,162.22,8129244,162.328,163.17,170.18300000000002,179.45,165.41131615323363,171.01291679845525,23.329493087557537,45.040650406504035,-5.601600645221623,-5.163848156794938,-0.43775248842668546,170.18300000000002,8.106043294648979,186.395086589298,153.97091341070205,0.2544116250430397,0.19052533554118453,3.585714285714289,11435374.45,0.7108856229114892,-82223917.0,-0.004052062868369344,0.013068672173510886,-0.003990912998072173,-0.03789810806002025,-0.1095130921666575,0.015334543406146262,17.357630978708077,16.48081774279582,1,1,0.03230181235359386,AAPL,US,Technology
2025-07-03,161.96,164.16,162.34,163.14,2854849,162.642,162.885,169.3355,178.9854,165.06188289889,170.42973777628356,26.366559485530473,67.64397905759164,-5.367854877393569,-5.204649500914664,-0.16320537647890454,169.3355,7.899170159612533,185.13384031922507,153.53715968077492,0.3039192764836001,0.1865921831999998,3.5621428571428595,11279361.8,0.2531037480237802,-79369068.0,0.005671310565898091,0.011156062277729787,0.007285749567749399,-0.017169709018615698,-0.09411960686323517,0.009717150461100443,33.45120226071763,23.576206444931575,1,1,0.036655633198479975,AAPL,US,Technology
2025-07-04,163.27,159.97,159.89,159.93,23519058,161.888,162.44,168.50849999999997,178.4736,164.27236245290695,169.65197942240584,30.975274725274673,42.51824817518249,-5.379616969498898,-5.239642994631511,-0.13997397486738627,168.50849999999997,7.978341256834847,184.46518251366967,152.55181748633026,0.23119412531764785,0.18938727142636738,3.1357142857142883,12220461.15,1.9245637121833399,-102888126.0,-0.019676351599852815,0.000500218845741964,-0.020456911863658642,-0.027071419880764003,-0.09372697908993022,-0.023029932803909525,10.74964639245058,20.519493210625438,0,1,-0.0051897705246045645,AAPL,US,Technology
2025-07-07,161.65,162.9,161.72,162.24,11665971,162.08200000000002,162.01600000000002,167.5825,178.0788,163.95969130630587,169.10294390958347,35.09848240232479,43.44703770197492,-5.1432526032776025,-5.2203649163607295,0.07711231308312705,167.5825,7.544499477659716,182.67149895531944,152.49350104468058,0.3229670498307132,0.1800784563451361,3.2085714285714295,12640095.15,0.9229337230951364,-91222155.0,0.014443819170887329,0.007273175542361524,0.0036498608103702665,-0.025468524747717325,-0.10245629564062841,0.0060147578594902384,33.685136320696216,25.96199499128815,0,1,-0.014423076923076983,AAPL,US,Technology
2025-07-08,162.61,166.07,165.22,165.6,3898588,162.626,162.232,166.7505,177.7364,164.21204648995112,168.8434665829251,45.21766761995546,67.93703396851701,-4.631420092973968,-5.102575951683377,0.4711558587094089,166.7505,6.714922482602091,180.18034496520417,153.3206550347958,0.45716629628122935,0.16107711779123476,3.210714285714285,12557299.95,0.3104638501158165,-87323567.0,0.020710059171597628,0.005132850241514864,0.01838755304090519,0.013215859030836885,-0.09130816505706763,0.016699410609037235,77.8138528054313,40.74954517285938,0,0,-0.03411835748792269,AAPL,US,Technology
2025-07-09,165.85,168.5,166.62,167.46,15460115,163.674,163.001,166.0605,177.4308,164.71173164534324,168.74098757677422,52.39335721263433,68.58766233766244,-4.029255931430981,-4.887911947632898,0.858656016201917,166.0605,5.790960719312311,177.6424214386246,154.47857856137537,0.5604174362110763,0.13949038378849726,3.134999999999999,13003799.75,1.1888920245106032,-71863452.0,0.011231884057971042,0.011226561566874292,0.00970756707862711,0.04813168930337364,-0.07613373055279704,0.03230181235359386,89.69276510508504,67.06391807707087,0,0,-0.0463991400931566,AAPL,US,Technology
2025-07-10,167.46,169.27,169.0,169.12,13592602,164.87,163.756,165.47949999999997,177.0914,165.38992677682893,168.7690625710893,57.70481144343307,75.900900900901,-3.379135794260378,-4.586156716958395,1.2070209226980166,165.47949999999997,4.725579301718322,174.93065860343663,156.02834139656332,0.692595434700655,0.11422754605107631,3.0449999999999977,13196392.75,1.030023979088984,-58270850.0,0.009912815000597153,0.0015964995269537236,0.009912815000537941,0.04672897196261694,-0.064291247095275,0.036655633198479975,98.61878452130578,88.70846747727406,0,0,-0.06480605487228008,AAPL,US,Technology
2025-07-11,168.98,159.11,159.1,159.1,8376124,164.704,163.296,164.469,176.6046,164.42224573423985,168.0528357139221,40.46018614270939,40.990187332738635,-3.6305899796822416,-4.395043369503164,0.7644533898209227,164.469,3.6511280160328723,171.77125603206574,157.16674396793425,0.13237388715515003,0.08879796231534628,3.5828571428571405,13419937.65,0.6241551633322854,-66646974.0,-0.05924787133396414,6.285355122537068e-05,-0.058468457805311444,-0.02810018326206476,-0.11270983213429264,-0.0051897705246045645,6.35359115963592,64.88838026200894,0,1,-0.004274041483343871,AAPL,US,Technology
2025-07-14,160.07,161.01,159.02,159.9,7566018,164.236,163.15900000000002,163.9135,176.0824,163.7265156212799,167.44892195729668,45.14270032930845,49.92503748125937,-3.7224063360167747,-4.260515962805886,0.5381096267891117,163.9135,3.4427915157672624,170.79908303153454,157.02791696846546,0.20855772257573857,0.08401483747821296,3.4357142857142833,12776303.05,0.5921914483555203,-59080956.0,0.005028284098051561,0.012445278298858883,-0.0010620353595234928,-0.008495070378867764,-0.06496696099643284,-0.014423076923076983,13.720073663561754,39.564149781501165,0,0,-0.0017510944340212165,AAPL,US,Technology
2025-07-15,159.12,160.63,159.42,159.95,14406042,163.106,162.86599999999999,163.3375,175.50600000000003,163.14551321800607,166.89344625672328,50.27422303473489,43.54929577464783,-3.747933038717207,-4.15799937798815,0.4100663392709434,163.3375,3.053699869784722,169.44489973956945,157.23010026043056,0.22267248381702462,0.07478257888766576,3.162857142857141,12645627.45,1.1392112346935197,-44674914.0,0.00031269543464662597,0.007564864019959008,0.00521618903968557,-0.017988703339882117,-0.0671837639237185,-0.03411835748792269,9.07317073082192,9.71561185133988,0,0,-0.005689277899343481,AAPL,US,Technology
2025-07-16,159.86,160.86,158.75,159.69,11240887,161.552,162.613,162.8915,174.9628,162.6138957998513,166.35985764508493,46.994884910485936,29.829351535836196,-3.745961845233637,-4.075591871437248,0.3296300262036107,162.8915,2.8901216055251373,168.67174321105028,157.11125678894973,0.22306528606766363,0.07097047066316893,3.1278571428571422,12275801.85,0.9156946504724944,-55915801.0,-0.001625507971240947,0.01321310038190745,-0.0010634305016824252,-0.015596104056219917,-0.052903149279402206,-0.0463991400931566,8.935361215880638,10.576201870088118,0,0,-0.010833489886655334,AAPL,US,Technology
2025-07-17,158.83,158.41,157.97,158.16,38268006,159.35999999999999,162.115,162.5,174.37619999999998,161.92868106141262,165.75246078245522,40.97131681877444,17.527932960893807,-3.823779721042598,-4.025229441358318,0.20144972031572017,162.5,2.9773195291963037,168.45463905839262,156.54536094160738,0.13557824768415824,0.07328786533361197,2.9792857142857128,13802303.45,2.7725809221662256,-94183807.0,-0.009581063310163396,0.002781992918545876,-0.004218346659924432,-0.030525928650238954,-0.04717151635640704,-0.06480605487228008,1.6814159290547201,6.563315958585773,1,1,0.019790085988871997,AAPL,US,Technology
2025-07-18,158.23,161.09,156.29,158.42,18464176,159.224,161.964,162.202,173.84279999999998,161.38888397504147,165.2093155392849,45.001753770606754,8.591331269349737,-3.820431564243421,-3.984269865935339,0.16383830169191782,162.202,3.0758834417699803,168.35376688353995,156.05023311646005,0.19260863815305043,0.07585315697096241,3.031428571428571,14160634.85,1.3039086800611428,-75719631.0,0.0016439049064238542,0.030299204645686865,0.0012007836693344938,-0.009441630713437288,-0.036257452244798705,-0.004274041483343871,16.409861323851263,9.008879489595556,1,0,0.000631233430122613,AAPL,US,Technology
2025-07-21,158.52,160.61,158.82,159.62,18159249,159.16799999999998,161.702,161.85899999999998,173.18540000000002,161.11674797888122,164.79529216598652,44.19928825622777,56.34146341463428,-3.6785441871053024,-3.9231247301693317,0.24458054306402932,161.85899999999998,2.9537895374527365,167.76657907490545,155.9514209250945,0.3104976698643428,0.07299660908406666,3.0614285714285745,14757244.75,1.2305310426913505,-57560382.0,0.00757480116146958,0.011214133567152026,0.0069391874841853085,-0.01614891518737671,-0.041206150888995596,-0.0017510944340212165,25.654853618978883,14.582043623961633,1,1,0.01071294324019556,AAPL,US,Technology
2025-07-22,160.34,159.86,158.39,159.04,14626597,158.986,161.046,161.639,172.5578,160.7972482898226,164.3689742277481,44.32548179871519,38.91752577319569,-3.571725937925521,-3.8528449717205704,0.2811190337950493,161.639,2.9934294713566074,167.62585894271322,155.6521410572868,0.28294126977500605,0.07407691142207232,3.0150000000000046,14403381.9,1.0154973384759494,-72186979.0,-0.003633629870943622,0.009242957746420928,-0.008107770986602867,-0.03961352657004835,-0.026921194322075404,-0.005689277899343481,21.186440676333834,21.083718539721342,1,0,0.01810865191146882,AAPL,US,Technology
2025-07-23,159.98,158.59,157.45,157.96,13399634,158.64000000000001,160.096,161.54850000000002,171.93400000000003,160.3607485529268,163.89423539604536,40.80908445706177,29.735234215886123,-3.533486843118567,-3.7889733460001698,0.2554865028816029,161.54850000000002,3.079045092913844,167.7065901858277,155.39040981417233,0.20863531615148576,0.07623828368309912,2.990000000000005,14800739.1,0.9053354027884052,-85586613.0,-0.006790744466800724,0.007217016966274992,-0.012626578322211248,-0.0567299653648633,-0.011328785128622454,-0.010833489886655334,12.865947610719214,19.902413968677322,1,1,0.012408204608761686,AAPL,US,Technology
2025-07-24,158.47,161.66,160.99,161.29,5277712,159.26600000000002,159.31300000000002,161.5345,171.43939999999998,160.503710314015,163.7013290704057,52.40282685512365,60.02506265664158,-3.1976187563907104,-3.670702428078278,0.4730836716875677,161.5345,3.0795787049507757,167.69365740990156,155.37534259009846,0.48015150578169136,0.0762581047375443,3.0221428571428612,14677868.15,0.3595693588806792,-80308901.0,0.021081286401620547,0.004154008307990784,0.017795166277416535,-0.04629848628193012,-0.0017329949866931038,0.019790085988871997,38.52080122969788,24.191063172250324,0,1,-0.012462024924049797,AAPL,US,Technology
2025-07-25,162.58,159.81,157.48,158.52,5725074,159.286,159.255,161.2755,170.90779999999998,160.19852411185883,163.31752691703002,43.5326842837274,51.95227765726688,-3.119002805171192,-3.5603625034968616,0.44135969832566957,161.2755,3.105584909733629,167.48666981946724,155.06433018053275,0.2781818819667601,0.07702558441212375,3.0821428571428617,13945387.8,0.4105352731363072,-86033975.0,-0.017174034348068634,0.014698460761956309,-0.024972321318581805,-0.0036455059710872595,-0.03164324984728151,0.000631233430122613,17.180277348445394,22.85567539628751,0,1,-0.009525611910169207,AAPL,US,Technology
2025-07-28,159.75,163.1,159.92,161.33,15057051,159.628,159.398,161.27849999999998,170.43,160.37259732541898,163.17030270094935,42.431761786600525,62.36193712829239,-2.79770537553037,-3.407831077903563,0.610125702373193,161.27849999999998,3.1056082970527896,167.48971659410557,155.0672834058944,0.504145725617165,0.07702473167926391,3.13571428571429,12961936.1,1.1616358638247057,-70976924.0,0.017726469846076176,0.01971115105671788,0.009890453834053972,0.008943089430894391,0.00037204687790670654,0.01071294324019556,38.82896763953562,31.510015405892975,0,0,-0.015186264179012032,AAPL,US,Technology
2025-07-29,161.58,162.2,161.7,161.92,13820962,160.204,159.595,161.2305,169.9144,160.61065927535452,163.07768768606167,39.71789161098732,60.30465949820786,-2.467028410707144,-3.2196705444642792,0.7526421337571354,161.2305,3.0869154677848636,167.40433093556973,155.05666906443028,0.5558405313200007,0.07658390857227923,2.990714285714288,13175397.95,1.048997609290609,-57155962.0,0.003657100353313014,0.0030879446640125503,0.002104220819395165,0.012316348859018333,-0.005893909626719096,0.01810865191146882,43.374422184639776,33.12788905754027,0,0,-0.012475296442687633,AAPL,US,Technology
2025-07-30,162.22,161.79,158.42,159.92,12957515,160.59599999999998,159.618,161.1155,169.3934,160.50440400222305,162.8437848944956,33.13782991202339,53.497615262321155,-2.339380892272544,-3.0436126140259327,0.7042317217533887,161.1155,3.090951948405977,167.29740389681194,154.93359610318805,0.4033064877456406,0.07673878548958452,3.1114285714285734,13416811.5,0.9657670180603627,-70113477.0,-0.012351778656126466,0.021073036518127388,-0.014178276414658077,0.0014402905629655738,-0.01417827641474545,0.012408204608761686,53.30396474988186,45.169118191352425,0,0,-0.008441720860430157,AAPL,US,Technology
2025-07-31,158.4,161.26,157.69,159.28,15222257,160.19400000000002,159.73,160.92249999999999,168.868,160.31603415572718,162.57980082823047,50.50279329608941,55.43657331136738,-2.2637666725032943,-2.8876434257214054,0.6238767532181111,160.92249999999999,3.078372562177169,167.07924512435432,154.76575487564565,0.36660971282786,0.07651813915786881,2.6507142857142867,14035181.9,1.084578456045628,-85335734.0,-0.004002001000500188,0.022413360120401682,0.005555555555520454,0.0070814365199798335,-0.02366065955620933,-0.012462024924049797,43.90602055155577,46.861469162025806,0,1,-0.021597187343043722,AAPL,US,Technology
2025-08-01,159.53,157.77,156.4,157.01,7580532,159.892,159.589,160.7765,168.3798,159.80741351638454,162.16722298909332,42.54001032524516,30.685920577617253,-2.3598094727087755,-2.7820766351188797,0.4222671624101042,160.7765,3.1949586522300977,167.1664173044602,154.3865826955398,0.20527787600817246,0.07948820013398046,2.714285714285716,13238255.6,0.5726231352850496,-92916266.0,-0.014251632345555043,0.008725558881544354,-0.015796401930572395,-0.008900391364726645,-0.018257987869693126,-0.009525611910169207,10.57268722311706,35.92755750818491,0,1,-0.001783325902808719,AAPL,US,Technology
2025-08-04,157.01,160.27,157.76,158.88,13263909,159.402,159.515,160.6085,167.9752,159.66473451386383,161.9237249898963,47.47522416234074,51.76817288801565,-2.2589904760324657,-2.6774594033015973,0.41846892726913154,160.6085,3.2022841765456556,167.0130683530913,154.20393164690867,0.3650572602968043,0.07975379077759202,2.8607142857142884,13318152.5,0.9959270254694091,-79652357.0,0.01191006942232975,0.015798086606144394,0.011910069422253963,-0.0046360105249969585,-0.02071005917159774,-0.015186264179012032,38.032305427601756,30.837004400758207,1,0,0.002832326283987996,AAPL,US,Technology
2025-08-05,157.56,160.74,159.23,159.9,6099120,158.998,159.601,160.3235,167.4228,159.70092920403863,161.77381943508635,50.47835990888385,41.47794994040519,-2.0728902310477224,-2.5565455688508223,0.4836553378030999,160.3235,2.980641532850716,166.28478306570142,154.36221693429857,0.4644791233869517,0.07436568021112613,2.8428571428571456,13428179.1,0.45420302338661667,-73553237.0,0.006419939577039235,0.009443402126270019,0.014851485148420615,0.005407444668008132,-0.034420289855072395,-0.012475296442687633,53.01027899368443,33.87175721480109,0,0,-0.004690431519699834,AAPL,US,Technology
2025-08-06,159.56,159.65,157.7,158.57,10316815,158.728,159.66199999999998,159.879,166.7764,159.526940095725,161.53649947692773,50.94252873563218,31.653888280394384,-2.0095593812027346,-2.447148331321205,0.43758895011847043,159.879,2.4814446132056345,164.84188922641127,154.9161107735887,0.3681211749194459,0.062083065648149374,2.877142857142861,13171014.1,0.7832968773986145,-83870052.0,-0.008317698561601028,0.012297408084680076,-0.006204562546965433,0.003861737148645128,-0.05308730443090892,-0.008441720860430157,33.48017620653742,41.507586875941215,1,1,0.011288389985495417,AAPL,US,Technology
2025-08-07,159.31,156.03,155.7,155.84,15914777,158.04,159.11700000000002,159.215,166.1212,158.95971854253654,161.11453655270412,44.67382328654008,29.31034482758632,-2.1548180101675882,-2.388682267090482,0.2338642569228937,159.215,1.434413505670278,162.08382701134056,156.34617298865945,-0.08821950340161806,0.03603714488361697,2.739285714285718,13287122.85,1.1977593630994867,-99784829.0,-0.017216371318660495,0.002117556468158977,-0.021781432427206187,-0.03379006758013514,-0.07852412488174076,-0.021597187343043722,1.8918918916364291,29.460782363952774,1,1,0.023421457905544285,AAPL,US,Technology
2025-08-08,154.9,156.76,156.71,156.73,7128870,157.984,158.938,159.09650000000002,165.56279999999998,158.6166849206078,160.78975606731382,43.95650355499786,37.38872403560826,-2.1730711467060075,-2.3455600430135872,0.1724888963075797,159.09650000000002,1.5385306558315612,162.17356131166315,156.0194386883369,0.11546102589089861,0.038681697103880835,2.6485714285714295,13224760.15,0.5390547261415001,-92655959.0,0.00571098562628336,0.0003190199706480185,0.011814073595791931,-0.011291950542518414,-0.014896291640477677,-0.001783325902808719,13.918918917037988,16.430329005070625,1,1,0.019524022203790015,AAPL,US,Technology
2025-08-11,157.73,159.39,159.28,159.33,26550247,158.07399999999998,158.738,159.068,165.1122,158.72642570205275,160.68162598825205,50.559197840339415,61.111111111111185,-1.9552002861993003,-2.26748809165073,0.31228780545142953,159.068,1.52810718829979,162.12421437659958,156.01178562340044,0.5428634852095431,0.03842651415219097,2.733571428571427,14173971.6,1.8731690648251995,-66105712.0,0.01658903847380855,0.0006903910123598495,0.01014391681981791,-0.01239695035021382,-0.003564727954971869,0.002832326283987996,49.05405404742541,21.621621618699958,0,1,-0.0011297307475052198,AAPL,US,Technology
2025-08-12,159.7,160.02,158.45,159.15,17630402,157.924,158.46099999999998,159.028,164.6566,158.79159097866,160.56817221134304,52.37714742309229,51.542857142857194,-1.7765812326830428,-2.1693067198571927,0.3927254871741499,159.028,1.514211971529403,162.0564239430588,155.99957605694118,0.5201424902480212,0.03808667584374788,2.732142857142857,14335189.6,1.2298686841317619,-83736114.0,-0.0011297307475052198,0.009864907320076385,-0.003443957420141134,-0.017107213438735114,-0.005001562988433794,-0.004690431519699834,46.621621615321594,36.53153152659501,1,1,0.005529374803644238,AAPL,US,Technology
2025-08-13,158.97,160.66,160.12,160.36,79434516,158.282,158.505,159.06149999999997,164.2204,159.03288467425077,160.55275204753966,47.97031863814933,52.57270693512307,-1.5198673732888892,-2.039418850543532,0.5195514772546428,159.06149999999997,1.5368706242802603,162.13524124856048,155.98775875143946,0.7112246761006532,0.03864846299753474,2.575714285714286,17744871.05,4.476477247972041,-4301598.0,0.007602890355010938,0.003367423297559395,0.008743788136071405,0.0027513756878441153,0.004195629031248149,0.011288389985495417,62.9729729644634,52.88288287573681,0,0,-0.025692192566724947,AAPL,US,Technology
2025-08-14,160.25,160.87,158.4,159.49,8998041,159.012,158.526,159.128,163.80839999999998,159.1032101089814,160.47402967364698,52.30842455973346,55.424528301886866,-1.3708195646655952,-1.9056989933679447,0.5348794287023495,159.128,1.52453478667284,162.17706957334568,156.0789304266543,0.5593623711648279,0.03832222579717623,2.48,16281372.8,0.5526585846214034,-13299639.0,-0.00542529309054629,0.015486864380114816,-0.004742589703558492,0.0013184329482671675,0.008409205867476066,0.023421457905544285,51.21621620929534,53.60360359636013,0,1,-0.009279578656969156,AAPL,US,Technology
2025-08-15,160.14,161.21,158.66,159.79,4993366,159.624,158.804,159.1965,163.4748,159.20887009221502,160.4233608089319,45.83783783783778,82.6446280991734,-1.214490716716881,-1.767457338037732,0.5529666213208511,159.1965,1.5218246492760026,162.24014929855198,156.152850701448,0.5974980921233045,0.03823764088447773,2.3350000000000017,15607832.3,0.3199269177227822,-8306273.0,0.0018809956737098066,0.015958445459566012,-0.0021855876108268315,0.017705878606458114,0.008647897992677622,0.019524022203790015,62.9230769133965,59.037422029051754,0,0,-0.014080981287940442,AAPL,US,Technology
2025-08-18,158.66,159.15,159.14,159.15,7051851,159.588,158.83100000000002,159.173,163.0426,159.19981315495116,160.32903778604717,42.53369272237202,70.86206896551734,-1.1292246310960081,-1.6398107966493873,0.5105861655533792,159.173,1.518566151960746,162.21013230392148,156.13586769607852,0.4962135333277196,0.038161400537809816,2.3192857142857184,15052462.4,0.46848484614152924,-15358124.0,-0.004005256899680787,6.283380458659437e-05,0.0030883650573359433,0.0016993957703927975,-0.002944493171281759,-0.0011297307475052198,56.65024629611679,56.92984647293622,0,0,-0.0035815268614514117,AAPL,US,Technology
2025-08-19,160.74,160.15,159.94,160.03,13176284,159.76399999999998,158.844,159.2225,162.5984,159.3275342080356,160.3068868389324,50.31554790590938,58.57843137254891,-0.9793526308968126,-1.5077191634988725,0.5283665326020599,159.2225,1.5300941663443048,162.2826883326886,156.1623116673114,0.63193632410503,0.03843914437556724,2.1407142857142896,14979946.75,0.8795947903089315,-2181840.0,0.005529374803644238,0.0013122539523757778,-0.004417071046382922,0.0008130081300812275,0.006224849094567553,0.005529374803644238,77.87769782772003,65.81700701241112,0,0,-0.013809910641754741,AAPL,US,Technology
2025-08-20,159.39,156.96,155.66,156.24,8697917,158.94,158.61100000000002,159.1365,162.09799999999998,158.8525289452609,160.00563596197202,42.6141885325559,31.079323797139097,-1.1531070167111181,-1.4367967341413217,0.28368971743020355,159.1365,1.6485409019036452,162.4335818038073,155.83941819619272,0.060747932199311364,0.04143715368613196,2.197857142857148,14744860.9,0.5898947754810779,-10879757.0,-0.02368305942635751,0.00832053251402772,-0.019762845849678242,-0.014693826070505067,-0.010888832615852162,-0.025692192566724947,10.45045044856769,48.326131524134844,1,1,0.016129032258064502,AAPL,US,Technology
2025-08-21,155.65,158.11,157.93,158.01,14343081,158.644,158.828,158.9725,161.6434,158.72290910752844,159.85781107589892,52.49003984063746,35.75757575757552,-1.1349019683704853,-1.3764177809871545,0.2415158126166692,158.9725,1.584955171202944,162.1424103424059,155.8025896575941,0.3481818259222958,0.039879983549179376,2.125714285714291,15198129.35,0.9437398331038791,3463324.0,0.011328725038402432,0.0011391684070556779,0.01516222293597702,0.013924537987679564,-0.02033604067208139,-0.009279578656969156,42.3423423347129,43.55683020366689,0,0,-0.012024555407885384,AAPL,US,Technology
2025-08-22,158.96,157.56,157.52,157.54,10781293,158.19400000000002,158.90900000000002,158.9235,161.208,158.54092309098561,159.6861213665719,46.413276231263374,37.57961783439469,-1.1451982755862957,-1.3301738799069829,0.18497560432068716,158.9235,1.614553140064262,162.1526062801285,155.69439371987147,0.2857766390657927,0.040637240938038756,1.9278571428571456,15450940.3,0.6977758047660176,-7317969.0,-0.002974495285108514,0.0002539037704693293,-0.008933064921936858,0.005168123524532664,-0.006182185213222446,-0.014080981287940442,33.87387386777032,28.88888888368365,1,1,0.011171765900723774,AAPL,US,Technology
2025-08-25,158.15,160.12,157.34,158.58,7446232,158.08,158.834,158.786,160.9594,158.54693492314166,159.60418645052903,46.47058823529413,42.9569266589058,-1.0572515273873648,-1.2755894094030593,0.21833788201569448,158.786,1.5127089677260181,161.81141793545203,155.76058206454798,0.46595511680352925,0.03810685999310988,1.9935714285714303,15070399.35,0.4940964955851355,128263.0,0.006601498032245967,0.017530583932289512,0.0027189377173397907,-0.0047072114479382865,-0.01704580673154399,-0.0035815268614514117,52.612612603133044,42.94294293520543,0,0,-0.02238617732374837,AAPL,US,Technology
2025-08-26,159.61,157.85,157.79,157.82,15953731,157.638,158.70100000000002,158.581,160.68640000000002,158.43509878111988,159.4720244912298,47.93160507446222,42.36509758897812,-1.0369257101099265,-1.2278566695444328,0.19093095943450633,158.581,1.3327490386363317,161.24649807727266,155.91550192272732,0.3572499438574164,0.03361686554197369,1.8928571428571448,15177037.8,1.0511754769975286,-15825468.0,-0.004792533736915239,0.00038017995184147827,-0.011214836163077536,-0.008356896010053516,-0.025321146245059212,-0.013809910641754741,38.91891891190636,41.80180179426992,0,1,-0.03351919908756806,AAPL,US,Technology
2025-08-27,158.63,160.2,157.61,158.76,19657470,158.142,158.541,158.523,160.4894,158.48508358402452,159.4192819363236,58.9351285189718,42.75940706955525,-0.9341983522990915,-1.1691250060953646,0.2349266537962731,158.523,1.2961485457375792,161.11529709147516,155.93070290852484,0.5457123530002914,0.03270562746678788,1.8728571428571428,15512035.55,1.2672397938618833,3832002.0,0.005956152578887375,0.016313932980496732,0.0008195171152945593,-0.009977550511349631,-0.007253626813406688,0.016129032258064502,55.85585584579152,49.129129120276986,0,0,-0.03483245149911818,AAPL,US,Technology
2025-08-28,159.06,156.9,155.48,156.11,6934510,157.762,158.203,158.3645,160.2918,158.1196861095592,159.17414994103916,48.28729281767962,49.14809960681523,-1.05446383147995,-1.1461927711722817,0.09172893969233176,158.3645,1.3891893698301938,161.14287873966038,155.5861212603396,0.09427777647588874,0.035088403520269235,2.0414285714285723,15097648.2,0.4593105792920397,-3102508.0,-0.016691861929956975,0.009096150150476713,-0.01854646045505748,-0.021192551257132042,-0.01990205926670008,-0.012024555407885384,10.994764395987334,35.25651305122842,1,0,0.006085452565498528,AAPL,US,Technology
2025-08-29,155.13,159.46,159.17,159.3,12916930,158.11399999999998,158.154,158.47899999999998,160.1902,158.3012728619347,159.1834721676289,49.919743178170144,57.12707182320453,-0.8821993056942006,-1.0933940780766656,0.21119477238246498,158.47899999999998,1.3658500341455975,161.21070006829117,155.7472999317088,0.6502727200690317,0.034473969021434424,2.0907142857142866,15364468.1,0.8407013555710818,9814422.0,0.020434309140990203,0.0018204645323176396,0.026880680719223463,-0.0030665248138179724,0.014585058276542995,0.011171765900723774,66.66666665503216,44.50576229893702,0,0,-0.008788449466415549,AAPL,US,Technology
2025-09-01,158.93,155.09,154.98,155.03,10814438,157.40400000000002,157.742,158.2865,159.96120000000002,157.79800011394477,158.87580756261804,40.95697980684809,40.23346303501951,-1.0778074486732692,-1.0902767521959864,0.012469303522717246,158.2865,1.5633812041404795,161.41326240828096,155.15973759171902,-0.02074631435933147,0.03950763215133589,2.287142857142858,15241994.55,0.7095158875046385,-1000016.0,-0.026804770872567496,0.0007095400890105406,-0.02453910526631515,-0.025887527489789508,-0.024232124874118743,-0.02238617732374837,0.8025682181699123,26.154666423063148,1,1,0.015093852802683383,AAPL,US,Technology
2025-09-02,155.18,153.86,151.46,152.53,11507798,156.346,156.99200000000002,157.918,159.743,156.98753855795326,158.40574774316298,33.734939759036095,28.860936408106184,-1.4182091852097187,-1.1558632387987329,-0.26234594641098585,157.918,1.976934362509349,161.87186872501871,153.9641312749813,-0.18135797803873135,0.05007495947255754,2.434285714285715,15512428.45,0.7418436961851904,-12507814.0,-0.016125911113977986,0.01573460958489655,-0.017076942904903525,-0.04686621258514023,-0.04609130706691689,-0.03351919908756806,10.974358973233329,26.147864615478483,1,1,0.008719596145020825,AAPL,US,Technology
2025-09-03,152.52,154.44,152.26,153.23,9492778,155.24,156.69099999999997,157.651,159.6122,156.40945570288352,158.02235902144577,36.903765690376495,33.89473684210522,-1.6129033185622461,-1.2472712547514355,-0.3656320638108106,157.651,2.228801660554679,162.10860332110937,153.19339667889065,0.0041057176321517485,0.056550270167408836,2.41357142857143,15471226.6,0.6135762620414168,-3015036.0,0.004589261128958189,0.014226979051006854,0.004655127196402599,-0.019265232974910562,-0.03367597906287445,-0.03483245149911818,18.153846151984034,9.976924447795772,1,1,0.0016967956666449346,AAPL,US,Technology
2025-09-04,151.69,158.13,156.21,157.06,5345442,155.43,156.596,157.712,159.522,156.50953944090142,157.9510731680051,45.023696682464475,45.04084014002336,-1.441533727103689,-1.2861237492218862,-0.15540997788180277,157.712,2.193035867416561,162.0980717348331,153.32592826516688,0.4256738102061081,0.055621281003415075,2.5814285714285723,14942759.85,0.3577278692779186,2330406.0,0.02499510539711558,0.012224627530802005,0.03540114707604063,-0.006012277703942748,0.007828542094455937,0.006085452565498528,64.07322653729148,31.06714388750296,0,0,-0.022348147204889757,AAPL,US,Technology
2025-09-05,157.87,159.23,156.83,157.9,20233648,155.15,156.632,157.7705,159.406,156.7234564499935,157.9472899703751,47.73796597900832,55.838225701239374,-1.2238335203815893,-1.273665703453827,0.04983218307223769,157.7705,2.1810342187008276,162.13256843740166,153.40843156259834,0.5148438752559212,0.055296375905178885,2.7064285714285705,15597998.75,1.2971950457942532,22564054.0,0.005348274544759946,0.015199493350125255,0.00019002977132964534,0.002285133934238903,0.007465067313213947,-0.008788449466415549,73.68421051788523,51.97042773572027,1,0,0.0005066497783405843,AAPL,US,Technology
2025-09-08,159.24,160.82,154.62,157.37,5934537,155.618,156.51100000000002,157.67249999999999,159.328,156.82292468845603,157.90452775034717,45.12463343108505,42.38358326756115,-1.081603061891144,-1.2352531751412905,0.15365011325014644,157.67249999999999,2.1511022266409636,161.9747044532819,153.37029554671807,0.464843604743835,0.054571398985297136,3.077857142857141,14567213.25,0.40738997162755397,16629517.0,-0.003356554781507315,0.03939759801716078,-0.011743280582694431,-0.007630218186404414,-0.012301512583945295,0.015093852802683383,63.14102563427987,66.96615422981887,1,0,0.01493296053885751,AAPL,US,Technology
2025-09-09,158.51,153.94,153.79,153.86,6470619,155.88400000000001,156.11499999999998,157.408,159.1476,156.36709012100124,157.60493310217248,45.5925925925926,45.08816120906806,-1.2378429811712408,-1.2357711363472808,-0.002071844823960056,157.408,2.281164522548381,161.97032904509675,152.84567095490323,0.11116351264446236,0.05796819786882213,3.02142857142857,14009224.1,0.461882720408283,10158898.0,-0.02230412403888915,0.0009749122578904899,-0.029335688599903112,-0.025091876821695447,-0.03323908262645303,0.008719596145020825,25.641025638286315,54.15542059681715,1,1,0.01312881840634339,AAPL,US,Technology
2025-09-10,153.09,155.3,152.04,153.49,13883768,155.936,155.588,157.0645,158.97299999999998,155.92446087161645,157.3001232427515,41.17187500000004,54.90797546012274,-1.3756623711350642,-1.2637493833048374,-0.11191298783022674,157.0645,2.329977354754807,161.72445470950962,152.4045452904904,0.11646622950841594,0.05933810262000563,3.1207142857142856,10731686.7,1.293717110310618,-3724870.0,-0.002404783569478819,0.021239168675345498,0.0026128421189979285,-0.03319475938523542,-0.04284110750810677,0.0016967956666449346,21.688034185717136,36.82336181942779,1,1,0.05062219037070803,AAPL,US,Technology
2025-09-11,153.82,153.74,153.4,153.55,10941057,155.234,155.33200000000002,156.76749999999998,158.7812,155.55915919906008,157.0223363358804,42.080190551806325,51.750547045951976,-1.4631771368203204,-1.303634934007934,-0.1595422028123863,156.76749999999998,2.3825193984932223,161.53253879698642,152.00246120301355,0.1623847006033601,0.060791156291400146,3.1100000000000017,10828837.5,1.0103629304287804,7216187.0,0.00039090494494753436,0.0022142624552119123,-0.0017552984007165944,-0.016398693229133343,-0.03724371433945706,-0.022348147204889757,22.329059826674317,23.219373216892603,1,1,0.04422012373819606,AAPL,US,Technology
2025-09-12,151.95,158.59,157.49,157.98,6716495,155.25,155.2,156.677,158.74220000000003,155.93159624535852,157.0932743850746,48.9503149055283,54.722792607802816,-1.1616781397160878,-1.275243575149565,0.11356543543347719,156.677,2.2944144993271856,161.26582899865437,152.08817100134561,0.6419752184860356,0.058576932142242834,3.2714285714285722,10914993.95,0.6153456809432606,13932682.0,0.028850537284272004,0.0069629066970061495,0.03968410661375662,-0.008286252354049117,-0.011327367169409852,0.0005066497783405843,69.65811965067746,37.89173788768965,1,1,0.0011393847322447304,AAPL,US,Technology
2025-09-15,159.29,160.29,159.26,159.72,7198058,155.72000000000003,155.669,156.7055,158.6918,156.51442759222644,157.28784665284724,53.21380243572396,58.55263157894734,-0.773419060620796,-1.1748786722438112,0.40145961162301513,156.7055,2.3300134966825445,161.36552699336508,152.04547300663492,0.823442332358652,0.05947496409934996,3.3799999999999994,10922304.3,0.659023695299929,21130740.0,0.011014052411697728,0.0064487853743648415,0.0026994789377695234,0.030252209249822526,0.0035815268614514117,0.01493296053885751,88.2478632384351,60.078347571928965,1,1,0.015214124718256894,AAPL,US,Technology
2025-09-16,158.19,156.29,155.56,155.88,9237177,156.12399999999997,156.004,156.498,158.4974,156.41682334726852,157.1835617155991,45.5637707948244,44.65949820788527,-0.7667383683305786,-1.0932506114611646,0.326512243130586,156.498,2.199501378898283,160.89700275779654,152.09899724220344,0.42975680688828366,0.05621800608018561,3.4921428571428583,10725348.95,0.8612471428030188,11893563.0,-0.02404207362885047,0.004683089556038663,-0.014602692964064731,0.021962892545728696,-0.02593263763044429,0.01312881840634339,47.222222217177055,68.37606836876321,1,1,0.040159096741082756,AAPL,US,Technology
2025-09-17,156.2,162.3,160.43,161.26,8040924,157.67799999999997,156.80700000000002,156.749,158.3734,157.16192744768873,157.4855201070367,57.317419721511754,73.38811630847023,-0.3235926593479803,-0.9393190210385277,0.6157263616905474,156.749,2.4416170224252007,161.6322340448504,151.86576595514958,0.9618865241361061,0.06230641400990448,3.7164285714285734,10692499.3,0.7520153167543049,19934487.0,0.0345137285091095,0.011596180081783508,0.03239436619697573,0.05240488155061018,0.03213005632360466,0.05062219037070803,90.40590405070037,75.29199650210418,1,1,0.0001240233163835036,AAPL,US,Technology
2025-09-18,162.18,160.82,159.96,160.34,13816288,159.036,157.135,156.86550000000003,158.1978,157.65086168650583,157.69696306207138,51.57958687727824,70.92241905925475,-0.0461013755655415,-0.7606754919439305,0.714574116378389,156.86550000000003,2.5577755034994314,161.98105100699888,151.74994899300117,0.8396017354148877,0.0652221298751637,3.570000000000001,10666159.65,1.295338449641671,6118199.0,-0.005705072553640056,0.005363602344983296,-0.011345418670542964,0.020883738698586507,0.01474590215809135,0.04422012373819606,81.91881918063473,73.18231514950406,1,1,0.01022826493700868,AAPL,US,Technology
2025-09-19,161.36,158.23,158.11,158.16,5587184,159.07199999999997,157.161,156.8965,158.179,157.72919065781264,157.73126209451058,55.076224456698014,62.466197944835024,-0.002071436697946183,-0.6089546808947337,0.6068832441967875,156.8965,2.570108076774549,162.0367161535491,151.7562838464509,0.6229033917673579,0.06552365608558927,3.420714285714285,10406454.2,0.5368959835622028,531015.0,-0.01359610826992641,0.0007587253414214556,-0.019831432820898522,0.0016466117796072322,0.003935508442300506,0.0011393847322447304,61.80811807547883,78.04428043560465,1,1,0.03920080930703107,AAPL,US,Technology
2025-09-22,158.43,163.0,161.47,162.15,11992068,159.558,157.63899999999998,157.075,158.224,158.40931517199533,158.05857601343618,64.88242574257427,61.55124653739617,0.3507391585591506,-0.4170159130039568,0.7677550715631074,157.075,2.806303993734311,162.68760798746862,151.46239201253135,0.9521071140527673,0.07146405204434703,3.511428571428571,10633746.0,1.1277368175112685,12523083.0,0.025227617602427976,0.009435707678017671,0.023480401438973165,0.030374277181165477,0.022512296632614337,0.015214124718256894,92.24452553902884,78.65715426504748,1,0,0.031020659882824653,AAPL,US,Technology
2025-09-23,161.01,164.92,159.91,162.14,21495691,160.81,158.467,157.291,158.2678,158.98326668399602,158.36090371614497,64.08472968700599,57.41421568627447,0.6223629678510463,-0.20914013683295613,0.8315031046840025,157.291,3.0244406181338013,163.3398812362676,151.2421187637324,0.9008179206781058,0.07691325296716447,3.713571428571427,10910844.0,1.9701215625370905,-8972608.0,-6.167129201373189e-05,0.030899222893604864,0.007018197627432938,0.05381515663590264,0.02737295653275873,0.040159096741082756,78.41614906223475,77.48959755891416,1,1,0.00888121376588158,AAPL,US,Technology
2025-09-24,162.06,162.62,160.22,161.28,11059239,160.814,159.246,157.417,158.2996,159.33661027107357,158.57713307050489,57.36217725052338,70.23988005997003,0.7594772005686821,-0.015416669352628426,0.7748938699213105,157.417,3.1391770627928826,163.69535412558577,151.13864587441424,0.807644322215732,0.07976716778424034,3.534999999999999,10480932.45,1.055176912701416,-20031847.0,-0.005304058221290098,0.01488095238086015,-0.0048130322102627925,0.050752492019023876,0.01587301587301604,0.0001240233163835036,71.73913042921289,80.79993501015883,1,1,0.04879712301587302,AAPL,US,Technology
2025-09-25,161.07,164.86,159.68,161.98,6413713,161.142,160.089,157.7105,158.376,159.74328561398534,158.8291972875048,57.152875175315536,54.15704387990761,0.9140883264805382,0.17048432981400496,0.7436039966665332,157.7105,3.281720465017143,164.27394093003429,151.1470590699657,0.8252486039477801,0.08323403869739393,3.7335714285714294,10454892.6,0.6134651623809926,-13618134.0,0.004340277777777679,0.031979256698160444,0.005649717514089197,0.054900683816346385,0.03760169111523903,0.01022826493700868,77.1739130374865,75.77639750964472,1,1,0.06136560069144337,AAPL,US,Technology
2025-09-26,162.28,165.14,163.74,164.36,6966171,162.382,160.727,157.9635,158.4948,160.4535493656799,159.23888637731966,61.508067171550884,69.86166007905138,1.2146629883602316,0.3793200615232504,0.8353429268369812,157.9635,3.5911679305275035,165.14583586105502,150.781164138945,0.9452938516659072,0.09093665132780092,3.516428571428573,10157354.65,0.6858252521659021,-6651963.0,0.014693171996542853,0.008517887563832195,0.012817352723608549,0.04038485884289167,0.03176396735718767,0.03920080930703107,94.0458015195387,80.98628166207938,1,1,0.04027743976636633,AAPL,US,Technology
2025-09-29,165.16,167.33,167.06,167.18,10220723,163.38799999999998,161.473,158.571,158.64600000000002,161.48838792480606,159.82711701603728,72.43935309973045,91.91449814126392,1.6612709087687847,0.6357102309723573,1.0255606777964275,158.571,4.065196182226149,166.7013923644523,150.4406076355477,1.0294332433826228,0.10254576643145366,3.4728571428571433,10127668.9,1.0091880068089503,3568760.0,0.01715745923582368,0.0016150257207703984,0.012230564301209614,0.04670673678938142,0.07837192801393278,0.031020659882824653,99.01896663838983,90.07956039847168,1,1,0.0098696016269888,AAPL,US,Technology
2025-09-30,167.73,163.86,163.35,163.58,7319031,163.676,162.243,159.1235,158.73680000000002,161.81017439791282,160.10510834818288,65.32968702522031,56.89488910318229,1.7050660497299361,0.8495813947238733,0.8554846550060629,159.1235,3.950228874113601,167.02395774822722,151.2230422517728,0.782040619748771,0.09929969801038264,3.5135714285714283,9918230.55,0.7379370972640782,-3750271.0,-0.021533676277066593,0.003117740555061142,-0.02474214511402394,0.04939697202976667,0.07244476496426944,0.00888121376588158,73.07968412971432,88.71481742921429,1,1,0.01656681745934696,AAPL,US,Technology
2025-10-01,165.28,169.3,169.02,169.15,18539178,165.25,163.03199999999998,159.91950000000003,158.9606,162.93937833669546,160.7751003223921,70.30192608016658,72.00251098556193,2.1642780143033633,1.1125207186397714,1.0517572956635919,159.91950000000003,4.2895644178311345,168.4986288356623,151.34037116433777,1.0379625470008151,0.10729309228216212,3.8978571428571422,10370550.55,1.7876752177178077,14788907.0,0.03405061743489424,0.0016553355010248052,0.023414811229287208,0.04892719831328307,0.10389610389610393,0.04879712301587302,98.90829693603284,90.33564923471233,0,0,-0.014188590008867852,AAPL,US,Technology
2025-10-02,169.7,173.92,170.32,171.92,3984425,167.238,164.19,160.6625,159.1732,164.32101243874231,161.60064844665993,68.9608269858542,79.82062780269058,2.720363992082383,1.434089373328294,1.2862746187540892,160.6625,4.996847295517744,170.65619459103547,150.66880540896452,1.0632301395839603,0.12440606353036054,3.8785714285714272,10302499.7,0.38674348257991387,18773332.0,0.016375997635234896,0.020939972079915395,0.013081909251543414,0.07222152925034298,0.09461352349420604,0.06136560069144337,89.10675380778285,87.03157829117669,0,0,-0.03961144718473697,AAPL,US,Technology
2025-10-03,171.59,172.62,169.67,170.98,22693226,168.56199999999998,165.472,161.3165,159.4224,165.3454720635512,162.2954152283893,65.65628476084538,74.88938053097347,3.050056835161911,1.757282865695018,1.292773969466893,161.3165,5.451538918409514,172.219577836819,150.41342216318097,0.943154682727468,0.13517622607422597,3.924285714285714,10425478.6,2.1767081103875547,-3919894.0,-0.005467659376454104,0.017253479939073366,-0.00355498572175802,0.08105715730905416,0.08283723875870797,0.04027743976636633,83.98692810000071,90.66732628127214,0,0,-0.04561937068662991,AAPL,US,Technology
2025-10-06,172.35,168.91,168.76,168.83,3633114,168.892,166.14000000000001,161.8895,159.5724,165.88155328454332,162.7794585448052,68.89407645170708,62.521008403361385,3.1020947397381065,2.0262452405036355,1.075849499234471,161.8895,5.614724509339326,173.11894901867865,150.66005098132135,0.809031190561817,0.13872980049489667,3.7857142857142856,10310407.45,0.35237343094783025,-7553008.0,-0.012574570125160722,0.000888467689386467,-0.02042355671586631,0.041196423065063215,0.0728220118192795,0.0098696016269888,67.8051865864767,80.2996228314201,0,0,-0.019842445063081304,AAPL,US,Technology
2025-10-07,168.57,167.06,165.68,166.29,9797043,169.434,166.555,162.51100000000002,159.65980000000002,165.9443912407674,163.03949865259756,58.00190900413618,47.467273762094436,2.9048925881698437,2.201974710036877,0.7029178781329666,162.51100000000002,5.361381302768021,173.23376260553607,151.78823739446398,0.6762139169887383,0.13196352992068308,3.5521428571428566,10476728.65,0.9351241587111108,-17350051.0,-0.015044719540366125,0.00829875518667206,-0.013525538351939703,0.025595164672505222,0.08078772910438037,0.01656681745934696,51.73940543632256,67.84384004093333,1,0,0.0018642131216548563,AAPL,US,Technology
2025-10-08,166.52,167.32,166.3,166.75,5818828,168.954,167.102,163.174,159.7964,166.0683310498801,163.31435060425713,60.3487245721666,60.98406098406095,2.7539804456229717,2.312375857154096,0.44160458846887574,163.174,4.994434165304947,173.1628683306099,153.1851316693901,0.6789992560199585,0.12243210720517593,3.5328571428571434,10073481.65,0.5776381617136155,-11531223.0,0.0027662517289073207,0.00611694152919859,0.0013812154696049037,0.033916170634920695,0.08638999283340931,-0.014188590008867852,54.64895635327964,58.06451612535964,0,0,-0.006656671664167946,AAPL,US,Technology
2025-10-09,166.9,165.69,164.65,165.11,15069558,167.59199999999998,167.41500000000002,163.752,159.91299999999998,165.92089550374467,163.44736167060853,61.41965165954653,30.76190476190476,2.4735338331361447,2.344607452350506,0.1289263807856389,163.752,4.462640945730759,172.67728189146152,154.8267181085385,0.5760760285186666,0.10900974511953447,3.5235714285714295,10279906.7,1.4659234732234028,-26600781.0,-0.009835082458770517,0.006298831082270567,-0.010724985020906333,0.019323373255957677,0.07528492347769467,-0.03961144718473697,38.1320224692324,48.17346141961155,1,1,0.016110471806674243,AAPL,US,Technology
2025-10-10,163.25,163.54,162.89,163.18,6790796,166.032,167.297,164.012,160.03640000000001,165.49921927239936,163.4275571024153,51.815297849841386,4.7619047619048445,2.0716621699840516,2.290018395877215,-0.21835622589316328,164.012,4.255320632360967,172.52264126472193,155.50135873527807,0.45112001701329507,0.10378071439492276,3.336428571428574,10283621.75,0.6603505559361365,-33391577.0,-0.011689176912361487,0.003983331290574962,-0.0004287901990784955,-0.0071793623752738345,0.032915558931510436,-0.04561937068662991,24.578651683667264,39.119876835393114,1,1,0.052212280916778875,AAPL,US,Technology
2025-10-13,163.4,168.04,163.44,165.48,5674889,165.362,167.127,164.3,160.1684,165.49626246126098,163.57958990964386,55.44683626875409,25.045372050816653,1.9166725516171255,2.215349227025197,-0.29867667540807163,164.3,4.142985193767398,172.58597038753481,156.0140296124652,0.5712046956626791,0.10086391220309643,3.325714285714288,10207463.3,0.5559548221981045,-27716688.0,0.014094864566736032,0.027797921198768415,0.012729498163936688,-0.01016868046417041,0.03606311044327559,-0.019842445063081304,40.73033707579135,34.48033707623035,1,1,0.019881556683587265,AAPL,US,Technology
2025-10-14,165.72,167.35,165.99,166.6,8436542,165.424,167.42900000000003,164.836,160.3024,165.6660682364516,163.8033239904111,58.60284605433376,38.83883883883876,1.8627442460405064,2.144828230828259,-0.28208398478775276,164.836,3.6618220946160145,172.15964418923204,157.51235581076799,0.6204318474382715,0.08885976593932875,3.287857142857145,10167431.55,0.829761295047883,-19280146.0,0.006768189509306355,0.008163265306073362,0.005310161718529359,0.01846191465949376,0.06877084937131128,0.0018642131216548563,48.5955056145649,37.968164791341174,1,1,0.003841536614646035,AAPL,US,Technology
2025-10-15,166.42,166.34,165.09,165.64,8142365,165.202,167.078,165.055,160.4438,165.66205773853596,163.9393740651955,55.86914688903143,46.13555291319854,1.7226836733404696,2.0603993193307013,-0.33771564599023174,165.055,3.5664319483331957,172.18786389666639,157.92213610333363,0.5410073715084048,0.08643014627394703,3.0257142857142867,10172503.6,0.8004287361049707,-27422511.0,-0.0057623049219688305,0.00754648635590711,-0.004686936666237918,-0.020750812887969317,0.027161106287982184,-0.006656671664167946,24.93200362421287,38.08594877152304,1,1,0.026141028737020067,AAPL,US,Technology
2025-10-16,165.53,168.08,167.52,167.77,3800262,165.734,166.66299999999998,165.42649999999998,160.6824,165.986356547992,164.22312413444038,55.51244746201098,55.05952380952386,1.7632324135516058,2.000965938174882,-0.23773352462327635,165.42649999999998,3.4339562499109193,172.29441249982182,158.55858750017813,0.6706122493108506,0.08303279704013959,2.9742857142857173,9671702.3,0.392925825174972,-23622249.0,0.01285921275054358,0.003337903081579927,0.013532290219213901,-0.0241391344811539,0.04633902956218039,0.016110471806674243,44.24297370405797,39.25682764761192,1,0,0.02586874888239854,AAPL,US,Technology
2025-10-17,166.71,172.13,171.36,171.7,12551537,167.438,166.73499999999999,166.1035,160.9818,166.8653786175317,164.77696679114865,57.053682896379506,76.63702506063045,2.0884118263830374,2.018455115816513,0.0699567105665242,166.1035,3.2560652311432867,172.61563046228656,159.59136953771343,0.9296980866308712,0.07841051467605871,3.0735714285714306,10019919.95,1.2526582856923638,-11070712.0,0.023424926983369954,0.004484566103642966,0.02993221762323825,0.004211018832612101,0.08560950935761258,0.052212280916778875,79.87307342884198,49.682683585704275,1,0,0.0068142108328481665,AAPL,US,Technology
2025-10-20,171.77,169.89,167.88,168.77,3023068,168.096,166.72899999999998,166.4345,161.1706,167.15839729175758,165.07274702884143,58.272234619062814,70.9050112191474,2.085650262916147,2.03189414523644,0.05375611767970678,166.4345,3.1683143035851598,172.77112860717034,160.0978713928297,0.6842856938682609,0.07614561412606465,3.0728571428571434,9571469.95,0.3158415269494184,-14093780.0,-0.01706464764123461,0.011909699591088944,-0.017465215113131132,-0.0003553870757566635,0.040826395312981933,0.019881556683587265,53.30915684013537,59.141734657678455,1,1,0.04479469099958533,AAPL,US,Technology
2025-10-21,170.02,168.11,166.54,167.24,18006877,168.224,166.824,166.6895,161.3324,167.1709515545641,165.23328428596432,46.50567142334432,56.984126984127066,1.937667268599796,2.013048769909111,-0.07538150130931509,166.6895,3.0055360761850287,172.70057215237006,160.67842784762996,0.5457905000555647,0.0721229849790657,2.8235714285714306,9397029.25,1.9162306091331354,-32100657.0,-0.009065592226106589,0.009387706290305154,-0.01635101752725356,0.005712911179265312,0.03145429875416328,0.003841536614646035,39.43789664193693,57.540042303638096,1,1,0.036474527624970055,AAPL,US,Technology
2025-10-22,167.09,170.7,169.38,169.97,8478662,169.09,167.14600000000002,167.12400000000002,161.52460000000002,167.6015743923235,165.58415211663367,46.42726273360207,61.85784658691066,2.0174222756898246,2.0139234710652536,0.0034988046245709725,167.12400000000002,2.80370882187885,172.73141764375774,161.5165823562423,0.7537710029869478,0.06710487594509658,2.7300000000000018,9268000.4,0.914831756499303,-23621995.0,0.016323845969863582,0.007766076366371872,0.017236220001093778,0.0193103448275862,0.053881448412698374,0.026141028737020067,72.76464541903754,55.170566300369956,0,1,-0.003824204271342002,AAPL,US,Technology
2025-10-23,169.53,173.02,171.37,172.11,16104334,169.95800000000003,167.846,167.6305,161.77700000000002,168.29517833196604,166.06754825614243,51.98315198315203,71.02014294996762,2.227630075823612,2.0566647920169254,0.1709652838066864,167.6305,2.7397992146923227,173.11009842938466,162.15090157061536,0.9087434560048863,0.0653771053519731,2.737142857142859,9752531.45,1.6512976585891803,-7517661.0,0.012590457139495248,0.009586892103831379,0.015218545390106732,0.042395978438616755,0.06253858501049536,0.02586874888239854,91.01678182714548,67.73977462937331,0,1,-0.02939980245192031,AAPL,US,Technology
2025-10-24,171.59,173.27,172.55,172.87,7406114,170.192,168.815,168.05599999999998,162.03859999999997,168.9989970501251,166.57143357050236,57.45387453874538,68.18830242510703,2.4275634796227337,2.1308445295380873,0.2967189500846463,168.05599999999998,2.863184461948703,173.7823689238974,162.32963107610257,0.9203361731541425,0.06814834250325294,2.661428571428573,9774528.6,0.7576951836127235,-111547.0,0.0044157806054268,0.004164979464313264,0.007459642170246177,0.059382277239857784,0.05177658797760998,0.0068142108328481665,96.14643544353113,86.64262089657139,0,0,-0.031005958234511577,AAPL,US,Technology
2025-10-27,174.59,176.7,176.03,176.33,6726342,171.704,169.9,168.5135,162.38219999999998,170.12684365779816,167.29429034305787,67.91577444682375,67.08487084870859,2.832553314740295,2.271186286578529,0.561367028161766,168.5135,3.3970905120934045,175.3076810241868,161.7193189758132,1.0752348937346976,0.08063663770732292,2.71,9599809.55,0.700674452372396,6614795.0,0.020015040203621215,0.003799693756004014,0.009966206540981975,0.06556683587140455,0.05473142720421098,0.04479469099958533,97.3207820349516,94.82799976854274,0,0,-0.06164577780298308,AAPL,US,Technology
2025-10-28,175.15,174.48,172.43,173.34,13852409,172.92400000000004,170.574,169.0015,162.6484,170.62117540275227,167.74212068801663,60.78559738134207,66.78912564290958,2.879054714735645,2.3927599722099524,0.4862947425256925,169.0015,3.351802774939463,175.7051055498789,162.29789445012108,0.8235945169278927,0.07933190592792667,2.915,9926478.45,1.395500697883377,-7237614.0,-0.016956842284353235,0.011826468212692723,-0.010333999429001817,0.04045618247298921,0.05966499572074824,0.036474527624970055,75.66980448402113,89.71234065416797,0,0,-0.05232491058036226,AAPL,US,Technology
2025-10-29,174.06,170.02,168.75,169.32,7467163,172.794,170.942,169.01,162.91,170.42099457155962,167.85900063705245,56.39234740358332,56.45962732919249,2.5619939345071714,2.4266067646693963,0.1353871698377751,169.01,3.3524146835546667,175.71482936710933,162.30517063289065,0.5231176650816496,0.07934239828494964,3.092857142857144,9372877.7,0.796677652512456,-14704777.0,-0.023191415714780228,0.00750059059764062,-0.027231988969164525,0.022216855831924676,0.0010050251256281673,-0.003824204271342002,46.560463428923974,73.18368331596558,0,0,-0.044472005669737746,AAPL,US,Technology
2025-10-30,169.41,167.46,166.72,167.05,4612555,171.782,170.87,168.7665,163.0908,169.90238002208892,167.79907466393743,55.81605049594231,40.66496163682869,2.103305358151488,2.3619464833658146,-0.2586411252143268,168.7665,3.306474151687276,175.37944830337457,162.15355169662544,0.37021673831214674,0.07836802094414924,3.1199999999999983,9404284.2,0.49047374701056495,-19317332.0,-0.013406567446255457,0.004429811433676021,-0.01393070066693852,-0.004291589676342578,-0.02832712889716138,-0.02939980245192031,27.224736046212435,49.818334653052524,0,0,-0.04058665070338219,AAPL,US,Technology
2025-10-31,168.63,167.84,167.25,167.51,9573957,170.70999999999998,170.451,168.59300000000002,163.2902,169.53432155715214,167.77766172586797,53.22939866369711,33.52435530085948,1.7566598312841677,2.240889152949485,-0.4842293216653175,168.59300000000002,3.275104016023934,175.14320803204788,162.04279196795216,0.4173308698656119,0.07770438905540575,2.8292857142857133,8748320.75,1.0943764156822422,-9743375.0,0.002753666566895907,0.003522177780410013,-0.0066417600663782415,-0.02440302853814791,-0.020294771318282834,-0.031005958234511577,20.84409991207192,31.543099795736122,0,0,-0.05814578234135259,AAPL,US,Technology
2025-11-03,168.59,166.57,164.58,165.46,5023115,168.536,170.12,168.4245,163.42780000000002,168.9075028560518,167.60598307950738,48.23856613102597,25.70491803278685,1.30151977654441,2.0530152776684703,-0.7514955011240603,168.4245,3.348145558991896,175.1207911179838,161.7282088820162,0.2786461230518292,0.07951682941548345,2.904999999999997,8817820.8,0.5696548551253326,-14766490.0,-0.012238075338785626,0.012027076030387728,-0.018565751230686458,-0.01961249037151158,-0.019960907421666785,-0.06164577780298308,7.260726072008167,18.44318734343085,0,0,-0.04000967001087874,AAPL,US,Technology
2025-11-04,165.39,164.55,164.04,164.27,9935671,166.72199999999998,169.823,168.3235,163.5568,168.19404087819768,167.35887322176606,47.89812826020255,3.5439137134050753,0.8351676564316222,1.8094457534211006,-0.9742780969894784,168.3235,3.4449906806057276,175.21348136121145,161.43351863878854,0.20584100393755592,0.08186594695536299,2.8985714285714272,8824752.2,1.1258865573713723,-24702161.0,-0.0071920705910794025,0.0031046447920917678,-0.006771872543643536,-0.017758909351829666,-0.012147453244332085,-0.05232491058036226,1.8167456554648562,9.973857213181658,0,0,-0.01966275035003362,AAPL,US,Technology
2025-11-05,163.03,162.59,161.15,161.79,19926586,165.216,169.005,168.07549999999998,163.6174,167.20880382001343,166.9463640942278,40.922890103217924,3.6888532477945546,0.2624397257856401,1.5000445478940085,-1.2376048221083684,168.07549999999998,3.730894453216184,175.53728890643234,160.61371109356762,0.07882083781139579,0.08879091725311501,2.9471428571428544,9530140.1,2.0909014662962337,-44628747.0,-0.015097096243988695,0.008900426478713749,-0.007605962092819746,-0.04812613990704251,-0.029745127436281882,-0.044472005669737746,4.1157556267448845,4.397742451405979,0,0,-0.011681809753383954,AAPL,US,Technology
2025-11-06,162.92,160.51,160.08,160.27,16182319,163.85999999999999,167.821,167.83350000000002,163.7006,166.14129554001136,166.4518186057664,31.280707500818863,4.613841524573559,-0.3105230657550351,1.1379310251641999,-1.448454090919235,167.83350000000002,4.074518085806666,175.98253617161333,159.6844638283867,0.03592671324843709,0.09710857691181753,2.75785714285714,9585778.15,1.6881589641046548,-60811066.0,-0.009394894616478022,0.0026829724839164872,-0.016265651853570536,-0.06879321364243796,-0.02931379080612928,-0.04058665070338219,1.1432009626267507,2.3585674149455067,0,1,-0.004991576714294732,AAPL,US,Technology
2025-11-07,161.42,159.66,156.26,157.77,10009262,161.91199999999998,166.311,167.563,163.67,164.85340391847117,165.8087209312651,31.72757475083054,4.509803921568448,-0.9553170127939268,0.7192814175725745,-1.6745984303665011,167.563,4.55138972414353,176.66577944828705,158.46022055171292,-0.03791262633551354,0.10864903884786907,2.77142857142857,9746701.45,1.026938295423187,-70820328.0,-0.015598677232170677,0.02155035811610861,-0.022611820096502082,-0.08734887487707521,-0.033153572741757564,-0.05814578234135259,7.387475537799142,4.215477375723602,1,1,0.001964885592951715,AAPL,US,Technology
2025-11-10,156.91,160.34,157.64,158.84,9204805,160.58800000000002,164.562,167.231,163.7462,163.928264854091,165.29251938080097,35.829959514170014,9.898242368177563,-1.3642545267099706,0.3025742287160654,-1.666828755426036,167.231,4.937158675742596,177.10531735148518,157.3566826485148,0.07510986828810921,0.1180919488782121,2.804999999999999,9923197.25,0.927604666166979,-61615523.0,0.006782024465994851,0.01699823721973696,0.012300044611482423,-0.09918902058640056,-0.040125694948029866,-0.04000967001087874,12.622309197034197,7.050995232486706,1,1,0.004658776126920339,AAPL,US,Technology
2025-11-11,159.42,164.02,158.66,161.04,8535145,159.942,163.332,166.953,163.91639999999998,163.4839164150001,164.97751794518604,34.66162830642388,29.835766423357555,-1.4936015301859413,-0.05666092306433607,-1.4369406071216053,166.953,5.127427897307966,177.20785579461594,156.69814420538407,0.2116975548639023,0.1228472180141059,2.9407142857142867,9928127.4,0.8596932529599436,-53080378.0,0.013850415512465242,0.033283656234269314,0.01016183665782112,-0.07095880927656639,-0.0333733493397359,-0.01966275035003362,23.385518589853945,14.465101108229105,0,0,-0.006892697466467812,AAPL,US,Technology
2025-11-12,160.41,160.97,159.04,159.9,7270407,159.564,162.39000000000001,166.666,164.0498,162.93254465884624,164.60140550480185,28.2817502668089,29.97250229147562,-1.6688608459556065,-0.3791009076425903,-1.2897599383130163,166.666,5.36015160822384,177.3863032164477,155.9456967835523,0.1844305677005644,0.12864415317321312,2.865714285714286,9884529.5,0.7355338728531415,-60350785.0,-0.0070789865871832,0.012070043777285409,-0.0031793529081529308,-0.055634301913536466,-0.03465346534653457,-0.011681809753383954,17.808219177211022,17.938682321366397,1,0,0.027392120075046877,AAPL,US,Technology
2025-11-13,159.29,161.57,157.8,159.47,11942721,159.404,161.632,166.251,164.09799999999998,162.3998454805622,164.221301393335,25.88192944564429,36.90744920993225,-1.8214559127728194,-0.6675719086686362,-1.1538840041041831,166.251,5.586696509989029,177.42439301997806,155.07760698002195,0.19655591689685847,0.1344159496172756,3.0521428571428566,10291652.45,1.16042782221743,-72293506.0,-0.0026891807379613164,0.02364081018358526,0.001130014439066337,-0.0453756360371147,-0.049472492102282994,-0.004991576714294732,15.7045009777053,18.966079581590098,1,1,0.012604251583369752,AAPL,US,Technology
2025-11-14,158.21,158.94,157.39,158.08,9240930,159.466,160.68900000000002,165.57,164.1016,161.735253868168,163.76639017901388,14.507973551147316,37.45704467353947,-2.0311363108458806,-0.9402847891040853,-1.0908515217417953,165.57,5.716139661656786,177.00227932331356,154.13772067668643,0.17241878070201508,0.13809602371497878,2.9271428571428584,10126122.1,0.9125832175593441,-81534436.0,-0.00871637298551442,0.009805161943257883,-0.0008216926869298639,-0.05629514655841428,-0.07932440302853805,0.001964885592951715,9.989023051043532,14.500581068653295,1,1,0.028340080971659853,AAPL,US,Technology
2025-11-17,158.8,160.81,158.59,159.58,8262568,159.614,160.101,165.1105,164.14579999999998,161.4036763499883,163.4562872027906,21.59372419488018,61.707632600258805,-2.052610852802303,-1.162750001843729,-0.8898608509585741,165.1105,5.81390391081564,176.73830782163128,153.48269217836872,0.26218647207198614,0.14084879909588857,2.843571428571429,10388097.1,0.7953879449790718,-73271868.0,0.009488866396761164,0.013911517733964703,0.004911838790901066,-0.03553728997945116,-0.05445280559341115,0.004658776126920339,24.12790697499083,16.60714366791323,1,1,0.026883068053640713,AAPL,US,Technology
2025-11-18,159.79,159.94,159.93,159.93,11445641,159.392,159.667,164.745,164.2672,161.17695691152858,163.1950807433246,27.15328467153276,57.77460770328109,-2.018123831796032,-1.3338247678341897,-0.6842990639618425,164.745,5.902091957405536,176.54918391481107,152.94081608518894,0.296046891718854,0.14330248462459452,2.5414285714285705,10060035.3,1.137733568615453,-61826227.0,0.0021932573004135314,6.252735571767884e-05,0.0008761499467997912,-0.026419918426979994,-0.043709638842382215,-0.006892697466467812,31.692573399681226,21.936501141905207,1,1,0.019383480272619158,AAPL,US,Technology
2025-11-19,160.32,165.41,163.38,164.28,3645147,160.26799999999997,159.916,164.46050000000002,164.483,161.6543481559088,163.275445132708,43.87980556783027,67.68558951965076,-1.6210969767992083,-1.3912792096271935,-0.22981776717201474,164.46050000000002,5.7726938662699885,176.00588773254,152.91511226746005,0.49218302560842203,0.1404031695449032,2.7471428571428556,9818359.55,0.37125821377582224,-58181080.0,0.027199399737385166,0.012356951546065524,0.02470059880224119,0.015390320786204503,-0.03347649585220924,0.027392120075046877,69.25734023581545,41.692606870162514,1,0,0.002617482347212041,AAPL,US,Technology
2025-11-20,165.45,163.6,159.78,161.48,26597711,160.67000000000002,160.03699999999998,163.92900000000003,164.6416,161.62752536269204,163.14244919695184,37.925510612735245,57.301293900184774,-1.514923834259804,-1.4160081345537157,-0.09891569970608827,163.92900000000003,5.514929879784,174.95885975956804,152.89914024043202,0.38898317595268594,0.1345687432913118,3.012142857142856,10343028.4,2.5715590637303998,-84778791.0,-0.017044071098125224,0.023656180331783117,-0.023995164702181954,0.007549759780370424,-0.06176282609958761,0.012604251583369752,50.6304558631784,50.5267898328917,0,1,-0.0029725043349020375,AAPL,US,Technology
2025-11-21,162.01,163.49,161.82,162.56,13703510,161.566,160.516,163.4135,164.7332,161.77098299920095,163.09930481199245,43.95833333333332,63.46992153443768,-1.3283218127915006,-1.3984708702012727,0.07014905740977206,163.4135,5.101560416597806,173.6166208331956,153.2103791668044,0.4581745617634298,0.1248748828356675,2.9464285714285734,10657898.2,1.2857608936665492,-71075281.0,0.006688134753529917,0.010273129921196745,0.0033948521695982754,0.030360651581415876,-0.05964019205183091,0.028340080971659853,68.85245900886866,62.91341836928751,1,1,0.026082677165354395,AAPL,US,Technology
2025-11-24,163.03,166.69,161.61,163.87,4981362,162.424,161.019,162.7905,164.81619999999998,162.09390869163158,163.15639334443748,49.17081260364841,75.41703248463558,-1.0624846528058924,-1.3312736267221967,0.2687889739163043,162.7905,4.104569308772046,170.9996386175441,154.58136138245592,0.5657498947043726,0.10085525405344485,3.2078571428571427,10570649.2,0.47124461653267086,-66093919.0,0.008058562992125928,0.031000183071758003,0.0051524259338456176,0.031667086376227616,-0.07066296149265583,0.026883068053640713,72.96260785494135,64.1485075756628,0,0,-0.003478366998230231,AAPL,US,Technology
2025-11-25,164.47,164.69,161.69,163.03,10592099,163.044,161.21800000000002,162.275,164.9592,162.2379227390729,163.14703087447913,52.75800711743774,66.07642124883496,-0.9091081354062283,-1.2468405284590032,0.3377323930527749,162.275,3.273119387725258,168.82123877545052,155.7287612245495,0.5576667018528032,0.08068080450359179,3.199285714285714,10407633.7,1.0177239406759733,-76686018.0,-0.005126014523707867,0.018401521192305703,-0.00875539612081986,0.01235717834078498,-0.05947848159686164,0.019383480272619158,64.90891658054571,68.90799448145192,1,1,0.01760412194074723,AAPL,US,Technology
2025-11-26,162.17,166.45,163.32,164.71,5686201,163.13000000000002,161.699,162.0445,165.0282,162.61824231767707,163.26280636525846,59.80565371024735,69.8175787728026,-0.6445640475813832,-1.1263852322834793,0.4818211847020961,162.0445,2.8908885448827983,167.8262770897656,156.2627229102344,0.7305087136606959,0.07136036199599391,3.3214285714285716,10318585.6,0.5510639412572261,-70999817.0,0.010304851867754428,0.01900309635104725,0.015662576308715287,0.030081300813008083,-0.027226553271911036,0.002617482347212041,81.016299129337,72.96260785494137,0,0,-0.01038188331006018,AAPL,US,Technology
2025-11-27,164.68,161.28,160.77,161.0,7636588,163.03400000000002,161.852,161.742,165.04139999999998,162.36928196111137,163.095191078943,56.77148846960166,35.63922942206659,-0.7259091178316339,-1.0462900093931102,0.3203808915614763,161.742,2.6456848680521063,167.0333697361042,156.4506302638958,0.4298858294321181,0.06542975524071035,3.31642857142857,10469787.25,0.7293927840422179,-78636405.0,-0.022524436889077792,0.0031677018633343057,-0.022346368714948144,0.00959428105599791,-0.036216701586351485,-0.0029725043349020375,38.81720429690147,61.58080666892806,1,1,0.032484472049689295,AAPL,US,Technology
2025-11-28,160.04,167.9,165.93,166.8,6391892,163.882,162.724,161.7065,165.2142,163.05093089017117,163.3696213693917,63.925822253324014,68.44660194174759,-0.3186904792205212,-0.9007701033585924,0.5820796241380712,161.7065,2.56783397356152,166.84216794712304,156.57083205287697,0.9958945994412908,0.06351838605240087,3.616428571428569,10310684.0,0.6199289377960824,-72244513.0,0.03602484472049694,0.011810551558682185,0.042239440139701205,0.055161943319838036,-0.004238552922213423,0.026082677165354395,89.53377734638126,69.78909359087326,0,0,-0.008992805755395628,AAPL,US,Technology
2025-12-01,166.07,163.78,162.91,163.3,17262137,163.768,163.096,161.5985,165.2372,163.0892492147602,163.36446423091823,53.781793842034844,52.19714964370549,-0.2752150161580289,-0.7756590859184798,0.5004440697604509,161.5985,2.4440998235251588,166.48669964705033,156.71030035294967,0.6740415819915109,0.06049808193789026,3.5114285714285693,10922635.1,1.5804002661958134,-89506650.0,-0.020983213429256575,0.005327617881167648,-0.016679713373777938,0.02331119187868147,-0.01305451468632901,-0.003478366998230231,56.23215984241382,61.52771382856553,1,1,0.01567666870789952,AAPL,US,Technology
2025-12-02,163.22,167.72,164.44,165.9,3827524,164.342,163.693,161.68,165.31240000000003,163.5216724124894,163.55228169529468,59.572431397574974,55.598455598455594,-0.030609282805272642,-0.6266491252958384,0.5960398424905657,161.68,2.5621947828473983,166.8043895656948,156.5556104343052,0.9117563609272616,0.063389282108648,3.684285714285711,10617227.75,0.3605012277803659,-85679126.0,0.015921616656460413,0.019770946353105667,0.016419556426807914,0.03732883136372167,0.009922688257137713,0.01760412194074723,80.97050427393243,75.57881382090919,1,0,0.0013261000602773354,AAPL,US,Technology
2025-12-03,166.77,164.22,162.03,163.0,8376150,164.0,163.565,161.74050000000003,165.3468,163.4414151182603,163.51137194008766,55.22034900916888,49.92570579494799,-0.06995682182736118,-0.5153106646021429,0.44535384277478174,161.74050000000003,2.5791583184376643,166.89881663687535,156.5821833631247,0.6220844015636889,0.06378509571620508,3.69142857142857,10039705.95,0.8343022402660867,-94055276.0,-0.01748040988547317,0.01343558282200345,-0.02260598428960487,-0.007791575359142988,0.007478830582854368,-0.01038188331006018,53.37773548493079,63.526799867092365,1,1,0.03846625766871181,AAPL,US,Technology
2025-12-04,164.65,168.8,164.17,166.23,4384403,165.046,164.04000000000002,162.0385,165.4318,163.8704281769895,163.71275179637746,61.43057503506307,53.49586016559333,0.15767638061203115,-0.3807132555593081,0.5383896361713392,162.0385,2.7396336193747213,167.51776723874943,156.55923276125057,0.8824872758053464,0.06762920217992162,3.9571428571428555,9449810.15,0.4639672613986577,-89670873.0,0.01981595092024535,0.027852974793792767,0.009596112966841106,0.029415407480802624,0.037187246521494854,0.032484472049689295,74.8285994050117,69.72561305462499,1,0,0.013715935751669406,AAPL,US,Technology
2025-12-05,165.34,166.07,164.69,165.3,9898272,164.746,164.31400000000002,162.41500000000002,165.4506,164.0903623036065,163.83032573738654,58.15279361459521,61.339662447257425,0.2600365662199522,-0.252563291203456,0.5125998574234082,162.41500000000002,2.637667430452769,167.69033486090555,157.1396651390945,0.7734423572432071,0.06496117798076594,3.8721428571428556,9444260.65,1.0480726145489625,-99569145.0,-0.005594658003970299,0.0083484573502217,-0.0002419257287997467,0.016855314960630086,0.04772770488686073,-0.008992805755395628,61.19733923933515,63.13455804309256,0,1,-0.028251663641863378,AAPL,US,Technology
2025-12-08,165.44,166.32,165.49,165.86,8531208,165.25799999999998,164.513,162.76600000000002,165.42419999999998,164.3626142568978,163.98067197906164,58.40181354491357,46.57434402332362,0.38194227783617407,-0.12566217739552993,0.507604455231704,162.76600000000002,2.603761247035904,167.97352249407183,157.5584775059282,0.797070248157843,0.06398784136785098,3.9192857142857127,9410580.8,0.9065547892054877,-91037937.0,0.0033877797943133725,0.005004220426835764,0.0025386847195205346,0.012143772502593464,0.04419541677159411,0.01567666870789952,67.40576495926771,67.81056786787154,0,1,-0.042807186784034834,AAPL,US,Technology
2025-12-09,165.8,167.06,165.37,166.12,4949195,165.302,164.822,163.02,165.475,164.63298129429816,164.13914072135339,52.94871794871795,63.45419847328246,0.49384057294477657,-0.0017616273274685852,0.49560220027224516,163.02,2.6733755520113918,168.3667511040228,157.67324889597722,0.7898956711186464,0.06559625940363131,3.6485714285714272,9231283.3,0.5361328758989689,-86088742.0,0.001567587121668712,0.010173368649108021,0.0019300361881668465,0.01895356682819105,0.031544957774465976,0.0013261000602773354,70.2882483292363,66.29711750927973,0,0,-0.04069347459667705,AAPL,US,Technology
2025-12-10,166.55,169.63,168.98,169.27,20541604,166.55599999999998,165.278,163.4885,165.47740000000002,165.34636878748307,164.5192043716235,62.34548335974646,65.27651858567549,0.8271644158595848,0.16402358130994213,0.6631408345496427,163.4885,2.908517935123351,169.3055358702467,157.67146412975328,0.9969455344580737,0.07116140731869376,3.577857142857141,9894843.15,2.0759906562045245,-65547138.0,0.01896219600288962,0.0038400189046858017,0.016331432002303616,0.027685022160160333,0.058599124452783036,0.03846625766871181,95.93679457156486,77.8769359533563,0,0,-0.06463047202693917,AAPL,US,Technology
2025-12-11,169.75,169.83,167.45,168.51,21852308,167.012,166.029,163.94050000000001,165.40920000000003,165.83308128171646,164.81481886261435,59.52609670188919,80.98987626546682,1.0182624191021148,0.3348713488683768,0.683391070233738,163.94050000000001,2.953241706825582,169.84698341365117,158.03401658634886,0.8868206916955065,0.07205642795544885,3.6042857142857128,10390322.5,2.103140292022669,-87399446.0,-0.004489868257813057,0.014123790872861553,-0.007304860088322264,0.04664596273291921,0.05668777826550442,0.013715935751669406,85.43046356672929,83.88516882251015,0,0,-0.04777164559966762,AAPL,US,Technology
2025-12-12,168.81,161.13,160.23,160.63,7542048,166.07800000000003,165.412,164.068,165.2022,165.03260723837545,164.50483228019849,45.71428571428571,29.320531757754807,0.5277749581769626,0.373452070730094,0.15432288744686862,164.068,2.7338032116424693,169.53560642328495,158.60039357671508,0.1856028274507667,0.06665049154316026,3.8328571428571427,10305378.4,0.73185544241098,-94941494.0,-0.046762803394457264,0.0056029384298972975,-0.048456844973351995,-0.03699040767386097,0.01613107287449389,-0.028251663641863378,4.166666666232688,61.844641601508954,1,0,0.016435286061134313,AAPL,US,Technology
2025-12-15,159.87,160.2,157.61,158.76,12981810,164.658,164.95800000000003,164.027,165.00079999999997,164.06759074016387,164.07928914833192,44.50167396343033,27.41712707182316,-0.01169840816805845,0.2964219749504635,-0.30812038311852197,164.027,2.809748256186771,169.64649651237352,158.40750348762646,0.03136370950369049,0.0685191646782453,3.8342857142857127,10541340.5,1.2315140345277686,-107923304.0,-0.011641660959970102,0.016313932980496732,-0.006943141302264781,-0.027801592161665778,-0.005138488532397734,-0.042807186784034834,9.410801963223154,33.00264406539505,1,1,0.026643990929705375,AAPL,US,Technology
2025-12-16,159.07,159.63,159.14,159.36,9282971,163.30599999999998,164.304,163.9985,164.8622,163.34334601090788,163.7297121743814,42.91390728476823,27.61707988980723,-0.38636616347352515,0.15986434726566576,-0.5462305107391909,163.9985,2.8560024970480344,169.71050499409608,158.28649500590393,0.09396919252623974,0.06965923461569767,3.6521428571428567,10433207.0,0.8897523177914214,-98640333.0,0.0037792894935753107,0.003074799196767911,0.0018230967498472207,-0.039421338155515295,-0.0035640592759331735,-0.04069347459667705,14.32078559620943,9.299418075221766,0,1,-0.0011295180722892262,AAPL,US,Technology
2025-12-17,160.06,159.28,157.57,158.33,11294382,161.118,163.83700000000002,163.701,164.6938,162.57206200922974,163.3297334947976,46.1933276304534,24.525833878351975,-0.7576714855678688,-0.023642819301041205,-0.7340286662668276,163.701,3.1225898495332114,169.94617969906642,157.45582030093357,0.06998835430845454,0.07629983566414716,3.49857142857143,10815668.75,1.044260989940082,-109934715.0,-0.006463353413654671,0.010800227373139694,-0.010808446832370245,-0.028650306748466137,-0.03621865108351585,-0.06463047202693917,6.199021206672332,9.976869588701648,1,1,0.02917956167498237,AAPL,US,Technology
2025-12-18,157.93,162.37,158.92,160.46,21512853,159.50799999999998,163.26,163.65,164.60080000000002,162.24712939242517,163.11716064333112,39.904458598726116,19.13104414856349,-0.8700312509059529,-0.19292050562202362,-0.6771107452839293,163.65,3.1687620029856696,169.98752400597135,157.31247599402866,0.24832442470887384,0.07745217239147718,3.2942857142857145,10561425.85,2.0369267624099483,-88421862.0,0.013452914798206317,0.02150068552896994,0.01601975558781727,-0.0347109426697948,-0.006316571711666996,-0.04777164559966762,23.57259379905615,14.697466867312647,1,0,0.0344634176741867,AAPL,US,Technology
2025-12-19,162.02,165.08,161.82,163.27,8743099,160.036,163.05700000000002,163.6855,164.6026,162.4044941012828,163.12848207715842,49.951155975252355,33.94607843137264,-0.723987975875616,-0.2991339996727422,-0.42485397620287385,163.6855,3.1598725407318256,170.00524508146364,157.36575491853634,0.46712683857409026,0.07721814188092462,3.346428571428571,10313405.3,0.8477411580303977,-79678763.0,0.01751215256138594,0.019966925950756737,0.007715096901569466,-0.012280701754386003,0.004367618110236338,0.016435286061134313,46.492659050041446,25.421424685256653,1,0,0.01243339253996445,AAPL,US,Technology
2025-12-22,163.08,163.45,162.63,162.99,24499895,160.882,162.77,163.6415,164.55280000000002,162.49457193185467,163.11822414551705,44.874955970412124,63.53211009174316,-0.6236522136623819,-0.36403764247067016,-0.2596145711917117,163.6415,3.163293212358795,169.9680864247176,157.31491357528242,0.4485109380705574,0.07732251812259028,3.0892857142857144,11289331.95,2.170180922868432,-104178658.0,-0.001714950695167472,0.005030983495889087,-0.000551876379687586,-0.017303750150729602,-0.005370110453408183,0.026643990929705375,44.20880913179379,38.09135399363047,1,1,0.050616602245536546,AAPL,US,Technology
2025-12-23,162.49,159.23,159.15,159.18,8658033,160.846,162.076,163.449,164.40439999999998,161.9846377884924,162.82650383844168,43.481228668941995,51.969981238273995,-0.8418660499492887,-0.459603323966394,-0.38226272598289474,163.449,3.3159263213177557,170.08085264263553,156.8171473573645,0.17814423584043676,0.0811488922244241,3.087142857142857,11192628.65,0.7735477069054991,-112836691.0,-0.023375667218847762,0.0005025757004616252,-0.020370484337372343,-0.04177702865398503,-0.02361528553027048,-0.0011295180722892262,13.13213702992406,34.611201737253104,1,1,0.07042342002764146,AAPL,US,Technology
2025-12-24,159.41,162.96,162.95,162.95,9543002,161.77,161.44400000000002,163.36100000000002,164.35060000000001,162.13315505180128,162.8356517022608,44.50402144772118,62.979031091829285,-0.7024966504595227,-0.5081819892650198,-0.1943146611945029,163.36100000000002,3.3040324644746852,169.9690649289494,156.75293507105064,0.4689016372502353,0.08090137705950531,2.942857142857142,11385468.7,0.8381737645834674,-103293689.0,0.023683879884407455,6.13685179500335e-05,0.02220688789898868,-0.037336799196549975,-0.010685447149535676,0.02917956167498237,43.88254485775825,33.74116367315871,1,1,0.02712488493402887,AAPL,US,Technology
2025-12-25,162.75,167.86,164.5,165.99,25719354,162.876,161.192,163.61050000000003,164.315,162.72651581306263,163.06930713172298,51.07981220657276,74.17929292929291,-0.3427913186603462,-0.47510385514408504,0.13231253648373886,163.61050000000003,3.3047676484910586,170.22003529698216,157.0009647030179,0.6800050905550378,0.08079597943826015,3.18357142857143,12289607.0,2.092772527813743,-77574335.0,0.018656029456888712,0.020242183263930187,0.019907834101260225,-0.01495460210076538,0.03099378881987591,0.0344634176741867,68.67862968444712,41.89777052404315,1,1,0.0064461714561117045,AAPL,US,Technology
2025-12-26,164.88,165.6,165.06,165.3,11475263,163.282,161.659,163.5355,164.187,163.12243645720685,163.23454364048425,49.127182044887775,66.80555555555557,-0.1121071832774021,-0.4025045207707485,0.2903973374933464,163.5355,3.2450553072875734,170.02561061457516,157.04538938542487,0.6359375906014175,0.0793724985038167,3.1771428571428606,12543775.55,0.9148172366000891,-89049598.0,-0.004156876920296426,0.003266787658782367,0.002547307132444618,0.029073024964203498,-0.008992805755395628,0.01243339253996445,63.05057095733687,58.53724849984743,1,1,0.029401088929219554,AAPL,US,Technology
2025-12-29,165.28,172.98,169.84,171.24,3620507,164.93200000000002,162.90699999999998,163.9325,164.2364,164.37129238686734,163.8275404078558,56.77966101694915,72.73245864232743,0.5437519790115459,-0.2132532208142896,0.7570051998258356,163.9325,3.6722929521352863,171.27708590427056,156.58791409572945,0.9974752895703441,0.0896050008903147,3.6050000000000018,11861694.05,0.30522678122634755,-85429091.0,0.0359346642468239,0.018336837187465836,0.03606001936086609,0.07860922146636451,0.048622167789344806,0.050616602245536546,88.70863075349081,73.47927713175828,0,0,-0.020672740014015534,AAPL,US,Technology
2025-12-30,172.58,171.94,169.15,170.39,11189619,167.174,164.01000000000002,164.15699999999998,164.2994,165.29724740427235,164.3136485257924,51.579244218838085,70.44198895027615,0.9835988784799667,0.026117199044561744,0.957481679435405,164.15699999999998,3.927294635990705,172.0115892719814,156.30241072801857,0.8967744068641086,0.09569606257343354,3.5535714285714306,12229798.8,0.9149470296316706,-96618710.0,-0.0049637935061902505,0.016374200363774977,-0.012689767064476396,0.0692143574297186,0.02706449668474975,0.07042342002764146,83.19273198681421,78.31731123254731,1,0,0.016902400375609083,AAPL,US,Technology
2025-12-31,172.06,167.64,167.15,167.37,5268040,168.05800000000002,164.914,164.37550000000002,164.24740000000003,165.61613241899968,164.54004493128926,48.48886532343587,73.65684575389947,1.0760874877104243,0.2361112567777343,0.8399762309326899,164.37550000000002,3.980737137501207,172.33697427500243,156.4140257249976,0.6880619025997554,0.09686935431319121,3.614999999999999,12074393.3,0.43629848993750353,-101886750.0,-0.017724044838312025,0.002927645336661606,-0.027257933278930255,0.05709593886187081,0.026809815950920246,0.02712488493402887,63.59506813344622,78.49881029125042,1,1,0.020911752404851436,AAPL,US,Technology
2026-01-01,166.9,169.33,165.25,167.06,4354821,168.272,165.574,164.417,164.1464,165.83826589299971,164.72670826971228,60.66334991708126,64.83754512635382,1.111557623287439,0.41120053007967533,0.7003570932077636,164.417,4.005338674160201,172.4276773483204,156.4063226516796,0.6649673232619456,0.0974434194550646,3.315,12072914.2,0.36070997997236,-106241571.0,-0.0018521837844297506,0.024422363222648093,0.0009586578789636784,0.04113174622958993,0.004993081874511196,0.0064461714561117045,61.58338740677597,69.45706250901215,1,1,0.03968634023704065,AAPL,US,Technology
2026-01-02,167.81,171.28,169.27,170.16,6241769,169.244,166.26299999999998,164.66000000000003,164.09220000000002,166.50314806330746,165.12917432380766,68.1644359464627,64.9892163910855,1.373973739499803,0.6037551719637011,0.770218567536102,164.66000000000003,4.204217181027835,173.06843436205568,156.25156563794437,0.8270525618890782,0.10213086799471142,3.4007142857142867,11890089.05,0.5249555700379241,-99999802.0,0.018556207350652443,0.011812411847603307,0.01400393301940284,0.04220003674894346,0.029401088929219554,0.029401088929219554,81.7001946734783,68.9595500712335,1,1,0.030618241654913003,AAPL,US,Technology
2026-01-05,170.27,171.79,164.42,167.7,11770839,168.536,166.73399999999998,164.752,163.9196,166.6872791304909,165.31960585537746,62.54512635379057,57.65306122448972,1.3676732751134466,0.7565387925936503,0.6111344825197963,164.752,4.251722375447529,173.25544475089507,156.24855524910495,0.6733415154497439,0.10322721121253087,3.865000000000001,12052070.6,0.9766652066687025,-111770641.0,-0.014456981664315971,0.043947525342612155,-0.015093674751776167,0.028897478372906127,0.011093693476425859,-0.020672740014015534,65.73653471344991,69.67337226456807,1,1,0.0438878950506858,AAPL,US,Technology
2026-01-06,167.93,174.05,172.64,173.27,5731064,169.112,168.143,165.1095,163.91819999999998,167.7000054181077,165.90852394016434,69.77236633139225,56.629653821032,1.791481477943364,0.9635273296635933,0.8279541482797708,165.1095,4.654338638075348,174.4181772761507,155.8008227238493,0.9383275817268533,0.11275762177336024,4.190714285714287,12091164.05,0.47398774032945645,-106039577.0,0.03321407274895649,0.008137588734298422,0.03179896385379744,0.08851614524437745,0.043041175054177705,0.016902400375609083,94.84467943854298,80.7604696084904,1,1,0.029145264615917155,AAPL,US,Technology
2026-01-07,174.35,172.62,169.47,170.87,4962729,169.81199999999998,168.935,165.1895,163.94920000000002,168.187696892245,166.27604068533736,63.67936925098552,51.42348754448405,1.9116562069076224,1.153153105112399,0.7585031017952233,165.1895,4.7425292774378045,174.67455855487563,155.7044414451244,0.7994446458256492,0.11483851642892802,4.173571428571431,11312220.3,0.43870508438515077,-111002306.0,-0.013851214866970607,0.018435067595139992,-0.019959850874562833,0.04860386621663104,0.009452354226974657,0.020911752404851436,78.6577181155263,79.74631075583974,1,1,0.01902030783636688,AAPL,US,Technology
2026-01-08,171.58,174.15,173.32,173.69,8270577,171.138,169.70499999999998,165.4485,164.082,169.03420506266883,166.82522285679386,63.68891224382551,68.96758703481387,2.2089822058749746,1.3643189252649144,0.8446632806100602,165.4485,5.063965863149566,175.57643172629912,155.32056827370087,0.9068698438049543,0.1224300217437802,4.0778571428571455,10633133.75,0.7778117360922188,-102731729.0,0.016503774799555115,0.004778628591140733,0.01229747056759347,0.04638833664678588,0.03074001542935134,0.03968634023704065,96.93333332687105,90.14524362698012,1,1,0.02579307962461841,AAPL,US,Technology
2026-01-09,173.82,178.06,173.23,175.37,12242217,172.18,170.71200000000002,166.1855,164.2392,170.00894274533513,167.45816931184615,65.6867714140902,73.04492512479197,2.5507734334889847,1.6016098269097288,0.9491636065792559,166.1855,5.388028127733663,176.96155625546731,155.40944374453267,0.92615312046158,0.12968708166960996,4.364285714285718,10868142.2,1.1264313300546134,-90489512.0,0.009672404859232042,0.027541768831456183,0.008917270739794581,0.060919540229884994,0.09176368050799977,0.030618241654913003,85.77472236458094,87.1219246023261,1,0,0.015624109026629363,AAPL,US,Technology
2026-01-12,174.57,175.71,174.54,175.06,7059653,173.652,171.094,167.00050000000002,164.4312,170.78602847682203,168.021267881339,72.08008898776416,66.07611548556429,2.7647605954830112,1.8342399806243854,0.9305206148586258,167.00050000000002,5.438267405011153,177.87703481002234,156.1239651899777,0.8704994347879509,0.1302575119231043,4.173571428571433,10572034.35,0.6677666850593722,-97549165.0,-0.001767691167246399,0.006683422826421413,0.0028068969467674987,0.022307871992525152,0.10267069790879324,0.0438878950506858,80.14559893579448,87.61788487574883,1,1,0.009196846795384461,AAPL,US,Technology
2026-01-13,174.1,179.21,177.61,178.32,5203684,174.662,171.887,167.9485,164.71220000000002,171.94510101884939,168.78413692716578,71.67842031029616,83.10473815461344,3.16096409168361,2.0995848028362305,1.0613792888473794,167.9485,5.683309150021861,179.3151183000437,156.58188169995628,0.9562262814351691,0.13535837831211392,4.200000000000005,10368070.0,0.5018950969760914,-92345481.0,0.01862218667885296,0.008972633467872486,0.024238943135989434,0.04654028992311754,0.11897590361445776,0.029145264615917155,93.98242054807412,86.63424728281653,1,0,0.0037012113055181484,AAPL,US,Technology
2026-01-14,178.26,175.13,173.31,174.12,3374471,175.312,172.562,168.738,164.9588,172.2797008621033,169.179386043672,61.103523627424195,52.897068847989075,3.1003148184313147,2.2997308059552473,0.8005840124760675,168.738,5.364629383381273,179.46725876676254,158.00874123323746,0.75080949748,0.12717062862780118,4.20714285714286,9972074.45,0.33839204455678284,-95719952.0,-0.023553162853297338,0.010452561451812203,-0.023224503534033224,0.04032980820935661,0.09972841533505972,0.01902030783636688,65.5848546270734,79.90429137031401,1,1,0.046691936595451455,AAPL,US,Technology
2026-01-15,174.4,179.97,176.72,178.17,6783436,176.208,173.673,169.62349999999998,165.3168,173.18590072947202,169.84535744784444,66.09957468101072,72.36519607843137,3.340543281627589,2.507893301089716,0.8326499805378731,169.62349999999998,5.387904851071085,180.39930970214215,158.8476902978578,0.8965595270954189,0.12705562262397183,4.5585714285714305,9235603.6,0.7344874855296426,-88936516.0,0.02325982081323219,0.018241005780893303,0.021616972476940166,0.0665030527954027,0.11037018571606616,0.02579307962461841,88.42443729334884,82.66390415616546,1,1,0.03665039007689286,AAPL,US,Technology
2026-01-16,178.61,178.64,177.69,178.11,15252437,176.756,174.46800000000002,170.3655,165.7236,173.9434544633994,170.45755319244856,60.0762687004987,66.29793510324497,3.4859012709508477,2.7034948950619424,0.7824063758889053,170.3655,5.487801280542275,181.34110256108454,159.38989743891545,0.8528052312410785,0.12884771342813092,4.0778571428571455,9561070.5,1.5952644010663448,-104188953.0,-0.0003367570298028477,0.005333782493934394,-0.002799395330592915,0.04672073342736249,0.09089238684387824,0.015624109026629363,88.03858520334168,80.68262570792132,1,1,0.07231486160238054,AAPL,US,Technology
2026-01-19,178.8,178.68,175.06,176.67,16504452,177.078,175.365,171.04950000000002,166.0802,174.36292300749182,170.91773443745237,59.05420991926183,54.87987987987983,3.4451885700394485,2.851833630057444,0.5933549399820044,171.04950000000002,5.3714395551584895,181.792379110317,160.30662088968305,0.7615918852628947,0.12561134771226073,4.137142857142861,9161298.35,1.8015405205594555,-120693405.0,-0.008084891359272484,0.02049017943046083,-0.011912751677785856,0.05348837209302326,0.08393152954168959,0.009196846795384461,78.77813504316534,85.08038584661863,1,1,0.10114903492386929,AAPL,US,Technology
2026-01-20,177.52,182.07,176.51,178.98,14842442,177.20999999999998,175.936,172.0395,166.43899999999996,175.07324254480076,171.51493929393737,67.08860759493669,62.793733681462136,3.558303250863389,2.9931275542186335,0.5651756966447556,172.0395,4.8698897372133265,181.77927947442666,162.29972052557335,0.8562965679750286,0.11322724693305947,4.302857142857148,9470518.8,1.5672256975799785,-105850963.0,0.013075224995754864,0.0310649234549611,0.008224425416807995,0.032954348704334224,0.12438748586505821,0.0037012113055181484,82.49291784235166,83.10321269628623,1,1,0.11085037434350209,AAPL,US,Technology
2026-01-21,176.87,183.51,181.25,182.25,9160854,178.83599999999998,177.07399999999998,173.0045,166.886,176.1773590763699,172.31012897586794,70.56593555375034,62.818003913894366,3.8672301005019563,3.1679480634752983,0.6992820370266579,173.0045,4.886132336573591,182.7767646731472,163.23223532685282,0.9730479734361002,0.1129712195126798,4.3350000000000035,9451411.4,0.9692576741228643,-96690109.0,0.018270197787462417,0.012400548696776903,0.030417820998301454,0.06660033943933974,0.11844123964406261,0.046691936595451455,93.39968569442647,84.8902461933145,1,1,0.08213991769547335,AAPL,US,Technology
2026-01-22,183.06,186.27,183.44,184.7,10668129,180.142,178.175,173.94,167.3906,177.48853460308223,173.2278971998777,70.0385887541345,88.9543446244477,4.260637403204527,3.386485931421144,0.8741514717833825,173.94,5.250011528807824,184.44002305761563,163.43997694238436,1.0123798271653992,0.12073155177136105,4.32071428571429,8698850.15,1.2263836702160376,-86021980.0,0.013443072702331804,0.015322144017242505,0.008958811318644311,0.06338879613103798,0.11271763359238496,0.03665039007689286,92.81464530467657,89.56908294715159,1,1,0.07043854899837587,AAPL,US,Technology
2026-01-23,183.75,191.09,190.91,190.99,18848565,182.718,179.737,175.2245,168.0488,179.56568312568498,174.5436085184053,79.03266018449267,90.51833122629584,5.022074607279677,3.7136036665928516,1.3084709406868256,175.2245,6.0989381949029715,187.42237638980595,163.02662361019406,1.146239537729263,0.1392256949197895,4.250714285714291,9067515.25,2.0786910638290834,-67173415.0,0.03405522468868449,0.0009424577202945932,0.03940136054400331,0.08906882591093113,0.15541439806412582,0.07231486160238054,99.5374653052943,95.25059876813246,1,1,0.045552123147808654,AAPL,US,Technology
2026-01-26,192.04,200.14,190.07,194.54,6476928,186.292,181.685,176.3895,168.748,181.86942418327192,176.02482270222714,77.9207140981885,92.54272397721375,5.844601481044776,4.1398032294832365,1.7047982515615399,176.3895,7.387085797452891,191.1636715949058,161.6153284050942,1.1142645590072917,0.16751758573863,4.516428571428575,9210336.3,0.7032237570713072,-60696487.0,0.018587360594795488,0.05176313354553424,0.013018121224677057,0.11127613389694946,0.13606633964027082,0.10114903492386929,81.74111509352002,91.36440856783031,1,1,0.026935334635550534,AAPL,US,Technology
2026-01-27,194.87,199.86,197.99,198.82,11996595,190.26,183.735,177.81099999999998,169.52579999999998,184.47720507815316,177.71335435391404,84.96372279209407,100.0,6.76385072423912,4.664612728434413,2.0992379958047067,177.81099999999998,8.776559030795335,195.36411806159066,160.2578819384093,1.0984406851587518,0.19743568239863638,4.625000000000004,9250685.1,1.2968329992301868,-48699892.0,0.02200061683972443,0.009405492405143342,0.02026992353866536,0.1149618663077614,0.1668525148189448,0.11085037434350209,95.09476030861784,92.1244469024774,1,1,0.010562317674278177,AAPL,US,Technology
2026-01-28,199.44,197.74,196.8,197.22,3924099,193.254,186.045,179.3035,170.18460000000002,186.4376350661296,179.15829106843893,80.36129032258067,92.53731343283584,7.27934399769066,5.187558982285663,2.091785015404997,179.3035,9.421910229268972,198.14732045853796,160.45967954146207,0.975394574004944,0.2101890979086616,4.535000000000003,9183488.05,0.42729936069341745,-52623991.0,-0.008047480132783447,0.0047662508873097635,-0.011131167268295567,0.13266712611991727,0.17834737408137658,0.08213991769547335,89.14901523265894,88.66163021159895,1,1,0.02662001825372684,AAPL,US,Technology
2026-01-29,196.7,198.6,197.0,197.71,14065625,195.856,187.99899999999997,180.836,170.90919999999997,188.17184505595583,180.53249173003604,79.7390841320554,91.4255091103966,7.639353325919785,5.677917851012488,1.9614354749072973,180.836,9.810306824966379,200.45661364993276,161.21538635006726,0.9300069381144923,0.21699897863062942,4.304285714285716,9669028.25,1.454709116739925,-38558366.0,0.0024845350370146235,0.008092660968043607,0.005134722928291229,0.10967053937250948,0.18346701783790254,0.07043854899837587,90.94297427913004,91.72891660680229,1,1,0.03909766830205852,AAPL,US,Technology
2026-01-30,197.98,202.8,197.2,199.69,7980998,197.59599999999998,190.15699999999998,182.3125,171.6518,189.94386889350108,181.95156641670002,81.39179199592151,91.20395821880157,7.992302476801058,6.140794776170202,1.8515077006308553,182.3125,10.327519636490017,202.96753927298005,161.65746072701995,0.9206600570789466,0.22658939209178475,4.620714285714287,9755989.7,0.8180612554294461,-30577368.0,0.010014667948004652,0.02804346737429005,0.008637236084409389,0.12116108023131766,0.17354254818993886,0.045552123147808654,89.45405221805848,89.84868057661583,1,1,0.027843156893184506,AAPL,US,Technology
2026-02-02,197.86,200.26,199.39,199.78,5611226,198.644,192.468,183.91649999999998,172.37000000000003,191.45711983296246,183.2721911265741,79.75596228508046,86.65554628857385,8.184928706388348,6.549621562213832,1.635307144174516,183.91649999999998,10.42927977278051,204.77505954556102,163.05794045443895,0.8802635547404257,0.2268264081302942,4.386428571428573,9448009.05,0.5939055917917868,-24966142.0,0.00045069858280344377,0.004354790269274451,0.009703830991561121,0.13080885266315745,0.19129397734048914,0.026935334635550534,89.75924041743777,90.0520889715421,1,1,0.022274501952147308,AAPL,US,Technology
2026-02-03,200.85,202.45,199.69,200.92,14716982,199.06400000000002,194.66199999999998,185.299,173.12779999999998,192.91294755096823,184.57943622830936,90.60606060606061,83.29853862212947,8.333511322658865,6.906399514302839,1.4271118083560257,185.299,10.77075128103308,206.84050256206618,163.75749743793384,0.8625791644322304,0.2325053298933067,4.225714285714288,9897304.95,1.4869684815593682,-10249160.0,0.00570627690459502,0.013736810670845383,0.0003485187951189677,0.12258352888590895,0.15957753794655716,0.010562317674278177,93.22278298149874,90.81202520566501,1,1,0.00353374477403956,AAPL,US,Technology
2026-02-04,200.59,203.98,201.27,202.47,5737178,200.11399999999998,196.684,186.879,173.88299999999998,194.38326331235774,185.9046631743605,89.83606557377051,76.64233576642343,8.478600137997233,7.220839639041719,1.2577604989555144,186.879,10.860095424606524,208.59919084921304,165.15880915078694,0.8589056861281213,0.23245191647105165,4.026428571428574,9936027.4,0.5774115943549436,-4511982.0,0.007714513239100107,0.013384698967682102,0.00937235156284273,0.11094650205761325,0.1849359161935975,0.02662001825372684,94.77869985841016,92.58690775244891,0,1,-0.01787919197905863,AAPL,US,Technology
2026-02-05,199.9,207.3,203.96,205.44,6481450,201.66,198.75799999999998,188.4665,174.7718,196.0842997258412,187.35172516144493,90.90092786590836,100.0,8.73257456439626,7.523186624112628,1.209387940283631,188.4665,11.147455822552951,210.7614116451059,166.17158835489408,0.8806586065310849,0.23659283368649195,4.303571428571432,9846571.05,0.6582443074694202,1969468.0,0.014668839828122726,0.01625778816191465,0.027713856928325554,0.11229020032485115,0.18279693707179456,0.03909766830205852,94.23076922784641,94.07741735591844,0,0,-0.012558411214953158,AAPL,US,Technology
2026-02-06,206.52,205.82,204.8,205.25,21563332,202.772,200.18400000000003,189.9605,175.54080000000002,197.49440746032718,188.6775232976342,94.43407960199008,97.60101010101013,8.816884162692986,7.7819261318287,1.0349580308642858,189.9605,11.301086335764404,212.56267267152882,167.35832732847118,0.8382307581965657,0.23796707917077328,4.1178571428571455,10312626.8,2.090963856952153,-19593864.0,-0.0009248442367600918,0.004969549330060961,-0.006149525469658438,0.07466359495261532,0.17038261960426526,0.027843156893184506,93.34199415091449,94.11715441239035,0,0,-0.01227771010962242,AAPL,US,Technology
2026-02-09,206.94,204.7,203.86,204.23,5927322,203.66199999999998,201.153,191.41899999999998,176.35940000000002,198.5306524664307,189.82955860892056,90.89731130547456,82.61494252873554,8.70109385751013,7.965759676964987,0.7353341805451432,191.41899999999998,11.158253447559773,213.73550689511953,169.10249310488044,0.7870296874735053,0.23316919318357074,3.820000000000001,10256010.25,0.5779363785311761,-25521186.0,-0.00496954933008531,0.0041130098418247175,-0.013095583260785313,0.04980980775161914,0.16662858448531925,0.022274501952147308,88.2149712058266,91.92924486152917,1,0,0.00626744356852571,AAPL,US,Technology
2026-02-10,203.35,202.75,200.73,201.63,7203612,203.804,201.434,192.5845,177.07399999999998,199.0074751639029,190.70366537863018,82.08609271523179,59.767687434002085,8.303809785272733,8.033369698626538,0.2704400866461949,192.5845,10.93314298480977,214.45078596961952,170.71821403038047,0.7068366802634147,0.22708251151578643,3.7464285714285728,10356006.65,0.695597400413276,-32724798.0,-0.012730744748567724,0.010018350443832723,-0.008458323088229854,0.01413338698320099,0.13072005383580088,0.00353374477403956,76.23637887358602,85.93111474344238,0,1,-0.001438278034022633,AAPL,US,Technology
2026-02-11,202.83,203.83,194.87,198.85,7106130,203.07999999999998,201.59699999999998,193.821,177.791,198.98324821561013,191.30709757280573,73.17392728463807,40.68406840684073,7.6761506428044015,7.961925887462111,-0.2857752446577093,193.821,10.101794473207539,214.02458894641507,173.61741105358493,0.6244580854598085,0.20847677956785726,4.099285714285715,10542589.6,0.6740402117103931,-39830928.0,-0.013787630808907436,0.04505908976592884,-0.019622343834641797,0.008264881857823703,0.14202848610153906,-0.01787919197905863,50.95763203418697,71.80299403786654,0,1,-0.018405833542871508,AAPL,US,Technology
2026-02-12,198.12,203.54,202.31,202.86,14805305,202.564,202.11200000000002,195.0555,178.52360000000002,199.5796715670547,192.1628681229683,71.00884955752213,51.43699336772298,7.416803444086412,7.852901398786972,-0.4360979547005597,195.0555,9.583836982950423,214.22317396590086,175.88782603409913,0.7035849528007566,0.19653559080161898,3.9778571428571428,10943683.05,1.3528629785323525,-25025623.0,0.02016595423686196,0.00606329488314072,0.02392489400351345,0.02604825249102216,0.1385755177639334,-0.012558411214953158,74.23099245071211,67.1416677861617,0,0,-0.05348516218081445,AAPL,US,Technology
2026-02-13,200.6,204.24,201.52,202.73,3993345,202.06,202.416,196.2865,179.2722,200.06433747981552,192.94561863237806,66.4921465968586,37.37185461323394,7.118718847437464,7.70606488851707,-0.5873460410796065,196.2865,8.845425386217245,213.97735077243448,178.5956492275655,0.6821139096757861,0.18025539986035066,3.4528571428571433,10380728.45,0.38468828411668127,-29018968.0,-0.0006408360445628869,0.013416859862805615,0.010618145563257115,0.015223596574690745,0.1382291842120036,-0.01227771010962242,63.23411101663427,62.807578500511134,0,0,-0.034232723326591996,AAPL,US,Technology
2026-02-16,202.37,206.24,204.92,205.51,18686156,202.31599999999997,202.989,197.7285,180.0652,200.90213171369007,193.87631354849822,64.33776253750533,50.975975975975935,7.0258181651918505,7.570015543852027,-0.5441973786601766,197.7285,7.7638435103117525,213.2561870206235,182.20081297937648,0.7505685485840298,0.1570606869575705,3.323571428571429,10489813.65,1.7813618851692483,-10332812.0,0.013712820006905657,0.0064230451072629004,0.0155161338142238,0.02868154970467507,0.1632422029773024,0.00626744356852571,85.5993563889299,74.3548199520921,0,0,-0.029779572770181506,AAPL,US,Technology
2026-02-17,205.84,204.36,198.92,201.34,8854343,202.25799999999998,203.031,198.8465,180.7696,200.96949606543004,194.42917921157243,57.95366795366795,41.22647237401342,6.540316853857604,7.364075805853143,-0.8237589519955391,198.8465,6.414647116682031,211.67579423336406,186.01720576663593,0.5971799365594951,0.12903716417738859,3.6500000000000017,10190408.7,0.8688897954711282,-19187155.0,-0.020290983407133423,0.027018972881558596,-0.02186164010871618,0.0020903842325303845,0.1249301597943906,-0.001438278034022633,52.05148833048657,66.96165191201692,0,0,-0.0035263732988973784,AAPL,US,Technology
2026-02-18,201.47,195.82,194.69,195.19,8534799,201.526,202.303,199.49349999999998,181.28799999999998,200.08034282459468,194.4855363070115,46.007604562737626,33.91608391608395,5.59480651758318,7.010221948199151,-1.4154154306159707,199.49349999999998,5.1878413267521,209.8691826535042,189.11781734649577,0.2926160550583548,0.10402025783749551,4.010714285714288,10159105.95,0.8401131164388421,-27721954.0,-0.030545346180590127,0.005789231005657085,-0.031170893929462602,-0.03595594409048253,0.07100137174211252,-0.018405833542871508,3.9651070575761174,47.205317258997546,1,1,0.015215943439725432,AAPL,US,Technology
2026-02-19,195.29,192.64,191.5,192.01,6386870,199.356,200.96,199.85899999999998,181.75799999999998,198.83875162081085,194.3021632472329,38.278388278388285,33.25171400587662,4.536588373577956,6.515495233274913,-1.9789068596969566,199.85899999999998,4.266414617004365,208.3918292340087,191.32617076599126,0.04007048630735304,0.08538849122597454,3.874285714285715,9945043.0,0.6422163642513798,-34108824.0,-0.016291818228392874,0.005937190771283002,-0.016795534845528218,-0.0653718847352025,0.03957769355711971,-0.05348516218081445,3.227848101061469,19.748147829708063,1,1,0.030571324410187062,AAPL,US,Technology
2026-02-20,192.29,196.31,195.37,195.79,9298558,197.96800000000002,200.01399999999998,200.099,182.4612,198.36971290991687,194.4123733770675,44.52674897119341,32.4913323427439,3.9573395328493746,6.003864093189806,-2.0465245603404316,200.099,3.856567740468208,207.8121354809364,192.38586451906357,0.2206713138339991,0.07709319367810803,4.1192857142857155,9467542.65,0.9821510566787828,-24810266.0,0.019686474662778064,0.004801062362711051,0.018201674553964316,-0.0460901339829477,0.025132205874653035,-0.034232723326591996,27.15189873245867,11.448284630365428,1,1,0.006486541702845017,AAPL,US,Technology
2026-02-23,196.0,201.67,197.58,199.39,20858923,196.744,199.53,200.3415,183.27380000000002,198.52668015454506,194.78108646024768,48.03392444101774,42.94167371090447,3.7455936942973835,5.552210013411322,-1.8066163191139388,200.3415,3.6347247416202446,207.6109494832405,193.0720505167595,0.43455487911235774,0.0725705805657261,4.342142857142859,10186642.4,2.047673819621486,-3951343.0,0.01838704734664698,0.020512563318017266,0.017295918367258627,-0.023698770993487717,0.02493060553099613,-0.029779572770181506,49.93670885759882,26.772151897039663,0,0,-0.016500325994282528,AAPL,US,Technology
2026-02-24,199.18,202.09,199.46,200.63,11122958,196.602,199.43,200.432,184.09920000000002,198.85026782307656,195.21433931504413,47.61658031088082,38.96925858951176,3.6359285080324355,5.168953712335545,-1.5330252043031098,200.432,3.6173392373224633,207.66667847464493,193.19732152535505,0.5136840911576268,0.07219085250467833,4.316428571428574,10142960.55,1.0966183737529793,7171615.0,0.00621896785194842,0.013108707571085515,0.007279847374197755,-0.004959579427664562,0.009103711900211309,-0.0035263732988973784,57.78481012292494,44.95780590432749,0,0,-0.06120719732841551,AAPL,US,Technology
2026-02-25,200.04,198.77,197.67,198.16,6273378,197.19599999999997,199.36100000000002,200.47899999999998,184.8958,198.7440727733725,195.4325364028186,40.446194225721804,42.213516160626824,3.311536370553881,4.7974702439792125,-1.4859338734253313,200.47899999999998,3.579316165205895,207.63763233041178,193.3203676695882,0.338027720009709,0.07141528369930102,4.182857142857145,10260424.5,0.6114149944366343,898237.0,-0.012311219658077022,0.005551069842523576,-0.009398120375877813,-0.0034699522252954473,0.004766250887333845,0.015215943439725432,45.18317503085591,50.96823133712656,0,0,-0.06207105369398458,AAPL,US,Technology
2026-02-26,197.9,199.58,196.52,197.88,8405678,198.37,198.863,200.4875,185.64419999999998,198.61113850054593,195.61383000260983,40.350877192982466,59.243986254295514,2.9973084979361033,4.437437894770591,-1.4401293968344877,200.4875,3.5725899126807783,207.63267982536158,193.34232017463844,0.3175343333513931,0.07127805798691617,4.328571428571432,9977427.15,0.8424694093136617,-7507441.0,-0.0014129995962858244,0.015463917525695061,-0.00010106114199044554,-0.02454895001478863,0.0008598452278589797,0.030571324410187062,43.28358208661571,48.750522413465525,0,0,-0.06296745502324641,AAPL,US,Technology
2026-02-27,197.54,200.78,194.09,197.06,13063363,198.62399999999997,198.296,200.356,186.32,198.37250180815423,195.72095370612018,40.563306133192974,70.71369975389669,2.6515481020340417,4.080259936223281,-1.4287118341892393,200.356,3.651030712433932,207.65806142486787,193.05393857513212,0.27431030715179566,0.07289086850238004,4.707142857142862,10231545.4,1.2767730789941978,-20570804.0,-0.004143925611481691,0.0339490510502692,-0.002429887617685329,-0.027968233611206927,-0.013170414141919995,0.006486541702845017,37.72048846419806,42.062415193889905,0,0,-0.03471024053587746,AAPL,US,Technology
2026-03-02,196.77,197.58,194.91,196.1,10435856,197.96599999999998,197.355,200.172,186.98219999999998,198.02288614536124,195.74903120937054,42.39339752407154,51.65421558164355,2.2738549359906983,3.7189789361767644,-1.4451240001860661,200.172,3.7723029403352735,207.71660588067056,192.62739411932944,0.23013832235672566,0.07538123094771366,4.6478571428571485,10472776.9,0.9964744883971998,-31006660.0,-0.0048716127067898185,0.013615502294678228,-0.003404990598143065,-0.04578852610578554,-0.018420262288517453,-0.016500325994282528,31.207598369660214,37.403889640158006,0,0,-0.026721060683324693,AAPL,US,Technology
2026-03-03,195.03,188.46,188.26,188.35,8792770,195.51,196.05599999999998,199.5435,187.56560000000002,196.53474981530564,195.20095482349123,37.2942884801549,9.171597633136159,1.3337949918144147,3.2419421473042944,-1.9081471554898797,199.5435,4.597911739953152,208.7393234799063,190.3476765200937,-0.10861868566475803,0.09216860965012853,4.567857142857148,10176566.3,0.8640212107672102,-39799430.0,-0.039520652728199934,0.0010618529333631813,-0.03425114084995004,-0.06451773120095361,-0.06256221381644433,-0.06120719732841551,0.500556173498319,23.14288100245221,1,1,0.03764268648792135,AAPL,US,Technology
2026-03-04,187.85,186.78,185.12,185.86,13529487,193.05,195.123,198.71300000000002,188.02380000000002,194.8924806129509,194.50903224397337,28.643216080402013,0.0,0.38344836897752543,2.670243391638941,-2.2867950226614155,198.71300000000002,5.460644939736763,209.63428987947356,187.7917101205265,-0.08843781923912984,0.10992023550969059,4.463571428571433,10566181.75,1.2804517317287551,-53328917.0,-0.013220069020440595,0.008931453782368799,-0.010593558690388008,-0.04779957989651096,-0.0820368449646861,-0.06207105369398458,3.5037878786220222,11.737314140593531,1,1,0.045518131927257066,AAPL,US,Technology
2026-03-05,185.93,185.56,185.31,185.42,11978680,190.558,194.464,197.71200000000002,188.41240000000002,193.43517590326616,193.83577059627163,28.421839940164546,0.0,-0.40059469300547335,2.056075774710058,-2.4566704677155315,197.71200000000002,5.973474348271006,209.65894869654204,185.765051303458,-0.01444098037951059,0.12085203423648132,4.308571428571434,10841043.25,1.1049378384374735,-65307597.0,-0.0023673732917250945,0.001348290367806341,-0.002742967783559815,-0.034321129107859005,-0.09744937694704059,-0.06296745502324641,1.420454545387208,1.8082661991691948,1,1,0.04449358213784915,AAPL,US,Technology
2026-03-06,185.7,190.38,190.1,190.22,5834141,189.19,193.90699999999998,196.9605,188.9108,192.9405334566098,193.56793573728854,31.853785900783308,27.809965237543494,-0.627402280678723,1.5193801636323019,-2.146782444311025,196.9605,5.92043337229358,208.80136674458714,185.11963325541285,0.215371342925691,0.12023595334624992,4.412142857142862,10054583.7,0.5802468400310955,-59473456.0,0.025887175062021317,0.0014719798128405488,0.02434033387170528,-0.028448848255784198,-0.07322777101096223,-0.03471024053587746,26.507276505898748,10.477172976636004,0,1,-0.04415939438544847,AAPL,US,Technology
2026-03-09,190.16,192.54,189.52,190.86,3838673,188.142,193.054,196.292,189.3032,192.62045138636216,193.36734790489677,36.42487046632128,31.850117096018806,-0.7468965185346121,1.0661248271989192,-1.8130213457335314,196.292,5.810207533206147,207.9124150664123,184.6715849335877,0.26627340894358686,0.11839927318844484,4.15714285714286,9950151.25,0.38579037823265466,-55634783.0,0.0033645252865104336,0.01582311642032987,0.0036811106436492216,-0.04278048046541938,-0.06546540664936584,-0.026721060683324693,33.824395990935564,20.584042347407184,0,1,-0.03940060777533272,AAPL,US,Technology
2026-03-10,190.69,199.67,192.05,195.44,12843388,189.56,192.535,195.98250000000002,189.80419999999998,193.0542280961526,193.5208776897192,50.337564137186064,48.40579710144929,-0.46664959356661484,0.7595699430458123,-1.226219536612427,195.98250000000002,5.674168499249283,207.33083699849857,184.63416300150146,0.4760978194184799,0.11580969727848811,4.311428571428572,10232140.05,1.2552004450720506,-42791395.0,0.023996646756784923,0.03898894801453637,0.024909539042294253,-0.02586851418033198,-0.030699796657243428,0.03764268648792135,60.81319976070632,40.38162408584689,0,0,-0.052803929594760546,AAPL,US,Technology
2026-03-11,195.95,195.72,193.21,194.32,25312722,191.252,192.151,195.756,190.3432,193.24896223520602,193.58007193492523,53.302830997998285,71.21535181236669,-0.3311096997192067,0.5414340144928085,-0.8725437142120152,195.756,5.644013502910032,207.04402700582006,184.46797299417995,0.43639278149777616,0.1153275200327182,4.227142857142858,11142469.65,2.2717333341147277,-68104117.0,-0.005730659025787954,0.012916838204956125,-0.00831844858377993,-0.01937828017763421,-0.022780990696504855,0.045518131927257066,54.21331761613351,49.61697112259181,0,0,-0.018680526965829558,AAPL,US,Technology
2026-03-12,195.1,196.34,191.53,193.67,6634075,192.902,191.73,195.29649999999998,190.8754,193.31373727594354,193.58673327307892,46.67085427135678,81.9296811120194,-0.27299599713538214,0.3785480121671703,-0.6515440093025524,195.29649999999998,5.404212075582608,206.1049241511652,184.48807584883477,0.4247577640515984,0.11068733081350532,4.263571428571429,10733908.15,0.6180483649798731,-74738192.0,-0.0033449979415397513,0.024836061341328892,-0.0073295745771023955,-0.02127552051748538,-0.04530217884255161,0.04449358213784915,50.38302887151534,55.13651541611841,0,0,-0.02246088707595395,AAPL,US,Technology
2026-03-13,194.31,186.56,178.02,181.82,9319222,191.222,190.206,194.251,191.1086,191.54547000272146,192.715123400999,28.08680468944877,42.38578680203048,-1.1696533982775463,0.06890773007822693,-1.2385611283557734,194.251,5.891127941322512,206.03325588264502,182.468744117355,-0.027530556278405394,0.1213096033748538,4.96142857142857,11000202.0,0.8471863655607083,-84057414.0,-0.061186554448288355,0.04696953030443858,-0.06427872986431851,-0.07733685172028826,-0.10314211019582697,-0.04415939438544847,15.787287078695933,40.127877855448276,1,1,0.043614563854361466,AAPL,US,Technology
2026-03-16,180.25,183.51,183.2,183.34,19680450,189.718,188.93,193.14249999999998,191.4214,190.28309000230274,192.02066981573984,28.58558335397575,33.10412573673872,-1.737579813437094,-0.29238977862483734,-1.4451900348122566,193.14249999999998,5.745074663980882,204.63264932796176,181.6523506720382,0.073438964095157,0.11898105624502411,4.889285714285712,11049916.7,1.7810494642869603,-64376964.0,0.00835991640083611,0.0016908476055324066,0.017142857142762057,-0.0650688424273329,-0.1078779621429613,-0.03940060777533272,23.374340948006378,29.84821896607256,1,1,0.023835496891022157,AAPL,US,Technology
2026-03-17,182.93,185.25,185.02,185.12,23864740,187.654,188.607,192.3315,191.6584,189.48876846348693,191.509509088648,33.5685483870968,36.65116279069765,-2.020740625161068,-0.6380599479320836,-1.3826806772289841,192.3315,5.671344660936779,203.67418932187357,180.98881067812644,0.18210801708747998,0.11794936681526001,4.8142857142857105,11800436.55,2.0223606030608585,-40512224.0,0.009708737864077666,0.0012424373379361891,0.011971792488864735,-0.017148924873904958,-0.08056024634945858,-0.052803929594760546,31.19507908474537,23.452235703815905,0,1,-0.004645635263612835,AAPL,US,Technology
2026-03-18,185.77,192.87,188.95,190.69,10331557,186.928,189.09,192.1065,192.0548,189.67357331525818,191.44880471171112,42.00578163219925,39.439751000444645,-1.7752313964529378,-0.8654942376362547,-0.9097371588166832,192.1065,5.64115448710161,203.38880897420324,180.82419102579678,0.437224729278553,0.11745889883105988,5.1492857142857105,11890274.45,0.8689081294580102,-30180667.0,0.03008859118409668,0.020556924851746077,0.02648436238344998,0.025987302270526147,-0.023054459757159695,-0.018680526965829558,55.66783831038362,36.745752781045134,0,0,-0.04420787665845094,AAPL,US,Technology
2026-03-19,191.17,189.82,188.91,189.32,18679893,186.058,189.48,191.972,192.36739999999998,189.61917742060308,191.2911154738066,41.49824253075571,39.0061565523307,-1.6719380532035188,-1.0267830007497074,-0.6451550524538114,191.972,5.67553994648868,203.32307989297738,180.62092010702264,0.38318292068299487,0.11825766146019459,4.798571428571425,12504925.6,1.4938026905331856,-48860560.0,-0.007184435471183637,0.004806676526490545,-0.009677250614585539,0.021033329737892403,-0.014009686995469006,-0.02246088707595395,52.193995378651515,46.352304257926846,0,0,-0.042045214451721824,AAPL,US,Technology
2026-03-20,189.95,191.18,188.61,189.75,14554526,187.644,189.433,191.67000000000002,192.655,189.6393039712795,191.17695877204312,42.942876194709946,41.2966252220249,-1.5376548007636188,-1.1289573607524896,-0.4086974400111292,191.67000000000002,5.62213388969548,202.91426777939097,180.42573222060906,0.4146231645277201,0.11732944935913067,4.7914285714285665,12767724.0,1.1399467015462816,-34306034.0,0.0022712867103318324,0.013544137022326479,-0.0010529086601681272,-0.002470823257280985,-0.030849379437152047,0.043614563854361466,54.1801385656268,54.01399075155399,0,0,-0.022028985507246412,AAPL,US,Technology
2026-03-23,190.04,188.45,187.11,187.71,7573665,188.518,189.118,191.08599999999998,192.90800000000002,189.34248797569805,190.92014701115104,49.18533604887985,73.17073170731712,-1.5776590354529958,-1.218697695692591,-0.3589613397604048,191.08599999999998,5.379402627760557,201.8448052555211,180.32719474447887,0.3431052556411589,0.11260694405100122,4.419999999999994,12103461.1,0.6257436870067119,-41879699.0,-0.010750988142292472,0.007138671354711184,-0.012260576720625783,-0.016504243948443964,-0.05857866492803043,0.023835496891022157,44.75750577160477,50.37721323862771,0,0,-0.010601459698471039,AAPL,US,Technology
2026-03-24,186.92,184.85,183.79,184.26,3644354,188.346,188.0,190.2675,193.02679999999998,188.56056674866758,190.4268027881028,48.01192842942343,53.1420765027322,-1.866236039435222,-1.3482053644411174,-0.5180306749941046,190.2675,5.08831982919596,200.44413965839192,180.0908603416081,0.20483871877830867,0.10697191751968592,4.46928571428571,11729530.9,0.31069901434003516,-45524053.0,-0.018379415055138293,0.005752740692468521,-0.014230686924811503,-0.05720425706099064,-0.08159298210636501,-0.004645635263612835,28.822170899361502,42.586605078864366,0,1,-0.0043416910886789895,AAPL,US,Technology
2026-03-25,185.37,182.97,181.69,182.26,6346295,186.66,186.79399999999998,189.4725,193.18959999999998,187.5912487873341,189.82185443342854,46.22009569377991,40.37685060565272,-2.230605646094432,-1.5246854207717804,-0.7059202253226515,189.4725,5.03209161806598,199.53668323613195,179.40831676386804,0.14167484678499764,0.10623370923040375,4.613571428571423,11733176.75,0.5408845868716171,-51870348.0,-0.01085422772169764,0.007022934269686044,-0.01677725629812395,-0.06206257719226016,-0.0802381913605168,-0.04420787665845094,19.584295611104583,31.05465742735696,1,1,0.009711401294853594,AAPL,US,Technology
2026-03-26,181.04,184.47,178.88,181.36,12027548,185.068,185.56300000000002,188.6465,193.2534,186.63259512774425,189.19505040132273,38.31134564643801,4.219823356231657,-2.562455273578479,-1.7322393913331204,-0.8302158822453585,188.6465,4.934294889101171,198.51508977820234,178.77791022179767,0.13082364532847549,0.10462520935347354,4.658571428571422,11914270.25,1.0095076524298539,-63897896.0,-0.004938000658399999,0.03082267313613355,0.0017675651789563305,-0.0635617287137914,-0.08348494036789966,-0.042045214451721824,15.427251731389074,21.277906080618397,1,1,0.019078076753418438,AAPL,US,Technology
2026-03-27,182.24,186.37,184.93,185.57,12332184,184.232,185.93800000000002,188.07199999999997,193.40259999999998,186.46911895424512,188.92652814937293,43.62189534603325,35.6101304681504,-2.457409195127809,-1.8772733520920581,-0.580135843035751,188.07199999999997,4.557670919505347,197.18734183901066,178.9566581609893,0.3627588496102802,0.09693459780256727,4.80071428571428,11877711.3,1.0382625617224286,-51565712.0,0.023213498014997613,0.007759874979750165,0.018272607550382527,0.020624793752062498,-0.05830711458439064,-0.022028985507246412,34.8729792131698,23.29484218522116,0,0,-0.014280325483644996,AAPL,US,Technology
2026-03-30,185.56,185.99,185.5,185.72,7779272,183.834,186.176,187.553,193.58359999999996,186.35386988436127,188.68900754571564,36.879049676025915,34.19607843137251,-2.3351376613543664,-1.96884621394452,-0.3662914474098464,187.553,4.169884638058382,195.89276927611675,179.21323072388324,0.3901048734262105,0.08893240071950104,4.206428571428568,11744882.1,0.662354144674288,-43786440.0,0.0008083203103950165,0.0026383803575133037,0.0008622547962876392,0.012981346132867833,-0.05293217746047929,-0.010601459698471039,42.03056768329523,30.776932875951378,1,0,0.004253715270299274,AAPL,US,Technology
2026-03-31,184.37,186.03,181.41,183.46,6512576,183.674,186.01000000000002,187.3085,193.6732,185.9086591329211,188.3016736534404,35.77789418543742,33.61603700848107,-2.3930145205193014,-2.0536798752594763,-0.33933464525982515,187.3085,4.263015086949305,195.83453017389863,178.7824698261014,0.27430879777695283,0.09103730128481195,4.357142857142855,11630872.4,0.5599386886972736,-50299016.0,-0.012168856342881673,0.02518260111182177,-0.004935727070537836,-0.008967156439066537,-0.025962304220865318,-0.0043416910886789895,29.69432314248393,35.532623346316335,0,0,-0.013572440859042856,AAPL,US,Technology
2026-04-01,183.11,187.43,181.3,184.03,4492603,184.02800000000002,185.344,187.21699999999998,193.7088,185.61963465093322,187.9852533828152,37.34908136482941,48.860257680872195,-2.365618731881966,-2.116067646583974,-0.24955108529799208,187.21699999999998,4.3150630903455705,195.84712618069113,178.58687381930883,0.31535611799941804,0.0921938304816876,4.451428571428569,11179028.2,0.40187774086858996,-45806413.0,0.00310694429303382,0.033309786447680734,0.005024302331904118,-0.03492579579422095,-0.009846120736037967,0.009711401294853594,40.47138046865508,37.398757098144756,0,1,-0.01934467206433732,AAPL,US,Technology
2026-04-02,185.11,185.8,184.03,184.82,4316385,184.72,184.894,187.18699999999998,193.7112,185.49661393540504,187.75079016927333,55.547337278106525,64.41441441441452,-2.254176233868293,-2.143689364040838,-0.11048686982745481,187.18699999999998,4.330272994916691,195.84754598983338,178.5264540101666,0.3633457981089209,0.09253362669188704,3.46,10795913.45,0.39981652503739507,-41490028.0,0.004292778351355775,0.009576885618387801,-0.0015666360542296678,-0.02376927952672725,-0.003235896882752609,0.019078076753418438,42.4588992106891,37.541534273942716,0,0,-0.012119900443674836,AAPL,US,Technology
2026-04-03,184.28,185.42,180.92,182.92,9407667,184.19,184.211,186.822,193.5498,185.10021179149658,187.39295386043827,49.23413566739603,57.894736842105154,-2.292742068941692,-2.173499905021009,-0.1192421639206831,186.822,4.368654616454957,195.55930923290992,178.08469076709008,0.2767047098676868,0.09353619202088785,3.6607142857142856,10974589.75,0.8572225802588584,-50897695.0,-0.010280272697759996,0.024600918434153726,-0.007380073800698034,-0.035994729907773415,-0.038376616549258835,-0.014280325483644996,28.877769833532607,37.269349837625604,0,0,-0.02279685108244034,AAPL,US,Technology
2026-04-06,181.83,187.73,185.54,186.51,4550413,184.348,184.091,186.60449999999997,193.38920000000002,185.3171022851125,187.32754987077615,52.377694149846036,55.0755939524838,-2.0104475856636554,-2.1408894411495383,0.13044185548588283,186.60449999999997,4.264069559763862,195.1326391195277,178.07636088047224,0.49445951812171685,0.09140335972050016,3.8678571428571433,11010176.75,0.4132915111202451,-46347282.0,0.019626066039798884,0.011741997748047054,0.025738327008602763,-0.006392840019178614,-0.02279157497642259,0.004253715270299274,54.53895639352824,41.95854181258333,0,0,-0.03517237681625651,AAPL,US,Technology
2026-04-07,186.25,181.38,180.64,180.97,9924754,183.85,183.762,185.881,193.03220000000002,184.6483173181721,186.85662025071863,33.35616438356162,33.78839590443684,-2.2083029325465304,-2.154372139428937,-0.053930793117593634,185.881,3.897880530693239,193.6767610613865,178.08523893861351,0.1850211312587616,0.08387905231136637,3.7335714285714294,10864245.05,0.9135244134129307,-56272036.0,-0.02970350115275311,0.004089075537359342,-0.0283489932884384,-0.017855204602192476,-0.07403806794924273,-0.013572440859042856,16.991869917317747,33.469532048126204,1,0,0.016356302149527657,AAPL,US,Technology
2026-04-08,180.24,182.57,178.79,180.47,6709971,183.138,183.583,185.1885,192.69719999999998,184.00549926922255,186.3835372691839,34.3805153547476,38.40186190845612,-2.37803799996135,-2.1991053115354195,-0.17893268842593057,185.1885,3.5329058786425227,192.25431175728505,178.12268824271496,0.16610347386475408,0.07630940103998783,3.8764285714285722,9934107.5,0.6754477263863184,-62982007.0,-0.0027628888766093596,0.020945309469601908,0.0012760763426471022,-0.009821134642817864,-0.07127418690819265,-0.01934467206433732,13.559322032803967,28.36338278121666,1,0,0.02753920319166614,AAPL,US,Technology
2026-04-09,179.36,183.13,182.14,182.58,8080896,182.69,183.70499999999998,184.634,192.3946,183.78619168934213,186.10179376776287,38.05398200599801,44.975744975745016,-2.3156020784207385,-2.2224046649124833,-0.09319741350825517,184.634,2.954622426671302,190.5432448533426,178.72475514665737,0.3262045277101425,0.06401036486574097,3.882857142857144,10006448.55,0.8075687544939453,-54901111.0,0.011691693910345302,0.005422280644071568,0.017952720784913282,0.006726951918835544,-0.05726235348789166,-0.012119900443674836,39.233954447284496,23.26171546580208,0,1,-0.01133749589221178,AAPL,US,Technology
2026-04-10,182.97,179.09,178.48,178.75,28941279,181.856,183.023,184.48049999999998,191.9758,183.0113929679049,185.55721645163229,35.911949685534566,32.62736119061252,-2.545823483727389,-2.2870884286754647,-0.2587350550519245,184.48049999999998,3.179686305278948,190.83987261055788,178.12112738944208,0.04944454815121342,0.06894357518028656,3.9871428571428607,10987551.4,2.6340060048314307,-83842390.0,-0.020977105926169415,0.0034125874125683978,-0.02306389025510704,-0.036751630112625944,-0.016884831151688484,-0.02279685108244034,2.9189189186034707,18.57073179956399,0,1,-0.0013986013986013734,AAPL,US,Technology
