Date,Open,High,Low,Close,Volume,sma5,sma10,sma20,sma50,ema12,ema26,rsi,rsi_6,macd,macd_sig,macd_hist,bb_mid,bb_std,bb_upper,bb_lower,bb_pos,bb_width,atr,vol_sma20,vol_ratio,obv,daily_ret,hlpct,co_pct,mom10,mom20,roc5,stoch_k,stoch_d,target,target_3d,ret_5d,symbol,market,sector
2024-07-22,191.39,193.46,189.88,191.47,15551525,191.56,190.7,193.46099999999998,189.1056,191.63490663196984,191.817904302442,45.24987629886194,56.68523676880223,-0.18299767047216164,0.3664947762112116,-0.5494924466833733,193.46099999999998,3.983529115059357,201.4280582301187,185.49394176988127,0.37504798240031395,0.08236345547761595,4.599285714285713,10021405.9,1.5518305119413922,39147809.0,0.01365874318386373,0.018697446075005564,0.00041799467056583163,-0.020663904659608212,-0.042218998549347186,0.005250170630545448,42.73127753035044,39.56366687395231,0,0,-0.10215699587402727,AMZN,US,E-Commerce
2024-07-23,191.16,186.62,182.65,184.41,5245130,189.384,189.564,192.60750000000002,189.17460000000003,190.5231607551912,191.25811944590183,37.46786632390745,38.660179640718546,-0.7349586907106129,0.14620156752305621,-0.8811602582336692,192.60750000000002,4.003607419368233,200.6147148387365,184.60028516126354,-0.011882106642819296,0.08314541062725907,4.839999999999999,10049054.6,0.5219525305442633,33902679.0,-0.03687261712017553,0.021528116696374767,-0.035310734463092124,-0.058027276906574055,-0.08472304943418696,-0.05571201802447645,9.821428570880457,26.349118941096346,0,0,-0.03221083455344065,AMZN,US,E-Commerce
2024-07-24,186.35,183.45,180.66,181.9,13118444,187.84199999999998,188.89299999999997,191.80800000000002,189.1818,189.1962966680292,190.55201822362022,34.61221122112214,22.572716099959024,-1.3557215555910318,-0.15418580095370427,-1.2015357546373275,191.80800000000002,4.463361489894474,200.73472297978896,182.8812770202111,-0.05496289189088961,0.09307977748313306,5.0235714285714295,10366804.85,1.2654277691522506,20784235.0,-0.013610975543625559,0.01533809785588045,-0.02387979608251199,-0.03557605641270345,-0.08080246601647367,-0.04066241232002532,6.2280261172161175,19.59357740614901,1,0,0.0009895547003848648,AMZN,US,E-Commerce
2024-07-25,182.1,182.09,179.7,180.76,9960322,185.486,188.393,191.095,189.1792,187.89821947062873,189.81419553828448,31.782301620274197,27.73024660291891,-1.9159760676557482,-0.5065464291722883,-1.40942963848346,191.095,5.026688247429065,201.14837649485813,181.04162350514187,-0.014006413928291257,0.1052186241901203,4.902857142857146,10241450.6,0.9725498287762254,10823913.0,-0.006267179769103959,0.013221951759165707,-0.007358594178982125,-0.026916451335055935,-0.07312070556865968,-0.06118209203282432,5.975197293913471,7.34155066067002,1,0,0.014936932949767723,AMZN,US,E-Commerce
2024-07-26,182.01,176.22,174.44,175.23,6008328,182.754,187.057,190.2355,189.0992,185.9490270596966,188.71668485617735,30.070754716981142,11.481975967957311,-2.767657796480762,-0.9587713463438107,-1.8088864501369515,190.2355,6.135539675143711,202.50657935028744,177.96442064971257,-0.11141728333527186,0.12900935262054594,5.14357142857143,10203509.8,0.5888490851599824,4815585.0,-0.03059305156007963,0.010158077954630161,-0.03725070051075628,-0.0708415080332998,-0.08933582787652006,-0.07231722166340193,3.4347826085462794,5.212668673225294,1,1,0.03943388689151406,AMZN,US,E-Commerce
2024-07-29,174.76,172.45,171.49,171.91,5181971,178.84199999999998,185.201,189.16299999999998,188.9302,183.78895585011426,187.45341407931636,27.88283277715979,11.653116531165352,-3.664458229202097,-1.4999112537214219,-2.1645469754806754,189.16299999999998,7.320872898773716,203.8047457975474,174.52125420245255,-0.0891715454724253,0.15480559937693977,5.362857142857144,10144818.05,0.5107997465957759,-366386.0,-0.018946527421103698,0.005584317375338231,-0.016308079652000953,-0.09744316690292432,-0.11093297476210184,-0.10215699587402727,1.6184971097641723,3.6761590040746452,1,1,0.050433366296317894,AMZN,US,E-Commerce
2024-07-30,171.44,179.88,177.34,178.47,12524193,177.654,183.519,188.321,188.826,182.970584137055,186.77891341474896,40.494938132733395,25.114854517611022,-3.8083292776939572,-1.9615965858858329,-1.8467326918081244,188.321,7.541756670975935,203.40451334195185,173.23748665804814,0.1734514109264315,0.16018939302437607,5.2749999999999995,9977232.0,1.2552771895775112,12157807.0,0.038159502065034046,0.014232083823532023,0.04100559962645238,-0.08612832198269238,-0.08622190364036664,-0.03221083455344065,26.89788053846248,10.650386752257647,1,1,0.00336190956463267,AMZN,US,E-Commerce
2024-07-31,177.41,183.18,181.2,182.08,7788046,177.69,182.76600000000002,187.6195,188.79199999999997,182.83356116048043,186.4264609881884,46.59889094269873,44.86104984561098,-3.5928998277079813,-2.2878582108019923,-1.305041616905989,187.6195,7.430815266598629,202.48113053319724,172.75786946680273,0.31363081298718487,0.15842309070345084,5.3307142857142855,9925326.3,0.7846638971794915,19945853.0,0.02022748921387363,0.010874340948973769,0.026323206132538714,-0.03971309530088074,-0.07154148182142672,0.0009895547003848648,40.80924855334072,23.10854206718913,1,0,0.032238576449912015,AMZN,US,E-Commerce
2024-08-01,183.79,184.96,182.26,183.46,7598865,178.23000000000002,181.858,186.9515,188.864,182.92994233764918,186.20416243654284,45.12820512820513,53.62116991643454,-3.2742200988936645,-2.485131060794956,-0.7890890380987083,186.9515,7.155605292724202,201.26271058544842,172.6402894145516,0.3780152112383783,0.15310078373665745,5.249999999999998,9600632.45,0.7914962111171946,27544718.0,0.007579086115993006,0.014717104545869945,-0.0017955275042069133,-0.047159031889477454,-0.06787928056091852,0.014936932949767723,46.12716762828028,37.94476557336117,1,0,0.034557941785675395,AMZN,US,E-Commerce
2024-08-02,182.29,185.56,179.41,182.14,8365690,179.612,181.183,186.1435,188.879,182.8084063761267,185.8998677839687,42.00422345939718,53.176795580110486,-3.09146140784199,-2.6063973625044468,-0.48506404533754344,186.1435,6.7048915961250914,199.55328319225018,172.7337168077498,0.35072465591149754,0.14408005858037642,5.387142857142856,9475154.7,0.8829079188640668,19179028.0,-0.007195028889131261,0.03376523553292106,-0.0008228646661867509,-0.035735083911271115,-0.08149268784669705,0.03943388689151406,41.040462426164076,42.65895953592837,1,1,0.05764796310530351,AMZN,US,E-Commerce
2024-08-05,183.01,181.46,179.89,180.58,7185406,181.346,180.094,185.397,188.8916,182.4655594183677,185.501872964859,34.93753839852552,65.07042253521132,-3.0363135464913,-2.692380731070946,-0.34393281542035403,185.397,6.432777168942084,198.26255433788415,172.53144566211583,0.3127946968391194,0.13878923971601234,5.049999999999999,9548411.85,0.7525235987256249,11993622.0,-0.008564840232787807,0.008694207553390893,-0.013277962952771437,-0.05687575077035556,-0.07636438033860149,0.050433366296317894,37.71784232208642,41.62849079217693,1,1,0.05941964780152831,AMZN,US,E-Commerce
2024-08-06,180.73,179.8,178.48,179.07,4099244,181.466,179.56,184.562,188.803,181.9431460541344,185.02104105463613,38.19973130317956,72.4592220828105,-3.0778950005017407,-2.769483679485045,-0.3084113210166959,184.562,6.090195399164082,196.7423907983282,172.38160920167184,0.27455567349167564,0.13199240145059307,4.751428571428572,9255313.95,0.4429070239257499,7894378.0,-0.008361944844390456,0.007371418998116101,-0.009184972057714888,-0.028957214901577988,-0.08530418348061508,0.00336190956463267,31.452282156371215,36.736862301540576,1,1,0.07120120623219961,AMZN,US,E-Commerce
2024-08-07,178.46,188.06,187.86,187.95,12000646,182.64,180.16500000000002,184.529,188.9126,182.86730678028894,185.23985365254325,45.465323058684056,75.9583789704271,-2.372546872254304,-2.6900962401759223,0.31754936792161814,184.529,6.06885743170122,196.66671486340243,172.39128513659756,0.6409243847733664,0.13155346707928467,4.966428571428573,9372961.1,1.280347223424706,19895024.0,0.04958954598760257,0.0010641127959506492,0.05317718256162055,0.03326003298515667,-0.00349928423731527,0.032238576449912015,74.92034592285287,48.03015680043685,1,1,0.032615057196062835,AMZN,US,E-Commerce
2024-08-08,188.56,192.06,188.0,189.8,4451119,183.90800000000002,181.06900000000002,184.731,189.0074,183.93390363005392,185.58031138167217,50.93218602745342,73.39393939393935,-1.6464077516182556,-2.48135837868079,0.8349506270625344,184.731,6.178236760895747,197.08747352179148,172.3745264782085,0.7051151564544437,0.13377801800157632,4.91071428571429,8986450.9,0.495314396552882,24346143.0,0.009843043362596449,0.021390937829181302,0.006576156130639759,0.05001106439477776,0.02174849267872525,0.034557941785675395,83.34091943180061,63.237849170341576,1,1,0.017228661749209673,AMZN,US,E-Commerce
2024-08-09,188.53,196.6,189.48,192.64,5473625,186.008,182.81,184.9335,189.23680000000002,185.27333352789458,186.10707508214233,51.19217444467087,75.55679287305115,-0.8337415542477515,-2.151834806948884,1.3180932527011326,184.9335,6.374628389581822,197.68275677916364,172.18424322083638,0.8022333039755162,0.13787936505927473,5.092857142857146,8665190.65,0.6316796236122486,29819768.0,0.014963119072707975,0.036960132890173615,0.021800243992882752,0.09935513325343837,0.021475157749615503,0.05764796310530351,84.22939067764912,80.83021867743422,1,1,0.006540697674418672,AMZN,US,E-Commerce
2024-08-12,193.78,191.57,191.1,191.31,6912091,188.154,184.75,184.97549999999998,189.31779999999998,186.2020693156211,186.4950848738141,57.960313797877255,75.51474680022268,-0.2930155581930194,-1.7800707705096572,1.4870552123166378,184.97549999999998,6.415661327030697,197.80682265406136,172.1441773459386,0.7468373748379004,0.1387353747279182,4.572857142857146,8730622.2,0.7917064843664311,22907677.0,-0.006904069767441734,0.0024567455961399935,-0.012746413458495472,0.11284974696061889,0.004410143329658167,0.05941964780152831,78.93269613385375,82.16766874776783,1,1,0.012858710992629696,AMZN,US,E-Commerce
2024-08-13,191.7,194.0,190.08,191.82,6933045,190.704,186.085,184.802,189.4628,187.06638041502256,186.8919931755875,61.99806482825349,83.21513002364063,0.1743872394350774,-1.3891790114860008,1.5635662509210781,184.802,6.164028586975568,197.13005717395112,172.47394282604887,0.7846352795168822,0.1334190882553697,4.585000000000002,8631125.8,0.8032607051955255,29840722.0,0.0026658303277402595,0.020435825252734605,0.0006259780907635816,0.07480248781307774,-0.017768446925085724,0.07120120623219961,80.96375945515874,81.3752820888872,1,1,0.008706078615368762,AMZN,US,E-Commerce
2024-08-14,191.88,198.04,190.92,194.08,3993072,191.93,187.285,185.0255,189.6902,188.14541367686326,187.42752410435855,65.68535091851156,92.47311827956997,0.7178895725047028,-0.96776515925067,1.6856547317553727,185.0255,6.423128828489106,197.87175765697822,172.17924234302177,0.8524178107321824,0.1388593210871885,4.922857142857144,8435711.75,0.4733532445139268,33833794.0,0.011781878844750349,0.036685902720338615,0.011465499270317656,0.06590509666080835,0.023574705975423216,0.032615057196062835,85.08474575950724,81.66040044950658,0,0,-0.013190436933223415,AMZN,US,E-Commerce
2024-08-15,195.16,196.66,190.2,193.07,6932225,192.584,188.246,185.052,189.87019999999995,188.90305117308748,187.84772732515486,73.51080653663678,76.12244897959184,1.0553238479326126,-0.5631472537826686,1.618471101715281,185.052,6.456768460101991,197.965536920204,172.138463079796,0.8104494163270217,0.1395665750182026,4.932857142857145,7944304.05,0.8726030730655289,26901569.0,-0.005204039571310881,0.03345936706876547,-0.010709161713411018,0.0523819906246592,0.002752674768879304,0.017228661749209673,81.2806026334734,82.44303594937979,1,1,0.004350753612679448,AMZN,US,E-Commerce
2024-08-16,192.89,196.98,191.43,193.9,22464610,192.83599999999998,189.422,185.3025,189.8974,189.67182011335365,188.29826967263764,81.01551480959094,73.34851936218675,1.3735504407160022,-0.17580763521179602,1.5493580759277983,185.3025,6.7058857690366205,198.71427153807326,171.89072846192676,0.8205206700238274,0.14475543004547564,5.0621428571428595,8589379.85,2.6153934017258065,49366179.0,0.004298958926814089,0.028623001547041567,0.005236144953055023,0.06456571867794025,0.026523373391921234,0.006540697674418672,79.99999999613532,82.12178279637199,1,0,0.0016503352243424363,AMZN,US,E-Commerce
2024-08-19,195.92,195.1,192.71,193.77,8520879,193.32800000000003,190.74099999999999,185.41750000000002,189.92399999999998,190.30231458848687,188.7054456286849,76.36113025499654,59.30807248764431,1.5968689598019523,0.17872774212991155,1.4181412176720407,185.41750000000002,6.835684907739254,199.08886981547852,171.74613018452152,0.8054741445783273,0.14746579816257652,4.66357142857143,8237847.55,1.0343573262220267,40845300.0,-0.00067044868488908,0.012334210662061475,-0.010973866884386502,0.07304241887252183,0.012012325690708758,0.012858710992629696,78.16973414733293,79.81677892564723,1,1,0.021881612220673974,AMZN,US,E-Commerce
2024-08-20,194.31,194.94,192.33,193.49,6378168,193.66199999999998,192.183,185.8715,189.92640000000003,190.7927311918417,189.06136458846143,72.20708446866482,71.71314741035846,1.7313666033802804,0.48925555525797976,1.2421110481223006,185.8715,7.062998673591652,199.9974973471833,171.7455026528167,0.769662375405637,0.1519974535860237,4.513571428571429,8294499.45,0.7689634883315969,34467132.0,-0.0014450121277803651,0.013489069202472977,-0.0042200607276814016,0.08052716814653493,0.04923811073152229,0.008706078615368762,76.73824130487031,78.30265848277952,1,1,0.031577859320895074,AMZN,US,E-Commerce
2024-08-21,193.33,192.77,190.52,191.52,4968417,193.15000000000003,192.54,186.3525,190.047,190.90461936934264,189.2442027917958,65.33485540334854,47.68518518518533,1.6604165775468402,0.7234877843832845,0.9369287931635557,186.3525,7.105737396454223,200.56397479290843,172.14102520709156,0.6818073097486268,0.1525225021701579,4.5200000000000005,7886998.1,0.6299502430525192,29498715.0,-0.01018140472375828,0.011748120300690537,-0.009362230383234056,0.018994413407821265,0.05288620120945575,-0.013190436933223415,66.66666666325845,73.85821403848723,1,1,0.026106934001670856,AMZN,US,E-Commerce
2024-08-22,190.65,194.44,193.49,193.91,6133604,193.318,192.951,187.01,190.1478,191.36698795791756,189.5910770149663,71.51736745886657,48.71406959152787,1.7759109429512705,0.9339724338301783,0.8419385091210922,187.01,7.1691304618445235,201.34826092368903,172.67173907631096,0.7406149544907332,0.1533421840929615,4.289285714285713,7695662.2,0.7970208467543122,35632319.0,0.0124791144527987,0.0048991800319482725,0.01709939680032988,0.021654373024236007,0.07274839566275726,0.004350753612679448,78.88548056856416,74.09679617889765,1,1,0.0220205249858183,AMZN,US,E-Commerce
2024-08-23,193.63,197.31,191.75,194.22,12156691,193.382,193.109,187.9595,190.2742,191.8059147652402,189.93511697962086,76.13026819923367,59.72927241962781,1.8707977856193452,1.121337516816393,0.7494602688029521,187.9595,6.773465625434825,201.50643125086964,174.41256874913034,0.7310670912597658,0.14414734292012454,4.525714285714285,8003080.35,1.519001303166811,47789010.0,0.0015986797999072433,0.028627329832001728,0.0030470484945357454,0.00820182724252505,0.10837185413456596,0.0016503352243424363,80.47034764414776,75.34083162532347,1,1,0.028472865822263493,AMZN,US,E-Commerce
2024-08-26,191.52,200.29,196.2,198.01,6453498,194.23000000000002,193.779,189.2645,190.42440000000002,192.760392871884,190.53512445455777,83.36856941508104,73.16798196166853,2.2252684173262196,1.342123708823126,0.8831447085030937,189.2645,5.987190251300115,201.23888050260024,177.29011949739976,0.8651754676258921,0.1265359378281397,4.8092857142857115,8066656.7,0.8000213025030181,54242508.0,0.019513953248893046,0.020655522448256896,0.03388680033399172,0.03502169254090215,0.15182362864289445,0.021881612220673974,81.6572807657556,80.33770299282251,1,1,0.03196808242007987,AMZN,US,E-Commerce
2024-08-27,198.84,200.79,198.64,199.6,21267180,195.452,194.557,190.321,190.47619999999998,193.81264334542362,191.20853794450417,77.61972498814605,78.21878025169406,2.604105400919451,1.5945200581297383,1.0095853427897128,190.321,5.8447456385156284,202.01049127703126,178.63150872296873,0.8968949451776165,0.12283974208804962,4.365714285714282,8503806.05,2.500901052311623,75509688.0,0.00802989747992533,0.010771543086118409,0.0038221685777316875,0.04055885726201658,0.11839524850114858,0.031577859320895074,90.69585613051638,84.27449484680659,1,1,0.030010020040080132,AMZN,US,E-Commerce
2024-08-28,199.68,196.82,196.28,196.52,7147415,196.452,194.801,191.043,190.58540000000002,194.22916083334292,191.6030325382688,65.05376344086022,61.538461538461576,2.6261282950741247,1.800841712638514,0.8252865824356108,191.043,5.66219141136606,202.36738282273214,179.71861717726787,0.7418233331119759,0.1185532348494617,4.309285714285709,8471774.5,0.843673796596711,68362273.0,-0.015430861723446765,0.002747811927525159,-0.015825320512741242,0.01257213520197853,0.07930579964850604,0.026106934001670856,62.24580017133122,78.19964568920108,1,1,0.056788113169143006,AMZN,US,E-Commerce
2024-08-29,197.22,202.03,195.09,198.18,17272349,197.30599999999998,195.312,191.779,190.74939999999998,194.8369835765818,192.0914223309449,63.10312204351945,75.97503900156012,2.7455612456368783,1.9897856244543584,0.75577562118252,191.779,5.580741226000297,202.9404824520006,180.6175175479994,0.7867450639617295,0.11639942279334442,4.2964285714285655,8955448.7,1.9286970033453485,85634622.0,0.008446977406879608,0.03501866989587738,0.004867660480656831,0.02646708447713264,0.08023547367273509,0.0220205249858183,67.78242677257053,73.57469435813938,1,1,0.07679886971440109,AMZN,US,E-Commerce
2024-08-30,199.37,200.53,199.13,199.75,9645801,198.41199999999998,195.897,192.6595,190.8536,195.59283365970484,192.66002554626866,69.73807296538821,74.3333333333334,2.932808113436181,2.1783901264161645,0.7544179870200165,192.6595,5.364943198796822,203.38938639759365,181.92961360240636,0.8304089035257515,0.11138704707048395,4.354285714285709,9019454.25,1.0694438558248847,95280423.0,0.007922091028357947,0.0070087609511539275,0.001906003912314237,0.030170190820010268,0.09668386955089492,0.028472865822263493,80.92050208527859,70.31624300972679,1,1,0.09146433041301627,AMZN,US,E-Commerce
2024-09-02,197.71,204.97,203.84,204.34,13010386,199.678,196.954,193.84750000000003,190.9422,196.93855367122072,193.52704592250515,74.58758837391989,81.08108108108115,3.4115077487155645,2.425013655233505,0.9864940934820594,193.84750000000003,5.176681394789388,204.2008627895788,183.49413721042126,1.0067194211311972,0.10681966792994861,4.447142857142852,9310703.25,1.3973578851460136,108290809.0,0.02297872340425533,0.005529999021212027,0.03353396388633079,0.05454920782370842,0.1315760327832538,0.03196808242007987,95.73459714991644,81.47917533592185,1,1,0.06508759909953987,AMZN,US,E-Commerce
2024-09-03,204.44,207.26,204.25,205.59,11163576,200.876,198.16400000000002,195.1735,191.0244,198.26954718247478,194.42235457815144,73.53783231083844,77.58369723435234,3.8471926043233395,2.709449449071908,1.1377431552514317,195.1735,4.550933131614001,204.275366263228,186.071633736772,1.0722178121321655,0.09326948856459888,4.153571428571423,9663919.85,1.1551808187667432,119454385.0,0.00611725555446796,0.01464078992161754,0.005625122285239584,0.06253553155201819,0.14809850896297538,0.030010020040080132,90.21101992437222,88.95537305318908,1,1,0.09295199182839631,AMZN,US,E-Commerce
2024-09-04,204.77,210.4,205.5,207.68,4208370,203.108,199.78000000000003,196.16000000000003,191.2202,199.71731078198403,195.40618959198773,78.6133960047004,78.37078651685403,4.3111211899963,3.0297838008790694,1.2813373891172302,196.16000000000003,5.017227164585413,206.19445432917084,186.1255456708292,1.0740222448088965,0.10230887366557563,4.042142857142851,9274306.05,0.45376651617330266,123662755.0,0.01016586409844833,0.023593990754894125,0.014211066074062537,0.08437761069340022,0.10497472732109614,0.056788113169143006,86.31790744032605,90.75450817153823,1,1,0.07843798151001535,AMZN,US,E-Commerce
2024-09-05,206.08,214.86,212.23,213.4,7531899,206.152,201.72899999999998,197.34,191.5878,201.82234189485868,196.74131012166575,82.0512820512821,100.0,5.081031773192933,3.440033399053065,1.6409983741398682,197.34,6.100900710033363,209.54180142006672,185.1381985799333,1.1580995480073175,0.1236627284889519,4.158571428571425,9428345.05,0.7988568684324012,131194654.0,0.02754237288135597,0.01232427366442221,0.03552018633523133,0.10051054612964783,0.12434141201264493,0.07679886971440109,94.00164338151181,90.17685691540335,1,1,0.04854732895970004,AMZN,US,E-Commerce
2024-09-06,213.79,223.72,213.46,218.02,10780076,209.80599999999998,204.10899999999998,198.609,192.0998,204.3142913014291,198.31996799842213,84.73216843311376,100.0,5.994323303006979,3.95089138354093,2.043431919466049,198.609,7.541338635882506,213.69167727176503,183.526322728235,1.1434865524569093,0.15188311981520555,4.724999999999996,9693667.6,1.1120739159578863,141974730.0,0.021649484536082397,0.047059902760998674,0.019785771083681337,0.12254144784265275,0.13174833887043214,0.09146433041301627,82.83132529870994,87.71695870684925,1,1,0.04774791303550141,AMZN,US,E-Commerce
2024-09-09,218.21,221.11,214.87,217.64,17886707,212.46599999999998,206.07199999999997,199.9255,192.58540000000002,206.36440172825212,199.75314819974136,84.49014567266494,97.96246648793553,6.611253528510758,4.482963815615385,2.1282897128953735,199.9255,8.444257142236513,216.81401428447302,183.03698571552698,1.0244540668465405,0.16894807600219627,4.984285714285712,10242398.4,1.7463395344649417,124088023.0,-0.0017429593615265748,0.028671200146900104,-0.0026121625956528546,0.099136407252159,0.13763002456745577,0.06508759909953987,81.68674698549133,86.17323855523769,1,1,0.05113949641610005,AMZN,US,E-Commerce
2024-09-10,216.7,227.53,222.44,224.7,6981218,216.288,208.58200000000002,201.5695,193.17320000000004,209.18526462646957,201.60353384371723,91.37157107231918,98.20075757575746,7.581730782752345,5.102717211913278,2.479013570839067,201.5695,9.86441263223257,221.29832526446515,181.84067473553486,1.0862107776020402,0.19575208813205636,5.478571428571428,10244807.05,0.6814396097933723,131069241.0,0.032438889909943036,0.02265242545606298,0.036917397323318335,0.1257515030060119,0.17141069752893334,0.09295199182839631,92.09055337920371,85.53620855446832,0,1,-0.010903426791277204,AMZN,US,E-Commerce
2024-09-11,226.91,224.01,223.93,223.97,16624701,219.546,211.327,203.06400000000002,193.7304,211.45984040847574,203.26235996569235,89.09989594172737,94.61165048543683,8.197480442783387,5.721669860380734,2.4758105824026533,203.06400000000002,10.881769592933251,224.82753918586653,181.30046081413352,0.9802987193506716,0.21435152647204161,5.324999999999998,10876388.5,1.5285128396698187,114444540.0,-0.0032487761459724096,0.00035719069518072463,-0.012956678859402588,0.13968043964990828,0.15400865622423732,0.07843798151001535,90.05030743180407,87.94253593216638,0,1,-0.006563379023976412,AMZN,US,E-Commerce
2024-09-12,224.7,226.77,221.35,223.76,10130968,221.618,213.885,204.5985,194.2692,213.35217343412393,204.78244378333974,88.52373500260823,92.94871794871784,8.569729650784183,6.291281820149912,2.2784478306342706,204.5985,11.542133012302669,227.68276602460534,181.51423397539466,0.9150337718916612,0.22565430366784228,5.3149999999999995,11036325.65,0.9179655805131501,104313572.0,-0.0009376255748537732,0.02422238112252321,-0.004183355585206117,0.12907457866585914,0.15895789092039148,0.04854732895970004,88.37854500344083,90.17313527148288,0,0,-0.001117268501966362,AMZN,US,E-Commerce
2024-09-13,226.12,232.03,225.54,228.43,11883999,223.7,216.75300000000001,206.325,194.8718,215.6718398695149,206.53597326941906,88.78123406425293,92.52971137521212,9.135866600095852,6.860198777488242,2.27566782260761,206.325,12.40768501246,231.14037002492,181.50962997507997,0.9453892885106371,0.240546419724219,5.472142857142858,10507295.1,1.1310235180295338,116197571.0,0.020870575616732223,0.02841132951001006,0.010215814611665429,0.14357947434292861,0.17808148530170187,0.04774791303550141,90.25446670031799,89.56110637852096,1,0,0.008448977805016966,AMZN,US,E-Commerce
2024-09-16,227.59,231.41,226.66,228.77,15492707,225.926,219.196,208.075,195.53699999999998,217.68694202335266,208.18455619113504,88.4119041348433,90.14189693801332,9.502385832217612,7.3886361894366335,2.113749642780979,208.075,12.99789922297178,234.07079844594355,182.07920155405643,0.8980450925970936,0.2498695032639061,5.612857142857144,10855886.5,1.4271248665758558,131690278.0,0.0014884209604693055,0.02076321195951933,0.005184762072124531,0.1195556425565234,0.18062651597254487,0.05113949641610005,91.17487817836563,89.93596329404149,0,0,-0.0004808322769594975,AMZN,US,E-Commerce
2024-09-17,229.5,224.39,220.53,222.25,12690872,225.436,220.862,209.513,196.0666,218.38895111831866,209.22738857817896,81.0673750301859,61.80235535074246,9.161562540139698,7.743221460115404,1.4183410800242946,209.513,12.889844676701044,235.2926893534021,183.73331064659791,0.747035560138976,0.24609154900439634,5.964285714285716,11171521.7,1.1360019883413028,118999406.0,-0.028500240416138523,0.017367829021294117,-0.031590413943217474,0.08103506979911468,0.14863817251537537,-0.010903426791277204,73.52463454051097,84.9846598063982,1,1,0.00814398200224975,AMZN,US,E-Commerce
2024-09-18,224.13,224.76,220.7,222.5,21911273,225.142,222.344,211.06199999999998,196.74439999999998,219.02142031081482,210.21137292707942,80.39999999999995,41.352201257861694,8.810047383735395,7.956586645098462,0.8534607386369322,211.06199999999998,12.468359787457157,235.9987195749143,186.12528042508566,0.729340510585382,0.23629757677645596,5.758571428571431,12018664.5,1.823103654894131,140910679.0,0.0011248593925758943,0.018247191011153956,-0.007272565029191643,0.07135978428351297,0.16175856307435255,-0.006563379023976412,71.03343464829686,78.57764912239115,1,1,0.032674157303370865,AMZN,US,E-Commerce
2024-09-19,220.97,225.42,221.98,223.51,32097795,225.092,223.35500000000002,212.542,197.49939999999998,219.711971155818,211.1972244865536,80.12170385395532,48.230769230769205,8.514746669264383,8.068218650040079,0.44652801922430463,212.542,12.075842609807708,236.69368521961542,188.39031478038459,0.7270649004311505,0.2272650602657525,5.836428571428574,13316874.05,2.41030984217277,173008474.0,0.004539325842696673,0.01539081025450587,0.011494773046062803,0.04737582005623242,0.152648135733072,-0.001117268501966362,69.77651649273581,71.44486189384789,1,1,0.03538991544002501,AMZN,US,E-Commerce
2024-09-20,223.96,231.73,229.27,230.36,9017525,225.47799999999998,224.589,214.349,198.3348,221.35012968761916,212.61771405898048,81.19904076738605,66.80244399185338,8.732415628638677,8.201058045863023,0.5313575827756534,214.349,11.892443376938564,238.1338867538771,190.56411324612287,0.8365792775228063,0.22192673400637425,6.050714285714288,13159915.75,0.6852265991728254,182025999.0,0.03064739832669683,0.010678937315459717,0.028576531523358765,0.056600311897990974,0.1860776439089693,0.008448977805016966,93.98848091814301,78.26614401972523,1,0,0.025785726688661192,AMZN,US,E-Commerce
2024-09-23,228.87,231.95,226.03,228.66,8402089,225.456,225.69099999999997,215.88150000000002,199.0986,222.47472526439944,213.806825801955,77.36654804270455,50.689862027594444,8.667899462444439,8.294426329237348,0.3734731332070904,215.88150000000002,11.6484574424891,239.17841488497822,192.5845851150218,0.7742530515803463,0.21583058191526638,6.258571428571431,13257345.3,0.633768539334301,173623910.0,-0.0073797534294148814,0.025889967637427177,-0.0009175514484165264,0.05063407461863623,0.15479016211302454,-0.0004808322769594975,87.29739916745956,83.6874655261128,1,1,0.035642438555059996,AMZN,US,E-Commerce
2024-09-24,228.16,225.34,223.04,224.06,13288434,225.81799999999998,225.627,217.1045,199.67399999999998,222.71861371170505,214.56679020308223,68.33855799373038,38.748208313425714,8.151823508622812,8.265905765100257,-0.1140822564774453,217.1045,11.121176326933364,239.34685265386673,194.86214734613327,0.6563571108592792,0.20489996894365878,6.310000000000002,12858408.0,1.0334430954871634,160335476.0,-0.02011720458322397,0.01026510756042911,-0.017969845722221357,-0.0028482421005784353,0.12254509018036086,0.00814398200224975,59.747474744457236,80.34445161001993,1,1,0.06038561099705442,AMZN,US,E-Commerce
2024-09-25,221.95,236.68,224.24,229.77,10726946,227.272,226.20700000000002,218.767,200.4772,223.80344247097102,215.69359916848427,68.33146696528553,68.68787276341948,8.109843302486752,8.234693272565138,-0.12484997007838672,218.767,10.33987127070465,239.4467425414093,198.0872574585907,0.7660332926582979,0.18905723935799065,6.698571428571431,13037384.55,0.8227835219615791,171062422.0,0.02548424529143989,0.05414109761912285,0.03523316062160302,0.025896325400723397,0.1691939751679219,0.032674157303370865,70.24117140093709,72.42868177095129,1,1,0.03799451625538586,AMZN,US,E-Commerce
2024-09-26,230.75,233.15,230.03,231.42,11734368,228.85399999999998,226.973,220.429,201.2548,224.9752206433263,216.85913576197356,66.07485604606521,70.724907063197,8.116084881352748,8.21097159431511,-0.09488671296236184,220.429,9.493418163183343,239.41583632636667,201.44216367363333,0.7894373715105858,0.17227167320343997,6.2028571428571455,12760485.5,0.9195862555867286,182796790.0,0.007181094137615807,0.01348198081404599,0.002903575297928858,0.034233106900250165,0.16772630941568267,0.03538991544002501,75.88262264668113,68.62375626402515,1,1,0.03206291591046595,AMZN,US,E-Commerce
2024-09-27,231.38,240.82,232.69,236.3,27319238,230.042,227.76,222.25650000000002,202.203,226.7174945049528,218.29990714413765,70.20355132091814,75.18708152816069,8.417587360815162,8.252294747625642,0.1652926131895196,222.25650000000002,8.795475077681267,239.84745015536254,204.6655498446375,0.8991683187965754,0.1582941345272995,6.428571428571431,13644157.35,2.002266266574076,210116028.0,0.021087200760522062,0.03440541684285057,0.021263722015639867,0.034452567526156885,0.18297872340425547,0.025785726688661192,77.72301626033901,74.61560343598575,1,1,0.00021159542953874677,AMZN,US,E-Commerce
2024-09-30,237.47,240.49,233.86,236.81,17186873,231.67200000000003,228.56400000000002,223.88000000000002,203.1098,228.2701877443386,219.67164872003042,65.27882916982084,66.92913385826768,8.598539024308195,8.32154360297626,0.2769954213319359,223.88000000000002,8.296910014546436,240.4738200290929,207.28617997090714,0.8896028755416485,0.14823852089529,6.195714285714287,13852981.7,1.240662272681536,227302901.0,0.0021582733812948174,0.02799712849952282,-0.0027792984376856754,0.0351444682432136,0.15890183028286198,0.035642438555059996,80.23656973483313,77.94740288061776,1,1,0.01152822938220499,AMZN,US,E-Commerce
2024-10-01,236.77,243.72,232.68,237.59,7950648,234.37800000000001,230.098,225.47999999999996,204.17340000000002,229.70400508187396,220.9994929176674,67.16229838709675,74.62768891340323,8.704512164206562,8.398137315234802,0.30637484897176037,225.47999999999996,7.643971136578785,240.76794227315753,210.1920577268424,0.8960637665530242,0.13560353266888212,6.929285714285716,13692335.3,0.580664090174297,235253549.0,0.0032937798234871085,0.04646660212952366,0.0034632765975272624,0.06902137232845895,0.15564959385184096,0.06038561099705442,73.5661923211054,77.17525943875917,0,0,-0.006608022223157484,AMZN,US,E-Commerce
2024-10-02,237.27,240.43,236.96,238.5,9877503,236.12399999999997,231.698,227.02100000000002,205.30540000000002,231.05723512313017,222.29633220804345,68.25160970777611,100.0,8.760902915086717,8.470690435214644,0.2902124798720731,227.02100000000002,6.940963000076336,240.9029260001527,213.13907399984734,0.9134512746631946,0.12229640429820612,6.79,13975791.95,0.7067579661016659,245131052.0,0.0038301275306200644,0.014549266247318447,0.005183967631789969,0.07191011235955047,0.1484013867488443,0.03799451625538586,77.49029753870245,77.09768653154698,0,1,-0.029643605870020906,AMZN,US,E-Commerce
2024-10-03,238.78,239.54,238.29,238.84,15035473,237.608,233.231,228.29299999999998,206.467,232.25458360604378,223.52223147424,64.43828016643548,100.0,8.732352131803793,8.523022774537932,0.20932935726586166,228.29299999999998,6.637849287073525,241.56869857414702,215.01730142585293,0.8972295672501149,0.11630403537637066,6.288571428571428,14350970.65,1.0476972128922015,260166525.0,0.0014255765199162607,0.00523362920781597,0.0002512773264082042,0.06858753523332295,0.11921274601686971,0.03206291591046595,78.95644674088159,76.67097886689648,0,0,-0.033118405627198144,AMZN,US,E-Commerce
2024-10-04,238.08,238.61,234.55,236.35,15549034,237.61800000000002,233.83,229.20950000000002,207.68939999999998,232.88464768460454,224.47275415857482,59.921465968586354,74.8738647830474,8.41189352602973,8.500796924834438,-0.08890339880470854,229.20950000000002,6.406169292175152,242.02183858435032,216.39716141564972,0.7786571691113096,0.11179587743347812,6.2557142857142845,14589418.55,1.065774683270384,244617491.0,-0.010425389382013095,0.017177914110356778,-0.007266465053732996,0.026002778260114434,0.08407485551784233,0.00021159542953874677,68.21905993668739,74.88860140542381,1,0,0.015612439179183424,AMZN,US,E-Commerce
2024-10-07,237.79,242.41,237.24,239.54,6828895,238.164,234.91799999999998,230.30450000000002,209.042,233.90854806550448,225.58919185730832,74.79208488672208,69.70802919708018,8.319356208196155,8.46450878150436,-0.14515257330820575,230.30450000000002,6.192637797800291,242.6897755956006,217.91922440439944,0.8728419253911359,0.10755565432327026,6.099999999999999,14036527.95,0.48650881028532345,251446386.0,0.013496932515337345,0.02158303414869502,0.007359434795376764,0.04758156214466891,0.10062488513140977,0.01152822938220499,81.84187662546297,76.33912776767733,0,0,-0.04696501628120564,AMZN,US,E-Commerce
2024-10-08,241.72,236.13,235.93,236.02,21634793,237.85,236.11399999999998,230.8705,210.19300000000004,234.23338683128432,226.36206571890997,67.72417409543786,46.482635796972424,7.871321112374346,8.345871247672022,-0.474550135297676,230.8705,6.170711359658512,243.21192271931702,218.52907728068297,0.7086266760489168,0.10691208031570572,6.06785714285714,14769206.7,1.464858064119445,229811593.0,-0.014694831760874938,0.0008473858147578224,-0.023581002813074663,0.05337855931446933,0.0503782821539831,-0.006608022223157484,64.58141674035971,71.54745110083668,0,1,-0.052198966189306084,AMZN,US,E-Commerce
2024-10-09,238.03,232.62,230.48,231.43,13338563,236.436,236.28000000000003,231.24349999999998,211.18000000000004,233.80209654210356,226.73756786082845,59.49185043144776,29.52127659574468,7.064528681275107,8.089602734381693,-1.0250740531065858,231.24349999999998,5.953280630305112,243.15006126061022,219.33693873938975,0.5078318162318275,0.10297855948866666,6.217857142857142,14604899.8,0.9132936390776444,216473030.0,-0.01944750444877552,0.009246856500845906,-0.02772759736156059,0.007224615920268018,0.033308032325757964,-0.029643605870020906,40.570599611191035,62.331297659004576,0,0,-0.07198720995549412,AMZN,US,E-Commerce
2024-10-10,231.41,234.81,227.82,230.93,11373303,234.85399999999998,236.231,231.602,212.12939999999998,233.36023552917234,227.0481946806648,50.80576759966072,24.12850307587152,6.312040848507536,7.734090357194711,-1.4220495086871754,231.602,5.688929785581058,242.9798595711621,220.2241404288379,0.4704689622741657,0.09825355196512102,6.13,14667016.55,0.775433925897225,205099727.0,-0.0021604804908611497,0.03026891265738423,-0.0020742405254652587,-0.0021173623714457745,0.03204326063639629,-0.033118405627198144,38.15280464032149,47.768273663957416,0,0,-0.06534447668124543,AMZN,US,E-Commerce
2024-10-11,232.2,242.74,237.88,240.04,6619085,235.592,236.60500000000002,232.18250000000003,213.28740000000002,234.387891614308,228.01076952994293,63.30060776063581,52.56410256410254,6.377122084365055,7.462696702621361,-1.085574618256306,232.18250000000003,5.935234553961167,244.05296910792237,220.3120308920777,0.8309683858207806,0.10225119557133898,6.550714285714286,14403770.85,0.4595383118346185,211718812.0,0.03944918373533102,0.020246625562321978,0.033763996554548835,0.015827338129496216,0.050825198091319024,0.015612439179183424,82.20502900956453,53.642811087025684,0,0,-0.11018996833861017,AMZN,US,E-Commerce
2024-10-14,238.74,230.13,226.81,228.29,4440335,233.342,235.753,232.1585,214.2416,233.44975443306544,228.0314576246615,54.23593030242338,37.660747091243095,5.418296808403937,7.053816723768934,-1.6355199153649966,232.1585,5.950710063779463,244.05992012755894,220.25707987244107,0.3374773783769053,0.10252840303075418,7.094285714285713,13851152.25,0.3205751116788777,207278477.0,-0.0489501749708382,0.014542905952890843,-0.04377146686753894,-0.03597821037962923,-0.0020981772085501005,-0.04696501628120564,20.79055441371704,47.049462687867695,0,0,-0.09452888869420473,AMZN,US,E-Commerce
2024-10-15,228.25,225.1,222.59,223.7,12351414,230.878,234.36399999999998,232.231,215.13420000000002,231.94979219932122,227.71054634432127,43.78201188281088,26.746917204932444,4.23924585499995,6.490902550005287,-2.2516566950053365,232.231,5.831271324776975,243.89354264955395,220.56845735044604,0.13425642861591,0.10043915454442978,6.599999999999999,13834179.35,0.8928186338123024,194927063.0,-0.020106005519295644,0.011220384443400852,-0.01993428258479771,-0.058462056483858826,0.0065241844769403645,-0.052198966189306084,5.253194509926424,36.082925977736,0,0,-0.06191327670987923,AMZN,US,E-Commerce
2024-10-16,223.02,215.5,214.19,214.77,13804549,227.546,231.99099999999999,231.84449999999998,215.6706,229.30674722579022,226.75181427993738,35.15778213585311,23.080820876615135,2.5549329458528405,5.703708629163778,-3.1487756833109373,231.84449999999998,6.701442480227501,245.24738496045498,218.44161503954498,-0.13697107190881092,0.11561960676571745,7.037857142857141,13428843.15,1.0279774525494065,181122514.0,-0.03991953509164048,0.006099548354024783,-0.03699219800898129,-0.0994968553459119,-0.03474157303370784,-0.07198720995549412,1.9641043006446712,9.335951074762711,0,0,-0.04493178749359783,AMZN,US,E-Commerce
2024-10-17,214.18,216.84,215.05,215.84,12489944,224.52799999999996,229.69099999999997,231.46099999999996,216.19140000000004,227.23493994715827,225.94339661079155,30.432287681713817,28.31710709318496,1.2915433363667148,4.821275570594484,-3.529732234227769,231.46099999999996,7.387813507463546,246.23662701492705,216.68537298507286,-0.028607008832525694,0.1276727138901436,6.514285714285712,12448450.6,1.0033331374321286,193612458.0,0.004982073846440338,0.008293180133393713,0.007750490241816445,-0.096298777424217,-0.03431613798040356,-0.06534447668124543,5.587538096661464,4.26827896907752,0,0,-0.008385841363973356,AMZN,US,E-Commerce
2024-10-18,217.55,216.77,211.04,213.59,5725462,219.238,227.41500000000002,230.6225,216.6104,225.13571840557285,225.02818854676457,28.507960014809314,27.00265251989387,0.10752985880827737,3.8785264282287972,-3.77099656942052,230.6225,8.401487258688359,247.42547451737673,213.81952548262328,-0.006829906287695695,0.14571843178617755,6.449999999999998,12283847.45,0.4660967630221782,187886996.0,-0.010424388435878451,0.026827098646814884,-0.0182027120201416,-0.09629786333826951,-0.07279909706546284,-0.11018996833861017,7.802937576260654,5.118193324522263,1,0,0.012500585233391037,AMZN,US,E-Commerce
2024-10-21,214.42,208.62,205.17,206.71,7745672,214.92200000000003,224.132,229.525,216.9184,222.30099248416488,223.67109120958065,24.318030605455732,3.016633775021134,-1.3700987254157724,2.82880139749236,-4.198900122908132,229.525,9.960397635267356,249.44579527053472,209.6042047294653,-0.0726428009044781,0.1735827929022801,6.262857142857143,12251026.6,0.6322467186344434,180141324.0,-0.03221124584484292,0.01669004886064209,-0.03595746665406223,-0.1370543541788427,-0.0959940523047319,-0.09452888869420473,4.099015171570481,5.829830281497533,1,1,0.05955202941318749,AMZN,US,E-Commerce
2024-10-22,208.1,213.64,206.81,209.85,5540885,212.152,221.51500000000001,228.8145,217.27900000000002,220.38545517155657,222.64717080960972,27.024859663191634,15.673864482501813,-2.261715638053147,1.8106979903774214,-4.072413628430568,228.8145,10.838829066201,250.492158132402,207.136841867598,0.06257959498595465,0.1894780106357531,6.509999999999999,11863649.15,0.4670472350366805,185682209.0,0.01519036331091872,0.0325470574218129,0.008409418548734218,-0.11088043386153723,-0.06342051236276003,-0.06191327670987923,12.456747404512742,8.119566717447958,1,1,0.038503693114129156,AMZN,US,E-Commerce
2024-10-23,208.28,210.04,201.19,205.12,19053644,210.22200000000004,218.88400000000001,227.58200000000002,217.4998,218.03692359907444,221.34870232720297,24.737788432723974,15.592592592592553,-3.3117787281285302,0.7862026466715318,-4.097981374800062,227.58200000000002,12.057448713293038,251.6968974265861,203.46710257341394,0.03427129291310017,0.21192271292527634,7.052857142857142,12279984.05,1.5516015632282874,166628565.0,-0.02253990945913742,0.043145475818822394,-0.01517188400223173,-0.11368448342911464,-0.10728119423771598,-0.04493178749359783,9.458483754285009,8.671415443456077,1,1,0.08019695787831504,AMZN,US,E-Commerce
2024-10-24,204.45,214.65,213.53,214.03,11164460,209.85999999999999,217.19400000000002,226.7125,217.919,217.4204738129074,220.80651454857755,34.74576271186439,48.628613787991085,-3.38604073567015,-0.04824602979986657,-3.3377947058702837,226.7125,12.388588074259786,251.48967614851958,201.93532385148043,0.24406889783923486,0.21857794473979408,7.427142857142856,12251488.65,0.9112736751975299,177793025.0,0.04343798751950079,0.005232911274096023,0.04685742235242434,-0.073182349629758,-0.07514475844784374,-0.008385841363973356,30.902527075068537,17.605919411288763,1,1,0.04125589870578894,AMZN,US,E-Commerce
2024-10-25,212.27,219.13,213.96,216.26,16042546,210.394,214.81599999999997,225.7105,218.3662,217.24193937973726,220.46970021475704,33.87811634349029,50.746268656716396,-3.2277608350197795,-0.6841489908457159,-2.5436118441740634,225.7105,12.382754763231134,250.47600952646226,200.94499047353773,0.30920037219078367,0.21944490421449198,7.363571428571427,11687654.05,1.3726060472669408,193835571.0,0.010419100126150438,0.02390640895207658,0.018796815376554313,-0.09906682219630059,-0.08480744815911989,0.012500585233391037,36.26955475243633,25.543521860596627,1,1,0.004993988717284736,AMZN,US,E-Commerce
2024-10-28,215.59,221.03,217.4,219.02,9543011,212.856,213.88899999999998,224.82099999999997,218.87120000000002,217.5154871680082,220.36230453909556,38.10190369540872,59.47643979057594,-2.8468173710873543,-1.1166826668950591,-1.7301347041922952,224.82099999999997,12.18078594819714,249.18257189639425,200.4594281036057,0.38093953819869286,0.21671971832067222,7.446428571428571,11305460.95,0.844106241939101,203378582.0,0.012762415610838795,0.016573828873999732,0.01590982884170925,-0.04060624644093036,-0.07512351674338069,0.05955202941318749,42.91215403025485,36.6947452859199,0,1,-0.014975801296685187,AMZN,US,E-Commerce
2024-10-29,221.19,220.21,216.1,217.93,7358739,214.47200000000004,213.31199999999998,223.83800000000002,219.36,217.5792583730362,220.18211756019411,40.06476302619958,74.54068241469818,-2.602859187157918,-1.4139179709481893,-1.1889412162097288,223.83800000000002,11.88579895682712,247.60959791365426,200.0664020863458,0.37573405831119505,0.21240002067162886,7.344285714285713,11275865.5,0.6526096242803159,196019843.0,-0.004976714455300901,0.018859266736939176,-0.014738460147317929,-0.02579347340187743,-0.0827475903868008,0.038503693114129156,40.2888086632903,39.82350581532716,0,0,-0.02688936814573495,AMZN,US,E-Commerce
2024-10-30,219.23,223.57,219.96,221.57,5854746,217.762,213.99200000000002,222.9915,219.961,218.19321862420318,220.284932264047,43.415869442881245,75.08561643835617,-2.0917136398438174,-1.5494771047275187,-0.5422365351162988,222.9915,11.378674548192842,245.7488490963857,200.2341509036143,0.468768330739046,0.20410956557791343,7.247857142857141,11074727.65,0.5286581897426443,201874589.0,0.016702610930115158,0.016292819424938813,0.0106737216621326,0.03166177771569578,-0.07098532494758913,0.08019695787831504,49.049338145630564,44.08343361305857,0,0,-0.04847226610100641,AMZN,US,E-Commerce
2024-10-31,221.53,228.85,218.08,222.86,18736655,219.52800000000002,214.69400000000002,222.19250000000002,220.54,218.9111849905662,220.47569279179285,36.421119190641804,94.52811244979918,-1.5645078012266538,-1.5524832440273493,-0.012024557199304509,222.19250000000002,10.750972477433551,243.69444495486712,200.69055504513292,0.5155218516484337,0.19354339102148205,7.173571428571425,11259786.75,1.6640326990177945,220611244.0,0.005822087827774602,0.04832630350871244,0.006003701530239737,0.03252409191994077,-0.06690671579299945,0.04125589870578894,74.87906012180798,54.739068976909614,0,0,-0.06362738939244372,AMZN,US,E-Commerce
2024-11-01,224.73,218.78,216.18,217.34,12331586,219.744,215.06900000000002,221.24200000000002,221.00239999999997,218.66946422254296,220.2434025989395,40.39978958442925,60.0120992135511,-1.5739383763965407,-1.5567742705011918,-0.01716410589534889,221.24200000000002,10.262675653987841,241.7673513079757,200.71664869202434,0.40494681572420316,0.18554660785820873,6.705714285714284,11098914.35,1.1110622624939652,208279658.0,-0.024768913219061384,0.011962823226226335,-0.032883905130454784,0.0175570017322908,-0.08043156335942458,0.004993988717284736,58.38756326614653,60.771987177861696,0,0,-0.04619490199687126,AMZN,US,E-Commerce
2024-11-04,217.86,216.6,215.06,215.74,8533862,219.08800000000002,215.97199999999998,220.052,221.35699999999997,218.21877741869017,219.90979507671378,42.63508512213177,48.364779874213895,-1.6910176580236111,-1.5836229480056965,-0.10739471001791467,220.052,9.370336510275223,238.79267302055044,201.31132697944955,0.384956106014535,0.17032949503267666,6.46142857142857,11184162.7,0.7630308558520116,199745796.0,-0.007361737370019328,0.0071382219337760905,-0.009731019921005571,0.043684388757196047,-0.0993571011104617,-0.014975801296685187,52.60303687445402,61.95655342080284,0,0,-0.04051172707889128,AMZN,US,E-Commerce
2024-11-05,213.63,215.27,209.51,212.07,11117103,217.916,216.19400000000002,218.8545,221.60640000000004,217.2728116612855,219.32903382071754,47.23247232472323,29.327781082688873,-2.0562221594320533,-1.6781427902910262,-0.37807936914102713,218.8545,8.730816851517623,236.31613370303523,201.39286629696477,0.30573123581425155,0.159572992129067,6.227142857142858,10658278.2,1.0430485814257897,188628693.0,-0.017011217205896045,0.027160843117710467,-0.007302345176205121,0.010578984989278117,-0.10147445131768495,-0.02688936814573495,39.334779463509214,50.10845986803659,0,0,-0.041684349507238205,AMZN,US,E-Commerce
2024-11-06,211.35,214.07,208.24,210.83,8398787,215.76800000000003,216.76500000000001,217.8245,221.89260000000002,216.28160986663588,218.69943993019177,44.88253319713994,29.068396226415118,-2.417830063555897,-1.8260802449440732,-0.5917498186118237,217.8245,8.377122653236945,234.57874530647388,201.07025469352612,0.2912618601331879,0.15383251476667648,6.4957142857142856,10411289.4,0.806699907246848,180229906.0,-0.0058471259489790706,0.02765261110834479,-0.0024603737875444594,0.027837363494539913,-0.0890117962234801,-0.04847226610100641,34.85177150994757,42.2631959493036,0,0,-0.019494379357776426,AMZN,US,E-Commerce
2024-11-07,211.5,212.42,205.69,208.68,8024018,212.93199999999996,216.23000000000002,216.712,222.10260000000002,215.11213142501032,217.95722008425778,44.97441146366428,8.338720103426098,-2.845088659247466,-2.0298819278048317,-0.8152067314426343,216.712,8.01466458568665,232.74132917137328,200.6826708286267,0.24945925951181555,0.14793208656003662,6.567142857142855,10243825.15,0.7833028286994113,172205888.0,-0.010197789688374592,0.03225033544167021,-0.01333333333327026,-0.02499649581834318,-0.09634954315160438,-0.06362738939244372,27.078814171110707,33.755121714855825,0,0,-0.04590760973739705,AMZN,US,E-Commerce
2024-11-08,209.92,210.98,204.35,207.3,8715889,210.92400000000004,215.334,215.075,222.2536,213.910265051406,217.16775785603167,50.6805074971165,0.0,-3.2574928046256844,-2.2754041031690795,-0.9820887014566049,215.075,6.11837998854416,227.31175997708831,202.83824002291166,0.1823096957552522,0.11379063096158486,6.4392857142857105,10348665.35,0.8422234039848043,163489999.0,-0.00661299597469811,0.031982633863810964,-0.012480945121891652,-0.04143161009895491,-0.13639393434427582,-0.04619490199687126,22.089660158275915,28.006748613111398,0,0,-0.05653642064640618,AMZN,US,E-Commerce
2024-11-11,206.43,213.4,201.87,207.0,10029676,209.17600000000002,214.132,214.0105,222.3068,212.84714735079615,216.4145565805016,46.4823500370279,0.0,-3.567409229705447,-2.533805128476418,-1.0336041012290291,214.0105,5.521074909644122,225.05264981928826,202.96835018071175,0.18255728662833695,0.10319259867377216,6.767857142857141,10628132.4,0.943691203574844,153460323.0,-0.0014471780028944004,0.055700483091518364,0.0027612265658927093,-0.054880832800657475,-0.09325857462000087,-0.04051172707889128,21.005061459833524,23.391178596406718,0,0,-0.08584541062801943,AMZN,US,E-Commerce
2024-11-12,209.5,203.55,202.96,203.23,9725840,207.408,212.66200000000003,212.987,222.25959999999998,211.367586219441,215.43788190540636,47.61061946902653,0.0,-4.0702956859653625,-2.841103239974269,-1.2291924459910937,212.987,5.527656874872293,224.04231374974458,201.9316862502554,0.058718991567103015,0.10381209885760802,6.424285714285712,10496853.7,0.9265480258576887,143734483.0,-0.018212560386473453,0.0029031146976189557,-0.02992840095451113,-0.06745285183315752,-0.09150648189539556,-0.041684349507238205,5.040770941251216,16.04516418645355,0,0,-0.05875116862667917,AMZN,US,E-Commerce
2024-11-13,202.68,210.58,203.62,206.72,11709794,206.586,211.177,212.58450000000002,222.24040000000002,210.6525729547221,214.79208786280665,39.29094638148258,28.304947283049515,-4.13951490808455,-3.100785573596367,-1.038729334488183,212.58450000000002,5.681923761507724,223.94834752301546,201.22065247698458,0.24196679476891547,0.1069113460573276,6.268571428571428,10392115.95,1.126795825753289,155444277.0,0.017172661516508425,0.03366873064999197,0.019932899151273234,-0.06702170871507873,-0.03748195744284588,-0.019494379357776426,17.976278724315172,14.674037041799972,0,0,-0.0840750773993808,AMZN,US,E-Commerce
2024-11-14,207.59,199.12,199.08,199.1,7846180,204.67000000000002,208.80100000000002,211.7475,221.9544,208.8752540382124,213.62966929684833,28.289473684210563,18.653126670229838,-4.75441525863593,-3.431511510604323,-1.3229037480316075,211.7475,6.368602982395395,224.4847059647908,199.0102940352092,0.0035214145486555733,0.12030560894207158,6.444999999999999,10159927.75,0.7722672267755815,147598097.0,-0.03686145510835914,0.0002009040683063342,-0.04089792379189321,-0.10661401776900303,-0.07755744996293557,-0.04590760973739705,0.0671817265680551,7.694743797378148,0,0,-0.046207935710698034,AMZN,US,E-Commerce
2024-11-15,198.42,200.7,191.48,195.58,11971576,202.32599999999996,206.625,210.84700000000004,221.5056,206.82983033963774,212.29261235800777,20.903674280039738,17.380478087649436,-5.462782018370035,-3.837765612157507,-1.625016406212528,210.84700000000004,7.2995970328582045,225.44619406571644,196.24780593428363,-0.022871328761529794,0.13848140182831306,6.762857142857142,10472233.45,1.1431730312340362,135626521.0,-0.01767955801104959,0.0471418345431683,-0.014313073278831077,-0.10011962823226273,-0.08432042698628206,-0.05653642064640618,10.971367406717444,9.671609285866891,0,0,-0.0456590653441048,AMZN,US,E-Commerce
2024-11-18,195.88,192.03,186.99,189.23,7815465,198.772,203.974,209.973,220.93740000000003,204.12216413310486,210.584218175041,18.489240228370676,13.932135728542931,-6.462054041936142,-4.362623298113277,-2.0994307438228645,209.973,8.727755544360319,227.42851108872065,192.51748891127937,-0.09416764981775631,0.16626433959259057,7.082857142857141,10475723.1,0.7460548717582205,127811056.0,-0.032467532467532534,0.02663425461065031,-0.033949356748856734,-0.12287939186057295,-0.08456291422766204,-0.08584541062801943,5.351170568433994,5.463239900573165,0,1,-0.007081329598900843,AMZN,US,E-Commerce
2024-11-19,190.32,191.46,191.15,191.29,5978333,196.38400000000001,201.89600000000002,209.045,220.26919999999998,202.14798503543588,209.15497613992736,15.5595996360328,20.701230883998534,-7.006991104491476,-4.891496859388952,-2.115494245102524,209.045,9.676657480763026,228.39831496152604,189.69168503847393,0.04129305404945297,0.18515931939470903,6.839285714285714,10497595.5,0.5694954078297827,133789389.0,0.0108862231147282,0.0016205760886527352,0.005096679276980361,-0.09798651388692414,-0.08844412675720759,-0.05875116862667917,10.272336359047447,8.864958111399629,0,0,-0.011657692508756257,AMZN,US,E-Commerce
2024-11-20,190.57,192.5,186.81,189.34,8675162,192.908,199.747,208.256,219.57659999999998,200.17752579898843,207.68716143795862,12.438368444643686,22.208883553421416,-7.509635638970195,-5.415124615305228,-2.0945110236649676,208.256,10.61167996025862,229.47935992051725,187.03264007948275,0.05435896882265811,0.2038199131877626,6.476428571428572,9978671.4,0.8693703583254221,125114227.0,-0.010193946364159046,0.030051758740730676,-0.006454321246752036,-0.10193046530379934,-0.07693057722308894,-0.0840750773993808,7.913669064500671,7.845725330660705,1,0,0.0033801626703284793,AMZN,US,E-Commerce
2024-11-21,188.67,191.86,188.34,189.9,8826422,191.06799999999998,197.869,207.0495,218.89939999999999,198.59636798360563,206.3695617648369,15.405950579929424,11.876699909338186,-7.773193781231271,-5.886738448490456,-1.8864553327408151,207.0495,11.271851515121835,229.59320303024367,184.50579696975632,0.11963879720397787,0.21776148244873614,6.250714285714287,9861769.5,0.895013932842992,133940649.0,0.0029576423365373916,0.018536071616542783,0.006519319446618429,-0.08999424956871771,-0.11274120450404146,-0.046207935710698034,10.372608257456456,9.519537893668192,1,0,0.02216956292785688,AMZN,US,E-Commerce
2024-11-22,191.09,187.88,185.67,186.65,19295824,189.282,195.804,205.56900000000002,218.0638,196.7584652167458,204.9088204740014,14.790607601065133,14.810627473148699,-8.150355257255598,-6.339461810243499,-1.8108934470120985,205.56900000000002,11.92411704774941,229.41723409549883,181.7207659045012,0.10334589294235863,0.23202169680625775,6.390000000000002,10024433.4,1.924879073476704,114644825.0,-0.017114270668773024,0.011840342887694442,-0.02323512481017721,-0.09961408586589482,-0.13691852399889015,-0.0456590653441048,3.310810810699018,7.199029377552049,1,1,0.06021966246986321,AMZN,US,E-Commerce
2024-11-25,187.53,188.34,187.54,187.89,13800643,189.014,193.893,204.0125,217.24620000000002,195.39408595253607,203.6481407253007,18.9043209876543,25.048669695003156,-8.254054772764619,-6.722380402747733,-1.5316743700168853,204.0125,12.106263222420592,228.22502644484118,179.7999735551588,0.16706283136342873,0.23736316593073964,6.065714285714287,10237315.0,1.3480723853791365,128445468.0,0.006643450308063015,0.004257810420968405,0.0019196928491338216,-0.09231884057971018,-0.14213313852616205,-0.007081329598900843,7.816901408175456,7.166773492110312,1,1,0.04236521368886059,AMZN,US,E-Commerce
2024-11-26,187.06,189.39,188.8,189.06,10675022,188.56799999999998,192.476,202.56900000000002,216.5824,194.41961119055,202.5675167711001,21.9531048698789,49.1691104594331,-8.147905580550088,-7.00748543830821,-1.1404201422418776,202.56900000000002,12.080600324923155,226.73020064984632,178.4077993501537,0.22044021743790315,0.2385478592452649,5.7564285714285734,10403129.15,1.0261355809337827,139120490.0,0.006227047740699376,0.0031207024224947336,0.010691756655561362,-0.06972395807705545,-0.13247373009682006,-0.011657692508756257,12.2250270460792,7.7842464216512255,1,1,0.0005289326139850115,AMZN,US,E-Commerce
2024-11-27,188.77,190.15,189.85,189.98,14421667,188.696,190.802,200.9895,215.93200000000002,193.7365940842775,201.63509139351277,25.11974454497073,42.79427942794277,-7.8984973092352675,-7.185687812493625,-0.7128094967416425,200.9895,11.517551126319157,224.02460225263832,177.95439774736167,0.2610277592972252,0.22921697155845175,5.353571428571432,10831475.2,1.331459048952164,153542157.0,0.0048661800486617945,0.0015791135908960537,0.006409916829970703,-0.08097910216718274,-0.14257345308480396,0.0033801626703284793,15.542733501062287,11.86155398510565,0,1,-0.029476787030213725,AMZN,US,E-Commerce
2024-11-28,190.51,195.12,193.3,194.11,14939416,189.53799999999998,190.30300000000003,199.552,215.34400000000002,193.79404114823723,201.07766795670162,33.647408876766704,71.16237799467616,-7.2836268084643905,-7.205275611687778,-0.0783511967766124,199.552,10.38244043920751,220.31688087841502,178.78711912158496,0.36896144427137395,0.20811498635253942,5.247142857142862,10641613.25,1.4038674630589998,168481573.0,0.021739130434782705,0.009376126938285595,0.01889664584526338,-0.025062782521345972,-0.12900475634927755,0.02216956292785688,30.436350521801863,19.401370356314448,0,0,-0.03714388748647679,AMZN,US,E-Commerce
2024-11-29,192.38,201.02,195.38,197.89,7933917,191.786,190.534,198.5795,214.69459999999998,194.42418866391554,200.84154077252595,39.60283040401733,77.57073844030363,-6.417352108610402,-7.047690911072301,0.6303388024618997,198.5795,9.502189484534988,217.58387896906999,179.57512103093,0.48185944403644965,0.19140323113890698,4.917142857142862,10421729.8,0.7612859276695191,176415490.0,0.019473494410385817,0.028500682197036307,0.028641230897033736,0.011811023622047001,-0.08949111990429748,0.06021966246986321,49.0566037716155,31.678562598159886,0,0,-0.06448026681489716,AMZN,US,E-Commerce
2024-12-02,199.41,195.85,195.85,195.85,7638090,193.378,191.19599999999997,197.58499999999998,214.0384,194.64354425408902,200.47179174582072,41.23098859315589,84.6385542168675,-5.828247491731702,-6.80380222720418,0.9755547354724783,197.58499999999998,8.61066444040589,214.80632888081175,180.3636711191882,0.44962641929500663,0.17431818084089998,4.7742857142857185,10376941.2,0.7360636546669789,168777400.0,-0.010308757390469436,0.0,-0.017852665362730804,0.03498388204830105,-0.0921943079632892,0.04236521368886059,40.867121636255824,40.12002530989106,0,0,-0.04493234618330344,AMZN,US,E-Commerce
2024-12-03,196.6,190.88,187.78,189.16,17921168,193.398,190.983,196.4395,213.34040000000002,193.7999220611307,199.63387019682284,30.609540636042382,53.39028296849976,-5.83394813569214,-6.609831408901771,0.7758832732096312,196.4395,8.090440411537491,212.62038082307498,180.25861917692504,0.27505859910005526,0.16474162093665073,4.825714285714288,10717144.45,1.6721960230557478,150856232.0,-0.03415879499617058,0.01638824275736734,-0.03784333672412083,-0.011134926028543046,-0.10803036733154148,0.0005289326139850115,22.736156350310374,37.5532939193939,0,0,-0.041657855783463704,AMZN,US,E-Commerce
2024-12-04,189.93,187.16,182.15,184.38,17084884,192.278,190.487,195.117,212.4326,192.35070328246385,198.50394008974573,32.65786993402449,39.525514771709915,-6.153236807281871,-6.51851248857779,0.3652756812959188,195.117,7.769759936683473,210.65651987336693,179.57748012663305,0.15452600570508684,0.15928412053575344,4.780714285714288,11151449.3,1.5320773119528677,133771348.0,-0.02526961302600972,0.02717214448406996,-0.029221292054813826,-0.026196260695045992,-0.12545652895697967,-0.029476787030213725,11.817700052367844,25.14032601297801,0,1,-0.011335285822757335,AMZN,US,E-Commerce
2024-12-05,185.46,187.11,186.74,186.9,12775990,190.83599999999998,190.18699999999998,194.028,211.5422,191.51213354668488,197.64437925434675,39.52702702702701,43.567251461988334,-6.132245707661866,-6.441259132394605,0.30901342473273896,194.028,7.279603517254794,208.5872070345096,179.4687929654904,0.25520644828527617,0.15007325782293857,4.317142857142861,11389047.9,1.1217784831883546,146547338.0,0.013667425968109326,0.0019796682717925355,0.007764477515325317,-0.01579778830963663,-0.1043703277745831,-0.03714388748647679,25.17223105325001,19.90869581864274,0,0,-0.03242375601926162,AMZN,US,E-Commerce
2024-12-06,189.29,186.42,184.1,185.13,10467474,188.284,190.03500000000003,192.9195,210.5188,190.5302668471797,196.7173784946986,44.43841562669561,29.19369786839661,-6.187111647518918,-6.390429635419467,0.2033179879005491,192.9195,6.826083469041605,206.5716669380832,179.2673330619168,0.21471561857020557,0.14153226540616626,3.903571428571433,11476627.15,0.9120687594988428,136079864.0,-0.00947030497592305,0.01253173445680042,-0.021976860901146495,-0.008143584248593627,-0.10694645441389294,-0.06448026681489716,15.792262850249424,17.594064651955758,0,0,-0.029978933722249135,AMZN,US,E-Commerce
2024-12-09,185.7,187.78,186.46,187.05,8603861,186.524,189.951,191.92199999999997,209.52360000000002,189.99484117837576,196.00126944307937,44.22657952069719,22.51521298174451,-6.006428264703601,-6.313629361276294,0.307201096572693,191.92199999999997,6.076717084604407,204.0754341692088,179.76856583079115,0.29956282592771544,0.12664972404565916,3.9335714285714323,11405336.4,0.7543714577001466,144683725.0,0.010371090584994525,0.007056936647917328,0.007269789983805886,-0.004470700942040384,-0.09637681159420286,-0.04493234618330344,25.967143612826355,22.310545838775266,0,0,-0.05137663726276409,AMZN,US,E-Commerce
2024-12-10,186.64,185.44,177.96,181.28,5193106,184.948,189.173,190.8245,208.39739999999998,188.6540963816877,194.91079525336778,40.059200789343855,18.933901918976616,-6.256698871680072,-6.30224326335705,0.04554439167697755,190.8245,5.906706692174226,202.63791338434845,179.01108661565155,0.09603123629189576,0.12381443037226922,4.176428571428575,11178699.7,0.46455363099577396,139490619.0,-0.03084736701416735,0.04126213592210243,-0.028718388341037654,-0.041150957368031316,-0.10800570781872754,-0.041657855783463704,14.397224630771989,18.71887703128259,0,0,-0.030781112091791796,AMZN,US,E-Commerce
2024-12-11,181.78,182.77,181.92,182.29,14260040,184.53,188.404,189.603,207.2732,187.67500463064962,193.97591376224304,40.717248109294935,30.669667979741178,-6.300909131593414,-6.301976437004323,0.0010673054109089364,189.603,4.884045023285628,199.37109004657125,179.83490995342876,0.12566888894044007,0.10303729420441371,4.031428571428576,11306212.0,1.2612569743732938,153750659.0,0.005571491615180779,0.004662899775058203,0.0028055891737109985,-0.040477945046846986,-0.11817917956656354,-0.011335285822757335,18.777103208205606,19.713823817267983,0,0,-0.025783092873991942,AMZN,US,E-Commerce
2024-12-12,182.58,183.95,178.35,180.84,12229232,183.318,187.077,188.69,206.1132,186.62346545669516,193.00287562640455,42.58739474355703,37.74238227146819,-6.379410169709388,-6.317463183545336,-0.06194698616405159,188.69,4.719220497632062,198.12844099526413,179.25155900473587,0.08414742413376379,0.10004177216825598,4.129285714285716,11525364.6,1.0610710691902043,141521427.0,-0.007954358439848486,0.030966600309494736,-0.009530069010792414,-0.06836329916026995,-0.09171270718232039,-0.03242375601926162,12.489158715850406,15.221162184942669,1,0,0.005916832559168306,AMZN,US,E-Commerce
2024-12-13,179.29,181.03,178.42,179.58,6635976,182.20800000000003,185.246,187.89000000000001,204.97780000000003,185.53985538642706,192.00858145932608,39.4032134659526,22.230652503793664,-6.468726072899017,-6.347715761416072,-0.12101031148294439,187.89000000000001,4.84425758800611,197.57851517601225,178.20148482398778,0.07114171526273444,0.10312965220033707,4.195000000000003,11258584.6,0.5894147129813535,134885451.0,-0.006967485069674817,0.014533912462331438,0.0016174912153405266,-0.09252615089190952,-0.08180795582370382,-0.029978933722249135,7.025151777665884,12.763804567240634,1,0,0.021104800089096765,AMZN,US,E-Commerce
2024-12-16,178.47,178.18,176.85,177.44,24133107,180.286,183.40500000000003,187.3005,203.73579999999998,184.29372378850812,190.92942015839523,35.540069686411144,21.62361623616239,-6.635696369887114,-6.405311883110279,-0.23038448677683476,187.3005,5.3622780655836,198.0250561311672,176.5759438688328,0.04028400432423615,0.11451711160525394,4.282857142857147,12074466.7,1.9986891016321988,110752344.0,-0.011916694509410908,0.007495491433681905,-0.005771278085920491,-0.09400051059484293,-0.062305131321672036,-0.05137663726276409,2.441042614710768,7.318451036075686,1,1,0.05370829576194769,AMZN,US,E-Commerce
2024-12-17,176.0,176.33,175.2,175.7,4981082,179.17000000000002,182.059,186.52100000000002,202.52939999999998,182.97161243642358,189.80130807104592,32.585365853658544,7.554225878833137,-6.82969563462234,-6.490188633412692,-0.3395070012096477,186.52100000000002,5.861693576002997,198.244387152006,174.79761284799403,0.038486622520738964,0.1257058149156731,4.365000000000005,12024604.15,0.41424079525804636,105771262.0,-0.00980613165013533,0.0064314171883528325,-0.0017045454545358343,-0.07115669274688097,-0.08149929426525171,-0.030781112091791796,1.9364833461682214,3.800892579514958,1,1,0.0789982925441095,AMZN,US,E-Commerce
2024-12-18,175.77,178.61,176.77,177.59,12027249,178.23000000000002,181.38000000000002,185.9335,201.4526,182.1436720615858,188.89676161679475,28.689370485036108,30.558482613277164,-6.753089555208959,-6.542768817771946,-0.21032073743701307,185.9335,6.146211734411529,198.22592346882305,173.64107653117696,0.16062428530378764,0.13222387002618607,4.205714285714292,12192208.5,0.9864700077537217,117798511.0,0.010756972111553909,0.01036094374677427,0.010354440461908396,-0.036826119969627924,-0.062057674025562504,-0.025783092873991942,9.256390394684155,4.544638785187715,1,1,0.05360662199448174,AMZN,US,E-Commerce
2024-12-19,176.73,184.63,179.74,181.91,5961079,178.44400000000002,180.881,185.534,200.47220000000002,182.1077225136494,188.37922100911854,29.66921119592878,48.51562500000002,-6.271498495469132,-6.488514753311383,0.21701625784225165,185.534,6.134483549660892,197.8029670993218,173.2650329006782,0.3523103057081051,0.13225572778310898,4.215000000000005,12048941.35,0.4947387768022643,123759590.0,0.024325694014302623,0.026881424880287535,0.02931024726968085,-0.026698769395398614,-0.04207477619799904,0.005916832559168306,32.49394672966134,14.562273490171238,1,1,0.009785058545434655,AMZN,US,E-Commerce
2024-12-20,183.23,184.23,182.69,183.37,7781432,179.202,180.70499999999998,185.36999999999998,199.33880000000002,182.30191905001158,188.0081658019104,33.88429752066119,59.87509758001559,-5.706246751898817,-6.332061153028871,0.6258144011300537,185.36999999999998,6.1469093646197175,197.6638187292394,173.07618127076054,0.41865830933142606,0.1326408666901129,4.235000000000006,11473221.75,0.6782254794103078,131541022.0,0.008025946896817127,0.00839832033588697,0.0007640670195887722,-0.009506833036244777,-0.017572997589070494,0.021104800089096765,52.104591833411774,31.284976319252422,1,1,0.015542346076239166,AMZN,US,E-Commerce
2024-12-23,183.0,190.07,184.49,186.97,6609615,181.108,180.697,185.324,198.5124,183.02008535001156,187.93126428614823,46.92674712321078,74.38943894389429,-4.911178936136679,-6.047884709650433,1.1367057735137545,185.324,6.1304789887566224,197.58495797751326,173.06304202248677,0.5671236294281266,0.13231915971430666,4.137142857142862,11113670.35,0.5947283118103002,138150637.0,0.019632437148933812,0.02984436005760357,0.0216939890709197,-0.0004276931301792075,-0.004896481984139611,0.05370829576194769,79.1526563497544,54.58373163760916,1,0,0.014547788415253837,AMZN,US,E-Commerce
2024-12-24,186.37,189.64,189.53,189.58,5146036,183.884,181.527,185.35,197.83,184.02930298847343,188.0533933652298,57.77047220561866,88.86043533930854,-4.024090376756362,-5.64312584307162,1.6190354663152577,185.35,6.148234663193305,197.6464693263866,173.05353067361338,0.6720005916759777,0.13268378015991664,3.8271428571428623,10837221.05,0.4748482568925493,143296673.0,0.013959458736695796,0.0005802299820624802,0.01722380211398178,0.04578552515445722,0.0027504495927219708,0.0789982925441095,96.70477470768643,75.98734096361754,1,0,0.04451946407848917,AMZN,US,E-Commerce
2024-12-25,190.81,188.48,186.01,187.11,5445199,185.78799999999998,182.00900000000001,185.2065,197.2768,184.50325637486299,187.98351210623753,50.31427716252621,84.89296636085629,-3.480255731374541,-5.210551820732205,1.7302960893576635,185.2065,6.067444858032963,197.34138971606592,173.0716102839341,0.5784308734549705,0.13104172603013817,3.8871428571428623,10388397.65,0.5241615366772625,137851474.0,-0.013028800506382554,0.0132007909784982,-0.019391017242181216,0.026441384606945117,-0.01510685335298445,0.05360662199448174,80.09414928849415,85.317193448645,1,1,0.06979851424295846,AMZN,US,E-Commerce
2024-12-26,188.92,185.01,182.63,183.69,12793394,186.144,182.29399999999998,184.6855,196.63379999999998,184.37814000949925,187.66547303897661,47.94637763833428,67.0581655480984,-3.2873330294773666,-4.825908062481237,1.5385750330038706,184.6855,5.698857203076781,196.08321440615356,173.28778559384642,0.4563289636420941,0.12342836233588295,4.0071428571428624,10281096.55,1.2443607248916726,125058080.0,-0.018278018278018338,0.012956611682655774,-0.027683675629749663,0.01575978765759789,-0.05368090258101088,0.009785058545434655,57.09482178499703,77.9645819270592,1,1,0.08160487778322167,AMZN,US,E-Commerce
2024-12-27,183.79,189.56,183.55,186.22,9005479,186.714,182.958,184.102,196.0864,184.66150308496125,187.55840060868434,48.83655733109053,63.39341205717835,-2.8968975237230836,-4.4401059547296065,1.5432084310065228,184.102,4.802679734438522,193.70735946887706,174.49664053112295,0.6102509492878644,0.10434823596511587,4.247142857142862,10334674.65,0.8713847734544045,134063559.0,0.013773204856007304,0.0322736548167099,0.013221611621887945,0.0369751642721905,-0.05897215624842078,0.015542346076239166,74.10894417793487,70.43263841714203,1,1,0.0677156051981529,AMZN,US,E-Commerce
2024-12-30,186.42,195.44,185.1,189.69,11569419,187.25799999999998,184.183,183.794,195.74599999999998,185.43511799496807,187.71629734234423,62.60113874737787,67.45856353591157,-2.281179347376167,-4.0083206332589185,1.7271412858827517,183.794,4.164776357173418,192.12355271434686,175.46444728565316,0.8539205646055147,0.09064009395629374,4.336428571428576,10531241.1,1.098580669795826,145632978.0,0.018633873912576426,0.054509989983370206,0.017541036369394216,0.06903742110009015,-0.03145264232831246,0.014547788415253837,71.590909087372,67.59822501676797,1,1,0.07248668880805531,AMZN,US,E-Commerce
2024-12-31,190.47,199.08,197.17,198.02,7689468,188.946,186.41500000000002,184.23700000000002,195.5094,187.37125368805167,188.47953673556643,69.32907348242811,74.20061322820848,-1.1082830475147603,-3.4283131161100866,2.3200300685953263,184.23700000000002,5.125899253584903,194.48879850716983,173.9852014928302,1.1722235122543783,0.1112892470797306,4.900714285714291,10019656.1,0.7674382389792561,153322446.0,0.04391375401971653,0.009645490354461063,0.039638788260410424,0.1270347182697782,0.046838655106788085,0.04451946407848917,95.56113902447399,80.42033076326028,1,1,0.025249974750025217,AMZN,US,E-Commerce
2025-01-01,198.52,201.57,199.05,200.17,28219641,191.558,188.673,185.0265,195.4104,189.3402915821991,189.3454992458405,73.35105097849718,73.67009387572635,-0.0052076636414142286,-2.743692025616352,2.7384843619749377,185.0265,6.243294740001771,197.51308948000354,172.53991051999645,1.1063905609752336,0.13497082288143655,4.754285714285719,10576393.95,2.66817201261948,181542087.0,0.010857489142510834,0.012589299095705614,0.008311505137979376,0.12714679880623891,0.08563835557001842,0.06979851424295846,94.69093666686798,87.280994926238,1,1,0.01778488284957791,AMZN,US,E-Commerce
2025-01-02,199.4,198.86,198.53,198.68,34987717,194.55599999999998,190.35,185.6155,195.1034,190.77716980032326,190.03694542328142,72.94569918308503,77.04534829359514,0.7402243770418409,-2.046908745084713,2.787133122126554,185.6155,6.945522961630302,199.5065459232606,171.7244540767394,0.9702489672557056,0.14967549502262223,4.685000000000002,11686980.3,2.993734318715817,146554370.0,-0.007443672878053587,0.0016609623515117353,-0.0036108324974743634,0.09218844483535826,0.06302835741037982,0.08160487778322167,89.04057640921353,93.09755070018518,0,1,-0.032766257298167956,AMZN,US,E-Commerce
2025-01-03,198.12,200.28,197.68,198.83,10701235,197.078,191.89600000000002,186.3005,194.7548,192.01606675412035,190.68828426215939,76.9871309613929,91.77704194260495,1.32778249196096,-1.3719704976755784,2.699752989636538,186.3005,7.544842417524078,201.39018483504816,171.21081516495184,0.9151677167565195,0.16199296121016493,4.675714285714286,11698668.35,0.9147395041129186,157255605.0,0.0007549828870545561,0.013076497510370254,0.003583686654534748,0.08431041064514377,0.07400205261167847,0.0677156051981529,89.60940462307138,91.11363923305096,0,1,-0.05959865211487214,AMZN,US,E-Commerce
2025-01-06,198.08,203.55,203.34,203.44,19157467,199.828,193.543,187.12,194.4432,193.77359494579497,191.63285776254827,82.63529411764708,92.6237623762377,2.1407371832466993,-0.6694289614911227,2.810166144737822,187.12,8.464593129153501,204.049186258307,170.190813741693,0.982007810357982,0.18094470134904367,4.852857142857142,12226348.65,1.5668999781958632,176413072.0,0.023185635970427,0.0010322453794680286,0.027059773828619373,0.08808899823501104,0.08762363004544227,0.07248668880805531,99.58924570203172,92.74640891143888,0,0,-0.036620133700353885,AMZN,US,E-Commerce
2025-01-07,201.89,205.3,201.19,203.02,5368590,200.82800000000003,194.887,188.207,194.145,195.1961188002886,192.47635140426294,80.98951986351453,88.8629737609331,2.719767396025645,0.00841031001223103,2.711357086013414,188.207,9.050764492281534,206.30852898456305,170.10547101543693,0.9091643311380864,0.19235765922061224,4.938571428571428,12235122.85,0.43878509656442916,171044482.0,-0.0020644907589461026,0.020244310905229875,0.00559710733565024,0.07089355417238097,0.1199249779346867,0.025249974750025217,91.07981220300938,93.42615417603749,0,0,-0.04132597773618374,AMZN,US,E-Commerce
2025-01-08,203.4,205.06,202.66,203.73,10282700,201.54,196.549,189.279,193.7882,196.50902360024463,193.3099564901374,79.15553180117587,79.95802728226668,3.1990671101072223,0.6465416700312295,2.5525254400759927,189.279,9.567982188418938,208.41496437683787,170.14303562316212,0.877587450377308,0.20219849404040363,4.607142857142857,12036255.85,0.8543104495148756,181327182.0,0.0034971923948379224,0.011780297452452881,0.0016224188790479924,0.0888247554914221,0.11761478962093364,0.01778488284957791,93.07454785650302,94.58120192051472,0,0,-0.050213517891326664,AMZN,US,E-Commerce
2025-01-09,204.12,194.55,190.25,192.17,4663266,200.238,197.397,189.8455,193.17440000000002,195.84148150789912,193.2255151292513,59.25925925925925,28.880675818373746,2.615966378647812,1.0404266117545462,1.5755397668932658,189.8455,9.375505867054065,208.5965117341081,171.09448826589187,0.5619833220841559,0.1975397018523942,5.404285714285714,11657957.55,0.40000708357296394,176663916.0,-0.05674176606292647,0.022376021231085164,-0.058543993728892185,0.04616473406282329,0.06265206812652058,-0.032766257298167956,42.08204675597338,75.41213560516194,0,1,-0.00338242181401871,AMZN,US,E-Commerce
2025-01-10,191.73,189.25,185.16,186.98,11803249,197.868,197.473,190.2155,192.5672,194.4781766605297,192.7628836718024,50.010181225819586,24.160777385158923,1.715292988727299,1.1753998871490967,0.5398931015782023,190.2155,9.090754977043375,208.39700995408674,172.03399004591324,0.41102224159100265,0.19116749112444745,5.426428571428572,11916321.2,0.9905110655702143,164860667.0,-0.027007337253473485,0.021873997218836934,-0.0247744223646546,0.004081194286327916,0.04120726138768216,-0.05959865211487214,19.188354652880935,51.44831642178578,1,1,0.028077869290833224,AMZN,US,E-Commerce
2025-01-13,187.84,196.8,195.34,195.99,10785715,196.378,198.103,191.143,192.1722,194.7107648666021,193.0019296640603,55.77373446225905,45.49206349206348,1.7088352025417919,1.2820869502276357,0.42674825231415614,191.143,8.654542524928559,208.45208504985712,173.83391495014288,0.6400131776289356,0.18111136740311246,5.9371428571428595,11248951.6,0.9588194904474929,175646382.0,0.048186971868649175,0.0074493596611692366,0.04338798977830397,0.03321208287205457,0.1045423805229937,-0.036620133700353885,58.93250992241146,40.06763711042193,0,0,-0.030562783815500816,AMZN,US,E-Commerce
2025-01-14,197.17,196.53,193.12,194.63,3527279,194.7,197.764,192.0895,191.8234,194.69833950250944,193.12252762475958,56.911764705882334,34.407079646017706,1.5758118777498566,1.3408319357320801,0.2349799420177765,192.0895,7.87693733897335,207.84337467794668,176.3356253220533,0.5806309575058298,0.1640264010043723,5.925714285714286,11176261.45,0.3156045248382656,172119103.0,-0.006939129547425926,0.01752042336732506,-0.012882284323107522,-0.017119482880517234,0.10774046670461024,-0.04132597773618374,52.93339214587851,43.6847522403903,0,0,-0.040281559882854645,AMZN,US,E-Commerce
2025-01-15,195.06,193.6,193.43,193.5,6186936,192.654,197.097,192.885,191.4768,194.51397957904643,193.1504885753712,59.41278065630398,33.5635359116022,1.3634910036752217,1.3453637493207087,0.01812725435451301,192.885,7.100683065734404,207.0863661314688,178.6836338685312,0.5216528464157958,0.1472521567918208,5.6914285714285695,10884245.8,0.5684303299700995,165932167.0,-0.005805888095360423,0.0008785529715716225,-0.00799753921866095,-0.03332167657491125,0.08958837772397099,-0.050213517891326664,45.74712643467824,52.53767616765608,0,0,-0.04552971576227394,AMZN,US,E-Commerce
2025-01-16,193.81,194.23,189.35,191.52,12336509,192.52399999999997,196.381,193.3655,191.13359999999997,194.05336733611617,193.02971150816967,55.13964313421259,29.804829639431063,1.0236558279464987,1.2810221650458669,-0.2573663370993682,193.3655,6.628365262463959,206.62223052492791,180.10876947507208,0.4303938479793299,0.13711577840782727,5.610714285714285,11203017.3,1.1011772604174002,153595658.0,-0.01023255813953483,0.02548036758549768,-0.011815695784470236,-0.0360378498087377,0.052828321697542924,-0.00338242181401871,31.782178216248457,43.48756559893507,0,0,-0.04208437761069339,AMZN,US,E-Commerce
2025-01-17,193.42,192.42,192.09,192.23,16822521,193.574,195.721,193.8085,190.8322,193.77284928440596,192.97047355705192,52.60245901639343,50.15479876160992,0.8023757273540468,1.185292877507503,-0.38291715015345607,193.8085,6.207905210718869,206.22431042143774,181.39268957856228,0.43643185797558015,0.1281245190110203,4.936428571428569,11655071.75,1.4433647357542234,170418179.0,0.003707184628237048,0.0017166935441828405,-0.0061524144348766695,-0.033194185988030034,0.0483176092054316,0.028077869290833224,35.10427010749228,37.54452491947299,0,0,-0.022941268272382076,AMZN,US,E-Commerce
2025-01-20,191.39,192.94,187.65,190.0,16548488,192.376,194.377,193.95999999999998,190.49220000000003,193.19241093295884,192.7504382668101,40.608899297423854,59.19610231425095,0.4419726661487289,1.036628835235748,-0.5946561690870191,193.95999999999998,6.067619840293483,206.09523968058696,181.824760319413,0.3368388221177155,0.12513136399798322,4.643571428571424,12152015.4,1.361789472239356,153869691.0,-0.011600686677417649,0.027842105263011317,-0.007262657401080118,-0.06606370428627606,0.016205808418462864,-0.030562783815500816,24.031777555907063,30.30607529321593,0,0,-0.005368421052631578,AMZN,US,E-Commerce
2025-01-21,190.51,189.45,184.66,186.79,11971432,190.808,192.754,193.82049999999998,190.1634,192.20742463558048,192.30892392734825,34.71206581352831,6.685499058380245,-0.10149929176776595,0.8090032098350451,-0.9105025016028111,193.82049999999998,6.204156056098879,206.22881211219774,181.41218788780222,0.2167020003749951,0.12803921269559973,4.771428571428568,12493285.2,0.9582292287516795,141898259.0,-0.016894736842105296,0.025643771079684935,-0.01952653404010536,-0.0799428627721408,-0.014716742272391725,-0.040281559882854645,10.319767441360447,23.151938368253266,1,1,0.014668879490336684,AMZN,US,E-Commerce
2025-01-22,186.55,185.35,184.15,184.69,5254980,189.046,190.85,193.6995,189.72280000000003,191.05089776856803,191.74455872593458,34.234843362632375,6.249999999999844,-0.6936609573665464,0.5084703763947268,-1.2021313337612733,193.6995,6.363472632719948,206.4264452654399,180.9725547345601,0.14604625021011888,0.13140917003269695,4.84285714285714,12483774.25,0.4209447779028223,136643279.0,-0.011242571872155827,0.006497373977981977,-0.009970517287537084,-0.09345702645658471,-0.012933568489124081,-0.04552971576227394,2.5531914892409455,12.301578828836151,1,1,0.03292002815528727,AMZN,US,E-Commerce
2025-01-23,184.11,186.62,180.94,183.46,9167921,187.43400000000003,189.97899999999998,193.688,189.41,189.88306734263443,191.13088723996555,33.09130913091306,6.195462478184837,-1.2478198973311123,0.15721232164955887,-1.4050322189806712,193.688,6.382692551778884,206.45338510355776,180.9226148964422,0.09938537235164291,0.1318138976445817,5.0628571428571405,12302500.6,0.7452078689426872,127475358.0,-0.006659808327467598,0.03096042734094106,-0.003530498071785754,-0.045324452307852314,-0.0012521095323642095,-0.04208437761069339,10.344827585782268,7.739262172127887,1,1,0.06524583015371199,AMZN,US,E-Commerce
2025-01-24,184.36,189.7,186.31,187.82,5124635,186.552,190.06300000000002,193.768,189.2548,189.56567236684452,190.88563615966538,32.72123893805306,36.6329479768785,-1.3199637928208574,-0.1382229012445245,-1.181740891576333,193.768,6.293567810827259,206.3551356216545,181.1808643783455,0.2637270234051112,0.12991965259061922,5.171428571428568,12108458.4,0.4232276651148535,132599993.0,0.02376539845197856,0.018049196038664346,0.018767628552729506,0.004492459086533396,0.008591987971216852,-0.022941268272382076,28.243021345310186,13.713680140111132,1,1,0.059738047066340005,AMZN,US,E-Commerce
2025-01-27,187.02,191.19,187.21,188.98,49691828,186.348,189.362,193.73250000000002,189.2498,189.47556892579152,190.74447783307988,34.71919895515886,38.628411476557,-1.2689089072883633,-0.3643601024532923,-0.9045488048350709,193.73250000000002,6.319729237205205,206.37195847441043,181.0930415255896,0.3119974835182284,0.13048361502943673,5.162142857142852,14014578.85,3.545723705730643,182291821.0,0.0061761260781598715,0.0210604296749864,0.010480162549403803,-0.035767130976070316,-0.003742949022088715,-0.005368421052631578,33.333333331951316,23.97372742101459,1,1,0.06286379511059392,AMZN,US,E-Commerce
2025-01-28,188.66,189.82,189.29,189.53,9577021,186.89600000000002,188.852,193.308,189.2146,189.4839429372082,190.6545164575054,34.49104412407165,48.136399682791435,-1.1705735202971823,-0.5256027860220704,-0.6449707342751119,193.308,6.301691168167057,205.9113823363341,180.70461766366589,0.3501195988691635,0.1303969037625852,5.05071428571428,14108956.5,0.6787901232249087,191868842.0,0.0029103608847498297,0.0027963910726386577,0.004611470369953319,-0.02620356574012228,-0.04287445712554294,0.014668879490336684,54.16141235471868,38.57925567732673,1,1,0.04315939429114124,AMZN,US,E-Commerce
2025-01-29,189.3,193.2,188.83,190.77,4497501,188.112,188.579,192.838,189.2432,189.68179786994543,190.66307079879425,48.025944726452366,68.70300751879711,-0.9812729288488242,-0.6167368145874212,-0.364536114261403,192.838,6.110609066034418,205.05921813206882,180.61678186793117,0.41539304928250625,0.12675113963021242,4.399999999999993,12922849.5,0.34802700843749607,196366343.0,0.006542499868094742,0.02290716569679231,0.007765451663984329,-0.0141085271317829,-0.04696008392866058,0.03292002815528727,61.97982345132538,49.8248563793318,1,1,0.017193479058552175,AMZN,US,E-Commerce
2025-01-30,190.46,200.87,191.08,195.43,6576874,190.506,188.96999999999997,192.6755,189.3538,190.5661366591846,191.0161768493052,62.0956198110507,90.68181818181824,-0.45004019012060326,-0.5833974896940577,0.13335729957345444,192.6755,5.989080831858391,204.65366166371678,180.69733833628322,0.6149800811141464,0.12433507803176438,4.620714285714279,11502307.35,0.5717873143263457,202943217.0,0.02442732085757715,0.05009466305045232,0.026094718050897324,0.02041562238930661,-0.016357962552848826,0.06524583015371199,72.70446562605599,62.94856714403335,1,1,0.00885227447167769,AMZN,US,E-Commerce
2025-01-31,197.47,200.93,197.53,199.04,13191614,192.75,189.651,192.686,189.6016,191.86980794238698,191.61053440611713,55.164239756180145,100.0,0.25927353626985905,-0.4148632845012743,0.6741368207711333,192.686,6.000611723202798,204.6872234464056,180.68477655359442,0.7647230104335033,0.12456767431306172,4.31214285714285,11626826.3,1.1345841526346572,216134831.0,0.018472087192344944,0.01708199356904604,0.007950574770810973,0.03542631223014103,0.0010561786450735688,0.059738047066340005,90.54527263178856,75.07652056972331,0,0,-0.0027130225080385095,AMZN,US,E-Commerce
2025-02-03,198.84,204.68,197.8,200.86,5447108,195.126,190.737,192.55700000000002,189.861,193.25291441278898,192.2956803113458,60.38679559853289,100.0,0.9572341014431913,-0.14044380731238112,1.0976779087555724,192.55700000000002,5.780968867987343,204.1189377359747,180.99506226402534,0.8590661093644517,0.12008846976131365,4.5599999999999925,10941308.35,0.49784791067990414,221581939.0,0.00914389067524124,0.03425271333249897,0.0101589217460765,0.057157894736842074,-0.012681871804954725,0.06286379511059392,83.90901431828524,82.38625085870994,1,0,0.026735039330877175,AMZN,US,E-Commerce
2025-02-04,201.24,201.97,194.31,197.71,13621520,196.762,191.829,192.29149999999998,190.03400000000002,193.93861988774455,192.696741194705,56.576069978131855,79.04191616766468,1.2418786930395527,0.13602069275800574,1.105858000281547,192.29149999999998,5.383413390856154,203.05832678171228,181.5246732182877,0.7516293848272845,0.11198442761803101,5.021428571428564,11353954.85,1.1997157801172884,207960419.0,-0.015682564970626367,0.03874361438450889,-0.01754124428534317,0.05846137373521065,-0.02615505861491485,0.04315939429114124,70.64026958421904,81.69818551143095,1,1,0.039552880481513286,AMZN,US,E-Commerce
2025-02-05,195.97,195.13,193.18,194.05,17845917,197.41799999999998,192.765,191.8075,190.11540000000002,193.95575528963,192.79698262603284,53.75482338972989,62.45865490628447,1.1587726635971478,0.3405710869258342,0.8182015766713135,191.8075,4.691591442481443,201.19068288496288,182.42431711503713,0.6194956992138698,0.09783958275785835,4.996428571428565,11732115.7,1.5211165603219752,190114502.0,-0.01851196196449345,0.010048956454470187,-0.009797417972088536,0.05067951702853435,-0.047513866391793,0.017193479058552175,55.22325189320883,69.92417859857103,1,1,0.07456841020355576,AMZN,US,E-Commerce
2025-02-06,192.64,199.61,195.21,197.16,6775057,197.764,194.13500000000002,192.057,190.1764,194.44871601430233,193.12016921264245,56.83014685508452,65.9670164917541,1.3285468016598827,0.538166229872644,0.7903805717872388,192.057,4.842152740042591,201.74130548008517,182.3726945199148,0.7634675253548308,0.10084824276162559,5.329285714285709,11837705.25,0.5723285285948028,196889559.0,0.016026797217211897,0.022316899979598747,0.02346345514937992,0.07467567862204283,0.02596659207992924,0.00885227447167769,68.3235046306519,64.72900870269326,1,1,0.05650233313045261,AMZN,US,E-Commerce
2025-02-07,197.08,199.75,197.5,198.5,4179967,197.656,195.203,192.63299999999998,190.1886,195.07199047364045,193.51867532757635,62.07386363636364,59.19712402636307,1.553315146064108,0.7411960131109369,0.8121191329531711,192.63299999999998,4.8913630647894335,202.41572612957884,182.85027387042112,0.7998652891580398,0.10156853840752186,5.136428571428567,11456541.15,0.3648541545321334,201069526.0,0.0067965104483669325,0.011335012594401336,0.007205195859512798,0.056862953892024226,0.06161086747245692,-0.0027130225080385095,73.9679865175245,65.83824768046175,1,1,0.047909319899244185,AMZN,US,E-Commerce
2025-02-10,195.97,206.93,205.68,206.23,4552303,198.73000000000002,196.92800000000003,193.14499999999998,190.3962,196.78860732384965,194.4602552188481,74.4712990936556,67.27534839019701,2.3283521050015565,1.058627231489061,1.2697248735124955,193.14499999999998,5.725976358942228,204.59695271788445,181.69304728211551,1.0712999486320756,0.11858399355743278,5.357142857142853,11144870.55,0.4084661702538868,205621829.0,0.03894206549118384,0.006061193812703966,0.052354952288348404,0.09127950047624078,0.05224756365120653,0.026735039330877175,97.30665640256605,79.86604918358081,1,1,0.008825098191339809,AMZN,US,E-Commerce
2025-02-11,206.46,206.59,204.69,205.53,10780083,200.294,198.528,193.69,190.7236,198.1334369663343,195.28023654428907,77.19206680584554,61.85881157948195,2.8532004220452336,1.4175418696002957,1.435658552444938,193.69,6.358549155933965,206.40709831186794,180.97290168813205,0.9655149983383032,0.13131393785742462,5.304285714285712,11507510.75,0.9367866167940259,194841746.0,-0.0033942685351305846,0.009244392546055375,-0.00450450450448272,0.08441935313670657,0.05600369932692795,0.039552880481513286,94.61331280897984,88.62931857635681,1,1,0.01376927942392836,AMZN,US,E-Commerce
2025-02-12,203.42,209.95,207.37,208.52,5228148,203.18800000000002,200.303,194.441,191.2064,199.7313697407444,196.26096001853998,81.26247504990022,77.67537122375836,3.4704097222044368,1.8281154401211241,1.6422942820833126,194.441,7.170130219767888,208.78126043953577,180.10073956046423,0.9908906661204575,0.1475024345633073,5.21428571428571,11459571.35,0.4562254018144054,200069894.0,0.014547754585705341,0.012372913869113808,0.02507128109318136,0.09304397966137223,0.07762273901808792,0.07456841020355576,93.95093062208339,95.29029994454311,1,0,0.0018223671590253954,AMZN,US,E-Commerce
2025-02-13,208.35,211.95,205.38,208.3,7564138,205.416,201.58999999999997,195.28000000000003,191.6344,201.04962054986066,197.1527409728659,78.49193099610464,94.2821628340585,3.8968795769947633,2.2418682674958523,1.655011309498911,195.28000000000003,7.767224661832323,210.8144493236647,179.74555067633537,0.9190686044868897,0.1590992351862465,5.237857142857139,11220952.8,0.6741082919350403,192505756.0,-0.0010550546710147435,0.031541046567299336,-0.0002399808015346435,0.06585478176329129,0.08761487050960737,0.05650233313045261,85.24656426494566,91.27026923200297,0,1,-0.02040326452232355,AMZN,US,E-Commerce
2025-02-14,208.83,209.51,206.81,208.01,15504096,207.31799999999998,202.487,196.06900000000002,192.092,202.1204481575744,197.95698256178107,77.13145138294837,90.88168801808585,4.163465595793326,2.6261877331553474,1.5372778626379788,196.06900000000002,8.228850978177974,212.52670195635596,179.61129804364407,0.8627784738963995,0.16787663482010934,5.146428571428568,11155031.55,1.3898745638353156,177001660.0,-0.0013922227556409927,0.012980145185265173,-0.003926638892860676,0.04506631832797425,0.08208916402226496,0.047909319899244185,82.95847750506233,87.38532413069713,0,1,-0.02793134945435316,AMZN,US,E-Commerce
2025-02-17,206.83,209.03,207.26,208.05,14079959,207.68199999999996,203.206,196.97150000000002,192.51199999999997,203.03268690256294,198.7046136376334,76.79398148148147,89.89139515455301,4.328073264929543,2.9665648395101867,1.3615084254193563,196.97150000000002,8.513108328986585,213.9977166579732,179.94528334202684,0.8253365154961401,0.1728800020092931,5.21285714285714,11031605.1,1.2763290197607764,191081619.0,0.0001922984471900424,0.008507570295561175,0.005898564038070398,0.0357960768694614,0.09499999999999997,0.008825098191339809,83.13148788567779,83.77884321856193,0,0,-0.029512136505647768,AMZN,US,E-Commerce
2025-02-18,207.72,209.47,207.48,208.36,8053917,208.248,204.27100000000002,198.05,193.05360000000002,203.85227353293786,199.4198275791083,76.15224501932796,73.40659340659346,4.432445953829557,3.259741062374061,1.172704891455496,198.05,8.521672062268674,215.09334412453737,181.00665587546266,0.8024641151367179,0.1721115286488392,5.042857142857143,10835729.35,0.7432740332081077,199135536.0,0.0014900264359529736,0.009550777500434144,0.0030810706720437787,0.053866774568812836,0.11547727394400131,0.01376927942392836,82.79827503196951,82.96274680756989,0,0,-0.00691111537723188,AMZN,US,E-Commerce
2025-02-19,204.8,210.41,207.7,208.9,8847813,208.324,205.756,199.2605,193.58579999999998,204.6288468355628,200.12206269766662,72.82277194171465,88.38268792710673,4.506784137896176,3.5091496774784843,0.9976344604176917,199.2605,8.238822396052287,215.73814479210458,182.78285520789544,0.7925023606476322,0.16538796993906846,4.515000000000001,11015371.0,0.8032241671003031,207983349.0,0.002591668266461955,0.012972714217266803,0.02001953124990222,0.076526668384437,0.1310845200064974,0.0018223671590253954,83.7506659518514,83.22680962316623,1,0,0.0025370990904738377,AMZN,US,E-Commerce
2025-02-20,207.21,207.07,201.63,204.05,7448010,207.47400000000002,206.445,200.29000000000002,194.05,204.53979347624542,200.41302106408986,58.14634146341466,14.240000000000165,4.12677241215556,3.6326742244138996,0.4940981877416606,200.29000000000002,7.40473461623378,215.09946923246758,185.48053076753246,0.6269458054286579,0.14788026593832565,4.641428571428572,10929375.45,0.6814670566132801,200535339.0,-0.023216850167544267,0.026660132320379015,-0.015250229235967118,0.034946236559139754,0.11223154911152289,-0.02040326452232355,57.911560998513046,74.82016732744466,1,1,0.015290370007351006,AMZN,US,E-Commerce
2025-02-21,204.92,205.82,199.31,202.2,11968501,206.31200000000004,206.815,201.009,194.50239999999997,204.17982524913074,200.5453898942639,52.17673814165038,11.294416243654922,3.634435354866838,3.633026450504488,0.001408904362349972,201.009,6.8039453724723415,214.61689074494467,187.4011092550553,0.543761374256282,0.13539583545887982,4.615000000000001,11271568.75,1.061830895381719,188566838.0,-0.009066405292820545,0.03219584569717011,-0.013273472574598506,0.018639798488665038,0.07656266638270681,-0.02793134945435316,48.055407562703444,63.23921150435597,1,1,0.04782393669634044,AMZN,US,E-Commerce
2025-02-24,200.81,204.35,199.95,201.91,4508858,205.084,206.38299999999998,201.65550000000002,194.9918,203.8306213646491,200.64647213853533,57.52148997134668,11.294416243654979,3.1841492261137603,3.543251005626342,-0.35910177951258193,201.65550000000002,6.187149224507581,214.02979844901517,189.28120155098486,0.51028341123896,0.12272711082964553,4.382142857142859,9012420.25,0.5002937473656149,184057980.0,-0.001434223541048385,0.021791887474509504,0.005477814849830768,-0.0209474858168065,0.06841993861784323,-0.029512136505647768,46.51038891600903,50.82578582574185,1,1,0.06443464910108454,AMZN,US,E-Commerce
2025-02-25,202.27,208.04,206.02,206.92,28236968,204.796,206.522,202.525,195.6162,204.30591038547232,201.11117796656924,71.9849675435599,45.60311284046683,3.1947324189030724,3.4735472882816882,-0.2788148693786159,202.525,5.586177018697106,213.6973540373942,191.3526459626058,0.6966908667856879,0.1103306163420717,4.496428571428573,9945417.6,2.8391935156957597,212294948.0,0.024813035510871106,0.009762226947565338,0.022989074009872885,0.006763002967936416,0.09175328444045783,-0.00691111537723188,69.95221027061213,54.83933558310821,1,1,0.022810748115213553,AMZN,US,E-Commerce
2025-02-26,208.04,211.37,207.89,209.43,15383764,204.902,206.613,203.45800000000003,196.253,205.09423186463042,201.72738708038636,71.39867457272409,53.55481727574748,3.3668447842440514,3.452206787474161,-0.08536200323010945,203.45800000000003,5.052312237716293,213.5626244754326,193.35337552456744,0.795508260288357,0.09932884895539051,4.417142857142859,10489730.75,1.4665545665645836,227678712.0,0.0121302919002515,0.016616530582931777,0.006681407421617639,0.00436408977556102,0.09781412171725101,0.0025370990904738377,82.56055362750458,66.34105093804192,1,1,0.03471326935014085,AMZN,US,E-Commerce
2025-02-27,210.0,209.91,204.97,207.17,13798062,205.52599999999998,206.5,204.04500000000002,196.7582,205.41358080853345,202.1305436379628,64.65021966880698,44.84197972570061,3.283037170570651,3.4183728640934588,-0.1353356935228076,204.04500000000002,4.743028679297766,213.53105735859555,194.55894264140449,0.6647154281912296,0.09298005203312054,4.585000000000002,10850790.15,1.271618060771541,213880650.0,-0.010791195148737165,0.023845151324883684,-0.013476190476126365,-0.005424867978876757,0.06007266028757097,0.015290370007351006,62.183544298877834,71.56543606566485,1,1,0.008109282231983483,AMZN,US,E-Commerce
2025-02-28,206.33,214.44,209.81,211.87,18548379,207.45999999999998,206.88600000000002,204.6865,197.3282,206.4068760687591,202.8519849245479,60.61746987951807,73.52587244283984,3.554891144211183,3.4456765201170043,0.1092146240941787,204.6865,4.895649276869715,214.47779855373943,194.89520144626056,0.8668308120575946,0.09567117082652352,4.502142857142859,11118628.4,1.668225312015526,232429029.0,0.02268668243471561,0.02185302308008752,0.026850191440765482,0.01855680015383876,0.0644594051446945,0.04782393669634044,83.01387970370038,75.91932587669426,0,1,-0.01283806107518759,AMZN,US,E-Commerce
2025-03-03,211.69,216.81,213.41,214.92,9495582,210.06199999999998,207.573,205.3895,197.8872,207.71658744279617,203.7459120527424,66.24005534417151,85.69023569023564,3.9706753900537706,3.5506762941043575,0.4199990959494131,205.3895,5.30926942640088,216.00803885280175,194.77096114719825,0.9487670164024761,0.10339904282107945,4.719285714285716,11321052.1,0.8387543028130484,241924611.0,0.014395619955632988,0.015819839940369375,0.015258160517666076,0.03302090843547223,0.069999004281589,0.06443464910108454,89.19999999490278,78.13247466582699,1,0,0.0021868602270611603,AMZN,US,E-Commerce
2025-03-04,214.95,215.38,208.65,211.64,21440372,211.006,207.90099999999998,206.08599999999996,198.3284,208.3201893746737,204.33065935992178,55.342465753424605,73.3781835655934,3.989530014751921,3.6384470382338705,0.3510829765180503,206.08599999999996,5.160427766847643,216.40685553369525,195.76514446630466,0.7690668414599153,0.10016066626209656,4.884285714285716,11711994.7,1.8306335272988532,220484239.0,-0.015261492648427355,0.0317992817991315,-0.015398929983645516,0.015741985025916616,0.07045672955338622,0.022810748115213553,70.45714285311665,80.89034085057328,0,0,-0.0002362502362501795,AMZN,US,E-Commerce
2025-03-05,213.42,218.37,215.36,216.7,9753580,212.45999999999998,208.68099999999998,207.2185,198.9202,209.6093910093393,205.24690688993525,62.33842538190358,73.44199424736333,4.3624841194040584,3.783254454467908,0.5792296649361504,207.2185,4.856416563899315,216.93133312779864,197.50566687220137,0.9880913670736989,0.09374484544335336,4.8957142857142895,11307377.85,0.8625854081116244,230237819.0,0.023908523908523938,0.013890170742898483,0.01536875644262315,0.03733843944471027,0.1167224942025249,0.03471326935014085,91.23819516835049,83.63177933878997,0,0,-0.023765574526995792,AMZN,US,E-Commerce
2025-03-06,217.22,211.92,206.39,208.85,31792040,212.796,209.16099999999997,207.80300000000003,199.42340000000002,209.4925616232871,205.5138026961466,51.00961538461539,48.89312977099234,3.9787589271404897,3.8223553490024242,0.1564035781380655,207.80300000000003,4.24739189323841,216.29778378647686,199.3082162135232,0.5616260534555984,0.08175804763584694,5.4392857142857185,12558227.0,2.5315705368623664,198445779.0,-0.03622519612367325,0.026478333732217012,-0.03853236350226256,0.023523646165155565,0.0592919456279164,0.008109282231983483,50.052465894540745,70.58260130533597,1,1,0.044529566674647025,AMZN,US,E-Commerce
2025-03-07,208.08,210.65,207.96,209.15,6080677,212.252,209.856,208.3355,199.882,209.4398598350891,205.7831506635311,51.31390348781652,54.084158415841614,3.656709171557992,3.7892261135135383,-0.1325169419555463,208.3355,3.6444903982818437,215.6244807965637,201.0465192034363,0.5558720088704393,0.06997348792240118,5.5050000000000034,12653262.5,0.4805619514680936,204526456.0,0.0014364376346660546,0.0128615825961613,0.005142252979598476,0.0343719090009893,0.05365239294710333,-0.01283806107518759,51.62644280946347,64.30570129078491,1,1,0.043891943581161774,AMZN,US,E-Commerce
2025-03-10,209.24,215.65,215.18,215.39,9450535,212.346,211.204,208.7935,200.396,210.35526601430615,206.49476917925878,57.35509520820251,56.8269976726144,3.860496835047371,3.8034802578203055,0.05701657722706566,208.7935,3.9303237780125384,216.65414755602507,200.93285244397492,0.9195901134140202,0.07529590294704983,5.82714285714286,12898174.1,0.732703264355591,213976991.0,0.02983504661726033,0.0021820883049250978,0.029392085643139866,0.06676241889950973,0.04441642825970993,0.0021868602270611603,84.36516263985483,62.01469044795302,1,1,0.020938762245229725,AMZN,US,E-Commerce
2025-03-11,213.03,212.54,210.83,211.59,6726826,212.33599999999996,211.671,209.09650000000002,200.66740000000001,210.54522508902826,206.87219370726552,52.634671890303615,43.72408594044481,3.6730313817627405,3.777390482608793,-0.10435910084605249,209.09650000000002,3.898955696892005,216.89441139378403,201.29858860621601,0.6598825553037034,0.07458672329519347,5.9592857142857145,12695511.25,0.5298585726621625,207250165.0,-0.01764241608245498,0.008081667375546567,-0.006759611322317224,0.022569108834332274,0.02948474675229895,-0.0002362502362501795,64.42812171750114,66.80657572227315,1,1,0.05113663216598141,AMZN,US,E-Commerce
2025-03-12,212.46,214.97,208.81,211.55,10787107,211.30599999999998,211.88299999999998,209.248,200.895,210.69980584456238,207.21869789645095,58.1098615916955,49.80678402747966,3.481107948111429,3.7181339757093204,-0.23702602759789126,209.248,3.9340853280568187,217.11617065611364,201.37982934388634,0.6462855916556066,0.07520426150860268,5.88,12973459.2,0.8314749368098421,196463058.0,-0.00018904485089088485,0.02911841172285927,-0.004283159182884842,0.01012271403332865,0.014530980241703517,-0.023765574526995792,64.21825812884484,71.00384749540028,1,1,0.09108957693216735,AMZN,US,E-Commerce
2025-03-13,210.82,219.51,217.07,218.15,16293350,213.166,212.981,209.74049999999997,201.28439999999998,211.84598956078355,208.02842402007076,65.64032163169252,52.91985501409589,3.817565540712792,3.738020288710015,0.07954525200277685,209.74049999999997,4.398320821932227,218.53714164386443,200.9438583561355,0.9779949178040892,0.08388119265304052,5.983571428571428,13409919.8,1.215022090212494,212756408.0,0.03119829827463949,0.011184964473934508,0.03476899724867301,0.0529999517304629,0.04728756601056161,0.044529566674647025,93.04703476006925,73.8978048688051,1,1,0.039055695622278064,AMZN,US,E-Commerce
2025-03-14,219.35,220.02,216.97,218.33,17311349,215.002,213.627,210.25650000000002,201.6744,212.8435296283553,208.79150375882764,66.1360062893082,77.62237762237773,4.052025869527654,3.800821404873543,0.2512044646541107,210.25650000000002,4.773937219838413,219.80437443967685,200.70862556032318,0.9227904362423973,0.09082120590451588,5.887142857142856,13500282.45,1.282295224697671,230067757.0,0.0008251203300482235,0.01396967892633189,-0.004650102575770831,0.03049039505357065,0.049612999375030054,0.043891943581161774,88.77076411370297,82.01201900087237,1,1,0.013832272248431199,AMZN,US,E-Commerce
2025-03-17,218.86,220.06,219.78,219.9,26857202,215.904,214.125,210.849,202.0036,213.92914045476218,209.61435536873122,63.680438448566626,79.16440586001093,4.314785086030952,3.903614141105025,0.41117094492592665,210.849,5.201853819351909,221.2527076387038,200.44529236129617,0.9349891554715332,0.09868396472029253,5.572857142857141,14139144.6,1.8994925690559408,256924959.0,0.007190949480144759,0.0012733060481979438,0.004751896189323038,0.023171412618648857,0.05695746214852204,0.020938762245229725,98.93969515580257,93.5858313431916,1,1,0.04452023647112324,AMZN,US,E-Commerce
2025-03-18,219.63,223.47,221.56,222.41,6069565,218.06800000000004,215.202,211.55150000000003,202.3914,215.23388807710649,210.5621809358849,63.68043844856661,73.87755102040826,4.671707141221589,4.057232741128338,0.6144744000932505,211.55150000000003,5.766134594154581,223.0837691883092,200.01923081169087,0.9707876577333533,0.10902564329021201,5.509999999999997,14039927.0,0.43230741639130915,262994524.0,0.011414279217826229,0.008587743356824823,0.012657651504745907,0.050888300888300986,0.06743136878479539,0.05113663216598141,94.27027026517457,93.99357651156004,1,0,0.03871228811654159,AMZN,US,E-Commerce
2025-03-19,222.81,233.0,229.07,230.82,7878796,221.92200000000003,216.61399999999998,212.64749999999998,202.9332,217.63175144985934,212.0627601828601,72.06568389624933,99.79285344381154,5.568991266999234,4.3595844463025175,1.2094068206967163,212.64749999999998,7.152247254498785,226.95199450899756,198.3430054910024,1.1352024528875957,0.13453715194328936,5.913571428571426,13991476.15,0.5631139525536086,270873320.0,0.03781304797446161,0.01702625422399697,0.03594991248132508,0.06515920627595762,0.10493058879846817,0.09108957693216735,91.80759112770357,95.00585218289358,0,0,-0.02053548219391721,AMZN,US,E-Commerce
2025-03-20,229.03,230.96,223.24,226.67,6249464,223.62599999999998,218.39600000000002,213.77849999999998,203.6232,219.0222512268041,213.1447779851762,63.951734539969834,82.28010247651576,5.877473241627882,4.66316220536759,1.214311036260292,213.77849999999998,7.501117302741349,228.78073460548268,198.77626539451728,0.9296526596897453,0.14035307203869915,5.945714285714282,13931548.85,0.44858354363208197,264623856.0,-0.017979377870201874,0.03405832267157516,-0.010304326944023532,0.08532439549916204,0.11085518255329574,0.039055695622278064,76.21195039172443,87.42993726153419,0,1,-0.0012352759518242662,AMZN,US,E-Commerce
2025-03-21,227.12,221.37,221.34,221.35,17458874,224.23000000000002,219.61599999999999,214.73600000000002,204.31060000000002,219.38036642268037,213.75257222830422,55.812692099077935,57.22673893405598,5.6277941943761505,4.856088603169303,0.7717055912068478,214.73600000000002,7.15982313806935,229.05564627613873,200.4163537238613,0.7309414587387594,0.1333697775507789,5.973571428571424,14206067.5,1.2289729561701044,247164982.0,-0.023470243084660503,0.00013553196295398965,-0.025405072208412316,0.05833134114272043,0.0947082096933729,0.013832272248431199,56.219466363915096,74.74633596111437,1,1,0.04404788796024395,AMZN,US,E-Commerce
2025-03-24,221.36,230.01,229.43,229.69,8059604,226.18800000000002,221.046,216.125,204.9846,220.96646389611416,214.93312246923875,64.9494782176578,68.74587458745873,6.03334142687541,5.091539167910525,0.9418022589648851,216.125,7.234885151673609,230.59477030334722,201.65522969665278,0.9687358442688389,0.13390186515470462,6.111428571428568,14383604.8,0.5603326531654531,255224586.0,0.03767788570137798,0.0025251425834710217,0.037631008312081465,0.0663911973629232,0.13758605319201633,0.04452023647112324,87.56106726465384,73.33082800676446,1,0,0.006051634812138218,AMZN,US,E-Commerce
2025-03-25,229.23,237.6,225.76,231.02,14083936,227.91,222.98899999999998,217.32999999999998,205.71239999999997,222.51316175825045,216.12474306036717,62.641242937853136,68.49634065202929,6.3884186978832815,5.350915073905076,1.0375036239782052,217.32999999999998,7.617902045770882,232.56580409154174,202.09419590845823,0.9492706757318716,0.14020893656164957,6.476428571428566,13675953.2,1.0298320536931895,269308522.0,0.005790413165571051,0.05125097394142824,0.007808751036043327,0.09182853632024202,0.11647013338488321,0.03871228811654159,78.91701377510684,74.23251580122526,1,1,0.022682018872824727,AMZN,US,E-Commerce
2025-03-26,230.19,227.0,225.34,226.08,7598033,226.962,224.442,218.1625,206.36399999999998,223.061906103135,216.86216951941768,66.03387306904898,55.647891658972014,6.199736583717311,5.520679375867524,0.6790572078497865,218.1625,7.618908524537896,233.4003170490758,202.9246829509242,0.7597977116322062,0.13969235821010445,6.1457142857142815,13286666.65,0.5718539215512025,261710489.0,-0.021383430006060022,0.007342533616386474,-0.01785481558704605,0.06868352635310804,0.07950150408250978,-0.02053548219391721,61.1336032368039,75.87056142552153,1,1,0.031581740976645456,AMZN,US,E-Commerce
2025-03-27,226.49,232.2,221.74,226.39,3157699,226.906,225.266,219.1235,207.0614,223.5739205488065,217.56793475710765,66.04019352437663,40.91840918409182,6.005985791698862,5.617740659033792,0.38824513266506955,219.1235,7.367402795244855,233.85830559048972,204.3886944095103,0.7465760391146057,0.13448859287499942,6.700714285714279,12754648.5,0.24757238527017147,264868188.0,0.0013711960368010256,0.046203454215971454,-0.00044152059693399804,0.03777217510886999,0.0927740502968577,-0.0012352759518242662,61.062869049633065,67.03782868718126,1,1,0.034718848005653946,AMZN,US,E-Commerce
2025-03-28,225.93,233.69,229.03,231.1,14796593,228.856,226.54299999999998,220.08500000000004,207.83879999999996,224.7317789259132,218.57030998251747,65.04501053438041,58.87775551102206,6.161468943395732,5.726486315906181,0.43498262748955163,220.08500000000004,7.621394747337943,235.32778949467593,204.84221050532415,0.8613183795192487,0.13851729554132838,6.757857142857138,12567059.2,1.1774108474470426,279664781.0,0.020804805865983544,0.020164430982171494,0.022883193909516684,0.05848944258690958,0.09076320385141834,0.04404788796024395,77.4227162182208,66.53972950155259,0,1,-0.027650367806144494,AMZN,US,E-Commerce
2025-03-31,231.02,233.39,229.24,231.08,4935121,229.13400000000001,227.661,220.89300000000003,208.66039999999998,225.70842832192653,219.4969537065466,70.1218253148875,74.75826972010185,6.211474615379927,5.823483975800931,0.38799063957899627,220.89300000000003,7.896644923804374,236.68628984760878,205.09971015239128,0.8225103856597642,0.14299493281848902,6.728571428571423,12339036.15,0.39995997580735054,274729660.0,-8.654262224139231e-05,0.017959148346815033,0.00025971777335184206,0.0508412914961347,0.07519076865810548,0.006051634812138218,77.35324765274916,71.946277640201,0,1,-0.03267266747446773,AMZN,US,E-Commerce
2025-04-01,229.23,237.86,234.97,236.26,7883738,230.18200000000002,229.04599999999996,222.12399999999997,209.6498,227.33174704163017,220.7386608630069,73.06328168751168,69.9211643420255,6.593086178623253,5.977404416365396,0.6156817622578563,222.12399999999997,8.287601646595096,238.69920329319015,205.54879670680978,0.9264201092749581,0.1492427949534095,6.772857142857139,11661204.45,0.6760654405587203,282613398.0,0.02241647914142275,0.012232286464013302,0.030667888147141883,0.062272379839035885,0.11632961632961636,0.022682018872824727,92.34083292999793,82.37226560032263,0,0,-0.07212393126216876,AMZN,US,E-Commerce
2025-04-02,235.35,235.61,231.3,233.22,5710607,231.60999999999999,229.286,222.95,210.62040000000002,228.23763211214862,221.66320451906273,65.06698660267948,56.04395604395604,6.574427593085886,6.096809051709495,0.47761854137639137,222.95,8.538021464386826,240.02604292877365,205.87395707122633,0.8007136970209308,0.15318271297328612,6.558571428571424,11459055.8,0.4983487820742803,276902791.0,-0.012867180225175634,0.018480404767950955,-0.009050350541707861,0.010397712503249279,0.0762344254730043,0.031581740976645456,77.78841550608954,82.49416536294554,0,0,-0.027613412228796874,AMZN,US,E-Commerce
2025-04-03,234.09,237.35,231.76,234.25,10188241,233.18200000000002,230.044,224.21999999999997,211.63620000000003,229.16261178720268,222.595559755073,65.65080613448684,78.58642407277826,6.567052032129681,6.190857647793533,0.3761943843361477,224.21999999999997,8.213212718413509,240.64642543682697,207.79357456317297,0.8053007496295606,0.14652060865893984,6.739999999999995,10378865.85,0.9816332695317312,287091032.0,0.004416430837835605,0.02386339380993016,0.000683497799988522,0.033440684695813294,0.12161838640172373,0.034718848005653946,80.03318583628129,83.3874780907896,0,0,-0.018783351120597702,AMZN,US,E-Commerce
2025-04-04,234.77,225.78,223.85,224.71,10251579,231.904,230.38000000000002,224.998,212.37400000000002,228.47759458917153,222.75218496076525,54.08805031446541,46.428571428571466,5.7254096284062825,6.0977680439160835,-0.372358415509801,224.998,7.408067863734721,239.81413572746942,210.18186427253056,0.4902808665569827,0.13170015491163103,7.35928571428571,10587410.95,0.9682799770533157,276839453.0,-0.040725720384204855,0.008588847848299667,-0.04285044937580249,0.015179579850914893,0.07439636624432233,-0.027650367806144494,20.399515737263968,59.407039026544936,1,1,0.04223221040452119,AMZN,US,E-Commerce
2025-04-07,224.04,229.23,218.98,223.53,5016455,230.394,229.76399999999998,225.40499999999997,213.065,227.71642619083744,222.80980089040278,50.97391304347826,31.065532766383157,4.906625300434655,5.859539495219798,-0.9529141947851434,225.40499999999997,7.0682324895500415,239.54146497910006,211.2685350208999,0.4336821474390617,0.12543168943934135,7.836428571428568,10365706.95,0.4839471673519415,271822998.0,-0.005251212674113326,0.045855142486262004,-0.002276379217986585,-0.02681875571422354,0.03779191234504853,-0.03267266747446773,24.09957626991001,41.51075928115176,1,1,0.05422090994497375,AMZN,US,E-Commerce
2025-04-08,225.49,220.3,218.35,219.22,13012919,226.98600000000002,228.584,225.7865,213.6588,226.40928369993938,222.54388970989453,39.13857677902622,25.576606260296487,3.8653939900448506,5.460710394184809,-1.5953164041399583,225.7865,6.4633682558354515,238.71323651167089,212.8597634883291,0.24601091333773836,0.11450406921240769,7.449999999999997,10680011.6,1.2184366711327663,258810079.0,-0.01928152820650475,0.008895173797970632,-0.027806111135625543,-0.0510778287594148,0.036060305307434204,-0.07212393126216876,4.45925166558386,16.31944789091928,1,1,0.05870814706687355,AMZN,US,E-Commerce
2025-04-09,218.91,228.34,225.53,226.78,12156805,225.698,228.654,226.548,214.37900000000002,226.46631697687178,222.8576756610699,50.09681394120755,32.22055513878472,3.60864131580189,5.090296578508226,-1.4816552627063357,226.548,5.527152688511561,237.60230537702313,215.49369462297688,0.5104936489257719,0.09758907937368091,7.549999999999997,10748496.5,1.1310236616792253,270966884.0,0.03448590457075085,0.012390863391778867,0.035950847380037704,0.003096249115357441,0.07199243677617573,-0.027613412228796874,43.20861096651928,23.92247963400439,1,1,0.010627039421465811,AMZN,US,E-Commerce
2025-04-10,228.9,230.43,229.38,229.85,9280523,224.81800000000004,229.0,227.13299999999998,215.0674,226.9868835958146,223.37562561784867,57.78958944281526,43.68677407268639,3.61125797796592,4.794488858399765,-1.183230880433845,227.13299999999998,5.20106881728369,237.53513763456735,216.7308623654326,0.6305981565914176,0.09159512386594261,7.429999999999999,10397855.15,0.8925419688557626,280247407.0,0.013537348972572527,0.004568196649969298,0.004150283966779547,0.015283360572463378,0.05363282145312853,-0.018783351120597702,58.94413121174038,35.537331281281176,0,1,-0.00952795301283449,AMZN,US,E-Commerce
2025-04-11,228.93,234.55,233.93,234.2,6201599,226.71599999999998,229.31,227.92649999999998,215.7706,228.09659381184312,224.17743113587508,54.45916551315008,49.916694435188255,3.919162675968039,4.61942362191342,-0.7002609459453808,227.92649999999998,4.993828059137228,237.91415611827443,217.93884388172552,0.8140626752110187,0.0876392707142929,7.147142857142858,9842367.65,0.6300921272645076,286449006.0,0.018925386121383392,0.0026473099914490063,0.02302013715972988,0.013414106447425356,0.07268813264324625,0.04223221040452119,81.24038953965953,61.131043905973065,0,0,-0.035695986336464536,AMZN,US,E-Commerce
2025-04-14,233.57,236.39,235.05,235.65,15400497,229.14000000000001,229.767,228.71400000000003,216.4664,229.2586563023288,225.02725105982017,54.56697573485895,74.95437956204378,4.231405242508629,4.5418199460324615,-0.3104147035238327,228.71400000000003,4.902484225264108,238.51896845052823,218.90903154947182,0.8536982313682319,0.08573999362072576,6.457857142857143,9269532.4,1.6614101633206262,301849503.0,0.006191289496157104,0.00568639932100271,0.008905253243101029,0.019776700709710937,0.07162346521145979,0.05422090994497375,88.67247564896601,76.28566546678864,0,0,-0.048589009123700455,AMZN,US,E-Commerce
2025-04-15,235.11,235.18,229.62,232.09,6498618,231.714,229.35,229.198,217.15399999999997,229.69424764043205,225.5504176525897,56.094098560129794,67.61316872427983,4.143829987842366,4.462221954394443,-0.3183919665520767,229.198,4.721866936756824,238.64173387351366,219.75426612648636,0.6531174024004383,0.0824067738241385,6.482857142857142,9290985.05,0.6994540692481181,295350885.0,-0.015107150434967132,0.02395622387856455,-0.012845051252550572,-0.01765004655887581,0.04352322287666932,0.05870814706687355,70.42542285646202,80.11276268169587,1,0,0.0005601275367315139,AMZN,US,E-Commerce
2025-04-16,230.65,232.04,226.92,229.19,7677690,232.196,228.94699999999997,229.1165,217.8568,229.6166710803656,225.82001634718915,52.697495183044325,71.77806902577544,3.796654733176439,4.329108510150842,-0.5324537769744033,229.1165,4.706439345811828,238.52937869162366,219.70362130837634,0.5039042253652699,0.08216674653796281,6.105000000000002,9280929.75,0.8272543139059625,287673195.0,-0.012495152742470594,0.022339543610007704,-0.006329937134158587,-0.01727982162764774,-0.00706177974179012,0.010627039421465811,55.56125063784921,71.55304971442575,0,0,-0.004363192111348613,AMZN,US,E-Commerce
2025-04-17,229.8,230.84,225.11,227.66,10453704,231.75799999999998,228.288,229.166,218.4668,229.31564476030937,225.95631143361175,46.4696223316913,52.6097271648873,3.359333326697623,4.135153473460198,-0.7758201467625749,229.166,4.684509073870399,238.5350181477408,219.7969818522592,0.4196287179365333,0.08176621442709582,5.992857142857143,9491141.75,1.1014167919874558,277219491.0,-0.006675683930363441,0.025169111833325226,-0.009312445604833344,-0.028132337246531525,0.004367582829664318,-0.00952795301283449,47.71911839837418,57.90193063089515,0,1,-0.010278485460774811,AMZN,US,E-Commerce
2025-04-18,225.88,226.77,225.09,225.84,14659574,230.08599999999996,228.40099999999998,229.39050000000003,219.0136,228.78093018180022,225.9476957718025,44.81393507521772,37.155669442665,2.833234409997715,3.874769660767701,-1.0415352507699862,229.39050000000003,4.388455518986326,238.16741103797267,220.6135889620274,0.29773635707729085,0.07652375349401458,5.880000000000002,9351176.75,1.5676714090906891,262559917.0,-0.007994377580602618,0.0074388947927407365,-0.00017708517796978466,0.005028703662498302,0.02028461712220464,-0.035695986336464536,38.390568937037905,47.2236459910871,0,1,-0.023202267091746442,AMZN,US,E-Commerce
2025-04-21,224.6,226.88,222.06,224.2,22113366,227.796,228.46800000000002,229.11599999999999,219.37300000000002,228.07617169229252,225.8182368249049,37.16475095785441,11.240310077519482,2.2579348673876325,3.5514027020916874,-1.293467834704055,229.11599999999999,4.537892392778528,238.19178478555705,220.04021521444292,0.22916942631493725,0.0792243648240843,5.740000000000001,10053864.85,2.1994888662653085,240446551.0,-0.0072617782500886685,0.021498661908913894,-0.0017809439002592377,0.002997360533261606,-0.02390178066089077,-0.048589009123700455,30.789473682589996,38.9663870060007,0,1,-0.0034344335414807636,AMZN,US,E-Commerce
2025-04-22,222.12,238.62,227.11,232.22,3939593,227.82200000000003,229.76799999999997,229.17600000000002,219.9068,228.71368373963213,226.2924415073842,49.03772132409546,41.19157678479712,2.42124223224792,3.3253706081229337,-0.9041283758750138,229.17600000000002,4.572195602945608,238.32039120589124,220.0316087941088,0.6664408231666894,0.07980234584643525,6.415714285714289,9546647.7,0.4126676411587241,244386144.0,0.03577163247100801,0.04956506760808899,0.04547091662144122,0.05930115865340757,0.005194355467059042,0.0005601275367315139,68.42624567990002,45.86876276650931,0,0,-0.04676599776074408,AMZN,US,E-Commerce
2025-04-23,230.83,233.02,224.32,228.19,16727839,227.62199999999999,229.90900000000002,229.2815,220.30020000000002,228.63311701045794,226.4330013965063,44.48689956331878,40.22066198595788,2.200115613951624,3.1003196092886722,-0.9002039953370482,229.2815,4.521055157466932,238.32361031493386,220.23938968506613,0.4396435144881539,0.07887343998442464,6.637857142857148,10003138.0,1.672258977906835,227658305.0,-0.017354233054861723,0.03812612296753535,-0.011436988259708781,0.006217479495546296,0.009332979476291525,-0.004363192111348613,48.544647259568585,49.25345554068621,0,0,-0.048073973443183315,AMZN,US,E-Commerce
2025-04-24,226.44,228.59,222.71,225.32,15152645,227.154,229.456,229.228,220.6406,228.1234067011567,226.35055684819324,50.63160074549594,40.28126569563034,1.7728498529634749,2.834825658023633,-1.061975805060158,229.228,4.563207090126927,238.35441418025385,220.10158581974616,0.28589619520329435,0.07962739438649757,6.315000000000004,10602885.3,1.4291056766307113,212505660.0,-0.012577238266357038,0.026096218711050504,-0.004946122593159594,-0.01970850554709591,-0.004726357171253137,-0.010278485460774811,34.385791808861065,50.45222824944324,1,0,0.0007988638380969082,AMZN,US,E-Commerce
2025-04-25,224.15,221.16,220.15,220.6,19452151,226.106,228.096,228.70299999999997,220.8924,226.96595951636337,225.92458967222595,47.17345166891761,34.71861471861473,1.0413698441374208,2.4761344952463906,-1.4347646511089698,228.70299999999997,4.926084278187446,238.55516855637487,218.85083144362508,0.08877073845606981,0.08615688081338517,5.95214285714286,10835663.2,1.7951969201851052,193053509.0,-0.020947985087874987,0.004578422484113384,-0.01583760874407394,-0.058070025619128884,-0.04543487667676327,-0.023202267091746442,11.100148001425739,31.34352902328514,1,0,0.02556663644605628,AMZN,US,E-Commerce
2025-04-28,223.28,226.08,221.31,223.43,9026637,225.952,226.87400000000002,228.32049999999998,221.2,226.42196574461516,225.73980525124685,54.180734856007945,45.00207382828704,0.6821604933683147,2.1173396948707754,-1.4351792015024607,228.32049999999998,5.027755044698339,238.37601008939666,218.2649899106033,0.2568248673225574,0.08808241125394028,5.973571428571432,11040239.0,0.8176123888611118,202080146.0,0.012828649138712622,0.02134896835688431,0.0006718022214230289,-0.051856566942499516,-0.03310541803704348,-0.0034344335414807636,17.758527340673613,21.081489050320148,1,1,0.021169941368661238,AMZN,US,E-Commerce
2025-04-29,222.99,223.11,219.96,221.36,16213447,223.78000000000003,225.801,227.5755,221.46,225.6432017839051,225.41537523131237,43.95898350423542,44.213528932355395,0.2278265525927452,1.7394370664151693,-1.511610513822424,227.5755,4.8914560043121025,237.3584120086242,217.7925879913758,0.18232873838060723,0.08597508966106827,5.570000000000003,11456724.45,1.4151903238634387,185866699.0,-0.009264646645481767,0.01423021322725775,-0.007309744831573998,-0.04623206514714118,-0.06306611360365688,-0.04676599776074408,7.50267952800096,12.120451623366781,1,1,0.05023491145645087,AMZN,US,E-Commerce
2025-04-30,221.4,217.26,217.19,217.22,21271147,221.586,224.60399999999998,226.77550000000002,221.6264,224.34732458638126,224.80831039707007,36.2508164598302,13.69796708615688,-0.46098581068881117,1.299352490994373,-1.7603383016831842,226.77550000000002,5.217261305161089,237.2100226103222,216.34097738967785,0.042120882914685215,0.09202513155324242,5.607142857142861,12234751.45,1.738584175440346,164595552.0,-0.018702565955909023,0.00032225393610013317,-0.018879855465136076,-0.05222740957284344,-0.06860475087899842,-0.048073973443183315,0.1399906672823202,8.467065845318976,1,1,0.08558143817328046,AMZN,US,E-Commerce
2025-05-01,217.0,226.26,224.9,225.5,11775430,221.622,224.388,226.33800000000002,222.05539999999996,224.52465926539952,224.85954666413298,41.27557160048138,44.600562023283835,-0.3348873987334571,0.972504513048807,-1.307391911782264,226.33800000000002,4.915641629695376,236.16928325939077,216.50671674060928,0.4573809451753435,0.08687258223848676,5.917142857142859,12314110.9,0.9562549127071032,176370982.0,0.038118037013166406,0.006031042128576294,0.03917050691226189,-0.009487832733022894,-0.03735325506937037,0.0007988638380969082,38.77741483720124,15.47336167749485,1,1,0.04541019955654102,AMZN,US,E-Commerce
2025-05-02,225.87,230.35,222.96,226.24,12709334,222.75,224.42799999999997,226.4145,222.53620000000004,224.78855783995343,224.961802467121,40.427263479145495,52.0193151887621,-0.17324462716757694,0.7433546850055303,-0.9165993121731072,226.4145,4.900855430165606,236.21621086033122,216.6127891396688,0.4910984927540907,0.08658200654364381,6.28857142857143,12436998.65,1.0218971100477598,189080316.0,0.0032815964523282837,0.032664427156856975,0.0016381104174895578,0.0017711654268508514,0.006808775755418051,0.02556663644605628,42.23051796349838,27.049307822660655,1,1,0.04221181046676081,AMZN,US,E-Commerce
2025-05-05,226.95,229.08,227.42,228.16,10104678,223.696,224.824,226.64600000000002,223.0612,225.30724124919138,225.1987059887854,45.86402862555251,68.9189189189189,0.10853526040597217,0.6163908000856186,-0.5078555396796465,226.64600000000002,4.866663614516363,236.37932722903275,216.91267277096728,0.5777740213493605,0.08589013023825519,6.060714285714288,12691409.8,0.7961824070811733,199184994.0,0.008486562942008335,0.0072755960728994986,0.005331570830555966,0.01766280107047291,0.020713103386569953,0.021169941368661238,51.18992066956648,44.065951156755375,1,1,0.039358345021037744,AMZN,US,E-Commerce
2025-05-06,227.45,234.86,230.57,232.48,10792318,225.92000000000002,224.85,227.30900000000003,223.57240000000002,226.41074259546963,225.73806110222483,53.36194563662374,71.07591988821608,0.6726814932447951,0.627648938717454,0.04503255452734112,227.30900000000003,4.702197582543585,236.7133951650872,217.90460483491285,0.7749246447247256,0.08274547127518758,6.170000000000002,12580379.75,0.8578689480443586,209977312.0,0.018934081346423604,0.018453200275213213,0.02211475049451698,0.0011196279390233155,0.06048718182647561,0.05023491145645087,71.34857675821979,54.92300513042823,1,1,0.024647281486579464,AMZN,US,E-Commerce
2025-05-07,233.43,236.53,235.23,235.81,7134310,229.638,225.612,227.7605,224.1,227.85678219616662,226.48413065212628,58.03272225507589,81.78618565772102,1.3726515440403375,0.7766494597820308,0.5960020842583067,227.7605,5.068025126637223,237.89655025327446,217.62444974672556,0.8970728142602951,0.089006217085315,6.050000000000003,12329255.0,0.5786488657547544,217111622.0,0.014323812801101177,0.005512912938359266,0.010195776035598679,0.033393224944125555,0.03981832613105207,0.08558143817328046,86.8875408265568,69.80867941811437,0,1,-0.005979390187014988,AMZN,US,E-Commerce
2025-05-08,234.71,237.08,234.67,235.74,7763622,231.686,226.654,228.055,224.6714,229.06958493521793,227.16975060545275,60.106165781951816,99.62486602357988,1.8998343297651843,1.0012864337786618,0.8985478959865225,228.055,5.358635431173345,238.7722708623467,217.33772913765333,0.8585334409220456,0.09398847525640469,6.0385714285714345,12253409.95,0.6335886416998037,209348000.0,-0.0002968491582205912,0.010223127173962,0.004388394188554441,0.0462453399609446,0.025625407874700912,0.04541019955654102,86.56089593623143,81.59900450700269,1,1,0.004072283023670131,AMZN,US,E-Commerce
2025-05-09,236.81,237.34,234.55,235.79,15246265,233.596,228.173,228.13450000000003,225.1498,230.1034949451844,227.8082875990489,62.22831821059295,99.32885906040275,2.2952073461354985,1.2600706162500293,1.0351367298854692,228.13450000000003,5.4653323441118165,239.06516468822366,217.2038353117764,0.8501845595628591,0.09582649435465232,5.893571428571434,12705643.25,1.1999600098987504,224594265.0,0.00021209807414934723,0.01183256287369337,-0.004307250538388172,0.06885766092475065,0.006789069171648121,0.04221181046676081,86.79421371503521,86.7475501592745,0,0,-0.006107129225157992,AMZN,US,E-Commerce
2025-05-12,233.66,238.44,236.1,237.14,6993345,235.392,229.54399999999995,228.20899999999997,225.59419999999997,231.18603418438678,228.49952555608564,56.04125736738702,99.36594202898557,2.686508628301141,1.5453582186602517,1.141150409640889,228.20899999999997,5.582079314529669,239.3731586290593,217.04484137094065,0.8999853592125345,0.09784152797663904,5.052857142857148,12285285.65,0.5692455698622221,231587610.0,0.005725433648585687,0.009867588766088117,0.014893434905354346,0.06136150024616205,0.006322936558455172,0.039358345021037744,93.88235293675842,89.07915419600836,1,0,0.007801298810829138,AMZN,US,E-Commerce
2025-05-13,237.18,240.27,236.55,238.21,5442091,236.538,231.22899999999998,228.51500000000001,226.12560000000002,232.26664430986574,229.21881996069783,63.268008474576284,99.31305201177632,3.047824349167911,1.8458514447617838,1.2019729044061271,228.51500000000001,5.960915242337511,240.43683048467503,216.593169515325,0.9066070227871417,0.10434177611642861,4.69714285714286,12232459.3,0.44488932451307445,237029701.0,0.004512102555452646,0.015616472860015879,0.004342693313077234,0.07612034694615111,0.02636908095997237,0.024647281486579464,91.07452339293437,90.583696681576,1,0,0.037361991520087345,AMZN,US,E-Commerce
2025-05-14,237.41,237.51,231.91,234.4,21083315,236.256,232.94699999999997,228.77550000000002,226.4796,232.59485287757872,229.60261107539176,61.73126614987081,59.917355371900896,2.9922418021869532,2.0751295162468177,0.9171122859401355,228.77550000000002,6.104088772032894,240.9836775440658,216.56732245593423,0.7303578883485197,0.10672626696488414,4.727142857142861,12902740.55,1.6340182370001823,215946386.0,-0.015994290751857654,0.023890784982833205,-0.012678488690397678,0.07909032317466158,0.02273223090012655,-0.005979390187014988,74.56672443351097,86.50786692106793,1,1,0.069325938566553,AMZN,US,E-Commerce
2025-05-15,233.39,237.18,236.31,236.7,7282543,236.448,234.067,229.22750000000002,227.0366,233.22641397333584,230.12834358917746,72.18853362734288,55.14450867052016,3.098070384158376,2.2797176898291296,0.8183526943292465,229.22750000000002,6.347006650466709,241.92151330093344,216.5334866990666,0.7943316594231142,0.1107547157376671,4.556428571428577,12744182.5,0.5714405320670406,223228929.0,0.009812286689419691,0.003675538656511741,0.014182270020077211,0.04966740576496664,0.03970833699376253,0.004072283023670131,84.53206238801846,83.39110340482127,1,1,0.08293198141106894,AMZN,US,E-Commerce
2025-05-16,236.55,236.97,232.26,234.35,19803981,236.16,234.87800000000001,229.65299999999996,227.54059999999998,233.39927336205338,230.44105887933713,65.25139664804468,43.64135407136314,2.9582144827162438,2.4154170484065527,0.5427974343096911,229.65299999999996,6.393043999454677,242.43908799890932,216.8669120010906,0.6836761955539883,0.11135136922969592,4.501428571428576,13001402.85,1.5232186638060627,203424948.0,-0.00992817912970001,0.02009814380191982,-0.009300359332025858,0.035846888260254506,0.03768154445625216,-0.006107129225157992,74.35008665189119,77.81629115780687,1,1,0.10556859398335816,AMZN,US,E-Commerce
2025-05-19,234.75,240.69,237.63,238.99,4657744,236.53000000000003,235.96099999999996,230.3925,228.0126,234.2593851525067,231.07431377804363,72.97367735209798,60.309278350515505,3.185071374463064,2.569347913617855,0.6157234608452087,230.3925,6.581698608943103,243.5558972178862,217.2291027821138,0.8265684327861539,0.11426932055365574,4.706428571428576,12128621.75,0.3840290934929112,208082692.0,0.019799445274162553,0.01280388300760366,0.018061767838048765,0.04746669004207571,0.06596788581623558,0.007801298810829138,92.76595744286107,83.88270216092359,1,1,0.08180258588225464,AMZN,US,E-Commerce
2025-05-20,238.99,249.71,245.03,247.11,24711262,238.31,237.42399999999998,231.137,228.72299999999998,236.23640282135185,232.26214238860513,85.28925619834713,72.36428891879771,3.9742604327467177,2.850330417443628,1.1239300153030896,231.137,7.567610413362822,246.27222082672566,216.00177917327434,1.0276764766711344,0.13096320214124244,5.174285714285718,13167205.2,1.8767278057816092,232793954.0,0.03397631700071124,0.018938934077864383,0.03397631700056918,0.06293014452856172,0.06412023081560592,0.037361991520087345,90.28037382840076,85.79880597438436,0,1,-0.009550402654688206,AMZN,US,E-Commerce
2025-05-21,247.57,255.79,246.54,250.65,7846262,241.56,238.908,232.26,229.505,238.45387931037465,233.62420591699714,83.43525658069665,75.12116316639742,4.8296733933775045,3.246199012630404,1.5834743807471003,232.26,8.69045332231783,249.64090664463566,214.87909335536432,1.0290287893194212,0.14966767109757032,5.1892857142857185,12723126.35,0.6166928762211911,240640216.0,0.014325603982032309,0.03690404947122719,0.012440925798713785,0.06293202154276756,0.09842674963845921,0.069325938566553,84.34358817897223,89.12997315007802,0,1,-0.06008378216636745,AMZN,US,E-Commerce
2025-05-22,252.22,260.14,253.29,256.33,8593775,245.48599999999996,240.967,233.81049999999996,230.2686,241.20405172416312,235.3061165916667,85.35840188014102,91.1753661284266,5.897935132496428,3.7765462366036098,2.1213888958928186,233.81049999999996,10.047455543308152,253.90541108661625,213.71558891338367,1.0603284309612657,0.17189057879376976,5.339285714285718,12395182.85,0.6933156542087111,249233991.0,0.02266108118890875,0.026723364412957015,0.0162952977558627,0.08734198693475848,0.1376264867743653,0.08293198141106894,88.35574571857103,87.65990257531467,0,0,-0.0912885733234502,AMZN,US,E-Commerce
2025-05-23,255.7,260.69,257.8,259.09,16135838,250.43400000000003,243.29700000000003,235.73499999999999,231.0838,243.95573607429185,237.06788573482345,85.64185296151189,91.32521225544482,6.8878503394684,4.398807057176568,2.4890432822918322,235.73499999999999,11.022793847774869,257.78058769554974,213.68941230445026,1.0296978316365062,0.18703703476748235,5.447857142857147,12229367.2,1.3194334928929525,265369829.0,0.010767370186868463,0.011154425103202872,0.013257723895137774,0.0988167437126255,0.17447869446962816,0.10556859398335816,94.68791500349634,89.12908296701322,0,0,-0.11023196572619542,AMZN,US,E-Commerce
2025-05-26,258.27,258.89,258.25,258.54,16168377,254.344,245.43699999999998,237.49049999999997,231.8566,246.19946898593923,238.65841271893268,82.8874305906109,97.82522736259409,7.541056267006553,5.027256899142565,2.513799367863988,237.49049999999997,11.732898181475015,260.95629636295,214.02470363704992,0.9485145032683916,0.19761461079791606,5.029285714285716,12586454.2,1.2845854327594954,249201452.0,-0.002122814466015477,0.0024754390036261734,0.0010454175862430529,0.09024205110904959,0.15714093899655368,0.08180258588225464,92.52953439567312,91.85773170591351,0,0,-0.08915448286532068,AMZN,US,E-Commerce
2025-05-27,259.19,250.68,240.01,244.75,6905512,253.87199999999999,246.09100000000004,238.66,232.3034,245.9764737573332,239.10964140681412,58.925718849840266,58.362369337979096,6.866832350519076,5.395171989417868,1.4716603611012076,238.66,11.193771294317726,261.04754258863545,216.27245741136454,0.6360131415775719,0.18761034600303067,6.063571428571431,12121057.45,0.5697119627370496,242295940.0,-0.05333797478146518,0.04359550561779947,-0.05571202592671124,0.02745476680240122,0.10566498012287662,-0.009550402654688206,44.61431549532266,77.27725496483072,0,0,-0.04972420837589375,AMZN,US,E-Commerce
2025-05-28,243.26,237.68,233.91,235.59,13247813,250.85999999999999,246.20999999999998,239.5785,232.39880000000002,244.37855471774344,238.8489272283203,49.87324657765759,33.76550169109353,5.529627489423149,5.422063089418924,0.1075644000042244,239.5785,10.035694859640136,259.6498897192803,219.50711028071973,0.40064215641806433,0.1675558509565466,6.665714285714287,11719890.75,1.1303699114797712,229048127.0,-0.03742594484167516,0.016002377010840903,-0.03153005015197097,0.00507679180887366,0.0845686400883896,-0.06008378216636745,12.78665740052863,49.97683576384148,0,0,-0.024406808438388716,AMZN,US,E-Commerce
2025-05-29,234.76,234.5,231.67,232.93,13434989,246.18,245.833,239.95,232.52399999999997,242.61723860732135,238.4104881740416,47.685335059889944,24.39306358381498,4.206750433279751,5.17900055819109,-0.9722501249113389,239.95,9.615848759648786,259.1816975192976,220.71830248070242,0.3174888099900325,0.16029754131458585,6.7464285714285745,11802868.7,1.1382815655416412,215613138.0,-0.01129080181671549,0.012149572832987864,-0.007795195092827522,-0.015927334178284624,0.03294900221729491,-0.0912885733234502,4.34183321832047,20.580935371390595,0,0,-0.03000901558408109,AMZN,US,E-Commerce
2025-05-30,232.53,230.57,230.49,230.53,8767775,240.46800000000002,245.45099999999996,240.1645,232.70759999999999,240.7576634369642,237.82674830889218,44.7397739933153,8.81226053639844,2.93091512807203,4.729383472167278,-1.798468344095248,240.1645,9.337751603036894,258.8400032060738,221.48899679392622,0.24205514320201413,0.1555225956042298,6.731428571428574,11605790.75,0.7554654769675666,206845363.0,-0.010303524664062147,0.00034702641738444917,-0.008601040725890848,-0.016300405376573512,0.018962164073550225,-0.11023196572619542,0.13245033112141574,5.753646983323516,0,0,-0.0420335748058821,AMZN,US,E-Commerce
2025-06-02,231.21,235.93,235.13,235.49,23148944,235.858,245.10100000000003,240.531,232.8236,239.94725367743123,237.65365584145547,47.961630695443645,14.797136038186196,2.29359783597576,4.242226344928975,-1.948628508953215,240.531,8.978732122428754,258.48846424485754,222.5735357551425,0.35964053912001404,0.14931517554729212,6.851428571428575,12258004.05,1.88847564555376,229994307.0,0.021515637877933536,0.003397171854416808,0.01851131006436352,-0.014644964224444501,0.0321265778401123,-0.08915448286532068,16.556291390180263,7.010191646540726,0,0,-0.058983396322561554,AMZN,US,E-Commerce
2025-06-03,233.41,234.51,231.04,232.58,12677130,233.42400000000004,243.648,240.536,232.85479999999998,238.8138300347495,237.27782948260526,48.61744150714069,13.823857302118185,1.5360005521442304,3.700981186372026,-2.1649806342277955,240.536,8.974039400287525,258.48407880057505,222.58792119942495,0.2783606789150201,0.14923403399491494,6.719285714285718,12352244.65,1.0263016425681268,217317177.0,-0.012357212620493385,0.01491959755776541,-0.0035559744655174505,-0.05879972481890661,0.0004301445285617156,-0.04972420837589375,6.920529801095361,7.8697571741323555,0,0,-0.005890446298048024,AMZN,US,E-Commerce
2025-06-04,232.57,230.99,228.92,229.84,10431812,232.27399999999997,241.567,240.2375,232.93,237.43324079863416,236.72687915025654,44.82342287956536,19.975835682641986,0.7063616483776229,3.1020572787731453,-2.3956956303955224,240.2375,9.235006554012275,258.70751310802456,221.76748689197547,0.21853024847878413,0.15376461300128133,6.782142857142863,12517119.75,0.8334034805887768,206885365.0,-0.011780892596096049,0.009006265227945594,-0.011738401341481066,-0.08302413724316782,-0.025316992493957025,-0.024406808438388716,2.8958136605950817,8.790878283956912,0,0,-0.007918552036199067,AMZN,US,E-Commerce
2025-06-05,228.81,228.2,224.13,225.94,13364438,230.87600000000003,238.52800000000002,239.7475,232.92100000000002,235.6650499065366,235.92785106464424,43.79884972717888,25.344915687276455,-0.26280115810763505,2.4290855913969893,-2.6918867495046244,239.7475,9.732773107826928,259.21304621565383,220.28195378434614,0.14533489460877344,0.16238372634186093,6.853571428571434,12797160.55,1.0443283026305157,193520927.0,-0.016968325791855254,0.018013631937602814,-0.0125431580787005,-0.1185581086880193,-0.04157122253329948,-0.03000901558408109,4.950765864197195,4.922369775295889,1,1,0.00765690006196329,AMZN,US,E-Commerce
2025-06-06,228.54,224.06,218.26,220.84,11402286,228.93800000000002,234.70299999999997,239.0,232.71580000000003,233.38427299783865,234.81023246673467,36.70719203163907,22.535211267605646,-1.4259594688960249,1.6580765793383863,-3.0840360482344114,239.0,10.589138427256332,260.17827685451266,217.82172314548734,0.07125879209096918,0.17722407409559873,6.94928571428572,12604961.6,0.9045870552602829,182118641.0,-0.02257236434451626,0.026263358087184153,-0.03369213266809441,-0.147632096954726,-0.06340387633063316,-0.0420335748058821,6.0806033465453835,4.642394290445896,1,1,0.04777214272776664,AMZN,US,E-Commerce
2025-06-09,221.0,223.12,220.38,221.6,8676674,226.16000000000003,231.00900000000001,238.223,232.52620000000002,231.57130792124806,233.83169672802956,29.059267772122766,28.080510554737344,-2.260388806781492,0.8743835021144105,-3.1347723088959025,238.223,11.280381245890991,260.783762491782,215.66223750821803,0.13159489830659027,0.189408768185165,6.379285714285721,12689128.05,0.6837879862211662,190795315.0,0.003441405542474074,0.012364620938572404,0.0027149321266845224,-0.14287924499110394,-0.065530910010964,-0.058983396322561554,7.871788828473451,6.301052679738686,1,1,0.03790613718411562,AMZN,US,E-Commerce
2025-06-10,222.2,231.95,230.62,231.21,6967893,225.88600000000002,229.65499999999997,237.873,232.42520000000002,231.5157220872099,233.637496970319,35.48820543445804,41.446842525979214,-2.1217748831091114,0.275151825069706,-2.3969267081788175,237.873,11.388879663953674,260.65075932790734,215.09524067209264,0.3537389059118251,0.1915119355943011,6.457857142857149,12765418.15,0.5458413012627165,197763208.0,0.043366425992779956,0.005752346351776445,0.04054905490530815,-0.055321756894790575,-0.02938583602703493,-0.005890446298048024,30.52085788285366,14.824416685957509,0,1,-0.018554560788893282,AMZN,US,E-Commerce
2025-06-11,233.95,228.39,227.72,228.02,9571616,225.52200000000002,228.89800000000005,237.554,232.32119999999998,230.97791868917759,233.22138608347248,28.050860598542428,40.98814229249012,-2.243467394294896,-0.22857201880321462,-2.0148953754916814,237.554,11.579041138377045,260.7120822767541,214.3959177232459,0.29415393972703235,0.19497109942713323,6.029285714285722,12189833.2,0.7852129768918432,188191592.0,-0.013796981099433392,0.002938338742202654,-0.02534729643075286,-0.032132093891930835,-0.027218430034129715,-0.007918552036199067,23.002592504760766,20.465079738695973,1,1,0.0036838873783000547,AMZN,US,E-Commerce
2025-06-12,227.11,227.76,227.59,227.67,4698393,225.868,228.37199999999999,237.10250000000002,232.18959999999998,230.4690081216118,232.81017229936865,24.69394329896909,45.264076822348294,-2.3411641777568377,-0.6510904505939394,-1.6900737271628983,237.10250000000002,11.788256366312709,260.67901273262544,213.5259872673746,0.29995981366558927,0.1988719033542538,5.748571428571436,12060625.7,0.3895645820793044,183493199.0,-0.001534953074291856,0.0007466947775255449,0.0024657654880785,-0.022581891555403022,-0.03814955640050699,0.00765690006196329,23.16022643309967,25.56122560690471,1,0,0.006237097553476678,AMZN,US,E-Commerce
2025-06-13,225.81,235.5,228.1,231.39,22510365,227.978,228.45800000000003,236.9545,232.32319999999999,230.61069917982536,232.7049743512334,29.195402298850553,61.988561372635246,-2.094275171408043,-0.9397273947567603,-1.1545477766512828,236.9545,11.843086135401688,260.64067227080335,213.2683277291966,0.3825369515858503,0.19992169189193207,6.2478571428571525,12195944.9,1.8457252257899897,206003564.0,0.016339438661220118,0.031980638748295195,0.024711040254972203,0.003730533986899598,-0.01263068060593131,0.04777214272776664,40.49969154717765,28.887503495012705,0,0,-0.008989152513073084,AMZN,US,E-Commerce
2025-06-16,231.49,231.48,228.82,230.0,7745768,229.658,227.90900000000002,236.50499999999997,232.4526,230.51674545985225,232.50460588071195,36.04541154210028,74.07991587802312,-1.987860420859704,-1.1493539999773492,-0.8385064208823547,236.50499999999997,11.93203538467222,260.36907076934443,212.64092923065553,0.36370724292521067,0.20180605711713115,5.114285714285722,12350346.1,0.627170065527956,198257796.0,-0.006007174035178697,0.01156521739125405,-0.006436563134448885,-0.02331309185103403,-0.037616636679358995,0.03790613718411562,60.45314108854515,41.3710196896075,0,0,-0.02617391304347827,AMZN,US,E-Commerce
2025-06-17,231.66,228.83,225.39,226.92,6506076,228.8,227.343,235.4955,232.6066,229.96340000449035,232.09093137091546,40.73123797305964,62.46485473289594,-2.127531366425103,-1.3449894732669,-0.7825418931582029,235.4955,11.841319927761266,259.17813985552255,211.81286014447747,0.31894965990627827,0.2011302963786737,4.6692857142857225,11440086.8,0.568708572324069,191751720.0,-0.013391304347826094,0.015159527586748048,-0.020461020460932178,-0.024335712443030455,-0.0817045040670148,-0.018554560788893282,49.00962082348553,49.987484486402785,0,1,-0.012206945178917628,AMZN,US,E-Commerce
2025-06-18,226.76,229.96,227.98,228.86,18440405,228.968,227.24499999999998,234.40600000000003,232.6482,229.7936461576457,231.85160312115687,45.58089033659067,41.40453547915147,-2.057956963511174,-1.4875829713157551,-0.5703739921954187,234.40600000000003,11.366504531436865,257.13900906287375,211.67299093712631,0.3780187878991467,0.19396268920400275,4.60642857142858,11969793.95,1.5405781867633415,210192125.0,0.008549268464657311,0.008651577383515541,0.009260892573605406,-0.004263835711799446,-0.08693397167364847,0.0036838873783000547,59.98868137747666,56.483814429835796,0,0,-0.020623962247662497,AMZN,US,E-Commerce
2025-06-19,228.31,230.47,227.99,229.09,6730266,229.252,227.56,233.044,232.63300000000004,229.68539290262325,231.64703992694874,48.359161349134006,54.99533146591965,-1.9616470243254867,-1.5823957819177017,-0.37925124240778496,233.044,10.17025663393096,253.38451326786193,212.7034867321381,0.4028048125351354,0.17456371558825493,4.609285714285723,11876618.5,0.5666819586162544,216922391.0,0.0010049812112207235,0.010825439783443906,0.0034164075160815766,0.013941754448083543,-0.10626926227909328,0.006237097553476678,61.290322577176575,56.762874926046266,0,0,-0.02426993757911744,AMZN,US,E-Commerce
2025-06-20,229.66,231.71,227.39,229.31,15204060,228.836,228.40699999999998,231.555,232.5352,229.6276401483735,231.47392585824792,42.10526315789474,57.75047258979212,-1.8462857098744223,-1.635173767509046,-0.21111194236537623,231.555,8.131985256414502,247.81897051282903,215.291029487171,0.4309824129765813,0.14047609002404424,4.532142857142866,11830029.6,1.2852088480650252,232126451.0,0.0009603212711162268,0.018839126073791734,-0.0015239919881497447,0.038353559137837445,-0.11494075417808469,-0.008989152513073084,64.09512760649103,61.79137718704809,0,0,-0.01125114473856359,AMZN,US,E-Commerce
2025-06-23,230.34,224.99,223.18,223.98,11810286,227.632,228.64499999999998,229.827,232.30180000000001,228.7587724332391,230.91882023900584,39.65351299326274,19.606234618539872,-2.1600478057667374,-1.7401485751605845,-0.41989923060615286,229.827,5.261204684942252,240.3494093698845,219.30459063011548,0.2221643924557582,0.09156808703797839,4.652142857142865,11612125.05,1.0170649155156217,220316165.0,-0.02324364397540457,0.008081078667702123,-0.027611357124131295,0.010740072202165996,-0.13367370619633334,-0.02617391304347827,33.17865429041885,52.854701491362164,1,0,0.008393606572015377,AMZN,US,E-Commerce
2025-06-24,224.58,224.45,223.91,224.15,27114780,227.07799999999997,227.939,228.79700000000003,232.143,228.04973052043312,230.41742614713348,42.70325724544757,23.33637192342769,-2.3676956267003675,-1.8656579854685411,-0.5020376412318264,228.79700000000003,4.066808007324301,236.93061601464862,220.66338398535143,0.21433369906784797,0.07109897432757462,4.42928571428572,12622588.45,2.148115496222528,247430945.0,0.0007589963389589283,0.0024091010483943028,-0.001914685190124197,-0.030535011461441997,-0.08416751787538301,-0.012206945178917628,34.16473317667265,43.81283835786085,0,1,-0.014856123131831378,AMZN,US,E-Commerce
2025-06-25,226.24,226.79,222.03,224.14,12970677,226.13400000000001,227.551,228.22449999999998,232.042,227.44823351728954,229.9524316176353,47.435897435897424,32.40506329113937,-2.504198100345775,-1.993366008443988,-0.510832091901787,228.22449999999998,3.8609195455044136,235.9463390910088,220.50266090899115,0.23552284940828205,0.06766880059743803,4.361428571428576,12608731.65,1.0287058469750328,234460268.0,-4.46129823780117e-05,0.021236727045501717,-0.009282178217780854,-0.017016051223576967,-0.04860138375992196,-0.020623962247662497,34.10672853630467,33.81670533446539,0,1,-0.010573748550013251,AMZN,US,E-Commerce
2025-06-26,225.79,227.34,220.49,223.53,11448905,225.02200000000002,227.137,227.7545,231.9594,226.84542836078347,229.47669594217837,54.39398889251877,9.436834094368379,-2.6312675813948943,-2.120946323034169,-0.5103212583607251,227.7545,3.829977978501351,235.4144559570027,220.0945440429973,0.22424776174057262,0.06726502402340294,4.302142857142861,12509427.45,0.9152220699579604,223011363.0,-0.002721513339876802,0.030644656198136045,-0.010009300677576428,-0.018184213993938547,-0.04035547160091013,-0.02426993757911744,20.833333331955497,29.70159834831094,0,0,-0.02594730013868385,AMZN,US,E-Commerce
2025-06-27,223.58,229.03,224.9,226.73,7052451,224.506,226.671,227.5645,231.9772,226.82767015143216,229.27323698346814,57.76096822995459,37.63102725366871,-2.445566832035979,-2.185870424834531,-0.25969640720144804,227.5645,3.7789590254202623,235.12241805084054,220.00658194915948,0.4447929975668361,0.06642440319827843,4.499285714285717,12423661.25,0.5676628081224601,230063814.0,0.014315751800653143,0.01821549861060195,0.014088916718784723,-0.02013915899563501,-0.016483754825836194,-0.01125114473856359,41.5722851404681,32.17078233624276,0,0,-0.05411723194989626,AMZN,US,E-Commerce
2025-06-30,225.59,226.54,225.33,225.86,7380039,224.88199999999998,226.257,227.08300000000003,232.01039999999998,226.6787978204426,229.0204046142875,38.996297819827255,33.0716388616291,-2.341606793844875,-2.2170176986366,-0.12458909520827488,227.08300000000003,3.2990031987372848,233.6810063974746,220.48499360252546,0.40732048995318904,0.058110967333050094,3.8600000000000017,11635216.0,0.6342846033726746,222683775.0,-0.003837163145591571,0.005357300982885957,0.001196861563007285,-0.017999999999999905,-0.04089345619771534,0.008393606572015377,35.77614923146067,32.72725590129476,0,0,-0.05401576197644564,AMZN,US,E-Commerce
2025-07-01,224.71,222.48,219.5,220.82,9145146,224.21599999999998,225.647,226.49499999999998,231.78239999999997,225.77744430960527,228.41296723537374,36.23853211009175,34.04040404040407,-2.63552292576847,-2.300718744062974,-0.33480418170549564,226.49499999999998,3.3156590199925087,233.126318039985,219.86368196001496,0.07210618116538788,0.05855597730595149,4.065000000000002,11458616.8,0.798102018901442,213538629.0,-0.022314708226334967,0.013495154424356918,-0.017311201103567726,-0.026881720430107503,-0.05056324705477688,-0.014856123131831378,8.249999999484332,28.5328114571377,0,0,-0.06471334118286387,AMZN,US,E-Commerce
2025-07-02,221.77,222.24,221.4,221.77,26154381,223.74200000000002,224.93800000000002,226.0915,231.65399999999997,225.16091441581986,227.92089558825077,38.976083707025474,38.857677902621745,-2.759981172430912,-2.392571229736562,-0.36740994269435,226.0915,3.3776249441247015,232.8467498882494,219.3362501117506,0.180137665395823,0.05975677889898144,4.135714285714288,12244745.25,2.135967578748314,239693010.0,0.004302146544697072,0.0037877079857339393,0.0,-0.03097963820676397,-0.03511138183083884,-0.010573748550013251,14.187499999113346,19.404549743352785,0,0,-0.05095369076069811,AMZN,US,E-Commerce
2025-07-03,222.17,221.5,214.72,217.73,14967285,222.58200000000002,223.802,225.68099999999998,231.5022,224.01769681338604,227.16601443348281,24.778434268833152,28.212100611828717,-3.148317620096776,-2.543720507808605,-0.6045971122881713,225.68099999999998,3.861279989577313,233.4035599791546,217.95844002084536,-0.014790433576896963,0.06843783906594181,4.080000000000003,12324887.6,1.2143951548576268,224725725.0,-0.018217071740992963,0.031139484682721087,-0.0199846964035649,-0.049587498363088844,-0.03633708064087815,-0.02594730013868385,17.716303707020757,13.384601235206148,0,0,-0.043540164423827576,AMZN,US,E-Commerce
2025-07-04,216.25,216.01,213.23,214.46,6140903,220.128,222.317,225.362,231.37939999999998,222.54728191901896,226.22482817905527,23.1698895027625,23.891767415083507,-3.6775462600363085,-2.7704856582541457,-0.9070606017821627,225.362,4.493975616547185,234.34995123309437,216.37404876690562,-0.10647859101368087,0.07976456752295859,4.211428571428574,12061818.45,0.5091191279604174,218584822.0,-0.015018601019611388,0.012962790263858241,-0.00827745664736053,-0.06475949587894114,-0.028889693896033353,-0.05411723194989626,6.655844155484083,12.853215953872732,0,0,-0.018045323137181768,AMZN,US,E-Commerce
2025-07-07,213.52,214.38,213.09,213.66,7700799,217.68800000000002,221.285,224.965,231.18400000000003,221.18000777763143,225.29410016570446,25.14992503748134,6.346025384101637,-4.114092388073033,-3.0392070042179236,-1.0748853838551091,224.965,5.147060990713109,235.25912198142623,214.67087801857377,-0.04909976879760183,0.09151754256333626,3.9800000000000018,12013024.7,0.6410374199066269,210884023.0,-0.003730299356523359,0.006037629879219107,0.0006556762832490197,-0.04607554245914813,-0.035830324909747246,-0.05401576197644564,3.061224489631476,9.144457450712109,0,0,-0.017878872975755855,AMZN,US,E-Commerce
2025-07-08,213.24,209.96,203.8,206.53,10421756,214.83,219.523,223.731,230.8874,218.9261604272266,223.90416681997584,14.967053655475382,4.474799811587445,-4.978006392749251,-3.42696688192419,-1.5510395108250608,223.731,6.381497019551252,236.4939940391025,210.9680059608975,-0.17386225940115385,0.11409231656807013,4.467142857142856,12185717.85,0.8552434311251158,200462267.0,-0.03337077599925109,0.02982617537389324,-0.03146689176499973,-0.07860807494981037,-0.106742787941698,-0.06471334118286387,9.781440343612239,6.499502996242602,1,1,0.02871253570909804,AMZN,US,E-Commerce
2025-07-09,204.49,213.01,208.43,210.47,6255164,212.57000000000002,218.156,222.8535,230.75240000000002,217.62521266919174,222.90904335174932,23.83361439010683,24.292101341281708,-5.2838306825575785,-3.7983396420508684,-1.48549104050671,222.8535,6.9426411438764895,236.73878228775297,208.96821771224703,0.05407820513031594,0.1246135446622168,4.752857142857143,12019895.25,0.5204008312467755,206717431.0,0.019077131651576096,0.02176082101951928,0.029243483788795276,-0.06098866779691259,-0.07696693272519961,-0.05095369076069811,23.898244356005037,12.246969729749587,0,0,-0.015061528958996484,AMZN,US,E-Commerce
2025-07-10,208.24,209.09,207.57,208.25,8823994,210.67400000000004,216.62800000000001,221.8825,230.40740000000002,216.18287225854687,221.82318828857578,21.979776476849423,18.411214953271,-5.640316030028913,-4.166734919646478,-1.473581110382435,221.8825,7.563804998322374,237.01010999664473,206.75489000335526,0.04941659643945533,0.13635694564985124,4.6514285714285695,12226175.3,0.7217296547572277,197893437.0,-0.010547821542262525,0.007298919567792132,4.802151363783559e-05,-0.06835771484811881,-0.0852988975271225,-0.043540164423827576,17.63773285700996,17.105805852209084,0,1,-0.0014885954381752553,AMZN,US,E-Commerce
2025-07-11,207.59,212.71,208.9,210.59,9877479,209.9,215.01399999999998,220.84250000000003,230.09439999999998,215.32243037261657,220.99110026714234,30.64469499855454,31.878172588832513,-5.668669894525777,-4.467121914622338,-1.201547979903439,220.84250000000003,7.617527486003239,236.0775549720065,205.60744502799355,0.16352271064981663,0.13797212920463672,4.532142857142857,11594531.0,0.8519083823305675,207770916.0,0.011236494597839153,0.018092027161697662,0.014451563177347408,-0.07118599214925236,-0.08989152513073162,-0.018045323137181768,26.9124058649658,22.81612769266027,1,0,0.00982952656821312,AMZN,US,E-Commerce
2025-07-14,212.17,210.54,209.29,209.84,8079916,209.13600000000002,213.41199999999998,219.83450000000002,229.72799999999998,214.47897954606017,220.16509283989382,29.65595678134774,36.554132712456344,-5.6861132938336425,-4.710920190464599,-0.9751931033690431,219.83450000000002,7.675599393705114,235.18569878741025,204.4833012125898,0.174471676818779,0.1396614160865596,4.586428571428572,11611238.4,0.6958702444805333,199691000.0,-0.0035614226696424334,0.0059569195577299046,-0.010981759909454695,-0.07092889400513591,-0.08765217391304347,-0.017878872975755855,23.939754259851753,22.829964327275842,0,0,-0.01219977125428895,AMZN,US,E-Commerce
2025-07-15,210.55,215.49,210.04,212.46,5358634,210.32200000000003,212.57599999999996,219.11150000000004,229.3276,214.16836730820475,219.5943452220901,34.542085759661234,46.842105263157926,-5.425977913885362,-4.853931735148752,-0.5720461787366098,219.11150000000004,7.654053123054544,234.4196062461091,203.80339375389096,0.28274582455379116,0.1397289165200294,4.650000000000001,11553866.3,0.46379570241385754,205049634.0,0.012485703393061431,0.02565188741398082,0.009071479458517811,-0.03785888959333383,-0.06372289793759911,0.02871253570909804,34.3242172003835,28.39212577506702,0,1,-0.006260001882707367,AMZN,US,E-Commerce
2025-07-16,211.43,208.8,206.1,207.3,14078139,209.68800000000002,211.129,218.0335,228.75740000000002,213.1116954146348,218.68365298336687,30.82919914953935,52.260716382853815,-5.571957568732074,-4.997536901865416,-0.5744206668666578,218.0335,7.726722785244376,233.48694557048876,202.58005442951125,0.15271498996151595,0.14175294686750317,4.615000000000003,11335753.0,1.2419234750507113,190971495.0,-0.024286924597571313,0.013024602025986456,-0.019533651799557593,-0.06524777923073455,-0.09420606484313554,-0.015061528958996484,13.87237415719888,24.045448539144715,1,0,0.02961890979257098,AMZN,US,E-Commerce
2025-07-17,206.79,211.21,205.33,207.94,11251944,209.62600000000003,210.15,216.97600000000003,228.2014,212.31604996622943,217.88782683641043,26.376665828513964,40.78659868900217,-5.571776870180997,-5.112384895528533,-0.4593919746524646,216.97600000000003,7.579782943706157,232.13556588741233,201.81643411258773,0.20197035761739668,0.13973495582315493,4.64214285714286,11561836.9,0.9731968305834836,202223439.0,0.003087313072841269,0.02827738770785668,0.005561197349941702,-0.044963946171864166,-0.09232179492775772,-0.0014885954381752553,18.205804748539716,22.134132035374037,1,1,0.02313167259786475,AMZN,US,E-Commerce
2025-07-18,206.35,214.06,211.54,212.66,5457493,210.04000000000002,209.96999999999997,216.1435,227.7388,212.3689653560403,217.50058040406552,34.869325997248964,63.58595194085028,-5.131615048025225,-5.116230926027871,-0.015384121997353617,216.1435,7.04962953487358,230.24275906974714,202.04424093025284,0.37646513965223105,0.13046202240346733,4.9792857142857185,11074508.55,0.4927977149109957,207680932.0,0.02269885543906902,0.011849901250767236,0.03057911315710891,-0.008393173552177613,-0.07260913174305528,0.00982952656821312,47.43040684970927,26.502861918482626,1,1,0.022665287313081928,AMZN,US,E-Commerce
2025-07-21,214.42,207.48,207.11,207.28,10474701,209.52799999999996,209.33200000000002,215.3085,227.1416,211.58604760895716,216.7435003741018,34.59963603275706,41.41152049818369,-5.1574527651446544,-5.124475293851228,-0.03297747129342632,215.3085,7.0615886650029855,229.43167733000598,201.18532266999404,0.21576863291383805,0.13119015115464905,4.9214285714285735,11007729.3,0.9515768205185767,197206231.0,-0.025298598702153674,0.0017850250868303315,-0.03329913254345065,-0.029860526069456106,-0.07456022859183853,-0.01219977125428895,18.872017352555694,28.169409650268232,1,1,0.053647240447703526,AMZN,US,E-Commerce
2025-07-22,207.14,213.89,208.91,211.13,14879949,209.262,209.792,214.65749999999997,226.6,211.51588643834833,216.327685531559,38.64703371745623,52.88332588287885,-4.811799093210681,-5.061940053723119,0.2501409605124385,214.65749999999997,6.798863585382925,228.2552271707658,201.05977282923413,0.37029082301510857,0.1266923091035952,5.292142857142857,10395987.75,1.4313163815226329,212086180.0,0.018573909687379375,0.02358736323580923,0.019262334652798817,0.02227279329879428,-0.05808610305598938,-0.006260001882707367,41.41242937619133,35.90495119281877,1,1,0.013546156396533116,AMZN,US,E-Commerce
2025-07-23,212.0,216.06,211.34,213.44,16813584,210.49,210.089,214.1225,226.18079999999998,211.81190390937167,216.1137828995837,45.2470640372258,52.22121486854032,-4.301878990212032,-4.909927841020902,0.6080488508088706,214.1225,6.4240763210722935,226.9706526421446,201.27434735785542,0.4734397613616955,0.12000749703636544,5.140714285714286,10588133.1,1.5879647765322504,228899764.0,0.01094112632027655,0.022113943028382144,0.006792452830156629,0.014111274765999937,-0.047738020879807164,0.02961890979257098,78.62969004252608,46.30471225709104,1,1,0.013071589205397194,AMZN,US,E-Commerce
2025-07-24,211.77,213.12,212.46,212.75,21574658,211.452,210.539,213.58350000000002,225.7018,211.95622638485295,215.86461379590222,47.99059929494712,65.49175667993177,-3.9083874110492616,-4.709619755026575,0.801232343977313,213.58350000000002,6.033584319196711,225.65066863839343,201.5163313616066,0.46546414385005025,0.11299719911263663,4.889285714285713,11094420.75,1.9446401521557444,207325106.0,-0.003232758620689613,0.0031022326674354614,0.0046276620862037215,0.021608643457383003,-0.048226188878450316,0.02313167259786475,73.00163131541582,64.34791691137775,1,1,0.004371327849588713,AMZN,US,E-Commerce
2025-07-25,212.28,219.59,215.79,217.48,22330592,212.416,211.22799999999998,213.121,225.36440000000002,212.8060377102602,215.9842720332466,54.109294320137685,72.00184501845018,-3.1782343229864125,-4.403342668618542,1.2251083456321297,213.121,5.28031488295653,223.68162976591307,202.56037023408695,0.7063797375684595,0.09910454404646667,5.279999999999999,11858327.8,1.883114591998832,229655698.0,0.022232667450058807,0.017472871068523722,0.02449594874682256,0.03271760292511505,-0.04079742424910682,0.022665287313081928,86.63711209077653,79.42281114957281,0,0,-0.0113573661945926,AMZN,US,E-Commerce
2025-07-28,219.34,219.87,217.23,218.4,17406651,214.64000000000001,212.084,212.748,224.95260000000002,213.6666472932971,216.16321484560402,64.73801837596227,66.0514541387025,-2.4965675523069137,-4.021987645356217,1.525420093049303,212.748,4.545419441014343,221.83883888202868,203.6571611179713,0.810862400738526,0.08546109840737362,4.764285714285715,12359658.4,1.4083439063053793,247062349.0,0.0042302740481883205,0.012087912087856808,-0.004285584024782129,0.040792985131528736,-0.03302931019215449,0.053647240447703526,89.8899587283432,83.1762340448452,0,0,-0.0262820512820513,AMZN,US,E-Commerce
2025-07-29,220.38,217.31,211.33,213.99,8093914,215.212,212.237,212.4065,224.2902,213.7163938635591,216.00223596814746,54.320078546882684,69.84033116499116,-2.285842104588369,-3.674758537202647,1.3889164326142782,212.4065,4.146075220839149,220.6986504416783,204.1143495583217,0.5954818662867891,0.07807812323671134,4.806428571428573,12307096.8,0.6576622800543601,238968435.0,-0.02019230769230773,0.02794523108543411,-0.028995371630687865,0.007201355549279809,-0.03093016936871651,0.013546156396533116,59.55983493400552,78.69563525104176,0,1,-0.037151268750876265,AMZN,US,E-Commerce
2025-07-30,214.5,217.49,215.22,216.23,5565129,215.76999999999998,213.13000000000002,212.1295,223.6018,214.10310249993464,216.01910737791474,59.789008832188415,66.66666666666666,-1.9160048779801002,-3.3230078053581376,1.4070029273780373,212.1295,3.6419940677447515,219.4134881354895,204.8455118645105,0.7814735501311295,0.06867491919280587,4.849285714285715,11277634.2,0.49346595286217454,244533564.0,0.010467778868171296,0.010498080747303854,0.008065268065230417,0.04307766521948864,-0.024980836001262663,0.013071589205397194,74.96561209938326,74.80513525391068,0,0,-0.0556814503075429,AMZN,US,E-Commerce
2025-07-31,217.85,213.89,213.51,213.68,7354717,215.956,213.704,211.927,222.74880000000002,214.038009807637,215.84584016473178,53.77105198926044,50.77220077220081,-1.8078303570947867,-3.0199723157054676,1.212141958610681,211.927,3.4200386270538807,218.76707725410776,205.08692274589222,0.6281418275151146,0.06455125825473389,4.7250000000000005,10897005.8,0.6749300183973456,237178847.0,-0.011792998196364923,0.0017783601647239661,-0.019141611200279303,0.027604116572088166,-0.018601019611445335,0.004371327849588713,57.427785415582676,63.98441081632384,0,0,-0.03341445151628608,AMZN,US,E-Commerce
2025-08-01,214.26,216.79,213.58,215.01,11002391,215.462,213.939,211.9545,221.86720000000003,214.1875467603082,215.78392607845404,56.2214199759326,56.98393077873917,-1.5963793181458357,-2.7352537161935415,1.1388743980477058,211.9545,3.443608075690619,218.84171615138123,205.06728384861876,0.7218240238231369,0.06498768510551789,4.861428571428569,11140080.2,0.987640108045173,248181238.0,0.006224260576563001,0.014929538160946236,0.0035004200503897117,0.011050503150568991,0.0025645808076097953,-0.0113573661945926,66.57496560752568,66.32278770749721,0,0,-0.06562485465792278,AMZN,US,E-Commerce
2025-08-04,214.45,212.7,212.62,212.66,7044763,214.314,214.477,211.9045,220.9496,213.95253956641466,215.55252414671202,50.24224806201549,32.53623188405794,-1.5999845802973596,-2.508199889014305,0.9082153087169456,211.9045,3.424749664307184,218.75399932861438,205.05500067138564,0.5551500163149639,0.06464703985599218,4.6285714285714255,11107278.4,0.6342473927503796,241136475.0,-0.010929724198874391,0.0003761873412941216,-0.00834693401721448,0.025955229641065225,-0.0046803332397267194,-0.0262820512820513,50.41265474206232,58.13846858839023,0,0,-0.02783786325590143,AMZN,US,E-Commerce
2025-08-05,213.23,207.67,204.74,206.04,22828018,212.724,213.968,211.87999999999997,220.17539999999997,212.73522578696623,214.8478927284239,48.52597098736544,18.30769230769218,-2.112666941457661,-2.4290932995029766,0.3164263580453155,211.87999999999997,3.4667169362097843,218.81343387241952,204.9465661275804,0.07885226083213179,0.06544679887093481,4.739999999999995,11727591.5,1.9465221016163377,218308457.0,-0.031129502492241112,0.014220539700959805,-0.03371945786224396,-0.024108369251172324,-0.0023725366774802747,-0.037151268750876265,8.592200924745944,41.859940424777996,1,0,0.005969714618520694,AMZN,US,E-Commerce
2025-08-06,207.43,205.55,203.11,204.19,17603377,210.31599999999997,213.04299999999998,211.56599999999997,219.54739999999998,211.4205756658945,214.05841919297143,45.73378839590443,21.074380165289114,-2.6378435270769387,-2.4708433450177694,-0.16700018205916933,211.56599999999997,3.862917359500464,219.2918347190009,203.84016528099906,0.022640577471707644,0.07303474772850457,4.529285714285708,12295002.15,1.4317505075222368,200705080.0,-0.008978839060376553,0.011949654733278066,-0.015619727136790192,-0.04333770614692656,-0.029837981660094104,-0.0556814503075429,6.443914080761012,21.8162565825231,1,1,0.029874136833341502,AMZN,US,E-Commerce
2025-08-07,205.46,207.1,206.1,206.54,8576186,208.888,212.42199999999997,211.48049999999998,219.01960000000003,210.66971787114147,213.5014992527424,42.64069264069262,21.583577712609895,-2.8317813816009334,-2.5430309523344024,-0.28875042926653105,211.48049999999998,3.957930712674242,219.39636142534846,203.5646385746515,0.18793667961598848,0.0748613836766137,4.299999999999993,12282611.75,0.6982379217320842,209281266.0,0.011508888780057847,0.004841677156943732,0.005256497615081902,-0.029189189189189224,-0.008211284513805595,-0.03341445151628608,20.4653937935282,11.833836266345061,1,1,0.02813014428197924,AMZN,US,E-Commerce
2025-08-08,206.03,200.94,200.88,200.9,19880081,206.06599999999997,210.76399999999998,210.996,218.42700000000002,209.16668435250432,212.56805486363655,42.3757170172084,18.272095332671228,-3.401370511132228,-2.7146988640939678,-0.6866716470382603,210.996,4.611760024798556,220.21952004959712,201.7724799504029,-0.04729647388762952,0.08742838773771444,4.307857142857137,12782741.85,1.5552281097479794,189401185.0,-0.027307059165294745,0.0002986560477834924,-0.024899286511552182,-0.07623689534669853,-0.046013580891780204,-0.06562485465792278,0.10531858872541883,9.004875487671553,1,1,0.07600796416127409,AMZN,US,E-Commerce
2025-08-11,202.15,208.38,205.42,206.74,9544457,204.882,209.598,210.84100000000004,217.852,208.79334829827286,212.13634709595385,44.99201460187087,33.22515212981746,-3.342998797680991,-2.8403588508113726,-0.5026399468696185,210.84100000000004,4.703833710810954,220.24866742162195,201.43333257837813,0.2820394888292595,0.08923944983733988,4.369999999999995,12855968.9,0.7424143860199921,198945642.0,0.02906918865107011,0.014317500241780452,0.022705911451779855,-0.05338827838827842,-0.014773160503240512,-0.02783786325590143,30.858346496532004,17.143019626261886,1,1,0.03922801586533797,AMZN,US,E-Commerce
2025-08-12,207.2,210.88,204.37,207.27,14538673,205.12800000000001,208.92600000000002,210.5815,217.34580000000003,208.55898702161548,211.77587694069342,42.66349583828775,38.195356986421395,-3.2168899190779427,-2.915665064464687,-0.30122485461325565,210.5815,4.752722516179923,220.08694503235986,201.07605496764015,0.32581036505643335,0.09027806366955046,4.482857142857136,13314970.85,1.0919041484868028,213484315.0,0.002563606462222978,0.031408308003901104,0.0003378378378363116,-0.03140333660451422,-0.024428127647557196,0.005969714618520694,33.64928909775418,21.537651394337207,1,1,0.01384667342114132,AMZN,US,E-Commerce
2025-08-13,206.17,212.29,208.68,210.29,17101495,206.348,208.33200000000002,210.731,216.9548,208.8252967105977,211.66581198212222,47.228481297881906,61.05044201768073,-2.8405152715245094,-2.9006351058766517,0.0601198343521423,210.731,4.690689434234079,220.11237886846814,201.34962113153185,0.4764959923983697,0.0890365334803482,4.771428571428564,13466138.65,1.2699626949138314,230585810.0,0.014570367153953656,0.01716676969890541,0.019983508754814094,-0.027470748739767847,0.01442354076218022,0.029874136833341502,49.55239599528419,38.0200105298568,0,1,-0.018070283893670602,AMZN,US,E-Commerce
2025-08-14,210.61,215.21,210.06,212.35,9817572,207.51,208.19899999999998,210.95149999999998,216.683,209.36755875512114,211.71649257603963,43.850395588587865,70.98765432098767,-2.3489338209184893,-2.7902948488850194,0.4413610279665301,210.95149999999998,4.656110049116951,220.26372009823388,201.6392799017661,0.5750895052239022,0.0882877827196275,4.650714285714279,13394420.05,0.7329597870152066,240403382.0,0.009795996005516283,0.024252413468216404,0.00826171596786344,-0.006224260576563112,0.021208040780994475,0.02813014428197924,60.4002106339968,47.867298575678404,0,0,-0.019119378384742203,AMZN,US,E-Commerce
2025-08-15,212.21,217.27,215.29,216.17,19414020,210.564,208.315,211.127,216.5896,210.4140881774102,212.04638201485483,47.50056041246354,73.02725968436158,-1.632293837444621,-2.55869464659694,0.926400809152319,211.127,4.788174138328884,220.70334827665778,201.55065172334224,0.7633049599673042,0.09071647185449905,4.8135714285714215,14092246.4,1.377638317646907,259817402.0,0.01798916882505286,0.009159457834069755,0.018660760567274486,0.005395097902423096,0.016505219599360466,0.07600796416127409,92.05298012690818,67.3351955853964,0,0,-0.04649118749132619,AMZN,US,E-Commerce
2025-08-18,216.38,216.63,213.42,214.85,7748610,212.186,208.53400000000002,211.50549999999998,216.4546,211.09653615011632,212.2540574211638,51.035645472061645,92.04339963833638,-1.1575212710474716,-2.2784599714870466,1.120938700439575,211.50549999999998,4.767221937356618,221.03994387471323,201.97105612528674,0.6753904078346262,0.09015788123399315,4.537857142857137,13955941.85,0.5552193845505752,252068792.0,-0.0061063052227413595,0.014940656271748046,-0.007070893797915382,0.010298128467977063,0.036520648398301825,0.03922801586533797,84.10596025983702,78.85305034024735,0,0,-0.03332557598324415,AMZN,US,E-Commerce
2025-08-19,216.31,211.39,209.13,210.14,9332403,212.76,208.94400000000002,211.456,216.0332,210.94937674240612,212.0974605751503,43.07797226642417,60.99611901681754,-1.1480838327441916,-2.0523847437384757,0.9043009109942841,211.456,4.776456956013083,221.00891391202614,201.90308608797383,0.4311204930479688,0.09035368031156345,4.696428571428565,13678564.55,0.6822647422996777,242736389.0,-0.021922271352106115,0.010754734938561133,-0.02852387776788633,0.019899048728402313,-0.004689054137261395,0.01384667342114132,56.49786454810862,77.55226831161796,0,0,-0.009422289901970027,AMZN,US,E-Commerce
2025-08-20,208.52,207.73,205.5,206.49,17371861,212.0,209.17400000000004,211.1085,215.6026,210.26331878203592,211.68209312513585,42.027056997116865,47.90096878363831,-1.4187743430999262,-1.9256626636107657,0.5068883205108394,211.1085,4.876290949181233,220.86108189836247,201.3559181016375,0.2632165487870102,0.0923940239101342,4.833571428571422,13706478.4,1.2674196263702844,225364528.0,-0.017369372799086236,0.010799554457790645,-0.009735277191589611,0.01126401880601402,-0.03256184407796092,-0.018070283893670602,34.22818791737478,58.27733757510682,1,1,0.028524383747396964,AMZN,US,E-Commerce
2025-08-21,207.68,208.45,208.17,208.29,7129910,211.18800000000002,209.34900000000002,210.8855,215.215,209.9597312771073,211.4308269677165,42.62510974539068,44.239631336405516,-1.4710956906092179,-1.8347492690104563,0.36365357840123846,210.8855,4.899199155824882,220.68389831164978,201.08710168835023,0.36755488408336806,0.09292624017870658,4.7442857142857076,12984241.0,0.5491202335877596,232494438.0,0.008717129158796855,0.0013442796101524647,0.002937211093976541,0.008472935024692596,-0.020963572267920116,-0.019119378384742203,45.21049420102431,45.31218222216925,1,0,0.006385328148254876,AMZN,US,E-Commerce
2025-08-22,209.37,206.75,205.62,206.12,13363981,209.17799999999997,209.871,210.31750000000002,214.7096,209.36900338832157,211.03743237751257,42.794182459233134,32.16943331425297,-1.6684289891909998,-1.801485213046565,0.13305622385556526,210.31750000000002,4.750684022772376,219.81886804554478,200.81613195445527,0.27911075646378297,0.09035261493218182,4.764285714285707,12535910.45,1.0660557912603954,219130457.0,-0.010418166978731547,0.005482243353359758,-0.01552275875237368,0.025983076157292118,-0.05223468824719513,-0.04649118749132619,31.970713847957885,37.13646532211901,0,1,-0.01678633805550167,AMZN,US,E-Commerce
2025-08-25,205.8,211.38,204.74,207.69,6503169,207.746,209.96599999999998,209.782,214.2634,209.11069517473362,210.7894744236212,52.045623605256644,22.14191852825222,-1.6787792488875652,-1.7769440202147653,0.09816477132720003,209.782,4.38089584686361,218.54379169372723,201.0202083062728,0.38061802462855027,0.08353234971242006,4.6728571428571355,11990736.35,0.5423493827091459,225633626.0,0.007616922181253649,0.03197072560050082,0.009183673469343064,0.004595143658701728,-0.049038461538461586,-0.03332557598324415,41.5497254398078,39.57697782959668,0,1,-0.004333381482016452,AMZN,US,E-Commerce
2025-08-26,208.23,209.24,207.29,208.16,7672014,207.35,210.055,209.49049999999997,213.88819999999998,208.96443437862075,210.59469854038883,55.096277278562276,26.72233820459283,-1.630264161768082,-1.7476080485254286,0.11734388675734664,209.49049999999997,4.278937983094881,218.04837596618972,200.9326240338102,0.42226458962020813,0.0817018047706116,4.602857142857139,11969641.35,0.6409559931421008,233305640.0,0.002262988107275321,0.009367794004566917,-0.00033616673870074927,0.004293916148019328,-0.027244263750642594,-0.009422289901970027,44.417327636094086,39.312588974619935,0,0,-0.004275557263643259,AMZN,US,E-Commerce
2025-08-27,205.87,212.79,212.05,212.38,13277406,208.52799999999996,210.26399999999998,209.298,213.5586,209.48990601267909,210.72694309295335,57.15335619794221,58.06916426512975,-1.2370370802742627,-1.6454938548751954,0.40845677460093266,209.298,4.039698529660414,217.37739705932083,201.21860294067918,0.6907320544268648,0.07720472301963921,4.7257142857142815,12355255.2,1.0746362345768274,246583046.0,0.020272867025365127,0.0034843205574747924,0.031621897313685185,0.009938656141518898,-0.01780511492392356,0.028524383747396964,70.16473458998378,52.04392922196191,0,0,-0.05711460589509365,AMZN,US,E-Commerce
2025-08-28,211.66,211.81,207.87,209.62,10316998,208.794,209.99099999999999,209.09499999999997,213.1692,209.50992047226688,210.64494730828974,61.49182920400635,62.04772902232489,-1.1350268360228597,-1.5434004511047283,0.40837361508186865,209.09499999999997,3.9077635278363347,216.91052705567265,201.2794729443273,0.5335869862471649,0.07475575270221956,4.643571428571424,12503369.25,0.8251373664632542,236266048.0,-0.012995573971183672,0.018795916420099236,-0.009638098837713096,-0.012856133741464548,-0.019000374391613617,0.006385328148254876,40.697674415449775,51.75991221384256,0,0,-0.051474095983207624,AMZN,US,E-Commerce
2025-08-29,209.65,207.95,198.43,202.66,21199982,208.102,208.64000000000001,208.47750000000002,212.6362,208.4560865534566,210.0534697298951,44.77726574500765,34.49035812672176,-1.5973831764385125,-1.5541969961714854,-0.04318618026702703,208.47750000000002,3.8996462390180824,216.27679247803619,200.67820752196386,0.12704950375242882,0.0748214313582881,4.908571428571425,13013248.8,1.6291074347931136,215066066.0,-0.03320293865089208,0.046975229448105234,-0.03334128309070674,-0.062497108756996766,-0.05743918887493604,-0.01678633805550167,22.452229298171268,44.438212767868286,1,0,0.023388927267344428,AMZN,US,E-Commerce
2025-09-01,203.44,207.18,206.48,206.79,13997140,207.92200000000003,207.834,208.18400000000003,212.29240000000001,208.19976554523248,209.8117312313833,49.43741209563993,51.66583789159619,-1.6119656861508247,-1.5657507341673536,-0.04621495198347114,208.18400000000003,3.7875772008826134,215.75915440176524,200.6088455982348,0.407988674126353,0.07277364640634083,4.766428571428569,13360867.65,1.0476220047264666,229063206.0,0.020378959834205013,0.003385076647790667,0.016466771529608376,-0.03751454503141727,-0.027602746167591508,-0.004333381482016452,44.373673033738044,35.84119224911971,0,0,-0.023211954156390435,AMZN,US,E-Commerce
2025-09-02,206.5,207.81,206.84,207.27,23868699,207.744,207.54700000000003,208.2455,211.95480000000003,208.0567246921198,209.62345484387268,46.23629112662016,48.89589905362779,-1.5667301517528927,-1.5659466176844616,-0.0007835340684310133,208.2455,3.760823642993434,215.76714728598685,200.72385271401313,0.43515383244222755,0.07223826959959029,4.480714285714285,13412901.7,1.7795327032380546,252931905.0,0.0023211954156392434,0.00467988613883012,0.0037288135593040264,-0.013657561625582848,0.005969714618520694,-0.004275557263643259,46.92144373423985,37.91578202204974,0,1,-0.003956192406040504,AMZN,US,E-Commerce
2025-09-03,207.7,203.61,197.55,200.25,10032673,205.31800000000004,206.923,208.04850000000002,211.477,206.85569012410136,208.92912485543508,36.57941437444543,34.53265545561206,-2.0734347313337196,-1.6674442404143135,-0.4059904909194061,208.04850000000002,4.074547795382488,216.197595590765,199.89940440923505,0.021511319068385795,0.07833842196147343,4.807142857142856,13034366.5,0.7697092321510806,242899232.0,-0.03386886669561451,0.030262172284493086,-0.035869041887164756,-0.03021938108382982,-0.019295753954650108,-0.05711460589509365,13.691683569285354,34.995600112421094,1,1,0.02611735330836451,AMZN,US,E-Commerce
2025-09-04,200.02,199.25,198.5,198.83,5863423,203.16,205.977,207.663,210.98300000000003,205.62096856654728,208.18104153280768,29.686035613870672,20.245937637242037,-2.5600729662604067,-1.8459699855835325,-0.7141029806768742,207.663,4.560527554895546,216.7840551097911,198.54194489020892,0.015790668201647082,0.08784477841259314,4.580714285714284,12898728.35,0.45457369023717054,237035809.0,-0.007091136079900084,0.0037720665895298894,-0.005949405059464295,-0.04541744682894033,-0.03732933088021684,-0.051474095983207624,6.708595387489079,22.44057423033811,0,1,-0.000150882663581986,AMZN,US,E-Commerce
2025-09-05,198.47,207.99,206.92,207.4,14474852,204.108,206.10500000000002,207.988,210.5964,205.89466571015538,208.12318660445138,42.53955537752855,46.11616515045486,-2.228520894295997,-1.9224801673260254,-0.3060407269699714,207.988,4.275932154453326,216.53986430890666,199.43613569109334,0.4656215312108483,0.08223420878959885,5.005714285714283,12628466.9,1.1462080843551892,251510661.0,0.04310214756324493,0.005159112825433281,0.04499420567317485,0.006209974771977489,0.03235440517670485,0.023388927267344428,64.6325459275176,28.34427496143069,0,0,-0.0403085824493733,AMZN,US,E-Commerce
2025-09-08,205.69,203.3,200.95,201.99,11674606,203.148,205.535,207.75050000000002,210.11900000000003,205.293947908593,207.6688764856018,41.951412206201866,48.76063633000372,-2.374928577008802,-2.012969849262581,-0.36195872774622107,207.75050000000002,4.476127879036506,216.70275575807304,198.798244241927,0.17826544751117435,0.08618276016693034,5.057857142857141,12734974.35,0.9167356574427921,239836055.0,-0.026084860173577584,0.011634239318720672,-0.017988234722067193,-0.027444749386104195,-0.02297571829350875,-0.023211954156390435,29.133858265804886,33.4916665269372,0,0,-0.009604435863161509,AMZN,US,E-Commerce
2025-09-09,202.61,207.79,205.38,206.45,25823182,202.984,205.36399999999998,207.7095,209.8316,205.47180207650177,207.57858933851992,49.961119751166386,49.37865497076022,-2.1067872620181447,-2.031733331813694,-0.07505393020445084,207.7095,4.484508392937843,216.67851678587567,198.7404832141243,0.4297860606965728,0.0863611610045039,5.140714285714283,13299199.8,1.9417093093293245,265659237.0,0.022080301005000136,0.011673528699386405,0.018952667686595048,-0.008214834742505839,-0.003956192406040504,-0.003956192406040504,58.39895012740157,50.721784773574704,0,0,-0.010607895374182608,AMZN,US,E-Commerce
2025-09-10,207.87,205.99,205.08,205.48,11722690,204.03000000000003,204.674,207.469,209.50580000000002,205.4730632955015,207.42313827640695,47.22386880063228,46.786355475762974,-1.9500749809054412,-2.015401661632043,0.06532668072660197,207.469,4.4677816230869105,216.4045632461738,198.53343675382618,0.38870315470933564,0.08613877973220814,5.098571428571426,13030259.55,0.899651235293219,253936547.0,-0.0046984742068297836,0.004428654856898813,-0.011497570596952505,-0.032488934927959345,-0.022873175139093593,0.02611735330836451,52.03412073149375,46.52230970823342,0,0,-0.018347284407241538,AMZN,US,E-Commerce
2025-09-11,205.82,199.9,197.91,198.8,7520890,204.024,203.592,206.79149999999998,209.12720000000002,204.44643817311663,206.78438729296792,43.35994194484761,47.364594692838985,-2.337949119851288,-2.079911153275892,-0.258037966575396,206.79149999999998,4.70949575466122,216.21049150932242,197.37250849067755,0.07577730098991113,0.09109650550701447,5.448571428571427,12915425.45,0.5823183639437628,246415657.0,-0.03250924664200883,0.010010060362122732,-0.034107472548663274,-0.05161721209808223,-0.06380974805745221,-0.000150882663581986,8.202099736994624,39.545056865296665,1,1,0.04461770623742445,AMZN,US,E-Commerce
2025-09-12,201.38,199.43,198.73,199.04,13482467,202.352,203.23,205.935,208.8188,203.6146784541756,206.21072897496904,41.95947202082171,50.39878465628557,-2.5960505207934546,-2.1831390267794046,-0.4129114940140499,205.935,4.465453946395891,214.8659078927918,197.0040921072082,0.1139810149828664,0.08673521152546607,5.024285714285715,12618847.8,1.068438746963986,259898124.0,0.0012072434607643956,0.0035168810289213236,-0.01161982321972581,-0.01786242968518703,-0.07924318823148446,-0.0403085824493733,9.776902886497464,23.3377077849953,1,1,0.05079381028938923,AMZN,US,E-Commerce
2025-09-15,201.87,200.39,199.78,200.05,21967385,201.964,202.55599999999998,205.19500000000002,208.5466,203.0662663843024,205.75437868052597,42.53635192343089,30.420884389983982,-2.6881122962235793,-2.2841336806682397,-0.40397861555533954,205.19500000000002,4.123547910287369,213.44209582057476,196.94790417942528,0.1880720127349311,0.08038300953273277,4.98142857142857,13329786.55,1.6479921317275608,281865509.0,0.005074356913183475,0.003049237690562039,-0.009015703175266149,-0.03259345229459831,-0.06888526879218049,-0.009604435863161509,16.404199473989248,11.461067365827132,1,1,0.014196450887278056,AMZN,US,E-Commerce
2025-09-16,198.67,204.48,204.08,204.26,9415906,201.526,202.255,204.90099999999998,208.50119999999998,203.24991770979432,205.64368396344975,42.525773195876276,56.45987478656799,-2.3937662536554285,-2.3060601952656774,-0.0877060583897511,204.90099999999998,3.958746345952625,212.81849269190522,196.98350730809474,0.45952001312771257,0.07728115228199568,4.967142857142854,13333961.7,0.7061596175006549,291281415.0,0.021044738815296116,0.001958288455879854,0.028137111793284677,-0.014522120905099745,-0.027981345769486965,-0.010607895374182608,47.054698453923116,24.411933604803295,1,1,0.00034270047978068874,AMZN,US,E-Commerce
2025-09-17,203.87,202.44,201.12,201.71,10153419,200.77200000000002,202.401,204.662,208.326,203.0130072929029,205.3522999661567,42.6908150064683,34.86590038314176,-2.3392926732537944,-2.3127066908633007,-0.0265859823904937,204.662,4.001821427407329,212.66564285481468,196.65835714518533,0.31558397508081104,0.07821327705949874,4.869285714285711,12973039.6,0.7826553013331354,281127996.0,-0.01248408890629582,0.006544048386264683,-0.010594987001468591,0.007290886392010032,-0.023148820766138778,-0.018347284407241538,39.846743291202394,34.43521373970494,0,1,-0.005205493034554642,AMZN,US,E-Commerce
2025-09-18,200.27,210.72,205.23,207.67,7122337,202.546,203.285,204.631,208.31439999999998,203.72946770937938,205.52398145014536,54.716625870834115,55.30266343825667,-1.7945137407659786,-2.209068100843836,0.4145543600778576,204.631,3.9745465150145525,212.5800930300291,196.6819069699709,0.6911538830800239,0.07769197267266698,4.713571428571425,12972660.95,0.5490266398254523,288250333.0,0.029547369986614447,0.026436172773985522,0.03695011734140424,0.04446009153548247,-0.0029766191367804895,0.04461770623742445,76.84130599264671,54.58091591259076,0,0,-0.043819521355997426,AMZN,US,E-Commerce
2025-09-19,207.95,210.69,207.93,209.15,13480877,204.568,203.45999999999998,204.7825,208.28560000000002,204.56339575409027,205.79257541680167,52.338485929449085,83.49514563106803,-1.2291796627114024,-2.0130904132173493,0.7839107505059468,204.7825,4.090351773575625,212.96320354715124,196.60179645284876,0.7669391436848949,0.07989651017163373,4.606428571428568,12978505.75,1.0387078621352184,301731210.0,0.007126691385371142,0.013196270619109704,0.0057706179369764205,0.008437801350048124,0.01470017465554041,0.05079381028938923,88.07896734335017,68.25567220906645,0,0,-0.05187664355725552,AMZN,US,E-Commerce
2025-09-22,210.04,206.91,199.67,202.89,7658513,205.13599999999997,203.55,204.54250000000002,208.1466,204.30595025346102,205.5775698303716,46.10597439544805,58.965999068467625,-1.271619576910581,-1.8647962459559955,0.5931766690454146,204.54250000000002,4.051410248298033,212.64532049659607,196.43967950340397,0.39802933428598924,0.07922872260343389,5.210714285714283,13036272.95,0.5874771448785027,294072697.0,-0.029930671766674743,0.035684360983608485,-0.03404113502173855,0.0044556661220851446,-0.023111367904087854,0.014196450887278056,40.54669703564551,68.48899012388081,0,0,-0.013997732761594883,AMZN,US,E-Commerce
2025-09-23,204.62,205.32,203.53,204.33,4537171,205.15,203.338,204.351,207.984,204.309650214467,205.48515725034395,54.026845637583904,59.77168949771689,-1.175507035876933,-1.7269384039401832,0.5514313680632501,204.351,3.9609274565187147,212.27285491303743,196.42914508696256,0.49867455282069734,0.07753184386666735,4.689999999999998,12879530.8,0.35227763481278096,298609868.0,0.007097441963625828,0.008760338667798325,-0.001417261264776536,-0.010268830225236059,-0.01839930822444269,0.00034270047978068874,50.11709601482313,59.580920131272954,0,0,-0.00430675867469299,AMZN,US,E-Commerce
2025-09-24,202.66,201.05,200.35,200.66,4765695,204.93999999999997,202.856,203.76500000000001,207.85119999999998,203.74816556608747,205.1277381947625,51.72935172935171,41.57303370786519,-1.379572628675021,-1.6574652488871506,0.2778926202121297,203.76500000000001,3.5569109898180016,210.87882197963603,196.651178020364,0.2817628829361955,0.06982378700563004,4.849285714285713,12453945.25,0.38266545433340055,293844173.0,-0.017961141291048865,0.0034884879896169073,-0.009868745682375068,-0.023457270780611217,-0.055184103964591724,-0.005205493034554642,21.4676034331407,37.37713216120313,1,0,0.005731087411541935,AMZN,US,E-Commerce
2025-09-25,202.88,199.02,198.22,198.57,5003263,203.11999999999998,202.833,203.2125,207.6638,202.95152470976632,204.64197980996474,40.49106181348264,42.488038277511954,-1.6904551001984203,-1.6640632191494047,-0.026391881049015575,203.2125,3.4563638864859,210.1252277729718,196.2997722270282,0.16420636305714148,0.06803447399089907,4.369285714285714,12188258.5,0.410498562161398,288840910.0,-0.01041562842619359,0.004028805962612593,-0.021244085173396876,-0.0011569416498994345,-0.05271443564545375,-0.043819521355997426,5.152224823953741,25.578974757305875,1,1,0.03983481895553198,AMZN,US,E-Commerce
2025-09-26,199.79,201.0,196.14,198.3,9006914,200.95,202.75900000000001,202.9945,207.3766,202.2359055236484,204.17220352774467,45.53160571566965,19.197896120973255,-1.9362980040962725,-1.7185101761387784,-0.21778782795749407,202.9945,3.626361776885554,210.2472235537711,195.74177644622887,0.17636295762745624,0.07145734050661856,4.2557142857142845,11578605.1,0.7778927724296624,279833996.0,-0.0013597220123884313,0.024508320726048943,-0.007457830722220947,-0.0037178456591638875,-0.021513865587683756,-0.05187664355725552,14.814814813798868,13.811547690297788,1,1,0.03303076147251627,AMZN,US,E-Commerce
2025-09-29,199.14,200.32,199.84,200.05,19352471,200.382,202.75900000000001,202.6575,207.232,201.89961236616404,203.86685511828182,41.705546915500285,20.60723514211898,-1.9672427521177838,-1.7682566913345794,-0.19898606078320435,202.6575,3.5677825562154872,209.79306511243098,195.52193488756902,0.3172884726554657,0.07041994609028308,3.9857142857142844,11846371.65,1.6336199756471446,299186467.0,0.008825012607160954,0.0023994001499504643,0.0045696494927963014,0.0,-0.03259345229459831,-0.013997732761594883,26.81755829720059,15.59486597831775,1,1,0.019795051237190497,AMZN,US,E-Commerce
2025-09-30,199.09,205.12,202.11,203.45,19548531,200.206,202.67800000000003,202.4665,207.0784,202.13813354060034,203.83597696137204,47.524993903925875,52.218700475435824,-1.6978434207717044,-1.7541740372220047,0.05633061645030035,202.4665,3.4064617775809154,209.27942355516183,195.65357644483817,0.5721789985947121,0.06729926733685011,4.25,11630363.25,1.6808184661972216,318734998.0,0.016995751062234277,0.014794789874589317,0.021899643377256948,-0.003965534123176351,-0.018430067062286004,-0.00430675867469299,50.137174207809494,30.589849106269668,1,1,0.0025067584173017465,AMZN,US,E-Commerce
2025-10-01,204.97,204.23,199.87,201.81,6299790,200.436,202.68800000000002,202.5445,206.84580000000003,202.08765145743104,203.6859045938629,54.18404225743674,40.1716068642745,-1.5982531364318504,-1.722989857063974,0.12473672063212349,202.5445,3.37071049046648,209.28592098093296,195.80307901906704,0.44552335460706743,0.06656730724260274,4.020714285714285,11443719.1,0.5505019298750587,312435208.0,-0.008060948636028464,0.02160447946077192,-0.015416890276550617,0.0004957612413860613,0.007790262172284734,0.005731087411541935,38.888888886221686,38.61454046374394,0,1,-0.015113225310936063,AMZN,US,E-Commerce
2025-10-02,199.44,208.16,205.14,206.48,31169217,202.018,202.56900000000002,202.927,206.7204,202.763397387057,203.89287462394725,59.207920792079214,71.05643994211295,-1.1294772368902386,-1.6042873330292269,0.4748100961389883,202.927,3.361051057413552,209.6491021148271,196.2048978851729,0.7642774491180955,0.06625143144868814,4.424285714285712,12709008.8,2.452529149831956,343604425.0,0.023140577771170845,0.014626113909266682,0.03529883674270304,-0.005730245100399656,0.03847507921339832,0.03983481895553198,70.91906721049935,53.31504343484354,0,0,-0.07288841534289026,AMZN,US,E-Commerce
2025-10-03,205.41,206.16,203.8,204.85,15079099,203.328,202.13899999999998,202.7995,206.46779999999998,203.08441317366362,203.96377279995122,55.850804485616756,73.50299401197617,-0.8793596262875951,-1.4593017916809008,0.5799421653933057,202.7995,3.2281793385931494,209.2558586771863,196.3431413228137,0.6587969397198062,0.06367233328636872,4.519285714285711,12739221.15,1.1836750173949984,328525326.0,-0.00789422704378151,0.011520624847393043,-0.0027262548074449932,-0.02055940712407367,-0.012295081967213184,0.03303076147251627,59.73936899453091,56.51577503041734,0,0,-0.050768855259946344,AMZN,US,E-Commerce
2025-10-06,205.94,204.5,203.62,204.01,11438371,204.11999999999998,202.251,202.9005,206.18,203.22681114694612,203.96719703699188,49.667994687915005,70.49533381191672,-0.7403858900457578,-1.3155186113538724,0.5751327213081145,202.9005,3.23311561484612,209.36673122969222,196.43426877030777,0.5857918592765058,0.06373795263846425,4.290714285714283,12727409.4,0.8987194284235542,317086955.0,-0.004100561386380264,0.004313514043408078,-0.009371661648978515,0.005520232638375422,0.010000495074013571,0.019795051237190497,53.97805212249806,61.545496109176135,0,0,-0.04588010391647457,AMZN,US,E-Commerce
2025-10-07,203.04,204.71,203.35,203.96,7874281,204.222,202.214,202.776,205.9794,203.33960943203135,203.96666392314063,53.200568990042676,65.98528209321348,-0.627054491109277,-1.1778257873049534,0.5507712961956763,202.776,3.1357134670410924,209.04742693408218,196.50457306591784,0.5943963799507201,0.06185571205715907,4.163571428571428,11829964.35,0.6656216452907869,309212674.0,-0.00024508602519479616,0.0066679741125384665,0.004531126871530166,-0.0018107962609504868,-0.012061031726810278,0.0025067584173017465,53.635116594400984,55.78417923714335,0,0,-0.025053932143557667,AMZN,US,E-Commerce
2025-10-08,201.72,200.07,197.72,198.76,13301751,203.612,202.024,202.44,205.63,202.63505413479575,203.58098511401886,37.04565280604828,33.28581610833925,-0.9459309792231068,-1.1314468256885841,0.18551584646547736,202.44,3.1902812943150582,208.8205625886301,196.05943741136988,0.2116241750555639,0.06303657961468677,3.9657142857142866,11908917.4,1.1169571033419794,295910923.0,-0.025495195136301274,0.011823304487765,-0.014673805274565408,-0.009468753114721395,-0.03270391278956586,-0.015113225310936063,18.006872850996107,41.87334718929841,1,0,0.023948480579593534,AMZN,US,E-Commerce
2025-10-09,198.52,192.93,190.22,191.43,7911306,200.602,201.31,202.07150000000001,205.185,200.91119965251949,202.68091214260957,27.982107355864798,23.681541582150075,-1.769712490090086,-1.2590999585688847,-0.5106125315212013,202.07150000000001,3.964544541440678,210.00058908288136,194.14241091711867,-0.17104177343672605,0.07847805438017838,4.359999999999999,11928438.2,0.6632306094161926,287999617.0,-0.0368786476152142,0.014156610771487495,-0.03571428571410583,-0.03595709321649787,-0.037072434607645866,-0.07288841534289026,6.744704570415614,26.128898005270926,1,1,0.033798255236901165,AMZN,US,E-Commerce
2025-10-10,190.79,197.57,191.96,194.45,28545915,198.522,200.925,201.84199999999998,204.77380000000002,199.91716893674726,202.0712149468604,38.59459459459458,16.712783619258374,-2.1540460101131487,-1.4380891688777377,-0.7159568412354109,201.84199999999998,4.270329212011857,210.3826584240237,193.30134157597627,0.06724647954105357,0.0846271680223284,4.121428571428568,12681610.6,2.2509690329894663,316545532.0,0.01577600167162929,0.02885060426830103,0.019183395356050178,-0.019415027735753987,-0.023060691318327997,-0.050768855259946344,23.578595316411395,16.110057579274397,1,1,0.03250192851632816,AMZN,US,E-Commerce
2025-10-13,195.35,195.45,194.01,194.65,3807882,196.65,200.385,201.572,204.4136,199.10683525417076,201.5214953211668,36.465324384787436,19.350961538461547,-2.414660066996049,-1.6334033485014003,-0.7812567184946488,201.572,4.551079224236553,210.67415844847312,192.46984155152688,0.11976051947980985,0.09031173425305065,4.050714285714283,11773635.45,0.32342445905912104,320353414.0,0.0010285420416560331,0.007397893655240688,-0.0035833120040768126,-0.026993251687078224,-0.026993251687078224,-0.04588010391647457,24.693422518133072,18.33890746832005,1,1,0.03411250963267398,AMZN,US,E-Commerce
2025-10-14,194.03,202.81,195.68,198.85,15096992,195.628,199.925,201.30149999999998,204.26980000000003,199.06732213814448,201.32360677885808,47.506200055111584,37.099999999999994,-2.256284640713602,-1.7579796069438407,-0.49830503376976143,201.30149999999998,4.543674926985829,210.38884985397164,192.21415014602832,0.3651146902144601,0.09028596263740228,4.349285714285709,12057689.75,1.252063294126199,335450406.0,0.021577189827896248,0.035856172994539304,0.024841519352549357,-0.022609977881543397,-0.0264858513659062,-0.025053932143557667,48.10479375428623,32.12560386294359,0,1,-0.02162433995473967,AMZN,US,E-Commerce
2025-10-15,199.48,204.61,202.64,203.52,7740058,196.57999999999998,200.096,201.392,204.25639999999999,199.75234950150687,201.48630257301681,56.36737844095707,49.10641754671,-1.7339530715099443,-1.7531742998570614,0.019221228347117147,201.392,4.570187834446161,210.5323756688923,192.25162433110768,0.6164065940213971,0.09077198368204231,4.586428571428568,11937021.7,0.6484077474360505,343190464.0,0.023485038974101258,0.009679638364732446,0.020252656907859275,0.008473316485803517,0.008973278469089241,0.023948480579593534,74.13600891448525,48.97807506230154,0,0,-0.032773191823899483,AMZN,US,E-Commerce
2025-10-16,203.39,199.15,196.9,197.9,8196215,197.874,199.238,200.9035,204.08360000000002,199.4673726551212,201.22065053057105,49.54771596562641,48.28274760383389,-1.7532778754498395,-1.753195014975617,-8.286047422245701e-05,200.9035,4.382103886684867,209.66770777336973,192.1392922266303,0.32864965790434203,0.08724793518605793,4.712142857142853,11990715.6,0.6835467198015505,334994249.0,-0.027613993710691842,0.011369378473919306,-0.02699247750613594,-0.04155366137156136,-0.04704579380748297,0.033798255236901165,42.809364546108775,55.01672240496011,1,0,0.020262758969176398,AMZN,US,E-Commerce
2025-10-17,197.76,204.63,197.69,200.77,9384032,199.138,198.82999999999998,200.4845,204.081,199.66777686202565,201.187269009788,50.79400088222321,72.69193391642371,-1.5194921477623495,-1.7064544415329634,0.1869622937706139,200.4845,3.9293477093618243,208.34319541872364,192.62580458127636,0.5181645924845003,0.07839703736383055,5.063571428571426,11785873.35,0.7962100834716603,344378281.0,0.014502273875694804,0.034566917367960505,0.015220469255586566,-0.01991701244813271,-0.040066937604590014,0.03250192851632816,58.807134890813494,58.5841694504692,1,0,0.03486576679782827,AMZN,US,E-Commerce
2025-10-20,201.54,203.35,199.64,201.29,7696974,200.466,198.558,200.4045,203.972,199.91734965248324,201.19487871276667,47.456429580781915,68.91592920353982,-1.2775290602834275,-1.6206693652830564,0.3431403049996289,200.4045,3.893923031977102,208.1923460639542,192.61665393604582,0.5568514061636142,0.07772126937184874,4.96642857142857,11787796.4,0.6529611715247159,352075255.0,0.0025900283906956645,0.018431119280548348,-0.001240448546188149,-0.013332679770599487,-0.007886046626250698,0.03411250963267398,61.70568561528951,54.44072835073729,1,1,0.05429976650603607,AMZN,US,E-Commerce
2025-10-21,200.44,195.54,193.76,194.55,10522580,199.606,197.61700000000002,199.9155,203.71759999999998,199.0916035521012,200.70266547478383,42.367535744322964,49.796913078797736,-1.6110619226826373,-1.6187478767629726,0.007685954080335344,199.9155,3.9879640960762504,207.89142819215252,191.9395718078475,0.16364416335626364,0.07979299446128602,5.192857142857142,12087066.85,0.8705651470302618,341552675.0,-0.033484028019275525,0.009149318941099212,-0.0293853522249581,-0.04613649735242198,-0.047863749816473344,-0.02162433995473967,24.136008917272314,48.21627647445846,1,1,0.10850681058853762,AMZN,US,E-Commerce
2025-10-22,194.54,197.24,196.53,196.85,11935980,198.272,197.426,199.725,203.4488,198.74674146716254,200.417282847022,39.34498782916574,45.598591549295776,-1.6705413798594577,-1.62910657738227,-0.04143480247718778,199.725,4.041172966773721,207.80734593354742,191.64265406645256,0.3221432227746608,0.08093474460890687,4.931428571428571,12445581.1,0.9590535745210342,353488655.0,0.011822153687997883,0.003606807213596145,0.011874164696145412,-0.009609579392231837,-0.01898734177215189,-0.032773191823899483,41.59347553064028,42.4783900210674,1,1,0.06964693929387855,AMZN,US,E-Commerce
2025-10-23,195.09,202.97,201.05,201.91,18644015,199.074,198.474,199.892,203.24,199.2333966260606,200.52785448798335,46.9765528589058,46.51665945478145,-1.2944578619227514,-1.5621768342903664,0.267718972367615,199.892,4.059899661712369,208.01179932342473,191.77220067657527,0.6242641547528168,0.08124186384031486,5.177142857142859,13127618.7,1.4202129118655076,372132670.0,0.02570485140970291,0.009509187261604074,0.03495822440906779,0.054745860105521515,0.016820264893992132,0.020262758969176398,80.67632849684767,48.80193764825345,1,1,0.06299836560843941,AMZN,US,E-Commerce
2025-10-24,202.54,209.26,206.58,207.77,5727447,200.474,199.806,200.3655,203.072,200.54672022205128,201.0643097110958,53.504847129008226,71.134903640257,-0.517589489044525,-1.3532593652411982,0.8356698761966732,200.3655,4.4022559707033535,209.1700119414067,191.5609880585933,0.9204946309548929,0.08788451047074232,5.614285714285716,12963645.35,0.44180833427317306,377860117.0,0.029022831954831352,0.01289887856758473,0.0258220598399042,0.06850089997428666,0.04775592536560769,0.03486576679782827,92.17436974305816,71.48139125684874,1,1,0.03677142994657556,AMZN,US,E-Commerce
2025-10-27,207.83,212.22,212.21,212.22,4622790,202.66,201.56300000000002,200.974,203.0194,202.34260941865878,201.89065713990365,57.1157822191592,72.96430004011233,0.45195227875512956,-0.9922170364419326,1.4441693151970623,200.974,5.136256470069447,211.24651294013887,190.7014870598611,1.0473831020942275,0.10222728253493256,5.835,12227161.3,0.37807545909487106,382482907.0,0.021417914039562946,4.712091226059648e-05,0.02112303324822626,0.09026457744669925,0.060834791302174285,0.05429976650603607,99.99999999545454,90.95023274512016,0,1,-0.011403260767128387,AMZN,US,E-Commerce
2025-10-28,214.18,218.68,213.24,215.66,13700961,206.882,203.244,201.5845,203.1298,204.39143873886516,202.91060846287394,65.01421464108033,75.79892280071817,1.4808302759912237,-0.49760757395530125,1.978437849946525,201.5845,6.084212940494251,213.7529258809885,189.41607411901148,1.0783615784237417,0.12072779287026676,5.850714285714285,11934782.8,1.1479856886892243,396183868.0,0.016209593817736234,0.02522489103206331,0.006910075637282098,0.08453608247422673,0.06001474563774889,0.10850681058853762,89.38861559770241,93.85432844540507,1,0,0.04335528146155987,AMZN,US,E-Commerce
2025-10-29,215.54,211.68,209.67,210.56,14215671,209.62399999999997,203.948,202.022,203.21120000000002,205.3404481636551,203.4772300582167,67.69657724329326,80.54177794734835,1.8632181054384205,-0.025442438076556783,1.8886605435149773,202.022,6.407298141471085,214.83659628294217,189.20740371705782,0.8331357387564373,0.12686337411646995,5.66857142857143,12330576.85,1.1528795465169541,381968197.0,-0.02364833534266897,0.009545972644331656,-0.023104760137222256,0.03459119496855334,0.043357613596947564,0.06964693929387855,69.61077844050857,86.33313134455521,1,0,0.07209346504559266,AMZN,US,E-Commerce
2025-10-30,211.15,215.47,213.95,214.63,26556516,212.16800000000003,205.621,202.42950000000002,203.338,206.76960998463124,204.3033611650156,68.3121597096189,81.77269478198714,2.4662488196156573,0.4728958134618862,1.9933530061537712,202.42950000000002,6.942556388718852,216.31461277743773,188.5443872225623,0.9393374470420419,0.13718467691091585,5.580714285714287,12099941.8,2.194763763676635,408524713.0,0.0193294072948329,0.007081954992279403,0.016481174520404967,0.08453764527539165,0.03947113521890744,0.06299836560843941,83.74799357609355,80.91579587143487,1,1,0.0665331034804082,AMZN,US,E-Commerce
2025-10-31,213.9,217.08,214.08,215.41,8203399,213.696,207.08499999999998,202.95749999999998,203.52380000000002,208.09890075622644,205.1260751527923,68.64224137931035,78.48101265822785,2.9728256034341314,0.9728817714563356,1.9999438319777958,202.95749999999998,7.514342689327275,217.98618537865454,187.92881462134542,0.9142910602404445,0.14809687130143515,5.692142857142859,11756156.8,0.6977959244473564,416728112.0,0.00363416111447612,0.013926930040323445,0.007059373539003887,0.07291926084574385,0.05154991457163782,0.03677142994657556,86.8780096273323,80.07892721464484,1,1,0.06420314748618927,AMZN,US,E-Commerce
2025-11-03,216.03,212.54,207.6,209.8,17073089,213.212,207.936,203.247,203.56599999999997,208.3606083321916,205.47229180814108,59.59012086179718,54.32835820895523,2.8883165240505093,1.3559687219751706,1.5323478020753387,203.247,7.667008680396671,218.58101736079337,187.91298263920666,0.713675250428544,0.1508904668774241,5.667142857142859,12037892.7,1.4182787641661931,399655023.0,-0.026043359175525693,0.023546234508944,-0.0288385872331211,0.04227731134184509,0.02838096171756299,-0.011403260767128387,64.36597110496128,78.33065810279574,1,1,0.10500476644423262,AMZN,US,E-Commerce
2025-11-04,207.66,226.63,223.71,225.01,9784381,215.08199999999997,210.98199999999997,204.2995,203.903,210.92205320416213,206.91952945198267,65.88791956232441,68.69336451330022,4.0025237521794566,1.885279728016028,2.1172440241634285,204.2995,9.083942150851403,222.4673843017028,186.1316156982972,1.0699755583810306,0.17785539662714664,6.457857142857143,12133397.7,0.8064006830996167,409439404.0,0.07249761677788369,0.01297720101323057,0.08355003370854495,0.15656643536365955,0.10320651108060397,0.04335528146155987,95.07149376041765,82.1051581642371,1,1,0.015421536820585668,AMZN,US,E-Commerce
2025-11-05,226.63,230.52,221.92,225.74,11685220,218.118,213.871,205.6485,204.17019999999997,213.20173732659873,208.31363838146558,72.1868026777176,66.00000000000003,4.888098945133152,2.485843571439453,2.4022553736936985,205.6485,10.15784647452475,225.9641929490495,185.33280705095052,0.9944822716457116,0.19757686488304757,6.599285714285715,12052571.15,0.9695208503688567,421124624.0,0.00324430025332223,0.03809692566652754,-0.003927105855341567,0.14676149352298706,0.13574159790702356,0.07209346504559266,86.99673557978791,82.14473348172231,1,1,0.010454505182953877,AMZN,US,E-Commerce
2025-11-06,225.44,231.21,227.07,228.91,16038422,220.974,216.571,207.52249999999998,204.556,215.61839312250663,209.83929479765348,72.31916243654825,81.02806898884006,5.779098324853152,3.1444945221221934,2.6346038027309584,207.52249999999998,10.831603795813832,229.18570759162765,185.8592924083723,0.9936365011632018,0.20877936215613518,6.4942857142857155,12458926.95,1.2873035356143945,437163046.0,0.014042703995747363,0.018085710541181816,0.015392122072323487,0.13372294586697042,0.19578958365982335,0.0665331034804082,93.85847796812125,91.97556910277564,0,0,-0.009610764055742349,AMZN,US,E-Commerce
2025-11-07,228.95,230.25,228.43,229.24,11739416,223.74,218.718,209.262,205.0876,217.7140249498133,211.27638407190153,72.23548130469375,78.281068524971,6.437640877911775,3.8031237932801103,2.634517084631665,209.262,11.400349763794843,232.0626995275897,186.4613004724103,0.9381005936876582,0.21791533606178612,6.359285714285714,11618602.0,1.0103982380670034,448902462.0,0.0014416146083613413,0.007939277612947365,0.001266652107441598,0.10333541897290277,0.17891488814605316,0.06420314748618927,94.73965286796424,91.86495547195783,0,0,-0.01662013610190194,AMZN,US,E-Commerce
2025-11-10,228.68,232.91,230.96,231.83,16094484,228.14600000000002,220.679,211.121,205.5884,219.88571341907277,212.7988741406497,81.75468483816016,79.7033285094067,7.086839278423071,4.459866890308703,2.6269723881143676,211.121,11.912129996463552,234.9452599929271,187.2967400070729,0.9346200050959282,0.22569294378876806,6.083571428571427,12232932.1,1.3156684393213922,464996946.0,0.011298202756935938,0.008411335892643649,0.013774707014108059,0.09240410894354922,0.1910095042383766,0.10500476644423262,97.0313358961784,95.20982224408799,0,0,-0.041193978346201976,AMZN,US,E-Commerce
2025-11-11,229.87,229.76,227.46,228.48,18568525,228.84,221.961,212.60250000000002,206.0126,221.20791135460004,213.9604390191202,76.46861924686192,86.80063041765162,7.247472335479841,5.0173879793429315,2.23008435613691,212.60250000000002,12.145908072052581,236.89431614410518,188.31068385589487,0.8268075944792239,0.2285186311919276,6.203571428571428,12406508.75,1.496675968839665,446428421.0,-0.014450243713065691,0.010066526610600125,-0.006046896071666454,0.05944542335157199,0.1490067890369624,0.015421536820585668,86.09541744864732,92.62213540426335,1,0,0.028842787114846002,AMZN,US,E-Commerce
2025-11-12,228.2,229.0,227.38,228.1,11752102,229.31199999999998,223.715,213.8315,206.56959999999998,222.26823268466154,215.00781390659287,73.77882694752134,64.64454976303313,7.260418778068669,5.465994139088079,1.7944246389805896,213.8315,12.419022876641364,238.66954575328273,188.99345424671728,0.7872307294410825,0.2323141890055167,5.882142857142857,12607110.95,0.9321803476172036,434676319.0,-0.0016631652661064367,0.0071021481805914185,-0.0004382120946518673,0.08330167173252279,0.12077437106918221,0.010454505182953877,81.73186478990762,88.28620604491114,1,0,0.018544498027181167,AMZN,US,E-Commerce
2025-11-13,230.73,228.35,225.4,226.71,9318486,228.872,224.923,215.27200000000002,207.1272,222.95158150240593,215.87464250610455,68.71541501976286,54.3264942016057,7.076938996301379,5.78818311053074,1.2887558857706392,215.27200000000002,12.141604680211822,239.55520936042367,190.98879063957637,0.7355125269789489,0.2256049031951285,5.567857142857142,12663224.5,0.7358698619084055,425357833.0,-0.0060938185006575996,0.01301221825233548,-0.017422961903448008,0.05628290546521919,0.14557857503789795,-0.009610764055742349,75.50375345414845,81.11034523090116,1,1,0.02959728287239205,AMZN,US,E-Commerce
2025-11-14,227.58,226.1,224.89,225.43,6580681,228.10999999999999,225.925,216.50499999999997,207.4878,223.33287665588196,216.58244676491165,63.92578536791062,31.330472103004382,6.7504298909703095,5.980632466618655,0.7697974243516548,216.50499999999997,11.839772179530028,240.18454435906003,192.8254556409399,0.6884537950557479,0.21874362586499796,5.380000000000002,12523056.95,0.5254851511726815,418777152.0,-0.005645979445106142,0.00536751985092774,-0.009447227348583173,0.04651594633489631,0.12282711560492099,-0.01662013610190194,70.44646384549802,75.89402736318472,1,1,0.07425808454952754,AMZN,US,E-Commerce
2025-11-17,226.38,222.71,221.94,222.28,4607644,226.2,227.173,217.55449999999996,207.8936,223.1708956319001,217.0044877452886,57.02163767501061,21.33443163097199,6.166407886611495,6.017787550617223,0.1486203359942717,217.55449999999996,11.339844273970876,240.2341885479417,194.87481145205822,0.6041791202160207,0.20849661623030086,5.1678571428571445,12368590.45,0.3725277869049511,414169508.0,-0.013973295479749792,0.0034640993341575766,-0.018111140560040123,0.059485224022878924,0.10427741070097873,-0.041193978346201976,58.00079019920979,67.98366916628545,1,1,0.07243116789634696,AMZN,US,E-Commerce
2025-11-18,220.97,238.25,232.52,235.07,10631269,227.51799999999997,228.179,219.58050000000003,208.466,225.00152707314624,218.34267383823027,72.35090279044319,57.25156669650846,6.658853234915966,6.146000687476972,0.5128525474389942,219.58050000000003,10.609681514641267,240.79986302928256,198.3611369707175,0.8649850369626932,0.19327183451340985,5.880714285714286,12374024.9,0.8591600733597947,424800777.0,0.05754003958970655,0.02437571787116865,0.06380956690924644,0.04470912403893168,0.20827550758159852,0.028842787114846002,89.62479608190456,72.69068337553749,1,1,0.060024673501510195,AMZN,US,E-Commerce
2025-11-19,234.09,233.85,231.12,232.33,5768945,228.36400000000003,228.83800000000002,221.3545,209.003,226.12898444650835,219.37877207243548,66.54205607476638,58.858720662678394,6.7502123740728734,6.266843024796153,0.48336934927672015,221.3545,9.519160995205771,240.39282199041153,202.31617800958847,0.7882475673207826,0.17201657965232714,5.812142857142858,12065673.15,0.4781286920466023,419031832.0,-0.011656102437571758,0.01175052726719855,-0.007518475799873863,0.02919287676087534,0.18023876047752108,0.018544498027181167,80.68515497289775,76.10358041800406,1,1,0.052339344897344375,AMZN,US,E-Commerce
2025-11-20,230.96,234.27,232.74,233.42,10242029,229.706,229.289,222.93,209.6954,227.25067914704553,220.41886303003292,66.73480765656942,61.85383244206775,6.8318161170126075,6.379837643239445,0.45197847377316247,222.93,8.70425727657779,240.3385145531556,205.52148544684442,0.8012893480132458,0.15617920022498089,5.736428571428571,11645573.85,0.8794781822212925,429273861.0,0.004691602462015165,0.006554708251192899,0.010651195012077105,0.01970206631427196,0.15605963052845317,0.02959728287239205,84.24143556005733,84.85046220495325,1,1,0.054751092451375216,AMZN,US,E-Commerce
2025-11-21,231.48,243.8,240.87,242.17,11409636,233.054,230.58200000000002,224.65,210.558,229.5459592782693,222.03005836114167,78.41966637401228,75.93959731543625,7.515900917127624,6.607050298017082,0.9088506191105417,224.65,8.946336503961863,242.54267300792372,206.7573269920763,0.989585876611385,0.15929377260488825,5.920000000000002,11929683.3,0.9564072034999282,440683497.0,0.03748607660011993,0.012098938761976744,0.04618109555881207,0.05640376897574595,0.1655676950474081,0.07425808454952754,92.55027421880473,85.82562158391995,1,1,0.015361109964074915,AMZN,US,E-Commerce
2025-11-24,242.02,241.66,235.75,238.38,4788383,236.27399999999997,231.23700000000002,225.95800000000003,211.3246,230.90504246622783,223.2411651492053,64.68262683944653,70.04023522129373,7.663877317022525,6.8184157018181715,0.8454616152043535,225.95800000000003,8.945720882370432,243.8494417647409,208.06655823525915,0.8471492169969549,0.1583607729282583,5.176428571428573,11937962.95,0.4011055000714758,435895114.0,-0.015650163108560045,0.024792348351267743,-0.015040079332224504,0.02825346158823261,0.12326830647441334,0.07243116789634696,75.22851919217416,84.00674299034544,1,1,0.013969292725899862,AMZN,US,E-Commerce
2025-11-25,237.39,251.64,247.21,249.18,16313543,239.096,233.30700000000002,227.63399999999996,212.22299999999998,233.7165743945005,225.1625603233383,71.07913669064749,83.65865865865871,8.554014071162186,7.165535375686974,1.3884786954752117,227.63399999999996,9.993485983643467,247.6209719672869,207.64702803271302,1.0390011061762083,0.17560620968044435,5.509285714285714,12068592.05,1.3517352795320245,452208657.0,0.045305814246161535,0.017778312866129707,0.04966510804983511,0.09059873949579833,0.15542984327181686,0.060024673501510195,91.71717171408366,86.49865504168754,0,0,-0.033148727827273516,AMZN,US,E-Commerce
2025-11-26,248.41,247.06,242.42,244.49,6642703,241.52799999999996,234.946,229.33050000000003,213.0786,235.37402448765428,226.59422252160957,63.637955182072844,64.78342749529195,8.779801966044715,7.488388693758523,1.2914132722861922,229.33050000000003,9.820940288888329,248.97238057777668,209.68861942222338,0.8858973670847473,0.17129758647620788,5.601428571428572,11689943.65,0.5682407572391713,445565954.0,-0.018821735291756903,0.018978281320221835,-0.015780363109312055,0.07185444980271827,0.16114171732522808,0.052339344897344375,75.92592592336956,80.95720560987581,0,0,-0.03047159393022214,AMZN,US,E-Commerce
2025-11-27,244.98,248.67,244.22,246.2,5708607,244.084,236.89499999999998,230.90900000000002,213.84920000000002,237.03955918186134,228.0465023348237,64.4957264957265,72.49432371067141,8.993056847037622,7.789322324414343,1.2037345226232787,230.90900000000002,9.870766460935588,250.6505329218712,211.16746707812885,0.8872799559088991,0.1709897225468533,5.7892857142857155,10647548.2,0.5361428149118109,451274561.0,0.006994151090023992,0.018074735986928978,0.004979998367193318,0.08596885889462302,0.1470903415179612,0.054751092451375216,81.68350168075139,83.10886643940158,0,0,-0.04386677497969127,AMZN,US,E-Commerce
2025-11-28,246.51,246.84,245.13,245.89,5557975,244.82799999999997,238.94099999999997,232.433,214.58399999999997,238.40116546157498,229.36824290261458,62.50444681607967,70.74875207986689,9.032922558960394,8.038042371323552,0.9948801876368414,232.433,9.703413452573995,251.839826905148,213.026173094852,0.8467078895721893,0.1669885679319589,5.649285714285717,10515277.0,0.5285618696909392,445716586.0,-0.0012591389114541274,0.006954329171552539,-0.0025151109488357045,0.09075988111608924,0.14149760921034304,0.015361109964074915,80.6397306370155,79.41638608037884,0,0,-0.049900361950465544,AMZN,US,E-Commerce
2025-12-01,245.68,244.66,239.35,241.71,14453485,245.494,240.88400000000001,234.02849999999998,215.3604,238.91021692902498,230.28244713205058,61.595092024539916,49.097331240188424,8.627769796974405,8.155987856453724,0.4717819405206818,234.02849999999998,8.309367114414929,250.64723422882983,217.40976577117013,0.7311096589397046,0.14202316580039476,5.804285714285716,10384296.8,1.3918596402348937,431263101.0,-0.016999471308308478,0.02196847461825342,-0.016159231520611526,0.0874122728090696,0.1520972354623451,0.013969292725899862,66.56565656341536,76.29629629372744,0,0,-0.03975838815109023,AMZN,US,E-Commerce
2025-12-02,240.39,242.21,239.88,240.92,14739057,243.842,241.469,234.82399999999998,216.09220000000002,239.2194143245596,231.07041401115796,61.15558649495302,55.649466192170806,8.149000313401643,8.154590347843307,-0.005590034441663505,234.82399999999998,8.160782599211544,251.14556519842307,218.5024348015769,0.6867467955800657,0.1390110482604298,5.855000000000002,10632030.6,1.386287922620546,416524044.0,-0.0032683794629929652,0.009671260169310731,0.002204750613577089,0.024886204109414223,0.07070796853473182,-0.033148727827273516,63.905723903572195,70.37037036800105,0,0,-0.06500083015108749,AMZN,US,E-Commerce
2025-12-03,242.59,237.8,236.44,237.04,5135657,242.352,241.94,235.38899999999998,216.8198,238.8841198130889,231.51260556588701,58.61551292743953,10.989717223650274,7.371514247201873,7.99797512771502,-0.6264608805131475,235.38899999999998,7.885283361061002,251.15956672212198,219.61843327787798,0.5523443459115437,0.13399578333783654,5.964285714285716,10304552.45,0.4983871474799328,411388387.0,-0.016104931097459696,0.0057374282821223265,-0.02287810709418003,0.020272887702836417,0.05005758837600771,-0.03047159393022214,50.841750840039005,60.43771043567554,0,0,-0.053661829227134694,AMZN,US,E-Commerce
2025-12-04,236.0,238.08,233.26,235.4,11396054,240.192,242.138,235.7135,217.5564,238.348101380306,231.80056070915467,58.26562759078097,13.669064748201308,6.547540671151324,7.707888236402281,-1.160347565250957,235.7135,7.73676409645696,251.18702819291394,220.23997180708608,0.48986979580282664,0.1312909798789487,6.178571428571431,10072434.05,1.1314100258209159,399992333.0,-0.006918663516706003,0.020475785896259754,-0.0025423728813451355,0.008482563619227168,0.02835175396444023,-0.04386677497969127,45.319865318339446,53.35578002065025,0,0,-0.05254885301614276,AMZN,US,E-Commerce
2025-12-05,237.95,234.16,233.2,233.62,9577395,237.738,241.283,235.93250000000003,218.2628,237.6207011679512,231.935333989958,59.61995249406177,0.0,5.685367177993214,7.3033840247204695,-1.6180168467272553,235.93250000000003,7.604742893333026,251.14198578666608,220.72301421333398,0.42397836347461054,0.12893082374494047,6.086428571428574,9964333.0,0.9611676003634563,390414938.0,-0.007561597281223409,0.004109237222822955,-0.018197100231064457,-0.03530577693355896,0.019106613156517183,-0.049900361950465544,12.18323586685268,36.114950675077075,0,0,-0.02816539679821939,AMZN,US,E-Commerce
2025-12-08,232.99,233.91,230.66,232.1,10550580,235.81599999999997,240.65499999999997,235.946,218.90380000000002,236.77136252672793,231.94753147218333,46.884833228445565,0.0,4.823831054544598,6.807473430685295,-1.983642376140697,235.946,7.597312821338749,251.1406256426775,220.7513743573225,0.3734420942372184,0.1287974845313173,5.177857142857145,9687137.8,1.089132737522043,379864358.0,-0.0065062922694975045,0.014002585092572156,-0.00381990643373619,-0.02634449198758282,0.0011646465082171265,-0.03975838815109023,6.863679694620408,21.45559362660421,0,0,-0.023352003446790115,AMZN,US,E-Commerce
2025-12-09,230.03,226.65,224.15,225.26,12843767,232.68399999999997,238.263,235.785,219.34,235.0003836764621,231.45215877054008,43.17172107398104,0.0,3.5482249059220123,6.155623725732639,-2.6073988198106264,235.785,7.795393714105127,251.37578742821026,220.19421257178973,0.1624609228807028,0.132245795348679,5.463571428571432,9400899.9,1.3662272516881866,367020591.0,-0.029470056010340362,0.011098286424526777,-0.020736425683516385,-0.09599486315113581,-0.01409313725490191,-0.06500083015108749,4.0378319387399335,7.694915833404369,1,1,0.0027523750332949515,AMZN,US,E-Commerce
2025-12-10,223.4,228.54,220.94,224.32,14937949,230.14000000000001,236.246,235.59599999999995,219.7902,233.35724772623712,230.92385071346303,41.18558698179,0.0,2.433397012774094,5.41117838314093,-2.977781370366836,235.59599999999995,8.033704264568202,251.66340852913635,219.52859147086355,0.1491033392316712,0.13639797389657046,5.8678571428571455,9560192.25,1.5625153811613588,352082642.0,-0.004172955695640579,0.033880171183871766,0.004118173679480167,-0.08249826168759467,-0.016571679088119295,-0.053661829227134694,11.00977198661205,7.303761206657492,1,1,0.017608773181169823,AMZN,US,E-Commerce
2025-12-11,222.85,224.86,221.57,223.03,22615627,227.666,233.929,235.41199999999998,220.1212,231.7684403837391,230.3391210309843,28.32880434782608,0.0,1.4293193527547885,4.614806577063702,-3.185487224308914,235.41199999999998,8.286113684955996,251.98422736991196,218.839772630088,0.126423180066707,0.14079339515268202,5.361428571428574,10225049.3,2.211786381138878,329467015.0,-0.005750713266761687,0.01475137873822028,0.0008077181960924348,-0.09411047928513394,-0.016232190904679977,-0.05254885301614276,6.807817589354808,7.285140504902292,1,1,0.0007622292965070443,AMZN,US,E-Commerce
2025-12-12,222.78,228.31,226.02,227.04,10631792,226.35,232.044,235.4925,220.565,231.04098801700997,230.09474169535585,37.22397476340693,24.48107448107443,0.9462463216541153,3.881094525981785,-2.9348482043276696,235.4925,8.19131239083369,251.87512478166738,219.10987521833263,0.2420285176249464,0.13913500244464522,5.280000000000003,10427604.85,1.0195813068634543,340098807.0,0.017979643994081362,0.010086328400237429,0.01912200377045008,-0.07666029525397533,0.007141906578538748,-0.02816539679821939,19.869706839743646,12.562432138570196,0,1,-0.02638301620859751,AMZN,US,E-Commerce
2025-12-15,226.68,228.5,225.21,226.68,11925706,225.266,230.541,235.7125,221.0184,230.37006678362383,229.84179786607024,16.853270477312847,26.804812834224578,0.5282689175535893,3.2105294042961456,-2.6822604867425563,235.7125,7.870586064583437,251.45367212916688,219.97132787083314,0.213093157037628,0.13356247232624566,4.567857142857146,10793507.95,1.1048961051725446,328173101.0,-0.001585623678646897,0.014513852126281446,0.0,-0.062181953580737304,0.019794853338132024,-0.023352003446790115,20.699603316960026,15.792375915352855,0,0,-0.006837833068643051,AMZN,US,E-Commerce
2025-12-16,226.03,226.61,225.29,225.88,9026906,225.39000000000001,229.03699999999998,235.253,221.45680000000002,229.67928727845091,229.54833135747245,19.034941763727062,28.16011235955054,0.1309559209784652,2.59461470763261,-2.4636587866541446,235.253,8.172543313469886,251.59808662693976,218.9079133730602,0.21327775085741052,0.13895751915486984,4.184285714285717,10713289.8,0.8425894684012497,319146195.0,-0.0035292041644610084,0.005843810873004152,-0.0006636287218481708,-0.06242736177984387,-0.03909473773769512,0.0027523750332949515,17.81464118219204,19.461317112965265,0,0,-0.007968833008677123,AMZN,US,E-Commerce
2025-12-17,225.4,233.64,223.97,228.27,25908438,226.18,228.16,235.05,222.047,229.4624738509969,229.4536401458078,20.82655385616664,65.37282941777335,0.008833705189090324,2.077458507143906,-2.0686248019548157,235.05,8.298424073598444,251.6468481471969,218.45315185280313,0.29574435036808927,0.14121972471496508,4.55714285714286,11720264.45,2.210567508946651,345054633.0,0.010580839383743657,0.04236211503902232,0.012732919254601915,-0.0369979750253121,-0.01747514311539622,0.017608773181169823,28.301158300065634,22.271800933072598,0,0,-0.021509615805843985,AMZN,US,E-Commerce
2025-12-18,225.4,224.52,222.15,223.2,10073516,226.21400000000003,226.93999999999997,234.539,222.68239999999997,228.49901633545892,228.99040754241463,18.033248802479577,45.97701149425286,-0.49139120695571137,1.5636885643239824,-2.0550797712796935,234.539,8.708604879507595,251.95620975901517,217.1217902409848,0.17448861909969823,0.14852293016462864,4.87214285714286,11711838.8,0.8601138823637255,334981117.0,-0.02221054014982271,0.01061827956984492,-0.009760425909451005,-0.05182667799490237,-0.043783737468940154,0.0007622292965070443,9.52782462017164,18.5478747008098,1,1,0.00815412186379949,AMZN,US,E-Commerce
2025-12-19,221.89,222.13,220.19,221.05,11905960,225.016,225.683,233.483,223.21439999999998,227.3530138223114,228.40222920593948,19.127316198445925,43.30175913396486,-1.0492153836280806,1.0411077747335697,-2.0903231583616506,233.483,9.00986132260906,251.5027226452181,215.4632773547819,0.15501688774731637,0.15435575733685905,4.620000000000003,11736655.0,1.014425233218048,323075157.0,-0.009632616487455059,0.00877629495585262,-0.003785659561026587,-0.05380532488656786,-0.08721146302184402,-0.02638301620859751,3.905540417624695,13.91150777928735,1,1,0.019090703460755476,AMZN,US,E-Commerce
2025-12-22,220.75,225.5,224.84,225.13,4934893,224.706,224.98600000000002,232.82049999999998,223.82399999999998,227.01101169580195,228.15984185735138,28.517006802721085,43.56902356902358,-1.1488301615494265,0.6031201874769704,-1.751950349026397,232.82049999999998,9.117329638488304,251.05515927697658,214.58584072302338,0.2891241102048101,0.156641354836866,4.771428571428572,11743980.5,0.42020612856040346,328010050.0,0.01845736258764985,0.0029316394971663703,0.01984144960353411,-0.030030159414045632,-0.05558352210755935,-0.006837833068643051,27.613191725678377,13.682185587824932,0,0,-0.014258428463554407,AMZN,US,E-Commerce
2025-12-23,227.28,226.75,221.95,224.08,23796811,224.346,224.86800000000002,231.56550000000001,224.32859999999997,226.56008681952474,227.8576313493994,30.896226415094347,41.634491634491646,-1.2975445298746706,0.22298724400664208,-1.5205317738813127,231.56550000000001,8.450010573024496,248.465521146049,214.66547885395102,0.2785357800564484,0.14596320389674644,4.794285714285716,12118143.9,1.9637338219977878,304213239.0,-0.004663971927330812,0.021420921099511738,-0.014079549454355461,-0.005238391192399772,-0.100730395697889,-0.007968833008677123,21.74399105524076,17.754241066181304,0,1,-0.015931810067833063,AMZN,US,E-Commerce
2025-12-24,223.81,224.62,222.35,223.36,5812907,223.36400000000003,224.772,230.50899999999996,224.7254,226.06776577036706,227.5244734716661,31.757575757575765,41.84993531694701,-1.4567077012990524,-0.11295174505449691,-1.3437559562445553,230.50899999999996,8.060999611515772,246.6309992230315,214.38700077696842,0.27828432127495323,0.1398817332335102,4.612142857142858,12076654.1,0.48133418996125843,298400332.0,-0.003213138164941065,0.01016296561600039,-0.0020106340199185827,-0.004279600570613273,-0.08642480265041508,-0.021509615805843985,22.691481744975672,24.01622150863163,1,0,4.477077363884696e-05,AMZN,US,E-Commerce
2025-12-25,224.21,226.67,223.69,225.02,5216555,223.728,224.971,229.45,225.2678,225.90657103646444,227.33895691820936,36.922141119221415,38.9680923285811,-1.4323858817449207,-0.3768385723925818,-1.0555473093523389,229.45,7.240625881642427,243.93125176328485,214.96874823671513,0.3470436094627312,0.12622577261470252,4.6914285714285695,12052051.5,0.4328354029324051,303616887.0,0.007431948424068802,0.01324326726507309,0.0036126845368020587,0.008922566470878301,-0.08602761982128337,0.00815412186379949,35.20408163008726,26.546518143434593,0,0,-0.008399253399697826,AMZN,US,E-Commerce
2025-12-26,224.93,225.81,224.84,225.27,10719203,224.57200000000003,224.794,228.419,225.75780000000003,225.8086370308545,227.18570085019385,39.19645681746284,60.44399596367323,-1.3770638193393552,-0.5768836217819365,-0.8001801975574186,228.419,6.164611141534504,240.74822228306903,216.089777716931,0.3722952702095156,0.10795268592380702,4.528571428571427,12310112.9,0.8707639171397106,314336090.0,0.0011110123544573192,0.004305943978317987,0.0015115813808673447,-0.0077959830866807245,-0.08385863597543608,0.019090703460755476,37.769516725816516,31.88836003362651,0,0,-0.028144004971811576,AMZN,US,E-Commerce
2025-12-29,225.2,222.83,221.2,221.92,6803704,223.93,224.31799999999998,227.42950000000002,226.1704,225.21038517995385,226.79564893536468,44.061166429587466,53.91539153915381,-1.5852637554108355,-0.7785596485077164,-0.8067041069031191,227.42950000000002,5.467850029708572,238.36520005941716,216.49379994058287,0.24809568796175566,0.09616782395748186,4.251428571428572,11927623.85,0.5704156599123756,307532386.0,-0.014871043636525139,0.007344989185259008,-0.014564831261036575,-0.020998764778542567,-0.08187497414256761,-0.014258428463554407,12.862453530642131,28.61201729551533,0,1,-0.03140771449170876,AMZN,US,E-Commerce
2025-12-30,221.68,220.73,220.35,220.51,6654890,223.21599999999998,223.781,226.40900000000002,226.68959999999998,224.48724899842247,226.33004531052285,43.33683105981112,22.630331753554458,-1.8427963121003756,-0.9914069812262485,-0.8513893308741272,226.40900000000002,4.66288695304291,235.73477390608585,217.0832260939142,0.1837259802999204,0.0823798868953499,3.820714285714286,11523415.5,0.5775101507439222,300877496.0,-0.006353640951694328,0.0017232778558717164,-0.005277878022350857,-0.023773685142553624,-0.08471691847916318,-0.015931810067833063,2.3791821559568893,17.67038413747187,0,0,-0.022085166205614293,AMZN,US,E-Commerce
2025-12-31,222.22,223.87,222.96,223.37,17649900,223.21800000000002,223.291,225.7255,227.22,224.31536453712673,226.11078269492856,50.56366047745358,46.53658536585363,-1.7954181578018336,-1.1522092165413658,-0.6432089412604678,225.7255,3.973475841523844,233.6724516830477,217.7785483169523,0.3517985200931499,0.0704125292269814,3.825714285714286,12149127.65,1.452770853652949,318527396.0,0.012969933336356654,0.004073958006876137,0.005175051750494243,-0.02146580803434528,-0.057669591630104544,4.477077363884696e-05,23.643122674822145,12.961586120473749,0,0,-0.035367327752160116,AMZN,US,E-Commerce
2026-01-01,224.03,226.64,220.32,223.13,8610060,222.84,223.28400000000002,225.112,227.6444,224.13300076218417,225.88998397678571,42.59189086775295,48.822927328556716,-1.7569832146015472,-1.2731640161534021,-0.483819198448145,225.112,3.2894946020411466,231.69098920408229,218.5330107959177,0.34936895783933425,0.05845080852245163,3.8999999999999995,12009827.95,0.7169177875759838,309917336.0,-0.0010744504633568575,0.028324295253760897,-0.004017319109029989,-0.00031362007168456163,-0.052124044180118956,-0.008399253399697826,21.85873605785437,15.960346962877827,0,0,-0.03831846905391467,AMZN,US,E-Commerce
2026-01-02,224.64,219.7,218.32,218.93,13089203,221.57199999999997,223.07200000000003,224.3775,227.86759999999998,223.33253910646354,225.3744296081349,37.18160767449554,25.264012997563,-2.041890501671361,-1.426909313256994,-0.6149811884143668,224.3775,2.907666590243072,230.19283318048613,218.56216681951386,0.03162614841130814,0.051835261382805475,4.008571428571429,12185418.35,1.0741692693571518,296828133.0,-0.01882310760543171,0.006303384643464542,-0.025418447293334052,-0.009590590364170981,-0.0628798904203407,-0.028144004971811576,3.9817232373380986,16.49452732333823,0,0,-0.0016443612113461459,AMZN,US,E-Commerce
2026-01-05,217.99,215.97,214.13,214.95,13545624,220.17799999999997,222.054,223.52000000000004,227.9222,222.04291770546914,224.60224963716192,33.64262196947021,17.830423940149657,-2.559331931692782,-1.653393836944152,-0.9059380947486297,223.52000000000004,3.036363822596647,229.59272764519332,217.44727235480676,-0.20561372915989476,0.05433721944493659,4.252142857142857,12335170.55,1.0981301674722148,283282509.0,-0.018179326725437428,0.00856013026281202,-0.013945593834515688,-0.045218318304979355,-0.07389056441189146,-0.03140771449170876,4.202972834228415,10.014477376473653,0,0,-0.019213770644335826,AMZN,US,E-Commerce
2026-01-06,213.36,217.12,214.45,215.64,12327097,219.204,221.20999999999998,223.039,227.9218,221.0578534430893,223.93837929366845,30.085146641438,26.532137518684635,-2.880525850579147,-1.8988202396711513,-0.9817056109079958,223.039,3.4763121718000707,229.99162434360014,216.08637565639984,-0.03210123503786283,0.06234447198533869,3.7521428571428594,12309337.05,1.001442721771704,295609606.0,0.003210048848569347,0.012381747356648277,0.010686164229421103,-0.03766511960014296,-0.04270620616176868,-0.022085166205614293,11.965134705866395,6.716610259144329,0,1,-0.0462344648488221,AMZN,US,E-Commerce
2026-01-07,214.64,216.91,214.32,215.47,7280630,217.62399999999997,220.421,222.59650000000002,228.02,220.19818368261403,223.31109193858188,35.583737411413665,29.24217462932461,-3.1129082559678523,-2.141637842930492,-0.9712704130373604,222.59650000000002,3.8480538827082964,230.29260776541662,214.90039223458342,0.037006223323637275,0.06914850651633808,3.500000000000002,11926471.1,0.610459651349874,288328976.0,-0.0007883509552958357,0.012020234835420167,0.0038669399925277004,-0.035324140401146176,-0.03945256776034234,-0.035367327752160116,10.618066560172918,8.928724700089269,0,0,-0.013644590894324016,AMZN,US,E-Commerce
2026-01-08,216.59,218.72,211.26,214.58,5128456,215.914,219.377,222.17399999999998,228.019,219.3338477314426,222.6643443875758,37.33855185909979,6.78466076696165,-3.3304966561331923,-2.3794096055710323,-0.95108705056216,222.17399999999998,4.241704473689926,230.65740894737982,213.69059105262014,0.05242049233063063,0.07636725221980664,3.817857142857146,11052112.55,0.4640249104208669,283200520.0,-0.004130505406785057,0.03476558859150546,-0.009280206842378276,-0.04639587592214023,-0.03788727973815176,-0.03831846905391467,21.43318269713162,14.67212798772367,0,0,-0.03844719917979311,AMZN,US,E-Commerce
2026-01-09,213.53,221.01,216.62,218.57,5897859,215.842,218.70699999999997,221.75050000000002,228.0822,219.21633269583606,222.36105961812575,37.117046347211286,33.620689655172356,-3.144726922289692,-2.5324730689147645,-0.6122538533749275,221.75050000000002,4.1521896252732,230.0548792505464,213.44612074945363,0.3085046513200089,0.07489840384133466,3.9592857142857167,10815415.9,0.5453196168517553,289098379.0,0.018594463603317957,0.020085098595323703,0.02360324076231157,-0.029742087273050166,-0.03730620155038755,-0.0016443612113461459,47.19173660121421,26.41432861950628,0,0,-0.06373244269570388,AMZN,US,E-Commerce
2026-01-12,218.39,215.3,207.24,210.82,19875480,215.016,217.59699999999998,220.95750000000004,228.10260000000002,217.92458920416897,221.5061663130794,29.38432835820892,26.788780767029124,-3.5815771089104373,-2.7422938769138994,-0.839283231996538,220.95750000000004,4.646287567285368,230.25007513457078,211.6649248654293,-0.04546236393830749,0.08411187793606176,4.425714285714286,11212904.6,1.772553939988579,269222899.0,-0.0354577480898568,0.0382316668245981,-0.034662759283691245,-0.050018024513338144,-0.06996647256043764,-0.019213770644335826,18.42511579936046,29.016678365902123,0,0,-0.03965468171900188,AMZN,US,E-Commerce
2026-01-13,211.48,208.32,203.55,205.67,5127689,213.022,216.113,219.94700000000003,227.71580000000003,216.03926778814298,220.333116956555,25.826728614375483,25.10729613733899,-4.2938491684120095,-3.052604935213522,-1.2412442331984876,219.94700000000003,5.6158901436263,231.17878028725264,208.71521971274743,-0.13556264611354701,0.10213169797452602,4.782857142857141,11017943.75,0.46539432864736413,264095210.0,-0.024428422350820655,0.023192492828204354,-0.02747304709652227,-0.06729853521382256,-0.08947228616964764,-0.0462344648488221,9.16955017261368,24.92880085772948,0,0,-0.02100452180677781,AMZN,US,E-Commerce
2026-01-14,206.78,214.44,210.99,212.53,7460988,212.43400000000003,215.029,219.16,227.45160000000004,215.499380436121,219.7551082931065,35.05623354869586,43.73236598145911,-4.255727856985516,-3.2932295195679213,-0.9624983374175944,219.16,5.489599736153242,230.13919947230647,208.18080052769352,0.19806541829751223,0.10019346114488392,5.172857142857144,10095571.25,0.7390356698204997,271556198.0,0.03335440268391121,0.016233002399584792,0.027807331463256566,-0.0485293459282804,-0.06895343233889695,-0.013644590894324016,38.89129493118703,22.161986967720413,0,0,-0.0388651013974497,AMZN,US,E-Commerce
2026-01-15,212.56,206.36,206.31,206.33,20936951,210.78400000000002,213.349,218.3165,227.0,214.0887065228716,218.76065582695048,30.163385002094685,35.1815823605707,-4.671949304078879,-3.5689734764701133,-1.1029758276087658,218.3165,6.098472004485181,230.51344400897034,206.11955599102964,0.008626915430905081,0.1117363461663638,5.547857142857144,10638743.0,1.9679908643351132,250619247.0,-0.02917235213852154,0.00024233024766039373,-0.02930937147144656,-0.07529243042172717,-0.07558243727598557,-0.03844719917979311,12.039844087828522,20.03356306387644,0,0,-0.005234333349488751,AMZN,US,E-Commerce
2026-01-16,206.43,206.7,203.0,204.64,14624467,207.998,211.92,217.496,226.50799999999998,212.63505936550675,217.71468132125042,31.25,34.292035398230055,-5.079621955743676,-3.871103172324826,-1.2085187834188496,217.496,6.7774629626831695,231.05092592536636,203.94107407463366,0.02578125211413333,0.1246452893414502,5.5214285714285705,10774668.35,1.357300769512709,235994780.0,-0.008190762370959281,0.018080531665275158,-0.008671220268329938,-0.06527200475037698,-0.07423659805473881,-0.06373244269570388,6.937394246745403,19.289511088587012,0,0,-0.00889366692728688,AMZN,US,E-Commerce
2026-01-19,205.58,206.76,199.03,202.46,10141449,206.32600000000002,210.671,216.3625,225.92059999999998,211.06966561696726,216.58470492708372,30.73639274279617,22.996982903117697,-5.515039310116464,-4.199890399883154,-1.3151489102333098,216.3625,7.308441316293097,230.9793826325862,201.74561736741381,0.024436901168281445,0.1351147507772247,5.96142857142857,11034996.15,0.9190259736496624,225853331.0,-0.010652853792024963,0.03818038130969974,-0.01517657359657957,-0.0581065364038148,-0.10069737485008656,-0.03965468171900188,12.423035131748563,10.466757822107523,1,1,0.008693075175343123,AMZN,US,E-Commerce
2026-01-20,204.63,202.53,200.41,201.35,21150106,205.462,209.24200000000002,215.22599999999997,225.378,209.57433244512615,215.45620826581825,25.58758314855875,29.581716257007358,-5.881875820692102,-4.536287484044943,-1.3455883366471584,215.22599999999997,7.796205824833875,230.81841164966772,199.63358835033222,0.05503996713841602,0.144893383230607,5.872857142857141,10902660.9,1.9399029515901982,204703225.0,-0.005482564457176764,0.010528929724308298,-0.016028930264301286,-0.06626785383045819,-0.10143698679043212,-0.02100452180677781,8.402752625555838,9.254394001349961,1,1,0.028706232927737885,AMZN,US,E-Commerce
2026-01-21,199.97,206.94,202.14,204.27,10753191,203.81,208.122,214.2715,224.9014,208.7582812997221,214.627600246128,30.263708664713278,46.66030534351151,-5.869318946405883,-4.802893776517132,-1.0664251698887517,214.2715,7.9156282957074975,230.102756591415,198.44024340858502,0.18412172645828523,0.14776819680957198,5.820714285714284,11149675.1,0.9644397652053767,215456416.0,0.014502110752421249,0.02349831105877766,0.0215032254837151,-0.0519793938831391,-0.08546740687679089,-0.0388651013974497,23.83985441201826,14.888547389774246,1,0,0.004503842952954251,AMZN,US,E-Commerce
2026-01-22,203.2,205.83,204.78,205.25,13490102,203.594,207.189,213.283,224.47220000000002,208.21854571514947,213.93296319085925,34.64991023339317,25.862068965517253,-5.71441747570978,-4.985198516355662,-0.7292189593541183,213.283,7.735090310091981,228.75318062018394,197.81281937981603,0.24037148636261885,0.1450671700989898,5.588571428571427,11563352.45,1.166625413495425,228946518.0,0.004797571841190562,0.005115712545651136,0.010088582677115763,-0.043480287072420576,-0.08785885699048979,-0.005234333349488751,28.298453137930014,20.18035339183473,1,1,0.004823386114494621,AMZN,US,E-Commerce
2026-01-23,205.87,206.0,200.27,202.82,9457369,203.23,205.61399999999998,212.1605,224.02,207.3880002205111,213.1097807322771,35.89862822599396,34.48275862068961,-5.721780511766013,-5.132514915437732,-0.5892655963282811,212.1605,7.530243915111137,227.2209878302223,197.10001216977773,0.18990048312226354,0.1419725899038822,5.654999999999997,11500260.75,0.8223611953875746,219489149.0,-0.011839220462850242,0.028251651710737298,-0.014815174624691292,-0.07205929450519288,-0.09965818795223513,-0.00889366692728688,17.242948133883367,23.12708522794391,1,1,0.0032048121487033843,AMZN,US,E-Commerce
2026-01-26,201.77,205.48,203.2,204.22,10988796,203.58200000000002,204.954,211.27550000000002,223.65879999999999,206.9006155712017,212.45127845581212,36.93961573650505,48.094373865698785,-5.550662884610404,-5.216144509272267,-0.33451837533813666,211.27550000000002,7.361085785900344,225.9976715718007,196.55332842819934,0.26037842087865865,0.13936468328538806,5.65428571428571,11709515.35,0.9384500325668874,230477945.0,0.006902672320284076,0.011164430516055415,0.012142538533914091,-0.03130632767289632,-0.07975847152126891,0.008693075175343123,23.61237488518597,23.051258718999808,1,1,0.00945059249828617,AMZN,US,E-Commerce
2026-01-27,201.84,208.65,205.92,207.13,6459743,204.738,205.1,210.6065,223.1,206.93590548332452,212.0571096813075,41.02453723633233,69.87234042553182,-5.1212041979829905,-5.197156447014412,0.07595224903142128,210.6065,7.080306471958525,224.76711294391706,196.44588705608297,0.37724754521058146,0.1344746049514123,5.785714285714282,11699758.0,0.5521261591798601,236937688.0,0.014249338948193024,0.013180128421700566,0.02620887831933107,0.007098750425438949,-0.060677520293864196,0.028706232927737885,36.85168334682203,25.90233545529715,1,0,0.0025105006517647244,AMZN,US,E-Commerce
2026-01-28,207.64,206.46,204.18,205.19,10106010,204.92200000000003,204.366,209.6975,222.55720000000002,206.66730463973613,211.54843489009954,40.11786992212165,65.26232114467408,-4.881130250363412,-5.133951207684213,0.25282095732080023,209.6975,6.498542245442827,222.69458449088563,196.70041550911435,0.3265957260073393,0.12396031894346535,5.463571428571423,11322563.5,0.8925548624607085,226831678.0,-0.009366098585429472,0.01111165261459569,-0.011799267963726592,-0.034536300757540106,-0.08138962259927474,0.004503842952954251,28.025477705731323,29.496511979246463,1,1,0.033286222525464204,AMZN,US,E-Commerce
2026-01-29,206.28,206.25,206.22,206.24,8518872,205.12000000000003,204.35700000000003,208.85299999999998,222.0136,206.6015654643921,211.15521749083294,36.16782589185554,59.197012138188605,-4.55365202644083,-5.017891371435536,0.46423934499470665,208.85299999999998,5.710786746427632,220.27457349285524,197.43142650714472,0.3856112075091869,0.10937428232106385,5.0799999999999965,11318004.1,0.7526831738218602,235350550.0,0.005117208440957199,0.00014546159813739174,-0.00019391118867460798,-0.00043619444579079403,-0.07569578272755784,0.004823386114494621,44.31468961006058,36.39728355420467,0,1,-0.006836695112490299,AMZN,US,E-Commerce
2026-01-30,205.74,206.71,200.88,203.47,19168550,205.25,204.24,208.08,221.2396,206.11978616217795,210.5859421211416,40.71735286688559,42.88000000000002,-4.466155958963668,-4.907544288941163,0.441388329977495,208.08,5.307040011553154,218.69408002310632,197.4659199768937,0.28283563011362667,0.10201922359722512,4.687142857142855,11621971.45,1.6493370710063937,216182000.0,-0.013430954228083825,0.028652872659219345,-0.011033343054286852,-0.005717357310398685,-0.07061617868725167,0.0032048121487033843,28.812459440051096,33.71754225194769,0,1,-0.005995969921855804,AMZN,US,E-Commerce
2026-02-02,202.28,206.43,205.93,206.15,13617657,205.63600000000002,204.60899999999998,207.64000000000001,220.595,206.12443444491979,210.25735381587188,50.64655172413796,63.05882352941178,-4.132919370952095,-4.75261930534335,0.6196999343912548,207.64000000000001,5.066841640562874,217.77368328112576,197.50631671887427,0.4264828020034109,0.09760819958656267,4.3792857142857144,11625573.1,1.1713535076087125,229799657.0,0.013171474910306236,0.0024254183846595906,0.01913189638115915,0.018225822384668522,-0.0409397534310304,0.00945059249828617,46.20376378674866,39.776970945620135,1,0,0.002328401649284384,AMZN,US,E-Commerce
2026-02-03,205.72,209.93,205.82,207.65,34184875,205.74,205.23899999999998,207.24049999999997,219.7644,206.35913683800905,210.06421649617766,42.317380352644854,63.34630350194553,-3.7050796581686143,-4.543111375908403,0.8380317177397885,207.24049999999997,4.704940824060414,216.6503816481208,197.83061835187914,0.5217590409099383,0.0908112231738046,4.046428571428572,12718462.0,2.6878149505958384,263984532.0,0.0072762551540139775,0.01979292078006367,0.009381683842069926,0.03128880059597727,-0.0370524948989055,0.0025105006517647244,79.08256880008416,51.36626400896133,1,0,0.0026005297375391034,AMZN,US,E-Commerce
2026-02-04,207.87,212.3,211.79,212.02,7944898,207.106,206.01399999999998,207.06799999999998,219.115,207.23003886293074,210.20908934831263,59.50551286334778,67.08595387840671,-2.97905048538189,-4.230299197803101,1.2512487124212104,207.06799999999998,4.443307919014105,215.9546158380282,198.18138416197178,0.7786212484864302,0.08583282629846514,3.934285714285715,12751675.4,0.6230473351723386,271929430.0,0.021045027690825835,0.0024054334496633046,0.01996440082734421,0.037939981397170364,-0.016011509722931194,0.033286222525464204,97.88997738523813,74.39210332402367,0,0,-0.03419488727478537,AMZN,US,E-Commerce
2026-02-05,214.2,206.47,203.51,204.83,15969980,206.824,205.97200000000004,206.58050000000003,218.2876,206.86080211478753,209.81063828547465,50.26813434942143,49.07975460122704,-2.949836170687121,-3.974206592379905,1.024370421692784,206.58050000000003,4.097124119751204,214.77474823950243,198.38625176049763,0.3931872729975103,0.0793322529421967,4.277857142857146,13293751.6,1.2013146686662426,255959450.0,-0.03391189510423542,0.01445100815303206,-0.0437441643321953,-0.0020462850182703107,-0.04543759903066458,-0.006836695112490299,43.707611149682975,73.56005244500177,0,1,-0.00956891080408151,AMZN,US,E-Commerce
2026-02-06,206.04,204.41,200.52,202.25,6434991,206.58,205.91500000000002,205.7645,217.41479999999999,206.15144794328177,209.25059100506914,49.70694948367289,40.54054054054053,-3.099143061787373,-3.799193886261399,0.700050824474026,205.7645,3.0833175485633264,211.93113509712666,199.59786490287334,0.21503908169849245,0.059938765891071485,4.033571428571433,13320608.2,0.4830853381690681,249524459.0,-0.01259581116047459,0.019233621755158234,-0.018394486507384962,-0.002810373730401272,-0.07466715468728546,-0.005995969921855804,16.458852866462188,52.68548046712778,1,1,0.012608158220024812,AMZN,US,E-Commerce
2026-02-09,203.17,207.03,206.31,206.63,13426391,206.67600000000002,206.156,205.55499999999998,216.7132,206.22507133662302,209.05647315284182,56.75191815856776,56.960352422907484,-2.8314018162188006,-3.6056354722528794,0.7742336560340788,205.55499999999998,2.8556803963908792,211.26636079278174,199.84363920721822,0.5941106715552389,0.05557014709205786,4.223571428571432,12998153.75,1.0329459264208252,262950850.0,0.02165636588380715,0.0034844891835479576,0.017030073337515276,0.011800998922730344,-0.019874774689308428,0.002328401649284384,52.867830419545356,37.678098145230194,0,0,-0.013115230121473198,AMZN,US,E-Commerce
2026-02-10,205.69,208.26,208.14,208.19,5783558,206.78400000000002,206.262,205.68099999999998,216.05859999999996,206.52736805406565,208.99228995633501,55.19342872284046,54.7265987025023,-2.464921902269367,-3.377492758256177,0.91257085598681,205.68099999999998,2.9159793876996245,211.51295877539923,199.84904122460074,0.7151078304830049,0.056708774999838486,3.940714285714289,13030947.2,0.4438324756751009,268734408.0,0.007549726564390458,0.000576396560831107,0.012154212650045437,0.005117559020904716,0.012252637720620463,0.0026005297375391034,65.83541146584898,45.054031583952195,0,0,-0.004322974206253938,AMZN,US,E-Commerce
2026-02-11,209.27,208.6,201.7,204.77,21454328,205.334,206.21999999999997,205.29299999999998,215.4132,206.25700373805554,208.67952773734723,49.402687904430074,43.872340425531924,-2.422523999291684,-3.1864990064632788,0.7639750071715947,205.29299999999998,2.432953803618489,210.15890760723696,200.427092392763,0.44625874115772585,0.04740451556763529,4.32214285714286,13730614.2,1.5625176066400872,247280080.0,-0.01642730198376474,0.03369634223746794,-0.02150332106837338,-0.002046883376382813,-0.03651249235402054,-0.03419488727478537,37.40648378741425,52.03657522426955,1,0,0.00869267959173703,AMZN,US,E-Commerce
2026-02-12,204.14,207.25,199.36,202.87,17186551,204.942,205.88299999999998,205.12000000000003,214.76260000000002,205.7359262398932,208.24919234939557,50.063051702395974,28.245363766048484,-2.513266109502382,-3.0518524270710996,0.5385863175687176,205.12000000000003,2.4779341990360013,210.07586839807203,200.16413160192803,0.27299639341226745,0.0483216497469563,4.476428571428575,13543094.2,1.2690268174442132,230093529.0,-0.009278702935000327,0.03889190121733669,-0.006221220730840408,-0.01634018619084565,-0.016769253138176787,-0.00956891080408151,27.12519319728547,43.455696150182916,1,1,0.03593434218957947,AMZN,US,E-Commerce
2026-02-13,201.74,207.1,202.96,204.8,6393201,205.452,206.01600000000002,205.12800000000001,214.18619999999999,205.5919375876019,207.99369661981072,50.721752115480356,49.90488268864933,-2.4017590322088154,-2.921833748098643,0.5200747158898276,205.12800000000001,2.476560858171241,210.0811217163425,200.17487828365753,0.46688956790778235,0.04829298502708878,4.588571428571432,13131530.9,0.4868587342806516,236486730.0,0.009513481539902502,0.020214843749901228,0.015168038068726252,0.0065365901607117305,0.0007818608287726292,0.012608158220024812,42.040185468157624,35.52395415095247,1,1,0.04194335937499982,AMZN,US,E-Commerce
2026-02-16,204.02,206.07,202.21,203.92,13473798,204.91,205.79300000000003,205.20100000000002,213.62259999999998,205.33471642027854,207.69194131463956,45.79292267365661,55.93461265103051,-2.357224894361025,-2.8089119773511197,0.45168708299009497,205.20100000000002,2.4145194574783764,210.03003891495678,200.37196108504327,0.36736491226030316,0.04706642672241579,4.547857142857144,13298148.35,1.0132085033320821,223012932.0,-0.004296875000000089,0.018928991761382193,-0.0004901480247011694,-0.01081736599563432,0.007211300997727932,-0.013115230121473198,35.23956723066135,34.80164863203483,1,1,0.04820517850137307,AMZN,US,E-Commerce
2026-02-17,203.95,213.12,202.62,207.29,10534312,204.73,205.757,205.498,213.26319999999998,205.6355292786972,207.6621678839255,52.652854977261235,52.52679938744255,-2.0266386052282996,-2.652457302926556,0.6258186976982563,205.498,2.277322065384925,210.05264413076983,200.94335586923015,0.6967222847551415,0.044327868210373635,5.087142857142859,12767358.65,0.8250971452817184,233547244.0,0.016526088662220495,0.0506536735971313,0.016376562882979295,-0.0017336864916928096,0.029500869133349816,-0.004322974206253938,57.63081394929997,44.97018888270634,1,1,0.03777316802547159,AMZN,US,E-Commerce
2026-02-18,207.08,208.19,205.24,206.55,5365156,205.086,205.20999999999998,205.612,212.90779999999998,205.77621708197455,207.5797850777088,50.394703335879804,43.300653594771305,-1.8035679957342552,-2.482679441488096,0.6791114457538407,205.612,2.2696686519157527,210.1513373038315,201.0726626961685,0.6033190459987368,0.04415440055842485,5.222142857142858,12497956.9,0.42928261104160065,228182088.0,-0.003569877948767286,0.01428225611225227,-0.002559397334351177,-0.02579945288180363,0.011161697752974042,0.00869267959173703,52.252906972946754,48.37442938430271,1,1,0.05107722101186152,AMZN,US,E-Commerce
2026-02-19,207.8,212.32,208.42,210.16,27427763,206.544,205.74300000000002,205.8575,212.65040000000002,206.45064522320925,207.77091210898962,58.33956619296932,71.68141592920347,-1.32026688578037,-2.2501969303465508,0.9299300445661807,205.8575,2.4838888758122466,210.82527775162447,200.8897222483755,0.9330407089628793,0.04826423862720911,5.217857142857142,13194839.95,2.078673256004651,255609851.0,0.017477608327281402,0.018557289683961975,0.01135707410966616,0.02602157887028267,0.02392204628501826,0.03593434218957947,78.48837208731908,62.790697669855284,1,1,0.03720974495622387,AMZN,US,E-Commerce
2026-02-20,210.82,218.07,209.65,213.39,38326156,208.262,206.85700000000003,206.38600000000002,212.37739999999997,207.51823826579243,208.18714084165703,58.903098868666966,88.22674418604647,-0.6689025758645926,-1.9339380594501592,1.2650354835855666,206.38600000000002,2.8941890965054826,212.174378193011,200.59762180698905,1.105005388845511,0.05609274071868173,5.60785714285714,14638279.3,2.618214381371014,293936007.0,0.01536924248191851,0.03945826889713918,0.012190494260448739,0.05508034610630408,0.052115176018144194,0.04194335937499982,74.9866381574031,68.57597240588966,1,1,0.0013590140119030814,AMZN,US,E-Commerce
2026-02-23,212.53,215.22,212.58,213.75,7209629,210.22799999999998,207.56900000000002,206.8625,212.11879999999996,208.4769708402859,208.59920448301577,57.71761133603238,86.71041837571777,-0.12223364272986714,-1.5715971761061007,1.4493635333762336,206.8625,3.277885831802451,213.4182716636049,200.3067283363951,1.0253004796682756,0.06338289118204807,5.502857142857138,14449320.95,0.4989596760974656,301145636.0,0.001687051876845258,0.012350877192924612,0.0057403660659401425,0.034457726370807684,0.046665360885319807,0.04820517850137307,76.91074291411488,76.7952510529457,0,1,-0.011274853801169549,AMZN,US,E-Commerce
2026-02-24,215.34,218.02,212.81,215.12,3366465,211.794,208.262,207.262,211.9036,209.49897532639577,209.08222637316274,54.24424972617743,94.16403785488973,0.4167489532330251,-1.1739279502382756,1.5906769034713006,207.262,3.7631797864676413,214.7883595729353,199.7356404270647,1.0220319281073984,0.07262652654996071,5.542857142857138,14294657.05,0.23550510884728718,304512101.0,0.006409356725146198,0.024219040535402515,-0.0010216401968931794,0.033286901388155155,0.03857480809153668,0.03777316802547159,84.23303046049,78.71013717733602,1,0,0.0026961695797693697,AMZN,US,E-Commerce
2026-02-25,214.14,218.8,215.73,217.1,17591328,213.904,209.49499999999998,207.85750000000002,211.6802,210.6683637377195,209.67613553070623,69.59437879271795,93.44552701505772,0.9922282070132553,-0.7406967187879693,1.7329249258012247,207.85750000000002,4.319293162204685,216.4960863244094,199.21891367559064,1.034954427256762,0.08312027542299713,5.197857142857138,14668922.95,1.1992241598607511,322103429.0,0.009204165117143948,0.014140948871422759,0.013822732791567132,0.06021389852029091,0.05804376431599989,0.05107722101186152,91.25514402822753,84.13297246761083,0,0,-0.06480884385076002,AMZN,US,E-Commerce
2026-02-26,217.45,219.83,216.5,217.98,14412803,215.468,211.006,208.4445,211.57580000000002,211.7932308549934,210.29123660250576,76.56197230665315,100.0,1.5019942524876342,-0.2921585245328485,1.7941527770204826,208.4445,4.85270892877205,218.1499178575441,198.7390821424559,0.9912462368426891,0.0931223213612979,5.127857142857138,14963619.5,0.9631895569658426,336516232.0,0.004053431598341817,0.015276630883497276,0.0024373419176710225,0.0744811948538473,0.05692397207137301,0.03720974495622387,90.96238397210725,88.81685282027495,0,0,-0.07463987521790982,AMZN,US,E-Commerce
2026-02-27,216.62,218.6,209.74,213.68,6807282,215.526,211.894,208.955,211.4284,212.08350303114827,210.54225611343125,61.93701320690826,64.5214521452146,1.541246917717018,0.07452256391712492,1.466724353799893,208.955,4.838874923608939,218.6327498472179,199.27725015278213,0.7441166631628839,0.09262999064077497,5.419285714285708,14345556.1,0.4745219688958612,329708950.0,-0.019726580420221906,0.0414638712090908,-0.013572154002337853,0.04335937499999987,0.05017938762471119,0.0013590140119030814,69.95603321592786,84.05785373875423,0,0,-0.05831149382253842,AMZN,US,E-Commerce
2026-03-02,213.71,211.76,211.0,211.34,4325306,215.044,212.63600000000002,209.2145,211.1526,211.96911794943315,210.6013482531771,55.196304849884534,40.87266251113097,1.3677696962560617,0.33317199038491235,1.0345977058711493,209.2145,4.819657636892664,218.8538152737853,199.57518472621467,0.610251607039464,0.09214767880562047,5.494285714285709,13880938.55,0.3116003772237449,325383644.0,-0.010950954698614734,0.0035961010693498384,-0.011089794581390271,0.03638681836014124,0.025175842832888762,-0.011274853801169549,58.524670246286,73.14769581144039,0,0,-0.04381565250307562,AMZN,US,E-Commerce
2026-03-03,210.88,216.55,215.02,215.7,10774808,215.16,213.477,209.61700000000002,210.985,212.54309980336654,210.97902616034915,67.48799999999999,56.40183847669071,1.5640736430173945,0.5793523209114089,0.9847213221059856,209.61700000000002,5.014331146037423,219.64566229207486,199.58833770792518,0.8032807278795191,0.09568558172311405,5.373571428571424,12710435.2,0.8477134718633811,336158452.0,0.020630264029525724,0.007093184979104813,0.022856600910361992,0.04057118047180275,0.03876715627257399,0.0026961695797693697,79.82413287348184,69.43494544523192,0,0,-0.03296244784422808,AMZN,US,E-Commerce
2026-03-04,217.94,203.42,202.73,203.03,12216473,212.346,213.125,209.16750000000002,210.5784,211.079545987464,210.39020940773074,50.19038553069966,27.21447418017334,0.6893365797332649,0.6013491726757801,0.08798740705748476,209.16750000000002,5.187535542048425,219.54257108409686,198.79242891590317,0.20421889399813647,0.09920347170614215,5.736428571428568,12924013.95,0.9452537038422414,323941979.0,-0.058738989337042136,0.003398512535076586,-0.06841332476797093,-0.017041878479786998,-0.04240166022073388,-0.06480884385076002,4.653802496898155,47.667535205555346,1,0,0.04408215534650051,AMZN,US,E-Commerce
2026-03-05,202.23,203.55,200.24,201.71,9854174,209.092,212.28000000000003,209.0115,210.1122,209.63807737400802,209.747230933084,46.26901714561699,20.255121762659414,-0.10915355907599178,0.45924862632542574,-0.5684021854014175,209.0115,5.368591185386078,219.74868237077217,198.27431762922785,0.1599899420524181,0.10274250336197567,5.670714285714283,12618223.65,0.7809477381590285,314087805.0,-0.006501502241048063,0.01640969708980017,-0.002571329674120608,-0.04020746098210881,-0.01523214372894599,-0.07463987521790982,7.503828483537316,30.660587951305786,1,1,0.03381091666253533,AMZN,US,E-Commerce
2026-03-06,201.85,203.64,199.28,201.22,15407050,206.6,211.06300000000002,208.95999999999998,209.63119999999998,208.34298854723758,209.1155841973,46.70892247684058,17.1114599686028,-0.7725956500624136,0.21287977104785782,-0.9854754211102714,208.95999999999998,5.441314663128159,219.8426293262563,198.07737067374367,0.14438741005952388,0.10415992846673267,5.706428571428568,13066826.6,1.1790964472508998,298680755.0,-0.0024292300827921665,0.021667826259707375,-0.003121129551631778,-0.05703172594779504,-0.005092707045735501,-0.05831149382253842,9.44038929394449,7.199340091460006,1,1,0.0419441407414769,AMZN,US,E-Commerce
2026-03-09,201.47,203.66,200.82,202.08,10456740,204.748,209.89600000000002,208.7325,209.2344,207.37945184766255,208.59442981231481,43.23552324071672,23.68421052631578,-1.2149779646522632,-0.07269177609216647,-1.1422861885600968,208.7325,5.635510414469528,220.00352082893903,197.46147917106094,0.2048847614971949,0.10799488176383694,5.159285714285711,12918344.05,0.8094488852502046,309137495.0,0.004273929032899471,0.014053840063271723,0.0030277460663969123,-0.05459649122807009,-0.022020035812805427,-0.04381565250307562,13.625304135590056,10.18984063769064,1,1,0.04532858273950913,AMZN,US,E-Commerce
2026-03-10,200.0,212.4,205.54,208.59,8535326,203.32600000000002,209.243,208.7525,208.996,207.5656900249452,208.59410167806928,52.30352303523034,44.75391072109881,-1.028411653124067,-0.26383575149854666,-0.7645759016255204,208.7525,5.634193422871756,220.02088684574352,197.48411315425648,0.4927895623962286,0.10795929960780869,5.685714285714283,13055932.45,0.6537507281794547,317672821.0,0.03221496437054627,0.03288748262125282,0.04294999999978527,-0.03035515061361105,0.0019213218694462686,-0.03296244784422808,45.30413625083677,22.789943226790456,0,1,-0.012512584495901091,AMZN,US,E-Commerce
2026-03-11,210.39,214.39,210.05,211.98,10511681,205.11600000000004,208.731,209.113,208.7682,208.2448146364921,208.84490896117526,52.065365410803444,42.63074484944532,-0.6000943246831696,-0.3310874661354713,-0.2690068585476983,209.113,5.5965018209230095,220.30600364184602,197.91999635815398,0.6280710741776849,0.10705220279745872,5.6878571428571405,12508800.1,0.8403428047153136,328184502.0,0.016251977563641606,0.020473629587600253,0.007557393412198518,-0.023583602026715833,0.035210235874395535,0.04408215534650051,61.80048661499745,40.243309000474774,0,0,-0.031229361260496136,AMZN,US,E-Commerce
2026-03-12,211.61,208.88,208.26,208.53,15336438,206.48000000000002,207.786,209.39600000000002,208.47620000000003,208.28868930780098,208.8215823714586,44.51219512195123,67.16604244694133,-0.5328930636576104,-0.37144858563989913,-0.16144447801771122,209.39600000000002,5.4039891698063265,220.20397833961266,198.58802166038737,0.4599370033299406,0.10323003629067443,5.352142857142856,12416294.45,1.2351862970528782,312848064.0,-0.016275120294367396,0.0029731933055053535,-0.014555077737278283,-0.043352601156069315,0.02789964016365154,0.03381091666253533,45.01216544793126,50.705596104588516,0,0,-0.011365271184002324,AMZN,US,E-Commerce
2026-03-13,208.84,209.9,209.48,209.66,9930679,208.16799999999998,207.38400000000001,209.63899999999998,208.29080000000002,208.49966018352393,208.88368738098018,45.46059933407325,75.11054958938723,-0.38402719745624836,-0.37396430800316904,-0.010062889453079316,209.63899999999998,5.294606888644221,220.22821377728843,199.04978622271153,0.5009915750092827,0.10102331891716655,5.261428571428572,12593168.35,0.7885766262644598,322778743.0,0.005418884572963023,0.002003243346360835,0.003926450871461725,-0.018813178584799695,0.023730468749999956,0.0419441407414769,50.510948902651485,52.44120032186009,0,0,-0.00853763235714966,AMZN,US,E-Commerce
2026-03-16,211.7,213.37,209.55,211.24,8612723,210.0,207.37400000000002,210.00499999999997,208.2166,208.92125092452025,209.05822905646315,45.71365444100751,79.60992907801423,-0.13697813194289665,-0.3265670727911146,0.18958894084821792,210.00499999999997,5.128873375828153,220.26274675165627,199.74725324834367,0.5601984056216065,0.09769050024149382,5.162142857142856,12350114.6,0.6973799500305892,331391466.0,0.007536010683964589,0.01808369626956026,-0.0021728861596495355,-0.00047317119333767366,0.03589642997253839,0.04532858273950913,58.19951337916305,51.24087590991528,0,0,-0.032190872940730975,AMZN,US,E-Commerce
2026-03-17,212.26,207.49,204.78,205.98,4771325,209.478,206.402,209.9395,208.0234,208.46875078228635,208.83021208931774,38.54552946023897,59.146341463414586,-0.3614613070313908,-0.33354591963916985,-0.027915387392220936,209.9395,5.173541467486771,220.28658293497355,199.59241706502647,0.3086658807515004,0.09857204513609165,5.360714285714285,12061965.25,0.3955677624284515,326620141.0,-0.024900587010036057,0.01315661714723202,-0.029586356355273794,-0.04506258692628651,-0.006319648801196398,-0.012512584495901091,32.60340632444745,47.104622868754014,0,1,-0.0018448393047868494,AMZN,US,E-Commerce
2026-03-18,206.19,209.49,202.05,205.36,13594177,208.154,206.635,209.88000000000002,207.82119999999998,207.9904814311654,208.5731593419609,36.93040596520299,39.53337653920935,-0.5826779107954962,-0.3833723178704352,-0.19930559292506106,209.88000000000002,5.221198692780172,220.32239738556038,199.43760261443967,0.2835746029674279,0.09950826553755099,5.654285714285712,12473416.3,1.0898518563954402,313025964.0,-0.00301000097096793,0.03622906116071177,-0.0040254134535911475,0.01147613653154722,-0.0057613168724279795,-0.031229361260496136,31.469979294437447,40.75763299934933,0,0,-0.007304246201791931,AMZN,US,E-Commerce
2026-03-19,205.11,208.34,204.41,206.16,18415910,207.68,207.08,209.68,207.65279999999998,207.70886890329382,208.39440679811193,41.60339437248769,27.336448598130815,-0.6855378948181112,-0.4438054332599705,-0.2417324615581407,209.68,5.286115875824825,220.25223175164965,199.10776824835037,0.3335261615985531,0.10084158481113333,5.302142857142856,12022823.65,1.5317457033692994,331441874.0,0.0038955979742889557,0.019062863795018162,0.005119204329359191,0.022061375241683612,-0.019033117624666973,-0.011365271184002324,39.83786913492538,34.637084917936775,0,0,-0.01654055102832752,AMZN,US,E-Commerce
2026-03-20,205.01,208.35,207.48,207.87,5571449,207.32199999999997,207.74499999999998,209.404,207.4388,207.73365830278706,208.3555618501036,46.07021517553793,47.027027027027046,-0.6219035473165491,-0.47942505607128627,-0.1424784912452628,209.404,5.225977017696244,219.85595403539247,198.95204596460752,0.4266165926853406,0.09982573432544328,5.267142857142856,10385088.3,0.5364854204960953,337013323.0,0.008294528521536781,0.004185308125250489,0.013950538998029673,0.033048404731140124,-0.025868128778293142,-0.00853763235714966,49.7394325391002,40.34909365615436,0,0,-0.040987155433684586,AMZN,US,E-Commerce
2026-03-23,207.16,205.56,203.54,204.44,57447328,205.962,207.981,208.93849999999998,207.31119999999999,207.22694164081983,208.06552023157744,36.973623322535865,30.522388059701512,-0.8385785907576064,-0.5512557630085503,-0.28732282774905615,208.93849999999998,5.233121514878981,219.40474302975792,198.47225697024203,0.2850948049125747,0.10018491594136894,5.204285714285713,12896973.25,4.454326021469726,279565995.0,-0.016500697551354193,0.009880649579290402,-0.013129947866320086,0.011678543151227183,-0.04355555555555557,-0.032190872940730975,34.149569819050335,41.24229049769199,0,0,-0.06334376834278999,AMZN,US,E-Commerce
2026-03-24,203.77,207.71,203.92,205.6,34989801,205.88599999999997,207.68199999999996,208.4625,207.3098,206.97664292684755,207.88288910331244,54.05234941658782,28.27426810477651,-0.9062461764648901,-0.6222538456998183,-0.2839923307650718,208.4625,5.071742018801696,218.6059840376034,198.3190159623966,0.35889956598013073,0.09731711015223114,4.548571428571429,14478140.05,2.416732982443212,314555796.0,0.005674036392095516,0.018433852139988265,0.008980713549546073,-0.014334340093005493,-0.04425436965414653,-0.0018448393047868494,41.826604894650785,41.90520241760046,0,0,-0.06721789883268481,AMZN,US,E-Commerce
2026-03-25,202.26,207.15,201.23,203.86,5911879,205.586,206.86999999999998,207.8005,207.13639999999998,206.49715939964022,207.5848973178819,53.345782757547475,38.794926004228394,-1.087737918241686,-0.7153506602081919,-0.37238725803349404,207.8005,4.738090304844091,217.27668060968819,198.3243193903118,0.2920839543590267,0.09120459873429163,4.735000000000001,13894167.6,0.4254935412256333,308643917.0,-0.008463035019455112,0.029039536936971335,0.007910610105765412,-0.03830550051891679,-0.060985720865960324,-0.007304246201791931,30.31105228125021,35.42907566498379,0,0,-0.06582949082703826,AMZN,US,E-Commerce
2026-03-26,204.72,202.95,202.59,202.75,6770711,204.904,206.292,207.039,207.0648,205.92067333815712,207.22675677581657,52.335877862595424,36.88442211055268,-1.3060834376594528,-0.8334972156984441,-0.47258622196100863,207.039,4.210439281997047,215.4598785639941,198.61812143600588,0.24533536093346736,0.08134581952147601,4.514285714285718,13512063.0,0.5010863625275902,301873206.0,-0.005444913175708832,0.0017755856966619465,-0.009622899570097578,-0.02771783436436004,-0.06986879530232126,-0.01654055102832752,14.222549741030083,28.786735638977046,0,0,-0.07304562268803949,AMZN,US,E-Commerce
2026-03-27,204.42,200.04,198.79,199.35,9442508,203.2,205.26100000000002,206.3225,206.95899999999997,204.90980051690218,206.64329331094126,46.13204873901952,22.868525896414354,-1.7334927940390799,-1.0134963313665715,-0.7199964626725084,206.3225,4.240025912286081,214.80255182457216,197.84244817542782,0.08888812566657545,0.08220191035423739,4.594285714285718,13643824.3,0.6920718927704241,292430698.0,-0.01676942046855734,0.0062703787308438915,-0.024801878485349732,-0.049174854526376044,-0.06706289779108954,-0.040987155433684586,3.589743589513494,16.04111520393128,0,0,-0.08301981439678952,AMZN,US,E-Commerce
2026-03-30,200.0,194.92,188.74,191.49,9669862,200.61,203.286,205.33,206.73960000000002,202.84521582199415,205.5208271397604,26.664847161572027,6.203208556149718,-2.675611317766254,-1.345919328646508,-1.329691989119746,205.33,5.2148835582715485,215.75976711654312,194.9002328834569,-0.1634855718822473,0.10159028993807342,4.615000000000003,13911052.1,0.6951207741418225,282760836.0,-0.03942814145974405,0.0322732257557455,-0.04254999999978721,-0.09349555008521115,-0.09392448187754332,-0.06334376834278999,10.721247562934854,9.511180297826163,0,0,-0.029296569011436735,AMZN,US,E-Commerce
2026-03-31,189.52,193.53,190.38,191.78,14528428,197.846,201.866,204.134,206.5482,201.1428749263027,204.50298809237074,19.886702444841973,9.318766066837995,-3.3601131660680323,-1.7487580961308131,-1.6113550699372192,204.134,5.449106541927597,215.03221308385517,193.2357869161448,-0.0667901657306849,0.10677508973323206,4.425714285714291,14098733.1,1.030477480953414,297289264.0,0.0015144393963131275,0.016425070393073213,0.01192486281124982,-0.06893873191571998,-0.11089476124246633,-0.06721789883268481,12.342671538272699,8.884554230240369,0,0,-0.02273438314735643,AMZN,US,E-Commerce
2026-04-01,191.48,191.05,189.95,190.44,61444560,195.16199999999998,200.374,203.5045,206.2716,199.49627878379462,203.46128527071366,21.221762647152374,1.8424396442185014,-3.9650064869190373,-2.192007774288458,-1.7729987126305793,203.5045,6.2515004304241915,216.00750086084838,191.00149913915163,-0.022454574920787503,0.12287689815986315,4.290714285714292,16560137.45,3.7103892691187013,235844704.0,-0.006987172802169206,0.005776097458486908,-0.0054313766450520195,-0.07265290222049092,-0.06201054031423925,-0.06582949082703826,6.902151847060363,9.988690316089325,0,0,-0.017748372190716233,AMZN,US,E-Commerce
2026-04-02,190.35,188.16,187.77,187.94,11451996,192.2,198.552,202.816,205.9254,197.71838974013392,202.311560435846,16.89024390243901,1.7575757575757223,-4.593170695712075,-2.6722403585731818,-1.9209303371388935,202.816,7.152830429830527,217.12166085966106,188.51033914033894,-0.019934036809415998,0.1410703382335765,4.383571428571433,16640028.55,0.6882196912925554,224392708.0,-0.01312749422390258,0.002075130360742318,-0.012660887838126272,-0.08837795886689948,-0.06826632293887269,-0.07304562268803949,0.6640624999740113,6.636295295102376,1,0,0.013355326167925785,AMZN,US,E-Commerce
2026-04-03,189.31,183.96,181.86,182.8,9895394,188.89000000000001,196.04500000000002,201.895,205.525,195.42325285703637,200.86625966282037,10.891089108910862,1.4125669751582564,-5.443006805783995,-3.2263936480153443,-2.2166131577686503,201.895,8.439334284048089,218.77366856809618,185.01633143190384,-0.06565480632836909,0.16720244253708683,4.5450000000000035,16364445.75,0.604688575860348,214497314.0,-0.027349153985314345,0.011487964988996206,-0.034388040779491855,-0.12060422379371716,-0.0915415962627969,-0.08301981439678952,3.402099167448342,3.656104504827591,1,1,0.0011487964989058685,AMZN,US,E-Commerce
2026-04-06,183.7,187.95,184.22,185.88,6617812,187.76799999999997,194.189,201.08499999999998,205.15820000000002,193.95506010980003,199.75616635446332,20.596840257460443,16.674913409203285,-5.801106244663288,-3.7413361673449335,-2.0597700773183543,201.08499999999998,9.166727304425438,219.41845460885085,182.7515453911491,0.08532092492964304,0.18234532271188506,4.451428571428573,16172499.35,0.40920153697817047,221115126.0,0.016849015317286664,0.020066709705078133,0.011867174741361676,-0.0907845822735277,-0.08016627078384808,-0.029296569011436735,14.549402822491814,6.205188163304741,1,1,0.02447815795136643,AMZN,US,E-Commerce
2026-04-07,187.13,187.79,187.12,187.42,12614532,186.89600000000002,192.371,200.0265,204.76399999999998,192.94966624675388,198.8423762541327,24.444444444444358,35.34917206623457,-5.89271000737881,-4.171610935351709,-1.7210990720271004,200.0265,9.471696493960241,218.96989298792047,181.08310701207952,0.1672586582507689,0.18940883320785767,4.056428571428573,16376459.65,0.7702843898690649,233729658.0,0.00828491499892392,0.003574858606319564,0.0015497247902444414,-0.0884241245136187,-0.10149096313341965,-0.02273438314735643,20.98905247183876,12.98018482059299,1,0,0.008483619677729148,AMZN,US,E-Commerce
2026-04-08,187.97,190.89,184.0,187.06,8555366,186.21999999999997,190.69099999999997,198.78050000000002,204.4014,192.04356374725327,197.96960764271543,22.446624350836657,33.094555873925444,-5.926043895462158,-4.522497527373799,-1.4035463680883584,198.78050000000002,9.455550569848471,217.69160113969696,179.86939886030308,0.1901158765528669,0.19027118997690218,4.267857142857143,16278643.9,0.5255576279571035,225174292.0,-0.0019208195496744906,0.036833101678408815,-0.0048411980634950015,-0.08240949671343079,-0.11755826021322757,-0.017748372190716233,19.630049074381624,18.38950145623742,1,1,0.007056559392708106,AMZN,US,E-Commerce
2026-04-09,186.4,193.82,187.76,190.45,5447379,186.722,189.46099999999998,197.8765,204.08559999999997,191.79840009382968,197.41259966918096,26.031920748486442,50.031230480949375,-5.614199575351279,-4.740837936969295,-0.8733616383819838,197.8765,9.337929036152758,216.5523580723055,179.20064192769448,0.3011737942227684,0.1887627694264972,4.594285714285713,15784190.95,0.3451161147340203,230621671.0,0.018122527531273303,0.031819375163918,0.021727467811042143,-0.060665844636251576,-0.08670215316741003,0.013355326167925785,33.23017407995232,24.61642520872425,0,0,-0.029404043055920148,AMZN,US,E-Commerce
2026-04-10,190.46,183.26,182.81,183.01,9772480,186.76399999999998,187.827,196.544,203.6764,190.4463385409328,196.34574043442683,23.44485749690203,38.23389021479708,-5.89940189349403,-4.972550728274243,-0.9268511652197873,196.544,9.468485901302909,215.48097180260584,177.6070281973942,0.14265669978237153,0.19269956653481637,4.830714285714284,15776281.0,0.6194412599876193,220849191.0,-0.03906537148857969,0.0024588820282909667,-0.03911582484490655,-0.08196639077000256,-0.1271105599542116,0.0011487964989058685,4.4487427464429015,19.1029886335923,1,1,0.013879023004207625,AMZN,US,E-Commerce
