Date,Open,High,Low,Close,Volume,sma5,sma10,sma20,sma50,ema12,ema26,rsi,rsi_6,macd,macd_sig,macd_hist,bb_mid,bb_std,bb_upper,bb_lower,bb_pos,bb_width,atr,vol_sma20,vol_ratio,obv,daily_ret,hlpct,co_pct,mom10,mom20,roc5,stoch_k,stoch_d,target,target_3d,ret_5d,symbol,market,sector
2024-07-22,148.93,150.45,148.43,149.33,8385645,150.264,152.309,152.39249999999998,145.8304,151.44549675844414,150.7014336896792,40.76335877862593,3.8216560509555535,0.7440630687649445,1.6403797972008947,-0.8963167284359501,152.39249999999998,2.0969925206303848,156.58648504126074,148.19851495873922,0.1348937859809053,0.055041882523526285,2.6571428571428544,12142528.45,0.6906011662998273,66570724.0,-0.002804674457428935,0.013527087658115949,0.002685825555612166,-0.015038585845260855,-0.023093026298573904,-0.029379265518361897,8.137432187329395,8.611094906753596,1,1,0.047545704145181666,GOOGL,US,Technology
2024-07-23,148.12,149.12,148.4,148.72,12585619,149.374,151.96,152.113,146.086,151.02610590154836,150.55170489615855,35.830277632268164,5.235602094241031,0.474401005389808,1.4071813761834107,-0.9327803707936027,152.113,2.198063980679058,156.5091279613581,147.7168720386419,0.11409221592973297,0.05780081861943692,2.6057142857142828,11670675.85,1.078396665571286,53985105.0,-0.004084912609656599,0.004841312533587666,0.004050769646205398,-0.02292884830168851,-0.03622577927548443,-0.02905268655741977,2.8854824163312736,7.0844431164205615,1,1,0.021046261430876845,GOOGL,US,Technology
2024-07-24,147.92,153.62,151.38,152.37,17139043,149.924,151.699,152.128,146.33939999999998,151.23289374498628,150.6889013064751,49.92860542598763,45.40229885057482,0.5439924385111965,1.234542011694506,-0.6905495731833096,152.128,2.198778608323682,156.52555721664734,147.73044278335263,0.5275152758168091,0.05781390955798342,2.799285714285712,11888916.55,1.4415982723338845,71124148.0,0.02454276492738039,0.014701056638349466,0.030083829096605827,-0.016840882694541093,0.0019727756954035502,0.018379895735864293,35.79801622761062,15.606976943757104,0,1,-0.015619872678348745,GOOGL,US,Technology
2024-07-25,152.39,161.24,152.43,156.35,22706263,151.304,151.919,152.494,146.75719999999998,152.02025331846846,151.1154616890867,56.618556701030954,86.85651697699875,0.9047916293817764,1.1685914532977146,-0.26379982391593826,152.494,2.264212190168162,157.02242438033633,147.96557561966367,0.9257551496076709,0.059391508915847664,3.0842857142857127,12330403.45,1.8414856618916504,93830411.0,0.0261206274200958,0.05634793731975475,0.02598595708362768,0.014271813168991176,0.04911762732335756,0.04616928738708603,61.915887845645074,33.53312882986233,0,0,-0.04298049248480973,GOOGL,US,Technology
2024-07-26,156.45,153.54,152.8,153.13,11649482,151.98000000000002,151.574,152.56,147.02700000000002,152.19100421323418,151.2670625991223,52.929838087895114,65.10673234811168,0.9239416141118681,1.1196611994139607,-0.19571958530209255,152.56,2.262462561481652,157.0849251229633,148.0350748770367,0.562984467582054,0.059319941307467886,3.2164285714285694,12537310.1,0.9291850467043129,82180929.0,-0.020594819315638002,0.0048324952654290355,-0.021220837328084198,-0.02203346532124162,0.008695079375535153,0.022570951585976662,36.8380062276605,44.85063676697208,0,0,-0.020309540912949675,GOOGL,US,Technology
2024-07-29,153.05,158.16,155.06,156.43,11479770,153.4,151.832,152.7165,147.3634,152.84322410835927,151.6551336551994,57.367318435754186,72.00263504611333,1.188090453159873,1.1333471141695008,0.0547433389903722,152.7165,2.419171835240715,157.55484367048143,147.87815632951856,0.8837573611990592,0.06336373175720704,3.4878571428571417,12384309.05,0.9269608039246401,93660699.0,0.021550316724352037,0.019817170619319677,0.02208428618084228,0.016769580760481073,0.02041748206131766,0.047545704145181666,62.53894080509821,53.76427829280127,0,0,-0.057981205651089884,GOOGL,US,Technology
2024-07-30,156.88,154.24,149.94,151.85,13030351,154.026,151.7,152.661,147.6456,152.69040717625552,151.6697647829543,44.86042692939245,56.51499482936912,1.020642393301216,1.1108060856598436,-0.09016369235862753,152.661,2.426014492081683,157.51302898416336,147.80897101583665,0.41642671518827745,0.06356605792090411,3.71,12606586.75,1.0336144290908538,80630348.0,-0.02927827143131123,0.028317418504917317,-0.032062723100254584,-0.008617875563099786,-0.0072567991631800055,0.021046261430876845,26.869158876411962,42.0820353030569,0,0,-0.041224892986499784,GOOGL,US,Technology
2024-07-31,153.37,152.43,148.04,149.99,11278958,153.55,151.737,152.454,147.9276,152.27492949833794,151.5437702983688,43.39263024142315,53.08402136959692,0.7311591999691416,1.0348764812526015,-0.3037172812834599,152.454,2.470293824416079,157.39458764883216,147.51341235116786,0.250636950967455,0.06481414261088253,3.952857142857145,12851794.15,0.8776173186980808,69351390.0,-0.01224892986499826,0.029268617907665485,-0.022038208254404102,0.002472931426279912,-0.02686044248361763,-0.015619872678348745,14.772727271608236,34.72694231770615,0,0,-0.0274018267884526,GOOGL,US,Technology
2024-08-01,149.12,150.67,148.79,149.63,17251169,152.20600000000002,151.755,152.3155,148.2522,151.86799205688925,151.40035753575245,38.18429105746345,42.08092485549131,0.4676345211368016,0.9214278175738614,-0.4537932964370598,152.3155,2.549851337255977,157.41520267451193,147.21579732548804,0.2367003361138402,0.06696236002873594,3.7057142857142873,13184209.0,1.30847195243401,52100221.0,-0.0024001600106674514,0.012564325335744378,0.0034200643776594077,0.0012044161927067254,-0.018175853018372767,-0.04298049248480973,12.045454544542022,17.895780230854083,0,0,-0.03628951413486603,GOOGL,US,Technology
2024-08-02,149.96,150.72,149.45,150.02,16914827,151.584,151.78199999999998,152.15949999999998,148.5934,151.58367068200465,151.29700649520515,42.92574806058372,26.914660831509963,0.28666418679949857,0.7944748482254146,-0.507810661425916,152.15949999999998,2.591848507187742,157.34319701437548,146.97580298562448,0.2936318428372345,0.06813504269324532,3.5921428571428584,13721613.2,1.232714078202257,69015048.0,0.0026064291920071536,0.00846553792821987,0.0004001066951160454,0.0018030050083472915,-0.020373514431239248,-0.020309540912949675,14.999999998863755,13.939393938338014,0,0,-0.04899346753766176,GOOGL,US,Technology
2024-08-05,150.23,149.41,145.73,147.36,23118938,149.77,151.58499999999998,151.947,148.8402,150.93384636835407,151.00246756087023,40.00000000000006,28.060836501901264,-0.0686211925161615,0.6218553755385272,-0.6904765680546887,151.947,2.8047517950042757,157.55650359000856,146.33749640999145,0.0911402919626145,0.07383500286246705,3.6014285714285745,14578911.55,1.5857793179505695,45896110.0,-0.017730969204106106,0.024972855591578677,-0.019104040471150052,-0.013192258755775788,-0.02803245168524504,-0.057981205651089884,10.509348806543704,12.518267783316503,0,0,-0.019747557003257477,GOOGL,US,Technology
2024-08-06,146.46,146.38,144.96,145.59,9967002,148.518,151.272,151.616,149.0218,150.1116852999491,150.59784403510545,42.61092775944263,3.356282271945034,-0.48615873515635144,0.4002522817149491,-0.8864110168713005,151.616,3.1423849474396737,157.90076989487937,145.33123010512065,0.020587061991688905,0.08290378185465794,3.517142857142862,14457473.5,0.6894013197118211,35929108.0,-0.012011400651465887,0.009753417130230332,-0.005940188447317113,-0.021046261430876734,-0.0434925431968991,-0.041224892986499784,3.86977886954114,9.793042558316209,1,0,0.00920392884126664,GOOGL,US,Technology
2024-08-07,145.21,147.68,144.44,145.88,14542386,147.696,150.623,151.161,149.1766,149.46063611598316,150.24538989385633,43.48302300109532,9.2769440654844,-0.7847537778731635,0.16325083734698634,-0.9480046152201498,151.161,3.285228342620727,157.73145668524145,144.59054331475855,0.09812534705842417,0.08693322596698866,3.6185714285714323,14454976.45,1.0060469516678492,50471494.0,0.0019918950477366693,0.022210035645584037,0.004614007299740882,-0.04259368642121153,-0.05871725383920501,-0.0274018267884526,8.571428570918348,7.65018541566774,1,0,0.006786399780641661,GOOGL,US,Technology
2024-08-08,146.04,145.94,142.8,144.2,7312460,146.60999999999999,149.408,150.6635,149.3774,148.65128573349193,149.79404479259458,40.35453597497392,9.510489510489563,-1.1427590591026444,-0.09795134689202524,-1.0448077122106192,150.6635,3.551375233994871,157.76625046798975,143.56074953201025,0.04500020596427225,0.09428627992768797,3.742857142857145,14459263.4,0.5057283550330541,43159034.0,-0.011516314779270731,0.021775312066423105,-0.012599287866251741,-0.07771026543012471,-0.06454751865066499,-0.03628951413486603,7.592190888959086,6.677799443139534,1,1,0.019486823855755953,GOOGL,US,Technology
2024-08-09,144.23,143.39,142.09,142.67,8449551,145.14000000000001,148.36200000000002,149.96800000000002,149.6194,147.731067004163,149.26247911028958,38.855421686746965,8.173076923076977,-1.5314121061265666,-0.3846436786986268,-1.14676842742794,149.96800000000002,3.6910255314322367,157.35005106286448,142.58594893713556,0.005692934263321466,0.09844834981883119,3.7492857142857168,14093110.95,0.5995518257413687,34709483.0,-0.010610263522884855,0.009111936636930478,-0.010816057685566016,-0.0683079736171881,-0.08883637757057106,-0.04899346753766176,3.028720626473612,6.397446695450358,1,1,0.030770309104927618,GOOGL,US,Technology
2024-08-12,142.06,147.46,142.04,144.45,20174689,144.558,147.164,149.498,149.8226,147.22627775288078,148.90358693973388,43.12399355877616,21.31822863027797,-1.6773091868531083,-0.6431769101566747,-1.0341322766964336,149.498,3.7683594084932066,157.0347188169864,141.96128118301357,0.16510625361345477,0.10082701864822284,4.070000000000003,14228887.5,1.4178682333479526,54884172.0,0.012476344010653895,0.03752163378305639,0.016823877234852617,-0.07658377549063489,-0.061098472538186566,-0.019747557003257477,12.55208333267955,7.724331616037425,1,1,0.010591900311526459,GOOGL,US,Technology
2024-08-13,145.02,147.81,146.23,146.93,9039373,144.82599999999996,146.672,149.186,150.0274,147.18069581805332,148.7564797986642,40.89692101740297,47.74396642182578,-1.575783980610879,-0.8296983991796347,-0.7460855814312444,149.186,3.7061419860891593,156.59828397217834,141.77371602782168,0.3478201854640477,0.099369699196019,3.960000000000004,13816379.45,0.6542504408236675,63923545.0,0.01716857043959852,0.010753419995843321,0.013170597158921707,-0.03240039512676973,-0.04073904811647178,0.00920392884126664,25.468749998673555,13.683184652608915,0,1,-0.014768937589328401,GOOGL,US,Technology
2024-08-14,147.12,147.3,146.53,146.87,4182191,145.02399999999997,146.36,149.04850000000002,150.1218,147.1328958029638,148.61593064458503,31.741140215716555,58.18414322250637,-1.4830348416212473,-0.9603657296628182,-0.5226691119584291,149.04850000000002,3.7400510480614444,156.5286020961229,141.56839790387713,0.35438032981638307,0.10037138375861153,3.3814285714285757,13436442.35,0.3112572941410124,59741354.0,-0.0004083577213639389,0.005242731667425393,-0.0016992930940613153,-0.020801386759117357,-0.018379895735864182,0.006786399780641661,29.96277915446888,22.66120416194067,0,0,-0.03166065227752435,GOOGL,US,Technology
2024-08-15,147.36,149.17,145.29,147.01,7937449,145.586,146.098,148.92649999999998,150.156,147.11398853596828,148.49633470094062,36.625874125874155,57.36636245110817,-1.382346164972347,-1.0447618384238146,-0.3375843265485323,148.92649999999998,3.765971287309867,156.4584425746197,141.39455742538024,0.37277518506110496,0.10114979637027877,3.405000000000005,13399299.1,0.5923778809909631,67678803.0,0.000953223939538228,0.026392762396936286,-0.002375135722025296,-0.017509857648867255,-0.01632653061224487,0.019486823855755953,30.831265506772237,28.754264886638236,0,0,-0.020814910550302712,GOOGL,US,Technology
2024-08-16,148.22,150.25,144.51,147.06,8001078,146.464,145.802,148.792,150.2414,147.10568252543652,148.38941129502362,26.133469179826847,73.67549668874176,-1.2837287695870998,-1.092555234487003,-0.19117353510009671,148.792,3.7830099405799245,156.35801988115986,141.22598011884014,0.3855408770007073,0.10169928330970766,3.4557142857142913,12757312.2,0.6271757912159749,75679881.0,0.00034011291748869965,0.039031687746232675,-0.007826204290866081,-0.019730702572990366,-0.017963272120200324,0.030770309104927618,41.147540980233835,33.98052854715832,0,0,-0.021963824289405576,GOOGL,US,Technology
2024-08-19,146.09,147.19,145.0,145.98,4311172,146.77,145.664,148.62449999999998,150.2378,146.93249915314135,148.210116211226,31.804091754494777,79.6064400715562,-1.277617058084644,-1.129567605296934,-0.1480494527877101,148.62449999999998,3.83178462613086,156.2880692522617,140.96093074773827,0.3274629018621448,0.10312659423190856,3.1485714285714335,12553588.55,0.3434214558974488,71368709.0,-0.007343941248470043,0.015002055075935033,-0.0007529605037939674,-0.009364820846905708,-0.02243353646286761,0.010591900311526459,37.92107795592667,36.63329481431092,0,0,-0.016509110837100938,GOOGL,US,Technology
2024-08-20,146.72,145.3,144.32,144.76,11248861,146.336,145.581,148.4265,150.1754,146.59826615397938,147.95346497942694,33.11814073595869,53.08151093439365,-1.3551988254475589,-1.1746938552674948,-0.18050497018006406,148.4265,3.927702254499462,156.28190450899893,140.57109549100107,0.2666256399612267,0.10584908367368369,2.9535714285714323,12486750.65,0.9008636765831728,60119848.0,-0.0083573092204412,0.006769825918715449,-0.013358778625863205,-0.005700940998695003,-0.026627218934911268,-0.014768937589328401,31.336405526343693,36.80167482083474,0,0,-0.004075711522520065,GOOGL,US,Technology
2024-08-21,145.12,143.9,140.88,142.22,15255769,145.406,145.215,147.91899999999998,150.049,145.9246827208836,147.52709170309686,29.0322580645162,3.732809430255358,-1.6024089822132623,-1.260236889665381,-0.3421720925478813,147.91899999999998,4.045324656804128,156.00964931360824,139.82835068639173,0.14780329864487987,0.10939296930825057,3.096428571428575,12392586.95,1.2310398006898955,44864079.0,-0.01754628350373022,0.021234706792144394,-0.019983461962376117,-0.02508911434055383,-0.06661416289295796,-0.03166065227752435,13.617886177477887,27.625123219916095,1,1,0.023906623540992822,GOOGL,US,Technology
2024-08-22,141.58,145.66,142.58,143.95,8014300,144.79399999999998,145.19,147.299,149.998,145.6208838432225,147.2611562476211,34.034718569174075,28.402366863905172,-1.6402724043986154,-1.336243999015614,-0.30402840538300135,147.299,3.6121984849585473,154.5233969699171,140.07460303008293,0.2682159483889302,0.09809159559627743,3.251428571428574,11657988.8,0.6874512791218945,52878379.0,0.012164252566446265,0.021396318165881126,0.01673965249317161,-0.0017337031900138689,-0.07930924208506562,-0.020814910550302712,32.764140871636606,25.906144191819408,1,1,0.03792983674887118,GOOGL,US,Technology
2024-08-23,143.91,144.44,143.34,143.83,16258247,144.148,145.30599999999998,146.834,149.94259999999997,145.34536207324862,147.0061390701972,39.28354584092288,26.409495548961516,-1.6607769969485844,-1.4011506029769045,-0.25962639397167986,146.834,3.415294392797433,153.66458878559487,140.00341121440513,0.28010680377837427,0.09303824435142202,3.0235714285714295,11888427.05,1.3675691127221818,36620132.0,-0.0008336227856893252,0.007647917680541934,-0.0005559029949234118,0.008130651153010593,-0.06073271076862785,-0.021963824289405576,31.483457840823704,25.955161629979404,1,1,0.034485156087047164,GOOGL,US,Technology
2024-08-26,143.52,146.2,141.47,143.57,3846797,143.666,145.21800000000002,146.191,149.8876,145.0722284578709,146.75081535568174,43.24866310160425,24.892086330935143,-1.6785868978108454,-1.4566378649355598,-0.22194903287528556,146.191,2.63500704083745,151.4610140816749,140.9209859183251,0.25132893768109826,0.07209765418717777,3.19,11506778.4,0.3343070086144173,32773335.0,-0.001807689633595344,0.03294560144854109,0.0003483835005548674,-0.006092073381792962,-0.08220929489228412,-0.016509110837100938,28.708644607394984,30.98541443995177,1,1,0.02967193703419957,GOOGL,US,Technology
2024-08-27,142.71,144.91,143.58,144.17,14599265,143.548,144.942,145.807,149.7964,144.93342365457553,146.55909117073682,44.40078585461687,36.01236476043269,-1.6256675161612861,-1.490443796638955,-0.13522371952233114,145.807,2.3059764457645207,150.41895289152902,141.19504710847096,0.32252637452896854,0.06326106279530337,3.054285714285714,11585224.1,1.260162394255076,47372600.0,0.004179146061154881,0.009225220226057842,0.010230537453505354,-0.01878445518274019,-0.050576226539348124,-0.004075711522520065,35.11205976146072,31.76805406989315,1,1,0.02968717486300898,GOOGL,US,Technology
2024-08-28,144.77,147.25,144.32,145.62,10176230,144.22799999999998,144.81699999999998,145.5885,149.7258,145.03905105840414,146.48934269356857,54.720744680851105,56.41791044776131,-1.450291635164433,-1.4824133640669306,0.03212172890249754,145.5885,2.085231969930621,149.75896393986125,141.41803606013877,0.5037765581899822,0.05729111763405201,3.050000000000001,11530087.7,0.8825803742515875,57548830.0,0.010057570923215797,0.020120862518746643,0.00587138219240259,-0.00851092803159259,-0.029135275685045703,0.023906623540992822,50.586979717119924,38.13589469532522,1,1,0.005013047658288583,GOOGL,US,Technology
2024-08-29,145.04,151.45,147.78,149.41,29798565,145.32,145.057,145.57750000000001,149.64440000000002,145.71150621645242,146.70622368388302,69.47976878612718,95.22012578616358,-0.9947174674306041,-1.3848741820469026,0.39015671461629853,145.57750000000001,2.063254646630364,149.70400929326075,141.45099070673928,0.9643755443971376,0.05669158068015171,3.3157142857142867,12157457.5,2.451052166865303,87347395.0,0.02602664469166327,0.02456328224332658,0.030129619415126003,0.016325420039453142,-0.0014702933903628645,0.03792983674887118,80.70009459974462,55.46637802610843,1,0,0.002342547352921498,GOOGL,US,Technology
2024-08-30,147.85,149.41,148.29,148.79,10344823,146.31199999999998,145.23,145.516,149.5904,146.18512152355726,146.8609315114405,63.44485749690211,85.38011695906434,-0.6758099878832411,-1.2430613400821502,0.5672513521989091,145.516,1.938421495634143,149.39284299126828,141.6391570087317,0.9222507858135721,0.05328407860636149,3.008571428571429,11828957.3,0.8745337279614892,77002572.0,-0.004149655310889511,0.007527387593201675,0.006357795062520393,0.011763905888752868,-0.008198906812425077,0.034485156087047164,74.83443707901284,68.70717046529246,1,0,0.02379192150010101,GOOGL,US,Technology
2024-09-02,149.42,148.82,147.04,147.83,10115229,147.16400000000002,145.415,145.5395,149.4898,146.4381801480473,146.93286678226477,53.07797537619701,76.04166666666664,-0.49468663421745873,-1.0933863962646846,0.5986997620472259,145.5395,1.9646252488504572,149.4687504977009,141.6102495022991,0.7914678003538798,0.05399565750430513,2.895714285714285,11178771.85,0.9048604114001655,66887343.0,-0.00645204650850173,0.012040857741919504,-0.010641145763547947,0.01267296889984948,0.003189467969598292,0.02967193703419957,65.75212865981551,73.76222011285768,1,1,0.043766488534127124,GOOGL,US,Technology
2024-09-03,147.46,151.43,146.07,148.45,10120001,148.02,145.784,145.6825,149.3726,146.7476913057197,147.04546793227172,55.204216073781254,80.34825870646777,-0.29777662655200743,-0.9342644400729959,0.6364878135209885,145.6825,2.069767022231118,149.82203404446224,141.54296595553777,0.8342767530645143,0.05682953058100765,3.2235714285714283,11186421.8,0.9046682018848777,77007344.0,0.00419400662923608,0.03610643314222909,0.006713685067091191,0.025490466979828597,0.019644206332852354,0.02968717486300898,71.61778618054701,70.73478397312513,1,1,0.03792522734927606,GOOGL,US,Technology
2024-09-04,148.74,146.39,146.31,146.35,8695816,148.166,146.19699999999997,145.706,149.2582,146.6865079591341,146.99385803617042,48.07467911318554,61.42557651991622,-0.3073500770363182,-0.8088815660478532,0.501531489011535,145.706,2.074789526421186,149.85557905284236,141.55642094715762,0.5775982324015831,0.05695824540943944,3.0992857142857133,10894093.3,0.7982137624786302,68311528.0,-0.014146177164028217,0.0005466347796340106,-0.016068307112975303,0.029039516242441277,0.0032218261584864294,0.005013047658288583,51.75023651355251,63.040050451305014,1,1,0.06730440724291076,GOOGL,US,Technology
2024-09-05,146.5,150.94,148.82,149.76,8557031,148.236,146.77800000000002,145.98399999999998,149.27280000000002,147.15935333829222,147.19910266419362,56.58536585365853,68.00000000000003,-0.039749325901397015,-0.6550551166270085,0.6153057907256115,145.98399999999998,2.2291310556262944,150.44226211125257,141.5257378887474,0.9234834005773184,0.06107877728000405,3.0171428571428556,10956321.85,0.7810130385122779,76868559.0,0.023300307482063465,0.014155982905888414,0.022252559726810502,0.04036123654046553,0.0385575589459084,0.002342547352921498,84.01135287757698,69.12645852389217,1,1,0.0631677350427351,GOOGL,US,Technology
2024-09-06,149.53,152.87,151.89,152.33,14215367,148.94400000000002,147.628,146.46699999999998,149.2832,147.9548380803821,147.579761978292,64.43838108231023,64.20233463035031,0.3750761020901052,-0.44902887139257275,0.824104973482678,146.46699999999998,2.502996309688759,151.4729926193775,141.46100738062248,1.0855981465313755,0.06835659389955868,3.0828571428571427,11244612.65,1.2641934567489563,91083926.0,0.017160790598290676,0.006433401168473608,0.018725339396651417,0.05909754571368975,0.06770869839489757,0.02379192150010101,95.49624686442908,77.08594541851954,1,1,0.05514343858727755,GOOGL,US,Technology
2024-09-09,152.03,154.45,154.18,154.3,11650356,150.238,148.701,146.9595,149.3032,148.93101750209527,148.07827627061192,70.97625329815313,73.68873602751519,0.8527412314833498,-0.1886748493100415,1.0414160807933912,146.9595,3.004131322029682,152.96776264405935,140.95123735594063,1.1108671036665683,0.08176759779420145,3.115714285714284,10818396.0,1.0769022434654598,102734282.0,0.012932449287730519,0.001749837977953545,0.014931263566303223,0.07473706206031916,0.06818968501211509,0.043766488534127124,98.8946204790794,92.80074007369517,1,1,0.03720025923525583,GOOGL,US,Technology
2024-09-10,152.29,154.22,153.96,154.08,11805816,151.364,149.692,147.31699999999998,149.3256,149.72316911212974,148.52344279971496,79.0401567091088,78.69605142332418,1.1997263124147821,0.08900538432105012,1.110720928093732,147.31699999999998,3.3998128431460612,154.1166256862921,140.51737431370785,0.9973067865071426,0.09231284490243456,2.8628571428571417,10956718.15,1.0774955384340577,90928466.0,-0.0014257939079714843,0.001687435098639041,0.011753890603376891,0.06873829506832241,0.04866262846253311,0.03792522734927606,97.14946070129838,97.18010934826896,1,1,0.008956386292834795,GOOGL,US,Technology
2024-09-11,153.75,156.3,156.12,156.2,11686472,153.334,150.75,147.7835,149.36700000000002,150.71960511923436,149.09278055390874,79.43296492071127,81.2752219531881,1.6268245653256201,0.39656922166159475,1.2302553436640253,147.7835,3.933468102805636,155.65043620561127,139.91656379438874,1.0349287053428626,0.10646569076463928,2.7757142857142845,11331932.2,1.0312867004899042,102614938.0,0.013759086188992464,0.001152368757995227,0.01593495934948978,0.07265485510232095,0.06352556682780675,0.06730440724291076,99.32569115985652,98.45659078007812,1,1,0.012676056338028374,GOOGL,US,Technology
2024-09-12,155.28,159.41,159.07,159.22,7429643,155.226,151.731,148.394,149.5034,152.02735871740782,149.8438046899557,82.45466048080979,98.34710743801654,2.183554027452118,0.7539661838791232,1.4295878435729947,148.394,4.683185375698665,157.76037075139735,139.02762924860266,1.0779186136373566,0.12623651564529864,2.926428571428571,11306541.9,0.6571100526227164,110044581.0,0.01933418693982092,0.0021354101243428467,0.025373518804576407,0.0656582558061709,0.08305557445071776,0.0631677350427351,98.94091415279037,98.47202200464842,0,0,-0.012121592764728129,GOOGL,US,Technology
2024-09-13,159.64,161.33,160.26,160.73,25057044,156.906,152.925,149.0775,149.6552,153.3662270744802,150.65104516302972,84.37500000000006,98.07186678352323,2.715181911450486,1.1462093303235699,1.5689725811269162,149.0775,5.4181283183110605,159.9137566366221,138.24124336337786,1.0376626075642048,0.14537749340510053,2.739285714285716,12159340.2,2.060723816188331,135101625.0,0.0094837331993467,0.006657126858665866,0.006827862691012126,0.08024732844949267,0.09295525635794899,0.05514343858727755,96.61971830441566,98.29544120568751,0,0,-0.03521433459839485,GOOGL,US,Technology
2024-09-16,160.09,163.28,157.46,160.04,6393704,158.054,154.14600000000002,149.78050000000002,149.8238,154.392961674032,151.34720653697025,81.6766467065869,90.45120671563484,3.0457551370617466,1.526118492391945,1.5196366446698015,149.78050000000002,5.886934216864016,161.55436843372806,138.00663156627198,0.9356894276852281,0.15721497035527898,3.059285714285715,12263466.8,0.5213618288295256,128707921.0,-0.0042929135817830755,0.036365908522642015,-0.0003123243175694862,0.08259487248866937,0.09631456363885471,0.03720025923525583,82.91139240069029,92.82400828596546,0,0,-0.015058735316170968,GOOGL,US,Technology
2024-09-17,159.5,156.45,154.66,155.46,15934419,158.32999999999998,154.847,150.3155,149.8888,154.55712145752378,151.65213500440808,67.45919091554299,54.77759472817134,2.904986453115697,1.8018920849552398,1.1030943681604573,150.3155,5.892862297104165,162.1012245942083,138.52977540579167,0.7182513242253198,0.15681316423296218,3.2235714285714283,12497744.7,1.2749834556163198,112773502.0,-0.02861784553861524,0.01151421587539224,-0.02532915360485682,0.047221286628494674,0.07391544625587199,0.008956386292834795,54.56130156568505,78.03080409026367,1,0,0.020648398301813753,GOOGL,US,Technology
2024-09-18,155.53,158.66,157.79,158.18,9477939,158.72600000000003,156.03,151.1135,149.9528,155.1144875050261,152.13608776873275,66.17484323128004,64.00273224043718,2.9783997362933405,2.0371936155085555,0.941206120784785,151.1135,5.819060581625862,162.7516211632517,139.47537883674826,0.8035928179502655,0.15403152151428842,3.0357142857142856,12208853.2,0.7763168307800744,122251441.0,0.017496462112440492,0.005500063219082719,0.01703851346996057,0.08083361803894773,0.11222050344536649,0.012676056338028374,70.3660662364692,69.27958673428152,0,0,-0.021051966114553067,GOOGL,US,Technology
2024-09-19,157.24,157.71,156.96,157.29,16787367,158.34,156.783,151.7805,150.0156,155.44918179492336,152.5181567133484,65.5222790357926,54.06413124533931,2.9310250815749725,2.2159599088954804,0.7150651726794921,151.7805,5.718407466014366,163.21731493202873,140.34368506797125,0.7408668861043564,0.15070203263203624,3.0428571428571423,12647506.55,1.3273261101947316,105464074.0,-0.005626501454039756,0.0047682624451346675,0.00031798524548247876,0.05028044871794868,0.09267106634248012,-0.012121592764728129,65.19465426698459,63.37400735637962,0,1,-0.016593553309174003,GOOGL,US,Technology
2024-09-20,156.72,158.7,152.16,155.07,9244130,157.208,157.057,152.3425,149.9854,155.39084612533162,152.70731860049844,62.639664804469255,33.544805709754115,2.683527524833181,2.3094734321556865,0.3740540926774947,152.3425,5.441540876007792,163.2255817520156,141.45941824798442,0.6253091753569499,0.1428765019865651,3.3828571428571417,12296800.7,0.7517507580853321,96219944.0,-0.014114056837688294,0.04217450183760765,-0.010528330780943578,0.01798726449156418,0.07814781339080845,-0.03521433459839485,52.29517721950636,62.61863257432005,0,0,-0.006642161604436758,GOOGL,US,Technology
2024-09-23,154.68,159.32,156.27,157.63,17210461,156.726,157.39000000000001,153.0455,150.061,155.7353313809616,153.07220539285402,65.00981033355137,38.65300146412887,2.663125988107595,2.380203943390038,0.2829220447175569,153.0455,5.148907370041117,163.34331474008223,142.74768525991777,0.7225957698303275,0.13457193762658745,3.3035714285714266,12964983.9,1.3274570801852612,113430405.0,0.01650867350228924,0.01934910867208421,0.01907163175575974,0.02158133506156834,0.09793132269972848,-0.015058735316170968,66.70595167550344,61.39859438733148,0,0,-0.004884856943475069,GOOGL,US,Technology
2024-09-24,157.95,159.13,158.3,158.67,13005112,157.368,157.849,153.77050000000003,150.171,156.18681890976694,153.48711345391712,70.86720867208672,45.11063526052818,2.6997054558498235,2.444104245913774,0.2556012099360494,153.77050000000003,4.8452999201071245,163.46109984021427,144.07990015978578,0.7527965285964611,0.12603977798278898,3.2578571428571417,12885276.25,1.0093001297275153,126435517.0,0.006597728858719787,0.0052309825423504965,0.004558404558375692,0.029789719626168054,0.10057570923215642,0.020648398301813753,68.11894881963208,62.37335923821397,0,0,-0.04329740971828311,GOOGL,US,Technology
2024-09-25,157.48,157.03,153.1,154.85,17913631,156.70199999999997,157.714,154.232,150.2756,155.98115444324168,153.58812585849918,58.50317407283663,47.69811320754712,2.3930285847424955,2.433889113675454,-0.04086052893295866,154.232,4.45171002034767,163.13542004069535,145.32857995930465,0.5347057645624133,0.11545489963999202,3.327857142857141,13272146.3,1.349716108108595,108521886.0,-0.024075124472174858,0.025379399418628528,-0.016700533400960726,-0.008642765685019205,0.06338415052877355,-0.021051966114553067,25.98770851396073,53.604203003032104,0,1,-0.025702292541168847,GOOGL,US,Technology
2024-09-26,155.46,155.8,153.78,154.68,26312251,156.18,157.26,154.4955,150.3802,155.78097682104917,153.66904833281725,54.26807119505993,33.644859813084096,2.1119284882319107,2.3694969885662505,-0.25756850033433976,154.4955,4.30481428782152,163.10512857564302,145.88587142435696,0.5107147479051104,0.1114547488514203,3.249999999999998,13097830.6,2.0089013054649443,82209635.0,-0.0010978366160799835,0.013059219032757636,-0.005017367811623465,-0.02851400577816854,0.03527207014256084,-0.016593553309174003,22.661870501559267,38.92284261171738,0,0,-0.026377036462373993,GOOGL,US,Technology
2024-09-27,154.56,156.6,151.99,154.04,11424327,155.974,156.59099999999998,154.75799999999998,150.466,155.5131342156015,153.69653973133222,49.50381679389309,34.44976076555024,1.8165944842692738,2.258916487678698,-0.4423220034094242,154.75799999999998,4.093471824618819,162.94494364923762,146.57105635076235,0.4561496920451505,0.105803172038728,3.4278571428571416,13151805.8,0.8686507621142975,70785308.0,-0.004137574347039097,0.02992729161237379,-0.00336438923393275,-0.04162259690163628,0.035284629343369955,-0.006642161604436758,18.157661645867208,22.269080220462417,1,0,0.003051155544014472,GOOGL,US,Technology
2024-09-30,153.64,157.4,156.43,156.86,11123499,155.82,156.273,155.2095,150.6166,155.72034434779533,153.9309766954257,54.826388888888886,58.0995475113123,1.7893676523696342,2.1650067205977552,-0.375639068228121,155.2095,3.7746933998880903,162.75888679977618,147.6601132002238,0.6093135140088226,0.09727995773103512,3.643571428571428,13202219.3,0.8425475978460986,81908807.0,0.0183069332640875,0.006183858217479376,0.0209580838321991,-0.01987003249187691,0.061083677196779984,-0.004884856943475069,43.13551815384103,27.98501676708919,0,0,-0.03295932678821889,GOOGL,US,Technology
2024-10-01,157.14,154.37,149.75,151.8,3349476,154.446,155.90699999999998,155.377,150.6782,155.11721441976883,153.77306009941145,43.06868304977949,28.48708487084879,1.3441543203573758,2.0008362405229256,-0.6566819201655498,155.377,3.5250279580825996,162.42705591616522,148.3269440838348,0.2463140687973452,0.0907477415076856,3.9928571428571433,12863693.05,0.2603821256149978,78559331.0,-0.032258064516129004,0.03043478260849519,-0.033982436044075304,-0.023543033577769212,0.0225665207140453,-0.04329740971828311,15.151515150395388,25.48156498336789,0,1,-0.05065876152832671,GOOGL,US,Technology
2024-10-02,152.59,152.87,149.27,150.87,10451309,153.65,155.176,155.603,150.6482,154.4637967907245,153.55793476724088,35.91905564924116,20.982142857142975,0.9058620234836212,1.7818413970865143,-0.8759793736028931,155.603,3.025291808456936,161.6535836169139,149.55241638308613,0.10888070475729046,0.07776949823428853,4.020714285714285,12951467.7,0.8069593682452401,68108022.0,-0.006126482213438811,0.023861602704156777,-0.011272036175298034,-0.04621317486407894,0.0308848650495388,-0.025702292541168847,11.420413989191943,23.235815764476133,0,1,-0.0672764631802214,GOOGL,US,Technology
2024-10-03,151.76,152.6,149.0,150.6,15782169,152.834,154.507,155.645,150.5332,153.8693664952122,153.33874939032097,32.17177050334391,28.513650151668443,0.5306171048912347,1.5315965386213588,-1.000979433730124,155.645,2.9446606452680295,161.53432129053607,149.75567870946395,0.07168239333632191,0.07567633127306655,4.1271428571428554,13312724.6,1.1854949522883578,52325853.0,-0.001789620202823694,0.02390438246996076,-0.007643647864999691,-0.04253290101087159,0.00560897435897445,-0.026377036462373993,11.204481791932418,12.592136977173263,0,0,-0.06062416998671971,GOOGL,US,Technology
2024-10-04,149.79,157.27,152.31,154.51,9207122,152.928,154.451,155.75400000000002,150.5608,153.96792549875698,153.4255376942497,41.25829908314892,49.3763756419662,0.5423878045072854,1.3337547917820367,-0.7913669872747513,155.75400000000002,2.854459853042683,161.4629197060854,150.04508029391465,0.39104768814097646,0.0733068775896441,4.187857142857142,13062312.35,0.7048615167389167,61532975.0,0.025962815405046413,0.032101482104510436,0.03151078176092188,-0.003611272328625792,0.014311035252412285,0.003051155544014472,53.39147286304341,25.33878954805594,0,0,-0.07061031648436988,GOOGL,US,Technology
2024-10-07,155.58,152.59,150.96,151.69,10674526,151.894,153.857,155.62349999999998,150.466,153.61747541357613,153.29693955960545,43.6893203883495,42.56799493991148,0.3205358539706822,1.1311110042062396,-0.8105751502355574,155.62349999999998,2.981277145965045,161.58605429193005,149.6609457080699,0.17014975398262924,0.07662794233379615,4.057142857142856,13013520.85,0.8202641931246306,50858449.0,-0.018251245874053468,0.01074559957801602,-0.02500321378053099,-0.037683182135380355,-0.016915100453661736,-0.03295932678821889,26.065891470342446,30.220615375106107,0,0,-0.02333706902234811,GOOGL,US,Technology
2024-10-08,151.71,146.73,142.01,144.11,9605422,150.35600000000002,152.401,155.125,150.3112,152.15478685857178,152.61623051418906,29.74373740282178,19.00826446280992,-0.4614436556172734,0.8126000722245286,-1.274043727841802,155.125,3.9341989086257825,162.99339781725158,147.25660218274842,-0.19995189971518007,0.1014459025585928,4.5200000000000005,12903501.15,0.7444042623730643,41253027.0,-0.049970334234293534,0.032752758309397306,-0.05009557708753476,-0.09176277809289701,-0.06470664589823472,-0.05065876152832671,12.131715770529782,30.52969336797189,1,0,0.036014155853167695,GOOGL,US,Technology
2024-10-09,145.08,140.85,140.62,140.72,4187449,148.32600000000002,150.988,154.351,150.1258,150.3955888499636,151.7347944514717,27.746441042170318,20.687830687830655,-1.3392056015081266,0.3822389374596127,-1.7214445389677393,154.351,5.070281732024938,164.49156346404988,144.21043653595012,-0.17210269173662035,0.13139614857026102,4.682142857142858,12528550.0,0.3342325062171994,37065578.0,-0.023523697175768632,0.0016344513928251516,-0.030052384890887518,-0.09124959638359698,-0.0991037131882202,-0.0672764631802214,0.5347593582601432,12.910788866377471,1,1,0.046688459351904354,GOOGL,US,Technology
2024-10-10,139.96,143.09,140.17,141.47,15538125,146.5,149.667,153.4635,149.9626,149.02242131452826,150.97425251521878,30.98434004474275,24.893162393162385,-1.9518312006905205,-0.08457509018636765,-1.867256110504153,153.4635,5.688896179123189,164.8412923582464,142.08570764175363,-0.02705743005058099,0.14828011036073388,4.423571428571431,12933974.1,1.2013418055830338,52603703.0,0.005329732802728859,0.020640418463132647,0.010788796799008304,-0.08540212050685292,-0.11148096972742116,-0.06062416998671971,6.788511748992824,6.484995625927598,1,1,0.05817487806602095,GOOGL,US,Technology
2024-10-11,141.34,145.66,141.94,143.6,7401435,144.318,148.623,152.607,149.8342,148.18820264044473,150.42788733894787,30.14435324087178,32.99319727891155,-2.2396846985031402,-0.5155970118615065,-1.7240876866416337,152.607,5.8251813615317545,164.25736272306352,140.95663727693648,0.11344551177437447,0.15268451280723927,4.419285714285716,12051193.65,0.6141660818664147,60005138.0,0.015056195659857163,0.02590529247892823,0.015989811801216933,-0.06777460399896129,-0.10657624587818082,-0.07061031648436988,18.090717298623936,8.47132946862565,1,1,0.042966573816156206,GOOGL,US,Technology
2024-10-14,143.51,148.27,148.05,148.15,5481918,143.60999999999999,147.752,152.0125,149.85,148.18232531108407,150.25911940679237,36.457260556127736,35.01413760603208,-2.076794095708294,-0.8278364286376935,-1.2489576670706009,152.0125,5.630129357212614,163.2727587144252,140.75224128557477,0.3284897310849383,0.14814911555761726,4.6457142857142895,12005604.35,0.4566132102618216,65487056.0,0.031685236768802305,0.0014849814377219971,0.032332241655408565,-0.05552722172638025,-0.0742939265183703,-0.02333706902234811,46.31456761193769,23.73126555318483,1,1,0.007964900438744538,GOOGL,US,Technology
2024-10-15,147.18,150.04,148.7,149.3,16447734,144.648,147.502,151.7045,149.9242,148.3542752647465,150.1880596704393,42.32789604644737,43.88746803069058,-1.8337844056927963,-1.0290260240522344,-0.8047583816405619,151.7045,5.600018303541504,162.904536607083,140.504463392917,0.39265660083325027,0.1476559575623555,4.382857142857146,12031270.1,1.367081986873357,81934790.0,0.007762402969963,0.008975217682458327,0.014404130995961412,-0.016469038208168696,-0.0396243406664093,0.036014155853167695,52.98897271892121,39.131419209827634,1,1,0.0012056262558606257,GOOGL,US,Technology
2024-10-16,148.94,147.89,146.82,147.29,12498289,145.962,147.144,151.16000000000003,149.9524,148.1905406074057,149.97334982306353,40.27887398053144,61.37339055793981,-1.782809215657835,-1.179782662375465,-0.60302655328237,151.16000000000003,5.465056459476233,162.09011291895249,140.22988708104756,0.32296614732988965,0.14461647153850424,4.415714285714289,12182287.6,1.0259393296592891,69436501.0,-0.013462826523777727,0.007264580080064694,-0.0110782865582713,-0.023729038244846623,-0.06884561891516006,0.046688459351904354,41.32327335801953,46.875604562959495,1,1,0.03856337836920365,GOOGL,US,Technology
2024-10-17,147.97,150.02,149.45,149.7,13544098,147.608,147.054,150.78050000000002,150.0624,148.42276513081453,149.9530983029081,44.54499748617396,84.53846153846142,-1.5303331720935773,-1.2498927643198725,-0.2804404077737048,150.78050000000002,5.27728147220155,161.33506294440312,140.22593705559692,0.44881360762447237,0.1399990442309596,4.281428571428577,12020124.15,1.1267851067257815,82980599.0,0.01636227849820071,0.003807615230435632,0.011691559099738449,-0.005976095617529875,-0.04825481594506964,0.05817487806602095,55.31050493004577,49.87425033566219,1,0,0.006412825651302745,GOOGL,US,Technology
2024-10-18,150.56,150.9,148.87,149.77,11032668,148.842,146.57999999999998,150.5155,150.2044,148.63003203487725,149.93953336618577,40.426681069403195,83.68506493506484,-1.3095013313085246,-1.2618144777177098,-0.047686853590814815,150.5155,5.182770520017019,160.88104104003403,140.14995895996597,0.4640395036986133,0.13773386847155497,4.186428571428577,12109551.05,0.911071520601788,94013267.0,0.00046760187040773005,0.013554116311587414,-0.0052470775770107935,-0.030677626043621675,-0.03417811311020813,0.042966573816156206,56.14035087390998,50.924709720658434,0,1,-0.011484275889697582,GOOGL,US,Technology
2024-10-21,150.27,150.28,148.58,149.33,7635364,149.07800000000003,146.344,150.10049999999998,150.30200000000002,148.73771941461538,149.8943762751304,46.18944770132676,76.95202257761049,-1.156656860515028,-1.2407829542770228,0.08412609376199476,150.10049999999998,4.908134467123728,159.91676893424744,140.28423106575252,0.4607539277080843,0.13079595250091858,3.8000000000000034,11630796.2,0.6564781303211099,86377903.0,-0.002937838018294725,0.011384182682572856,-0.006255406934143491,-0.015558046014898741,-0.052654951468628974,0.007964900438744538,53.56725145885579,55.00603575427053,0,1,-0.00910734614611941,GOOGL,US,Technology
2024-10-22,149.55,151.01,148.25,149.48,15799796,149.11399999999998,146.88100000000003,149.641,150.35299999999998,148.85191642818978,149.86367766277513,47.80271893771734,60.674157303370635,-1.0117612345853502,-1.194978610338426,0.18321737575307573,149.641,4.474675995327182,158.59035199065437,140.6916480093456,0.49100493529257005,0.11961096211057896,3.740000000000003,11770530.4,1.3423179857453165,102177699.0,0.0010044867072924735,0.018464008562894884,-0.000468070879301595,0.03726320172090758,-0.0579189512825361,0.0012056262558606257,54.4444444412605,54.717348924675434,0,0,-0.010636874498260673,GOOGL,US,Technology
2024-10-23,149.13,154.22,151.97,152.97,6931795,150.25,148.106,149.547,150.475,149.4854677489874,150.093803887646,53.400286944045924,71.41190198366381,-0.6083361386586148,-1.0776501160019254,0.4693139773433106,149.547,4.3781972978552215,158.30339459571044,140.79060540428955,0.6954571577314134,0.11710558681420416,3.8214285714285756,11221438.6,0.6177277824495887,109109494.0,0.02334760503077349,0.01470876642469302,0.025749346207833798,0.08705230244457085,-0.012140781401356104,0.03856337836920365,74.8538011652132,60.955165688443174,0,0,-0.04634895731189126,GOOGL,US,Technology
2024-10-24,154.59,151.08,150.31,150.66,11727051,150.44199999999998,149.025,149.346,150.548,149.6661650188705,150.13574911218157,44.21052631578948,68.99661781285232,-0.4695840933110844,-0.9560369114633109,0.4864528181522265,149.346,4.219545248633141,157.78509049726628,140.90690950273373,0.577851991268952,0.11301394744030334,3.535000000000003,10492178.6,1.1176944588329387,97382443.0,-0.015101000196116932,0.005110845612603872,-0.025422084222618442,0.0649607690676468,-0.025989138867339112,0.006412825651302745,74.66192170287104,67.98672243644826,0,0,-0.04606398513208543,GOOGL,US,Technology
2024-10-25,149.61,149.58,146.84,148.05,6517409,150.098,149.47,149.0465,150.5678,149.41752424615842,149.981232901966,44.49152542372884,40.90407938258005,-0.5637086558075737,-0.8775712603319332,0.31386260452435955,149.0465,4.079077907928047,157.2046558158561,140.8883441841439,0.43892614808225794,0.10947128333508495,3.554285714285718,10246832.7,0.6360412582864501,90865034.0,-0.01732377538829144,0.018507261060327605,-0.010427110487197213,0.03098885793871875,-0.038886003635419275,-0.011484275889697582,56.08540924867732,68.53371070558721,0,0,-0.022087132725430614,GOOGL,US,Technology
2024-10-28,147.13,148.69,147.4,147.97,6209078,149.82600000000002,149.452,148.602,150.6076,149.19482820784975,149.8322381551759,57.55677368833198,40.088105726872165,-0.6374099473261481,-0.8295389977306633,0.19212905040451522,148.602,3.6439937604659765,155.88998752093195,141.31401247906805,0.45664097951310506,0.09808734096287945,2.9550000000000023,10001111.65,0.6208387223795544,84655956.0,-0.000540357987166562,0.008717983374949478,0.005709236729384179,-0.00121498481268989,-0.05667474180798171,-0.00910734614611941,55.51601423092416,62.08778172749086,1,0,0.00243292559302577,GOOGL,US,Technology
2024-10-29,147.38,148.74,147.22,147.89,15254357,149.50799999999998,149.311,148.4065,150.6702,148.9940854063079,149.6883556684794,66.12685560053976,41.7431192660549,-0.6942702621715,-0.8024852506187798,0.10821498844727984,148.4065,3.567473342946056,155.5414466858921,141.27155331410788,0.46380491521505796,0.09615409952857916,2.8142857142857167,10596355.7,1.4395850792754081,69401599.0,-0.0005406501317835044,0.010277909256810687,0.0034604423937883736,-0.009444072337575493,-0.025757575757575868,-0.010636874498260673,54.946619213171005,55.51601423092418,1,0,0.016295895598079868,GOOGL,US,Technology
2024-10-30,148.02,146.9,145.06,145.88,7239292,148.09,149.17000000000002,148.15699999999998,150.7434,148.5149953431241,149.4062316578349,59.38697318007661,32.986767485822355,-0.8912363147107953,-0.8202354634372094,-0.07100085127358591,148.15699999999998,3.5606018119353027,155.27820362387058,141.03579637612938,0.34012534112158344,0.09613050512392307,2.807857142857143,10435754.85,0.6937007825839467,62162307.0,-0.013591182635742771,0.012613106662924256,-0.014457505742369661,-0.009572951320524159,-0.03307483263736999,-0.04634895731189126,32.08469055113315,47.51577466507612,1,1,0.043528927885933655,GOOGL,US,Technology
2024-10-31,145.53,143.75,143.71,143.72,22024429,146.702,148.572,147.81300000000002,150.7388,147.77730375099492,148.9849966989291,50.25510204081634,0.0,-1.2076929479341914,-0.897726960336699,-0.3099659875974924,147.81300000000002,3.6435365988785393,155.1000731977571,140.52592680224294,0.2191602246098626,0.09859854272232864,2.663571428571428,10747867.85,2.049190337859398,40137878.0,-0.014806690430490765,0.00027831895351874286,-0.01243729815149842,-0.039946559786239066,-0.045683930942895024,-0.04606398513208543,0.09514747858267782,29.04215241429563,1,1,0.08342610631784031,GOOGL,US,Technology
2024-11-01,144.29,145.18,144.45,144.78,5676065,146.048,148.073,147.32649999999998,150.7578,147.31618009653062,148.67349313049968,41.587618572141785,13.250000000000028,-1.3573130339690636,-0.9896441750632602,-0.36766885890580336,147.32649999999998,3.3391415143162813,154.00478302863254,140.64821697136742,0.30934470810899856,0.09065963052929697,2.4342857142857133,10571315.0,0.5369307851548474,45813943.0,0.007375452268299387,0.0050421328912486265,0.0033959387344695627,-0.03331775388929703,-0.06297327033848932,-0.022087132725430614,10.18078020835572,14.120206079357198,1,1,0.039024727172261464,GOOGL,US,Technology
2024-11-04,143.6,149.51,147.39,148.33,17181757,146.11999999999998,147.973,147.1585,150.85299999999998,147.47215238950517,148.64804750585253,47.83771734284441,51.56599552572707,-1.1758951163473625,-1.0268943633201093,-0.14900075302725324,147.1585,3.1892075818295056,153.53691516365902,140.780084836341,0.5918331567755882,0.08668768930935923,2.637142857142856,10896676.55,1.5767886056241058,62995700.0,0.024519961320624395,0.014292456010151095,0.032938718662723396,-0.006696578048617119,-0.02215043839409314,0.00243292559302577,43.958135105237176,18.078020930725206,0,1,-0.011865435178318728,GOOGL,US,Technology
2024-11-05,148.95,150.66,150.02,150.3,9085067,146.60200000000003,148.055,147.46800000000002,150.9756,147.90720586835698,148.77042187864666,56.72175078159897,60.757156048014814,-0.8632160102896762,-0.9941586927140024,0.13094268242432616,147.46800000000002,3.1781302016982043,153.82426040339644,141.1117395966036,0.7227724966840536,0.08620528390367152,2.6264285714285682,10870658.8,0.835742003443066,72080767.0,0.013281197330277106,0.004258150365906375,0.009063444108700634,0.005485683703505551,0.04295329956283389,0.016295895598079868,62.70218838604174,38.94703456654489,0,1,-0.036260811709913576,GOOGL,US,Technology
2024-11-06,151.65,152.27,152.2,152.23,14988566,147.872,147.981,148.0435,151.1078,148.57225111978536,149.02670150936083,55.77361935189411,67.11356466876975,-0.4544503895754701,-0.8862170320862428,0.4317666425107727,148.0435,2.923829995417707,153.8911599908354,142.19584000916458,0.8579636987874819,0.07899921294478868,2.5721428571428526,11410714.65,1.3135517928711158,87069333.0,0.012840984697271907,0.0004598305196056085,0.0038245961094372535,-0.004837549846375189,0.08179363274587836,0.043528927885933655,81.06565175251505,62.57532508126467,0,0,-0.06772646653090719,GOOGL,US,Technology
2024-11-07,152.9,158.86,153.19,155.71,14489039,150.27,148.48600000000002,148.7555,151.2338,149.67036633269385,149.5217867447247,61.72985781990521,84.73498233215551,0.14857958796915227,-0.6792577080750822,0.8278372960442345,148.7555,2.972260304177396,154.7000206083548,142.81097939164522,1.0849504490858999,0.07992337235685176,2.9007142857142827,11358260.35,1.2756388106882222,101558372.0,0.02286014583196483,0.0364138462524154,0.018378024852724814,0.033519182264702074,0.10065738319078266,0.08342610631784031,79.20792078685093,74.32525364180259,0,0,-0.10378267291760324,GOOGL,US,Technology
2024-11-08,155.46,150.47,150.4,150.43,4459455,151.4,148.724,149.097,151.2666,149.78723305079208,149.58906508321687,51.82360742705569,69.4267515923567,0.19816796757521615,-0.5037725729449672,0.7019405405201834,149.097,2.7313445696019496,154.5596891392039,143.63431086079612,0.6220095053379017,0.07327698262429493,3.1585714285714266,11211161.35,0.3977691929508094,97098917.0,-0.03390919016119709,0.00046533271288657746,-0.032355589862135894,0.016075650118203333,0.04756267409470771,0.039024727172261464,44.35643564063651,68.21000272666751,0,0,-0.07059762015555415,GOOGL,US,Technology
2024-11-11,149.95,148.63,144.92,146.57,13898159,151.048,148.584,149.018,151.2414,149.29227411971777,149.3654205291485,45.70416297608504,54.459392127553535,-0.07314640943073414,-0.417647340242099,0.34450093081136485,149.018,2.78254635370655,154.5830927074131,143.4529072925869,0.2800575723546209,0.07469020799333981,3.355,11631973.4,1.194823726572163,83200758.0,-0.0256597753107759,0.025312137545027605,-0.022540846948832644,-0.009461377306210772,-0.010664866689166441,-0.011865435178318728,18.877887787532707,47.480748071673396,0,0,-0.06686225011939673,GOOGL,US,Technology
2024-11-12,147.38,148.05,142.29,144.85,9020662,149.958,148.28,148.7955,151.1694,148.60884733185483,149.03093094269198,37.352024922118375,40.46052631578943,-0.4220836108371486,-0.41853459436110907,-0.003549016476039557,148.7955,2.9326770148932946,154.6608540297866,142.9301459702134,0.16366054119437196,0.07883778783292751,3.4278571428571434,11260619.8,0.8010803454104413,74180096.0,-0.011735007163812483,0.039765274421541284,-0.017166508345656365,-0.020555818513760205,-0.029805760214333676,-0.036260811709913576,15.449607723871472,26.22797705068024,0,0,-0.06254746289264757,GOOGL,US,Technology
2024-11-13,143.57,144.95,139.49,141.92,6737996,147.896,147.88400000000001,148.527,151.0808,147.5797938959121,148.50417491525826,36.644254278728596,28.177083333333286,-0.924381019346157,-0.519703879358135,-0.404677139988022,148.527,3.3005216493599754,155.12804329871994,141.92595670128003,-0.0004511939257196922,0.08888677881698971,3.6278571428571422,10972605.15,0.6140743509690266,67442100.0,-0.020227821884708397,0.03847237880468932,-0.011492651668095795,-0.027145599122566533,-0.03645868694412391,-0.06772646653090719,12.545172947209737,15.624222819537986,0,0,-0.07645152198421645,GOOGL,US,Technology
2024-11-14,141.33,142.02,137.58,139.55,17037619,144.66400000000002,147.467,148.0195,150.8766,146.34444098857165,147.84087891186252,36.91502463054187,17.718940936863618,-1.4964379232908698,-0.7150506881447072,-0.7813872351461626,148.0195,3.8459472517387554,155.7113945034775,140.3276054965225,-0.05054707238381787,0.10393082672790456,3.6721428571428567,11147281.2,1.5284101267302626,50404481.0,-0.016699549041713446,0.031816553206507926,-0.012594636665869996,-0.029014750904536535,-0.06780227120908466,-0.10378267291760324,9.257518796557441,12.417433155879564,0,0,-0.07617341454675763,GOOGL,US,Technology
2024-11-15,138.34,141.06,138.82,139.81,12421146,142.54,146.97,147.5215,150.62619999999998,145.3391423747545,147.2459792382176,37.507654623392526,1.5834348355663366,-1.9068368634630986,-0.95340792320841,-0.9534289402546886,147.5215,4.23274487897926,155.98698975795853,139.05601024204148,0.04453314453574008,0.11476957267789628,3.740000000000001,11216705.1,1.1073791083819162,62825627.0,0.0018631314940880106,0.01602174379503603,0.01062599392792665,-0.03432794584887411,-0.06650196968685318,-0.07059762015555415,10.479323307778179,10.760671683848466,0,0,-0.05514626993777272,GOOGL,US,Technology
2024-11-18,139.7,138.81,135.14,136.77,12688870,140.58,145.814,146.89350000000002,150.2756,144.02081277842674,146.46995691630408,34.39079169006179,1.8335684062058704,-2.44914413787734,-1.2525551661422207,-1.1965889717351195,146.89350000000002,4.838675628940619,156.57085125788126,137.21614874211878,-0.023051180545522233,0.1317601018127468,3.965000000000001,11469380.4,1.106325577419546,50136757.0,-0.021743795150561462,0.026833369890861904,-0.020973514674151792,-0.0779343356030473,-0.0841090202906315,-0.06686225011939673,6.871838111008868,8.86956007178151,0,0,-0.04277253783724522,GOOGL,US,Technology
2024-11-19,138.05,136.03,135.6,135.79,20135385,138.768,144.363,146.209,149.9098,142.75453388926596,145.67882647403871,35.414859786065335,2.3008849557521245,-2.9242925847727577,-1.58690264986835,-1.3373899349044076,146.209,5.390389986867807,156.9897799737356,135.4282200262644,0.01677893318480629,0.14747081197001374,3.846428571428575,11686159.85,1.723011111899936,30001372.0,-0.007165314030854852,0.0031666543927891615,-0.01637088011578159,-0.09654025282767809,-0.09158415841584155,-0.06254746289264757,2.7403035411998395,6.6971549866623095,0,0,-0.029678179541939742,GOOGL,US,Technology
2024-11-20,135.48,131.85,130.44,131.07,16802272,136.598,142.247,145.11399999999998,149.4072,140.95691329071067,144.59666265382108,32.97442799461642,1.8181818181817562,-3.639749363110411,-1.9974719925167839,-1.6422773705936273,145.11399999999998,6.119715679669932,157.35343135933985,132.8745686406601,-0.07371946406682232,0.16868711990925114,4.073571428571433,12179683.7,1.3795325916770245,13199100.0,-0.03475955519552254,0.010757610437088878,-0.0325509300263319,-0.1390001970702227,-0.14316532653461467,-0.07645152198421645,2.2167487683948894,3.942963473534547,1,0,0.01853971160448631,GOOGL,US,Technology
2024-11-21,131.78,128.98,128.87,128.92,10947147,134.47199999999998,139.56799999999998,144.027,148.8012,139.10508047657504,143.43540003975193,29.262552301255226,1.9230769230768487,-4.330319563176886,-2.4640415066488237,-1.8662780565280621,144.027,6.956343640311546,157.93968728062308,130.1143127193769,-0.04292171222008881,0.19319554362066133,4.126428571428574,12140688.5,0.9016907153419911,2251953.0,-0.016403448538948706,0.0008532423208123797,-0.02170283806327448,-0.17205060689743767,-0.14429842028408346,-0.07617341454675763,0.16672224074129946,1.7079248501120237,1,1,0.027226186782500994,GOOGL,US,Technology
2024-11-22,128.19,132.23,131.99,132.1,7171701,132.93,137.735,143.22949999999997,148.2286,138.0273757877825,142.59572180127657,28.57142857142854,24.005582693649657,-4.568346013494079,-2.8849024080178887,-1.68344360547619,143.22949999999997,7.3726817765955905,157.97486355319114,128.4841364468088,0.1226101865859401,0.20589841552317398,4.025000000000004,12173403.1,0.5891286398682847,9423654.0,0.02466645982004345,0.001816805450402452,0.030501599188466302,-0.12185069467526433,-0.10773387369132059,-0.05514626993777272,10.770256751891585,4.384575920342606,1,1,0.013474640423921214,GOOGL,US,Technology
2024-11-25,131.71,131.67,130.33,130.92,20778783,131.76,136.17,142.377,147.64620000000002,136.93393335881672,141.73083542158778,23.86731391585758,20.85245901639344,-4.796902062771068,-3.2673023389685345,-1.5295997238025332,142.377,7.770689260222958,157.9183785204459,126.83562147955409,0.13140335379326776,0.21831304944389548,3.9850000000000034,12901888.35,1.6105224929711555,-11355129.0,-0.008932626797880427,0.010235258172851664,-0.005998025966092343,-0.10677491983352672,-0.115226059336352,-0.04277253783724522,6.835611870395552,5.924196954342826,1,1,0.027115795905896745,GOOGL,US,Technology
2024-11-26,130.52,132.63,131.06,131.76,7735276,130.954,134.861,141.5705,147.1722,136.13794361125954,140.99224070942734,21.561544873576025,30.804597701149405,-4.854297098167791,-3.5847012908083924,-1.2695958073593987,141.5705,8.00199743156255,157.5744948631251,125.56650513687491,0.19349840198968243,0.22609222773123,3.9664285714285756,12525934.3,0.617540791544724,-3619853.0,0.006416131989001039,0.0119156041286284,0.00950045969958995,-0.0903693476009666,-0.10906755020623438,-0.029678179541939742,9.63654551485035,9.080804712379177,1,1,0.033849423193685446,GOOGL,US,Technology
2024-11-27,132.46,134.2,132.94,133.5,4952685,131.44,134.01899999999998,140.9515,146.6786,135.732106132584,140.4372499595042,17.576642335766437,41.708906589428,-4.705143826920192,-3.808789798030756,-0.8963540288894363,140.9515,8.128912839203347,157.2093256784067,124.69367432159332,0.2708334389952349,0.23068680614667247,3.6671428571428595,12411603.95,0.3990366290219381,1332832.0,0.013205828779599305,0.009438202247120246,0.00785142684578092,-0.05932919954904159,-0.08486427200438718,0.01853971160448631,21.4351851841928,12.635780856479583,1,1,0.00966292134831459,GOOGL,US,Technology
2024-11-28,132.88,133.93,131.24,132.43,25677116,132.142,133.307,140.387,146.1814,135.22408980447273,139.8441104800713,20.03994673768311,56.69291338582682,-4.6200206755985675,-3.9710359735443204,-0.6489847020542472,140.387,8.316386550849732,157.01977310169946,123.75422689830054,0.2608035668012633,0.23695603013927186,3.4800000000000018,12594238.3,2.0387984846373373,-24344284.0,-0.008014981273408162,0.020312617986707582,-0.0033865141480779815,-0.051021139376567604,-0.07855552463122728,0.027226186782500994,18.016194331072075,16.362641676705092,0,1,-0.007098089556746956,GOOGL,US,Technology
2024-11-29,131.96,134.89,133.06,133.88,27783414,132.498,132.714,139.842,145.7576,135.01730675762337,139.40231772345402,27.03583061889252,76.215644820296,-4.385010965830645,-4.0538309720015855,-0.3311799938290596,139.842,8.370328296397332,156.58265659279468,123.10134340720535,0.3219305208468332,0.2394224423660267,3.262142857142856,13699605.75,2.028044637120697,3439130.0,0.010949180699237226,0.013668957275069579,0.014549863594918442,-0.042414705671983466,-0.0752866418013538,0.013474640423921214,26.12095933127622,21.857446282180376,0,1,-0.03480729011054673,GOOGL,US,Technology
2024-12-02,133.87,135.17,133.91,134.47,4892568,133.208,132.48399999999998,139.149,145.2944,134.93310571798645,139.03695565174942,30.415094339622655,67.24890829694326,-4.103849933762973,-4.063834764353863,-0.04001516940911021,139.149,8.202672157675917,155.55434431535184,122.74365568464816,0.3573940323831281,0.23579536058805947,2.94285714285714,13085146.3,0.37390240154193755,8331698.0,0.004406931580519968,0.009370119729237904,0.004481960110521494,-0.016816553337720364,-0.09344030202925913,0.027115795905896745,34.82587064460038,26.321008102316238,0,0,-0.04774299100171031,GOOGL,US,Technology
2024-12-03,135.53,136.34,136.12,136.22,12503941,134.1,132.527,138.445,144.84539999999998,135.13108945368592,138.8282895185487,38.7440758293839,85.61827956989256,-3.697200064862784,-3.9905078244556464,0.29330775959286237,138.445,7.7890432491312875,154.02308649826256,122.86691350173741,0.42858558075548214,0.2250436851912319,2.6864285714285705,13256090.0,0.9432600455141715,20835639.0,0.013014055179593864,0.0016150345029979727,0.005091123736404535,0.0031666543928123847,-0.09367930805056557,0.033849423193685446,55.89353611742248,38.94678869776637,0,0,-0.05043312288944357,GOOGL,US,Technology
2024-12-04,136.25,136.54,133.39,134.79,5408393,134.358,132.89899999999997,137.573,144.4442,135.0786141531177,138.529153309231,40.237899917965514,68.8667496886675,-3.4505391561132797,-3.882514090787172,0.43197493467389236,137.573,7.111295018637638,151.79559003727528,123.35040996272473,0.4021626865040634,0.20676426387695104,2.594285714285714,12777081.35,0.4232885765191926,15427246.0,-0.010497724269563968,0.023369686178326556,-0.010715596330196642,0.028381780727855244,-0.1145634894567431,0.00966292134831459,48.56439704277559,46.427934601599496,0,0,-0.04325246680020767,GOOGL,US,Technology
2024-12-05,136.01,132.64,130.57,131.49,14139963,134.17000000000002,133.156,136.362,143.9804,134.52651966801258,138.0077286506936,34.82859226841724,39.520333680917645,-3.481208982681011,-3.802253069165939,0.3210440864849282,136.362,5.801821492563656,147.96564298512732,124.75835701487269,0.2900659298750132,0.17018880604629183,2.7357142857142844,12759627.55,1.1081798302035994,1287283.0,-0.024482528377476,0.015742642025889805,-0.03323285052545217,0.019934843313683004,-0.1555455654742791,-0.007098089556746956,26.358148890708488,43.60536068363553,0,0,-0.02547722260247942,GOOGL,US,Technology
2024-12-06,131.75,130.39,128.3,129.22,8493510,133.238,132.868,135.3015,143.484,133.71013202676724,137.3567789735895,35.834896810506564,35.12511584800737,-3.6466469468222726,-3.7711318446972055,0.12448489787493289,135.3015,4.974502646390033,145.25050529278008,125.35249470721993,0.1943664305512192,0.14706422756150583,2.6299999999999977,12961330.3,0.6552961114418856,-7206227.0,-0.017263670241082996,0.01617396687806687,-0.019203036052985185,-0.021801665404996173,-0.1409958120055841,-0.03480729011054673,11.165048542334214,28.69586482527278,0,0,-0.010834236186348933,GOOGL,US,Technology
2024-12-09,129.05,129.56,126.84,128.05,5467040,131.954,132.581,134.3755,142.9078,132.83934248417629,136.6673812565081,35.58122205663193,22.26450999048531,-3.8280387723318086,-3.7825132302241258,-0.04552554210768278,134.3755,4.464028715007848,143.30355743001567,125.44744256998429,0.14575160667763515,0.13288222079098128,2.740714285714282,12539774.35,0.4359759124392926,-12673267.0,-0.0090543259557343,0.021241702459810677,-0.007748934521443247,-0.021921784295752977,-0.12635600736849273,-0.04774299100171031,12.474226802837805,16.66580807862685,1,1,0.01835220616946498,GOOGL,US,Technology
2024-12-10,128.79,129.89,128.91,129.35,16391011,130.57999999999998,132.34,133.60049999999998,142.4588,132.30252056352785,136.12534815077936,46.327924850555085,27.183600713012396,-3.82282758725151,-3.7905761016296022,-0.032251485621907605,133.60049999999998,3.8535799828475947,141.30765996569517,125.8933400343048,0.2242499170159079,0.11537621439496853,2.489999999999995,12908291.8,1.2698047103486836,3717744.0,0.0101522842639592,0.007576343254676564,0.0043481636772703955,-0.018290831815421904,-0.10700724887814983,-0.05043312288944357,25.876288657126093,16.50518800076605,0,0,-0.0013915732508698042,GOOGL,US,Technology
2024-12-11,128.95,129.74,128.34,128.96,6987739,129.414,131.88600000000002,132.9525,142.0206,131.7882866306726,135.59457721050592,50.092336103416486,13.184584178498866,-3.8062905798333304,-3.7937189972703482,-0.012571582562982186,132.9525,3.449436071377333,139.85137214275466,126.05362785724532,0.21064110787995824,0.10377950234411208,2.432857142857139,12920778.95,0.5408140241564907,-3269995.0,-0.0030150753768842797,0.010856079404382364,7.754943776612469e-05,-0.03400749063670405,-0.09131905298759846,-0.04325246680020767,21.855670100839696,20.06872852026788,1,1,0.029311414392059643,GOOGL,US,Technology
2024-12-12,128.35,129.14,127.34,128.14,12653449,128.744,131.457,132.382,141.57139999999998,131.2270117644108,135.04238205730505,39.74093264248702,14.054054054053921,-3.8153702928942437,-3.798049256395127,-0.017321036499116538,132.382,3.2379112825518637,138.85782256510373,125.90617743489628,0.17247404036119182,0.09783539401209845,2.324999999999995,12701570.45,0.9962112995081408,-15923444.0,-0.006358560794044843,0.014047135944950337,-0.0016361511491887171,-0.032394472551536824,-0.081762809029022,-0.02547722260247942,13.402061854288288,20.378006870751374,1,1,0.014359294521617105,GOOGL,US,Technology
2024-12-13,128.2,128.2,127.51,127.82,7680277,128.464,130.85100000000003,131.78249999999997,141.0376,130.70285610834406,134.50738698234034,41.59436008676789,20.733652312599474,-3.8045308739962707,-3.7993455799153564,-0.005185294080914282,131.78249999999997,2.880478532976674,137.5434570659533,126.02154293404662,0.15609012922748342,0.08743129119434868,2.247857142857138,12464527.0,0.616170704578625,-23603721.0,-0.002497268612455028,0.005398216241547374,-0.0029641185647194335,-0.04526441589483121,-0.08575924468922114,-0.010834236186348933,10.103092782463506,15.12027491253051,1,1,0.006962916601470859,GOOGL,US,Technology
2024-12-16,126.79,131.21,129.76,130.4,23340634,128.934,130.44400000000002,131.464,140.61180000000002,130.65626286090625,134.20313408773532,46.630327056491616,58.96656534954414,-3.5468712268290687,-3.748850709298098,0.2019794824690293,131.464,2.642300433133835,136.74860086626768,126.17939913373233,0.3993301455185587,0.08039616725837455,2.367857142857138,12997115.2,1.7958317553550842,-263087.0,0.020184634642466115,0.011119631901755349,0.028472276993229174,-0.030266974046255668,-0.04657454120055571,0.01835220616946498,36.70103092405151,20.06872852026778,1,0,0.0026840490797546135,GOOGL,US,Technology
2024-12-17,129.59,129.29,129.07,129.17,17387685,128.898,129.739,131.13299999999998,140.313,130.42760703615033,133.83030706329382,38.99339095068629,58.433734939758835,-3.4027000271434815,-3.679620572867174,0.2769205457236925,131.13299999999998,2.48161895374182,136.0962379074836,126.16976209251634,0.30224603002181355,0.07569777107891668,2.288571428571425,12859730.2,1.3521033005728766,-17650772.0,-0.009432515337423397,0.0017031818533583317,-0.003240990817167798,-0.0517545147555426,-0.04875174902422863,-0.0013915732508698042,24.02061855422454,23.60824742024653,1,0,0.02221878145080125,GOOGL,US,Technology
2024-12-18,128.62,135.56,130.49,132.74,8521933,129.654,129.53400000000002,131.2165,140.1534,130.78335979982097,133.74954312036408,50.699142986017144,69.023569023569,-2.9661833205431094,-3.536933122402361,0.5707498018592516,131.2165,2.507349775106893,136.23119955021377,126.2018004497862,0.6519034175520214,0.07643397819901564,2.5528571428571403,12445713.25,0.6847283192284445,-9128839.0,0.027637996438801826,0.03819496760555822,0.032032343336712586,-0.015208843386007698,0.012741283283741689,0.029311414392059643,60.82474226177077,40.51546391334895,0,0,-0.019587162874793007,GOOGL,US,Technology
2024-12-19,132.76,130.81,129.32,129.98,3845804,130.022,129.383,131.2695,139.9236,130.65976598446346,133.47031624185067,41.695059625212956,54.52127659574456,-2.810550257387206,-3.3916565493993303,0.5811062920121244,131.2695,2.467132311429007,136.20376462285802,126.33523537714198,0.36933209921538,0.07517762500535811,2.6214285714285714,12090646.1,0.3180809073486232,-12974643.0,-0.020792526744010997,0.011463302046380566,-0.020940042181222217,-0.011483763023804272,0.008222153273347743,0.014359294521617105,32.37113401728122,39.07216494442553,0,1,0.0,GOOGL,US,Technology
2024-12-20,130.67,129.98,127.7,128.71,12477070,130.2,129.33200000000002,131.1,139.6258,130.35980198685283,133.11769851420783,38.07947019867552,52.42966751918168,-2.757896527355001,-3.2649045449904643,0.5070080176354632,131.1,2.522893076148073,136.14578615229615,126.05421384770385,0.26316871859744184,0.07697614267364858,2.692142857142857,12355914.55,1.0098053802253446,-25451713.0,-0.009770733959070466,0.0177142413175532,-0.01499961735658514,-0.003946757467884199,-0.02566237698713081,0.006962916601470859,19.27835051347653,37.49140893084286,0,1,-0.002097739103410823,GOOGL,US,Technology
2024-12-23,129.46,131.9,129.84,130.75,6766108,130.27,129.602,131.0915,139.2778,130.41983245041408,132.94231265168443,38.81390593047036,60.89219330855017,-2.522480201270355,-3.116419676246443,0.593939474976088,131.0915,2.5238176491790094,136.139135298358,126.04386470164198,0.46617227867301964,0.07700934535525969,2.7864285714285706,11655280.8,0.5805186108842088,-18685605.0,0.01584958433688133,0.015755258126074548,0.00996446778920151,0.021085513471300166,-0.0012985029025358585,0.0026840490797546135,40.30927834635988,30.65292095903922,0,0,-0.00214149139579356,GOOGL,US,Technology
2024-12-24,130.61,132.13,131.97,132.04,18277924,130.844,129.871,131.10549999999998,138.9326,130.66908899650474,132.87547439964194,44.34389140271494,56.74342105263151,-2.2063854031372045,-2.9344128216245955,0.7280274184873909,131.10549999999998,2.5284933624991393,136.16248672499825,126.0485132750017,0.5923969203624855,0.07714377695763647,2.659999999999999,12182413.2,1.5003531894359659,-407681.0,0.009866156787762925,0.0012117540139259682,0.010948625679419875,0.02079628913799758,0.002125075895567763,0.02221878145080125,59.63302751609701,39.74021879197782,0,0,-0.0018176310209025992,GOOGL,US,Technology
2024-12-25,132.19,131.39,129.15,130.14,21902543,130.324,129.98899999999998,130.9375,138.5896,130.58769068935,132.67284588641135,47.05368834570052,53.78020265003896,-2.08515519706134,-2.764561296711945,0.6794060996506048,130.9375,2.4720157447105495,135.8815314894211,125.99346851057891,0.41934719650089225,0.07551742609081943,2.5649999999999977,13029906.1,1.680943910950831,-22310224.0,-0.014389578915480206,0.01721223297973543,-0.015507980936413522,0.009150124069478682,-0.025168539325842842,-0.019587162874793007,37.8440366929076,45.92878085178818,1,1,0.0007684032580299593,GOOGL,US,Technology
2024-12-26,129.93,131.36,128.87,129.98,10549913,130.324,130.173,130.815,138.1952,130.49419981406524,132.4733751098535,51.82692307692305,35.35031847133746,-1.9791752957882522,-2.6074840965272066,0.6283088007389543,130.815,2.454807313692858,135.7246146273857,125.90538537261428,0.41496277571793994,0.07506195202917378,2.5149999999999983,12273545.95,0.8595651316590271,-32860137.0,-0.001229445212847624,0.019156793352676203,0.0003848225967797901,0.014359294521617105,-0.018500339802159704,0.0,36.00917430779696,44.49541283893387,1,1,0.009693799046007312,GOOGL,US,Technology
2024-12-27,129.02,129.31,127.75,128.44,16014789,130.26999999999998,130.23499999999999,130.54299999999998,137.7686,130.1781690734394,132.17460559728062,50.921114785073186,40.60975609756099,-1.9964365238412256,-2.4852745819900104,0.4888380581487848,130.54299999999998,2.3980498655962346,135.33909973119245,125.74690026880751,0.28075935466860447,0.07347923260773434,2.4799999999999978,11685114.7,1.370528919966107,-48874926.0,-0.011847976611786382,0.012145748987759707,-0.004495427065536483,0.004850571115631475,-0.04063340304750518,-0.002097739103410823,13.381995132191904,29.078402044298837,1,1,0.01580504515727199,GOOGL,US,Technology
2024-12-30,128.7,134.48,127.26,130.47,5670033,130.214,130.24200000000002,130.34300000000002,137.3914,130.22306613906414,132.04833813019204,52.557077625570784,59.82142857142854,-1.8252719911278916,-2.3532740638175866,0.528002072689695,130.34300000000002,2.2129549190337086,134.76890983806743,125.9170901619326,0.5143473324279341,0.06791173807620594,2.864285714285713,11723987.95,0.4836266073075752,-43204893.0,0.01580504515727199,0.05533839196707785,0.013752913752806975,0.0005368098159508339,-0.029746411839071896,-0.00214149139579356,38.674698790521056,29.355289410169984,0,1,-0.00061316777803333,GOOGL,US,Technology
2024-12-31,129.97,132.08,131.58,131.8,13744959,130.166,130.505,130.12199999999999,137.0378,130.4656713484391,132.02994266109715,56.21716287215411,56.36363636363643,-1.5642713126580645,-2.195473513585682,0.6312022009276177,130.12199999999999,1.7719023378075884,133.66580467561516,126.57819532438481,0.7367511972103804,0.054468954912896266,2.8792857142857136,11786038.85,1.166206730583895,-29459934.0,0.010193914309803098,0.003793626707103235,0.014080172347356564,0.020360764883487148,-0.032447511378652094,-0.0018176310209025992,54.69879517413277,35.58516303228192,0,0,-0.008952959028831642,GOOGL,US,Technology
2025-01-01,132.3,131.43,129.28,130.24,22572668,130.186,130.255,129.8945,136.5832,130.43095267944844,131.89735396850307,54.452926208651434,39.43661971830997,-1.4664012890546303,-2.049659068679472,0.5832577796248417,129.8945,1.3924929367642818,132.67948587352856,127.10951412647142,0.5620290398457639,0.042880735881921546,2.930714285714287,12644252.6,1.7852115841776537,-52032602.0,-0.01183611532625195,0.01650798525785855,-0.01557067271341218,-0.01883381045653154,-0.03375621336894419,0.0007684032580299593,35.90361445350565,43.09236947271984,0,1,-0.006372850122850271,GOOGL,US,Technology
2025-01-02,129.86,131.89,130.71,131.24,5491649,130.43800000000002,130.381,129.882,136.1948,130.5554214979949,131.84866096384027,57.048639736191284,57.21784776902902,-1.2932394658453745,-1.8983751481126525,0.605135682267278,129.882,1.3784682574630238,132.63893651492606,127.12506348507395,0.7462878618897288,0.042452942130623596,2.999285714285715,12211836.9,0.44969881233028813,-46540953.0,0.007678132678132776,0.008991161231263237,0.01062682889257176,0.009693799046007312,-0.0019012852688417015,0.009693799046007312,47.9518072231384,46.18473895025895,0,0,-0.005867113684852265,GOOGL,US,Technology
2025-01-03,130.54,132.19,129.09,130.47,14732852,130.844,130.557,129.9445,135.8432,130.54227972907262,131.7465377001258,50.15590200445433,52.97691373025521,-1.204257971053181,-1.759551712700758,0.5552937416475769,129.9445,1.375207065745113,132.69491413149024,127.19408586850977,0.5955310681013218,0.042332136126870555,2.9785714285714278,12523804.0,1.1763878469842033,-61273805.0,-0.005867113684852265,0.023760251398606838,-0.0005362341044848855,0.013674151192603512,0.00967342516638281,0.01580504515727199,38.674698790521056,40.84337348905505,1,0,0.008814286809228244,GOOGL,US,Technology
2025-01-06,130.68,130.69,130.15,130.39,11683848,130.82800000000003,130.52100000000002,130.0615,135.4916,130.51885207844603,131.64605321708365,52.8638497652582,64.40177252584917,-1.1272011386376164,-1.6330815978881297,0.5058804592505133,130.0615,1.3031996050173782,132.66789921003476,127.45510078996524,0.5630179747930067,0.04007948870364742,2.922142857142855,12834644.4,0.9103366424131982,-72957653.0,-0.00061316777803333,0.0041414218881497865,-0.002219161310053576,-0.002753346080306085,0.018274111675126603,-0.00061316777803333,37.710843368950286,41.44578312753659,1,1,0.01763938952373656,GOOGL,US,Technology
2025-01-07,130.01,131.07,130.27,130.62,15624512,130.592,130.379,130.125,135.14620000000002,130.53441329714664,131.5700491287335,44.097995545657014,51.50905432595577,-1.035635831586859,-1.5135924446278757,0.47795661304101666,130.125,1.2976355014903103,132.7202710029806,127.52972899701938,0.5953657631199494,0.0398888914960334,2.5228571428571382,12796319.45,1.2210159991734186,-57333141.0,0.0017639389523738114,0.006124636349669716,0.004691946773289145,-0.010754316873674563,0.009818322381136557,-0.008952959028831642,46.53739611543813,40.97431275830317,1,1,0.036518144235185845,GOOGL,US,Technology
2025-01-08,129.73,130.69,128.39,129.41,10689452,130.426,130.30599999999998,130.1475,134.8168,130.3614266360471,131.41004520430556,48.263254113345546,25.36082474226815,-1.048618568258462,-1.420597669353993,0.3719791010955311,130.1475,1.28015572654334,132.7078114530867,127.58718854691332,0.3559745535124518,0.0393447657936881,2.442857142857138,12981405.1,0.8234433094270119,-68022593.0,-0.009263512478946634,0.017772969631266816,-0.0024666615277694178,-0.005609343783617549,0.0034894540942926877,-0.006372850122850271,29.77839334767607,38.00887761068817,1,1,0.041882389305308854,GOOGL,US,Technology
2025-01-09,130.09,131.05,130.01,130.47,10015317,130.272,130.355,130.26399999999998,134.55180000000001,130.3781302305014,131.34041211125964,55.43209876543205,52.64367816091939,-0.9622818807582405,-1.3289345116348426,0.36665263087660205,130.26399999999998,1.1907467802719776,132.64549356054394,127.88250643945602,0.5432501693201544,0.03656410920170849,2.397142857142854,12849498.5,0.7794324596066952,-58007276.0,0.00819102078664713,0.007971181114371497,0.0029210546544474933,0.0037698107401138437,0.01818323708443903,-0.005867113684852265,44.45983378885599,40.258541083990075,1,1,0.007358013336399294,GOOGL,US,Technology
2025-01-10,130.67,132.17,131.17,131.62,36274142,130.502,130.673,130.454,134.2886,130.56918711811662,131.3611223568961,52.841280209013725,54.222222222222115,-0.7919352387794731,-1.2215346570637688,0.4295994182842957,130.454,1.0780899288687271,132.61017985773745,128.29782014226257,0.7703856069903968,0.03305655415274217,2.2907142857142824,14279191.75,2.5403496286581047,-21733134.0,0.008814286809228244,0.007597629539525926,0.007270222698345045,0.024758642167549194,0.029729306837740666,0.008814286809228244,60.38781162598519,44.87534625417243,0,1,-0.00934508433368808,GOOGL,US,Technology
2025-01-13,131.82,134.53,131.22,132.69,10510729,130.96200000000002,130.89499999999998,130.5685,133.9758,130.8954660230218,131.4595578771807,52.153744201457926,73.1249999999998,-0.5640918541589031,-1.0900460964827958,0.5259542423238928,130.5685,1.1880513678385185,132.94460273567705,128.19239726432295,0.9464242995892744,0.03639626304443803,2.4285714285714257,13637696.5,0.7707114049127428,-11222405.0,0.008129463607354559,0.024945361368415533,0.00659990896672284,0.017015405840423048,0.017561349693251405,0.01763938952373656,74.69050893057897,59.846051448473396,0,0,-0.01326399879418183,GOOGL,US,Technology
2025-01-14,132.73,136.24,134.71,135.39,51658524,131.916,131.254,130.8795,133.6776,131.5869327887109,131.750702119659,66.5198237885462,83.69272237196758,-0.16376933094809942,-0.9047907433758565,0.7410214124277571,130.8795,1.558921607695182,133.99734321539037,127.76165678460964,1.2233365642813299,0.04764448542921609,2.4757142857142846,15351238.45,3.365104437869999,40436119.0,0.020348179968347146,0.011300686904414659,0.020040684095381272,0.02723823975720774,0.04815359603623137,0.036518144235185845,90.53452114804713,75.20428056820379,0,0,-0.03190782184799468,GOOGL,US,Technology
2025-01-15,134.99,136.04,133.86,134.83,5458142,133.0,131.713,130.984,133.3296,132.0858662058324,131.97879853571015,64.88643339472074,77.1612903225808,0.10706767012223395,-0.7024190606762384,0.8094867307984723,130.984,1.7486999682446942,134.4813999364894,127.48660006351062,1.0498370316222252,0.05340194125179695,2.453571428571425,15198048.9,0.3591343649950774,34977977.0,-0.004136199128443541,0.016168508492055252,-0.0011852729831751338,0.03524262899262909,0.01574506554166044,0.041882389305308854,84.29844097056814,83.17449034973143,0,0,-0.01728102054438929,GOOGL,US,Technology
2025-01-16,132.87,133.03,130.15,131.43,12407050,133.19199999999998,131.732,131.0565,132.84400000000002,131.98496371262738,131.9381467466521,58.23691460055097,60.16096579476869,0.04681696597526752,-0.5525718553459372,0.5993888213212047,131.0565,1.734887452740343,134.52627490548068,127.58672509451931,0.5538219350852169,0.05295082510908209,2.6285714285714263,15626111.2,0.7939946828232809,22570927.0,-0.025216939850181697,0.021912805295427853,-0.01083766087144698,0.001447729350807725,0.011155562394214558,0.007358013336399294,46.43652560730105,73.75649590863878,1,0,0.023206269497070497,GOOGL,US,Technology
2025-01-17,131.04,131.51,129.49,130.39,14244724,132.94599999999997,131.724,131.1405,132.4432,131.73958467991545,131.82346909056685,49.766899766899726,49.59677419354833,-0.08388441065139318,-0.4588343664070284,0.3749499557556352,131.1405,1.6540841797429553,134.4486683594859,127.8323316405141,0.38656865086164865,0.05045227613835052,2.257142857142855,15714493.9,0.9064703695948891,8326203.0,-0.00791295746785381,0.01549198558159744,-0.004960317460279651,-0.00061316777803333,0.013052598865666898,-0.00934508433368808,25.477707003123786,52.070891193664345,1,1,0.029910269192422678,GOOGL,US,Technology
2025-01-20,130.08,131.79,130.24,130.93,9634909,132.594,131.778,131.14950000000002,132.1304,131.6150331906977,131.75728613122078,47.342700061087356,46.294307196562855,-0.14225294052309323,-0.3955180812302414,0.2532651407071482,131.14950000000002,1.65233638412628,134.4541727682526,127.84482723174746,0.4667894499910087,0.05039550693258255,2.2528571428571382,15857933.95,0.607576524331751,17961112.0,0.004141421888181673,0.011838386924220153,0.0065344403443531665,0.004141421888181673,0.001376673040152987,-0.01326399879418183,32.35668789396747,34.75697350146412,1,1,0.024287787367295532,GOOGL,US,Technology
2025-01-21,131.2,131.58,130.66,131.07,10083097,131.73,131.823,131.101,131.85479999999998,131.53118193059032,131.70637600202156,52.775919732441416,40.33412887828159,-0.17519407143123544,-0.35145327927044023,0.1762592078392048,131.101,1.6390045117281955,134.37900902345638,127.82299097654361,0.49527151995716845,0.05000738397771765,2.1385714285714243,15448192.6,0.6527039510949681,28044209.0,0.0010692736576796147,0.007019150072426924,-0.0009908536585289986,0.0034451079467154866,-0.007346258709481912,-0.03190782184799468,34.14012738418596,30.658174093759087,1,1,0.006179903868162029,GOOGL,US,Technology
2025-01-22,130.17,135.53,130.07,132.5,4053167,131.26399999999998,132.132,131.219,131.66639999999998,131.68023086434567,131.76516301338128,54.09622886866056,29.676511954993103,-0.08493214903560897,-0.298149053223474,0.21321690418786504,131.219,1.6510854483903872,134.52117089678077,127.91682910321921,0.6939633107049159,0.05033068224503486,2.410714285714284,14555723.8,0.27845861718957476,32097376.0,0.010910200656137903,0.04120754716950038,0.017899669662611303,0.023877598330886318,0.01813431688950362,-0.01728102054438929,52.356687891419554,39.61783438985768,1,1,0.014264150943396059,GOOGL,US,Technology
2025-01-23,132.81,136.22,133.08,134.48,6319364,131.874,132.533,131.444,131.565,132.11096457752328,131.9662622031941,62.0855937311633,47.94841735052742,0.14470237432917088,-0.209578767712945,0.3542811420421159,131.444,1.7752995299510652,134.99459905990213,127.89340094009786,0.9275334877089929,0.05402451325089196,2.4549999999999983,14344196.35,0.44055194207154436,38416740.0,0.01494339622641494,0.02334919690642949,0.012574354340692819,0.030735034873917266,0.03462071087859675,0.023206269497070497,77.57961782451197,54.69214436670584,0,0,-0.00468471148126115,GOOGL,US,Technology
2025-01-24,134.49,134.55,134.08,134.29,9077209,132.654,132.8,131.7365,131.4546,132.44620079636587,132.13839105074945,61.67664670658683,76.87969924812005,0.3078097456164244,-0.1061010650470711,0.4139108106634955,131.7365,1.735794297172688,135.20808859434538,128.26491140565463,0.8677711125234465,0.05270503762160107,2.449999999999999,13997317.35,0.6484962885765901,29339531.0,-0.0014128494943486114,0.003499888301411118,-0.0014870994125848016,0.02028567087068822,0.045546558704453455,0.029910269192422678,75.15923565921524,68.36518045838227,0,1,-0.021520589768411535,GOOGL,US,Technology
2025-01-27,135.29,135.35,133.12,134.11,8877346,133.29,132.94199999999998,131.9185,131.4014,132.7021699046173,132.28443625384116,60.48048048048052,91.70403587443995,0.41773365077614244,-0.0013341218824283634,0.4190677726585708,131.9185,1.786110961954237,135.49072192390847,128.34627807609152,0.8067418606506246,0.05415801307445724,2.5521428571428566,14157683.0,0.6270337719078911,20462185.0,-0.001340382753741709,0.016628141078095307,-0.008722004582683544,0.010701635390760522,0.027899133900513684,0.024287787367295532,72.86624202893437,75.20169850422054,0,0,-0.03862500932070689,GOOGL,US,Technology
2025-01-28,133.6,133.0,130.98,131.88,28441104,133.452,132.591,131.9225,131.32319999999999,132.57568222698387,132.25447799463154,56.98924731182796,57.72357723577229,0.3212042323523292,0.06317354896452318,0.258030683387806,131.9225,1.7859211835006186,135.49434236700125,128.35065763299878,0.4940506892343978,0.05415061671775721,2.6114285714285717,14892490.25,1.909761336942199,-7978919.0,-0.016628141078219527,0.015316954807284603,-0.012874251496909617,-0.025925105251495606,0.000606980273140989,0.006179903868162029,35.40740740216166,61.14429503010376,0,0,-0.028889899909008254,GOOGL,US,Technology
2025-01-29,131.88,136.56,132.65,134.39,14788769,133.82999999999998,132.547,132.13,131.3896,132.85480803821713,132.41266489874945,60.25104602510458,69.48356807511738,0.4421431394676745,0.13896746706515348,0.30317567240252097,132.13,1.8208933608454534,135.77178672169092,128.48821327830908,0.8102872534694127,0.05512429761088865,2.8285714285714283,14503295.3,1.0196832977893446,6809850.0,0.019032453745829514,0.02909442666843443,0.019032453745685157,-0.00326336868649435,0.031864250614250356,0.014264150943396059,69.30693068326609,59.19352670478739,0,0,-0.019941959967259337,GOOGL,US,Technology
2025-01-30,134.55,134.71,133.16,133.85,5887668,133.704,132.789,132.2605,131.4882,133.00791449387603,132.51913422091496,56.023770934629916,58.84665792922673,0.4887802729610655,0.2089300282443359,0.2798502447167296,132.2605,1.8470901012396241,135.95468020247927,128.56631979752075,0.7151356880503686,0.0558621841358732,2.817857142857144,14523096.25,0.4054003012339534,922182.0,-0.004018156112805982,0.011580127007758173,-0.0052025269416188374,0.018412843338659224,0.01988722950320021,-0.00468471148126115,61.669024036538886,55.46112070732223,0,0,-0.001793051923795197,GOOGL,US,Technology
2025-01-31,134.25,131.97,130.95,131.4,29826125,133.126,132.89,132.307,131.4742,132.7605430332797,132.43623534979142,46.75716440422324,30.987654320987673,0.32430768348828565,0.23200555929312586,0.09230212419515979,132.307,1.8109959458214222,135.92899189164282,128.68500810835715,0.37479265173570214,0.054751326711594404,2.78857142857143,15277759.9,1.952257611257681,-28903943.0,-0.01830407172207682,0.007762557077566573,-0.02122905027917144,0.007745992790858303,0.007128075419636781,-0.021520589768411535,27.015558694905838,52.66383780490363,0,1,-0.012480974124809863,GOOGL,US,Technology
2025-02-03,132.26,129.89,128.16,128.93,5336692,132.09,132.69,132.23399999999998,131.43439999999998,132.17122872046744,132.1765140968937,33.570701932858626,24.181117533718677,-0.005285376426257926,0.1845473721492491,-0.18983274857550703,132.23399999999998,1.9185668993706082,136.0711337987412,128.39686620125877,0.06947031646989478,0.05803550975864285,2.766428571428573,14960402.1,0.35672113674530603,-34240635.0,-0.018797564687975665,0.01341813387098869,-0.025177680326438884,-0.015275337966852542,-0.01119717769767603,-0.03862500932070689,9.166666665575512,32.61708313234009,1,1,0.004886372450166654,GOOGL,US,Technology
2025-02-04,129.23,128.29,127.89,128.07,5980956,131.328,132.39,132.1065,131.3606,131.54027045578013,131.8723277418326,33.06613226452902,22.69439421338147,-0.33205728605247486,0.08122644050890429,-0.41328372656137913,132.1065,2.106954087375396,136.3204081747508,127.89259182524921,0.021050313316357677,0.06379562208852556,2.685000000000003,14478224.3,0.41310007794947073,-40221591.0,-0.00667028620181509,0.003123291949690546,-0.008976243906144243,-0.022888532845044662,-0.0195222783647222,-0.028889899909008254,2.076124567234502,12.752783309238632,1,1,0.01694385882720395,GOOGL,US,Technology
2025-02-05,127.14,134.22,129.71,131.71,6797009,130.792,132.31099999999998,132.2215,131.32479999999998,131.56638269335244,131.86030346006044,50.6930693069307,49.31836407377712,-0.2939207667079984,0.0061969990655237365,-0.3001177657735221,132.2215,2.012689415732754,136.2468788314655,128.1961211685345,0.4364656071078123,0.06088841574834741,2.790000000000003,14283602.15,0.47586095249362903,-33424582.0,0.028421956742406662,0.03424189507224774,0.03594462796888519,-0.005962264150943364,0.01777296963140418,-0.019941959967259337,44.059976926867435,18.434256053225834,1,0,0.0005314706552272952,GOOGL,US,Technology
2025-02-06,132.83,136.04,131.66,133.61,9993863,130.744,132.22400000000002,132.3785,131.3484,131.88078535591362,131.98991065707042,57.644824311491035,46.711635750421706,-0.10912530115680852,-0.016867460978942723,-0.0922578401778658,132.3785,1.9912262157016292,136.36095243140326,128.39604756859674,0.6546157826813593,0.06016766214110564,2.9585714285714326,14282529.45,0.699726356963587,-23430719.0,0.014425632070457883,0.03278197739665604,0.005872167432011812,-0.006469363474122414,0.024066835287805732,-0.001793051923795197,65.97462513656593,37.37024221022264,0,0,-0.007110246239054097,GOOGL,US,Technology
2025-02-07,132.23,130.66,129.03,129.76,34470209,130.416,131.77100000000002,132.2855,131.266,131.55451068577304,131.82473203571172,47.59950759130075,36.51944627554387,-0.2702213499386801,-0.06753823877089021,-0.20268311116778986,132.2855,2.0703787474486126,136.42625749489724,128.14474250510278,0.1950437204657228,0.06260334647207635,3.1750000000000065,14192332.8,2.428790746170302,-57900928.0,-0.028815208442481977,0.012561652281037563,-0.018679573470326852,-0.03373296596917119,-0.014131590943625705,-0.012480974124809863,21.568627448492546,43.86774317064198,1,1,0.011482737361282469,GOOGL,US,Technology
2025-02-10,130.18,130.0,129.2,129.56,27253263,130.542,131.316,132.129,131.1678,131.2476628879618,131.65697405620142,46.90953745395009,42.879256965944286,-0.40931116823961133,-0.13589282466463445,-0.27341834357497685,132.129,2.1547716938515076,136.438543387703,127.81945661229697,0.20194058058071884,0.06523236212595862,3.1664285714285776,15029459.5,1.8133227736285011,-85154191.0,-0.0015413070283599728,0.0061747452917091435,-0.004762636349633138,-0.033927373051972354,-0.023588816037380278,0.004886372450166654,19.26182237378758,35.6016916529487,1,1,0.02114850262426682,GOOGL,US,Technology
2025-02-11,130.43,132.54,128.41,130.24,13291375,130.97600000000003,131.152,131.8715,131.0482,131.09263782827537,131.5520129854911,45.22804054054056,55.884995507637,-0.45937515721573163,-0.20058929117485388,-0.2587858660408777,131.8715,2.0497221249393185,135.97094424987864,127.77205575012135,0.30100961241889124,0.06217331644589707,3.0714285714285765,13111102.05,1.013749563962126,-71862816.0,0.005248533497993257,0.03171068796044445,-0.001456720079725071,-0.012435547467394503,-0.03803825984193798,0.01694385882720395,27.10495962778499,22.64513648335505,1,1,0.006526412776412638,GOOGL,US,Technology
2025-02-12,129.78,133.23,130.61,131.78,5166833,130.99,130.89100000000002,131.719,130.988,131.19838585469455,131.56890091688817,44.191049913941505,65.70702794242166,-0.3705150621936184,-0.2345744453786068,-0.1359406168150116,131.719,1.9278619190542163,135.57472383810844,127.86327616189156,0.5079103174985187,0.05854468737356292,3.019285714285718,13096536.6,0.39451900630591097,-66695983.0,0.011824324324324342,0.019881620883139283,0.015410695022226764,-0.019421087878562338,-0.022621078395016037,0.0005314706552272952,44.86735870301414,30.41138023486225,0,1,-0.04317802397935955,GOOGL,US,Technology
2025-02-13,131.74,133.22,132.22,132.66,8333024,130.8,130.772,131.78050000000002,131.01139999999998,131.42324956935693,131.64972309067446,46.59423318010867,55.24861878453032,-0.22647352131752996,-0.23295426056639146,0.0064807392488615,131.78050000000002,1.9377509345121144,135.65600186902424,127.90499813097578,0.6134691749752603,0.05881753171364227,3.088571428571432,12892835.3,0.646329776171904,-58362959.0,0.006677796327211993,0.0075380672395029555,0.00698345225438746,-0.008890549122151592,0.00935859392832672,-0.007110246239054097,55.017301031716514,42.32987312083856,0,0,-0.060681441278456205,GOOGL,US,Technology
2025-02-14,132.61,131.55,131.02,131.25,34343975,131.098,130.757,131.82350000000002,131.05200000000002,131.39659578945586,131.6201139662383,44.316375198728124,36.21495327102796,-0.22351817678244856,-0.23106704380960288,0.007548867027154321,131.82350000000002,1.9146753881787155,135.65285077635747,127.9941492236426,0.42511785496826765,0.058098150577528096,3.046428571428575,13897797.85,2.4711808949515772,-92706934.0,-0.010628674807779293,0.004038095238064481,-0.01025563682972444,-0.0011415525114155667,0.006595597821918986,0.011482737361282469,38.75432525504562,46.2129949965921,0,0,-0.0614095238095238,GOOGL,US,Technology
2025-02-17,130.5,136.73,128.75,132.3,19034284,131.64600000000002,131.094,131.892,131.137,131.5355810526165,131.67047590507272,50.875729774812385,72.04861111111133,-0.13489485245622745,-0.2118326055389278,0.07693775308270034,131.892,1.9055116732348207,135.70302334646965,128.08097665353034,0.5535289294179263,0.05779006075335515,3.3928571428571437,14367766.6,1.3247906376213936,-73672650.0,0.008000000000000007,0.06031746031700433,0.013793103448170255,0.026138214535019078,0.010463606507294054,0.02114850262426682,49.88687782241117,47.88616803639112,0,0,-0.05245653817082396,GOOGL,US,Technology
2025-02-18,132.55,132.21,130.2,131.09,15864940,131.816,131.39600000000002,131.893,131.1718,131.46703012144474,131.62747768165448,42.72486772486778,61.29985228951254,-0.1604475602097466,-0.20155559647309154,0.041108036263344944,131.893,1.9050627838783625,135.70312556775673,128.08287443224327,0.39462289547751056,0.057776008851536324,3.208571428571431,14656858.75,1.0824242211910364,-89537590.0,-0.009145880574452092,0.01533297734369278,-0.01101471142956615,0.02358085422034839,0.00015259021896696368,0.006526412776412638,36.19909501852959,41.613432698662145,0,0,-0.025173544892821753,GOOGL,US,Technology
2025-02-19,130.44,126.21,126.0,126.09,21128958,130.678,130.834,131.57250000000002,131.1144,130.63979471814554,131.21729407700596,35.7037582903464,31.289449954914318,-0.5774993588604218,-0.27674434895055766,-0.30075500990986415,131.57250000000002,2.296541736472571,136.16558347294517,126.97941652705488,-0.09682128924904448,0.06981828988443993,3.461428571428573,15510648.3,1.3622226633671615,-110666548.0,-0.0381417346860935,0.001665477040196116,-0.03334866605310216,-0.042669501176827884,-0.048377358490566014,-0.04317802397935955,0.8387698042089077,28.974914215049903,0,0,-0.0043619636767388,GOOGL,US,Technology
2025-02-20,126.3,125.68,123.75,124.61,13504123,129.068,129.934,131.079,131.0438,129.712133992277,130.7278648058255,37.0271303018724,17.49773345421582,-1.0157308135485152,-0.42454164187014926,-0.5911891716783659,131.079,2.669121479752505,136.41724295950502,125.740757040495,-0.10591097566810047,0.08145077334224833,3.421428571428573,15869886.25,0.8509274695697665,-124170671.0,-0.011737647711951849,0.015488323569412715,-0.01338083927146965,-0.06736022752787973,-0.07339381320642469,-0.060681441278456205,6.6255778115080455,14.554480878082195,1,1,0.011235053366503545,GOOGL,US,Technology
2025-02-21,124.99,124.01,122.52,123.19,13296048,127.45599999999999,129.277,130.524,130.9512,128.70872876269593,130.16950436502424,38.57484076433122,9.075194468452978,-1.4607756023283116,-0.6317884339617819,-0.8289871683665297,130.524,3.087541007610448,136.6990820152209,124.3489179847791,-0.09383826658728292,0.09461987090762759,3.3392857142857153,16080828.2,0.8268260196433155,-137466719.0,-0.011395554128882157,0.012095137592238932,-0.014401152092052132,-0.05063193588162762,-0.08265693648075056,-0.0614095238095238,4.71498944372169,4.059779019812895,1,1,0.025164380225667804,GOOGL,US,Technology
2025-02-24,123.88,125.96,124.87,125.36,6211076,126.06800000000001,128.857,130.0865,130.8504,128.19353972228117,129.81324473232303,44.8732500945895,26.115166261151714,-1.619705010041855,-0.8293717491777967,-0.7903332608640584,130.0865,3.171457036889193,136.4294140737784,123.74358592622161,0.1274188846679498,0.09751840619479546,3.462857142857143,15947514.7,0.38946981566539546,-131255643.0,0.017615066157967485,0.008694958519394497,0.011947045527833846,-0.03241741278172272,-0.06524494817686988,-0.05245653817082396,19.98592540323818,10.44216421948932,0,1,-0.017150606253988565,GOOGL,US,Technology
2025-02-25,126.23,128.45,127.27,127.79,5076939,125.40799999999999,128.612,129.882,130.8228,128.13145668808406,129.66337473263357,42.22839016653451,33.552151714077326,-1.5319180445495135,-0.9698810082521401,-0.5620370362973734,129.882,3.181571276816776,136.24514255363357,123.51885744636645,0.33561581540075486,0.09798343963881934,3.2442857142857133,14779306.45,0.3435167051755189,-126178704.0,0.01938417358008948,0.00923389936607527,0.012358393408758963,-0.01881142506142508,-0.03101304215953893,-0.025173544892821753,37.0865587588258,20.595824535261904,0,0,-0.06956725878394243,GOOGL,US,Technology
2025-02-26,128.07,125.92,125.24,125.54,7537367,125.298,127.98800000000001,129.4395,130.67880000000002,127.73277104376342,129.3579395304233,34.21978881501761,31.186440677966132,-1.6251684866598737,-1.100938503933687,-0.5242299827261867,129.4395,3.136712115373141,135.7129242307463,123.16607576925372,0.1892048220589313,0.09693214560775992,3.113571428571429,14416736.35,0.5228205811767807,-133716071.0,-0.017607011503247505,0.0054166002867180995,-0.019754821581793022,-0.047351646683867044,-0.06585311407098726,-0.0043619636767388,21.252638985133604,26.10837438239921,0,0,-0.05384737932133188,GOOGL,US,Technology
2025-02-27,125.86,126.58,125.55,126.01,8830126,125.578,127.32300000000002,129.0475,130.59939999999997,127.46772934472288,129.1099439819625,41.55024785939616,49.60861056751468,-1.6422146372396043,-1.2091937305948706,-0.4330209066447337,129.0475,3.0450648165242513,135.1376296330485,122.95737036695151,0.2506210718596675,0.09438585998180987,2.8607142857142844,14563859.25,0.6063039502181435,-124885945.0,0.003743826668790806,0.008173954447994819,0.0011918004131480525,-0.050128147143072455,-0.058573029510646135,0.011235053366503545,24.560168893415966,27.63312221245847,0,0,-0.05451948258074757,GOOGL,US,Technology
2025-02-28,125.86,128.7,124.36,126.29,7055144,126.19800000000001,126.827,128.792,130.551,127.28654021476551,128.90105922096342,42.65828468792098,59.312638580931285,-1.6145190061979093,-1.2902587857154784,-0.32426022048243097,128.792,3.0516597727159542,134.8953195454319,122.6886804545681,0.295029575162284,0.09477792945811095,3.1135714285714258,13425310.2,0.5255106488704709,-117830801.0,0.0022220458693753553,0.034365349591936205,0.0034164945176910085,-0.03779047619047615,-0.03888888888888886,0.025164380225667804,26.530612243031005,24.114473373860207,0,0,-0.06580093435743128,GOOGL,US,Technology
2025-03-03,126.25,123.48,122.99,123.21,14485302,125.768,125.918,128.50600000000003,130.40019999999998,126.65938018172467,128.47949923831732,35.75192541548438,50.09363295880148,-1.8201190565926453,-1.3962308398909118,-0.4238882167017335,128.50600000000003,3.2962792421299767,135.09855848425997,121.91344151574008,0.09833500053561753,0.10260312334379164,3.0542857142857125,13882740.7,1.043403551907906,-132316103.0,-0.024388312613825458,0.003976949922863665,-0.024079207920601402,-0.0687074829931974,-0.04436515938881569,-0.017150606253988565,4.855735397265592,18.64883884457087,0,0,-0.0866001136271406,GOOGL,US,Technology
2025-03-04,123.77,119.33,118.56,118.9,24549249,123.99000000000001,124.699,128.0475,130.13739999999999,125.46562938453624,127.76990663925349,26.53061224489798,24.804992199688016,-2.304277254717249,-1.5778401228561794,-0.7264371318610696,128.0475,3.9358298462889665,135.91915969257795,120.17584030742208,-0.0810401082597614,0.12294905706892303,3.172857142857142,14811155.35,1.6574836170708576,-156865352.0,-0.03498092687281862,0.006476030277489654,-0.03934717621362724,-0.09298954916469604,-0.07160146794721622,-0.06956725878394243,1.871216290485919,11.085854643594187,0,0,-0.05340622371740966,GOOGL,US,Technology
2025-03-05,119.38,119.62,118.12,118.78,10271268,122.638,123.968,127.401,129.9102,124.4370710176845,127.10398757428902,23.988005997001537,7.136060894386304,-2.6669165566045194,-1.7956554096058475,-0.871261146998672,127.401,4.3434026195807665,136.08780523916153,118.71419476083847,0.0037876548020833872,0.13636949849833746,3.1771428571428566,14984868.3,0.6854426151050913,-167136620.0,-0.0010092514718250678,0.012628388617506075,-0.00502596749870136,-0.05797446268538342,-0.09817022245843143,-0.05384737932133188,3.5464803866981853,3.4244773581499133,0,0,-0.061458157939046965,GOOGL,US,Technology
2025-03-06,119.07,119.54,118.82,119.14,4926000,121.26400000000001,123.421,126.67749999999998,129.6934,123.62213701496381,126.51406252395942,26.375341396800664,12.877030162412979,-2.8919255089956124,-2.014909429483801,-0.8770160795118116,126.67749999999998,4.458352156050476,135.59420431210094,117.76079568789903,0.07733823303705921,0.14077802785862628,3.1142857142857148,14731475.15,0.3343860418224279,-162210620.0,0.0030308132682270728,0.006043310391085863,0.0005878894767734904,-0.043896958510552864,-0.10830027692537991,-0.05451948258074757,5.4809242339881115,3.6328736370574197,0,0,-0.07822729561859998,GOOGL,US,Technology
2025-03-07,119.14,119.38,116.85,117.98,5745463,119.602,122.9,126.0885,129.4842,122.75411593573861,125.88190969992958,22.183372183372185,6.874328678839959,-3.1277937641909688,-2.2374862964252347,-0.8903074677657341,126.0885,4.795104164390996,135.678708328782,116.498291671218,0.07725110226531118,0.15211868376110332,2.7250000000000014,13295237.85,0.4321443988198828,-167956083.0,-0.0097364445190532,0.02144431259517339,-0.009736444518971463,-0.04229239386313821,-0.09078298397040685,-0.06580093435743128,7.3567708328544335,5.461391817846924,0,0,-0.07391083234446516,GOOGL,US,Technology
2025-03-10,118.61,112.82,112.31,112.54,16986300,117.468,121.61800000000001,125.2375,129.1256,121.1827134840865,124.89362002814354,19.05238571905241,2.487906012439524,-3.710906544057039,-2.5321703459515956,-1.1787361981054434,125.2375,5.590847666639676,136.41919533327936,114.05580466672065,-0.06778062813701731,0.1785678464228378,2.98,12781889.7,1.3289348499905418,-184942383.0,-0.04610951008645536,0.004531722054340315,-0.05117612342929615,-0.10226547543075937,-0.1313677060821241,-0.0866001136271406,1.4032946917997025,4.746996586214097,0,0,-0.04771636751377295,GOOGL,US,Technology
2025-03-11,111.89,113.03,112.17,112.55,15073485,116.19800000000001,120.09400000000001,124.353,128.7406,119.85460371730396,123.97927774868255,22.898318654923926,3.245614035087641,-4.124674031378589,-2.850671083036995,-1.2740029483415944,124.353,6.131003266401255,136.6150065328025,112.09099346719748,0.01871661589626046,0.19721287838176657,2.6778571428571425,12870995.2,1.1711203053575605,-169868898.0,8.885729518381957e-05,0.00764104842285525,0.005898650460220734,-0.1192581579153299,-0.13582616707616713,-0.05340622371740966,2.2988505745735464,3.6863053664092416,0,0,-0.03767214571301636,GOOGL,US,Technology
2025-03-12,112.25,114.71,108.9,111.48,11551053,114.73800000000001,118.68800000000002,123.33800000000001,128.36540000000002,118.56620314541104,123.05340527114163,23.28042328042328,4.53431372549008,-4.48720212573059,-3.1779772915757145,-1.3092248341548758,123.33800000000001,6.505641762104125,136.34928352420826,110.32671647579176,0.04431859170612102,0.21098580363071817,2.9257142857142844,13190206.2,0.8757294578359619,-181419951.0,-0.00950688582852055,0.05211697165364075,-0.006859688195929945,-0.11199617651744465,-0.15404461982091366,-0.061458157939046965,13.030303029644937,5.577482765339409,0,0,-0.027628274129888775,GOOGL,US,Technology
2025-03-13,111.61,110.6,109.19,109.82,14048625,112.874,117.06899999999999,122.196,127.93700000000001,117.22063343073242,122.07315297814053,23.055219669488096,3.81443298969063,-4.852519547408107,-3.5128857427421933,-1.339633804665914,122.196,6.781932188581464,135.75986437716293,108.63213562283707,0.04378783007883461,0.22200177382323363,2.9399999999999986,13475986.25,1.0424931947008187,-195468576.0,-0.014890563329745365,0.012839191403998884,-0.016037989427327017,-0.12848186651853033,-0.1721694557515453,-0.07822729561859998,4.6464646462299175,6.658539416816147,0,0,-0.022036059005645536,GOOGL,US,Technology
2025-03-14,110.46,110.4,108.35,109.26,17732373,111.13,115.36599999999999,121.09649999999999,127.51280000000001,115.99592059523512,121.12403048986678,15.301724137931032,0.1010101010100044,-5.128109894631663,-3.8359305731200877,-1.2921793215115756,121.09649999999999,7.015339039711211,135.1271780794224,107.06582192057758,0.0781921610247137,0.23172722711732466,2.8885714285714283,12645406.15,1.4022777431883637,-213200949.0,-0.0050992533236203785,0.018762584660271357,-0.010863661053676671,-0.13484836487449525,-0.1675428571428571,-0.07391083234446516,4.471744471524785,7.382837382466561,0,0,-0.011532125205930832,GOOGL,US,Technology
2025-03-17,108.57,107.59,106.84,107.17,10579441,110.056,113.76199999999999,119.84,127.0484,114.63808665750663,120.09039855589958,4.899387576552897,0.09233610341635767,-5.452311898392949,-4.15920683817466,-1.2931050602182896,119.84,7.152245874732105,134.1444917494642,105.5355082505358,0.057132115493313256,0.2387264978195067,2.8407142857142866,12222664.0,0.8655592704209761,-223780390.0,-0.019128683873329666,0.006998227115732031,-0.01289490651180894,-0.13018423829234638,-0.18994708994708998,-0.04771636751377295,1.5096065873051348,3.5426052350199595,1,1,0.007838014369693003,GOOGL,US,Technology
2025-03-18,106.59,108.45,108.19,108.31,11985616,109.208,112.703,118.701,126.6022,113.66453486404409,119.21777640482358,10.39080459770112,17.611026033690564,-5.553241540779496,-4.438013778695627,-1.1152277620838689,118.701,7.0798817266355965,132.86076345327118,104.5412365467288,0.13308002868746602,0.2385786716733962,2.75,12028697.8,0.9964183324633583,-211794774.0,0.010637305216012027,0.0024005170344160703,0.01613659817979043,-0.08906644238856187,-0.17377374322984207,-0.03767214571301636,6.7246111616319935,4.235320740153985,0,0,-0.02843689410026773,GOOGL,US,Technology
2025-03-19,107.63,109.16,107.79,108.4,8788354,108.59200000000001,111.665,117.81649999999999,126.182,112.85460642342191,118.41645960363587,8.79737950397751,18.608169440242122,-5.561853180213959,-4.662781658999293,-0.8990715212146654,117.81649999999999,7.21196467501574,132.24042935003146,103.3925706499685,0.17358062523534865,0.24485414776213946,2.7735714285714286,11411667.6,0.7701199805258979,-203006420.0,0.0008309482042285765,0.012638376383647157,0.007154139180459501,-0.08738844923387767,-0.1402966135300182,-0.027628274129888775,7.136322049078866,5.123513266005346,0,0,-0.03108856088560885,GOOGL,US,Technology
2025-03-20,108.8,108.91,106.19,107.4,4039482,108.10800000000002,110.49100000000001,116.95600000000002,125.72059999999999,112.01543620443391,117.60042553020037,7.243096423721127,18.80733944954133,-5.584989325766458,-4.847223192352726,-0.7377661334137313,116.95600000000002,7.383405575662727,131.72281115132546,102.18918884867456,0.17643657448281555,0.25251908668557727,2.6578571428571434,10938435.55,0.3692924470088003,-207045902.0,-0.009225092250922495,0.025325884543525818,-0.012867647058705182,-0.09853953332214194,-0.13811090602680354,-0.022036059005645536,6.998264892597021,6.953066034435975,0,0,-0.029329608938547524,GOOGL,US,Technology
2025-03-21,107.84,108.52,107.59,108.0,10877015,107.856,109.49300000000001,116.19650000000001,125.2482,111.39767678836715,116.88928287515783,11.21876593574703,33.39416058394164,-5.491606086790682,-4.976099771240317,-0.5155063155503647,116.19650000000001,7.488901454819027,131.17430290963807,101.21869709036196,0.22637842647294978,0.25780127472874237,2.5021428571428563,10817483.9,1.0055031368705678,-196168887.0,0.005586592178770999,0.00861111111103131,0.001483679525208762,-0.08459060857772505,-0.1233054631057715,-0.011532125205930832,13.477289649033718,9.203958863569882,0,0,-0.06333333333333335,GOOGL,US,Technology
2025-03-24,108.86,108.13,107.92,108.01,10146379,108.024,109.04,115.329,124.75460000000001,110.87649574400297,116.23155819789153,14.435009797517935,37.32251521298176,-5.355062453888564,-5.051892307769967,-0.30317014611859694,115.329,7.375589824763057,130.08017964952612,100.57782035047389,0.2519181457298895,0.2558104145427119,2.184999999999999,11014249.05,0.9212047078956591,-186022508.0,9.259259259253305e-05,0.0019442644199430558,-0.007808194010584109,-0.040252354718322336,-0.13840140395660494,0.007838014369693003,13.551749812840573,11.342434784823785,0,0,-0.0735117118785299,GOOGL,US,Technology
2025-03-25,109.28,105.91,104.68,105.23,12463357,107.40799999999999,108.30800000000002,114.201,124.1514,110.00780409107944,115.41662793824126,12.298274902615447,32.7402135231317,-5.408823847161827,-5.123278615648339,-0.28554523151348743,114.201,7.0891049839647975,128.3792099679296,100.0227900320704,0.18363425212083948,0.24830272883434376,2.315714285714285,11383569.95,1.0948547740197465,-198485865.0,-0.02573835755948528,0.011688681934698289,-0.03706076134665937,-0.06503776099511327,-0.17653963533922845,-0.02843689410026773,3.7012113052690783,10.243416922381137,0,0,-0.041242991542335905,GOOGL,US,Technology
2025-03-26,104.58,105.67,104.51,105.03,31713388,106.73400000000001,107.66300000000001,113.17550000000001,123.55539999999999,109.2419880770672,114.64724807105976,10.387422796181895,14.957264957264982,-5.4052599939925585,-5.179674891317184,-0.22558510267537457,113.17550000000001,6.841645289193829,126.85879057838767,99.49220942161236,0.2023559518253621,0.24180658496347265,2.344285714285713,12592371.0,2.518460223379678,-230199253.0,-0.0019005986885869408,0.011044463486517681,0.00430292598963186,-0.05785791173304633,-0.16337422335510599,-0.03108856088560885,3.4969737724615104,6.916644963523734,0,0,-0.04931924212129879,GOOGL,US,Technology
2025-03-27,104.93,104.25,104.25,104.25,12512063,106.104,107.106,112.0875,123.01179999999998,108.47398991136457,113.87708152882874,10.613884107859988,11.35940409683424,-5.40309161746417,-5.224358236546582,-0.1787333809175884,112.0875,6.409776147662881,124.90705229532577,99.26794770467424,0.1943145977472235,0.22874187211261543,2.219285714285713,12776467.85,0.9793052483354977,-242711316.0,-0.007426449585832606,0.0,-0.00648051081667327,-0.05071935895101065,-0.1726847075628919,-0.029329608938547524,0.0,2.3993950259102106,0,0,-0.017458033573141463,GOOGL,US,Technology
2025-03-28,103.96,101.68,100.75,101.16,12354488,104.73600000000002,106.296,110.83099999999999,122.42720000000001,107.34876069423154,112.93507546876262,12.267904509283781,8.176943699731893,-5.5863147745310755,-5.2967495441434815,-0.28956523038759396,110.83099999999999,5.9238269102960714,122.67865382059213,98.98334617940785,0.09186012072352659,0.2137967503764334,2.0642857142857127,13041435.05,0.9473257356501011,-255065804.0,-0.029640287769784224,0.00919335705803493,-0.026933435936639705,-0.07413509060955525,-0.19898645973552942,-0.06333333333333335,2.9369627505059253,2.144645507655826,1,0,0.043989719256623205,GOOGL,US,Technology
2025-03-31,100.59,100.87,99.42,100.07,8399391,103.148,105.58600000000001,109.674,121.81,106.22895135665746,111.98210689594985,11.386138613861405,0.12578616352206495,-5.753155539292393,-5.388030743173265,-0.3651247961191286,109.674,5.631346852078192,120.9366937041564,98.41130629584362,0.07363663381303778,0.20538493542778957,2.127142857142855,12737139.5,0.6594408690082362,-263465195.0,-0.0107750098853302,0.014489857099885211,-0.005169499950241979,-0.06624988336288151,-0.18780943105267434,-0.0735117118785299,4.251144538636235,2.396035763047401,1,1,0.05036474467872498,GOOGL,US,Technology
2025-04-01,100.09,101.0,100.79,100.89,6352698,102.28,104.84400000000001,108.77349999999998,121.20640000000002,105.407574224864,111.1604693324777,16.719044626021415,9.360730593607371,-5.752895107613696,-5.461003616061352,-0.2918914915523443,108.77349999999998,5.517202070270794,119.80790414054157,97.7390958594584,0.14277636110961636,0.20288772799330976,1.778571428571428,11827311.95,0.5371209865551076,-257112497.0,0.008194264015189523,0.0020814748736040466,0.007992806474093358,-0.06850706305973597,-0.1514718250630782,-0.041242991542335905,13.148479426373122,6.778862238505108,1,1,0.05273069679849329,GOOGL,US,Technology
2025-04-02,100.6,100.97,98.97,99.85,7371962,101.244,103.989,107.827,120.5534,104.55256280565416,110.32265677457971,17.39699149771097,11.680911680911748,-5.770093968925551,-5.522821686634193,-0.247272282291358,107.827,5.3308062982501445,118.48861259650029,97.16538740349971,0.12590086968905712,0.1977540429836945,1.757857142857142,11682346.65,0.6310342938647268,-264484459.0,-0.010308256516998737,0.0200300450674008,-0.00745526838958792,-0.07887453874538752,-0.1593702643542685,-0.04931924212129879,7.699037619623836,8.366220528211079,1,1,0.10245368052078119,GOOGL,US,Technology
2025-04-03,99.93,103.27,101.76,102.43,12051009,100.88,103.492,106.9915,119.91239999999999,104.22601468170738,109.7380155224869,30.27151935297522,36.17021276595753,-5.512000840779521,-5.520657517463259,0.008656676683737707,106.9915,4.741279279953456,116.47405855990692,97.50894144009308,0.2594794711025623,0.17725816648646464,1.8557142857142839,12038597.1,1.0010309256856078,-252433450.0,0.02583875813720593,0.014741774870499356,0.025017512258330654,-0.04627560521415264,-0.14025516199429233,-0.017458033573141463,33.95485770029892,18.26745824876531,1,1,0.06912037489016898,GOOGL,US,Technology
2025-04-04,102.24,106.09,105.23,105.61,15514005,101.77000000000001,103.253,106.373,119.33879999999999,104.43893549990624,109.43223659027944,45.76086956521739,55.76271186440676,-4.993301090373208,-5.415186232045249,0.42188514167204083,106.373,3.9777368598620724,114.32847371972414,98.41752628027587,0.4520455960680046,0.14957693624602766,1.9442857142857122,12527024.2,1.2384428667070935,-236919445.0,0.031045592111685893,0.008143168260504272,0.03296165884161818,-0.02212962962962961,-0.10484827936938468,0.043989719256623205,65.16192344797234,35.60527292263171,1,1,0.021210112678723636,GOOGL,US,Technology
2025-04-07,104.83,105.61,104.71,105.11,24463732,102.77799999999999,102.96300000000001,106.00150000000001,118.75880000000001,104.54217619222835,109.1120709124504,40.990990990991,71.44408251900106,-4.569894720222052,-5.24612792968061,0.6762332094585579,106.00150000000001,3.7093654940448517,113.42023098808971,98.5827690119103,0.4399155999947182,0.1399740756125096,1.9171428571428553,12900895.8,1.8962815050190929,-261383177.0,-0.004734400151500839,0.008562458376857037,0.0026709911284682835,-0.026849365799463065,-0.06602097032166343,0.05036474467872498,60.255152103998526,53.123977750756616,1,1,0.01912282370849594,GOOGL,US,Technology
2025-04-08,105.43,107.04,105.54,106.21,9791777,103.84200000000001,103.061,105.6845,118.2454,104.79876447034708,108.89710269393127,44.166222695791134,83.2971800433839,-4.098338223584193,-5.0165699884613275,0.9182317648771345,105.6845,3.3762272232697,112.4369544465394,98.9320455534606,0.5389117767192342,0.1277851425038773,1.9571428571428566,12636810.4,0.7748613704878115,-251591400.0,0.01046522690514684,0.014122963939232437,0.00739827373605794,0.00931293357407581,-0.056330519768991616,0.05273069679849329,72.83702212546908,66.08469922581332,0,1,-0.014970341775727203,GOOGL,US,Technology
2025-04-09,106.52,110.89,109.43,110.08,13031826,105.888,103.566,105.61449999999999,117.7592,105.61126224413984,108.98472471765301,56.192236598890915,87.44906275468618,-3.3734624735131717,-4.687948485471696,1.3144860119585244,105.61449999999999,3.26233606161856,112.13917212323712,99.08982787676287,0.8422011033515588,0.12355637006614331,2.097142857142857,12710849.05,1.025252123086764,-238559574.0,0.036437246963562764,0.013263081395228294,0.033420953811177066,0.04808150052365989,-0.012558306422676746,0.10245368052078119,93.20469797875798,75.43229073607522,0,0,-0.07131177325581395,GOOGL,US,Technology
2025-04-10,109.83,109.61,109.42,109.51,18248461,107.304,104.09200000000001,105.599,117.2724,106.2110680527337,109.02363399825857,53.49375289217955,90.93220338983056,-2.812565945524881,-4.312871977482334,1.5003060319574528,105.599,3.241976167968195,112.0829523359364,99.11504766406361,0.8015907425415701,0.12280329048333775,2.0642857142857145,12920840.85,1.41232755665994,-256808035.0,-0.005178052325581328,0.0017350013697220593,-0.002913593735746878,0.05045563549160681,-0.002822800947004045,0.06912037489016898,88.42281878452833,84.82151296291848,0,0,-0.06246004931056526,GOOGL,US,Technology
2025-04-11,108.29,108.87,107.04,107.85,6346246,107.752,104.761,105.52850000000001,116.8014,106.46321142923621,108.93669814564257,49.65606190885639,74.90808823529406,-2.473486716406356,-3.944994925267138,1.471508208860782,105.52850000000001,3.1727661432871987,111.8740322865744,99.18296771342561,0.6829239766243718,0.12026196310028599,2.2257142857142864,12351534.5,0.5138021908288245,-263154281.0,-0.015158433019815676,0.016968011126407327,-0.004063163726991862,0.06613285883748521,-0.012904997254255979,0.021210112678723636,74.49664428905224,85.37472035077953,0,0,-0.05442744552619372,GOOGL,US,Technology
2025-04-14,106.57,108.75,105.81,107.12,13843436,108.154,105.46600000000001,105.526,116.3652,106.56425582473832,108.8021279113519,54.45544554455446,58.95610913404511,-2.237872086613578,-3.6035703575364266,1.3656982709228487,105.526,3.1714240533718154,111.86884810674363,99.18315189325637,0.6256533321111407,0.12021393981925826,2.1978571428571434,12514734.25,1.1061709036154002,-276997717.0,-0.0067686601761705045,0.02744585511550179,0.005160927090127151,0.07045068452083547,-0.0004665484743864301,0.01912282370849594,68.3724832157406,77.09731542977374,0,0,-0.043222554144884295,GOOGL,US,Technology
2025-04-15,106.36,105.04,104.29,104.62,8223992,107.83600000000001,105.83900000000001,105.3415,115.8962,106.26513954400936,108.49234065593059,49.12803062526586,47.651006711409416,-2.2272011119212323,-3.3282965084133873,1.101095396492155,105.3415,3.1076311421690606,111.55676228433812,99.12623771566187,0.4419573971753323,0.1180021602935049,2.317142857142858,12326653.05,0.6671714778918453,-285221709.0,-0.023338312173263653,0.007168801376341342,-0.01635953365911654,0.03697095846962051,-0.03406887637337275,-0.014970341775727203,47.399328855083986,63.42281878662563,0,0,-0.011278914165551601,GOOGL,US,Technology
2025-04-16,104.82,104.0,100.81,102.23,8557008,106.266,106.077,105.03299999999999,115.30660000000002,105.64434884493099,108.02846356652294,45.97929936305733,33.02047781569971,-2.3841147215919563,-3.1394601510491014,0.7553454294571451,105.03299999999999,3.0942529070231237,111.22150581404624,98.84449418595374,0.27353176319949035,0.11783926602091405,2.5335714285714297,12315085.75,0.6948394415492039,-293778717.0,-0.02284458038615944,0.031204147510210244,-0.024709024994994087,0.023835753630445877,-0.05691881918819186,-0.07131177325581395,27.348993286296263,47.7069351190403,0,1,-0.0010760050865694648,GOOGL,US,Technology
2025-04-17,102.58,103.53,101.98,102.67,14787221,104.898,106.101,104.7965,114.68780000000001,105.1867567149416,107.63154033637578,53.36003560302627,5.307599517490928,-2.4447836214341834,-3.000524845126118,0.5557412236919346,104.7965,3.0845630501767607,110.96562610035352,98.62737389964647,0.32764981897470186,0.11773534612882407,2.394285714285715,12852472.7,1.15053501334922,-278991496.0,0.004304020346278081,0.015096912437760788,0.0008773640085701506,0.00234306355559899,-0.04404096834264437,-0.06246004931056526,31.04026845377181,35.26286353171737,0,1,-0.008084153111911907,GOOGL,US,Technology
2025-04-18,102.71,103.32,100.91,101.98,9152737,103.724,105.73800000000001,104.49549999999999,114.1322,104.6934095280275,107.21290771593937,54.327140915269624,5.231866825208073,-2.5194981879118643,-2.9043195136832676,0.38482132577140327,104.49549999999999,3.0490230963531046,110.5935461927062,98.39745380729379,0.2937454128092297,0.1167140440047246,2.442142857142858,12766258.8,0.716947417911705,-288144233.0,-0.00672056102074603,0.023632084722262837,-0.007107389738028258,-0.03437174509989582,-0.05574074074074076,-0.05442744552619372,25.251677850230603,27.88031319676624,0,1,-0.005491272798587965,GOOGL,US,Technology
2025-04-21,102.02,103.73,101.5,102.49,12036348,102.798,105.476,104.2195,113.5908,104.3544234467925,106.86306269767893,53.67647058823528,13.085399449035691,-2.508639250886432,-2.825183461123901,0.3165442102374687,104.2195,2.9627609367632806,110.14502187352656,98.29397812647343,0.35406348695792117,0.11371234506919928,2.5350000000000006,12860757.25,0.9358972282991168,-276107885.0,0.005000980584428216,0.021758220313964734,0.004606939815677239,-0.02492626771953199,-0.05110637903897797,-0.043222554144884295,29.530201339804474,28.607382547935646,0,0,-0.021367938335447367,GOOGL,US,Technology
2025-04-22,101.15,105.18,102.06,103.44,6020220,102.56199999999998,105.199,104.13,113.05480000000001,104.21374291651672,106.60950249633089,58.28334102445778,25.401069518716497,-2.395759579814168,-2.7392986848619545,0.3435391050477863,104.13,2.9576608823065245,110.04532176461305,98.21467823538694,0.4416768835324032,0.11361417006734364,2.615000000000001,12538600.4,0.4801348896855434,-270087665.0,0.009269196994828865,0.030162412992747894,0.022639644092707387,-0.026080406741361473,-0.01701035826285291,-0.011278914165551601,26.09126983868138,26.957716342905503,0,0,-0.043986852281515776,GOOGL,US,Technology
2025-04-23,103.63,103.19,101.27,102.12,9937852,102.54,104.40299999999999,103.9845,112.4616,103.891628621668,106.2769467540161,49.2405683488486,30.15873015873011,-2.3853181323480896,-2.6685025743591817,0.28318444201109205,103.9845,2.9825289075212456,109.94955781504248,98.01944218495751,0.3437148424913944,0.11472974943352365,2.5257142857142867,11449823.6,0.8679479683907123,-280025517.0,-0.012761020881670415,0.018801410105573835,-0.014571070153289779,-0.0723110465116279,-0.027706369608683223,-0.0010760050865694648,12.996031744742481,22.872500974409462,0,0,-0.025558166862514664,GOOGL,US,Technology
2025-04-24,101.76,102.46,101.35,101.84,6731951,102.374,103.636,103.86399999999999,111.8452,103.57599344910369,105.94828402980725,39.23472301541976,45.34606205250594,-2.372290580703563,-2.6092601756280582,0.2369695949244952,103.86399999999999,3.0196904686250745,109.90338093725013,97.82461906274985,0.3324331565302793,0.11629401789247472,2.3435714285714297,11160818.0,0.6031771503507045,-286757468.0,-0.0027418723070896656,0.010899450117724861,0.0007861635220048362,-0.07003926582047304,-0.02311750599520379,-0.008084153111911907,10.218253967240265,16.435185183554726,0,0,-0.024744697564807683,GOOGL,US,Technology
2025-04-25,101.69,103.27,99.94,101.42,8843167,102.262,102.99300000000001,103.877,111.24860000000001,103.24430214924158,105.61285558155869,39.414802065404466,35.01199040767382,-2.368553432317114,-2.5611188269658696,0.19256539464875555,103.877,3.0079737890777585,109.89294757815551,97.86105242184448,0.2957927684395565,0.1158282888049829,2.517142857142858,10985251.95,0.8050034933424087,-295600635.0,-0.004124116260801225,0.03283376059916352,-0.0026551283311765255,-0.05961984237366702,0.0025701858442073178,-0.005491272798587965,13.515981733925514,12.24342248196944,0,0,-0.014296982843620576,GOOGL,US,Technology
2025-04-28,100.91,100.33,100.27,100.3,40405863,101.824,102.31099999999999,103.8885,110.60859999999998,102.7913325878198,105.21931072193142,33.06590257879655,31.73913043478251,-2.427978134111626,-2.534490688395021,0.10651255428339468,103.8885,2.993055602907269,109.87461120581453,97.90238879418546,0.2002645058853389,0.11524107491699115,2.461428571428572,12585575.55,3.210489629893038,-336006498.0,-0.011043186748175948,0.0005982053838425131,-0.006044990585610489,-0.06366691560866322,0.002298391126211774,-0.021367938335447367,3.287671232576462,9.007302311247432,1,0,0.015154536390827422,GOOGL,US,Technology
2025-04-29,99.26,98.97,98.83,98.89,10366606,100.914,101.73800000000001,103.7885,109.96459999999999,102.19112757430906,104.75047288876449,12.675116744496293,17.272727272727323,-2.5593453144554275,-2.539461613607102,-0.019883700848325248,103.7885,3.128840839670392,110.04618167934078,97.53081832065922,0.1086010561802308,0.12058526097362395,2.232142857142857,12786270.95,0.8107606377009681,-346373104.0,-0.014057826520438632,0.0014157144301606315,-0.00372758412246904,-0.05476964251577143,-0.019823570224997478,-0.043986852281515776,0.5565862708203748,5.786746412440802,1,1,0.048842147841035466,GOOGL,US,Technology
2025-04-30,99.27,100.34,98.84,99.51,9245078,100.39200000000001,101.46600000000001,103.77149999999999,109.433,101.77864640903074,104.36228971035258,16.755319148936152,11.992263056092924,-2.5836433013218425,-2.5482979511500505,-0.03534535017179197,103.77149999999999,3.1522026968604964,110.07590539372099,97.46709460627899,0.1620220517222501,0.12150552692522024,2.2921428571428573,12879926.75,0.7177895854268281,-337128026.0,0.006269592476489061,0.015073861923273299,0.0024176488364822347,-0.026606671231536705,-0.003405107661492157,-0.025558166862514664,6.772908365859336,3.5390552897520764,1,1,0.02271128529795985,GOOGL,US,Technology
2025-05-01,99.69,100.06,98.74,99.32,8466619,99.88799999999999,101.131,103.61600000000001,108.9272,101.4003931153337,103.98878676753856,18.570375829034617,15.346534653465383,-2.588393652204857,-2.556317091361012,-0.03207656084384514,103.61600000000001,3.2953226820657004,110.20664536413142,97.02535463586861,0.17408351058043287,0.12721288920760881,2.210000000000001,12700707.25,0.6666257371906799,-345594645.0,-0.001909355843633942,0.01329037454678531,-0.0037115056675322802,-0.0326288107528977,-0.030362198574636512,-0.024744697564807683,5.794205793626932,4.374566810102233,1,1,0.009967780910189461,GOOGL,US,Technology
2025-05-02,98.77,100.46,99.58,99.97,7068816,99.598,100.92999999999999,103.33399999999999,108.4628,101.18033263605159,103.69109885786789,23.4988880652335,28.798185941043158,-2.510766221816297,-2.547206917452069,0.0364406956357719,103.33399999999999,3.356460228149171,110.04692045629832,96.62107954370165,0.2494384134186197,0.12992665446481064,2.0814285714285723,12278447.8,0.5757092052214282,-338525829.0,0.00654450261780104,0.008802640792149572,0.012149438088365428,-0.01970974700921757,-0.0534040337089291,-0.014296982843620576,19.099378879021863,10.555497679502729,0,1,-0.0005001500450134699,GOOGL,US,Technology
2025-05-05,99.17,101.95,101.71,101.82,24548706,99.902,100.86299999999999,103.1695,107.99199999999999,101.27874299973597,103.55249894205463,39.0965732087227,53.424657534246485,-2.273755942318658,-2.4925167224253872,0.21876078010672906,103.1695,3.3454406916043076,109.86038138320862,96.47861861679138,0.39915379431282,0.1297065776832061,2.0207142857142872,12282696.5,1.998641259381337,-313977123.0,0.018505551665499498,0.002357100766034689,0.02672179086390309,-0.0065372231437214046,-0.031300542289030564,0.015154536390827422,47.82608694909521,24.239890540581353,0,0,-0.015910430170889667,GOOGL,US,Technology
2025-05-06,101.48,104.52,103.08,103.72,7345781,100.86800000000001,100.89099999999999,103.045,107.5106,101.65432099977659,103.56490642786281,56.032388663967595,75.83081570996973,-1.9105854280862218,-2.3761304635575544,0.46554503547133264,103.045,3.27185686857025,109.5887137371405,96.50128626285951,0.5515762170048247,0.12700691420402715,1.9414285714285728,12160396.7,0.604074075636523,-306631342.0,0.018660381064623976,0.013883532587602335,0.022073314938686653,0.002706883217324041,-0.02344412013934649,0.048842147841035466,77.32919253457612,48.08488612089775,0,0,-0.017161588893173985,GOOGL,US,Technology
2025-05-07,104.18,102.16,101.46,101.77,32710525,101.32000000000001,100.856,102.62950000000001,107.03519999999999,101.67211776904172,103.43195039582744,46.753246753246735,70.11173184357531,-1.7598326267857232,-2.2528708962031883,0.4930382694174651,102.62950000000001,2.829148049183669,108.28779609836735,96.97120390163266,0.424049573804377,0.11026646526217532,1.9921428571428592,13144331.65,2.4885649101401888,-339341867.0,-0.018800617045892865,0.006878254888406452,-0.023133038970789763,-0.0034273403838621652,-0.07549055232558144,0.02271128529795985,47.04968943368787,57.40165630578642,0,0,-0.014542596049916368,GOOGL,US,Technology
2025-05-08,102.05,100.98,99.77,100.31,9234932,101.518,100.703,102.1695,106.52120000000001,101.46256118918915,103.20069481040083,44.292549555707446,54.99999999999997,-1.7381336212116878,-2.1499234412048884,0.41178981999320063,102.1695,2.3606900752890314,106.89088015057806,97.44811984942194,0.30307664909428994,0.09242249693953372,1.962857142857145,12693655.2,0.7275234065343601,-348576799.0,-0.014346074481674354,0.012062605921522732,-0.01705046545794164,-0.015023566378633113,-0.0840105926399416,0.009967780910189461,24.37888198379217,49.585921317352074,0,1,-0.007277439936197783,GOOGL,US,Technology
2025-05-09,100.33,101.37,98.76,99.92,18711634,101.508,100.553,101.773,105.99380000000001,101.22524408316004,102.95768037946513,41.144038594073095,53.6585365853659,-1.7324362963050959,-2.06642601222493,0.33398971591983395,101.773,1.9938354997313983,105.76067099946279,97.7853290005372,0.2676588664765368,0.07836402581084592,1.990000000000002,13311924.6,1.405629400452779,-367288433.0,-0.0038879473631742156,0.026120896717112475,-0.004086514502102164,-0.014789982252021328,-0.0735280482151135,-0.0005001500450134699,18.322981363614517,29.917184260364866,1,1,0.0016012810248198228,GOOGL,US,Technology
2025-05-12,100.38,101.2,99.4,100.2,10883652,101.184,100.543,101.42699999999999,105.5336,101.06751422421235,102.75340775834711,38.294797687861305,51.46871008939977,-1.6858935341347632,-1.9903195166068965,0.30442598247213337,101.42699999999999,1.5731600781764306,104.57332015635285,98.28067984364714,0.3050103073859924,0.06204107695824261,1.8957142857142872,13163935.4,0.8267779233573325,-356404781.0,0.002802241793434801,0.017964071856108113,-0.001793185893586366,-0.0009970089730807485,-0.06460044809559373,-0.015910430170889667,25.25951556656423,22.653792971323657,1,0,0.021357285429141726,GOOGL,US,Technology
2025-05-13,100.37,102.18,101.75,101.94,7536375,100.828,100.84799999999998,101.29299999999999,105.1944,101.20174280510275,102.69315533168903,49.368863955119195,50.77720207253889,-1.4914125265862737,-1.890538118602772,0.39912559201649844,101.29299999999999,1.3903922203122772,104.07378444062455,98.51221555937543,0.6163340800408026,0.05490575736915888,1.8821428571428587,13129554.55,0.5740007703459543,-348868406.0,0.017365269461077748,0.004218167549497632,0.015642124140523572,0.03084235008595404,-0.0256165169183713,-0.017161588893173985,55.36332178972957,32.98193957330279,1,0,0.02933097900725934,GOOGL,US,Technology
2025-05-14,101.43,100.77,99.9,100.29,9384027,100.532,100.926,101.196,104.8246,101.06147468124078,102.5151438253265,45.04158669225849,27.041499330655952,-1.4536691440857226,-1.8031643236993622,0.34949517961363963,101.196,1.3892534913207888,103.97450698264157,98.41749301735842,0.3369627994464126,0.05491337567915959,1.9485714285714297,13170905.5,0.7124814833360179,-358252433.0,-0.016185991759858687,0.008674842955342661,-0.011239278319912858,0.007838408200181002,-0.01897681698131659,-0.014542596049916368,26.81660899190043,35.813148782731425,1,1,0.02851729983049167,GOOGL,US,Technology
2025-05-15,100.62,100.66,98.73,99.58,39135820,100.386,100.952,101.04150000000001,104.4334,100.83355549951143,102.29772576383895,44.22110552763819,32.42375601926163,-1.464170264327521,-1.7353655118249938,0.2711952474974728,101.04150000000001,1.3885216485205225,103.81854329704106,98.26445670295897,0.23686042241507163,0.05496837036294121,1.8485714285714292,14388335.45,2.719968367156163,-397388253.0,-0.007079469538338934,0.019381401887734597,-0.010335917312558838,0.002617801047120505,-0.030096425440732433,-0.007277439936197783,14.680483589865123,32.286804790498394,1,1,0.03263707571801566,GOOGL,US,Technology
2025-05-16,99.54,102.53,98.13,100.08,9464081,100.41799999999999,100.963,100.9465,104.0754,100.717623884202,102.13344978108591,49.281045751634,47.81783681214417,-1.4158258968839164,-1.6714575888367782,0.25563169195286184,100.9465,1.385926537883644,103.71835307576728,98.17464692423272,0.34369662159964215,0.05491726955842597,2.0807142857142864,14403902.65,0.657049729709904,-387924172.0,0.005021088572002341,0.043964828137050764,0.005424954791988819,0.001100330099029767,-0.018631104138066346,0.0016012810248198228,30.516431920107017,24.004508167290876,1,1,0.01358912869704243,GOOGL,US,Technology
2025-05-19,99.65,102.56,102.16,102.34,4007729,100.846,101.015,100.939,103.87140000000001,100.96722020970938,102.148749797323,60.68111455108359,66.9467787114846,-1.1815295876136247,-1.5734719885921475,0.39194240097852284,100.939,1.3775145428555615,103.69402908571112,98.18397091428886,0.7542622882843579,0.05458800039001447,2.152857142857144,14002471.7,0.28621580529844565,-383916443.0,0.022581934452438057,0.00390854016021201,0.02699448068211744,0.005107051659791972,-0.0014635574202360724,0.021357285429141726,65.88419404289775,37.027036517623316,1,1,0.006742231776431407,GOOGL,US,Technology
2025-05-20,102.93,105.47,104.49,104.93,25663870,101.444,101.136,101.0135,103.719,101.57687863898488,102.3547683311196,64.95584988962472,75.02645502645504,-0.7778896921347211,-1.4143555293006624,0.6364658371659413,101.0135,1.5494558467545092,104.11241169350902,97.91458830649097,1.1319153925992138,0.06135638688845245,2.269285714285715,14984654.2,1.712676712107463,-358252573.0,0.025307797537619692,0.009339559706382011,0.019430681045181863,0.0116660239105284,0.014404485692188773,0.02933097900725934,92.6430517584956,63.01455924050015,0,0,-0.00972076622510254,GOOGL,US,Technology
2025-05-21,105.15,103.77,102.65,103.15,7296069,102.016,101.274,101.06500000000001,103.55239999999999,101.81889730991027,102.41367438073645,59.7158802638255,56.375131717597505,-0.5947770708261828,-1.2504398376057666,0.6556627667795838,101.06500000000001,1.6043149054280392,104.2736298108561,97.85637018914393,0.824905040793534,0.0634963599826712,2.337857142857143,14852565.05,0.49123289372613155,-365548642.0,-0.01696369007910037,0.010857973824422029,-0.019020446980323152,0.013559988208706075,0.010086173129651321,0.02851729983049167,68.39237056288943,75.63987212142762,1,0,0.0017450315075131506,GOOGL,US,Technology
2025-05-22,102.37,103.9,101.97,102.83,8747738,102.66600000000001,101.526,101.11449999999999,103.4126,101.97445156992408,102.44451331553071,57.378740970072236,65.56372549019598,-0.4700617456066283,-1.094364219205939,0.6243024735993108,101.11449999999999,1.6442610722368023,104.4030221444736,97.82597785552639,0.7608314500971342,0.06504551067237796,2.394285714285715,14953354.4,0.5850016779511573,-374296380.0,-0.003102278235579292,0.018768841777508878,0.004493503956193223,0.02512212142358683,0.009721131186174237,0.03263707571801566,64.03269753896014,75.02270662011507,0,1,-0.005348633667217717,GOOGL,US,Technology
2025-05-23,103.22,101.88,101.09,101.44,21007546,102.93800000000002,101.67800000000001,101.1155,103.25619999999999,101.89222825147422,102.37010492171173,48.99577167019029,60.5203619909502,-0.4778766702375066,-0.9710667094122526,0.493190039174746,101.1155,1.6444627182055713,104.40442543641115,97.82657456358885,0.5493322219862729,0.06505284424996408,2.3771428571428572,15561573.35,1.3499627690304998,-395303926.0,-0.013517455995332162,0.007787854889513054,-0.017244720015333816,0.015212169735788539,0.00019719976336030065,0.01358912869704243,45.095367841267674,59.17347864770576,1,1,0.014195583596214423,GOOGL,US,Technology
2025-05-26,101.53,106.47,100.28,103.03,4520860,103.076,101.961,101.252,103.17339999999999,102.06727005893971,102.41898603866818,48.14615797958088,64.85397784491437,-0.3517159797284677,-0.8471965634754957,0.49548058374702797,101.252,1.6859874507835606,104.62397490156712,97.88002509843287,0.7636437178713926,0.06660559596914284,2.6264285714285713,13767323.2,0.3283760834222238,-390783066.0,0.01567429022082023,0.0600795884687947,0.014773958435784752,0.02824351297405192,0.02721834496510467,0.006742231776431407,58.75299759487378,55.96035432503388,1,0,0.016597107638551822,GOOGL,US,Technology
2025-05-27,102.83,104.03,103.82,103.91,8016675,102.872,102.158,101.50300000000001,103.0854,102.35076697294899,102.52943151738202,56.100342075256556,59.18128654970754,-0.17866454443303326,-0.7134901596670031,0.5348256152339699,101.50300000000001,1.6895097389135947,104.8820194778272,98.12398052217283,0.8561684114191004,0.06657969671426253,2.5364285714285706,13649826.65,0.5873096133928108,-382766391.0,0.00854120159176941,0.0020209796939465595,0.010502771564616313,0.01932509319207365,0.05076347456770147,-0.00972076622510254,69.30455634660615,57.717640594249225,0,0,-0.004908093542488556,GOOGL,US,Technology
2025-05-28,103.66,103.85,102.91,103.33,13999180,102.90799999999999,102.46199999999999,101.694,102.98400000000001,102.50141820787992,102.58873288651289,59.06362545018005,37.76758409785927,-0.08731467863296416,-0.5882550634601954,0.5009403848272312,101.694,1.6681328989053053,105.03026579781061,98.35773420218939,0.7451843016117629,0.06561381788065775,2.4649999999999994,13887531.75,1.0080393869818236,-396765571.0,-0.005581753440477288,0.009097067647255402,-0.0031834844684238356,0.030312094924718203,0.03838810169832163,0.0017450315075131506,62.35011989660071,63.46922461269357,0,1,-0.004354979192877195,GOOGL,US,Technology
2025-05-29,102.77,103.67,101.17,102.28,13975337,102.798,102.73200000000001,101.842,102.88159999999999,102.46735386820609,102.56586378379106,56.812933025404156,42.51290877796898,-0.09850991558496958,-0.49030603388515026,0.3917961183001807,101.842,1.5751377550416334,104.99227551008326,98.69172448991674,0.5695177291682194,0.06186593959373006,2.4571428571428564,14162967.65,0.9867519547181939,-410740908.0,-0.010161618116713456,0.02444270629620216,-0.004767928383723139,0.027113878288812954,0.02980265807490956,-0.005348633667217717,49.76019184055638,60.47162269458777,1,1,0.008506061791161645,GOOGL,US,Technology
2025-05-30,101.5,104.1,101.91,102.88,13595352,103.08600000000001,103.01199999999999,101.9875,102.7792,102.53083788848208,102.58913313315603,57.596371882086146,50.410509031198664,-0.05829524467394265,-0.4039038760429088,0.34560863136896613,101.9875,1.5267746361080514,105.0410492722161,98.9339507277839,0.6461414111562916,0.05988085348079249,2.4849999999999994,14489294.45,0.9383031802281319,-397145556.0,0.0058662495111458934,0.02128693623618498,0.013596059113166496,0.027977617905675434,0.02910873261978586,0.014195583596214423,56.954436444010234,56.35491606038914,1,0,0.0035964230171072753,GOOGL,US,Technology
2025-06-02,103.02,105.27,104.32,104.74,6417354,103.428,103.252,102.1335,102.71379999999999,102.87070898256175,102.7484566048766,57.88288288288287,75.15243902439028,0.1222523776851574,-0.29867262529729555,0.42092500298245294,102.1335,1.6449548865961547,105.4234097731923,98.84359022680769,0.896135483766579,0.06442371549315541,2.5142857142857133,13582726.85,0.4724642995773489,-390728202.0,0.018079315707620447,0.009070078289010242,0.016695787225619325,0.023451240961500863,0.028678059320369265,0.016597107638551822,79.25659471471741,61.990407666428034,0,0,-0.007733435172808778,GOOGL,US,Technology
2025-06-03,104.99,103.77,103.11,103.4,16199377,103.326,103.099,102.11749999999999,102.67720000000001,102.95213836985994,102.7967190786182,58.91117478510028,52.931854199683094,0.15541929124174203,-0.20785424198948801,0.36327353323123,102.11749999999999,1.6302013921404215,105.37790278428083,98.85709721571915,0.6966781536144192,0.06385590685727548,2.4849999999999994,14025406.65,1.1550022219853266,-406927579.0,-0.012793584113041767,0.006382978723342491,-0.015144299456946803,-0.014581149337653643,-0.003085229463941297,-0.004908093542488556,63.18944843367043,66.4668265307994,0,0,-0.011798839458413868,GOOGL,US,Technology
2025-06-04,103.21,104.42,101.65,102.88,8229152,103.23599999999999,103.072,102.173,102.6342,102.94104015911226,102.80288803576099,59.55967555040555,41.34453781512603,0.1381521233512757,-0.13865296892133527,0.27680509227261096,102.173,1.6366303636917001,105.4462607273834,98.8997392726166,0.6079962853978276,0.06407291020820305,2.5449999999999995,12801338.0,0.6428352534059132,-415156731.0,-0.005029013539651905,0.026924572317001082,-0.0031973645964228363,-0.002617547261270059,0.010906947037437442,-0.004354979192877195,56.954436444010234,66.46682653079938,0,1,-0.016524105754276763,GOOGL,US,Technology
2025-06-05,103.0,104.57,102.01,103.15,11241469,103.41,103.104,102.315,102.61220000000002,102.97318782694113,102.82860003312516,59.01350557839109,48.404255319149,0.14458779381597253,-0.08200481637387369,0.22659261018984622,102.315,1.5889933920533539,105.4929867841067,99.13701321589329,0.6313724782532951,0.06212162017447386,2.413571428571427,12901664.85,0.871319187049012,-403915262.0,0.002624416796267681,0.024818225884393308,0.0014563106795975667,0.0031119323154722434,0.028312232080550226,0.008506061791161645,46.36510500058731,55.502996626089356,0,0,-0.05419292292777511,GOOGL,US,Technology
2025-06-06,102.94,103.92,102.71,103.25,6520443,103.484,103.285,102.48150000000001,102.654,103.01577431510403,102.859814845501,53.05985205110961,60.3411513859275,0.15595946960301887,-0.03441195917849517,0.19037142878151403,102.48150000000001,1.4966076552234575,105.47471531044692,99.4882846895531,0.6283736583682099,0.058414744327858314,2.3228571428571416,12292105.3,0.5304577458787514,-397394819.0,0.0009694619486184664,0.011719128329184396,0.0030114629881192036,0.0178430599369086,0.033326661329063256,0.0035964230171072753,47.980613885625104,50.43338511007425,0,0,-0.05355932203389835,GOOGL,US,Technology
2025-06-09,103.05,105.47,102.7,103.93,24063248,103.322,103.375,102.668,102.73119999999999,103.15642442047263,102.93908781994305,46.14197530864198,61.00628930817619,0.2173366005295776,0.0159377527631194,0.2013988477664582,102.668,1.4281773441365961,105.52435468827319,99.81164531172682,0.7209109401679442,0.05564255051711076,2.297142857142856,12951085.1,1.8580100397911803,-373331571.0,0.0065859564164649775,0.026652554603803936,0.008539543910640176,0.008735319809764164,0.03722554890219554,-0.007733435172808778,58.96607430388281,51.10393106336511,0,0,-0.04127778312325614,GOOGL,US,Technology
2025-06-10,104.19,102.53,101.9,102.18,8556231,103.078,103.202,102.67999999999999,102.75699999999999,103.00620527886147,102.88285909251708,46.249033255993815,22.532188841201915,0.1233461863443921,0.03741943947937395,0.08592674686501814,102.67999999999999,1.422736429335277,105.52547285867055,99.83452714132943,0.41214114046307704,0.05542409152011783,2.279285714285713,13002077.9,0.6580663804462838,-381887802.0,-0.016838256518810768,0.006165590134995398,-0.019291678663794023,-0.01664902319314787,0.002354326074161417,-0.011798839458413868,30.694668815719865,45.88045233507595,0,0,-0.05891563906831088,GOOGL,US,Technology
2025-06-11,102.43,102.04,100.49,101.18,9919190,102.73800000000001,102.987,102.7245,102.7836,102.7252506205751,102.75672138191291,43.93828067597358,24.3055555555557,-0.03147076133781468,0.023641399315936222,-0.0551121606537509,102.7245,1.3564212782907108,105.43734255658143,100.01165744341858,0.21533548888262227,0.05281782936991686,2.262142857142856,13028836.05,0.7613258161057437,-391806992.0,-0.009786651008025005,0.015319233049858588,-0.012203456018625368,-0.020807122810413192,0.008874264632565465,-0.016524105754276763,14.539579965341037,34.7334410283146,0,0,-0.05959675825261912,GOOGL,US,Technology
2025-06-12,101.91,99.0,96.41,97.56,7862634,101.62,102.51500000000001,102.62349999999999,102.68619999999999,101.93059667894816,102.37177905719297,37.75252525252527,14.150943396226538,-0.4411823782448039,-0.06932335619621183,-0.37185902204859206,102.62349999999999,1.646972581496058,105.91744516299211,99.32955483700788,-0.2686072094673031,0.06419475389087333,2.4785714285714286,11465176.75,0.6857838728230794,-399669626.0,-0.0357778217038941,0.026547765477382693,-0.04268472181294583,-0.046147829487680814,-0.020285197830889667,-0.05419292292777511,11.43141152967884,18.888553436913273,0,0,-0.008507585075850699,GOOGL,US,Technology
2025-06-13,97.32,98.42,97.16,97.72,12485105,100.514,101.999,102.50550000000001,102.5284,101.2828125744946,102.02720283062332,31.57529493407354,12.859097127222952,-0.7443902561287246,-0.2043367361827144,-0.5400535199460101,102.50550000000001,1.9033805798022088,106.31226115960443,98.69873884039559,-0.12855269863696228,0.07427428107891347,2.1264285714285722,11616227.95,1.0747984611649721,-387184521.0,0.0016400164001639794,0.012893982807891027,0.004110152075584623,-0.05015552099533438,-0.023581135091926497,-0.05355932203389835,14.459161146306958,13.476717547108974,0,0,-0.011972984036021317,GOOGL,US,Technology
2025-06-16,97.89,101.84,97.89,99.64,5328159,99.65599999999999,101.489,102.3705,102.419,101.03007217841851,101.8503729912652,36.181229773462796,30.230010952902546,-0.8203008128466962,-0.3275295515155108,-0.49277126133118543,102.3705,2.008580213402849,106.38766042680571,98.3533395731943,0.1601455119964745,0.0784827743689141,2.3492857142857155,11682249.45,0.4560901191773371,-381856362.0,0.019647973802701557,0.039642713769172624,0.017877209112086248,-0.04869199923620393,-0.0263826460816885,-0.04127778312325614,35.65121412410034,20.513928933362077,0,0,-0.06222400642312331,GOOGL,US,Technology
2025-06-17,99.55,96.36,95.99,96.16,9819644,98.452,100.76500000000001,101.932,102.21799999999999,100.28083030481567,101.42886388068482,30.463215258855584,17.435037720033506,-1.1480335758691496,-0.49163035638623864,-0.6564032194829109,101.932,2.3488756548813754,106.62975130976275,97.23424869023725,-0.11433647923107819,0.09217422025893073,2.53857142857143,10890038.15,0.9017087877044041,-391676006.0,-0.03492573263749499,0.0038477537437204327,-0.03405323957775939,-0.07001934235976792,-0.0835795292099496,-0.05891563906831088,1.7932489449585354,17.30120807178864,0,1,-0.0074875207986688785,GOOGL,US,Technology
2025-06-18,96.26,95.28,95.04,95.15,9223252,97.24600000000001,99.992,101.532,101.91939999999998,99.49147179638248,100.96376285236711,30.52976515565267,18.588025022341355,-1.472291055984627,-0.6877624963059165,-0.7845285596787105,101.532,2.7733612515444177,107.07872250308883,95.98527749691117,-0.07529468946487958,0.10926057800563763,2.440000000000001,10986397.3,0.8395155307631619,-400899258.0,-0.010503327787021566,0.0025223331581447454,-0.011531269478375942,-0.0751360808709175,-0.0775569558894813,-0.05959675825261912,1.054650047837517,12.833037705632158,0,0,-0.021229637414608593,GOOGL,US,Technology
2025-06-19,95.75,96.93,96.57,96.73,22933832,97.08,99.35000000000001,101.227,101.66380000000001,99.06662998155441,100.65015078915462,34.059097978227086,31.096006796941367,-1.583520807600209,-0.866914158564775,-0.7166066490354339,101.227,2.9527241659167918,107.13244833183359,95.32155166816642,0.1192499072527677,0.11667733572614507,2.410714285714287,11695702.0,1.9608767425096207,-377965426.0,0.016605359957961197,0.0037216995761014363,0.010234986945062861,-0.06223945710130874,-0.0593212097636876,-0.008507585075850699,16.203259825867367,6.350386272887834,0,0,-0.013025948516489194,GOOGL,US,Technology
2025-06-20,96.92,97.17,96.05,96.55,8761111,96.846,98.68,100.9825,101.43780000000001,98.67945613823834,100.34643591581738,26.746166950596276,43.93757503001197,-1.6669797775790443,-1.026927282367629,-0.6400524952114153,100.9825,3.131221175934487,107.24494235186897,94.72005764813103,0.14610452670887505,0.12403024983154416,2.320000000000001,11083380.25,0.7904727629936938,-386726537.0,-0.001860849788069996,0.011600207146436088,-0.003817581510484801,-0.06489104116222766,-0.048205835962145116,-0.011972984036021317,14.47746883849681,10.578459570733926,0,0,-0.02071465561885033,GOOGL,US,Technology
2025-06-23,96.16,95.12,92.09,93.44,9414950,95.60600000000001,97.631,100.503,101.1642,97.87338596312475,99.83484807009752,24.303405572755437,31.02836879432624,-1.9614621069727747,-1.2138342472886583,-0.7476278596841164,100.503,3.5122718693460246,107.52754373869205,93.47845626130795,-0.00273727823014309,0.13978774242803005,2.522142857142858,11328084.75,0.8311157072588368,-396141487.0,-0.03221128948731222,0.032427226027050234,-0.028286189683566065,-0.10093332050418558,-0.09307968552848689,-0.06222400642312331,10.089686097900582,13.59013825408828,0,1,0.0,GOOGL,US,Technology
2025-06-24,93.21,96.43,94.66,95.44,11095903,95.462,96.95700000000001,100.0795,100.98060000000001,97.4990188918748,99.5093037685477,32.1668264621285,31.51408450704224,-2.0102848766728982,-1.3731243731655065,-0.6371605035073917,100.0795,3.5896363618777785,107.25877272375556,92.90022727624444,0.17688231254781578,0.14347139471487816,2.537857142857145,11482046.15,0.9663697470533379,-385045584.0,0.021404109589041154,0.018545683151524148,0.023924471622959763,-0.065962027794089,-0.08151284765662592,-0.0074875207986688785,25.03736920590151,16.534841380766327,0,0,-0.019803017602682327,GOOGL,US,Technology
2025-06-25,95.15,94.31,92.19,93.13,17208859,95.05799999999999,96.152,99.56949999999999,100.7986,96.82686213927867,99.0367627485731,28.122270742358054,35.13248282630029,-2.2099006092944222,-1.5404796203912898,-0.6694209889031324,99.56949999999999,3.820664691411593,107.21082938282318,91.9281706171768,0.0786400718078011,0.15348735069969105,2.5871428571428603,11642530.1,1.4781029015245664,-402254443.0,-0.024203688181056227,0.02276387844923484,-0.0212296374143855,-0.07956117809843855,-0.09871286170521631,-0.021229637414608593,7.7727952161604215,14.299950173320866,1,1,0.0047245785461182965,GOOGL,US,Technology
2025-06-26,93.0,96.04,95.02,95.47,28196892,94.806,95.94300000000001,99.229,100.65459999999999,96.61811411785119,98.77255810048811,34.526650755767704,51.388888888888864,-2.15444398263692,-1.6632724928404161,-0.4911714897965038,99.229,3.8695326795213125,106.96806535904263,91.48993464095737,0.25714121629267683,0.15598394338277388,2.7085714285714317,12353607.85,2.282482175239019,-374057551.0,0.025126167722538506,0.010683984497636181,0.02655913978466064,-0.02142271422714226,-0.06658193195150575,-0.013025948516489194,25.26158445252153,19.35724962486118,0,0,-0.008798575468733638,GOOGL,US,Technology
2025-06-27,95.14,95.44,93.84,94.55,12918151,94.40599999999999,95.626,98.8125,100.506,96.29994271510485,98.45977601892385,31.520882584712353,39.96316758747696,-2.159833303818999,-1.762584655036133,-0.39724864878286614,98.8125,3.9040207007094017,106.6205414014188,91.0044585985812,0.22704422395528634,0.15803752361978063,2.6271428571428603,12319747.8,1.0485725975191962,-386975702.0,-0.009636535037184424,0.01692226335254439,-0.006201387428986778,-0.03243962341383544,-0.0809681181959564,-0.02071465561885033,23.56321838854753,18.86586601907652,1,0,0.010364886303543042,GOOGL,US,Technology
2025-06-30,94.31,94.19,92.84,93.44,13404430,94.40599999999999,95.006,98.2475,100.325,95.85995152816562,98.0879407582115,32.33629749393694,36.81085665818491,-2.2279892300458783,-1.8556655700380822,-0.37232366000779615,98.2475,3.8177575051867216,105.88301501037344,90.61198498962656,0.1851882293693463,0.15543428606927853,2.6042857142857168,12669101.6,1.0580410012623942,-400380132.0,-0.011739820200951878,0.014447773972448058,-0.00922489661744014,-0.06222400642312331,-0.10788619438609892,0.0,13.567839194616237,20.797547345228462,1,1,0.02033390410958913,GOOGL,US,Technology
2025-07-01,93.35,94.21,93.02,93.55,23273520,94.02799999999999,94.745,97.755,100.12719999999999,95.50457436998629,97.75179699830102,34.004192872117386,50.625711035267344,-2.2472226283147307,-1.9339769816934123,-0.3132456466213185,97.755,3.752874687628277,105.26074937525655,90.24925062474344,0.21988140091100847,0.15356246483923636,2.5685714285714303,13022808.75,1.7871350689124519,-377106612.0,0.0011772260273972268,0.012720470336582333,0.002142474558091702,-0.02714226289517474,-0.09526112185686664,-0.019803017602682327,14.974358972823078,17.368472185328976,1,1,0.043826830571886743,GOOGL,US,Technology
2025-07-02,93.69,95.11,92.33,93.57,10772705,94.116,94.58699999999999,97.2895,99.9562,95.20694754383456,97.44203425764947,40.14814814814813,36.27019089574153,-2.2350867138149084,-1.9941989281177115,-0.24088778569719693,97.2895,3.659969046459406,104.60943809291882,89.96956190708119,0.24593364362984677,0.15047745322657796,2.4264285714285725,13149986.4,0.8192178952201885,-366333907.0,0.000213789417423893,0.02971037725735055,-0.001280819724610137,-0.016605359957961197,-0.09049377916018664,0.0047245785461182965,15.179487177930204,14.573895115123202,1,1,0.05749706102383256,GOOGL,US,Technology
2025-07-03,93.15,95.5,93.92,94.63,12908417,93.94800000000001,94.377,96.8635,99.81199999999998,95.11818638324462,97.23373542372669,42.695035460992905,63.48920863309352,-2.1155490404820654,-2.018468950590582,-0.0970800898914832,96.8635,3.430590366561734,103.72468073312346,90.00231926687654,0.3372364694057205,0.1416670001198104,2.4742857142857155,13233333.8,0.9754470203534787,-353425490.0,0.011328417227743914,0.016696607840888743,0.0158883521200655,-0.021709914194148694,-0.08259815802229775,-0.008798575468733638,26.051282048610044,18.735042733121137,1,1,0.05146359505442244,GOOGL,US,Technology
2025-07-04,94.65,96.97,94.38,95.53,7782286,94.144,94.275,96.47749999999999,99.6942,95.18154232428391,97.10753279973412,39.79135618479882,50.72815533980585,-1.925990475450206,-1.999973255562507,0.07398278011230097,96.47749999999999,3.091763038170737,102.66102607634147,90.29397392365851,0.42338513748259554,0.12818586875234925,2.365000000000001,13296425.95,0.5852915245023778,-345643204.0,0.009510725985417023,0.027111902020023986,0.009297411516013713,-0.010564474365613585,-0.0747699757869249,0.010364886303543042,67.71653541974082,36.315768215427056,1,1,0.04469800062807483,GOOGL,US,Technology
2025-07-07,95.54,95.56,95.17,95.34,9714837,94.524,94.46499999999999,96.048,99.595,95.20592042824023,96.97660444418595,47.565320665083156,61.65191740412988,-1.7706840159457187,-1.9541154076391494,0.1834313916934307,96.048,2.5514260202542154,101.15085204050843,90.94514795949158,0.43062703025580146,0.10625628936480291,2.1321428571428576,12579005.4,0.7723055932303207,-355358041.0,-0.0019889040092117005,0.004090623033311411,-0.00209336403598398,0.02033390410958913,-0.08265178485519098,0.02033390410958913,63.97637794016215,52.581398469504364,1,1,0.04562617998741336,GOOGL,US,Technology
2025-07-08,95.74,98.05,97.34,97.65,7113287,95.34400000000001,94.686,95.82149999999999,99.5702,95.58193267004943,97.02648559647281,56.89084895259096,95.86056644880179,-1.444552926423384,-1.8522029113959966,0.4076499849726125,95.82149999999999,2.147515761841237,100.11653152368245,91.52646847631752,0.7128622326989862,0.08964650988844143,2.2457142857142864,12506858.2,0.5687508659248359,-348244754.0,0.02422907488986792,0.0072708653353069416,0.01994986421537561,0.02315590947191959,-0.04433352906635346,0.043826830571886743,93.28859058837453,74.99383464942586,1,1,0.020174091141833106,GOOGL,US,Technology
2025-07-09,97.77,99.81,98.27,98.95,30971928,96.42,95.268,95.71000000000001,99.559,96.10009687465721,97.16896814489371,56.215005599104146,96.71280276816613,-1.0688712702364995,-1.6955365831640974,0.6266653129275979,95.71000000000001,1.8980599513544034,99.50611990270882,91.9138800972912,0.9267515360567596,0.07932546030026427,2.2728571428571436,13559495.1,2.284150367505176,-317272826.0,0.013312852022529409,0.01556341586644207,0.012069141863433955,0.06249328895092887,-0.022039928839691636,0.05749706102383256,88.86010361543264,82.04169071465647,1,1,0.019302678120262762,GOOGL,US,Technology
2025-07-10,99.21,100.11,99.01,99.5,15452693,97.394,95.67099999999999,95.80699999999999,99.5626,96.62315889394071,97.34163717121076,58.09105869445969,96.98890649762286,-0.7184782772700515,-1.5001249219852881,0.7816466447152366,95.80699999999999,2.0417152231934073,99.8904304463868,91.72356955361317,0.9521933270977514,0.08524284126095573,2.275714285714286,13938998.05,1.1085941640838264,-301820133.0,0.005558362809499728,0.011055276381798382,0.002923092430169168,0.04221221326071012,0.019885198851988584,0.05146359505442244,92.39401495107307,91.5142363849601,1,1,0.022814070351758753,GOOGL,US,Technology
2025-07-11,99.62,100.69,99.08,99.8,14768434,98.248,96.196,95.91099999999999,99.5592,97.1119036794883,97.52373812150401,70.62256809338521,96.57657657657661,-0.4118344420157172,-1.282466825991374,0.8706323839756569,95.91099999999999,2.1917498416583023,100.29449968331659,91.52750031668339,0.9435953324985709,0.09140765257938915,2.0721428571428575,14053164.5,1.0508973227419829,-287051699.0,0.0030150753768845018,0.016132264528896465,0.0018068660911281442,0.05552617662612369,0.021285304952926687,0.04469800062807483,89.52941175417301,90.26117677355961,1,1,0.021142284569138248,GOOGL,US,Technology
2025-07-14,100.37,100.97,98.67,99.69,6347045,99.11800000000001,96.821,95.9135,99.5166,97.50853388264393,97.68420196436584,65.70583887657058,93.69747899159668,-0.17566808172190918,-1.061107077137481,0.8854389954155719,95.9135,2.1962510521792957,100.30600210435858,91.52099789564141,0.9298802720347907,0.09159298960652645,2.0228571428571422,14104108.8,0.45001386758914763,-293398744.0,-0.0011022044088175864,0.02307152171709224,-0.0067749327487619,0.06688784246575352,0.0005018065034123609,0.04562617998741336,85.42141229095427,89.11494633206682,1,1,0.04142842812719416,GOOGL,US,Technology
2025-07-15,99.62,101.23,98.33,99.62,11071286,99.51200000000001,97.428,96.0865,99.43459999999999,97.83337482377563,97.82759441145835,78.74224977856517,96.12068965517255,0.00578041231727866,-0.8477295792465291,0.8535099915638078,96.0865,2.347738609584877,100.78197721916976,91.39102278083024,0.8762663339838884,0.09773437931698818,1.9978571428571428,14166690.9,0.7815011491850119,-304470030.0,-0.0007021767479185037,0.029110620357065797,0.0,0.06488508818813488,0.03598169717138111,0.020174091141833106,81.9101123503472,85.62031213182486,1,1,0.03794418791407339,GOOGL,US,Technology
2025-07-16,98.85,101.06,100.7,100.86,7415483,99.89399999999999,98.15700000000001,96.372,99.41640000000001,98.29900946627168,98.05221704765893,76.44749754661437,94.95798319327749,0.24679241861275614,-0.628825179674672,0.8756175982874281,96.372,2.5649943059316698,101.50198861186334,91.24201138813666,0.9374278715437946,0.10646222163719977,1.892857142857142,14076302.45,0.526806133893057,-297054547.0,0.012447299739008155,0.0035693039856873896,0.020333839150021966,0.0779095864058994,0.060010509721492244,0.019302678120262762,95.84269661844459,87.72474041991539,1,1,0.03380924053142964,GOOGL,US,Technology
2025-07-17,101.03,102.54,101.15,101.77,7400447,100.348,98.87100000000001,96.624,99.4456,98.83300800992218,98.32760837747595,85.46168958742639,94.33962264150964,0.5053996324462275,-0.40198021725049204,0.9073798496967196,96.624,2.835349045622877,102.29469809124575,90.95330190875424,0.9537360229942852,0.1173765956943837,1.8964285714285711,13299633.2,0.5564398906550377,-289654100.0,0.009022407297243573,0.013658248992692761,0.007324557062186185,0.07545175948430738,0.05210379406595678,0.022814070351758753,92.4583741339413,90.07039436757775,1,1,0.04087648619436002,GOOGL,US,Technology
2025-07-18,101.25,102.84,101.16,101.91,5313019,100.77000000000001,99.50899999999999,96.892,99.48539999999998,99.30639139301107,98.59297071989762,95.98262757871888,93.50180505415184,0.7134206731134469,-0.17890003917770422,0.8923207122911512,96.892,3.0714707603308273,103.03494152066165,90.74905847933834,0.9084362501428371,0.12679976717578853,1.894285714285715,13127228.6,0.40473269394175904,-284341081.0,0.0013756509776947645,0.016485133941551582,0.006518518518454104,0.06678530304616337,0.055515277058519,0.021142284569138248,91.1512844822881,93.1507850782247,1,1,0.019821411048964954,GOOGL,US,Technology
2025-07-21,100.74,104.31,103.42,103.82,7542531,101.59599999999999,100.357,97.411,99.5578,100.00079271716322,98.98015807399614,96.63941871026347,95.89041095890425,1.0206346431670852,0.06100689729125373,0.9596277458758314,97.411,3.3240620362804583,104.05912407256092,90.76287592743908,0.9820156730731088,0.1364963725347788,1.980714285714287,13033607.65,0.5786985939615427,-276798550.0,0.018742027278971563,0.00857252937768665,0.030573754218477512,0.08894482903293466,0.11108732876712324,0.04142842812719416,95.90984974157674,93.17316945260207,0,1,-0.002985937198998201,GOOGL,US,Technology
2025-07-22,104.05,105.42,101.79,103.4,38764819,102.352,100.93199999999999,97.809,99.58699999999999,100.5237476837535,99.30755377223184,93.07624890446994,89.55223880597049,1.216193911521657,0.29204430013733446,0.9241496113843224,97.809,3.5448523092965742,104.89870461859314,90.71929538140685,0.8943041565118943,0.14497039369629913,2.0414285714285723,14417053.45,2.688816854680049,-315563369.0,-0.0040454633018685016,0.03510638297838384,-0.0062469966361724605,0.05888376856118782,0.08340318524727586,0.03794418791407339,82.43478260152744,89.8319722751308,1,1,0.031624758220502924,GOOGL,US,Technology
2025-07-23,103.37,105.02,103.66,104.27,7716459,103.03399999999999,101.464,98.36600000000001,99.6666,101.10009419394527,99.67514238170986,92.95900178253136,92.34972677595647,1.4249518122354061,0.5186258025569488,0.9063260096784573,98.36600000000001,3.644751670118361,105.65550334023673,91.0764966597633,0.9049658614261152,0.14821184840620974,2.019285714285714,13942433.45,0.5534513379046225,-307846910.0,0.008413926499032831,0.013043061283081964,0.00870658798482427,0.05376452753916117,0.11961773864490488,0.03380924053142964,89.58333332521885,89.30932188944104,1,0,0.006521530641603546,GOOGL,US,Technology
2025-07-24,104.35,107.42,104.74,105.93,14682990,103.86600000000001,102.107,98.889,99.79359999999998,101.843156625646,100.13846516826588,93.40567612687829,92.89340101522862,1.7046914573801217,0.7558389335215835,0.9488525238585382,98.889,3.945395584194063,106.77979116838812,90.99820883161188,0.9461529806580947,0.15958885555134192,2.059285714285714,13266738.35,1.106751976701796,-293163920.0,0.01592020715450282,0.0252997262340669,0.015141351221704564,0.06462311557788958,0.10956321357494514,0.04087648619436002,87.83673468670725,86.61828353781787,1,1,0.011800245445105162,GOOGL,US,Technology
2025-07-25,106.15,104.4,103.55,103.93,16831847,104.27000000000001,102.52000000000001,99.35799999999999,99.8706,102.16420945246969,100.41931960025518,81.14575779550408,65.42857142857153,1.7448898522145129,0.9536491172601697,0.7912407349543432,99.35799999999999,3.959946304791352,107.2778926095827,91.43810739041729,0.7886402773744349,0.15942133717472157,2.201428571428572,13462423.15,1.250283515989206,-309995767.0,-0.01888039271216846,0.00817858173762946,-0.02091380122448502,0.04138276553106213,0.0992067689053413,0.019821411048964954,65.37698412049836,80.93235071080818,1,1,0.01279707495429605,GOOGL,US,Technology
2025-07-28,103.82,104.73,102.53,103.51,13195286,104.208,102.902,99.8615,99.89399999999999,102.37125415208973,100.64825888913194,74.62184873949587,60.98901098901107,1.7229952629577951,1.107518346399695,0.6154769165581002,99.8615,3.805041358097271,107.47158271619455,92.25141728380547,0.7397148713966104,0.1524127459755428,2.1650000000000014,13451965.95,0.9809187049779364,-323191053.0,-0.0040411815645146065,0.021253985122005107,-0.0029859371989693906,0.03831878824355517,0.10776969178082196,-0.002985937198998201,57.267759556582824,70.1604927879295,1,1,0.024828518983672998,GOOGL,US,Technology
2025-07-29,104.06,107.29,106.18,106.67,15279950,104.86200000000001,103.607,100.5175,99.92880000000001,103.03259966715285,101.09431378624552,78.05232558139542,66.7057444314186,1.9382858809073298,1.273671853301222,0.6646140276061079,100.5175,3.7905865050965732,108.09867301019314,92.93632698980686,0.9057749368614848,0.15084284846156576,2.280714285714287,13052287.45,1.1706721053961997,-307911103.0,0.030528451357356712,0.010405924814751978,0.02508168364381047,0.07076892190323214,0.1402458578300374,0.031624758220502924,91.74917490739833,71.46463952815986,0,0,-0.023343020530608327,GOOGL,US,Technology
2025-07-30,106.69,105.14,104.8,104.95,6366191,104.998,104.016,101.0865,99.9648,103.32758433374472,101.3799201724568,68.25184192900207,57.88402848423193,1.9476641612879178,1.4084703148985611,0.5391938463893566,101.0865,3.5385579504099933,108.16361590081999,94.00938409918001,0.7729572366321852,0.14002098995909404,2.3314285714285736,12831961.75,0.4961198161208814,-314277294.0,-0.016124496109496622,0.0032396379227895545,-0.01630893242087999,0.04055125917112834,0.1216201774072887,0.006521530641603546,72.82728272026105,73.94807239474743,0,1,-0.01743687470223909,GOOGL,US,Technology
2025-07-31,104.77,108.45,106.16,107.18,22639891,105.248,104.55700000000002,101.71400000000001,100.0518,103.92026366701477,101.8095557152479,71.88612099644135,63.00268096514749,2.1107079517668694,1.548917842272223,0.5617901094946465,101.71400000000001,3.4448717033614416,108.6037434067229,94.82425659327713,0.8966766014660063,0.13547286325688004,2.4664285714285734,13318535.45,1.6998782925581888,-291637403.0,0.021248213434968966,0.021365926478621386,0.023002767967710298,0.053159084209492,0.13262179012998,0.011800245445105162,87.45059287673418,84.00901683479788,0,0,-0.043664862847546226,GOOGL,US,Technology
2025-08-01,107.17,106.38,104.36,105.26,29878467,105.51400000000001,104.89200000000001,102.2005,100.12819999999999,104.12637694901248,102.06514418079065,64.91697911087309,47.07423580786025,2.061232768221828,1.6513808274621442,0.4098519407596837,102.2005,3.204226608385176,108.60895321677036,95.79204678322965,0.7387081481109086,0.1254094298307278,2.5035714285714312,14423344.5,2.0715351372536976,-321515870.0,-0.01791378988617276,0.019190575717089164,-0.01782215172139754,0.03287214208615463,0.10185282110331828,0.01279707495429605,68.47826086279862,76.25204548659798,0,0,-0.034961048831465,GOOGL,US,Technology
2025-08-04,104.15,106.7,105.59,106.08,10674292,106.02799999999999,105.11800000000001,102.7375,100.1892,104.4269343414721,102.36254090814549,66.63233779608652,60.467380720545236,2.0643934333266145,1.7339833486350384,0.33041008469157607,102.7375,2.8772334574048637,108.49196691480972,96.98303308519027,0.790426554595987,0.11202271643272835,2.3992857142857167,14471317.25,0.737617113769162,-310841578.0,0.0077902337070110406,0.01046380090487873,0.018530964954214704,0.02176844538624545,0.11264946507237261,0.024828518983672998,69.41935482975228,75.11606952309505,0,0,-0.02460407239819007,GOOGL,US,Technology
2025-08-05,106.33,105.24,103.33,104.18,7365132,105.53,105.196,103.06400000000001,100.1946,104.3889444427841,102.49716750754465,58.266932270916364,52.85106382978725,1.8917769352394487,1.7655420659559204,0.12623486928352823,103.06400000000001,2.629359337615292,108.32271867523059,97.80528132476942,0.6061094981797022,0.10204763399789564,2.492857142857145,14483909.5,0.5085043849173191,-318206710.0,-0.017911010558069318,0.01833365329220256,-0.020220069594467895,0.0075435203094778025,0.06687147977470564,-0.023343020530608327,41.50684930938265,59.80148833397788,1,0,0.008542906507966741,GOOGL,US,Technology
2025-08-06,103.38,105.24,101.42,103.12,6902210,105.16400000000002,105.08100000000002,103.27250000000001,100.1904,104.1937222208173,102.54330324772732,53.33662876915475,31.60621761658031,1.6504189730899839,1.7425174473827332,-0.09209847429274931,103.27250000000001,2.4448202495522136,108.16214049910444,98.38285950089558,0.48440580646855935,0.09469395045258096,2.6457142857142872,13280423.6,0.5197281117051031,-325108920.0,-0.010174697638702268,0.03704422032547468,-0.0025149932288399683,-0.011029059173299993,0.04214249621020727,-0.01743687470223909,26.886145400975924,45.93744984670365,1,1,0.0352986811481768,GOOGL,US,Technology
2025-08-07,103.3,102.95,102.14,102.5,5375112,104.228,104.73800000000001,103.42250000000001,100.1948,103.93314957146079,102.54009559974746,51.42443264123612,35.67251461988302,1.3930539717133286,1.6726247522488522,-0.27957078053552364,103.42250000000001,2.2881936681904538,107.99888733638092,98.84611266361911,0.39921089140929716,0.08849887280498255,2.595714285714287,12776544.55,0.42070150957196717,-330484032.0,-0.006012412723041205,0.007902439024313168,-0.007744433688211546,-0.03237987350136884,0.03015075376884413,-0.043664862847546226,15.3627311500195,27.91857528679272,1,1,0.04575609756097565,GOOGL,US,Technology
2025-08-08,102.41,102.39,100.93,101.58,14145816,103.492,104.503,103.5115,100.16879999999999,103.57112656046682,102.46897740717252,44.320486815415826,11.32596685082865,1.102149153294306,1.558529632457943,-0.456380479163637,103.5115,2.1715220832134623,107.85454416642692,99.16845583357308,0.27763293138845707,0.08391423496683874,2.536428571428572,12745413.65,1.1098749148973353,-344629848.0,-0.008975609756097569,0.014372908052624738,-0.008104677277530453,-0.022611373039545968,0.01783567134268549,-0.034961048831465,8.64361702012707,16.964164523707527,1,1,0.08682811577082106,GOOGL,US,Technology
2025-08-11,101.59,105.57,101.79,103.47,15892134,102.97,104.499,103.7005,100.1434,103.55556862808731,102.54312722886446,50.165172251061804,37.58668515950064,1.0124413992228511,1.4493119858109247,-0.43687058658807354,103.7005,1.9772135496808767,107.65492709936176,99.74607290063825,0.4708554495152958,0.07626630728537699,2.5621428571428573,13222668.1,1.2018854801410708,-328737714.0,0.018606024808033084,0.03653232821072248,0.01850575844060921,-0.00038643609313115945,0.03791754438760164,-0.02460407239819007,33.776595740189194,19.26098130344528,1,1,0.08727167294868088,GOOGL,US,Technology
2025-08-12,103.02,106.73,103.73,105.07,24382338,103.148,104.33900000000001,103.973,100.17679999999999,103.78855806992001,102.7303029896917,51.82481751824816,43.67959949937418,1.0582550802283208,1.371100604694404,-0.31284552446608327,103.973,1.7474495700846564,107.46789914016931,100.47810085983069,0.6569430125657227,0.06722705202573159,2.6792857142857156,13888220.7,1.7556126714192646,-304355376.0,0.015463419348603402,0.028552393642061937,0.01989904872820907,-0.014999531264648036,0.054707889981931324,0.008542906507966741,55.053191482040646,32.49113474745233,1,1,0.07747216141619884,GOOGL,US,Technology
2025-08-13,105.93,108.78,105.14,106.76,5445041,103.876,104.52000000000001,104.268,100.2544,104.24570298224,103.02879906453286,51.89066059225512,66.58097686375316,1.2169039177071426,1.3402612672969518,-0.12335734958980926,104.268,1.69137315749181,107.65074631498362,100.88525368501638,0.868339769981204,0.06488560852708745,2.7192857142857156,13789698.6,0.39486291637564025,-298910335.0,0.016084515085181383,0.03409516672879267,0.007835362975475907,0.017246307765602653,0.05849692643267912,0.0352986811481768,74.26751591410607,54.365767712111996,1,1,0.04168227800674407,GOOGL,US,Technology
2025-08-14,105.64,107.26,107.14,107.19,15951612,104.81400000000001,104.521,104.53900000000002,100.3352,104.69867175420308,103.33703617086712,57.9980372914622,78.4615384615384,1.3616355833359535,1.3445361305047523,0.01709945283120118,104.53900000000002,1.7042266342953725,107.94745326859076,101.13054673140927,0.8888860709255335,0.0652092189241937,2.585000000000001,14217256.85,1.121989357462487,-282958723.0,0.00402772573997745,0.001119507416726234,0.014672472548138249,9.330098899029693e-05,0.05325734499361312,0.04575609756097565,79.74522291977762,69.68864343864148,1,1,0.0508442951767889,GOOGL,US,Technology
2025-08-15,107.09,110.67,110.19,110.4,14702795,106.578,105.035,104.9635,100.4782,105.57579917663337,103.8602186767341,64.86836426413466,90.55441478439424,1.7155804998992608,1.418745004383654,0.29683549551560673,104.9635,2.0393375472363773,109.04217509447275,100.88482490552724,1.1664541637799077,0.07771606500228935,2.6764285714285725,14686745.65,1.0010927096641924,-268255928.0,0.029946823397705158,0.004347826086917175,0.030908581566617736,0.0488314649439483,0.08330880188401535,0.08682811577082106,97.22792606804646,83.74688830064342,1,1,0.03269927536231876,GOOGL,US,Technology
2025-08-18,109.88,113.1,112.01,112.5,9145842,108.38400000000001,105.67699999999999,105.3975,100.6496,106.6410608417667,104.50020247846349,63.18407960199004,100.0,2.1408583633032094,1.5631676761675652,0.5776906871356442,105.3975,2.6232079095701257,110.64391581914025,100.15108418085974,1.176890685342877,0.09955484369345527,2.599285714285714,14766911.2,0.61934694783382,-259110086.0,0.01902173913043481,0.009688888888802668,0.023844193665600293,0.06052036199095023,0.08360624157195162,0.08727167294868088,95.0698438705777,90.68099761946729,1,1,0.015733333333333377,GOOGL,US,Technology
2025-08-19,111.57,114.59,112.12,113.21,6717606,110.01200000000001,106.58,105.88799999999999,100.87020000000001,107.65166686611029,105.14537266524955,69.5734597156398,100.0,2.5062942008607365,1.7517929811061996,0.7545012197545369,105.88799999999999,3.103279419885347,112.09455883977068,99.6814411602293,1.0898598714630618,0.11722874810577363,2.642142857142857,13164550.55,0.5102798963174708,-252392480.0,0.006311111111111156,0.02181786061282732,0.01469929192422068,0.08667690535611428,0.09487427466150855,0.07747216141619884,89.89751097438517,94.0650936376698,1,1,0.022789506227365086,GOOGL,US,Technology
2025-08-20,114.01,112.97,109.8,111.21,12044743,110.902,107.38900000000001,106.23499999999999,101.0708,108.19910273286256,105.5946043196791,59.655007187350236,80.27613412228797,2.6044984131834497,1.9223340675216498,0.6821643456617998,106.23499999999999,3.294925124936315,112.82485024987261,99.64514975012736,0.8774744349629716,0.12406175459708374,2.6357142857142852,13380964.75,0.9001400366038602,-264437223.0,-0.017666283897182278,0.02850463087826182,-0.024559249188452346,0.07845228859581055,0.06655797448930656,0.04168227800674407,75.25622254207487,86.74119246234595,1,1,0.05611006204478031,GOOGL,US,Technology
2025-08-21,111.29,113.11,112.26,112.64,31379397,111.99199999999999,108.40299999999999,106.57050000000001,101.37240000000001,108.88231769703754,106.11648548118823,68.10598626104023,79.7570850202429,2.7658322158493007,2.09103369718718,0.6747985186621208,106.57050000000001,3.5905863397427376,113.75167267948548,99.38932732051454,0.9225981096664194,0.1347684899558149,2.5699999999999994,14215785.1,2.2073627711660633,-233057826.0,0.01285855588526208,0.0075461647726602285,0.01213046994328209,0.09892682926829277,0.063343717549325,0.0508442951767889,85.72474377117679,83.62615909587898,1,1,0.03790838068181812,GOOGL,US,Technology
2025-08-22,113.99,116.5,112.02,114.01,5489650,112.71399999999998,109.646,107.07450000000001,101.6982,109.6711918974933,106.7011902603635,68.94409937888199,81.51571164510167,2.9700016371297977,2.2668272851757036,0.7031743519540941,107.07450000000001,3.89498662250116,114.86447324500233,99.2845267549977,0.9451555724857161,0.14550566652059194,2.787142857142857,13648675.25,0.4022111668155364,-227568176.0,0.012162642045454586,0.03929479870152363,0.0001754539871904095,0.12236660759992124,0.09698835754834989,0.03269927536231876,84.00770712369895,81.66289114565024,1,1,0.03640031576177516,GOOGL,US,Technology
2025-08-25,114.43,114.52,114.07,114.27,7715039,113.06800000000001,110.726,107.6125,101.9908,110.37870083634049,107.26184283367347,76.1534473820632,74.58703939008892,3.1168580026670156,2.436833428673966,0.6800245739930495,107.6125,4.113700952464234,115.83990190492847,99.38509809507153,0.9045930948813474,0.1529079224969593,2.6271428571428563,13374662.9,0.5768398411865886,-219853137.0,0.0022805017103761926,0.003938041480669159,-0.001398234728642948,0.10437808060307341,0.10395130905226546,0.015733333333333377,85.67758509404764,85.13667866297449,1,1,0.04104314343222182,GOOGL,US,Technology
2025-08-26,114.53,118.29,113.79,115.79,7965166,113.58400000000002,111.798,108.0685,102.3834,111.2112083999804,107.893558179331,82.07594936708858,72.56515775034296,3.317650220649412,2.6129967870690556,0.7046534335803565,108.0685,4.491820958843441,117.05214191768688,99.08485808231312,0.9297533266474179,0.16625828835606588,2.6757142857142853,13008923.7,0.6122847340333979,-211887971.0,0.013301829001487686,0.03886345971121113,0.011001484327154488,0.10202721994860586,0.08549732820849343,0.022789506227365086,85.59907833608301,85.09479018460989,1,1,0.03368166508334047,GOOGL,US,Technology
2025-08-27,116.1,117.57,117.36,117.45,9641407,114.832,112.867,108.69350000000001,102.8294,112.17102249229112,108.60144275864367,85.95478595478595,75.72815533980585,3.569579733647444,2.8043133763847337,0.7652663572627105,108.69350000000001,4.887296395004203,118.46809279000843,98.9189072099916,0.9479214729028385,0.17985606848465607,2.7328571428571413,13172684.5,0.7319241774959252,-202246564.0,0.014336298471370634,0.0017879948914278905,0.011627906976644106,0.1001311352566503,0.11910433539780851,0.05611006204478031,95.16129031709897,88.81265124907657,1,1,0.013622818220519362,GOOGL,US,Technology
2025-08-28,116.67,117.2,116.68,116.91,17895989,115.68599999999999,113.83899999999998,109.17999999999999,103.23299999999999,112.90009595501556,109.2168914431917,87.55512003919645,92.03539823008842,3.6832045118238597,2.9800916034725593,0.7031129083513004,109.17999999999999,5.202803899921866,119.58560779984373,98.77439220015626,0.871434333669805,0.1906138083852066,2.6757142857142844,12935489.4,1.3834797480890249,-220142553.0,-0.0045977011494253706,0.00444786587969847,0.00205708408329423,0.09068010075566746,0.0907818622877401,0.03790838068181812,91.63636363080987,90.79891076133065,1,1,0.01069198528782822,GOOGL,US,Technology
2025-08-29,116.11,119.38,117.18,118.16,8151366,116.516,114.61499999999998,109.825,103.66519999999998,113.70931196193624,109.87934392888431,87.15225088517954,91.81818181818173,3.8299680330519266,3.1500668893884334,0.6799011436634932,109.825,5.4833129632204285,120.79162592644086,98.85837407355915,0.8800166092573674,0.19971092057984974,2.567142857142856,11849134.35,0.6879291829508893,-211991187.0,0.01069198528782822,0.018618821936199813,0.0176556713459852,0.07028985507246377,0.12255367661029815,0.03640031576177516,92.20447283755882,93.00070892848925,1,1,0.0027081922816520887,GOOGL,US,Technology
2025-09-01,118.98,118.96,118.95,118.96,3314928,117.454,115.26100000000001,110.46900000000001,104.17559999999999,114.51711012163835,110.55198511934023,86.61043753294673,91.04477611940288,3.965125002298123,3.3130785119703714,0.6520464903277516,110.46900000000001,5.769229539000324,122.00745907800065,98.93054092199937,0.8679434117559545,0.20889949357550427,2.3914285714285697,11481166.15,0.2887274400495075,-208676259.0,0.00677048070413,8.406186953519539e-05,-0.00016809547823030876,0.05742222222222226,0.12141779788838614,0.04104314343222182,97.05056179093745,93.63046608643542,1,0,0.022108271687962366,GOOGL,US,Technology
2025-09-02,119.42,119.9,119.52,119.69,5490615,118.234,115.90900000000002,111.24449999999999,104.66060000000002,115.31293933369399,111.22887511050293,85.89672404219874,91.69230769230762,4.0840642231910635,3.467275654214511,0.6167885689765527,111.24449999999999,5.9198306119072335,123.08416122381445,99.40483877618553,0.8566613874962888,0.21285836555889112,2.193571428571427,11387440.3,0.4821640661278315,-203185644.0,0.006136516476126452,0.003174868410032875,0.0022609278177669993,0.05723875982687043,0.14887694375119964,0.03368166508334047,98.35423196721356,95.86975553190331,1,0,0.05906926226084064,GOOGL,US,Technology
2025-09-03,119.23,119.47,118.71,119.05,5442351,118.554,116.69300000000001,112.04100000000001,105.17900000000002,115.8878717438949,111.80821769491226,82.54665203073543,79.00355871886111,4.079654048982647,3.589751333168138,0.48990271581450884,112.04100000000001,5.840302713855123,123.72160542771026,100.36039457228976,0.8000272564028359,0.2085059117217089,2.227857142857142,11314447.35,0.48100895701203145,-208627995.0,-0.005347146795889435,0.006383872322499968,-0.0015096871592593904,0.07049725744087776,0.15448021722265315,0.013622818220519362,91.58415840677377,95.66298405497496,1,1,0.05854682906341879,GOOGL,US,Technology
2025-09-04,119.09,119.58,117.02,118.16,11722376,118.804,117.24499999999998,112.824,105.6328,116.23742993714184,112.27872008788333,74.4025157232704,57.319587628865904,3.9587098492585113,3.6635430363862125,0.29516681287229884,112.824,5.53564183508161,123.89528367016322,101.75271632983677,0.7409837990891415,0.1962575989162784,2.162142857142856,11631810.55,1.0077859282374635,-220350371.0,-0.007475850482990376,0.02166553825303264,-0.007809219917643778,0.04900568181818188,0.15278048780487796,0.01069198528782822,82.77227721952742,90.90355586450494,1,1,0.047477995937711626,GOOGL,US,Technology
2025-09-05,118.23,118.78,118.24,118.48,11127119,118.86800000000001,117.69199999999998,113.66900000000001,106.11139999999999,116.58244071604311,112.73807415544898,71.17563739376769,66.95464362850976,3.844366560594125,3.699707741227795,0.14465881936632963,113.66900000000001,4.992128435425061,123.65325687085013,103.6847431291499,0.7409292980685015,0.17567246779266607,2.0135714285714283,11480875.7,0.9691872224357222,-209223252.0,0.0027081922816520887,0.004557731262621949,0.0021145225407924,0.039207087097623106,0.16637133293955508,0.0027081922816520887,85.94059405089696,86.76567655906608,1,1,0.039078325455773166,GOOGL,US,Technology
2025-09-08,119.19,122.58,120.79,121.59,5804924,119.394,118.424,114.575,106.6744,117.35283445203649,113.39377236615839,75.36319612590798,76.42526964560864,3.9590620858781023,3.751578610157857,0.20748347572024528,114.575,4.67812096781002,123.93124193562005,105.21875806437995,0.8748834226068046,0.163320828025981,2.1299999999999994,10976515.2,0.5288493994114454,-203418328.0,0.026249155975692107,0.014721605395059383,0.020135917442569592,0.06405880808611197,0.17512322412293413,0.022108271687962366,92.25352111954203,86.98879746332216,0,1,-0.0016448721111933517,GOOGL,US,Technology
2025-09-09,121.78,128.3,125.53,126.76,14755848,120.80800000000002,119.521,115.65950000000001,107.3386,118.80009069018472,114.3838633020012,89.48704926358556,85.91160220994476,4.416227388183515,3.8845083657629886,0.5317190224205262,115.65950000000001,4.8689018269,125.39730365380001,105.92169634620001,1.0699693890725688,0.16838744164925157,2.365714285714286,10495190.7,1.4059626943260122,-188662480.0,0.042519944074348226,0.021852319343469217,0.0408934143534169,0.09474047845237066,0.2064338060340727,0.05906926226084064,90.54054053497906,89.57821856847272,0,0,-0.04883243925528569,GOOGL,US,Technology
2025-09-10,126.3,126.02,126.01,126.02,4117494,122.202,120.378,116.62249999999999,107.9876,119.91084596861783,115.24579935370699,85.21052631578941,79.11683532658688,4.66504661491085,4.040616015592561,0.6244305993182886,116.62249999999999,4.920469463052519,126.46343892610503,106.78156107389495,0.9774696840203839,0.1687657000325093,2.2835714285714284,10428813.35,0.39481899493205574,-192779974.0,-0.005837803723572121,7.935248373203899e-05,-0.0022169437846222026,0.07296722009365686,0.18040464593480698,0.05854682906341879,85.99508598980366,89.59638254810828,0,0,-0.03586732264719883,GOOGL,US,Technology
2025-09-11,126.52,124.26,123.38,123.77,9339308,123.324,121.06400000000001,117.45149999999998,108.5704,120.50456197344586,115.87722162380423,74.54728370221324,68.91025641025638,4.627340349641628,4.157960882402374,0.4693794672392535,117.45149999999998,4.636123919826811,126.7237478396536,108.17925216034637,0.8407210478206617,0.15789066703404678,2.1521428571428567,10098198.15,0.924848862779657,-202119282.0,-0.017854308839866717,0.007109962026281811,-0.021735693961257227,0.05867761525960136,0.15467860807911182,0.047477995937711626,68.78015161483242,81.77192604653841,0,0,-0.03344913953300477,GOOGL,US,Technology
2025-09-12,123.43,124.23,122.21,123.11,19705670,124.25,121.559,118.08700000000002,109.12199999999999,120.90539859291573,116.41298298500507,71.79487179487177,70.20408163265304,4.492415607910658,4.224851827504031,0.2675637804066273,118.08700000000002,4.487391810745777,127.06178362149157,109.11221637850846,0.7798396156979075,0.15200290669448036,2.260000000000001,10348341.9,1.9042343484771846,-221824952.0,-0.005332471519754356,0.016408090325591766,-0.002592562586060235,0.041892349356804415,0.1151268115942028,0.039078325455773166,64.23156443389162,73.00226734617593,0,0,-0.017139143855088967,GOOGL,US,Technology
2025-09-15,123.45,121.53,121.27,121.39,4668417,124.21,121.80199999999999,118.53149999999998,109.64300000000001,120.97995265554408,116.78165091204248,63.67187499999997,60.659340659340636,4.198301743501602,4.219541810703545,-0.02124006720194238,118.53149999999998,4.342814119171417,127.21712823834281,109.84587176165715,0.6645534393653056,0.14655392428627922,2.070000000000001,10124470.65,0.46110228379176704,-226493369.0,-0.013971245227844986,0.00214185682509155,-0.016686917780342772,0.020427034297242797,0.07902222222222233,-0.0016448721111933517,40.53356281923112,57.84842628931841,1,0,0.011450696103468161,GOOGL,US,Technology
2025-09-16,121.02,120.68,120.48,120.57,13828711,122.97200000000001,121.88999999999999,118.89950000000002,110.1014,120.9168830162296,117.0622693630028,57.94297352342155,45.510563380281646,3.8546136532268065,4.146556179208197,-0.2919425259813906,118.89950000000002,4.176811267990389,127.2531225359808,110.54587746401924,0.59998656224918,0.14051568822258323,2.007857142857145,10480025.9,1.3195301054045958,-240322080.0,-0.00675508690995974,0.0016587874263775738,-0.0037183936539107953,0.007352326844347834,0.06501192474163053,-0.04883243925528569,33.476764196774674,46.08063048329917,1,1,0.04661192668159586,GOOGL,US,Technology
2025-09-17,118.66,121.59,121.43,121.5,17172333,122.06800000000001,122.13499999999999,119.41400000000002,110.55239999999999,121.00659332142506,117.39099015092907,61.45781328007987,13.061797752809056,3.6156031704959872,4.040365577465755,-0.4247624069697675,119.41400000000002,3.7961842337843077,127.00636846756863,111.8216315324314,0.6373747868187061,0.12716044128000129,2.025714285714289,10736405.4,1.5994488621444136,-223149747.0,0.00771336153271962,0.0013168724279726725,0.02393392887220689,0.02057958840823182,0.09252765039115185,-0.03586732264719883,39.71631205321662,37.908879689740836,1,1,0.07316872427983534,GOOGL,US,Technology
2025-09-18,122.48,119.79,119.5,119.63,8137387,121.23999999999998,122.28200000000001,119.7635,110.955,120.79480973351352,117.556842732342,53.5593220338983,11.272727272727337,3.237967001171512,3.879885862206906,-0.6419188610353941,119.7635,3.44525497490327,126.65400994980654,112.87299005019345,0.4903127633903164,0.11506861355503152,1.9921428571428603,9574304.9,0.8499192615101215,-231287134.0,-0.015390946502057634,0.0024241411017101237,-0.023269105159836212,0.012440758293838838,0.062056107954545414,-0.03344913953300477,23.138297870289122,32.1104580400935,1,1,0.11000585137507302,GOOGL,US,Technology
2025-09-19,119.06,121.54,120.57,121.0,11084257,120.81799999999998,122.53400000000002,120.11300000000001,111.37899999999999,120.82637746681912,117.81189141883557,54.80678605089538,31.20759837177755,3.014486047983553,3.706805899362236,-0.692319851378683,120.11300000000001,3.17481056210503,126.46262112421007,113.76337887578995,0.5698466870761906,0.10572745871233248,2.0714285714285756,9854035.25,1.1248443499484793,-220202877.0,0.011451976928864127,0.00801652892555369,0.01629430539210233,0.02126941255908177,0.06131041136742388,-0.017139143855088967,35.28368794013441,32.71276595454675,1,1,0.1428925619834711,GOOGL,US,Technology
2025-09-22,121.6,124.45,121.44,122.78,4863058,121.096,122.65299999999999,120.5385,111.8408,121.12693477961618,118.17989946188528,56.93758419398293,48.05653710247351,2.9470353177308937,3.554851783035968,-0.6078164653050742,120.5385,2.909695724730824,126.35789144946165,114.71910855053835,0.6925888659298537,0.09655655992754796,2.250714285714289,9711436.2,0.5007557480781527,-215339819.0,0.014710743801652937,0.02451539338634541,0.009703947368341306,0.00978698906160047,0.07447274000175019,0.011450696103468161,51.063829782707074,36.495271864376896,1,1,0.11720149861540952,GOOGL,US,Technology
2025-09-23,123.16,127.31,125.29,126.19,12102363,122.22,122.596,121.05850000000001,112.3722,121.90586789044445,118.77324024248713,64.25718849840254,73.57563850687617,3.132627647957321,3.470406956020238,-0.3377793080629172,121.05850000000001,2.945500180916652,126.94950036183332,115.1674996381667,0.935537233396766,0.09732485305508731,2.5042857142857176,9918296.05,1.2202057408635487,-203237456.0,0.027773252972796758,0.01600760757575076,0.024602143552901908,-0.004496686651940696,0.08981777355557474,0.04661192668159586,81.29432623392772,55.88061465225643,1,1,0.09295506775497264,GOOGL,US,Technology
2025-09-24,125.85,131.19,129.74,130.39,5599456,123.998,123.03299999999999,121.70549999999999,112.96279999999999,123.21111898422222,119.63374096526688,71.5696649029982,86.20943952802357,3.5773780189553435,3.4918011686072594,0.08557685034808404,121.70549999999999,3.483244819658074,128.67198963931614,114.73901036068384,1.123305312180812,0.11448109804830367,2.6785714285714315,9716198.5,0.5763010526904063,-197638000.0,0.033283144464695935,0.011120484699661542,0.036074692093475705,0.03467703539120759,0.11017454235845037,0.07316872427983534,93.82239381514876,75.39351661059455,1,1,0.06166117033514862,GOOGL,US,Technology
2025-09-25,129.62,134.39,131.5,132.79,7717045,126.63,123.93499999999999,122.49949999999998,113.58319999999999,124.68479298664957,120.60827867154447,73.51298061123887,87.55821689953424,4.076514315105101,3.608743797906828,0.46777051719827245,122.49949999999998,4.0897014110530865,130.67890282210615,114.32009717789381,1.12904959094686,0.1335418156325438,2.9200000000000026,9207251.3,0.8381485321087595,-189920955.0,0.01840631950302951,0.021763687024461353,0.024456102453136334,0.0728771107699766,0.13583098109656988,0.11000585137507302,89.25453323779354,88.12375109562338,1,1,0.05128398222757746,GOOGL,US,Technology
2025-09-26,134.07,139.36,137.43,138.29,12602160,130.088,125.453,123.506,114.3108,126.77790175793425,121.91803580698694,75.441803778184,100.0,4.859865950947309,3.858968228514925,1.0008977224323843,123.506,5.271748336776569,134.04949667355314,112.96250332644686,1.2010956827957493,0.17073659050520246,3.096428571428576,9429791.0,1.3364197216651226,-177318795.0,0.0414187815347542,0.013956179043937023,0.03147609457722476,0.1233043619527252,0.17036222071767093,0.1428925619834711,94.61228599725003,92.5630710167308,1,1,0.028490852556222412,GOOGL,US,Technology
2025-09-29,138.45,137.34,137.03,137.17,8432893,132.96599999999998,127.03099999999999,124.4165,114.97779999999999,128.37668610286744,123.04781093239636,68.09176225234614,93.9163498098859,5.328875170471079,4.152949616906156,1.1759255535649231,124.4165,5.97139609436355,136.3592921887271,112.4737078112729,1.033941301055384,0.19198084158662407,2.7071428571428604,9685689.25,0.8706548302016989,-185751688.0,-0.00809892255405309,0.0022599693810435397,-0.00924521487895093,0.1299942334623938,0.15307666442501677,0.11720149861540952,88.97280966319359,90.9465429660791,1,1,0.031712473572938826,GOOGL,US,Technology
2025-09-30,138.06,138.18,137.72,137.92,11744766,135.31199999999998,128.766,125.328,115.6682,129.84488824088783,124.14945456703461,70.6740792216817,93.55581127733024,5.695433673853216,4.461446428295568,1.233987245557648,125.328,6.572998674801193,138.4739973496024,112.18200265039762,0.9789290482932397,0.20978548049115114,2.7257142857142904,9998396.8,1.174664804795024,-174006922.0,0.005467667857403269,0.003335266821321583,-0.0010140518615022508,0.1438998092394459,0.15231013451416153,0.09295506775497264,92.74924470832065,92.11144678958811,1,1,0.05822215777262185,GOOGL,US,Technology
2025-10-01,138.16,139.61,137.49,138.43,9970662,136.92000000000002,130.459,126.29699999999998,116.3514,131.1656746653666,125.20727274725512,77.10798816568045,92.26519337016572,5.958401918111477,4.760837526258751,1.1975643918527261,126.29699999999998,7.012589505948451,140.32217901189688,112.27182098810309,0.9325434986881675,0.22209837148603448,2.6885714285714335,10224812.35,0.9751436685149857,-164036260.0,0.003697795823666139,0.015314599436427725,0.001954255935133584,0.13934156378600826,0.1627887442251157,0.06166117033514862,94.13227249656227,91.95144228935887,1,1,0.07902911218666464,GOOGL,US,Technology
2025-10-02,139.1,142.08,137.61,139.6,8859222,138.28199999999998,132.456,127.369,117.02480000000001,132.46326317838714,126.27340069190366,79.92740471869325,90.21834061135368,6.189862486483477,5.046642518303696,1.143219968179781,127.369,7.334587061887814,142.03817412377563,112.69982587622437,0.9168946355084583,0.2303413565885021,2.863571428571433,10081654.65,0.8787467364053443,-155177038.0,0.0084519251607309,0.032020057306360886,0.0035945363047908377,0.16693137172949934,0.18144888287068373,0.05128398222757746,89.01682904831628,91.96611541773309,1,1,0.0773638968481376,GOOGL,US,Technology
2025-10-03,139.77,142.61,141.93,142.23,6773140,139.07,134.579,128.5565,117.7908,133.96583807401987,127.45537101102272,86.61278988053404,90.41095890410955,6.510467062997151,5.339407427242388,1.1710596357547631,128.5565,7.73154527687785,144.0195905537557,113.0934094462443,0.9421334775064358,0.24056489642508042,2.9471428571428624,9863955.7,0.6866554878530641,-148403898.0,0.01883954154727796,0.00478098853965567,0.017600343421208982,0.1754545454545453,0.20045577312626595,0.028490852556222412,98.3556901731563,93.83493057267832,1,1,0.06693383955564935,GOOGL,US,Technology
2025-10-06,141.32,141.81,141.28,141.52,3759091,139.94,136.453,129.553,118.551,135.12801683186296,128.49719538057724,86.94885361552032,73.43976777939059,6.630821451285726,5.597690232051056,1.0331312192346704,129.553,8.063625343739734,145.68025068747946,113.42574931252054,0.8710179816458018,0.2489676146033666,2.950000000000005,9761664.05,0.3850870707759021,-152162989.0,-0.004991914504675399,0.0037450537026304134,0.0014152278516742277,0.1526307216158984,0.16391150588041792,0.031712473572938826,95.28342708371771,94.21864876839679,1,1,0.05490390050876193,GOOGL,US,Technology
2025-10-07,140.97,146.35,145.63,145.95,9130308,141.546,138.42899999999997,130.5125,119.3366,136.79293731926865,129.78999572275745,88.38304552590269,93.03921568627469,7.002941596511192,5.878740504943083,1.1242010915681089,130.5125,8.82003393894841,148.15256787789681,112.87243212210316,0.9375691779056522,0.27031997514049105,3.22214285714286,9480387.05,0.9630732362268651,-143032681.0,0.03130299604296205,0.004933196300068967,0.03532666524767442,0.15658927014818924,0.151388450615336,0.05822215777262185,98.51024208199216,97.38311977962208,0,1,-0.020212401507365474,GOOGL,US,Technology
2025-10-08,146.24,150.5,148.46,149.37,15693717,143.73399999999998,140.327,131.68,120.225,138.72787003938117,131.2403664099614,94.52095808383238,94.48329448329463,7.487503629419763,6.20049312983842,1.287010499581343,131.68,9.695980176286396,151.0719603525728,112.28803964742721,0.9561168566100356,0.2945315970903027,3.404285714285718,10059198.2,1.560135820752014,-127338964.0,0.023432682425488238,0.01365736091575507,0.0214031728663744,0.14556331006979084,0.1852880495159499,0.07902911218666464,96.22452388585953,96.67273101718983,0,0,-0.043382205262100904,GOOGL,US,Technology
2025-10-09,148.48,150.88,150.01,150.4,7408043,145.894,142.08800000000002,133.0115,121.08939999999998,140.52358234101484,132.65959852774276,94.46460980036302,94.69753547423464,7.863983813272085,6.5331912665251535,1.330792546746932,133.0115,10.35842158012361,153.72834316024722,112.29465683975279,0.9196706000180201,0.3115045414883895,3.375714285714288,9962634.95,0.7435826258411059,-119930921.0,0.006895628305549906,0.005784574468046676,0.01293103448267164,0.13261540778673098,0.21515714631978677,0.0773638968481376,98.36956521404998,97.7014437273006,0,0,-0.04388297872340419,GOOGL,US,Technology
2025-10-10,150.15,151.88,151.64,151.75,7634011,147.798,143.43400000000003,134.4435,122.0192,142.25072351932025,134.07370234050322,94.3916641127797,94.7678703021372,8.177021178817029,6.861957248983529,1.3150639298334994,134.4435,10.883885371937051,156.2112707438741,112.67572925612589,0.8975257779663284,0.3238203519502572,3.2350000000000017,9359052.0,0.8156819926118594,-112296910.0,0.008976063829787106,0.0015815485996601487,0.010656010655939649,0.09733169426567367,0.2326374786776053,0.06693383955564935,99.51109439264722,98.0350611641856,0,0,-0.04784184514003287,GOOGL,US,Technology
2025-10-13,151.68,150.15,148.6,149.29,7929361,149.352,144.64600000000002,135.8385,122.8834,143.3336891317325,135.20083550046644,86.45833333333334,76.34328358208961,8.132853631266073,7.116136525440037,1.0167171058260358,135.8385,10.910700819306374,157.65990163861275,114.01709836138727,0.8082180563367084,0.3212844906039466,3.1364285714285733,9522099.2,0.8327323629717739,-120226271.0,-0.01621087314662284,0.01038247705800542,-0.015756856539980605,0.08835751257563618,0.22983771315594348,0.05490390050876193,88.30171634650847,95.39412531773526,0,0,-0.049969857324669964,GOOGL,US,Technology
2025-10-14,150.13,145.91,140.67,143.0,12336382,148.762,145.154,136.95999999999998,123.65979999999999,143.2823523422352,135.778551389321,68.67041753035241,53.898840885142235,7.503800952914219,7.1936694109348736,0.3101315419793451,136.95999999999998,10.399466585510515,157.758933171021,116.16106682897895,0.6451997549511412,0.3037227390605895,3.3950000000000022,9447482.75,1.3057849398259087,-132562653.0,-0.04213276173889735,0.036643356643100464,-0.04749217344936058,0.03683294663573089,0.18603300986978533,-0.020212401507365474,56.42787045846773,81.41356039920784,0,1,-0.015244755244755326,GOOGL,US,Technology
2025-10-15,144.18,144.13,141.89,142.89,4725395,147.466,145.6,138.02949999999998,124.4552,143.2219904434298,136.30532536048258,66.04193138500635,39.56343792633016,6.916665082947219,7.1382685453373425,-0.22160346239012352,138.02949999999998,9.80898056562628,157.64746113125256,118.41153886874743,0.6238788263178139,0.28425751206967265,3.2692857142857172,8825135.85,0.5354472208552777,-137288048.0,-0.0007692307692308553,0.01567639442917162,-0.008947149396525685,0.032218449758000256,0.1760493827160492,-0.043382205262100904,39.46127945862205,61.39695542119944,1,0,0.017216040310728653,GOOGL,US,Technology
2025-10-16,141.42,146.23,141.85,143.8,14692721,146.14600000000002,146.01999999999998,139.238,125.28120000000001,143.31091499059443,136.86048644489148,60.24544440312387,27.07818930041161,6.450428545702948,7.000700545410464,-0.5502719997075154,139.238,8.866416590589846,156.9708331811797,121.5051668188203,0.6286314474613438,0.25471255233560297,3.112857142857144,9152902.55,1.6052524665793073,-122595327.0,0.006368535236895623,0.030458970792555887,0.016829302785908606,0.03008595988538687,0.20203962216835247,-0.04388297872340419,45.58922558615569,47.15945850108185,1,0,0.024617524339360264,GOOGL,US,Technology
2025-10-17,144.11,144.95,144.12,144.49,28036090,144.69400000000002,146.24599999999998,140.41249999999997,126.13940000000001,143.49231268434914,137.42563559712193,63.8321995464853,24.978831498729974,6.0666770872272195,6.813895853773815,-0.7472187665465952,140.41249999999997,7.8170642456772095,156.0466284913544,124.77837150864555,0.6304038150135604,0.22268855680574143,3.105,10000494.2,2.803470172157075,-94559237.0,0.004798331015299029,0.00574434216896837,0.002636874609654837,0.01588975602896725,0.19413223140495872,-0.04784184514003287,48.64489228292952,44.56513244256911,1,1,0.0316976953422381,GOOGL,US,Technology
2025-10-20,145.81,142.87,141.0,141.83,12757915,143.202,146.277,141.365,126.9066,143.23657227137235,137.75188481215002,56.89108212900956,12.195121951219647,5.484687459222329,6.548054174863517,-1.0633667156411883,141.365,6.6252408099227775,154.61548161984555,128.11451838015446,0.5175465319987319,0.1874648126445982,3.282142857142856,10395237.05,1.2272845449652785,-107317152.0,-0.018409578517544434,0.013184798702579282,-0.027295795898585107,0.002190503109101183,0.15515556279524367,-0.049969857324669964,30.159833215416324,41.46465036150054,1,1,0.04618204893181965,GOOGL,US,Technology
2025-10-21,140.87,141.17,140.53,140.82,10382822,142.766,145.764,142.0965,127.6216,142.86479192193045,137.97915260384266,54.139244890890176,13.710368466152659,4.885639318087783,6.215571203508371,-1.3299318854205877,142.0965,5.588037293134892,153.27257458626977,130.92042541373021,0.44289139757481943,0.1573026019105485,3.2235714285714283,10309260.0,1.007135429008927,-117699974.0,-0.007121201438341829,0.004544808975965357,-0.0003549371761173879,-0.035149023638232246,0.11593628655202459,-0.015244755244755326,22.494744217064024,33.76648990513665,1,1,0.06831415992046597,GOOGL,US,Technology
2025-10-22,140.06,147.21,143.86,145.35,12554209,143.25799999999998,145.362,142.84449999999998,128.3934,143.24713162624883,138.52514129985445,58.92026062674526,61.85671039354179,4.721990326394376,5.916855028085573,-1.1948647016911966,142.84449999999998,4.897099544359002,152.638699088718,133.05030091128197,0.6279073447801465,0.13713092332780685,3.3607142857142867,10656997.65,1.1780248278440009,-105145765.0,0.03216872603323395,0.023047815617316458,0.03776952734515367,-0.026913034745932984,0.11473272490221653,0.017216040310728653,42.46696034868128,31.70717926038724,1,1,0.059580323357413034,GOOGL,US,Technology
2025-10-23,146.22,149.68,145.47,147.34,12827680,143.966,145.05599999999998,143.572,129.19639999999998,143.87680368374902,139.17809379616168,58.08800253244699,68.87192536047498,4.698709887587341,5.673225999985927,-0.9745161123985859,143.572,4.378064460585911,152.3281289211718,134.8158710788282,0.7151635747489986,0.12197543979481822,3.4550000000000005,10912529.4,1.1755000471751262,-92318085.0,0.013691090471276368,0.028573367720723733,0.007659690876708692,-0.02034574468085104,0.10957150387830428,0.024617524339360264,59.999999994713704,41.653901520153035,1,1,0.060133025654947714,GOOGL,US,Technology
2025-10-24,147.48,151.44,147.17,149.07,8513058,144.882,144.78799999999998,144.11100000000002,129.9698,144.67575696317226,139.91082758903875,61.57620361852189,70.89611419508317,4.764929374133516,5.491566674815446,-0.7266373006819302,144.11100000000002,4.357084853551217,152.82516970710245,135.3968302928976,0.7845365746763938,0.12093691261655196,3.692142857142859,10708074.3,0.7950129002174648,-83805027.0,0.011741550156101566,0.028644261085204042,0.01078112286404409,-0.017660626029654125,0.07795212958276099,0.0316976953422381,75.24229074226938,59.23641702855482,1,1,0.04125578587240897,GOOGL,US,Technology
2025-10-27,148.67,149.89,147.17,148.38,9459945,146.192,144.69699999999997,144.6715,130.6874,145.2456405072996,140.5381736935545,54.2085209560097,65.42426645519421,4.7074668137451,5.334746702601377,-0.6272798888562772,144.6715,4.132434321443654,152.93636864288732,136.4066313571127,0.7243532329135772,0.11425703946983586,3.5414285714285745,10759426.9,0.8792237921869432,-93264972.0,-0.004628697927148262,0.018331311497382853,-0.001950628909652529,-0.006095518788934218,0.0817234089086536,0.04618204893181965,69.16299558861998,68.1350954418677,1,1,0.05223075886238027,GOOGL,US,Technology
2025-10-28,148.55,152.48,148.81,150.44,9103829,148.116,145.44099999999997,145.29749999999999,131.432,146.04477273694582,141.2716423088469,51.94474736459468,85.84512905911728,4.773130428098909,5.2224234477008835,-0.4492930196019742,145.29749999999999,4.002095339351132,153.30169067870224,137.29330932129773,0.821237974306513,0.11017657810557197,3.509285714285716,10627380.05,0.8566389929153805,-84161143.0,0.013883272678258507,0.024395107683964322,0.012722988892543004,0.052027972027971936,0.0907772621809746,0.06831415992046597,82.92887028594743,75.7780522056123,1,1,0.02279978729061427,GOOGL,US,Technology
2025-10-29,151.01,154.91,153.29,154.01,13140651,149.848,146.553,146.0765,132.28799999999998,147.27019231587724,142.21522436004358,56.00665557404323,95.26424159231298,5.054967955833661,5.188932349327439,-0.13396439349377864,146.0765,4.109852443246123,154.29620488649226,137.85679511350776,0.982590318543845,0.11253972933957183,3.720714285714288,10785879.5,1.2183197282780946,-71020492.0,0.023730390853496264,0.010518797480614805,0.019866234024105252,0.0778221009167892,0.11254785812323909,0.059580323357413034,93.74130736483019,81.94439107979923,0,1,-0.005389260437633769,GOOGL,US,Technology
2025-10-30,154.1,158.51,154.36,156.2,25767237,151.61999999999998,147.793,146.9065,133.15919999999997,148.64400888266536,143.25113366670718,57.2029783101327,94.35813573180704,5.392875215958185,5.229720922653589,0.1631542933045962,146.9065,4.399097126264529,155.70469425252907,138.10830574747092,1.0281481479168522,0.11977950944946865,3.9364285714285745,11631280.25,2.215339518163573,-45253255.0,0.014219855853516039,0.02656850192044436,0.013627514600820033,0.0862308762169679,0.11891117478510016,0.060133025654947714,87.1523915413152,87.9408563973643,0,0,-0.008258642765684998,GOOGL,US,Technology
2025-10-31,156.53,156.41,154.28,155.22,10805584,152.85,148.866,147.55599999999998,133.9834,149.65569982379378,144.13771635806233,60.08160489629378,85.1158645276293,5.517983465731447,5.2873734312691605,0.23061003446228678,147.55599999999998,4.625425613417242,156.80685122683445,138.3051487731655,0.9142321507049201,0.12538766606267152,3.8635714285714307,11832902.45,0.9131811178599619,-56058839.0,-0.006274007682458338,0.013722458445988102,-0.008369002747023787,0.0742611945463354,0.09133094283906362,0.04125578587240897,81.70189098544486,87.53186329719676,0,0,-0.010501224069063286,GOOGL,US,Technology
2025-11-03,155.42,158.6,154.16,156.13,27761124,154.39999999999998,150.296,148.2865,134.82059999999998,150.6517460047486,145.02603366487264,77.3200166458593,83.94230769230778,5.625712339875946,5.3550412129905185,0.2706711268854276,148.2865,4.773304355860559,157.8331087117211,138.73989128827887,0.9108003289932227,0.12875897282162221,3.5650000000000017,13033004.1,2.1300631578821374,-28297715.0,0.005862646566164198,0.02843784026113854,0.004568266632321708,0.10082493125572856,0.1032362916902203,0.05223075886238027,86.33093524702099,85.06173925792704,0,0,-0.01940690450265803,GOOGL,US,Technology
2025-11-04,156.48,153.98,153.78,153.87,6554718,155.08599999999998,151.601,148.6825,135.5822,151.14686200401803,145.68114228228956,70.97020626432393,72.93233082706776,5.465719721728476,5.3771769147381105,0.08854280699036554,148.6825,4.896207850549512,158.47491570109904,138.89008429890097,0.7648733549298218,0.13172250535245467,3.5728571428571434,12904224.6,0.5079512869024857,-34852433.0,-0.014475116889771322,0.0012997985312191386,-0.01667944785265405,0.0926714955262038,0.05426515930113074,0.02279978729061427,73.8240177048244,80.61894797909677,1,0,0.021251705985572134,GOOGL,US,Technology
2025-11-05,154.07,153.19,153.17,153.18,44102172,154.92000000000002,152.38400000000001,148.873,136.2968,151.45965246493833,146.23661322434225,68.0662557781202,62.92452830188687,5.22303924059608,5.346349379909705,-0.12331013931362467,148.873,4.997437343278375,158.86787468655675,138.87812531344323,0.7154604301881609,0.13427383993725686,3.3100000000000023,14324647.35,3.0787612318594895,-78954605.0,-0.004484304932735439,0.00013056534795586675,-0.005776595054158564,0.05386996904024777,0.02550712994577231,-0.005389260437633769,70.00553403043693,76.72016232742747,1,0,0.023762893328110657,GOOGL,US,Technology
2025-11-06,153.55,155.67,154.3,154.91,7089745,154.662,153.141,149.0985,137.0568,151.99047516264014,146.87908631883548,69.29629629629629,55.13698630136992,5.1113888438046615,5.299357272688696,-0.18796842888403464,149.0985,5.168782076842472,159.43606415368495,138.76093584631505,0.781086526420604,0.1386675808759393,3.4057142857142884,14308732.45,0.4954837564606391,-71864860.0,0.01129390259825036,0.00884384481306005,0.008857049820847465,0.051377765711958734,0.029986702127659415,-0.008258642765684998,79.57941338795908,74.4696550410735,1,1,0.026918856109999556,GOOGL,US,Technology
2025-11-07,154.83,154.2,153.11,153.59,43168248,154.336,153.59300000000002,149.1905,137.7654,152.23655590684936,147.3761910359588,72.91504286827748,33.46007604562739,4.86036487089055,5.211558792329067,-0.3511939214385178,149.1905,5.234418959359149,159.65933791871828,138.7216620812817,0.7101236084390792,0.14034188394901986,3.2850000000000006,16085444.3,2.6836837398589144,-115033108.0,-0.008521076754244405,0.007096816198924919,-0.008008783827371958,0.030321325551754263,0.012125205930807237,-0.010501224069063286,72.27448809782658,73.95314517207423,1,1,0.03118692623217645,GOOGL,US,Technology
2025-11-10,154.5,155.48,151.2,153.1,9672819,153.73000000000002,154.065,149.381,138.44819999999999,152.36939345964177,147.8001768851471,74.4232299124901,35.675675675675606,4.569216574494675,5.083090348762189,-0.5138737742675143,149.381,5.307056771784209,159.9951135435684,138.7668864564316,0.6751912669889574,0.14210794603727855,3.4978571428571428,16172617.2,0.5980985193850679,-124705927.0,-0.00319031186926233,0.02795558458505582,-0.009061488673080546,0.03181021701037867,0.025520798445977544,-0.01940690450265803,62.686567159926234,71.51348954857066,1,1,0.014957544088830765,GOOGL,US,Technology
2025-11-11,152.93,159.5,155.26,157.14,3938288,154.38400000000001,154.73499999999999,150.08800000000002,139.19719999999998,153.1033329273892,148.49201563439553,73.91480730223127,54.79582146248809,4.611317292993675,4.988735737608486,-0.3774184446148112,150.08800000000002,5.353897350724847,160.79579470144972,139.38020529855032,0.8292928280655175,0.14268688637836943,3.4985714285714278,15752712.5,0.2500069591185036,-120767639.0,0.026387981711299746,0.026982308769078703,0.0275289348065942,0.04453602765221998,0.09888111888111872,0.021251705985572134,83.17890234617389,72.71331920130892,0,1,-0.010182003309151089,GOOGL,US,Technology
2025-11-12,156.8,159.29,154.84,156.82,8970994,155.112,155.01600000000002,150.7845,139.9526,153.67512786163704,149.10890336518108,70.62663185378594,67.17112922002326,4.566224496455959,4.904233489377981,-0.33800899292202224,150.7845,5.2737008627212605,161.33190172544252,140.2370982745575,0.7861131184875133,0.1399003442047765,3.507142857142855,15964992.45,0.561916547482204,-129738633.0,-0.0020364006618301955,0.028376482591325167,0.0001275510204072338,0.01824556846957992,0.09748757785709294,0.023762893328110657,78.26439577629645,74.70995509413221,0,0,-0.013518683841346801,GOOGL,US,Technology
2025-11-13,155.75,160.47,157.97,159.08,12364413,155.946,155.304,151.5485,140.771,154.50664665215442,149.84750311590847,71.28881327094861,79.03543307086618,4.659143536245949,4.855215498751575,-0.1960719625056262,151.5485,5.3152444861324835,162.17898897226496,140.91801102773502,0.8542405254732649,0.14029157625703753,3.46285714285714,15848577.05,0.7801591386301057,-117374220.0,0.014411427113888653,0.015715363339101614,0.021380417335336323,0.01843790012804103,0.10625869262865084,0.026918856109999556,89.54887217371824,83.66405676539621,0,0,-0.06034699522252973,GOOGL,US,Technology
2025-11-14,158.55,160.21,156.92,158.38,11772874,156.904,155.62,152.243,141.569,155.10254716720758,150.47953992213752,71.25850340136056,69.00328587075569,4.623007245070056,4.808773848015272,-0.18576660294521563,152.243,5.251491116565068,162.74598223313012,141.74001776686987,0.7921551166605602,0.13797655370770595,3.5035714285714272,15035416.25,0.7830094638710475,-129147094.0,-0.004400301734976186,0.020772824851491654,-0.0010722169662500391,0.02035820126272392,0.09613122015364373,0.03118692623217645,82.07547169107411,83.29624654702963,0,0,-0.07507261017805267,GOOGL,US,Technology
2025-11-17,158.57,155.93,154.96,155.39,4862306,157.36200000000002,155.546,152.921,142.245,155.14677067994486,150.8432777056829,60.12269938650305,58.333333333333215,4.303492974261957,4.707717673264609,-0.40422469900265234,152.921,4.680667856080031,162.28233571216006,143.55966428783992,0.6318722068775384,0.12243361882408374,3.4549999999999983,14640635.8,0.33211028088614286,-134009400.0,-0.018878646293724044,0.006242357938051076,-0.020054234722708918,-0.004739640043553539,0.09560741733060696,0.014957544088830765,45.1995684956634,72.27463745348528,0,0,-0.06338889246412249,GOOGL,US,Technology
2025-11-18,155.32,156.51,154.77,155.54,4945222,157.042,155.713,153.65699999999998,142.82059999999998,155.2072674984149,151.1911830608175,53.63766048502141,61.66347992351811,4.016084437597385,4.569391026131164,-0.5533065885337791,153.65699999999998,3.740640389867665,161.1382807797353,146.17571922026465,0.6258474354066937,0.09737637438823668,3.259999999999997,14368755.8,0.34416491759398415,-129064178.0,0.0009653130832101287,0.011186832968939141,0.0014164305948917233,0.010853317735750823,0.10453060644794765,-0.010182003309151089,46.817691472835186,58.03091055319093,0,0,-0.03889674681753874,GOOGL,US,Technology
2025-11-19,156.07,156.73,153.08,154.7,13748732,156.618,155.86499999999998,154.1245,143.3942,155.12922634481262,151.4510954266829,46.1890243902439,33.19559228650151,3.6781309181297104,4.391139004530873,-0.713008086401163,154.1245,3.191814324832209,160.50812864966443,147.7408713503356,0.545076243547246,0.08283729906177147,3.19928571428571,14428481.95,0.9528882591222109,-142812910.0,-0.005400540054005476,0.023594053005665052,-0.008778112385411844,0.009922966444705361,0.06432748538011701,-0.013518683841346801,37.756202800673506,43.25782092305739,0,0,-0.04246929541047184,GOOGL,US,Technology
2025-11-20,153.86,149.52,149.44,149.48,6110562,154.69799999999998,155.322,154.2315,143.9084,154.26011459945684,151.3050883580397,38.001672240802655,19.81907894736854,2.95502624141713,4.103916451908125,-1.148890210490995,154.2315,2.981335403718821,160.19417080743764,148.26882919256238,0.10156277668601754,0.07732105059470953,3.4228571428571377,14092626.05,0.4335999227340654,-148923472.0,-0.03374272786037491,0.0005351886539970386,-0.02846743793040138,-0.03505261119359637,0.014524229672865374,-0.06034699522252973,0.36264732544302414,28.312180532983934,0,1,-0.00876371420925881,GOOGL,US,Technology
2025-11-21,149.06,149.12,144.39,146.49,28126935,152.32,154.612,154.1025,144.376,153.06471235338657,150.94841514633305,31.46153846153848,1.1636927851047716,2.1162972070535204,3.706392602937204,-1.5900953958836834,154.1025,3.259284511408808,160.6210690228176,147.58393097718238,-0.08390882824660287,0.08460043182654813,3.46928571428571,15073319.9,1.8660078417092547,-177050407.0,-0.020002675943269876,0.03228889343960495,-0.017241379310229114,-0.046226967901556004,-0.017307305292815323,-0.07507261017805267,13.059701491725274,17.059517205947298,1,1,0.023619359683254793,GOOGL,US,Technology
2025-11-24,145.1,146.43,144.84,145.54,11830596,150.35,153.856,153.9605,144.859,151.9070642990194,150.54779180216022,33.13082219522073,1.1415525114155685,1.3592724968591767,3.2369685817215985,-1.8776960848624218,153.9605,3.568885238011839,161.09827047602369,146.8227295239763,-0.08985505545430782,0.09272210048651867,3.4192857142857105,15191852.45,0.7787460587964006,-188881003.0,-0.006485084306096067,0.01092483166132389,0.0030323914541486243,-0.049379490529065984,-0.019140045828278773,-0.06338889246412249,7.151741293087608,6.858030036751997,1,1,0.03648481517108704,GOOGL,US,Technology
2025-11-25,145.41,149.78,149.26,149.49,11965776,149.14000000000001,153.091,153.913,145.4374,151.5352082530164,150.46943685385207,43.39892665474063,29.078014184397276,1.0657713991643334,2.802729145210146,-1.7369577460458125,153.913,3.6241022118724535,161.16120442374492,146.6647955762551,0.19488995193725006,0.09418573380673258,3.6721428571428527,15334949.8,0.7802943847723333,-176915227.0,0.02714030507077103,0.0034784935446955097,0.028058592943896253,-0.04868270332187841,-0.006314809890986317,-0.03889674681753874,31.716417908475464,17.30928689776281,1,1,0.004080540504381558,GOOGL,US,Technology
2025-11-26,150.27,148.46,147.86,148.13,9284698,147.82599999999996,152.22199999999998,153.619,145.97,151.01133006024466,150.29614523504821,37.70848440899205,25.80013063357289,0.7151848251964452,2.385220281207406,-1.670035456010961,153.619,3.8474405709980677,161.31388114199615,145.92411885800385,0.14333432194383297,0.10018137264200468,3.6107142857142827,15142152.15,0.6131689402441423,-186199925.0,-0.009097598501572102,0.004050496185755376,-0.014241032807518293,-0.05541385027419976,-0.038179339003960755,-0.04246929541047184,23.258706466215294,20.708955222592817,1,1,0.04482549112266265,GOOGL,US,Technology
2025-11-27,148.53,149.67,146.98,148.17,6856845,147.56400000000002,151.131,153.2175,146.5408,150.57420235866854,150.13865299541501,39.69581749049429,27.49827705031015,0.43554936325352855,1.9952860976166307,-1.5597367343631021,153.2175,3.9806054485260893,161.17871089705218,145.25628910294782,0.1829942036799981,0.10392038633968344,3.674285714285712,14196632.55,0.48299091301120467,-179343080.0,0.00027003307905215657,0.01815482216360831,-0.0024237527772004975,-0.06858184561227065,-0.051408450704225395,-0.00876371420925881,23.507462685105246,26.16086235326536,1,1,0.0703246271175002,GOOGL,US,Technology
2025-11-28,147.93,152.13,148.21,149.95,11616965,148.256,150.28799999999998,152.954,147.1198,150.47817122656568,150.12467869945834,44.29140993113447,52.12285456187895,0.3534925271073348,1.6669273835147715,-1.3134348564074367,152.954,4.015346088510899,160.9846921770218,144.92330782297822,0.3129675540977447,0.10500793934083825,3.65142857142857,14237201.6,0.815958396209098,-167726115.0,0.012013228048862734,0.026142047348941953,0.013655107145178981,-0.053226417476954224,-0.03395181033371997,0.023619359683254793,34.57711442571036,27.11442785901033,1,1,0.014338112704234796,GOOGL,US,Technology
2025-12-01,150.37,152.58,149.47,150.85,9075974,149.318,149.834,152.69,147.68120000000002,150.53537565324788,150.17840620320217,37.13701431492848,74.2761692650332,0.35696945004571035,1.4049357968209593,-1.047966346775249,152.69,3.968845782100723,160.62769156420146,144.75230843579854,0.38409728536931337,0.10397133491583566,3.4164285714285705,13302944.1,0.6822529847168955,-158650141.0,0.006002000666889051,0.020616506463237635,0.0031921260889592185,-0.029216809318488912,-0.03381797220265159,0.03648481517108704,40.174129350735456,32.752902153850386,1,1,0.026251242956579546,GOOGL,US,Technology
2025-12-02,151.12,150.77,149.56,150.1,21489937,149.44,149.29000000000002,152.5015,148.15939999999998,150.46839478351745,150.1725983362983,36.49517684887464,75.96810933940768,0.29579644721914633,1.1831079269005966,-0.8873114796814503,152.5015,3.999263451923135,160.50002690384628,144.5029730961537,0.3498786070723186,0.10489768171190231,3.190714285714285,14049705.05,1.5295648836724238,-180140078.0,-0.004971826317534012,0.008061292471631891,-0.006749602964486902,-0.03497492606403496,-0.0245012023136415,0.004080540504381558,35.50995024654791,36.75373134099794,1,1,0.04217188540972683,GOOGL,US,Technology
2025-12-03,149.48,156.61,153.31,154.77,11002705,150.76799999999997,149.297,152.581,148.64700000000002,151.13018020143784,150.5131466076836,42.10333455478199,77.78947368421045,0.6170335937542291,1.0698930602713232,-0.4528594665170942,152.581,4.029152842915291,160.63930568583058,144.5226943141694,0.6358225962570054,0.10562659421261858,3.395,12394731.7,0.8876919951650107,-169137373.0,0.031112591605596318,0.02132196162033139,0.03538934974554878,0.00045248868778302587,0.010379945162553916,0.04482549112266265,65.61314790988544,47.099075835722964,1,1,0.029140014214640964,GOOGL,US,Technology
2025-12-04,154.04,159.24,158.07,158.59,11485045,152.852,150.208,152.76500000000001,149.163,152.27784478583203,151.11143204415148,50.34528115751398,93.72909698996656,1.1664127416805457,1.0891969965531678,0.07721574512737783,152.76500000000001,4.2205892579359086,161.20617851587184,144.3238214841282,0.8450347595541482,0.11051194338777298,3.4792857142857128,12614496.7,0.9104639180361498,-157652328.0,0.02468178587581571,0.007377514345120364,0.029537782393991654,0.060944607974311005,0.023755729133045023,0.0703246271175002,95.62289561645635,65.5819979242966,1,0,0.006873068919856173,GOOGL,US,Technology
2025-12-05,157.9,153.75,150.77,152.1,17290597,153.282,150.769,152.6905,149.4392,152.25048404955018,151.18465930014025,45.14892362135065,60.673546985334056,1.065824749409927,1.0845225471245197,-0.018697797714592568,152.6905,4.218410120811141,161.12732024162227,144.2536797583777,0.4650045880110247,0.11050877744937677,3.7935714285714277,11320614.15,1.5273548982009162,-174942925.0,-0.040923135128318355,0.019592373438398408,-0.036732108929469785,0.03829612942862992,-0.009701152418777337,0.014338112704234796,51.91919191569565,71.05174514734584,1,1,0.06600920447074299,GOOGL,US,Technology
2025-12-08,152.48,157.75,152.46,154.81,16584987,154.074,151.696,152.776,149.792,152.64425573423478,151.45320305568544,48.99917740608721,62.56463288521201,1.1910526785493403,1.105828573409484,0.08522410513985634,152.776,4.244396181715589,161.26479236343118,144.28720763656884,0.6198050271639607,0.1111273022382522,4.072857142857144,11666222.55,1.4216243096078849,-158357938.0,0.01781722550953324,0.03417091919104594,0.015280692549742472,0.06369382987494854,0.011169170476812651,0.026251242956579546,70.16835016362502,72.57014589859237,1,1,0.0842968800465087,GOOGL,US,Technology
2025-12-09,155.31,157.91,155.25,156.43,3696780,155.34,152.39000000000001,152.74050000000003,150.1622,153.2266779289679,151.82185468119022,52.32214765100673,63.908275174476586,1.4048232477776708,1.1656275082831213,0.23919573949454942,152.74050000000003,4.208794645550494,161.15808929110102,144.32291070889903,0.7191541943713823,0.11022079004646292,4.03357142857143,11654147.15,0.31720722548048264,-154661158.0,0.010464440281635623,0.017004410918513024,0.007211383684198012,0.04642451000066883,-0.004518263968435687,0.04217188540972683,81.07744107198133,67.72166105043402,1,1,0.10669308956082602,GOOGL,US,Technology
2025-12-10,156.8,159.34,159.24,159.28,27140219,156.24200000000002,153.505,152.8635,150.57920000000001,154.1579582475882,152.37430988999094,64.04816513761469,70.71299638989169,1.783648357597258,1.2892316781459487,0.4944166794513092,152.8635,4.367254075261505,161.598008150523,144.128991849477,0.867307459593389,0.11427853150642057,3.865714285714288,12562608.4,2.1603966290633854,-127520939.0,0.018219011698523246,0.0006278252134565953,0.01581632653051131,0.07527172078579625,0.01568677464609114,0.029140014214640964,99.59866220069571,83.61481781210072,1,1,0.12248869914615756,GOOGL,US,Technology
2025-12-11,159.12,160.18,159.27,159.68,4746833,156.45999999999998,154.656,152.8935,150.9808,155.00750313257464,152.915472120362,70.42427996283674,63.72275013974286,2.0920310122126295,1.449791544959285,0.6422394672533445,152.8935,4.414015089521082,161.72153017904216,144.06546982095782,0.884372270001232,0.11547947007537188,3.567142857142859,12181729.4,0.3896682034598303,-122774106.0,0.0025113008538424353,0.005698897795555472,0.0035193564605108278,0.07768104204629833,0.0037716872014079694,0.006873068919856173,96.74054758169879,92.47221695145863,1,1,0.14153306613226446,GOOGL,US,Technology
2025-12-12,161.24,164.04,160.63,162.14,6127306,158.46800000000002,155.875,153.0815,151.379,156.10481034294776,153.59877048181667,74.55621301775145,60.73805202661821,2.506039861131086,1.6610412081936454,0.8449986529374405,153.0815,4.728837928908989,162.53917585781798,143.62382414218203,0.9788967255381817,0.12356392977278369,3.760714285714286,11899451.0,0.5149233763033794,-116646800.0,0.01540581162324628,0.02103120759824205,0.005581741503314286,0.08129376458819615,0.023740371258997195,0.06600920447074299,88.8628370405121,95.0673489409689,1,1,0.14351794745281854,GOOGL,US,Technology
2025-12-15,162.03,168.06,167.7,167.86,8765253,161.078,157.576,153.70499999999998,151.90579999999997,157.91330105941734,154.65515785353398,75.82232218161369,100.0,3.258143205883357,1.9804616077315882,1.2776815981517688,153.70499999999998,5.759093952861718,165.22318790572342,142.18681209427655,1.114462974330011,0.14987395212450474,3.8807142857142867,12094598.35,0.724724544099925,-107881547.0,0.03527815468113982,0.0021446443464665137,0.03598099117425188,0.11276102088167073,0.08024969431752393,0.0842968800465087,99.05123339188566,94.88487267136554,1,1,0.12391278446324305,GOOGL,US,Technology
2025-12-16,168.32,173.59,172.74,173.12,6829125,164.416,159.878,154.584,152.4492,160.25279320412238,156.0229239384574,81.65695464910057,100.0,4.2298692656649735,2.430343139318266,1.7995261263467075,154.584,7.212190994930893,169.0083819898618,140.15961801013822,1.1425231948199082,0.18662192710459655,4.173571428571429,12188793.5,0.560278951294158,-101052422.0,0.031335636840224,0.004909889094241476,0.028517110265990343,0.1533644237175218,0.11302558827311304,0.10669308956082602,98.23374670807088,95.38260571348957,1,1,0.06966266173752311,GOOGL,US,Technology
2025-12-17,173.33,181.29,176.79,178.79,25191514,168.31799999999998,162.28,155.7885,153.0376,163.10467117271892,157.70937401709023,83.94678492239467,100.0,5.395297155628697,3.0233339425803525,2.3719632130483443,155.7885,9.01810709219567,173.82471418439133,137.75228581560867,1.1376476727241358,0.2315474400777407,4.5649999999999995,12760932.6,1.9741121448982386,-75860908.0,0.032751848428835384,0.02516919290773998,0.03150060578069855,0.15519803579505065,0.155720749838397,0.12248869914615756,92.44256347967223,96.57584785987628,1,1,0.07869567649197395,GOOGL,US,Technology
2025-12-18,179.77,185.13,179.99,182.28,10343409,172.83800000000002,164.649,157.42849999999999,153.67520000000002,166.0547217615314,159.5294203861947,84.53321939756461,100.0,6.52530137533671,3.7237274291316247,2.8015739462050853,157.42849999999999,10.646000620445248,178.72050124089048,136.1364987591095,1.0835876984449457,0.27049741616994705,4.734999999999999,12972574.95,0.7973288450856979,-65517499.0,0.019520107388556474,0.028198376124488635,0.013962285142048331,0.14937890157008638,0.21942734814021958,0.14153306613226446,92.00785193236099,94.22805404003473,1,1,0.06341891595347815,GOOGL,US,Technology
2025-12-19,180.79,188.73,182.75,185.41,5780466,177.49200000000002,167.98,159.3745,154.3484,169.03245687514195,161.44650035758767,85.23654159869493,100.0,7.58595651755428,4.496173246816156,3.089783270738124,159.3745,12.01092593608419,183.3963518721684,135.35264812783163,1.0419128412227596,0.30145163588927537,4.973571428571426,11855251.5,0.48758691558868106,-59737033.0,0.017171384682905355,0.03225284504594001,0.025554510758197084,0.21900065746219588,0.2656836644139531,0.14351794745281854,91.52412560399482,91.99151367200938,1,1,0.05237042230731892,GOOGL,US,Technology
2025-12-22,185.95,190.15,187.48,188.66,8423666,181.652,171.36499999999998,161.53050000000002,155.1358,172.05207889435087,163.46231514591452,87.40783857198292,100.0,8.589763748436354,5.314891347140196,3.2748724012961583,161.53050000000002,13.20738408897383,187.94526817794767,135.11573182205237,1.0135290193770372,0.32705610615684494,5.219999999999999,11684905.0,0.7209014775129556,-51313367.0,0.017528720133757725,0.014152443549167093,0.014573810163944257,0.2186551256378786,0.29627593788649165,0.12391278446324305,96.21635347648002,93.24944367094531,1,1,0.037368811618785136,GOOGL,US,Technology
2025-12-23,188.54,186.61,184.03,185.18,6834204,184.06400000000002,174.23999999999998,163.315,155.9794,174.07175906445076,165.07103254251348,80.19860973187686,85.66721581548602,9.000726521937281,6.052058382099614,2.9486681398376673,163.315,13.888467953855038,191.09193590771008,135.53806409228991,0.8935819283983251,0.34016392747194074,5.085714285714283,11428326.4,0.5980056189149778,-58147571.0,-0.018445881479910886,0.013932390106847825,-0.017821152010088916,0.1837882759061562,0.238745066559636,0.06966266173752311,87.3793803939213,91.70661982479874,1,1,0.066637865860244,GOOGL,US,Technology
2025-12-24,185.15,196.27,190.14,192.86,7239052,186.878,177.598,165.5515,156.97879999999998,176.96225766991986,167.1294745764014,81.60855930640103,86.96629213483149,9.832783093518458,6.808203324383385,3.024579769135073,165.5515,14.88055151602413,195.31260303204826,135.79039696795175,0.9587951590644012,0.359538911237512,5.558571428571426,11326044.1,0.6391509071423351,-50908519.0,0.04147316124851508,0.0317847143003642,0.04164191196304816,0.21082370668006045,0.30196449065010467,0.07869567649197395,92.50549450346142,92.0337427912876,0,1,-0.012236855750285214,GOOGL,US,Technology
2025-12-25,191.91,200.79,188.28,193.84,12361941,189.19,181.014,167.835,157.9796,179.55883341300913,169.10803201518652,92.85420944558524,84.18900499772835,10.450801397822602,7.536722939071228,2.9140784587513737,167.835,15.561458293184542,198.9579165863691,136.71208341363092,0.9177789688655278,0.3708751641336271,5.893571428571426,11601298.9,1.0655651613660984,-38546578.0,0.005081406201389527,0.06453776310325761,0.010056797457089001,0.2139278557114228,0.3082270365121147,0.06341891595347815,85.61969790842917,88.50152426860399,0,1,-0.012381345439537839,GOOGL,US,Technology
2025-12-26,193.19,197.84,192.95,195.12,13320351,191.132,184.31199999999998,170.0935,158.9922,181.95285904177695,171.03484445850606,92.63803680981597,82.42424242424246,10.918014583270889,8.212981267911161,2.705033315359728,170.0935,16.097731541725672,202.28896308345134,137.89803691654868,0.8886650105675155,0.3785619448510619,5.839285714285713,11686468.2,1.1398097040293402,-25226227.0,0.006603384234420195,0.025061500614877785,0.00999016512236667,0.20340446527692135,0.3012337445815274,0.05237042230731892,87.54940711270207,88.55819984153091,0,0,-0.039462894628946366,GOOGL,US,Technology
2025-12-29,196.37,197.23,194.5,195.71,9407692,192.542,187.097,172.3365,160.0698,184.06934226611895,172.862633757876,92.4740484429066,79.83777520278105,11.20670850824294,8.811726715977517,2.3949817922654226,172.3365,16.397808029059583,205.13211605811915,139.54088394188085,0.8563509823648688,0.380599769148484,5.8128571428571405,11703054.1,0.8038663340139277,-15818535.0,0.003023780237802365,0.013949210566583417,-0.003361002189726718,0.16591206958179439,0.2973815048060988,0.037368811618785136,87.77376654421728,86.98095718844955,0,0,-0.05789177865208739,GOOGL,US,Technology
2025-12-30,196.63,201.83,194.07,197.52,5267430,195.01,189.53699999999998,174.7075,161.2038,186.1386742251776,174.68910533136668,92.30088495575224,78.00252844500638,11.44956889381092,9.339295151544198,2.110273742266722,174.7075,16.441583953340178,207.59066790668038,141.82433209331964,0.8468719933537586,0.37643682047413135,6.159285714285714,10891928.75,0.4836085175815608,-10551105.0,0.009248377701701616,0.03928716079364486,0.004526267609192333,0.14094269870609977,0.31592271818787476,0.066637865860244,89.8731202986402,88.3987646518532,0,0,-0.09558525718914557,GOOGL,US,Technology
2025-12-31,196.16,191.18,189.96,190.5,7413186,194.538,190.708,176.494,162.1068,186.80964742130413,175.86028271422842,79.73755306831339,63.73966942148758,10.949364707075716,9.661309062650503,1.2880556444252136,176.494,16.098799366804602,208.6915987336092,144.2964012663908,0.7175006918243013,0.36485771452204346,6.634285714285714,10712452.8,0.6920156799182648,-17964291.0,-0.0355407047387607,0.006404199475031993,-0.02885399673721015,0.06549583310028528,0.23085869354526056,-0.012236855750285214,72.49999999824028,83.38229561369928,0,0,-0.08923884514435698,GOOGL,US,Technology
2026-01-01,190.79,191.65,191.28,191.44,16146419,194.05800000000002,191.624,178.1365,162.9888,187.5220093564881,177.0143358465078,79.12524850894633,44.374009508716256,10.507673509980293,9.83058195211646,0.6770915578638323,178.1365,15.84983655070952,209.83617310141906,146.43682689858096,0.7098365487354917,0.35590317651060954,6.405000000000001,10945521.5,1.4751620125946476,-1817872.0,0.0049343832020998235,0.0019327204345908474,0.0034068871533969227,0.05025235900811942,0.20713790276814414,-0.012381345439537839,69.55757397979613,77.31023142555891,0,0,-0.08352486418721272,GOOGL,US,Technology
2026-01-02,191.03,188.37,186.65,187.42,13284825,192.518,191.825,179.9025,163.7558,187.50631560933607,177.78512578380352,70.12345679012344,29.50191570881225,9.721189825532548,9.808703526799679,-0.08751370126713098,179.9025,14.72384027244313,209.35018054488626,150.45481945511375,0.6276416318751087,0.3273737779599791,6.324285714285714,10745232.9,1.2363458184004723,-15102697.0,-0.02099874634350196,0.009177248959507106,-0.018897555357698353,0.010840839221185394,0.23221564760026303,-0.039462894628946366,50.46407700067149,64.17388365956933,0,0,-0.07101696723935536,GOOGL,US,Technology
2026-01-05,188.48,184.44,184.33,184.38,8702030,190.252,191.397,181.381,164.4758,187.02534397713052,178.27363498500327,62.13885295385942,19.17336394948336,8.751708992127249,9.597304619865193,-0.8455956277379446,181.381,13.505813913781044,208.39262782756208,154.36937217243792,0.5555131297267536,0.29784407217308495,6.135714285714284,10351085.05,0.8406876300675714,-23804727.0,-0.016220253975029353,0.0005965939906681237,-0.02175297113740578,-0.02268631400402843,0.19100833279503893,-0.05789177865208739,30.311501596233555,50.11105085890042,0,0,-0.056567957479119246,GOOGL,US,Technology
2026-01-06,184.85,179.72,177.77,178.64,14876569,186.476,190.743,182.4915,165.03979999999999,185.73529105757197,178.30077313426227,49.838536060279864,12.184315463003983,7.4345179233096985,9.164747280554094,-1.7302293572443954,182.4915,12.1958354734202,206.8831709468404,158.0998290531596,0.4210488693288975,0.2673184334251924,6.024285714285712,10910074.5,1.3635624244763476,-38681296.0,-0.031131359149582427,0.010915808329540266,-0.03359480659976421,-0.03531698887568868,0.1419804385348078,-0.09558525718914557,3.6159600996002346,28.13051289883512,0,0,-0.028325123152709186,GOOGL,US,Technology
2026-01-07,179.38,175.21,172.14,173.5,4011926,183.07599999999996,188.807,183.20250000000001,165.4296,183.85293858717628,177.94516030950209,40.87318087318088,3.629343629343623,5.907778277674197,8.513353479978115,-2.6055752023039176,183.20250000000001,11.140236638798068,205.48297327759616,160.92202672240387,0.2822644995149518,0.2432332886011329,6.035714285714284,9753659.85,0.41132514875171206,-42693222.0,-0.028772951186744167,0.017694524495575372,-0.032779574088344386,-0.1003836980192887,0.08927674535409347,-0.08923884514435698,4.58066689105492,12.836042862296265,0,1,-0.018847262247838725,GOOGL,US,Technology
2026-01-08,173.51,175.47,175.43,175.45,7205723,179.878,186.96800000000002,183.991,165.81459999999998,182.56017880453376,177.76033361990932,39.38618925831201,13.874219875179975,4.799845184624445,7.77065182090738,-2.9708066362829353,183.991,9.873812200382336,203.73862440076468,164.24337559923535,0.28374614011918703,0.21465859091648326,5.715714285714284,9876604.35,0.7295748634929511,-35487499.0,0.011239193083573351,0.00022798518096189263,0.011180911762946326,-0.09487205943045818,0.09876002004008,-0.08352486418721272,11.148534859846796,6.448387283500679,0,0,-0.04086634368766018,GOOGL,US,Technology
2026-01-09,175.54,174.31,173.95,174.11,10368921,177.216,184.867,184.5895,166.19240000000002,181.26015129614396,177.48993853695308,33.836925127749396,9.185115402731952,3.7702127591908834,6.970564008564082,-3.200351249373199,184.5895,8.782024388967452,202.1535487779349,167.02545122206507,0.20167755360123257,0.1903038772827248,5.484285714285712,10088685.1,1.0277771453311448,-45856420.0,-0.007637503562268333,0.002067658376876377,-0.008146291443499102,-0.10767732677326769,0.07382508942888877,-0.07101696723935536,6.635230717189873,7.454810822697225,0,0,-0.0538165527540061,GOOGL,US,Technology
2026-01-12,173.59,177.78,170.88,173.95,11877334,175.13,182.691,184.894,166.5488,180.13551263519875,177.22772086754912,36.53154233629165,11.226252158894596,2.907791767649627,6.158009560381191,-3.250217792731564,184.894,8.261589881398088,201.4171797627962,168.37082023720382,0.16882887684819298,0.17873137865703403,5.6464285714285705,10244289.15,1.1594101520055051,-57733754.0,-0.0009189592786170708,0.039666570853465595,0.002073852180413108,-0.11118491645802475,0.03628023352793974,-0.056567957479119246,9.919224555414537,9.23433004415043,0,0,-0.05731532049439492,GOOGL,US,Technology
2026-01-13,172.69,174.21,173.07,173.58,17256865,174.118,180.29699999999997,184.91699999999997,166.94299999999998,179.12697222978355,176.95751932180474,21.960442117510155,13.265306122448933,2.1694529079788083,5.360298229900715,-3.1908453219219064,184.91699999999997,8.227656889706513,201.372313779413,168.46168622058696,0.15552160985410612,0.17797513240344623,4.935714285714285,10765676.15,1.6029521189942055,-74990619.0,-0.0021270480022993477,0.006567576909744482,0.005153743702558695,-0.12120291616038881,0.002657116451016739,-0.028325123152709186,8.723747980332078,8.426067750978858,0,0,-0.09056342896647074,GOOGL,US,Technology
2026-01-14,173.13,172.66,168.29,170.23,42515764,173.464,178.26999999999998,184.48899999999998,167.284,177.7582072713553,176.45918455722662,17.87755102040815,15.840779853777363,1.2990227141286823,4.548043126746308,-3.249020412617626,184.48899999999998,8.768053795935511,202.025107591871,166.95289240812895,0.09343885393634128,0.1901046413799845,4.420000000000002,11631888.65,3.6551037947647655,-117506383.0,-0.019299458462956665,0.025671150795831134,-0.016750418760372296,-0.10640419947506563,-0.04787739806476876,-0.018847262247838725,5.784138342105413,8.142370292617372,0,0,-0.07830582153556942,GOOGL,US,Technology
2026-01-15,171.33,169.74,167.1,168.28,23668478,172.03,175.954,183.78900000000002,167.5514,176.30002153730064,175.85331903446908,14.136825227151235,21.381578947368354,0.4467025028315561,3.7277750019633578,-3.2810724991318017,183.78900000000002,9.483360996475435,202.7557219929509,164.82227800704914,0.09115233497240063,0.20639670483921976,4.2942857142857145,12298142.1,1.9245570495923081,-141174861.0,-0.011455090172119986,0.01568813881616548,-0.017801902760650263,-0.12097785206853318,-0.0768049155145929,-0.04086634368766018,3.397638928782119,5.968508417073232,0,0,-0.05187782267649155,GOOGL,US,Technology
2026-01-16,169.46,164.84,164.66,164.74,11019332,170.156,173.68599999999998,182.75549999999998,167.77439999999999,174.52155668540823,175.03011021710103,11.642308645033424,0.0,-0.5085535316927974,2.8805092952321267,-3.389062826924924,182.75549999999998,10.381215056660235,203.51793011332046,161.9930698866795,0.06615145958979082,0.22721537916185147,4.357857142857144,12560085.4,0.8773293151868764,-152194193.0,-0.02103636795816488,0.0010926308121823128,-0.027853180691444268,-0.12101163162949513,-0.1114826600506984,-0.0538165527540061,0.21522733386564488,3.132334868251087,0,0,-0.01007648415685325,GOOGL,US,Technology
2026-01-19,164.06,167.31,161.32,163.98,23982264,168.162,171.64600000000002,181.5215,167.99199999999996,172.89977873380695,174.21158353435283,7.349949135300065,0.0,-1.3118048005458718,2.042046476076527,-3.353851276622399,181.5215,11.085372189464124,203.69224437892825,159.35075562107176,0.10439984106315371,0.24427678681375056,4.231428571428572,13338015.3,1.7980382884972181,-176176457.0,-0.0046133300959088075,0.036528844980872555,-0.0004876264781148658,-0.11064106736088519,-0.13081734336902373,-0.05731532049439492,8.77019452658191,4.127686929743253,1,0,0.015428710818392588,GOOGL,US,Technology
2026-01-20,163.32,158.26,157.53,157.86,9288321,165.018,169.568,180.15550000000002,168.00639999999999,170.58596662091355,173.00035512440076,7.522123893805286,0.0,-2.414388503487203,1.1507594801637808,-3.5651479836509834,180.15550000000002,12.234521682087554,204.6245433641751,155.68645663582492,0.04441414671962493,0.271643589721538,4.152142857142857,13460721.15,0.6900314037014723,-185464778.0,-0.0373216245883643,0.004624350690455881,-0.03343130051412288,-0.11632333184057309,-0.1475321308996651,-0.09056342896647074,0.9671746775801312,3.3175321793425905,1,1,0.06480425693652592,GOOGL,US,Technology
2026-01-21,157.3,158.71,155.45,156.9,20825005,162.352,167.908,178.35750000000002,168.00799999999998,168.48043329461916,171.807736226297,5.072840790842847,0.0,-3.327302931677849,0.2551469977954546,-3.5824499294733037,178.35750000000002,12.893786294180472,204.14507258836096,152.56992741163907,0.08395657585528869,0.28916723533595573,4.302857142857143,14140018.8,1.4727705685390906,-206289783.0,-0.006081337894336847,0.02077756532810224,-0.002542911633804595,-0.09567723342939483,-0.18645649694078614,-0.07830582153556942,4.4046172538152195,4.713995485992449,1,1,0.05340981516889731,GOOGL,US,Technology
2026-01-22,156.32,160.63,158.68,159.55,14616461,160.606,166.31799999999998,176.64299999999997,168.0174,167.10652048006236,170.89975576508985,12.40895602913406,16.58322903629542,-3.7932352850274924,-0.5545294587691351,-3.2387058262583572,176.64299999999997,13.006008368604341,202.65501673720865,150.6309832627913,0.17144031597287004,0.29451511508592393,4.227142857142858,14252744.8,1.0255189564946847,-191673322.0,0.016889738687061895,0.012221874020606498,0.020662743090963127,-0.09062410943288679,-0.1768984729673957,-0.05187782267649155,14.142807864293182,6.504866598562873,1,1,0.05327483547477274,GOOGL,US,Technology
2026-01-23,158.64,164.0,162.35,163.08,8748926,160.274,165.215,175.041,168.1114,166.48705579082198,170.3205145973054,21.645367412140573,35.19362186788159,-3.8334588064834065,-1.2103153283119896,-2.623143478171417,175.041,12.576494742176578,200.19398948435315,149.88801051564684,0.26223502165214274,0.28739540432480915,4.324285714285716,14024173.55,0.6238460573068095,-182924396.0,0.02212472579128799,0.010117733627605395,0.027987897125391067,-0.06335075526965717,-0.16420664206642066,-0.01007648415685325,31.437989285890566,16.661804801333016,1,1,0.04065489330389993,GOOGL,US,Technology
2026-01-26,162.55,168.51,164.92,166.51,10280553,160.78,164.471,173.581,168.3338,166.49058566915707,170.03825425676428,32.794326241134726,55.0716332378223,-3.5476685876072054,-1.677785980171033,-1.8698826074361723,173.581,11.7162383490874,197.0134766981748,150.14852330182518,0.34911966218022766,0.26998895844637166,4.240000000000001,14067816.6,0.7307852072236137,-172643843.0,0.021032622025999315,0.02156026665052215,0.024361734850665135,-0.042770911181373994,-0.14920034745286403,0.015428710818392588,49.529780562045225,31.703525904076354,1,1,0.02468320221007758,GOOGL,US,Technology
2026-01-27,167.08,169.3,167.13,168.09,24175088,162.826,163.922,172.1095,168.58480000000003,166.73664941236368,169.8939391266336,41.464184285263485,61.24794745484405,-3.157289714269922,-1.973686726990811,-1.183602987279111,172.1095,10.315812326102225,192.74112465220446,151.47787534779553,0.4025888637428972,0.23974998070512774,3.9750000000000023,15013199.5,1.6102554548578765,-148468755.0,0.00948891958440945,0.012909750728699543,0.0060450083791833,-0.03162806774974081,-0.14899756986634272,0.06480425693652592,56.6054634994803,45.85774444913872,0,1,-0.005592242251174939,GOOGL,US,Technology
2026-01-28,168.73,166.28,164.48,165.28,22532670,164.502,163.427,170.8485,168.7964,166.51254950276928,169.55216585799408,34.377880184331815,74.79946524064165,-3.0396163552248083,-2.1868726526376108,-0.8527437025871976,170.8485,9.454970441657942,189.75844088331587,151.93855911668413,0.3527626280083769,0.22136502086006243,4.092142857142861,15769173.7,1.4289061050227316,-171001425.0,-0.01671723481468257,0.01089060987408713,-0.020446867776800465,-0.029078305821535477,-0.1323884514435696,0.05340981516889731,44.0214957436623,50.05224660172931,1,1,0.018998063891577877,GOOGL,US,Technology
2026-01-29,166.71,170.32,166.23,168.05,26116519,166.20200000000003,163.40400000000002,169.679,169.16780000000003,166.74908034849707,169.4408943129575,41.08298999411418,83.24388789505068,-2.6918139644604366,-2.287860915002176,-0.4039530494582606,169.679,8.127276944112905,185.93355388822582,153.4244461117742,0.44989096558257846,0.1915918161720663,4.345000000000003,16267678.7,1.6054237286218513,-144884906.0,0.016759438528557657,0.02433799464430625,0.008037910143314531,-0.0013667696695982556,-0.12217927287923103,0.05327483547477274,56.426332285874395,52.35109717633903,1,0,0.028027372805712547,GOOGL,US,Technology
2026-01-30,167.93,170.43,169.13,169.71,19526290,167.52800000000002,163.901,168.7935,169.6322,167.20460644872827,169.46082806755325,44.02480270574975,82.19264892268694,-2.2562216188249806,-2.281533055766737,0.025311436941756416,168.7935,6.97580651816982,182.74511303633963,154.84188696366036,0.5328456644074047,0.1653098375975021,4.0221428571428595,16579751.95,1.1777189961084433,-125358616.0,0.009878012496280952,0.007660126097415304,0.010599654617932481,0.030168750758771345,-0.09449365062426629,0.04065489330389993,76.01279317292044,58.82020706748574,1,0,0.03199575746862271,GOOGL,US,Technology
2026-02-02,167.9,170.89,170.41,170.62,9569091,168.35,164.565,168.1055,170.1338,167.7300516104624,169.5466926551419,45.89117157134924,78.64741641337383,-1.8166410446794998,-2.1885546535492897,0.37191360886978986,168.1055,5.96262876943536,180.03075753887072,156.1802424611293,0.6054274924964298,0.14187825548598673,4.0249999999999995,16623105.0,0.5756500018708899,-115789525.0,0.005362088268222154,0.002813269253294904,0.016200119118426438,0.040492743017441324,-0.0746284846512636,0.02468320221007758,88.14642649110137,73.52851731663209,1,1,0.023092251787598217,GOOGL,US,Technology
2026-02-03,170.15,167.71,166.71,167.15,9318414,168.162,165.494,167.531,170.487,167.6408129011605,169.36915986587212,45.73879358052022,52.424242424242486,-1.7283469647116192,-2.0965131157817556,0.3681661510701364,167.531,5.423351944672437,178.37770388934487,156.68429611065514,0.48243706086340626,0.12948891714703692,3.9264285714285694,16345197.25,0.5701010081049338,-125107939.0,-0.020337592310397334,0.005982650314053349,-0.01763150161611736,0.058849613581654525,-0.0643193013882668,-0.005592242251174939,75.77720206763114,79.97880724388433,1,1,0.05510020939276106,GOOGL,US,Technology
2026-02-04,166.27,168.54,168.32,168.42,4589108,168.79000000000002,166.64600000000002,167.277,170.89280000000002,167.76068783944348,169.29885172765938,50.19740552735475,51.28006206361515,-1.5381638882159052,-1.9848432702685854,0.4466793820526802,167.277,5.245114117467409,177.7672282349348,156.78677176506517,0.5544792722258928,0.1254234381878215,3.8021428571428544,16374056.35,0.280267004194901,-120518831.0,0.007597965898893166,0.001306258164105763,0.012930775245005391,0.07342256214149123,-0.029279538904899205,0.018998063891577877,84.00259066813456,82.64207307562238,1,1,0.04791592447452819,GOOGL,US,Technology
2026-02-05,168.14,174.75,171.17,172.76,19485525,169.732,167.96699999999998,167.14249999999998,171.38460000000003,168.5298127872214,169.55523308116608,61.059018201875325,75.93619972260748,-1.025420293944677,-1.792958675003804,0.767538381059127,167.14249999999998,5.0555689720912405,177.25363794418246,157.0313620558175,0.7777877243013134,0.12098823392161756,3.9957142857142833,16988046.45,1.1470138082290322,-101033306.0,0.02576891105569401,0.02072238944188059,0.027477102414491066,0.08279536195549975,-0.015332003419777696,0.028027372805712547,89.6891191663373,83.1563039673677,1,1,0.025468858532067706,GOOGL,US,Technology
2026-02-06,172.13,175.63,174.75,175.14,18973054,170.818,169.173,167.19400000000002,171.8884,169.54676466611042,169.96891951959822,64.73072861668427,75.26728439059154,-0.4221548534877968,-1.5187979107006027,1.0966430572128059,167.19400000000002,5.134904703670965,177.46380940734196,156.92419059265808,0.8868620966535402,0.12284901859253937,3.7728571428571405,17418253.1,1.089262671854121,-82060252.0,0.013776337115072979,0.005024551787113001,0.017486783245119993,0.07395143487858702,0.005915800356096623,0.03199575746862271,97.5718533152838,90.42118771658527,1,1,0.027349548932282808,GOOGL,US,Technology
2026-02-09,176.0,174.75,174.41,174.56,31326468,171.606,169.978,167.2245,172.3626,170.31803164055498,170.3089995551835,75.81941867656154,68.72586872586876,0.009032085371472931,-1.2132319114861876,1.2222639968576605,167.2245,5.178769895599889,177.58203979119978,156.86696020880024,0.8541140148637639,0.1238758649735874,3.3642857142857117,18390709.8,1.7033853851913108,-113386720.0,-0.003311636405161522,0.0019477543537927112,-0.008181818181771681,0.048345444718034924,0.0035067548146019423,0.023092251787598217,94.69772051066913,93.9862309974301,1,1,0.037694775435380246,GOOGL,US,Technology
2026-02-10,173.83,179.09,174.18,176.36,7011024,173.448,170.805,167.36350000000002,172.8878,171.24756523431577,170.7572218103551,79.32489451476796,70.73699421965324,0.49034342396066677,-0.8725168443968166,1.3628602683574833,167.36350000000002,5.391279776785076,178.14605955357018,156.58094044642985,0.9171783125512174,0.1288519844948957,3.482142857142853,17878417.75,0.39215011674340605,-106375696.0,0.010311640696608615,0.027840780222114742,0.014554449749671787,0.04919983342257139,0.016015670008065364,0.05510020939276106,86.6242038174119,92.9645925477883,1,1,0.029144930823315818,GOOGL,US,Technology
2026-02-11,176.37,176.51,176.48,176.49,24427281,175.06199999999998,171.92600000000002,167.6765,173.3222,172.05409365980566,171.1818720466251,77.62557077625573,94.47619047619061,0.8722216131805567,-0.5235691528813419,1.3957907660618987,167.6765,5.737085519943974,179.15067103988795,156.20232896011206,0.8840582456230326,0.13686081281300025,3.2264285714285665,16973993.6,1.4391003164334693,-81948415.0,0.0007371286005897204,0.00016998130205581708,0.0006803878210541711,0.06782429816069713,0.03677377665511372,0.04791592447452819,84.46833930200312,88.5967545433614,1,1,0.03603603603603589,GOOGL,US,Technology
2026-02-12,178.08,178.01,176.49,177.16,13630456,175.942,172.837,168.1205,173.6936,172.83961771214325,171.62469633946768,75.32374100719426,94.14141414141429,1.214921372675576,-0.17587104776995816,1.3907924204455342,168.1205,6.11726932114007,180.35503864228014,155.88596135771985,0.8694254545852614,0.1455448757552752,3.0171428571428516,16472092.5,0.8274877750056482,-68317959.0,0.0037962490792677883,0.008579814856578246,-0.005166217430339452,0.05421005653079436,0.0527691942001427,0.025468858532067706,86.78986994614714,85.9608043551874,1,1,0.018062768119214256,GOOGL,US,Technology
2026-02-13,177.15,181.49,178.69,179.93,11112499,176.9,173.85899999999998,168.88000000000002,174.2502,173.93044575642892,172.2399040180256,74.72365512159179,93.03721488595455,1.6905417384033115,0.19741150946469588,1.4931302289386155,168.88000000000002,6.599435382547087,182.0788707650942,155.68112923490585,0.9185964161534295,0.15631064383012808,2.9385714285714255,16476750.85,0.6744350525616492,-57205460.0,0.01563558365319495,0.015561607291638135,0.015692915608153026,0.06022037593541918,0.09220590020638575,0.027349548932282808,90.82892415691776,87.36237780168938,0,1,-0.014338909575946301,GOOGL,US,Technology
2026-02-16,178.44,181.31,181.0,181.14,35633349,178.216,174.911,169.738,174.7768,175.03960794774756,172.89917038706076,74.37429958909227,91.89944134078232,2.1404375606867916,0.5860167197091152,1.5544208409776763,169.738,7.030283066846857,183.79856613369373,155.67743386630627,0.9054602030487092,0.16567375759830905,2.837857142857138,17059305.1,2.0887924040474304,-21572111.0,0.006724837436780762,0.0017113834602975099,0.015131136516391266,0.06165748446840924,0.1046469081595316,0.037694775435380246,97.94238682551766,91.85372697619421,0,0,-0.011869272385999663,GOOGL,US,Technology
2026-02-17,181.95,181.57,181.43,181.5,5876038,179.244,176.34599999999998,170.92000000000002,175.2782,176.03351441732485,173.5362688769081,83.34703947368425,100.0,2.497245540416742,0.9682624838506406,1.5289830565661013,170.92000000000002,6.914469953426378,184.74893990685277,157.09106009314726,0.8825311292977226,0.1618176913968154,2.6107142857142804,16888690.95,0.34792735976216327,-15696073.0,0.0019874130506791765,0.0007713498622546282,-0.002473206924965735,0.08585103200717925,0.14975294564804242,0.029144930823315818,99.5436766558316,96.10499587942236,0,0,-0.023415977961432466,GOOGL,US,Technology
2026-02-18,181.92,184.22,181.74,182.85,10058828,180.51600000000002,177.78900000000002,172.2175,175.7496,177.08220450696717,174.22617488602603,82.31441048034938,100.0,2.8560296209411433,1.3458159112687413,1.510213709672402,172.2175,6.571398853724475,185.36029770744895,159.07470229255105,0.9044991118241631,0.1526302229143105,2.4449999999999954,16350382.1,0.6152044229471296,-5637245.0,0.007438016528925617,0.01356302980577756,0.005112137203138164,0.0856786604916282,0.16539196940726564,0.03603603603603589,92.17589948074378,96.55398765403105,0,0,-0.0203992343450915,GOOGL,US,Technology
2026-02-19,183.34,180.54,180.22,180.36,6363820,181.156,178.549,173.258,176.1632,177.58648073666456,174.68053230187596,72.43994943109995,71.86440677966112,2.9059484347885984,1.657842415972713,1.2481060188158855,173.258,6.089958603263951,185.4379172065279,161.0780827934721,0.7915454957034559,0.1405986125484261,2.462857142857138,15937750.05,0.3992922200902366,-12001065.0,-0.01361771944216561,0.0017742293191296238,-0.01625395440156941,0.043991664737207836,0.13042933249764954,0.018062768119214256,77.95545402181871,89.89167671946473,0,0,-0.03775781769793751,GOOGL,US,Technology
2026-02-20,180.98,178.77,176.22,177.35,8197737,180.64000000000001,178.77,173.9715,176.46740000000003,177.55009908487,174.8782706498851,63.02748741773132,50.84897229669347,2.6718284349848886,1.8606396197751487,0.81118881520974,173.9715,5.655158125202853,185.2818162504057,162.66118374959427,0.6493547980689512,0.1300249322485661,2.674285714285712,15910190.6,0.5152506774337023,-20198802.0,-0.016688844533156,0.014378347899552486,-0.02005746491313923,0.012618476647253685,0.087503065979887,-0.014338909575946301,60.76527698110988,76.96554349455748,0,1,0.0,GOOGL,US,Technology
2026-02-23,176.51,179.34,178.7,178.99,11628355,180.21,179.21300000000002,174.59550000000002,176.69,177.7716223025823,175.18284319433803,74.6666666666667,45.328031809145145,2.5887791082442675,2.006267517468973,0.5825115907752947,174.59550000000002,5.474146388635034,185.54379277727008,163.64720722272995,0.7006933906820063,0.12541322974770097,2.537142857142856,15977580.7,0.7277919286120753,-8570447.0,0.009247251198195805,0.0035756187496309246,0.014050195456268587,0.025378093492208986,0.07495045342622086,-0.011869272385999663,67.10691823477323,68.6092164125673,0,0,-0.010279903905246135,GOOGL,US,Technology
2026-02-24,178.09,180.36,174.77,177.25,8239412,179.36,179.302,175.0535,176.7726,177.69137271756966,175.33596592068335,68.0425010216592,31.633616619452425,2.3554067968863137,2.076095373352441,0.2793114235338727,175.0535,5.28099300371235,185.61548600742472,164.4915139925753,0.6039813912767893,0.12067152050503842,2.837142857142857,15180796.9,0.5427522357042907,-16809859.0,-0.009721213475613166,0.031537376586563984,-0.0047167162670295176,0.005046495804037043,0.054494615979534755,-0.023415977961432466,46.59003831060618,58.154077842163126,1,1,0.02973201692524685,GOOGL,US,Technology
2026-02-25,177.38,179.17,179.08,179.12,14919438,178.614,179.565,175.74550000000002,176.77919999999997,177.91116153025126,175.61626474137347,64.4545454545455,40.165289256198385,2.294896788877793,2.1198556564575113,0.17504113242028163,175.74550000000002,4.819514580273577,185.38452916054717,166.10647083945287,0.6750435621222557,0.109693040908499,2.5221428571428555,14800135.3,1.008060851439591,-1890421.0,0.010550070521861743,0.0005024564537710615,0.009809448641279738,0.014901694146977063,0.08373668925459832,-0.0203992343450915,49.20318724609532,54.30004793049161,0,0,-0.023671281822242096,GOOGL,US,Technology
2026-02-26,177.59,174.92,172.45,173.55,7385600,177.252,179.204,176.0205,176.60460000000003,177.2402136025203,175.46320809386432,46.84398570861458,21.507352941176563,1.777005508655975,2.051285626897204,-0.2742801182412289,176.0205,4.503879584956229,185.02825916991245,167.01274083008755,0.36286822539534724,0.10234897832765244,2.7935714285714277,13863589.35,0.5327335714301454,-9276021.0,-0.031096471639124545,0.014232209737745702,-0.022749028661395592,-0.02037706028448849,0.032728354656352376,-0.03775781769793751,9.345794391729514,35.046339982810366,0,1,-0.02097378277153561,GOOGL,US,Technology
2026-02-27,172.81,178.2,176.66,177.35,7956349,177.252,178.946,176.4025,176.4434,177.25710381751716,175.60297045728177,54.91024287222808,41.463414634146304,1.6541333602353916,1.9718551735648415,-0.31772181332944993,176.4025,4.257750672534718,184.91800134506943,167.88699865493058,0.5556338353462283,0.09654626601120904,3.0735714285714266,13285092.3,0.5988929712672774,-1319672.0,0.021895707288965616,0.008683394417768869,0.026271627799165097,-0.014338909575946301,0.04501797183430556,0.0,41.6312659267943,33.39341585487307,0,0,-0.01742317451367359,GOOGL,US,Technology
2026-03-02,178.36,179.45,175.31,177.15,7865309,176.884,178.547,176.72899999999998,176.2132,177.2406263071299,175.71756523822387,51.47333084669897,49.325236167341465,1.5230610689060313,1.8820963526330796,-0.3590352837270483,176.72899999999998,4.035564135871604,184.8001282717432,168.65787172825677,0.5260806163215029,0.09133903628377404,3.018571428571426,13199903.2,0.5958610669310767,-9184981.0,-0.0011277135607554722,0.023370025402069526,-0.006784032294198385,-0.022027161311692467,0.038272183800257986,-0.010279903905246135,39.93203058284361,30.303030300455834,0,0,-0.012926898108947205,GOOGL,US,Technology
2026-03-03,176.02,184.64,180.82,182.52,11606010,177.93800000000002,178.64900000000003,177.4975,176.16,178.05283764449453,176.22144929465173,59.40717628705149,59.51482479784367,1.831388349842797,1.8719547520750233,-0.040566402232226295,177.4975,3.5496209953349758,184.59674199066995,170.39825800933005,0.8537349484456933,0.07999258570548833,3.5428571428571405,13314283.0,0.8716961422784733,2421029.0,0.03031329381879755,0.02092921323679084,0.03692762186094235,0.005619834710743898,0.09195333532755012,0.02973201692524685,82.60869564539735,54.723997385011785,0,0,-0.0361604207758055,GOOGL,US,Technology
2026-03-04,182.83,175.51,174.38,174.88,11924125,177.09,177.852,177.82049999999998,175.8004,177.56470877611076,176.1220826802331,47.078421322398775,45.15337423312882,1.4426260958776709,1.7860890208355527,-0.3434629249578818,177.82049999999998,2.917822683187408,183.6561453663748,171.98485463362516,0.24805700007138023,0.06563523740335904,4.015714285714286,13681033.85,0.8715806319285855,-9503096.0,-0.04185842647381122,0.006461573650466228,-0.04348301701009973,-0.043587640142193074,0.03835648972806083,-0.023671281822242096,19.934372434788052,47.49169955434303,1,0,0.008806038426349527,GOOGL,US,Technology
2026-03-05,175.8,171.69,168.5,169.91,17294514,176.36200000000002,176.80700000000002,177.67800000000003,175.3218,176.38706127209372,175.6619284076232,37.845705967976706,33.28493647912883,0.7251328644705097,1.5738977895625441,-0.8487649250920344,177.67800000000003,3.230783838408711,184.13956767681745,171.2164323231826,-0.10109252030035085,0.07273345801709899,4.162142857142856,13571483.3,1.2743273777356836,-26797610.0,-0.028419487648673414,0.01877464540039564,-0.03350398179730666,-0.057939676203149326,-0.016496874276452855,-0.02097378277153561,8.736059479012622,37.0930425197327,1,1,0.041963392384203324,GOOGL,US,Technology
2026-03-06,169.86,177.78,171.45,174.26,9008953,175.744,176.498,177.634,174.9046,176.059821076387,175.55808185891038,42.245266005410286,51.34827193315606,0.5017392174766258,1.3594660751453607,-0.8577268576687349,177.634,3.272886059411683,184.17977211882337,171.0882278811766,0.24227639314391855,0.07369954084000281,4.6257142857142854,13073278.25,0.6891119532997049,-17788657.0,0.02560178918250844,0.036325031561825365,0.025903685387813926,-0.01742317451367359,-0.005024551787141673,-0.01742317451367359,35.68773233979627,21.45272141786568,1,1,0.02633995179616666,GOOGL,US,Technology
2026-03-09,173.87,178.12,172.25,174.86,7556263,175.286,176.08499999999998,177.649,174.48760000000001,175.8752332184813,175.5063720915837,42.55605381165921,44.617380025940385,0.368861126897599,1.1613450854958083,-0.7924839585982093,177.649,3.2587128553588163,184.16642571071765,171.13157428928236,0.28603515221511283,0.07337418967380575,5.014285714285713,11884768.0,0.6357938467293727,-10232394.0,0.0034431309537474863,0.033569712912995736,0.005693909242504833,-0.023073914743840462,0.0017186067827681395,-0.012926898108947205,39.4052044585252,27.94299875911139,1,1,0.0055472949788402115,GOOGL,US,Technology
2026-03-10,176.0,179.47,173.07,175.92,12177258,173.966,175.952,177.627,174.05560000000003,175.88212041563804,175.53701119591082,42.18009478672985,47.43643184660271,0.3451092197272203,0.9980979123420907,-0.6529886926148704,177.627,3.2693409926638703,184.16568198532775,171.08831801467227,0.3694691067557761,0.0736226135136092,5.277142857142857,12143079.7,1.0028145493589613,1944864.0,0.006061992451103615,0.036380172805614064,-0.000454545454542943,-0.007503526093088908,-0.002494896801996105,-0.0361604207758055,45.97273853494589,40.35522511108915,0,1,-0.002671668940427474,GOOGL,US,Technology
2026-03-11,174.7,179.62,173.87,176.42,25843492,174.274,175.682,177.62349999999998,173.77399999999997,175.96487112092447,175.6024177739915,45.34499054820413,34.04811715481165,0.36245334693296627,0.8709689992602658,-0.5085156523272996,177.62349999999998,3.270659478002751,184.1648189560055,171.08218104399447,0.40800784914309374,0.07365375590469375,5.5,12213890.25,2.1159097842794368,27788356.0,0.002842201000454736,0.032592676567097884,0.009845449341672316,-0.015073693613220307,-0.00039662303813259303,0.008806038426349527,49.070631967219875,44.816191653563685,1,0,0.018138533046139882,GOOGL,US,Technology
2026-03-12,177.88,177.65,176.56,177.04,16431542,175.7,176.031,177.6175,173.486,176.13027556385916,175.70890534628845,49.61182068620085,58.92561983471073,0.42137021757071125,0.7810492429223549,-0.35967902535164364,177.6175,3.2716644323480564,184.16082886469613,171.07417113530389,0.4558710854675416,0.07367887583891544,5.292142857142857,12353944.55,1.3300643048406506,44219898.0,0.0035143407776896396,0.006156800722965696,-0.0047222846862788465,0.020109478536444625,-0.0006773538044705374,0.041963392384203324,52.912019823239646,49.31846344180184,1,0,0.018526886579304014,GOOGL,US,Technology
2026-03-13,176.24,178.9,178.8,178.85,4156479,176.618,176.18099999999998,177.5635,173.31459999999998,176.54869470788083,175.94157902434117,49.82543640897754,100.0,0.6071156835396607,0.7462625310458162,-0.13914684750615547,177.5635,3.2402489751636683,184.04399795032734,171.08300204967267,0.5992593477585891,0.0729935820175975,5.282857142857144,12006143.55,0.34619598179000766,48376377.0,0.010223678264798863,0.0005591277606901605,0.014809350885072492,0.008457851705666819,-0.006002334241093865,0.02633995179616666,64.1263940480715,55.36968194617703,0,1,-0.001956947162426559,GOOGL,US,Technology
2026-03-16,178.87,177.53,174.48,175.83,11198742,176.81199999999998,176.049,177.298,173.1436,176.43812629128377,175.933313911427,48.28419526341229,60.31537450722749,0.5048123798567588,0.6979725008080048,-0.19316012095124602,177.298,3.1480062194810254,183.59401243896204,171.00198756103796,0.3834182735012653,0.0710218100477899,5.195714285714287,10784413.2,1.0384191289685443,37177635.0,-0.016885658372938095,0.017346300403700533,-0.01699558338448592,-0.007451312447078751,-0.029314342497515633,0.0055472949788402115,45.415117717136724,54.15117719614932,1,1,0.017630665984189164,GOOGL,US,Technology
2026-03-17,174.86,175.97,175.03,175.45,8699431,176.718,175.34199999999998,176.9955,173.0798,176.2861068618555,175.8975128809509,45.39984958636247,53.99188092016222,0.3885939809046022,0.6360967968273243,-0.24750281592272216,176.9955,3.0106573421057603,183.0168146842115,170.97418531578847,0.37166423933762155,0.06803918386826217,5.125714285714287,10925582.85,0.7962440377957467,28478204.0,-0.002161178410965303,0.00535765175260553,0.0033741278737081143,-0.03873548104317348,-0.03333333333333344,-0.002671668940427474,43.06071870860835,50.867410157938885,1,1,0.03944143630664021,GOOGL,US,Technology
2026-03-18,174.49,180.8,178.68,179.62,9647346,177.358,175.81599999999997,176.834,173.2022,176.7990134984931,176.1732526675471,57.88516497791633,67.61904761904765,0.6257608309460068,0.6340296036510609,-0.008268772705054106,176.834,2.755934076057565,182.34586815211514,171.32213184788486,0.7527273804779026,0.06233946132626047,5.031428571428573,10905008.75,0.8846710109543918,38125550.0,0.02376745511541767,0.011802694577375582,0.02939996561390679,0.02710430009149145,-0.01766475252939559,0.018138533046139882,68.89714993377349,52.45766211983955,1,0,0.012526444716624008,GOOGL,US,Technology
2026-03-19,180.5,181.82,179.12,180.32,16079128,178.014,176.857,176.832,173.2996,177.34070372949418,176.48041913661768,54.19610059338796,68.22429906542055,0.8602845928764964,0.679280601496148,0.1810039913803484,176.832,2.753253768867989,182.33850753773598,171.325492462264,0.8167161740250141,0.06227953693567732,4.89214285714286,11390774.15,1.4115920811587612,54204678.0,0.0038971161340606297,0.01497338065652737,-0.0009972299168920199,0.06126772997469243,-0.00022177866489259124,0.018526886579304014,73.23420073895701,61.730689793779646,1,1,0.006211180124223725,GOOGL,US,Technology
2026-03-20,180.38,179.93,177.36,178.5,10926860,177.94400000000002,177.281,176.8895,173.38739999999999,177.5190570018797,176.63001771909043,51.82383139691975,56.13445378151263,0.8890392827892697,0.7212323377547725,0.16780694503449722,176.8895,2.7765512022910186,182.44260240458203,171.33639759541796,0.6450090311702266,0.06278611680795798,4.807857142857145,11527230.3,0.947917129068105,43277818.0,-0.010093167701863304,0.01439775910356076,-0.010422441512304984,0.024331458739814016,0.006484352974344576,-0.001956947162426559,61.957868645479735,68.02973977273678,1,1,0.026050420168067356,GOOGL,US,Technology
2026-03-23,178.96,179.6,178.4,178.93,10141084,178.564,177.68800000000002,176.88649999999998,173.487,177.73612515543667,176.80038677693557,44.40286872466479,50.38022813688219,0.9357383785010995,0.7641335459040379,0.1716048325970616,176.88649999999998,2.774193623948088,182.43488724789617,171.3381127521038,0.6841526112016348,0.06273386886918811,4.358571428571431,11452866.75,0.8854624205365508,53418902.0,0.0024089635854342983,0.006706533281133863,-0.0001676352257478403,0.023275763467917043,-0.0003352142577798256,0.017630665984189164,78.30330329742476,71.1651242272872,1,1,0.039736209690940605,GOOGL,US,Technology
2026-03-24,177.76,183.71,181.3,182.37,4801850,179.948,178.333,177.14249999999998,173.66280000000003,178.4490289776772,177.21295071938476,63.4373878722641,79.89031078610593,1.236078258292423,0.8585224883817151,0.37755576991070794,177.14249999999998,3.0336080220713053,183.2097160441426,171.07528395585737,0.93079890027288,0.06850096441123234,4.11857142857143,11280988.65,0.42565857686076325,58220752.0,0.019225395406024637,0.013214892800278455,0.02593384338419262,0.036664392905866316,0.028885754583920953,0.03944143630664021,91.19000656862654,77.15039283717704,1,1,0.04765038109338149,GOOGL,US,Technology
2026-03-25,182.04,185.24,179.18,181.87,10096080,180.398,178.87800000000001,177.28,173.8956,178.9753322118807,177.55791733276365,75.55555555555557,79.02350813743226,1.4174148791170467,0.9703009665287816,0.44711391258826505,177.28,3.1864301094017033,183.6528602188034,170.9071397811966,0.8601208752074062,0.07189598622255695,4.095714285714288,11039820.75,0.9145147656029863,48124672.0,-0.002741679004222175,0.03332050365627471,-0.0009338606899530524,0.0308921890942071,0.015352836087539012,0.012526444716624008,75.56200144484684,81.68510377029942,1,1,0.048936053224830856,GOOGL,US,Technology
2026-03-26,180.74,182.77,180.37,181.44,7350170,180.622,179.318,177.67450000000002,174.1588,179.35451187159137,177.8454790118182,68.42915811088295,62.43169398907101,1.509032859773157,1.0780473451776569,0.43098551459550016,177.67450000000002,3.1887424926147885,184.0519849852296,171.29701501477044,0.7952182567207722,0.0717884106632487,3.7050000000000023,11038049.25,0.6658938701606292,40774502.0,-0.0023643261670424076,0.013227513227440356,0.0038729666924649533,0.02485314053321286,0.04546240276577351,0.006211180124223725,70.74672824705561,79.16624542017637,1,1,0.058641975308642014,GOOGL,US,Technology
2026-03-27,181.41,185.96,180.89,183.15,12035345,181.552,179.748,177.9645,174.52700000000002,179.93843312211578,178.23840649242428,70.13113161728992,66.98679471788721,1.7000266296915072,1.202443202080427,0.4975834276110802,177.9645,3.413497164893154,184.7914943297863,171.13750567021367,0.8797791347574287,0.07672310297557047,3.6478571428571462,11241999.05,1.0705697337192237,52809847.0,0.009424603174603252,0.027682227682076656,0.009591532991513245,0.024042493709812707,0.03270369326191158,0.026050420168067356,78.20015515297129,74.83629494829128,1,1,0.06895986895986894,GOOGL,US,Technology
2026-03-30,183.56,186.34,185.79,186.04,18206164,182.974,180.769,178.40900000000002,174.96820000000002,180.87713571871336,178.81630230780024,72.56913470115967,90.10638297872333,2.0608334109131192,1.3741212438469657,0.6867121670661536,178.40900000000002,3.852449528341413,186.11389905668284,170.7041009433172,0.9952044110419619,0.08637343471057662,3.4185714285714317,11759041.8,1.548269217967299,71016011.0,0.015779415779415773,0.0029563534723557033,0.013510568751288294,0.0580674515156685,0.05018346034434096,0.039736209690940605,97.59422613491616,82.18036984498104,1,1,0.018651902816598565,GOOGL,US,Technology
2026-03-31,186.49,191.55,190.66,191.06,6893202,184.71200000000002,182.32999999999998,178.83599999999998,175.6322,182.4437302235267,179.72324287759284,77.17149220489978,93.3523945675482,2.7204873459338614,1.6433944642643452,1.0770928816695162,178.83599999999998,4.709938428471977,188.25587685694393,169.41612314305604,1.1488407536792877,0.10534653936445985,3.4014285714285757,11523401.4,0.5981915549525546,77909213.0,0.02698344442055478,0.004658222547866411,0.024505335406592783,0.08897121687090337,0.04678939294323903,0.04765038109338149,97.12946689530578,90.97461606106442,0,1,-0.004815241285460181,GOOGL,US,Technology
2026-04-01,191.54,192.5,189.38,190.77,9510445,186.49200000000002,183.445,179.6305,176.30960000000002,183.7246948045226,180.54152118295633,75.79857196542656,88.74538745387456,3.183173621566283,1.9513502957247333,1.2318233258415496,179.6305,5.309538065941482,190.24957613188298,169.01142386811705,1.024504197004954,0.1182324397229184,3.536428571428575,11402717.4,0.8340506768982385,68398768.0,-0.0015178477965036574,0.016354772762927346,-0.004020048031721634,0.06207549270682544,0.09086230558096986,0.048936053224830856,90.39955604381807,95.04108302468002,1,0,0.005608848351417839,GOOGL,US,Technology
2026-04-02,190.13,193.15,191.23,192.08,14423070,188.62,184.621,180.73899999999998,176.96020000000001,185.01012637305757,181.39622331755214,75.33512064343167,93.8197424892704,3.613903055505432,2.2838608476808733,1.3300422078245586,180.73899999999998,5.484711670203003,191.70842334040597,169.76957665959398,1.0169369276326676,0.12138413226083254,3.5735714285714306,11259145.2,1.28100921187079,82821838.0,0.00686690779472654,0.009995835068669408,0.010256140535369279,0.0652173913043479,0.13048084279912908,0.058641975308642014,94.26888055199422,93.93263449703939,0,0,-0.0018742190753853194,GOOGL,US,Technology
2026-04-03,192.63,197.66,194.29,195.78,4724004,191.14600000000002,186.349,181.815,177.61419999999998,186.6670300079718,182.46168825699274,87.23404255319144,98.05630026809656,4.205341750979045,2.668157028340508,1.537184722638537,181.815,6.209745735959039,194.2344914719181,169.3955085280819,1.0622210873333366,0.13661679698429485,3.6600000000000006,11044897.75,0.4277091268039012,87545842.0,0.019262807163681783,0.017213198488010988,0.016352593053956567,0.09680672268907564,0.12349363020773563,0.06895986895986894,91.69244365480813,92.1202934168735,0,0,-0.03442639697619787,GOOGL,US,Technology
2026-04-06,195.35,192.48,187.14,189.51,7489168,191.84,187.40699999999998,182.54749999999999,178.0742,187.10441000674535,182.98378542314143,71.51162790697674,66.32443531827514,4.120624583603927,2.9586505393931923,1.161974044210735,182.54749999999999,6.210211349060403,194.9679226981208,170.12707730187918,0.7802843417025228,0.13607880357772925,4.210000000000002,11041543.0,0.6782718069139606,80056674.0,-0.032025743181121724,0.028177932562776772,-0.029895060148298482,0.059129268428994575,0.08378131076289597,0.018651902816598565,59.85221674582002,81.9378469842075,1,1,0.008653896891984703,GOOGL,US,Technology
2026-04-07,190.78,193.02,187.84,190.14,5161004,191.656,188.184,183.25849999999997,178.51519999999996,187.57142385186148,183.5138753917976,68.05078929306792,61.90476190476189,4.0575484600638845,3.178430123527331,0.8791183365365534,183.25849999999997,6.225497887508064,195.7094957750161,170.80750422498383,0.7763433593412633,0.13588451040413624,4.197857142857144,10690730.3,0.48275500105404384,85217678.0,0.003324362830457561,0.02724308404319325,-0.0033546493342942667,0.04260569172561257,0.08083219645293305,-0.004815241285460181,62.95566502152919,71.50010847405247,1,0,0.028400126222783317,GOOGL,US,Technology
2026-04-08,189.97,192.05,191.68,191.84,7802607,191.87,189.18099999999998,184.0295,179.0464,188.228127874652,184.13062536277556,69.11081619110817,52.805755395683455,4.097502511876428,3.3622446011971507,0.7352579106792771,184.0295,6.288535495980749,196.60657099196152,171.4524290080385,0.8105055224774305,0.13668537915815848,4.141428571428575,9788686.05,0.7971045514219396,93020285.0,0.008940780477542987,0.0019286905754695364,0.009843659525136396,0.05481937647770385,0.08740505611608662,0.005608848351417839,71.33004925756997,64.7126436749731,1,0,0.018609257714762295,GOOGL,US,Technology
2026-04-09,192.98,193.75,190.1,191.72,10094981,191.798,190.209,184.76350000000002,179.5198,188.76533897085937,184.6928012618292,73.24191279887481,53.45957756737068,4.072537709030172,3.504303222763755,0.5682344862664168,184.76350000000002,6.28650792110413,197.33651584220829,172.19048415779176,0.7766440481157274,0.13609848094607663,4.190714285714291,9471858.0,1.0657866634205597,82925304.0,-0.0006255212677230837,0.019038180680059292,-0.006529174007635309,0.05665784832451504,0.08291911432444654,-0.0018742190753853194,69.15887850108209,67.81486426006045,1,1,0.011527227206342694,GOOGL,US,Technology
2026-04-10,191.37,190.09,188.2,189.04,8942605,190.45,190.798,185.273,179.9064,188.80759451380408,185.0148159831752,66.47116324535676,39.93377483443703,3.7927785306288797,3.561998284336781,0.23078024629209892,185.273,6.194269932768509,197.661539865537,172.88446013446298,0.652035673301063,0.13373281444646706,4.356428571428578,9711164.3,0.9208580766306181,73982699.0,-0.013978718965157566,0.009997884045651804,-0.012175367089866945,0.032159432159432066,0.05697511881464923,-0.03442639697619787,53.35497835209113,64.61463537024775,1,1,0.02295810410495136,GOOGL,US,Technology
