Date,Open,High,Low,Close,Volume,sma5,sma10,sma20,sma50,ema12,ema26,rsi,rsi_6,macd,macd_sig,macd_hist,bb_mid,bb_std,bb_upper,bb_lower,bb_pos,bb_width,atr,vol_sma20,vol_ratio,obv,daily_ret,hlpct,co_pct,mom10,mom20,roc5,stoch_k,stoch_d,target,target_3d,ret_5d,symbol,market,sector
2024-07-22,1479.41,1498.81,1495.4,1496.92,13849945,1510.22,1539.658,1559.8365000000001,1597.3770000000002,1533.7743110381562,1555.5297283980956,30.29555637768736,19.727891156462718,-21.75541735993943,-14.239542797707763,-7.515874562231666,1559.8365000000001,35.39794274054746,1630.632385481095,1489.0406145189052,0.05564861169187117,0.09077346950279669,27.419285714285657,10410836.65,1.330339158636289,-216313485.0,0.01037427019000381,0.0022780108489415443,0.01183579940651216,-0.0468027661389947,-0.030573850647290124,-0.026469478804906132,21.887443588917694,13.313609601013818,1,1,0.05127862544424544,HDFCBANK.NS,IN,Banking
2024-07-23,1501.69,1508.33,1491.02,1498.71,18507202,1502.534,1530.1709999999998,1555.815,1594.3383999999999,1528.3787252950467,1551.2360952447227,33.40561111602797,23.433019254404044,-22.857369949676013,-15.963127907964386,-6.894242041711626,1555.815,37.590345415026036,1630.9956908300521,1480.634309169948,0.12021498226713834,0.09664476924313463,26.964285714285648,10839425.5,1.7073967889352817,-197806283.0,0.0011957886861020395,0.011549932942322661,-0.0019844308745467,-0.05953262465643383,-0.05093278620008368,-0.02500097583824512,23.075391558116053,18.883284664948565,1,1,0.049549279046646744,HDFCBANK.NS,IN,Banking
2024-07-24,1498.58,1521.7,1492.45,1505.45,9659433,1497.624,1521.433,1552.519,1591.677,1524.8506335637073,1547.7813821474285,30.882285399347822,30.06667505346587,-22.930748583721197,-17.356664772218306,-5.5740838115028915,1552.519,39.017573759847984,1630.554147519696,1474.483852480304,0.19841153956735846,0.10052714011183857,27.059999999999945,11034943.05,0.8753495220485508,-188146850.0,0.0044972009261297075,0.019429406489740987,0.004584339841713845,-0.05485833390882888,-0.041950654524395836,-0.016045751633986916,27.548447039902147,24.170427395645294,1,1,0.04166196153973889,HDFCBANK.NS,IN,Banking
2024-07-25,1498.08,1530.62,1510.51,1519.45,9521830,1500.416,1515.642,1550.7769999999998,1588.0494,1524.0196481732658,1545.646629537914,28.863152918931675,43.89114070642736,-21.626981364648145,-18.21073433182457,-3.416247032823577,1550.7769999999998,39.70601255013519,1630.18902510027,1471.3649748997295,0.30275657269319595,0.1024157891176089,27.00642857142852,11101168.0,0.857732190186457,-178625020.0,0.009299544986548947,0.013235052157021728,0.014264925771644942,-0.03671324237967233,-0.022415379369358335,0.009272728480428372,40.218808867988564,30.28088248866892,1,1,0.019000296159794594,HDFCBANK.NS,IN,Banking
2024-07-26,1525.75,1545.62,1527.34,1535.46,3082254,1511.1979999999999,1514.779,1548.8295,1585.474,1525.7799150371898,1544.8800507641186,40.75621364357481,69.24855491329478,-19.100135726928784,-18.388615650740768,-0.711520076188016,1548.8295,39.44017314403541,1627.7098462880708,1469.9491537119293,0.4152545556050813,0.10185801121171806,26.005714285714216,10480423.3,0.2940962991355226,-175542766.0,0.010536707361216147,0.01190522709806056,0.0063640832377477785,-0.0055890524516056805,-0.02473942619775027,0.036387567075022886,51.81857701744806,39.861944308446255,1,1,0.012413218188686015,HDFCBANK.NS,IN,Banking
2024-07-29,1530.69,1584.58,1564.96,1573.68,6267823,1526.55,1518.385,1548.1915000000001,1583.3382000000001,1533.1499125466148,1547.0447926246406,45.12637147335427,100.0,-13.894880078025835,-17.48986433291291,3.5949842548870734,1548.1915000000001,38.899245463524,1625.9899909270482,1470.393009072952,0.6638110180262802,0.10050241320534033,27.577142857142785,10364128.1,0.6047611853850798,-169274943.0,0.02489156344027199,0.012467591886525483,0.028085373263019894,0.023451828149998244,-0.008043165830412757,0.05127862544424544,79.51021591016152,57.182533931866054,0,0,-0.008013064917899548,HDFCBANK.NS,IN,Banking
2024-07-30,1579.03,1577.44,1569.4,1572.97,11469384,1541.402,1521.968,1547.2005,1581.2368000000001,1539.276609985304,1548.9913320415412,45.135214579659056,99.08351619981924,-9.714722056237179,-15.934830059503811,6.220108003266633,1547.2005,37.94398981254673,1623.0884796250934,1471.3125203749064,0.6697864413220539,0.09809714982000649,26.977857142857065,10308029.75,1.1126648996463266,-180744327.0,-0.0004511717757104128,0.005111349866809191,-0.003837799155175081,0.023309522880154088,-0.012443573854682644,0.049549279046646744,90.37632625919787,73.90170639560249,0,0,-0.017431991709950023,HDFCBANK.NS,IN,Banking
2024-07-31,1566.84,1576.32,1561.65,1568.17,11323181,1553.9460000000001,1525.7849999999999,1546.9235,1579.1860000000001,1543.7220723940948,1550.429870585142,47.624709227190536,93.15357852882705,-6.707798191047232,-14.089418162207998,7.381619971160767,1546.9235,37.76005453762115,1622.4436090752424,1471.4033909247578,0.6406678317836575,0.09763909989756248,26.53928571428563,10539233.3,1.0743836485350742,-192067508.0,-0.0030515521592909822,0.009354853109031858,0.0008488422557499846,0.024947712418300627,-0.00352034364654219,0.04166196153973889,86.39754641838209,85.42802952924715,0,0,-0.014341557356664092,HDFCBANK.NS,IN,Banking
2024-08-01,1584.33,1552.76,1544.77,1548.32,13846440,1559.72,1530.068,1544.9045,1576.2223999999999,1544.4294896984459,1550.2717625981825,51.17480419930013,72.9030879367453,-5.842272899736599,-12.439985160106342,6.597712260369743,1544.9045,36.466105167025226,1617.8367103340506,1471.9722896659496,0.5234155799188894,0.09441646436268819,25.759285714285642,11027696.15,1.2556057544616193,-205913948.0,-0.012658066408616553,0.005160431952047928,-0.022728850681346224,0.028449209227560335,-0.025417007616290066,0.019000296159794594,69.94363395167485,82.23916887641826,0,0,-0.0014144362922392517,HDFCBANK.NS,IN,Banking
2024-08-02,1549.22,1579.2,1534.77,1554.52,9128754,1563.532,1537.365,1542.1865,1574.2092000000002,1545.9819572815882,1550.5898394330588,54.70071206052516,70.4394451567781,-4.607882151470676,-10.873561557707728,6.2656794062370516,1542.1865,33.338457684622796,1608.8634153692456,1475.5095846307545,0.5924870319143187,0.08647062514060692,28.1521428571428,10793333.4,0.8457770010350091,-196785194.0,0.00400434018807494,0.02858116975012961,0.0034210764126441262,0.04925247207316663,-0.03378747948883698,0.012413218188686015,75.08289124606199,77.14135720537297,1,0,0.04697913182204161,HDFCBANK.NS,IN,Banking
2024-08-05,1559.95,1577.63,1547.82,1561.07,6085667,1561.01,1543.78,1541.719,1572.7579999999998,1548.303297590054,1551.3738908002092,56.43868051444863,66.77584173981387,-3.070593210155266,-9.31296549659073,6.242372286435463,1541.719,32.985393402150706,1607.6897868043015,1475.7482131956986,0.6466634016110558,0.085580818299909,29.451428571428533,10710988.65,0.5681703744340748,-190699527.0,0.004213519285695799,0.019095876546202976,0.0007179717298626064,0.042854661571760655,-0.005953821270742954,-0.008013064917899548,80.5122679038419,75.17959770052624,1,0,0.03579596046301581,HDFCBANK.NS,IN,Banking
2024-08-06,1565.38,1549.29,1542.55,1545.55,10423394,1555.526,1548.4640000000002,1539.3174999999999,1571.0304,1547.8796974465913,1550.9385102269775,54.003398383193435,23.774007085586376,-3.0588127803862335,-8.062133419834167,5.003320639447933,1539.3174999999999,30.678688449800273,1600.6748768996003,1477.9601231003994,0.5507885140661046,0.07972023562333386,26.90214285714283,10876273.15,0.9583607268671137,-201122921.0,-0.009941898825805318,0.004360907120439746,-0.012667850617733385,0.03125354471512165,-0.030139685488020707,-0.017431991709950023,67.64754641853739,74.41423518948042,1,1,0.06499304454724864,HDFCBANK.NS,IN,Banking
2024-08-07,1541.06,1548.29,1543.6,1545.68,9183396,1551.0279999999998,1552.487,1536.96,1568.4902000000002,1547.5412717069476,1550.545664746604,61.83242065595006,24.27898209236581,-3.0043930396564065,-7.050584351674175,4.046191312017768,1536.96,28.049011803587685,1593.0580236071753,1480.8619763928248,0.577721098166344,0.07299867739842125,24.956428571428546,11205002.55,0.8195799277546859,-191939525.0,8.411245187800453e-05,0.0030342632368905724,0.0029979364852744995,0.026722906772061572,-0.02960140127948363,-0.014341557356664092,67.75530503922624,71.9717064538685,1,1,0.07150251022203813,HDFCBANK.NS,IN,Banking
2024-08-08,1552.34,1554.29,1539.6,1546.13,12667472,1550.5900000000001,1555.155,1535.3985,1565.8996,1547.3241471481235,1550.2159939251706,72.06505398387317,27.371663244353343,-2.8918467770470215,-6.218836184127761,3.326989407080739,1535.3985,26.508546243565945,1588.415592487132,1482.381407512868,0.6012079265003412,0.06905971640209037,23.037857142857124,11031267.2,1.1483241790821477,-179272053.0,0.00029113399927549466,0.009501141559888595,-0.00400041228081207,0.01755898515910359,-0.019798904498655845,-0.0014144362922392517,58.90337751112775,64.76874298963047,1,1,0.07040158330800117,HDFCBANK.NS,IN,Banking
2024-08-09,1545.26,1631.59,1624.32,1627.55,16203708,1565.196,1564.364,1539.5715,1564.5006,1559.6668667004267,1555.9863259347724,80.75238947219734,85.92545569964634,3.680540765654314,-4.238959551382641,7.919500317036955,1539.5715,33.57586512190147,1606.7232302438028,1472.4197697561972,1.155072473035526,0.08723431194167885,27.909285714285684,11291798.0,1.4349979130871884,-163068345.0,0.05266051366961366,0.004466836656321167,0.0532531742230736,0.059975512224349714,0.05405125348911022,0.04697913182204161,97.12598705202304,74.594889867459,1,1,0.02317593929525974,HDFCBANK.NS,IN,Banking
2024-08-12,1618.77,1620.63,1614.0,1616.95,25297838,1576.372,1568.691,1543.538,1563.7372,1568.4798260007715,1560.5327114481222,76.72694394213381,77.22159239556996,7.947114552649282,-1.801743506684012,9.748858059333294,1543.538,37.75851045233194,1619.055020904664,1468.020979095336,0.986062606281123,0.09784925399260011,27.640714285714257,12248255.8,2.0654235466388977,-188366183.0,-0.0065128567478724975,0.004100312316395688,-0.0011243104332294346,0.027496060190127514,0.051592721218506554,0.03579596046301581,89.47822337150018,81.83586264488365,1,1,0.03556696249110969,HDFCBANK.NS,IN,Banking
2024-08-13,1625.64,1648.91,1643.67,1646.0,5093036,1596.462,1575.994,1548.9810000000002,1564.1008,1580.4062007781197,1566.9032686405703,78.85918442774424,80.9579354086171,13.502932137549351,1.2591928518464313,12.243739285702919,1548.9810000000002,44.10119892152262,1637.1833978430454,1460.778602156955,1.049979379084419,0.11388441542276924,27.834285714285688,11782693.6,0.4322471364063022,-183273147.0,0.01796592349794368,0.0031834750911280837,0.0125242981225778,0.04642809462354647,0.07081983423761007,0.06499304454724864,97.89739884322323,94.83386975558214,1,1,0.01739368165249089,HDFCBANK.NS,IN,Banking
2024-08-14,1639.82,1672.88,1642.85,1656.2,4962443,1618.566,1584.797,1555.291,1564.2102000000002,1592.0669459056226,1573.5561785013015,78.52404989362145,91.96056124383776,18.510767404321086,4.709508871230177,13.801258533090909,1555.291,49.890782177830346,1655.0725643556607,1455.5094356443392,1.0056495187794166,0.12831240501693458,28.18142857142857,11626026.75,0.42683908095781037,-178310704.0,0.006196840826245387,0.018131868131857305,0.009988901220859681,0.05613549551387931,0.08248366013071906,0.07150251022203813,88.53923319988634,91.97161847153659,1,1,0.008181379060499872,HDFCBANK.NS,IN,Banking
2024-08-15,1665.56,1664.27,1647.55,1654.98,12341357,1640.336,1595.463,1562.7655,1564.5638000000001,1601.7459901250206,1579.6199265218693,76.56944691445847,91.10877087407857,22.12606360315135,8.192820713209024,13.933242889942328,1562.7655,53.12998305793796,1669.0254661158758,1456.5055338841241,0.9339098880311462,0.13598964926703058,27.506428571428582,11194596.7,1.1024386343066175,-190652061.0,-0.0007366260113512713,0.010102841121941005,-0.006352217872663594,0.06888756846129995,0.09929657453719387,0.07040158330800117,87.03931648622803,91.1586495097792,1,1,0.004241743102635587,HDFCBANK.NS,IN,Banking
2024-08-16,1649.19,1671.34,1660.41,1665.27,7831039,1647.8799999999999,1606.538,1571.9515,1565.1340000000002,1611.519011111353,1585.99587606018,73.24737296309455,91.72152962599807,25.523135051172858,11.658884293729717,13.864250757443141,1571.9515,54.220150679768345,1680.3918013595367,1463.5111986404631,0.9302759160068627,0.13796901667700026,25.166428571428582,10837279.8,0.7226018356929534,-182821022.0,0.006217597795743712,0.006563500213174604,0.009750241027407501,0.07124385662455301,0.12400526475650508,0.02317593929525974,94.48989935490188,90.0228163470054,0,1,-0.006743651179688559,HDFCBANK.NS,IN,Banking
2024-08-19,1666.92,1682.5,1668.03,1674.46,10893222,1659.382,1617.877,1580.8285,1565.5369999999998,1621.2023209833817,1592.5788876645634,74.69703606365893,83.24592487597457,28.623433318818343,15.051794657052389,13.571638661765954,1580.8285,55.79988400997145,1692.428268019943,1469.228731980057,0.9194968397351347,0.14119149296697572,25.822857142857156,10689443.65,1.019063417854921,-171927800.0,0.00551862460742103,0.008641591916194704,0.004523312456503875,0.07263607653724691,0.1186035325869117,0.03556696249110969,94.55763893525653,92.0289515921288,0,0,-0.007835361847998823,HDFCBANK.NS,IN,Banking
2024-08-20,1662.6,1678.91,1671.21,1674.63,24634431,1665.1079999999997,1630.785,1589.6245,1566.9217999999998,1629.4220219531912,1598.6826006301883,76.50368452499501,97.97072521623416,30.739421323002944,18.189320403267534,12.55010091973541,1589.6245,56.03889396284431,1701.7022879256886,1477.5467120743112,0.879225453911896,0.14101165140021202,25.325000000000028,10995805.1,2.2403478904561624,-147293369.0,0.00010152526784756866,0.004598030609743912,0.007235654998191366,0.08351719452622053,0.117380947614949,0.01739368165249089,94.6727137338749,94.57341734134444,0,0,-0.009022888638087312,HDFCBANK.NS,IN,Banking
2024-08-21,1673.06,1684.17,1658.21,1669.75,5657753,1667.818,1643.1919999999998,1597.8394999999998,1568.7220000000002,1635.6263633402243,1603.9675792632302,82.6653037068919,83.03198887343507,31.658784076994152,20.883213421712902,10.77557065528125,1597.8394999999998,55.08453785104428,1708.0085757020884,1487.6704242979113,0.8263642702859246,0.1378975494122152,25.50785714285717,10795721.1,0.5240736050439831,-152951122.0,-0.002914076542281041,0.015547237610411432,-0.001978410816108189,0.0802688784224419,0.1091368029492843,0.008181379060499872,90.348058901671,93.19280385693413,1,0,0.007779607725707516,HDFCBANK.NS,IN,Banking
2024-08-22,1683.06,1686.97,1642.03,1662.0,19157342,1669.2220000000002,1654.779,1604.967,1570.3914000000002,1639.6838664177299,1608.281943982377,78.67356738875253,58.656716417910324,31.401922435352844,22.9869554016808,8.414967033672045,1604.967,53.6104127847133,1712.1878255694266,1497.7461744305735,0.7659604591568105,0.13361125252962802,25.54428571428574,11277496.7,1.698722758329625,-172108464.0,-0.00464141338523727,0.027039711191319503,-0.012512922890442072,0.07494195184104813,0.09381684162032311,0.004241743102635587,83.05625296815461,89.35900853456683,1,0,0.032581227436823124,HDFCBANK.NS,IN,Banking
2024-08-23,1659.86,1660.01,1649.26,1654.04,9586665,1666.9759999999999,1657.4279999999999,1610.896,1572.5544,1641.892511802263,1611.6828646772913,74.61738071281044,48.83200795228622,30.209647124971752,24.431493843700686,5.7781532812710665,1610.896,52.05327548215427,1715.0025509643085,1506.7894490356914,0.7072107835657917,0.12925297593915924,24.325000000000014,11602717.25,0.8262430228364805,-181695129.0,-0.0047894103489771744,0.006499238228817623,-0.003506319810102316,0.01627599766520227,0.07722767118648477,-0.006743651179688559,77.65488226859159,83.68639804613906,1,1,0.03731469613794114,HDFCBANK.NS,IN,Banking
2024-08-26,1655.06,1676.6,1649.13,1661.34,5218489,1664.352,1661.8670000000002,1615.279,1575.1498000000001,1644.884443894033,1615.3726583625228,82.05525718398756,44.724832214765044,29.511785531510213,25.44755223604835,4.0642332954618645,1615.279,52.44379396328182,1720.1665879265636,1510.3914120734364,0.7195731683310789,0.1298693141265362,24.964285714285715,11550250.55,0.45180738942434545,-176476640.0,0.004413436192595155,0.01653484536577899,0.0037944243713195764,0.027452920622158983,0.05570382797010809,-0.007835361847998823,82.60840062371841,81.10651195348821,1,1,0.029048840092936956,HDFCBANK.NS,IN,Banking
2024-08-27,1667.24,1665.34,1654.87,1659.52,16393226,1661.33,1663.2190000000003,1619.6065,1577.7102,1647.1360748071174,1618.6522858935261,81.22325836533186,25.0,28.483788913591297,26.054799597751114,2.428989315840184,1619.6065,52.33965411013359,1724.2858082202672,1514.927191779733,0.6906465598498364,0.12926511250751643,25.377142857142854,11796442.65,1.3896752687832319,-192869866.0,-0.0010955012219051596,0.006309053220204468,-0.004630407139941098,0.008213851761846858,0.055023299872216214,-0.009022888638087312,81.37341385572793,80.5455655826793,1,1,0.049761376783648226,HDFCBANK.NS,IN,Banking
2024-08-28,1663.45,1695.77,1672.33,1682.74,2274961,1663.9279999999999,1665.873,1625.335,1580.9998,1652.6136159564664,1623.412228914408,83.30813868435168,57.661061779708945,29.201387042058514,26.68411710832954,2.517269933728972,1625.335,52.68234474060956,1730.6996894812191,1519.970310518781,0.7724109959506872,0.12965288938114822,26.917142857142853,11344031.65,0.2005425292918211,-190594905.0,0.01399199768607784,0.013929662336419247,0.01159638101535265,0.01602463470595339,0.07305968102948013,0.007779607725707516,84.06506053462073,82.68229167135569,1,1,0.03481821315235867,HDFCBANK.NS,IN,Banking
2024-08-29,1694.47,1742.44,1695.12,1716.15,5469960,1674.7579999999998,1671.9900000000002,1633.7265,1585.0541999999998,1662.388465707562,1630.298712853591,78.20578123010316,78.48023569850237,32.08975285397105,27.765244287304505,4.324508566666545,1633.7265,53.13382709576006,1739.99415419152,1527.45884580848,0.8878108565874863,0.13009234310817017,25.077142857142867,10925207.65,0.5006732754710365,-185124945.0,0.019854522980377265,0.0275733473181089,0.012794561131201655,0.03696117173621438,0.1083949054459028,0.032581227436823124,79.53129866023416,81.65659101686093,1,1,0.01818022900096139,HDFCBANK.NS,IN,Banking
2024-08-30,1725.58,1720.33,1712.1,1715.76,25661847,1687.102,1677.039,1641.7884999999999,1589.0672,1670.599486220145,1636.6436981442014,83.64317330609455,86.27530364372463,33.9557880759437,29.003353072376704,4.952435003566997,1641.7884999999999,52.71411308828251,1747.2167261765649,1536.360273823435,0.8508144957085126,0.12843094731934201,24.69714285714287,11751862.3,2.183640699768861,-210786792.0,-0.0002272528625121284,0.00479670816430924,-0.005690840181269049,0.030319407663622178,0.10372333582070348,0.03731469613794114,73.42894133977259,79.00843351154249,1,1,0.013539189630251247,HDFCBANK.NS,IN,Banking
2024-09-02,1713.3,1712.89,1706.96,1709.6,7334389,1696.7540000000001,1680.5529999999999,1649.2150000000001,1592.3766,1676.5995746843578,1642.0593435751405,75.65343659244904,88.42323651452269,34.5402311092173,30.11072869931046,4.429502409906842,1649.2150000000001,51.184209067785424,1751.583418135571,1546.8465818644293,0.794939597089575,0.1241419925667773,23.04285714285715,11814298.4,0.6208060885946398,-218121181.0,-0.0035902457220124973,0.003468647636872131,-0.00215957508900828,0.020985870071545287,0.09514627787350993,0.029048840092936956,67.29409421305341,73.41811140435338,1,1,0.019618624239588378,HDFCBANK.NS,IN,Banking
2024-09-03,1712.81,1763.24,1725.18,1742.1,12572787,1713.27,1687.3,1659.0425,1595.6358000000002,1686.676576582814,1649.4843296140752,79.36551346916437,91.41538461538451,37.1922469687388,31.52703237321526,5.6652145955235405,1659.0425,49.05755898351534,1757.1576179670308,1560.9273820329693,0.9232655564200928,0.11827920980562176,24.729285714285716,11921768.05,1.0546074955209772,-205548394.0,0.01901029480580263,0.02184719591296602,0.01710055406027689,0.04028949678436411,0.127171557050888,0.049761376783648226,82.55919478522755,74.42741011268451,1,0,0.01925836633947542,HDFCBANK.NS,IN,Banking
2024-09-04,1723.56,1754.51,1730.78,1741.33,19659476,1724.988,1694.4579999999999,1668.825,1599.035,1695.0848050226411,1656.300093916085,79.61045195802745,92.41057542768259,38.78471110655619,32.97856813629715,5.806142970259039,1668.825,44.563655181750214,1757.9523103635004,1579.6976896364997,0.9067496242363081,0.10681444772633071,25.23,12445572.05,1.5796360618364615,-225207870.0,-0.00044199529303712293,0.013627514600900685,0.010310055930741994,0.04286869291810147,0.12657859324051546,0.03481821315235867,81.92393366816326,77.25907422214807,1,1,0.032997766075356205,HDFCBANK.NS,IN,Banking
2024-09-05,1752.68,1771.87,1727.74,1747.35,6542366,1731.2279999999998,1702.993,1678.886,1602.8962,1703.125611898744,1663.0558947209972,78.99533700720633,90.76340694006291,40.069717177746725,34.39679795741674,5.672919220329987,1678.886,37.57105974718254,1754.028119494365,1603.743880505635,0.9555634074453979,0.08951426063987701,27.21357142857143,12139316.75,0.5389401723173446,-218665504.0,0.003457127597870535,0.025255386728460026,-0.0030410571239456795,0.05135379061371825,0.13014429575779518,0.01818022900096139,81.1152187301208,81.8661157278372,1,1,0.014519128966721029,HDFCBANK.NS,IN,Banking
2024-09-06,1755.53,1756.21,1725.21,1738.99,5889129,1735.8739999999998,1711.488,1684.4579999999999,1606.1878,1708.643214509307,1668.689416996032,72.93014000426403,71.07011070110693,39.95379751327505,35.508197876631606,4.445599636643443,1684.4579999999999,37.8197026902512,1760.0974053805023,1608.8185946194974,0.8604734841900038,0.08980859763847786,28.197142857142858,11623587.8,0.5066532463708626,-224554633.0,-0.004784387787220568,0.01782643948497816,-0.009421656138027002,0.0513590965151991,0.06847101471536976,0.013539189630251247,74.67652495321421,79.23855911716608,1,1,0.007987394982144957,HDFCBANK.NS,IN,Banking
2024-09-09,1738.56,1765.85,1724.98,1743.14,5705528,1742.5819999999999,1719.6680000000001,1690.7675,1609.3218,1713.950415891694,1674.212239190594,73.67475292003589,73.61973775017262,39.7381767011002,36.354193646423305,3.3839830546768965,1690.7675,36.4665092025697,1763.7005184051393,1617.8344815948606,0.8590451975277813,0.08627208460666086,30.56642857142856,10643972.3,0.5360336632937627,-218849105.0,0.0023864427052484594,0.023446194797879943,0.002634364071413998,0.04923736261090461,0.07804199264046519,0.019618624239588378,77.87276648122418,77.88817005485305,1,1,0.00046467868329558293,HDFCBANK.NS,IN,Banking
2024-09-10,1744.85,1784.86,1768.27,1775.65,20568467,1749.292,1731.2810000000002,1697.25,1612.979,1723.442665070972,1681.7361936302816,80.72771587743732,89.1709168544658,41.70647144069039,37.42464921023473,4.28182223045566,1697.25,39.488021634815134,1776.2260432696303,1618.2739567303697,0.9963530505785161,0.09306353603721756,31.69214285714283,11417743.85,1.8014474198028694,-198280638.0,0.018650251844372745,0.009343057471906386,0.017651947158771546,0.06997806594677991,0.07876670716889445,0.01925836633947542,93.55177483656422,82.03368875700086,0,0,-0.021440036043139266,HDFCBANK.NS,IN,Banking
2024-09-11,1785.36,1827.65,1775.7,1798.79,9515614,1760.784,1742.886,1704.3795000000002,1617.4805999999999,1735.0345684049407,1690.4175789830665,86.43652442597622,87.81854569713155,44.61698942187422,38.863117257892654,5.753872163981569,1704.3795000000002,44.2691807343979,1792.917861468796,1615.8411385312045,1.0331615495970092,0.10389512601946198,32.19642857142854,11645402.4,0.8171132998278101,-188765024.0,0.013031847492467552,0.02888052524195218,0.00752229242281251,0.06896490248047815,0.086094674556213,0.032997766075356205,83.8337441178364,85.08609514520826,0,0,-0.02406617781953424,HDFCBANK.NS,IN,Banking
2024-09-12,1792.93,1787.27,1761.07,1772.72,29039773,1765.8580000000002,1748.5430000000001,1710.2665000000002,1621.161,1740.8323295040957,1696.5210415344454,78.8310173938393,65.65586034912727,44.311287969650266,39.95275140347416,4.358536566176106,1710.2665000000002,45.173597817053405,1800.613695634107,1619.9193043658934,0.8456305398348054,0.1056527688919288,33.98071428571426,12480323.2,2.3268444420698624,-217804797.0,-0.014493075901022334,0.01477954781352118,-0.011272051892705663,0.03296331905719185,0.07114285369007489,0.014519128966721029,69.23033833705335,82.20528576381798,0,0,-0.03799810460760866,HDFCBANK.NS,IN,Banking
2024-09-13,1779.02,1753.38,1752.49,1752.88,5682194,1768.636,1752.2549999999999,1714.6470000000002,1624.0409999999997,1742.68581791981,1700.7002089109224,70.96079868107718,52.42395020601395,41.98560900888765,40.35932292552101,1.6262860833666366,1714.6470000000002,44.827079820831614,1804.3011596416634,1624.992840358337,0.7132249086495227,0.10457448051011191,33.46357142857141,12372880.95,0.459245794388267,-223486991.0,-0.011191840787039053,0.0005077358404452058,-0.014693482928795168,0.021634727467711112,0.05261008725311811,0.007987394982144957,56.72531542969838,69.9297992948627,0,1,-0.0090365569805122,HDFCBANK.NS,IN,Banking
2024-09-16,1741.84,1756.59,1733.83,1743.95,13621302,1768.798,1755.69,1718.1215,1627.5116,1742.8803075280648,1703.9070444437398,68.72311172218035,52.16329378925333,38.973263084325026,40.082110956755905,-1.1088478724308786,1718.1215,44.23745879669769,1806.5964175933952,1629.6465824066047,0.6459650978035059,0.10299029212234849,34.34142857142855,12509284.95,1.08889524585534,-237108293.0,-0.005094473095705432,0.01305083287937552,0.001211362696917579,0.02009241927936367,0.0414999462513288,0.00046467868329558293,46.11125418461173,57.35563598378781,0,0,-0.019169127555262566,HDFCBANK.NS,IN,Banking
2024-09-17,1751.5,1763.68,1716.7,1737.58,6277884,1761.184,1755.238,1721.2690000000002,1630.3916,1742.064875396836,1706.4036061661238,63.143514524014925,47.62108505904493,35.66126923071215,39.197942610205246,-3.536673379493095,1721.2690000000002,43.20763211090873,1807.6842642218178,1634.8537357781827,0.5943756878271931,0.10040878470682657,35.10785714285713,11591457.6,0.541595688397662,-243386177.0,-0.003652627655609475,0.027037604023971835,-0.007947473594057737,-0.0025945697721141414,0.0375903931017596,-0.021440036043139266,32.03802912523926,44.95819957984978,0,0,-0.000776942644367451,HDFCBANK.NS,IN,Banking
2024-09-18,1725.2,1772.81,1741.65,1755.5,9990725,1752.5259999999998,1756.655,1725.5565000000001,1633.645,1744.1318180806634,1710.043438719389,60.18743851291873,40.148626185587126,34.08837936127429,38.17602995917829,-4.087650597903995,1725.5565000000001,42.06573230640037,1809.687964612801,1641.4250353871994,0.6779566071809829,0.09751226878140704,33.35999999999998,11808106.2,0.8460903031097143,-233395452.0,0.010313194212640653,0.017749928795204845,0.017563181080444232,0.008137458149805044,0.0513549932624644,-0.02406617781953424,40.21874223183176,39.45600851389424,0,0,-0.02756479635431508,HDFCBANK.NS,IN,Banking
2024-09-19,1747.39,1719.56,1694.0,1705.36,18334355,1739.054,1752.4560000000001,1727.7244999999998,1636.205,1738.166921923774,1709.6962468371073,47.85902503293806,13.862458420360511,28.470675086666688,36.23495898279054,-7.76428389612385,1727.7244999999998,39.66667452860079,1807.0578490572013,1648.3911509427983,0.3590472968421292,0.09183564747406849,37.16499999999998,11766956.85,1.5581219235862225,-251729807.0,-0.028561663343776744,0.01498803771636778,-0.02405301621273794,-0.024030675022176484,0.026089049338146708,-0.03799810460760866,8.499812944193712,26.91886143375491,0,1,-0.0012841863301589207,HDFCBANK.NS,IN,Banking
2024-09-20,1695.53,1737.06,1737.03,1737.04,5534274,1735.886,1752.261,1731.8745,1640.0639999999999,1737.993549293861,1711.723172227516,55.11177347242921,36.77342823250297,26.270377066344963,34.24204259795279,-7.971665531607826,1731.8745,35.694890755578484,1803.264281511157,1660.4847184888429,0.5361781468588513,0.08244221103909759,38.80071428571427,11564337.3,0.4785638275559614,-246195533.0,0.018576722803396395,1.727075945283669e-05,0.024482020371196917,-0.0011213405482493055,0.050180164929505944,-0.0090365569805122,32.20351664772009,26.974023941248518,0,0,-0.007132823654032117,HDFCBANK.NS,IN,Banking
2024-09-23,1734.78,1711.28,1709.9,1710.52,6814574,1729.2,1748.9990000000003,1734.3335,1643.5220000000002,1733.766848860886,1711.6339887888328,43.98292813047787,35.038146369030784,22.13286007205329,31.820206091267348,-9.687346019214058,1734.3335,32.09225571035786,1798.5180114207158,1670.1489885792842,0.3144918495661512,0.074016342786066,36.90785714285711,11644141.55,0.5852362224816631,-253010107.0,-0.015267351356330283,0.0008067722096199256,-0.013984482182170653,-0.018713356356919175,0.02960260994137265,-0.019169127555262566,12.360643471662076,17.68799102119196,1,0,0.0093071112877956,HDFCBANK.NS,IN,Banking
2024-09-24,1711.44,1749.69,1725.47,1736.23,11169785,1728.9299999999998,1745.057,1738.1689999999999,1647.5038,1734.1457952310682,1713.4570430517533,49.112611358574625,47.56220790703549,20.68875217931486,29.593915307769667,-8.905163128454806,1738.1689999999999,26.833463377696017,1791.835926755392,1684.5020732446078,0.4819348701545783,0.061751103322359564,38.01071428571426,11382969.5,0.9812715406756084,-241840322.0,0.015030517035755198,0.013949764720103949,0.014484878231188636,-0.02220032100920799,0.04622420940994987,-0.000776942644367451,31.59745604166406,25.387205387015403,1,0,0.011144836801575853,HDFCBANK.NS,IN,Banking
2024-09-25,1745.12,1708.14,1706.28,1707.11,9347643,1719.2519999999997,1735.889,1739.3875,1651.046,1729.9864417369938,1712.986622324154,43.51929395091156,41.58705615992049,16.99981941283977,27.075096127781553,-10.075276714941783,1739.3875,24.64831901495934,1788.6841380299188,1690.0908619700813,0.17261966241406632,0.05668275531460405,36.99785714285713,11736603.6,0.7964520675766823,-251187965.0,-0.016771971455394774,0.0010895607195781395,-0.02178073714127293,-0.05096759488322711,0.014482332386464902,-0.02756479635431508,9.809203142463,17.922434218596376,1,1,0.06537950102805334,HDFCBANK.NS,IN,Banking
2024-09-26,1705.52,1710.49,1697.32,1703.17,6224920,1718.8139999999999,1728.934,1738.7385000000002,1654.9995999999999,1725.8608349956432,1712.259079343033,44.14782381388056,34.342648554844146,13.601755652610336,24.380428031889632,-10.778672379279296,1738.7385000000002,25.45021440815579,1789.6389288163118,1687.8380711836885,0.15060706925957826,0.05854868781738298,35.724285714285706,11774351.6,0.5286846938828722,-257412885.0,-0.002307994212440767,0.007732639724744059,-0.0013778788873765955,-0.03923349429125855,-0.0075634414241179115,-0.0012841863301589207,6.86120463893113,16.089287941019393,1,1,0.06077490796573448,HDFCBANK.NS,IN,Banking
2024-09-27,1698.1,1736.71,1715.0,1724.65,17790193,1716.336,1726.111,1739.1829999999998,1659.8615999999997,1725.6745526763846,1713.1773761668082,47.14104586077868,56.96641386782239,12.49717650957632,22.003777726821806,-9.506601217245485,1739.1829999999998,25.103027307479227,1789.3890546149582,1688.9769453850413,0.3552664602724533,0.05773521776021225,35.200714285714284,11380768.9,1.5631800973324308,-239622692.0,0.01261177686314352,0.012588061345773024,0.015635121606492285,-0.016104924467162607,0.00518137734881341,-0.007132823654032117,22.93303404397362,13.20114727512258,1,1,0.03407068100774069,HDFCBANK.NS,IN,Banking
2024-09-30,1726.14,1728.02,1725.18,1726.44,12281922,1719.52,1724.36,1740.025,1664.4519999999998,1725.79231380964,1714.1602395516156,41.59234580556979,45.11790714812089,11.632074258024431,19.92943703263978,-8.297362774615348,1740.025,24.329025874458015,1788.6830517489161,1691.366948251084,0.36040337095223834,0.05592799155056744,32.46142857142858,11628145.55,1.0562235303097378,-227340770.0,0.0010378917461513204,0.0016450035912040227,0.00017379818554681586,-0.010040425470913772,0.00985025737014511,0.0093071112877956,24.272353161060465,18.022197281321734,1,1,0.016959755334677196,HDFCBANK.NS,IN,Banking
2024-10-01,1737.0,1763.41,1749.32,1755.58,7203918,1723.39,1726.1599999999999,1740.699,1669.5894,1730.3750349775323,1717.229661939845,42.76577934036497,70.26443604964922,13.14537303768725,18.57262423342816,-5.4272511957409115,1740.699,24.575014461634016,1789.8490289232682,1691.548971076732,0.6513834307460973,0.05647160011379322,31.387857142857147,11359702.1,0.634164285508483,-220136852.0,0.016878663608349997,0.008025837614914797,0.010696603339084185,0.01035923525823268,0.00773778772745537,0.011144836801575853,66.02337300240131,37.74292006914513,0,1,-0.020027569236377607,HDFCBANK.NS,IN,Banking
2024-10-02,1755.67,1819.58,1818.03,1818.72,14126190,1745.712,1732.482,1744.5685,1675.8548,1743.9665685987911,1724.750395903196,56.85094721791969,77.75385236525136,19.216172695595105,18.70133392587833,0.5148387697167749,1744.5685,30.141868987384946,1804.8522379747699,1684.2847620252303,1.1150207542697428,0.06911019885402635,33.265,11083037.8,1.2745773298204097,-206010662.0,0.035965322001845657,0.0008522477346700439,0.03591221584919947,0.036012532042153156,0.04444304066431992,0.06537950102805334,99.31517757525637,63.203634579572714,0,0,-0.057106096595407774,HDFCBANK.NS,IN,Banking
2024-10-03,1825.65,1823.92,1792.89,1806.68,7911371,1766.414,1742.614,1747.5350000000003,1681.5994,1753.614789139246,1730.8214463380264,58.20322029763356,87.8506804531287,22.79334280121975,19.51973570103197,3.273607100187782,1747.5350000000003,33.19496815070565,1813.9249363014117,1681.145063698589,0.9454364870191704,0.0759812379166922,34.03642857142857,11151488.05,0.7094452556539971,-213922033.0,-0.006620040468021449,0.017175149998883477,-0.01039081970804351,0.05941267532954919,0.033954273614330344,0.06077490796573448,86.73029556583491,84.02294871449753,0,0,-0.07112493634733319,HDFCBANK.NS,IN,Banking
2024-10-04,1812.46,1814.14,1758.84,1783.41,20344224,1778.166,1747.2510000000002,1749.756,1686.5584,1758.1986678638145,1734.7181968205196,55.764623385730154,76.59419329179374,23.480471043294983,20.311882769550664,3.1685882737443194,1749.756,34.067698916623804,1817.8913978332478,1681.6206021667524,0.7469641410300174,0.07787988477617307,36.3607142857143,11874242.8,1.7133069139105934,-234266257.0,-0.012879978745544252,0.031008012739621945,-0.016027939926941244,0.026694837194307652,0.025543562642683426,0.03407068100774069,68.8192733984851,84.95491551319212,0,0,-0.09246892189681566,HDFCBANK.NS,IN,Banking
2024-10-07,1778.73,1756.27,1755.28,1755.72,8474794,1784.0220000000002,1751.771,1750.3849999999998,1690.1991999999998,1757.817334337111,1736.2743674078802,52.49463666868366,59.89049468389888,21.542966929230943,20.558099601503155,0.9848673277277875,1750.3849999999998,34.05524853281246,1818.4954970656247,1682.2745029343748,0.5391643008736289,0.07782344691663381,35.014285714285734,12012706.1,0.7054857768071279,-242741051.0,-0.01552643531212683,0.0005638712323146317,-0.012936196049983447,0.026424712952786367,0.007216861525752405,0.016959755334677196,47.50615763510232,67.68524219980743,0,0,-0.0859134713963502,HDFCBANK.NS,IN,Banking
2024-10-08,1764.7,1720.54,1720.33,1720.42,4971439,1776.9900000000002,1750.19,1747.6235000000001,1693.1481999999999,1752.063898167878,1735.099633293883,45.39584208315835,48.42061076713192,16.964264873995035,19.839332655963148,-2.875067781968113,1747.6235000000001,34.13788022201553,1815.8992604440311,1679.3477395559692,0.3007821529677366,0.07813554858239423,35.02571428571431,11232854.7,0.44258015350450913,-247712490.0,-0.020105711616886457,0.00012206321712135078,-0.025092083640264565,-0.009105936425473526,-0.031104102722946503,-0.020027569236377607,20.33559113284845,45.553674055478616,0,0,-0.04563420560095788,HDFCBANK.NS,IN,Banking
2024-10-09,1719.52,1719.74,1710.95,1714.86,13559893,1756.218,1750.9650000000001,1743.4270000000001,1696.0819999999999,1746.3402214278667,1733.600003418678,51.41209346572329,37.80838323353294,12.740218009188766,18.41950972654762,-5.679291717358854,1743.4270000000001,32.642986205632354,1808.712972411265,1678.1410275887354,0.2812164011257619,0.07489384116596487,31.309285714285743,11435068.65,1.185816388971448,-261272383.0,-0.0032317689866429022,0.005125782862737972,-0.002710058621008986,0.00453983633157784,-0.04665914309063324,-0.057106096595407774,13.854660347441863,27.232136371797537,0,0,-0.038522095098142084,HDFCBANK.NS,IN,Banking
2024-10-10,1721.49,1688.87,1669.63,1678.18,10107688,1730.518,1748.466,1738.7,1698.6792,1735.8540333627273,1729.4938094849902,41.3791083250337,0.0,6.3602238777370985,16.00765255670309,-9.64742867896599,1738.7,34.94200232264667,1808.5840046452934,1668.8159953547067,0.0669967662325216,0.08038650100103885,32.275714285714294,10488464.4,0.9636956041252708,-271380071.0,-0.021389501183770032,0.011464801153623756,-0.025158438329571934,-0.014672639842176705,-0.053330475201949556,-0.07112493634733319,5.541512735721396,13.243921405337232,0,0,-0.03442419764268434,HDFCBANK.NS,IN,Banking
2024-10-11,1685.36,1626.49,1612.11,1618.5,11743457,1697.536,1737.851,1731.9810000000002,1699.9588,1717.7995664684065,1721.2701756781614,37.71559779996796,0.0,-3.4706092097549117,12.112000203304982,-15.582609413059894,1731.9810000000002,43.85502154527924,1819.6910430905587,1644.2709569094418,-0.14690995467125137,0.10128291602564668,35.056428571428604,10791527.55,1.088210715061306,-283123528.0,-0.035562335387145594,0.008884769848619849,-0.03967104950868671,-0.061548720030151105,-0.07666240701017757,-0.09246892189681566,3.0168547282800278,7.47100927048109,0,1,-0.010472659870250256,HDFCBANK.NS,IN,Banking
2024-10-14,1621.18,1624.37,1589.29,1604.88,3884555,1667.368,1725.6950000000002,1725.0274999999997,1700.835,1700.4273252915973,1712.6468654131809,31.880259346116702,0.0,-12.219540121583577,7.245692138220832,-19.46523225980441,1725.0274999999997,52.10635852450529,1829.2402170490102,1620.8147829509892,-0.07645315947102024,0.12082441242119342,34.764285714285734,10304690.2,0.3769695689668022,-287008083.0,-0.008415199258572703,0.021858332087120572,-0.010054404816238727,-0.07041078751650798,-0.07974425872301383,-0.0859134713963502,6.644504112830283,5.0676238589438976,1,1,0.009620656996161658,HDFCBANK.NS,IN,Banking
2024-10-15,1605.88,1653.46,1632.67,1641.91,6164726,1651.666,1714.328,1720.244,1702.7622000000001,1691.4246597824597,1707.4060758189921,41.197753537099054,19.71043806887741,-15.981416036532437,2.6002705031888933,-18.581686539721332,1720.244,55.19329453933101,1830.6305890786618,1609.857410921338,0.14518334766044863,0.1283382927986934,36.09500000000001,10299032.3,0.5985732660947897,-280843357.0,0.023073376202582097,0.012662082574554819,0.022436296609944412,-0.0647478326251153,-0.05505933539750674,-0.04563420560095788,22.42679964189397,10.69605282766809,0,0,-0.00984828644688207,HDFCBANK.NS,IN,Banking
2024-10-16,1644.46,1652.16,1646.1,1648.8,18762019,1638.4540000000002,1697.336,1714.909,1704.8246,1684.8670197668282,1703.0641011789464,42.71784843695586,27.542957481499997,-18.197081412118223,-1.5591998799307554,-16.637881532187468,1714.909,56.74119944746444,1828.391398894929,1601.4266011050713,0.20872575551818415,0.13234801251245706,35.886428571428574,10737597.0,1.7473199313291483,-262081338.0,0.004196332320285379,0.003675400291118691,0.0026391642241205496,-0.09342834520981791,-0.06078040444317856,-0.038522095098142084,25.363338021457757,18.14488059206067,0,0,-0.019141193595342054,HDFCBANK.NS,IN,Banking
2024-10-17,1641.75,1637.46,1606.77,1620.41,14623231,1626.9,1678.709,1710.6615000000002,1706.3102000000001,1674.9505551244913,1696.9405515925791,36.29214665193833,24.093477426079303,-21.98999646808784,-5.645359197607931,-16.344637270479907,1710.6615000000002,60.54566047946659,1831.7528209589334,1589.570179041067,0.1273411699310176,0.14157250976755184,36.49285714285715,10552040.8,1.3858200410085562,-276704569.0,-0.017218583212032956,0.018939651075950602,-0.012998324958115986,-0.10310071512387364,-0.04981352910822334,-0.03442419764268434,13.263436048189691,20.35119123718047,1,1,0.01415073962762503,HDFCBANK.NS,IN,Banking
2024-10-18,1630.68,1604.45,1599.23,1601.55,4747714,1623.5099999999998,1660.523,1703.887,1705.7902000000001,1663.6581619678802,1689.8734910261558,34.28226232726722,26.703958168662922,-26.21532905827553,-9.759353169778308,-16.45597588849722,1703.887,64.86479063568038,1833.6165812713607,1574.1574187286392,0.1055756944669273,0.1522748647900766,37.76500000000002,10512712.8,0.4516164037491442,-281452283.0,-0.011639029628303987,0.0032593425119395386,-0.017863713297509163,-0.10197318619947182,-0.07800050660894398,-0.010472659870250256,5.225248263200671,14.617340777616036,1,1,0.030845118791171133,HDFCBANK.NS,IN,Banking
2024-10-21,1606.74,1620.5,1620.18,1620.32,11410837,1626.5980000000002,1646.9829999999997,1699.377,1705.8576,1656.9907524041168,1684.7206421392436,32.520934560115776,50.7364842991259,-27.72988973512679,-13.353460482873764,-14.376429252253025,1699.377,67.4630600753996,1834.3031201507993,1564.4508798492006,0.2070359693443734,0.15879480556782857,36.47785714285716,10742525.95,1.062211624239863,-270041446.0,0.011719896350410597,0.00019749185346088356,0.008451896386466682,-0.07711935843984241,-0.052732502396931946,0.009620656996161658,13.225077781983424,10.57125403112459,1,1,0.013886145946479633,HDFCBANK.NS,IN,Banking
2024-10-22,1609.63,1633.27,1619.71,1625.74,7427230,1623.364,1637.5149999999999,1693.8525000000002,1705.4524000000001,1652.1829443234917,1680.3511258851368,20.689550425273367,59.04126213592229,-28.168181561645042,-16.316404698645012,-11.85177686300003,1693.8525000000002,68.79714160792729,1831.4467832158548,1556.2582167841456,0.25248789990279097,0.1624631226340822,32.875000000000014,10555398.2,0.7036427385901237,-262614216.0,0.0033450182679963802,0.008340817104820946,0.010008511272770693,-0.055033073319305736,-0.06363788207783527,-0.00984828644688207,15.535097813512628,11.32847461956557,1,1,0.010924256031099588,HDFCBANK.NS,IN,Banking
2024-10-23,1626.72,1627.96,1608.66,1617.24,12705081,1617.0520000000001,1627.7530000000002,1689.359,1704.6731999999997,1646.8071067178032,1675.6756532294974,20.914450654056353,35.79408038696299,-28.86854651169415,-18.826833061266353,-10.041713450427796,1689.359,70.79167739516565,1830.9423547903311,1547.7756452096687,0.24531257538343673,0.16761784178525393,32.037142857142875,10723270.1,1.184813932383002,-275319297.0,-0.005228388303172737,0.011933912097145767,-0.005827677781052787,-0.05692592981351241,-0.05264452788631069,-0.019141193595342054,12.4305092283192,13.730228274605082,1,1,0.021110039326259544,HDFCBANK.NS,IN,Banking
2024-10-24,1609.7,1651.99,1636.41,1643.34,7433511,1621.638,1624.269,1686.3674999999998,1704.4404000000002,1646.2737056828294,1673.2801471396078,28.679716277512227,47.42549981139191,-27.006441456778475,-20.462754740374784,-6.543686716403691,1686.3674999999998,71.4385246852893,1829.2445493705784,1543.4904506294213,0.34942473199894614,0.16944948164678678,30.569285714285716,10783699.65,0.689328389322454,-267885786.0,0.016138606514803033,0.009480691761893733,0.020898304031794105,-0.020760585872790838,-0.035128613115543494,0.01415073962762503,32.36914600531576,20.111584349049192,1,1,0.023312278652013685,HDFCBANK.NS,IN,Banking
2024-10-25,1658.82,1659.88,1643.8,1650.95,11609930,1631.5179999999998,1627.5140000000001,1682.6825000000001,1704.154,1646.9931355794517,1671.6258879147485,33.01449369346001,67.90992258972548,-24.6327523352968,-21.296754259361638,-3.335998075935162,1682.6825000000001,71.26047785376925,1825.2034557075385,1540.1615442924617,0.3886742660303733,0.16939732327097204,29.741428571428578,10474686.5,1.1083796055968256,-256275856.0,0.0046308128567431606,0.00973984675489289,-0.004744336335464455,0.02004942848316338,-0.04273330820746246,0.030845118791171133,46.97904761868975,30.5929009507749,1,1,0.0039007843968623668,HDFCBANK.NS,IN,Banking
2024-10-28,1646.59,1653.46,1634.31,1642.82,9826245,1636.018,1631.308,1678.5014999999999,1703.5212,1646.3511147198112,1669.491910307418,36.20395391836151,77.68683751509451,-23.140795587606817,-21.665562525011538,-1.4752330625952794,1678.5014999999999,71.0106527423521,1820.5228054847041,1536.4801945152956,0.3743797633791741,0.1692239244166534,28.581428571428578,10351902.65,0.9492210642822202,-266102101.0,-0.004924437445107399,0.01165678528383416,-0.002289580284100895,0.02364039678979113,-0.04843492968188878,0.013886145946479633,41.03487926377126,40.12769096259225,1,1,0.007450603231029529,HDFCBANK.NS,IN,Banking
2024-10-29,1640.21,1668.85,1623.23,1643.5,3595288,1639.5700000000002,1631.467,1672.8974999999998,1702.8985999999998,1645.9124816852639,1667.566409730129,37.08930380662905,70.53508150248047,-21.653928044865097,-21.663235628982246,0.009307584117149048,1672.8974999999998,69.00177601642763,1810.901052032855,1534.8939479671446,0.3934900603377423,0.16498745683196095,31.163571428571426,10171471.15,0.35346781144163086,-262506813.0,0.0004139224017238874,0.02775783389106914,0.0020058407155168897,0.0009683843816044035,-0.06384214903336782,0.010924256031099588,54.43864229710352,47.4841897265215,1,1,0.003437785214481348,HDFCBANK.NS,IN,Banking
2024-10-30,1648.4,1654.31,1649.04,1651.38,17112916,1646.398,1631.725,1664.5305,1702.5312,1646.7536383502543,1666.3673161505048,44.58717078687996,71.76570458404072,-19.61367780025057,-21.253324063235294,1.6396462629847228,1664.5305,59.93958550293263,1784.4096710058652,1544.651328994135,0.4451510221079118,0.1440396207889169,28.70500000000001,10320807.45,1.6580984021653848,-245393897.0,0.004794645573471312,0.003191270331478394,0.0018078136374655486,0.0015647743813682613,-0.09200976510952752,0.021110039326259544,78.04172951133707,57.838417024070615,0,1,-0.02826121183495023,HDFCBANK.NS,IN,Banking
2024-10-31,1652.94,1697.36,1669.08,1681.65,22217424,1654.06,1637.8490000000002,1658.279,1702.9242,1652.1223093796912,1667.4994544611984,64.47398578959434,89.9219040535514,-15.377145081507251,-20.078088266888273,4.700943185381021,1658.279,50.035406505900916,1758.3498130118019,1558.2081869881981,0.6167723100072499,0.12069237204564676,27.269999999999982,11036110.1,2.013156971571263,-223176473.0,0.01833012389637756,0.0168168168168068,0.017369051508211227,0.03779290426497006,-0.06920428631523012,0.023312278652013685,85.46312575103687,72.64783251982581,0,0,-0.05417298486605426,HDFCBANK.NS,IN,Banking
2024-11-01,1680.59,1668.98,1648.11,1657.39,8017194,1655.348,1643.4329999999998,1651.9779999999998,1702.9912,1652.9327233220943,1666.7505522943213,61.475588968049294,58.91158188506921,-13.817828972227062,-18.826036407954827,5.0082074357277655,1651.9779999999998,40.468485022301444,1732.9149700446028,1571.0410299553969,0.5334334235423217,0.0979879514673367,27.16,10419758.6,0.7694221659394138,-231193667.0,-0.014426307495614465,0.012592087559347846,-0.013804675738869097,0.03486622334613343,-0.07066238273868597,0.0039007843968623668,59.268317537356026,74.25772426657664,0,0,-0.06099348976402663,HDFCBANK.NS,IN,Banking
2024-11-04,1652.19,1655.51,1654.7,1655.06,11968773,1657.7960000000003,1646.907,1646.9450000000002,1702.8656,1653.259996657436,1665.8845279718953,53.38760368901021,52.79401767505091,-12.624531314459318,-17.585735389254772,4.961204074795454,1646.9450000000002,32.327877573718,1711.600755147436,1582.2892448525643,0.5627554343842418,0.07851598583728861,23.882142857142867,10594457.55,1.1297201214685955,-243162440.0,-0.0014058248209535273,0.0004894082389759018,0.0017370883494017963,0.02144020934136459,-0.05733260428769971,0.007450603231029529,56.89391623298793,67.20845317379361,0,0,-0.05784080335456121,HDFCBANK.NS,IN,Banking
2024-11-05,1662.64,1649.95,1648.51,1649.15,8151927,1658.9260000000002,1649.248,1643.3815000000002,1702.6582,1652.627689478912,1664.6448571146393,50.09062192532757,54.43712323005758,-12.017167635727219,-16.472021838548574,4.454854202821355,1643.3815000000002,27.34675719734939,1698.0750143946989,1588.6879856053015,0.5527347717849915,0.0665621639219687,23.61785714285715,10753481.95,0.7580731785137578,-251314367.0,-0.0035708675214191077,0.0008731770912283185,-0.008113602463547066,0.014399596491443845,-0.04142593087734392,0.003437785214481348,50.871293181994716,55.67784231744622,0,0,-0.05663523633386902,HDFCBANK.NS,IN,Banking
2024-11-06,1646.74,1628.55,1585.63,1604.71,9505359,1649.5919999999999,1647.9950000000001,1637.874,1701.0976,1645.2557372468825,1660.2049853992298,46.246892331229674,33.14797115301073,-14.949248152347309,-16.16746710130817,1.2182189489608604,1637.874,22.928625271532812,1683.7312505430657,1592.0167494569343,0.13839960303558477,0.05599606629452287,25.15285714285715,10550755.25,0.9009173157611332,-260819726.0,-0.026947215232089317,0.026746265680386547,-0.025523154839242654,-0.007747767801934091,-0.06423264872934231,-0.02826121183495023,17.076881768396305,41.614030394459654,0,0,-0.026260196546416537,HDFCBANK.NS,IN,Banking
2024-11-07,1604.46,1617.0,1569.39,1590.55,7018076,1631.372,1642.716,1633.4925,1698.5855999999999,1636.8394699737798,1655.0450849565152,47.309987283576255,24.940265304440928,-18.20561498273537,-16.575096677593766,-1.630518305141603,1633.4925,23.192276136004853,1679.8770522720097,1587.1079477279904,0.03710343318382616,0.05679187663485595,27.04071428571428,10396274.65,0.6750567449603936,-267837802.0,-0.00882402427853013,0.029933042029467775,-0.008669583535888344,-0.03212360193264929,-0.0522172830089741,-0.05417298486605426,16.535125419891017,28.16110012342735,0,0,-0.013680802238219436,HDFCBANK.NS,IN,Banking
2024-11-08,1580.19,1563.02,1550.93,1556.3,5233839,1611.154,1633.251,1630.3825000000002,1695.3963999999999,1624.4487822800852,1647.730277325649,35.446030735655214,0.0,-23.281495045563815,-17.916376351188198,-5.365118694375617,1630.3825000000002,28.80078286125814,1687.9840657225163,1572.780934277484,-0.14305977685341514,0.07066018645622218,28.51714285714284,10070793.75,0.5197046638250671,-273071641.0,-0.021533431831756267,0.007768425110834768,-0.01511843512488054,-0.057330627820345925,-0.038430645659561335,-0.06099348976402663,3.667281294791521,12.426429494359615,0,1,-0.013866221165585002,HDFCBANK.NS,IN,Banking
2024-11-11,1552.41,1575.22,1546.62,1559.33,12937515,1592.008,1624.902,1628.105,1692.391,1614.4305080794404,1641.1818127986937,34.736842105263165,2.91010372646943,-26.751304719253312,-19.683362024801667,-7.067942694451645,1628.105,32.488505578698714,1693.0820111573973,1563.1279888426027,-0.029225635150972578,0.07981918998757134,29.59142857142857,10523441.75,1.2293994757561635,-260134126.0,0.0019469253999870872,0.01834121064815132,0.0044575853028487235,-0.05082114899989043,-0.028382184337769956,-0.05784080335456121,8.431736765235318,9.544714493305952,0,1,-0.015628507115235335,HDFCBANK.NS,IN,Banking
2024-11-12,1561.78,1582.96,1533.98,1555.75,13860658,1573.328,1616.127,1623.797,1688.664,1605.4027376028525,1634.8532656459317,35.54061045007762,2.875581284995718,-29.450528043079203,-21.63679522845757,-7.813732814621634,1623.797,36.07597802591946,1695.9489560518389,1551.6450439481612,0.028446602673260178,0.08886819725839426,31.711428571428574,10908238.35,1.2706595038180932,-273994784.0,-0.0022958578363784232,0.031483207456190605,-0.003860979139184848,-0.053392150897474955,-0.05247547064089997,-0.05663523633386902,13.32476435296043,8.474594137662423,0,0,-0.006896995018479846,HDFCBANK.NS,IN,Banking
2024-11-13,1557.64,1580.25,1548.44,1562.57,15954444,1564.9,1607.246,1619.4855,1685.0888,1598.8130856622058,1629.498742283457,29.113007499353543,9.267971396311538,-30.685656621251155,-23.446567507016578,-7.239089114234577,1619.4855,38.03036355819837,1695.5462271163967,1543.4247728836033,0.1258548783459078,0.09393196433848867,31.50142857142857,10767859.6,1.4816725989190462,-258040340.0,0.00438373774706724,0.02035748798452523,0.0031650445545804364,-0.05377926340394101,-0.052298641436196,-0.026260196546416537,17.499081894861643,13.085194337685797,1,0,0.001977511407489141,HDFCBANK.NS,IN,Banking
2024-11-14,1558.13,1578.79,1560.8,1568.79,9403275,1560.548,1595.96,1616.9045,1681.5176000000001,1594.194149405446,1625.0016371331901,28.599708272556796,23.611519247722512,-30.807487727744046,-24.918751551162263,-5.888736176581784,1616.9045,39.68017554542971,1696.2648510908596,1537.5441489091406,0.19686059008792173,0.09816331278787384,31.604999999999986,10506861.8,0.8949650508427691,-248637065.0,0.003980621668149276,0.01146743668686602,0.006841534403414999,-0.06711265721166715,-0.031856135175665434,-0.013680802238219436,21.306157424278926,17.376667890700332,0,0,-0.001383231662619,HDFCBANK.NS,IN,Banking
2024-11-15,1570.75,1549.52,1522.88,1534.72,20388349,1556.232,1583.693,1613.563,1677.4322,1585.0442802644104,1618.3138863831032,25.195043597980757,18.267591224280963,-33.269606118692764,-26.58892246466853,-6.680683654024232,1613.563,43.655969158389226,1700.8749383167785,1526.2510616832217,0.04849816920799252,0.10822253400297888,33.51642857142854,11288893.55,1.806053631708341,-269025414.0,-0.021717374537063572,0.017358215179304703,-0.022938086901147244,-0.07401396171088281,-0.04172832568449314,-0.013866221165585002,6.785878037558502,15.19703911889969,1,1,0.012686353211009083,HDFCBANK.NS,IN,Banking
2024-11-18,1534.82,1554.18,1519.58,1534.96,10612198,1551.358,1571.683,1609.295,1673.2686,1577.3390063763409,1612.1393345841122,25.043686195162337,30.22609340252039,-34.80032820777137,-28.231203613289235,-6.569124594482137,1609.295,47.004751887445885,1703.3045037748918,1515.2854962251083,0.10464103619724553,0.11683315212541309,32.7292857142857,11248961.6,0.9433934823465411,-258413216.0,0.00015638031693088195,0.022541304007907433,9.121590805437044e-05,-0.07256534506301882,-0.05268095191073363,-0.015628507115235335,8.651141860678143,12.247725774171855,1,1,0.01620237660916235,HDFCBANK.NS,IN,Banking
2024-11-19,1524.04,1556.37,1535.94,1545.02,19956559,1549.212,1561.27,1605.259,1668.656,1572.366851548536,1607.167390477014,25.787652522309187,38.2685686178062,-34.80053892847786,-29.545070676327047,-5.255468252150816,1605.259,48.94386633255802,1703.1467326651161,1507.371267334884,0.19230567324367356,0.1219588024923768,33.486428571428554,11875428.05,1.6804916197954127,-238456657.0,0.006553916714441943,0.013223129797663857,0.01376604288600447,-0.06314161840948374,-0.049651235744953115,-0.006896995018479846,14.309821127155452,9.915613675130698,1,1,0.028750436887548414,HDFCBANK.NS,IN,Banking
2024-11-20,1544.25,1568.66,1563.27,1565.66,20058798,1549.83,1557.365,1602.6799999999998,1663.9934,1571.3350282332578,1604.0926879110211,22.384648350078564,56.34849455477263,-32.757659677763286,-30.187588476614323,-2.570071201148963,1602.6799999999998,49.6334196622476,1701.946839324495,1503.4131606755047,0.3135328965229871,0.12387605676046767,31.89071428571429,12243113.9,1.6383737442503297,-218397859.0,0.013359050368280112,0.0034426376096960113,0.01386433543790592,-0.02433461497716094,-0.03189384383270255,0.001977511407489141,30.84337349376954,17.934778827201043,1,0,0.01882273290497305,HDFCBANK.NS,IN,Banking
2024-11-21,1565.75,1574.09,1560.64,1566.62,13696971,1549.3960000000002,1554.9720000000002,1598.844,1659.8713999999998,1570.6096392742245,1601.3168655003026,25.692250013389668,52.80509765895551,-30.70722622607809,-30.29151602650708,-0.41571019957101285,1598.844,49.28907249450733,1697.4221449890147,1500.2658550109854,0.3365560642070933,0.12331177399290107,30.45571428571426,12556286.9,1.0908455675024782,-204700888.0,0.0006131599453265135,0.008585362117163852,0.0005556442599389017,-0.0150451101820126,-0.046685408984142085,-0.001383231662619,34.60604722993738,26.586413950287454,0,1,-0.00503632023081535,HDFCBANK.NS,IN,Banking
2024-11-22,1572.33,1561.12,1548.65,1554.19,7078014,1553.2900000000002,1554.761,1594.006,1655.8976,1568.083540924136,1597.8259076806062,24.373761495858915,40.688775510204096,-29.74236675647012,-30.18168617249968,0.43931941602956215,1594.006,48.65001773137961,1691.3060354627594,1496.7059645372408,0.2953957580234663,0.12208239550252414,31.547142857142813,12329691.1,0.5740625104498758,-211778902.0,-0.007934278893413693,0.008023472033658547,-0.011537018310398158,-0.0013557797339843747,-0.05860867985099483,0.012686353211009083,26.54751860070156,30.66564644146949,1,1,0.01016606721185953,HDFCBANK.NS,IN,Banking
2024-11-25,1551.01,1565.61,1555.21,1559.83,12850788,1558.264,1554.811,1589.8565,1652.2151999999999,1566.8137653972574,1595.0113371044833,27.276890200468003,75.12507504502713,-28.19757170722596,-29.784863279444924,1.5872915722189624,1589.8565,47.79918830791108,1685.4548766158223,1494.258123384178,0.3429549691988518,0.12026038402303862,31.89499999999995,12480918.25,1.0296347362394802,-198928114.0,0.003628899941448438,0.006667393241566836,0.005686617107558462,0.0003206505358070988,-0.050516794292740586,0.01620237660916235,36.936771588171624,32.69677913960352,1,0,0.007443118801407911,HDFCBANK.NS,IN,Banking
2024-11-26,1558.69,1594.09,1585.72,1589.44,11446244,1567.148,1558.1799999999998,1587.1535,1649.2523999999999,1570.2947245671155,1594.5986374708973,45.798249958725435,84.33324930678108,-24.303912903781793,-28.688673204312277,4.384760300530484,1587.1535,46.104520759618566,1679.362541519237,1494.9444584807627,0.5123984587726722,0.11619423265510122,29.80499999999995,12873466.05,0.8891345241762202,-187481870.0,0.018982837873358083,0.0052660056372021745,0.019728105011246798,0.02165515024907605,-0.032893215698205025,0.028750436887548414,71.71012112428964,45.06480377105427,0,0,-0.010783672236762687,HDFCBANK.NS,IN,Banking
2024-11-27,1597.82,1599.16,1591.91,1595.13,13607888,1573.042,1561.4360000000001,1584.341,1646.045,1574.1155361723654,1594.6379983643797,51.32186561994925,83.42003468053906,-20.522462192014245,-27.055431001852646,6.532968809838401,1584.341,43.62959400031133,1671.6001880006224,1497.0818119993774,0.5618215700068251,0.11015202914090777,27.098571428571386,12698214.65,1.0716378092066816,-173873982.0,0.003579877189450409,0.0045450840997256995,-0.0016835438284651236,0.020837466481501643,-0.03406242052101882,0.01882273290497305,94.93591354492419,67.86093541912848,0,0,-0.019659839636894882,HDFCBANK.NS,IN,Banking
2024-11-28,1596.19,1563.87,1554.62,1558.73,7837533,1571.464,1560.43,1578.195,1643.1124000000002,1571.7485306072863,1591.9781024494227,50.69274188950342,46.180976523751745,-20.229571842136465,-25.69025916990939,5.4606873277729235,1578.195,37.41566200347571,1653.0263240069514,1503.3636759930484,0.3699408285321689,0.09483153096658407,27.16214285714284,11979220.1,0.6542606513874262,-181711515.0,-0.022819456721395848,0.005934318323246531,-0.023468384089598712,-0.006412585495827905,-0.07309487705527318,-0.00503632023081535,49.195777833008364,71.94727083407406,1,1,0.004118737690299135,HDFCBANK.NS,IN,Banking
2024-11-29,1561.44,1591.65,1552.67,1569.99,15514109,1574.624,1563.9569999999999,1573.825,1639.7713999999999,1571.4779874369249,1590.349329067982,52.90273390698184,51.66782143917654,-18.87134163105702,-24.3264756621389,5.455134031081879,1573.825,32.45421025319132,1638.7334205063826,1508.9165794936175,0.4704583783540582,0.08248492749364292,27.903571428571404,12354065.85,1.2557896268790225,-166197406.0,0.0072238296561943915,0.02482818361898814,0.005475714724865815,0.022981390742285335,-0.05273351474305987,0.01016606721185953,63.3450615724636,69.15891765013204,0,0,-0.0013758049414327456,HDFCBANK.NS,IN,Banking
2024-12-02,1572.57,1578.14,1566.08,1571.44,15358229,1576.9460000000001,1567.605,1569.6439999999998,1636.9897999999998,1571.4721432158594,1588.9486180776964,54.32255220673317,59.57801221543585,-17.476474861837005,-22.956475502078508,5.480000640241503,1569.6439999999998,26.22693199948728,1622.0978639989744,1517.1901360010252,0.5171198064599994,0.06683536394104804,25.266428571428555,12523538.65,1.226348894100399,-150839177.0,0.0009235727616099254,0.007674489640070571,-0.0007185689667227298,0.023766091624537466,-0.05052384807801524,0.007443118801407911,65.16712741813063,59.235988941200866,0,0,-0.021578933971389325,HDFCBANK.NS,IN,Banking
2024-12-03,1578.19,1580.1,1566.06,1572.3,18592401,1573.518,1570.333,1565.8015,1633.7112,1571.599505798038,1587.7153708466826,52.77160599327752,57.31206755013487,-16.115865048644537,-21.588353411391704,5.472488362747168,1565.8015,18.438719922188156,1602.6789398443764,1528.9240601556237,0.588109424445347,0.047103594988704235,23.997142857142844,13045562.35,1.4251895837062492,-132246776.0,0.000547268747136398,0.00892959358900403,-0.003732123508573979,0.017656729362726775,-0.04659976351453787,-0.010783672236762687,66.24780095418126,64.91999664825848,0,0,-0.010875787063537423,HDFCBANK.NS,IN,Banking
2024-12-04,1569.43,1580.97,1550.02,1563.77,28768440,1567.2459999999999,1570.144,1563.7545,1630.8444,1570.3949664444676,1585.9416180157173,48.58861898335583,30.00467362517523,-15.54665157124964,-20.380013043363288,4.833361472113648,1563.7545,16.003606328787242,1595.7617126575744,1531.7472873424256,0.5002421329165015,0.04093636521276704,24.922857142857133,14008716.4,2.053609847251255,-161015216.0,-0.00542517331298098,0.019791913132992865,-0.003606404873104551,-0.0012071586423617608,-0.025512397878744486,-0.019659839636894882,55.529027393119726,62.31465192181054,0,0,-0.00917654130722545,HDFCBANK.NS,IN,Banking
2024-12-05,1562.36,1576.97,1555.69,1565.15,5777979,1568.5300000000002,1569.9969999999998,1562.4845,1628.0839999999998,1569.5880485299194,1584.4014807509034,60.48225973131247,24.96659986639949,-14.813432220983941,-19.266696878887412,4.453264657903471,1562.4845,14.72177673596652,1591.928053471933,1533.040946528067,0.5452645772188416,0.037688122310223435,23.163571428571426,13946711.55,0.4142896743075127,-155237237.0,0.0008824827180469175,0.013596140944948647,0.0017857600040953464,-0.0009383258224712199,-0.01596931878909802,0.004118737690299135,57.26313143934084,59.67998659554727,0,0,-0.011519662652142104,HDFCBANK.NS,IN,Banking
2024-12-06,1560.78,1569.99,1566.1,1567.83,13326717,1568.098,1571.361,1563.0610000000001,1624.9476000000002,1569.317579525312,1583.1739508085573,61.13557829121213,67.39296636085619,-13.856371283245153,-18.184631759758958,4.328260476513805,1563.0610000000001,14.692573813448861,1592.446147626898,1533.6758523731023,0.5811464359473442,0.03759948924178779,21.037857142857124,14351355.45,0.9286033028606157,-141910520.0,0.0017122959460753595,0.0024811363476892386,0.004516972283086302,0.00877627574492168,0.007408597314142451,-0.0013758049414327456,50.442897816348356,54.411685549602964,0,0,-0.018209882448990022,HDFCBANK.NS,IN,Banking
2024-12-09,1556.83,1542.85,1533.27,1537.53,8318932,1561.316,1569.131,1561.971,1621.1694,1564.4271826752001,1579.7928846442815,47.76857534409819,14.092920353982109,-15.365701969081329,-17.62084580162343,2.255143832542103,1561.971,15.7542181152078,1593.4794362304156,1530.4625637695844,0.11215149140726116,0.04034445739440154,21.977142857142844,14120426.3,0.5891416614566614,-150229452.0,-0.01932607489332383,0.006230772732885665,-0.012396986183454558,-0.01429642973913825,-0.013980363361187131,-0.021578933971389325,6.465320989429855,38.05711674837301,1,1,0.021371940710100068,HDFCBANK.NS,IN,Banking
2024-12-10,1533.16,1563.51,1548.55,1555.2,8202665,1557.896,1565.7069999999999,1561.9435,1617.1617999999999,1563.007616109769,1577.971173136396,46.82761130656313,36.77955063497228,-14.963557026626859,-17.089388046624116,2.125831019997257,1561.9435,15.766124336038848,1593.4757486720778,1530.4112513279224,0.3930697891145869,0.040375658494763086,22.144285714285697,13837526.65,0.5927840006881576,-142026787.0,0.011492458683733053,0.009619341563779846,0.014375538104298043,-0.02154217837729011,-0.00035352723766668426,-0.010875787063537423,33.28274396671301,30.063654257497067,1,0,0.02454346707818922,HDFCBANK.NS,IN,Banking
2024-12-11,1538.23,1553.6,1546.07,1549.42,8242504,1555.0259999999998,1561.136,1561.286,1611.7758000000001,1560.9172136313234,1575.8562538480894,44.93163602074498,32.755501959602114,-14.939040216765989,-16.65931848065249,1.7202782638865024,1561.286,16.010921075462893,1593.3078421509258,1529.2641578490743,0.31472021590157545,0.041019828719280435,21.83571428571429,13451929.65,0.6127376221642951,-150269291.0,-0.0037165637860082645,0.004859883053010231,0.007274594826516698,-0.028655971613598896,-0.008415622980090354,-0.00917654130722545,24.510547882463136,21.419537612868663,1,1,0.04988963612190367,HDFCBANK.NS,IN,Banking
2024-12-12,1555.5,1553.4,1542.1,1547.12,10991730,1551.42,1559.975,1560.2024999999999,1606.5846,1558.7945653803338,1573.7276260737735,47.784393607019695,36.15039094992509,-14.933060693439757,-16.314066923209946,1.3810062297701897,1560.2024999999999,16.20839349649857,1592.619286992997,1527.7857130070026,0.29821411660686303,0.041554589218997476,21.359285714285743,13531352.4,0.8123156402078745,-161261021.0,-0.0014844264305353683,0.007303893686328713,-0.0053873352619702485,-0.007448371430587852,-0.013813193607812413,-0.011519662652142104,21.019881620564103,26.271057823246746,1,1,0.047313718392884896,HDFCBANK.NS,IN,Banking
2024-12-13,1538.68,1547.03,1533.07,1539.28,3260256,1545.71,1556.904,1560.4305,1601.7020000000002,1555.7923245525699,1571.1759318892966,43.64760432766617,30.569325522006793,-15.383607336726755,-16.127975005913306,0.744367669186552,1560.4305,15.859385225705829,1592.1492704514117,1528.7117295485882,0.16659331841746725,0.04065387141739591,21.547142857142894,12674947.75,0.25722044832725655,-164521277.0,-0.005067480221314424,0.009069175198788373,0.00038994462786253093,-0.019560634144166533,0.0029712260216847586,-0.018209882448990022,9.396277802853774,18.308902435293664,1,1,0.03311938048957952,HDFCBANK.NS,IN,Banking
2024-12-16,1537.73,1579.11,1563.43,1570.39,12939833,1552.282,1556.799,1562.202,1597.9954,1558.038120775264,1571.1177143282757,44.1653905053599,51.34736842105272,-13.079593553011819,-15.518298715333005,2.4387051623211864,1562.202,14.808537580181497,1591.819075160363,1532.584924839637,0.6382310703374253,0.03791708775221635,21.945000000000032,12791329.5,1.0116096210632664,-151581444.0,0.020210747882126734,0.009984780850610263,0.02123909919165188,-0.0006681769587130182,0.02308203471100234,0.021371940710100068,56.46845210990376,28.961537177773874,1,1,0.008902247212475789,HDFCBANK.NS,IN,Banking
2024-12-17,1567.13,1599.38,1588.56,1593.37,15719364,1559.916,1558.906,1564.6195,1595.4544,1563.4737945021727,1572.7660418533117,49.51257339093823,81.84306569343059,-9.29224735113894,-14.273088442494192,4.980841091355252,1564.6195,15.771226122960014,1596.16195224592,1533.07704775408,0.9557429424778315,0.040319646081235526,23.321428571428605,12579469.75,1.2496045590789262,-135862080.0,0.014633307649692062,0.006790638709146886,0.016743984225930864,0.013400750492908342,0.031294093280345825,0.02454346707818922,90.93651032889524,52.26708008055092,1,0,0.010261270138135048,HDFCBANK.NS,IN,Banking
2024-12-18,1594.9,1629.08,1624.84,1626.72,4753714,1575.3759999999997,1565.201,1567.6725000000001,1593.6916,1573.2039799634165,1576.7626539484665,69.1531917291115,84.59752321981419,-3.5586739850500635,-12.130205551005364,8.5715315659553,1567.6725000000001,21.019881785196485,1609.7122635703931,1525.6327364296071,1.202281542329873,0.05363334952978532,22.97857142857145,11814215.55,0.4023723435135443,-131108366.0,0.02093048067931491,0.0026064719189518803,0.01995109411247099,0.0402552805080032,0.03899952735587542,0.04988963612190367,97.54192271536786,81.64896171805562,1,0,0.007266155208025982,HDFCBANK.NS,IN,Banking
2024-12-19,1605.13,1636.04,1607.74,1620.32,12230159,1590.016,1570.718,1570.3575,1592.5344,1580.452598430608,1579.9891409220718,64.57741991542602,84.09309482592792,0.46345750853629397,-9.611472939097034,10.074930447633328,1570.3575,24.084653527231545,1618.5268070544632,1522.188192945537,1.0186134392850057,0.06134820517548709,22.215714285714302,11740874.95,1.041673470708972,-143338525.0,-0.003934297236156237,0.01746568579045034,0.009463407948259868,0.035249017666038274,0.03427761678007424,0.047313718392884896,84.73341749941987,91.07061684789433,0,0,-0.00037646884566000516,HDFCBANK.NS,IN,Banking
2024-12-20,1625.24,1612.72,1572.28,1590.26,11133919,1600.212,1572.961,1572.1609999999998,1591.9696,1581.9614294412884,1580.7499489871238,54.676008745776166,66.37315925307428,1.2114804541645299,-7.446882260444721,8.65836271460925,1572.1609999999998,24.16065677480522,1620.4823135496104,1523.8396864503893,0.6872776076413051,0.061471202439927965,24.785714285714285,11943670.2,0.9322024035624826,-154472444.0,-0.018551890984496833,0.02542980393141664,-0.021522975068284374,0.014306398015091037,0.023208230653909645,0.03311938048957952,55.540448673831825,79.27192962953986,1,1,0.03688704991636582,HDFCBANK.NS,IN,Banking
2024-12-23,1597.15,1585.43,1583.52,1584.37,12470575,1603.008,1577.645,1573.3880000000001,1591.5594,1582.3319787580142,1581.0181021178803,52.925776894361746,67.3703675167578,1.3138766401339126,-5.694730480328994,7.008607120462907,1573.3880000000001,24.124572447816327,1621.637144895633,1525.1388551043674,0.6138051256985071,0.06133152775488574,24.264285714285716,11924659.55,1.0457802926725657,-166943019.0,-0.0037037968634060503,0.0012055264868678884,-0.008001753122745012,0.03046444622218747,0.0157324836680921,0.008902247212475789,49.820336019716166,63.36473406432262,1,1,0.020670676672746913,HDFCBANK.NS,IN,Banking
2024-12-24,1590.67,1614.43,1605.95,1609.72,13865098,1606.278,1583.0970000000002,1574.4019999999998,1590.9156,1586.545520487559,1583.1441774656676,60.29853422385583,65.85503507215991,3.4013430218915346,-3.8755157798848883,7.276858801776423,1574.4019999999998,25.235405912713386,1624.8728118254267,1523.931188174573,0.8498853963486017,0.06411426284442574,24.200714285714298,12045602.25,1.1510505295780848,-153077921.0,0.016000050493256035,0.005267996918715522,0.011976085548849214,0.035056584362139986,0.012759210791221998,0.010261270138135048,74.43915703530706,59.933313909618356,1,1,0.00347265362920246,HDFCBANK.NS,IN,Banking
2024-12-25,1605.86,1641.96,1635.81,1638.54,7548374,1608.642,1592.009,1576.5725,1590.7104000000002,1594.5446711817947,1587.2475875216298,64.64694846924516,67.39046739046736,7.297083660164844,-1.6409958918749412,8.938079552039785,1576.5725,28.73609519586333,1634.0446903917266,1519.1003096082734,1.0391085634338497,0.07290776718697066,24.983571428571445,11742626.55,0.6428181399656161,-145529547.0,0.01790373481102292,0.0037533413892833485,0.020350466416736025,0.057518297169263155,0.02721408286471938,0.007266155208025982,96.85921572139897,73.7062362588074,0,0,-0.012419593052351408,HDFCBANK.NS,IN,Banking
2024-12-26,1637.9,1622.69,1617.33,1619.71,11547218,1608.52,1599.268,1579.6215,1590.6963999999998,1598.416260230755,1589.652219238089,59.72701364931754,46.9614217598613,8.764040992665969,0.4400114850332413,8.324029507632726,1579.6215,29.952647941119665,1639.5267958822392,1519.7162041177608,0.8345989649894288,0.07584765829308007,26.152857142857165,11928110.8,0.9680675528208915,-157076765.0,-0.01149193794475567,0.0033092343691134944,-0.011105684107692136,0.046919437406277575,0.039121592578573505,-0.00037646884566000516,79.5665350346261,83.62163593044404,1,0,0.020133233727025246,HDFCBANK.NS,IN,Banking
2024-12-27,1629.33,1655.3,1643.82,1648.92,11368020,1620.252,1610.232,1583.568,1591.6437999999998,1606.1860663491102,1594.042439707852,70.97029255619563,60.35031847133762,12.143626641258152,2.7807345162782244,9.362892124979927,1583.568,33.595175342840975,1650.758350685682,1516.377649314318,0.9863198311371518,0.0848594448557177,26.226428571428592,11720806.35,0.9699007637046436,-145708745.0,0.01803409252273558,0.0069621327899431484,0.012023347019933423,0.07122810664726376,0.0502742055681884,0.03688704991636582,94.78033215990536,90.40202763864347,0,0,-0.02339713266865595,HDFCBANK.NS,IN,Banking
2024-12-30,1646.81,1621.97,1613.24,1617.12,8573662,1626.8020000000001,1614.905,1585.852,1591.5798000000002,1607.8682099877103,1595.7518938415953,61.06821106821102,59.59971408148671,12.116316146114968,4.647850842245574,7.468465303869395,1585.852,34.27320229844168,1654.3984045968834,1517.3055954031167,0.728079066897503,0.08644741703114808,26.91928571428574,11381578.0,0.7532928427593395,-154282407.0,-0.019285350411178293,0.005398486197681446,-0.018028795064386316,0.02975693935901269,0.02906887949905812,0.020670676672746913,68.76380593905941,81.0368910445303,0,1,-0.024123132482437915,HDFCBANK.NS,IN,Banking
2024-12-31,1625.6,1626.75,1606.16,1615.31,11751580,1627.92,1617.099,1588.0025,1591.3712,1609.013100758833,1597.2006465446661,61.94741613780594,61.39007509939626,11.812454214166792,6.080771516629818,5.731682697536973,1588.0025,34.72449429362215,1657.4514885872443,1518.5535114127558,0.6966011352706647,0.08746710233415941,27.737857142857155,11039536.95,1.064499261946013,-166033987.0,-0.0011192737706540168,0.012746779255986265,-0.006329970472437029,0.013769557604322857,0.027354830503084626,0.00347265362920246,67.28299108183519,76.94237639359999,0,0,-0.05351294797902573,HDFCBANK.NS,IN,Banking
2025-01-01,1617.06,1642.85,1598.45,1618.19,19470169,1623.85,1616.2459999999999,1590.7235,1591.3902000000003,1610.4249314113213,1598.7554175401415,62.85962436217567,53.73621526246141,11.669513871179788,7.198519987539814,4.4709938836399745,1590.7235,34.8576155350577,1660.4387310701154,1521.0082689298847,0.696990668880369,0.08765223003252486,30.102142857142844,10574623.4,1.8412161286787643,-146563818.0,0.0017829394976816015,0.02743806351539215,0.0006987990550748954,-0.00524368053506441,0.03480051414210528,-0.012419593052351408,69.63920477730811,68.5620005994009,0,0,-0.06812549824186287,HDFCBANK.NS,IN,Banking
2025-01-02,1615.35,1679.74,1630.38,1652.32,12395906,1630.3719999999998,1619.446,1595.0819999999999,1591.5697999999998,1616.8703265788145,1602.7231740129862,68.67688850703851,55.806505983482204,14.147152565828264,8.588246503197505,5.55890606263076,1595.0819999999999,36.88260773975481,1668.8472154795095,1521.3167845204903,0.8879741937106629,0.09249081298574414,33.49499999999999,10905519.75,1.1366633729984879,-134167912.0,0.021091466391462088,0.029873148058469322,0.022886680905052862,0.01974918534610448,0.05569434239529758,0.020133233727025246,76.42507093047516,71.11575559653949,0,0,-0.11264161905684122,HDFCBANK.NS,IN,Banking
2025-01-03,1645.29,1625.47,1598.23,1610.34,8606811,1622.656,1621.454,1597.2075,1590.7576000000001,1615.8656609513039,1603.2873846125033,56.371814092953485,46.69628375996047,12.578276338800606,9.386252470318125,3.1920238684824813,1597.2075,36.451834388183585,1670.111168776367,1524.3038312236329,0.590067483707123,0.09128891365251099,34.51357142857142,10669524.45,0.8066723342414447,-142774723.0,-0.02540670088118524,0.016915682402463515,-0.02124245573727355,0.012626866047061425,0.027113909033504857,-0.02339713266865595,35.41782988986204,60.4940351992151,0,0,-0.08465293043705058,HDFCBANK.NS,IN,Banking
2025-01-06,1612.4,1579.38,1577.09,1578.11,6635564,1614.8539999999998,1620.828,1599.2365,1589.4633999999999,1610.0570977280238,1601.4223892814439,47.63586788126666,25.554097907891972,8.634708446579907,9.235943665570481,-0.6012352189905741,1599.2365,34.00229253494504,1667.24108506989,1531.23191493011,0.34466856184305433,0.08504631437545042,34.81785714285713,10585356.05,0.6268625582166829,-149410287.0,-0.020014406895438208,0.0014511029015713353,-0.02126643512774679,-0.003951097281569282,0.026392980949965228,-0.024123132482437915,5.425274520701351,39.08939178034618,0,0,-0.0810653249773462,HDFCBANK.NS,IN,Banking
2025-01-07,1574.79,1531.26,1526.96,1528.87,15295683,1597.5659999999998,1612.743,1597.9199999999998,1587.1708,1597.5667750006305,1596.0481278755549,35.552077488704484,22.80766623528686,1.5186471250756313,7.692484357471511,-6.17383723239588,1597.9199999999998,36.23354770027043,1670.3870954005406,1525.452904599459,0.023576875695308513,0.09070178156665593,35.92071428571426,10940006.95,1.398141854183936,-164705970.0,-0.03120188073074759,0.002812534747883824,-0.0291594434813346,-0.05022612628283185,-0.01693029835390958,-0.05351294797902573,1.250163633975228,14.03108934817954,0,0,-0.06067880199101294,HDFCBANK.NS,IN,Banking
2025-01-08,1539.45,1516.93,1500.76,1507.95,7710685,1575.518,1599.684,1595.8465,1584.3022,1583.7795788466829,1589.5223289910134,34.09032988814954,20.404675267394424,-5.742750144330557,5.005437457111097,-10.748187601441654,1595.8465,40.13194845887341,1676.110396917747,1515.5826030822532,-0.04754692567461147,0.10059099909383093,35.90714285714283,10913416.0,0.7065326102722914,-172416655.0,-0.013683308587387977,0.010723167213759972,-0.02046185325926762,-0.07969900032956168,-0.026764853945347333,-0.06812549824186287,4.017208626639782,3.5642155937721203,0,0,-0.02013329354421578,HDFCBANK.NS,IN,Banking
2025-01-09,1512.68,1484.26,1451.75,1466.2,6520059,1538.294,1584.333,1591.8005,1579.9932000000001,1565.6904128702652,1580.3873265784284,32.9980265321785,15.496027241770676,-14.696913708163265,1.0649672240562236,-15.761880932219489,1591.8005,48.50796640759554,1688.816432815191,1494.784567184809,-0.1473189318249064,0.12189458768875884,36.489999999999974,10689832.45,0.6099308310551836,-178936714.0,-0.027686594383102836,0.02217296412493372,-0.030726921754746072,-0.09477622537367802,-0.052303635141424,-0.11264161905684122,6.337997280554702,3.868456513723237,1,0,0.014302277997544799,HDFCBANK.NS,IN,Banking
2025-01-10,1460.35,1482.44,1467.29,1474.02,8801924,1511.03,1566.843,1588.5375,1576.3258,1551.5872724286828,1572.5082533072027,34.956512255637065,4.032174899453409,-20.920980878519913,-3.332222396459005,-17.588758482060907,1588.5375,54.09948592761306,1696.736471855226,1480.3385281447738,-0.029198651504743704,0.1362246366298032,37.168571428571404,10966915.85,0.8025887421586496,-170134790.0,0.005333515209384743,0.010278015223667123,0.009360769678495369,-0.10606942726148028,-0.04239644509121143,-0.08465293043705058,9.767972279443091,6.707726062212525,1,1,0.0010447619435285382,HDFCBANK.NS,IN,Banking
2025-01-13,1477.2,1469.52,1434.71,1450.18,5722556,1485.444,1550.149,1582.527,1572.2281999999998,1535.9861535934979,1563.4468883859918,28.160762196791325,4.448236632536961,-27.460734792493895,-8.157924875665985,-19.30280991682791,1582.527,62.280890462826086,1707.0887809256521,1457.965219074348,-0.03125043258238029,0.15742136586051725,37.829285714285675,10606052.0,0.5395556669384926,-175857346.0,-0.01617345761929956,0.024003916755144836,-0.01829136203627247,-0.10323290788562367,-0.07654786390641821,-0.0810653249773462,6.313512631080641,7.473160730359478,1,1,0.024927939979864533,HDFCBANK.NS,IN,Banking
2025-01-14,1446.76,1442.95,1430.62,1436.1,7850201,1466.89,1532.228,1574.6635,1567.9672,1520.6190530406495,1554.0137731809996,21.122903115371443,4.96035521725338,-33.394720140350046,-13.205283928602801,-20.189436211747243,1574.6635,70.25737648292606,1715.1782529658522,1434.148747034148,0.006943231670197247,0.17846956250114746,36.9235714285714,10212593.85,0.7686783932293173,-183707547.0,-0.009709139555089785,0.00858575308125588,-0.007368188227482591,-0.11094464839566398,-0.09870274951831648,-0.06067880199101294,2.1997430956880293,6.093742668737253,1,1,0.04384792145393779,HDFCBANK.NS,IN,Banking
2025-01-15,1433.79,1482.87,1473.37,1477.59,8952126,1460.8179999999998,1518.1680000000001,1567.2069999999999,1565.4247999999998,1513.9991987267024,1548.3527460764176,30.958250710113063,32.895263509006,-34.3535473497152,-17.434936612825283,-16.918610736889917,1567.2069999999999,72.32502566812686,1711.8570513362536,1422.5569486637462,0.1902282468194,0.18459597403043937,38.74928571428568,10422514.45,0.8589218258246861,-174755421.0,0.028890745769793114,0.006429388395964761,0.03054840667041157,-0.08688720113212922,-0.09167527294187083,-0.02013329354421578,18.85436737307782,9.122541033282163,1,1,0.03134157648603475,HDFCBANK.NS,IN,Banking
2025-01-16,1478.86,1522.96,1458.54,1487.17,15481803,1465.012,1501.653,1560.5494999999999,1563.3572,1509.8716296918246,1543.820685719746,27.12487625512658,42.501443418013885,-33.949056027921415,-20.737760495844512,-13.211295532076903,1560.5494999999999,73.30030584233215,1707.1501116846641,1413.9488883153356,0.2497298982691569,0.1878833214641001,40.808571428571405,10585096.65,1.462603701157164,-159273618.0,0.0064835306140405,0.043317172885384156,0.005619193162297009,-0.09995037280914099,-0.08217512590105647,0.014302277997544799,22.69990366079526,14.58467137652037,1,1,0.014127503916835371,HDFCBANK.NS,IN,Banking
2025-01-17,1483.17,1485.18,1467.87,1475.56,38753544,1465.3200000000002,1488.175,1554.8145,1561.7423999999999,1504.5929174315431,1538.7643333694023,28.76769858411329,54.31654676258987,-34.17141593785914,-23.42449158424744,-10.746924353611696,1554.8145,75.31284181228725,1705.4401836245745,1404.1888163754254,0.23691571685153645,0.19375389620366631,39.63857142857142,11966077.9,3.2386167869911002,-198027162.0,-0.007806773939764922,0.011731139364030228,-0.0051309020543801424,-0.08369661065365075,-0.07212657049790605,0.0010447619435285382,18.039499036536466,19.864590023469848,1,1,0.025725826127029672,HDFCBANK.NS,IN,Banking
2025-01-20,1475.57,1486.77,1485.98,1486.33,9657300,1472.55,1478.9969999999998,1549.9125,1560.2823999999998,1501.78323782669,1534.8803049342114,31.160902079925222,55.5266229684834,-33.0970671075213,-25.359006688902216,-7.738060418619082,1549.9125,76.46962443900593,1702.8517488780117,1396.9732511219881,0.2921315147460704,0.19735210713883927,38.96857142857142,11825414.15,0.8166563184041787,-188369862.0,0.00729892379842223,0.0005315104990139687,0.0072920972912113285,-0.05815817655296529,-0.06187948522125508,0.024927939979864533,22.36271676291602,21.034039820082583,1,1,0.018078084947488193,HDFCBANK.NS,IN,Banking
2025-01-21,1494.24,1510.69,1489.78,1499.07,4432327,1485.1439999999998,1476.017,1544.3799999999999,1559.1488,1501.365816622584,1532.2276873881165,33.08819353739564,74.37917622419451,-30.861870765532558,-26.45957950422829,-4.402291261304267,1544.3799999999999,75.91557547697651,1696.211150953953,1392.5488490460468,0.3507881955854625,0.1966240833912052,37.537142857142875,11353775.6,0.3903834958316865,-183937535.0,0.008571447794231357,0.013948648161851105,0.003232412463859015,-0.019491519880696195,-0.06873866262455586,0.04384792145393779,27.47671804741701,22.626311282289834,1,1,0.007991621471979293,HDFCBANK.NS,IN,Banking
2025-01-22,1503.06,1535.26,1514.82,1523.9,15534781,1494.4060000000002,1477.6119999999999,1538.648,1558.3754,1504.8326140652634,1531.6108211462536,31.273331777881523,89.54242478832636,-26.778207080990114,-26.52330501958066,-0.25490206140945304,1538.648,72.69131770352091,1684.0306354070417,1393.2653645929581,0.44927867430949475,0.18897452231692669,35.72571428571431,11753095.95,1.3217606445422883,-168402754.0,0.016563602767049046,0.013412953605870885,0.013865048634110602,0.010577273782287344,-0.06996472469393478,0.03134157648603475,47.872722606888075,32.5707191390737,0,0,-0.01442351860358293,HDFCBANK.NS,IN,Banking
2025-01-23,1523.28,1508.55,1507.89,1508.18,6173416,1498.608,1481.81,1533.0715,1557.1632,1505.3475965167613,1529.87520343794,33.8670962036511,67.94134897360703,-24.52760692117863,-26.12416539990026,1.5965584787216294,1533.0715,70.38683708247035,1673.8451741649408,1392.2978258350593,0.41159035896425195,0.18364919596359194,33.00571428571431,11484405.85,0.537547657500483,-174576170.0,-0.010315637509022868,0.0004376135474541612,-0.009912819704840868,0.028631837402810056,-0.0688580054454192,0.014127503916835371,52.13767141669715,42.49570402366741,1,1,0.0073466031906006535,HDFCBANK.NS,IN,Banking
2025-01-24,1514.61,1531.46,1499.17,1513.52,18381300,1506.2,1485.76,1526.3015,1556.7391999999998,1506.6048893603365,1528.6637060292499,38.85341524867982,66.26342426860872,-22.058816668913323,-25.311095653702875,3.2522789847895517,1526.3015,64.96013273539815,1656.2217654707963,1396.3812345292038,0.4508102144260015,0.170241941674972,32.93714285714288,11835069.85,1.5531212472631712,-156194870.0,0.0035406914294049407,0.021334372852673655,-0.0007196572054847113,0.02679746543466166,-0.0821143536375325,0.025725826127029672,79.22400611545085,59.74480004634537,1,0,0.014178867804852224,HDFCBANK.NS,IN,Banking
2025-01-27,1526.11,1531.76,1498.36,1513.2,4792760,1511.574,1492.062,1521.1055000000001,1556.3039999999999,1507.6195217664385,1527.5182455724741,46.74639757485158,76.99368904188188,-19.898723806035605,-24.228621284169424,4.3298974781338195,1521.1055000000001,61.3704193681419,1643.846338736284,1398.3646612637162,0.46779596717009037,0.16138372878962462,31.669285714285756,11646024.75,0.4115360984840687,-160987630.0,-0.00021142766531001556,0.022072429288909606,-0.008459416424760597,0.04345667434387446,-0.06426239240130593,0.018078084947488193,78.9181957179003,70.09329108334943,0,1,-0.007606397039386703,HDFCBANK.NS,IN,Banking
2025-01-28,1520.57,1532.6,1493.81,1511.05,40017916,1513.97,1499.557,1515.8925,1555.6245999999999,1508.147287648525,1526.2983747896194,50.69807241938388,70.22913256955809,-18.151087141094422,-23.013114455554426,4.862027314460004,1515.8925,57.23605643804881,1630.3646128760975,1401.4203871239024,0.4788485602352765,0.15102932810344008,32.4321428571429,13059341.55,3.064313218432271,-201005546.0,-0.0014208300290775577,0.02567089110219668,-0.006260810090948606,0.052189958916510015,-0.06454488612093034,0.007991621471979293,76.86353210935718,78.33524464756944,0,1,-0.01604844313556797,HDFCBANK.NS,IN,Banking
2025-01-29,1511.17,1519.83,1487.59,1501.92,7576619,1509.574,1501.99,1510.079,1554.3498000000002,1507.1892433949056,1524.492568234734,59.4287825995143,52.478691946425585,-17.30332483982852,-21.87115653240925,4.567831692580729,1510.079,51.96044729559651,1613.999894591193,1406.158105408807,0.46074417934643114,0.13763636815176453,30.72071428571433,12464664.05,0.6078477816778558,-208582165.0,-0.006042156116607633,0.021465857036312548,-0.006121084987125127,0.016466002070939956,-0.0718518838949691,-0.01442351860358293,68.1383792042419,74.64003567716647,0,0,-0.011518589538723867,HDFCBANK.NS,IN,Banking
2025-01-30,1506.63,1532.86,1508.37,1519.26,15939176,1511.7900000000002,1505.199,1503.426,1553.4026000000001,1509.0462828726124,1524.1049703860124,61.37026239067054,45.35999999999988,-15.058687513399946,-20.50866272860739,5.449975215207445,1503.426,39.9106990536115,1583.247398107223,1423.6046018927768,0.5991839304676878,0.10618600198103534,31.770714285714316,12641827.55,1.2608283633145776,-192642989.0,0.011545222115691756,0.016119689848994832,0.008382947372607407,0.021577896272786612,-0.08052919531325653,0.0073466031906006535,84.70948012151464,76.57046381170458,0,0,-0.011887366217763873,HDFCBANK.NS,IN,Banking
2025-01-31,1517.95,1545.11,1526.88,1534.98,7484585,1516.0819999999999,1511.141,1499.658,1553.0184,1513.036085507595,1524.9105285233534,72.21989309296714,76.80000000000007,-11.874443015758288,-18.781818786037572,6.907375770279284,1499.658,32.073525006091444,1563.8050500121828,1435.510949987817,0.7753205329981376,0.08554890516656488,30.809285714285743,12585716.25,0.5946887929648984,-185158404.0,0.010347142687887612,0.011876376239421955,0.011219078362257488,0.040269457019707744,-0.046797570699355306,0.014178867804852224,91.15206568179632,81.33330833585096,0,0,-0.018762459445725632,HDFCBANK.NS,IN,Banking
2025-02-03,1533.74,1521.25,1486.05,1501.69,6534452,1513.78,1512.6770000000001,1495.837,1551.8555999999999,1511.290533891042,1523.1904886060697,65.6144360329477,42.41180243745994,-11.899954715027661,-17.40544597183559,5.505491256807929,1495.837,26.26075821650724,1548.3585164330145,1443.3154835669854,0.5557200210213771,0.07022358242639998,32.90714285714288,12580660.65,0.5194044782215409,-191692856.0,-0.021687578991257173,0.02344025731008171,-0.020896631762866626,0.010334178816279183,-0.04842501473281324,-0.007606397039386703,49.844056832045375,75.23520087845212,1,0,0.015216189759537535,HDFCBANK.NS,IN,Banking
2025-02-04,1499.97,1501.41,1475.12,1486.8,21857366,1508.9299999999998,1511.45,1493.7335,1549.8028,1507.5227594462663,1520.4948957439033,52.51049446655401,35.7328145265888,-12.972136297637007,-16.518784036995875,3.5466477393588676,1493.7335,25.13638069560288,1544.0062613912057,1443.4607386087944,0.43104118603634106,0.06731155375597055,31.464285714285747,12908744.8,1.693221505686478,-213550222.0,-0.009915495208731584,0.01768227064836058,-0.008780175603506265,-0.008185074746342669,-0.027517055079895547,-0.01604844313556797,32.644103037626856,57.88007518382286,1,1,0.022686306160882408,HDFCBANK.NS,IN,Banking
2025-02-05,1495.99,1487.08,1482.65,1484.62,11478414,1505.4699999999998,1507.5220000000002,1492.567,1547.5925999999997,1503.9992579929942,1517.8374950426962,49.27569164346981,35.721231766612604,-13.838237049702002,-15.9826746395371,2.144437589835098,1492.567,24.982781038580306,1542.5325620771607,1442.6014379228393,0.4204752266356154,0.06695252149769791,27.17928571428573,13097131.25,0.8764066652835395,-225028636.0,-0.001466236211998928,0.0029839285473702718,-0.0076003181839400785,-0.025775969551807942,-0.01547133525647415,-0.011518589538723867,21.685655100703187,34.724604990125144,1,1,0.016839325888106105,HDFCBANK.NS,IN,Banking
2025-02-06,1488.03,1510.46,1493.79,1501.2,9346736,1501.8580000000002,1506.824,1494.317,1546.4419999999998,1503.568602917149,1516.6050875660114,57.08287292817681,49.639999999999986,-13.03648464886237,-15.393436641402156,2.356951992539786,1494.317,24.253819688335195,1542.8246393766703,1445.8093606233297,0.5709475877189301,0.06492282343925403,27.646428571428583,13238465.1,0.7060286236635829,-215681900.0,0.011167840928992145,0.011104449773507172,0.008850628011526127,-0.004628094789746573,0.023871231755558497,-0.011887366217763873,37.26246606604876,30.530741401459608,1,1,0.008393285371702586,HDFCBANK.NS,IN,Banking
2025-02-07,1509.37,1511.15,1502.2,1506.18,4874850,1496.098,1506.09,1495.925,1545.1658000000002,1503.9703563145108,1515.832858604175,55.66463101421155,42.53765403925155,-11.862502289664235,-14.687249771054573,2.8247474813903377,1495.925,23.900844402624845,1543.7266888052498,1448.1233111947502,0.6072660846897379,0.06390920508075985,27.556428571428587,13042111.4,0.37377764049940254,-210807050.0,0.0033173461231015278,0.005942184865018857,-0.0021134645580591334,-0.0048496220730481765,0.02181788578173971,-0.018762459445725632,44.3777682519737,34.44196313957522,1,1,0.024060869218818448,HDFCBANK.NS,IN,Banking
2025-02-10,1517.46,1546.41,1507.03,1524.54,11548004,1500.668,1507.2240000000002,1499.6429999999998,1544.2278,1507.1349168815093,1516.4778322367467,57.04252612951391,44.217988480283545,-9.342915355237437,-13.618382887891146,4.275467532653709,1499.6429999999998,22.12821444982457,1543.899428899649,1455.3865711003507,0.7812811677109388,0.05902261924954086,28.690000000000005,13333383.8,0.8660969568657465,-199259046.0,0.012189778114169547,0.025830742387850946,0.004665691352651972,0.0074940523394131375,0.05127639327531752,0.015216189759537535,69.3224856211344,50.32090664638563,1,0,0.0026237422435619884,HDFCBANK.NS,IN,Banking
2025-02-11,1521.7,1529.91,1513.02,1520.53,9069872,1507.414,1508.172,1503.8645000000001,1543.1924,1509.1956988997385,1516.7779928961938,48.946940816198946,65.44262295081955,-7.582293996455292,-12.411165109603974,4.828871113148683,1503.8645000000001,16.773463213018076,1537.4114264260363,1470.317573573964,0.7483908628111627,0.044614293942059104,27.311428571428582,13394367.35,0.6771407029432635,-208328918.0,-0.002630301599170881,0.011107968931878353,-0.0007688769139773305,0.006273783130935406,0.05879117053130001,0.022686306160882408,63.69757329129328,59.13260905480047,0,1,-9.864981289409158e-05,HDFCBANK.NS,IN,Banking
2025-02-12,1513.48,1518.84,1502.23,1509.62,9949596,1512.414,1508.942,1505.466,1542.1094,1509.2609759920865,1516.247771062148,50.463917525773134,70.0105226236407,-6.986795070061589,-11.326291101695498,4.339496031633908,1505.466,15.622373766679528,1536.710747533359,1474.2212524666409,0.566475173067064,0.04150840674361066,27.475000000000005,13444240.85,0.7400637470680431,-218278514.0,-0.007175129724503959,0.011002768908724645,-0.0025504136162999027,0.005126771066368274,0.02167719056030437,0.016839325888106105,48.39388413454337,60.47131434899037,0,1,-0.0027424119977211836,HDFCBANK.NS,IN,Banking
2025-02-13,1506.3,1527.01,1503.23,1513.8,13743420,1514.9339999999997,1508.396,1506.7975000000001,1541.0824000000002,1509.9592873779193,1516.066454643469,50.09088548428978,74.72043375127072,-6.107167265549606,-10.28246633446632,4.175299068916715,1506.7975000000001,15.107277394147827,1537.0120547882957,1476.5829452117046,0.6158795826787519,0.04010433357936354,26.867142857142863,13357321.7,1.0289052910281191,-204535094.0,0.0027689087319988648,0.015708812260526003,0.004979087831106036,-0.0035938549030449796,0.01790649354142415,0.008393285371702586,54.25725908185915,55.44957216923194,0,1,-0.006870128154313537,HDFCBANK.NS,IN,Banking
2025-02-14,1519.85,1552.87,1534.07,1542.42,5539228,1522.182,1509.1399999999999,1510.1405,1540.5742,1514.9532431659318,1518.0185695500134,58.01250411319512,79.00365887981982,-3.0653263840815725,-8.83903834438937,5.773711960307798,1510.1405,15.228150689483646,1540.5968013789673,1479.6841986210327,1.0299313859111923,0.040335718933366946,27.272142857142853,11696605.9,0.4735756315791035,-198995866.0,0.018906064209274653,0.01218863863278988,0.014850149685814596,0.004846968690145781,0.04531161050719734,0.024060869218818448,86.55948552943354,63.07020958194536,0,0,-0.011929305895929776,HDFCBANK.NS,IN,Banking
2025-02-17,1553.44,1538.29,1520.75,1528.54,7888874,1522.982,1511.825,1512.251,1540.3944000000001,1517.043513448096,1518.797934929592,54.50610604421084,63.98199099549764,-1.7544214814959105,-7.422114971810679,5.667693490314768,1512.251,14.669252447517135,1541.5895048950342,1482.9124951049657,0.7776044665108244,0.03880110496870539,26.04928571428572,11608184.6,0.6795957845470699,-206884740.0,-0.00899884596932099,0.011475002289759175,-0.01602894221854984,0.017879855362957775,0.028398807801766734,0.0026237422435619884,68.70739549750867,69.84138003626714,0,0,-0.002839310714799703,HDFCBANK.NS,IN,Banking
2025-02-18,1527.75,1520.52,1520.27,1520.38,4385153,1522.9519999999998,1515.183,1513.3165,1539.698,1517.5568190714657,1518.9151249572317,54.77990678404972,47.01834862385333,-1.358305885765958,-6.209353154601734,4.851047268835776,1513.3165,14.433492583517696,1542.1834851670353,1484.4495148329645,0.6223456477790416,0.0381506250239343,24.337142857142858,11605825.9,0.37784063451782135,-211269893.0,-0.005338427519070432,0.00016443257606640153,-0.0048240877106824195,0.022585418348130215,0.014215480264430758,-9.864981289409158e-05,58.21221864876925,71.15969989190383,1,1,0.00013154606085308274,HDFCBANK.NS,IN,Banking
2025-02-19,1527.86,1518.88,1494.75,1505.48,5780040,1522.124,1517.2689999999998,1512.3955,1538.8192,1515.6988469066246,1517.919930339632,46.38623728102383,40.669559826410485,-2.2210834330073794,-5.411699210282864,3.190615777275484,1512.3955,14.309775633628107,1541.0150512672562,1483.775948732744,0.37918224265990985,0.03784664959296326,23.957857142857165,11118088.85,0.5198770722292733,-217049933.0,-0.00980018153356399,0.01602811063579993,-0.014647938947276083,0.014050733521035808,-0.012087407310190978,-0.0027424119977211836,39.048231510751954,55.32261521900997,1,1,0.004762600632356451,HDFCBANK.NS,IN,Banking
2025-02-20,1499.93,1512.6,1496.04,1503.4,8371059,1520.044,1517.489,1512.1565,1537.9447999999998,1513.8067166132976,1516.8443797676591,41.080103943057324,45.66972988025635,-3.037663154361553,-4.936891999098602,1.8992288447370491,1512.1565,14.423354699584973,1541.00320939917,1483.3097906008302,0.34822358974850404,0.03815307396972574,23.29428571428574,11227971.0,0.7455539611249475,-225420992.0,-0.0013816191513669196,0.011015032592782314,0.0023134412939255257,0.0014654942712497565,-0.0031693829648981042,-0.006870128154313537,36.372990353230186,44.54448017091713,0,1,-0.010369828388985036,HDFCBANK.NS,IN,Banking
2025-02-21,1501.41,1531.51,1518.02,1524.02,22873696,1516.364,1519.273,1512.6815000000001,1537.6396,1515.3779909804825,1517.3759072730152,56.79342865835105,55.78971221391346,-1.9979162925326364,-4.349096857785409,2.351180565252773,1512.6815000000001,14.664674803957611,1542.0108496079154,1483.352150392085,0.6932961376723912,0.038777957696839456,21.80714285714287,11452590.8,1.9972506136121955,-202547296.0,0.01371557802314749,0.008851589874142831,0.015059177706279323,0.01184453385385531,0.006937470267984525,-0.011929305895929776,62.89389067443235,46.10503751280484,0,0,-0.027368407238750225,HDFCBANK.NS,IN,Banking
2025-02-24,1533.54,1544.55,1507.92,1524.2,7034517,1515.496,1519.239,1513.2314999999999,1536.7158,1516.7352231373316,1517.8813956942577,62.49665864742048,34.77097960548308,-1.1461725569261034,-3.708511997613548,2.5623394406874445,1513.2314999999999,14.88969628726126,1543.0108925745224,1483.4521074254774,0.6841625878007335,0.03935867390350097,22.52571428571428,11564678.65,0.6082759931875847,-195512779.0,0.00011810868623784998,0.024032279228431864,-0.006090483456573567,-0.00022301809070268686,0.007269362939466006,-0.002839310714799703,59.17117630220501,52.81268577662252,0,0,-0.06501115339194341,HDFCBANK.NS,IN,Banking
2025-02-25,1522.02,1527.97,1514.66,1520.58,10133808,1515.536,1519.2440000000001,1513.708,1535.26,1517.3267272700498,1518.0812923355302,61.900979613449806,41.96933010492328,-0.7545650654803921,-3.1177226111869167,2.3631575457065246,1513.708,14.968490624625892,1543.644981249252,1483.7710187507482,0.6147744313658347,0.03955449961185655,23.16,10070473.25,1.0062890533680675,-205646587.0,-0.00237501640204707,0.00875323889567875,-0.0009461110892098057,3.288327096462318e-05,0.006306872704410882,0.00013154606085308274,45.3452945151431,55.8034538305935,0,0,-0.05956279840587142,HDFCBANK.NS,IN,Banking
2025-02-26,1522.98,1516.19,1509.82,1512.65,5127913,1516.97,1519.547,1514.2445000000002,1532.9786000000001,1516.6072307669651,1517.678974336238,54.019518359896104,42.165011149401955,-1.0717435692729396,-2.7085268028041214,1.6367832335311818,1514.2445000000002,14.713875111269617,1543.6722502225396,1484.816749777461,0.47290822457688597,0.0388678977833763,22.082857142857133,9948037.95,0.5154697348666896,-210774500.0,-0.005215115284956995,0.004211152612961297,-0.006782754862173597,0.0020071276215207767,0.00714418877170564,0.004762600632356451,30.79834824448063,45.10493968727625,0,0,-0.06215581925759428,HDFCBANK.NS,IN,Banking
2025-02-27,1514.1,1490.91,1485.32,1487.81,7276984,1513.852,1516.9479999999999,1512.672,1530.3283999999999,1512.1768875720475,1515.4664574717115,44.34037833507915,35.09363927788081,-3.289569899664002,-2.8247354221760976,-0.4648344774879045,1512.672,15.790797986586949,1544.253595973174,1481.090404026826,0.10638468015953466,0.041756039608260236,23.32428571428571,9514928.35,0.7647964301490058,-218051484.0,-0.016421511916173692,0.0037572001801281,-0.017363450234451225,-0.01716871449332802,-0.020700867527612132,-0.010369828388985036,3.686158401129754,26.609933720251174,0,0,-0.039514454130567755,HDFCBANK.NS,IN,Banking
2025-02-28,1484.41,1484.78,1480.33,1482.31,21411624,1505.5099999999998,1510.9370000000001,1510.0385,1528.1694,1507.5819817917325,1513.0104233310142,35.86963795757214,33.17913542829787,-5.428441539281721,-3.345476645597223,-2.082964893684498,1510.0385,16.25962784420811,1542.5577556884164,1477.5192443115839,0.0736602912170734,0.04307076367707805,20.984999999999996,10211280.3,2.0968596761701197,-239463108.0,-0.003696708585101627,0.003002071091739949,-0.0014147034848853899,-0.03897122703284461,-0.03431315065994345,-0.027368407238750225,2.7295285359425474,12.404678393850986,0,0,-0.03545817001841711,HDFCBANK.NS,IN,Banking
2025-03-03,1478.42,1427.08,1423.53,1425.11,17927419,1485.692,1500.5939999999998,1506.2095000000002,1524.9842,1494.8939845930045,1506.4992802387912,26.453459678215395,0.1813236627380519,-11.605295645786782,-4.997440445635135,-6.607855200151647,1506.2095000000002,24.997960227324317,1556.205420454649,1456.2135795453514,-0.31106117521383064,0.06638640966560833,23.977142857142844,10780928.65,1.6628824769299928,-257390527.0,-0.03858841942643576,0.0024910357796924195,-0.03605876543875496,-0.06766587724233586,-0.05099587797747884,-0.06501115339194341,1.2215865161494608,2.545757817740597,1,1,0.0027155798499765016,HDFCBANK.NS,IN,Banking
2025-03-04,1421.24,1441.39,1420.9,1430.01,11818565,1467.578,1491.557,1503.37,1521.39,1484.9118331171576,1500.8334071263362,29.7543359951173,4.711991537647933,-15.921574009178585,-7.1822671583438265,-8.739306850834758,1503.37,30.036330808233345,1563.4426616164665,1443.2973383835333,-0.11059388768434829,0.07991733454362748,24.133571428571422,10278988.6,1.1497788654246717,-245571962.0,0.0034383310761976205,0.014328571128863212,0.006170667867491635,-0.059439087596521945,-0.038196125907990264,-0.05956279840587142,6.9030840341978355,3.618066362096624,0,0,-0.012069845665414913,HDFCBANK.NS,IN,Banking
2025-03-05,1430.95,1424.11,1414.24,1418.63,6219436,1448.7740000000001,1482.872,1500.0705,1516.9918,1474.7146280222103,1494.7442653580065,26.652274176929552,4.384787472035882,-20.029637335796224,-9.751741193834306,-10.277896141961918,1500.0705,35.357581852754855,1570.7856637055097,1429.3553362944904,-0.07583476960528325,0.09428245366529443,23.561428571428564,10016039.7,0.6209475566528,-251791398.0,-0.00795798630778799,0.0069574166625497365,-0.008609664907922239,-0.05768924196933867,-0.04444908461424457,-0.06215581925759428,3.1667027338732145,3.76379109474018,1,1,0.008952299049082457,HDFCBANK.NS,IN,Banking
2025-03-06,1415.23,1438.63,1421.33,1429.02,32364750,1437.016,1475.434,1496.4615,1513.178,1467.6846852495626,1489.875800887473,19.44713870029095,13.387619297784752,-22.191115637910343,-12.239616082649516,-9.951499555260828,1496.4615,38.756604499994566,1573.974708999989,1418.9482910000108,0.06496769473139473,0.1035953267089561,22.19928571428571,11166940.4,2.898264514936919,-219426648.0,0.007323967489761163,0.012106198653614418,0.00974399920860229,-0.049474524411334375,-0.048081534772182244,-0.039514454130567755,11.34218402262801,7.137323596899695,1,0,0.014163552644469668,HDFCBANK.NS,IN,Banking
2025-03-07,1430.57,1454.88,1409.65,1429.75,5053371,1426.5040000000001,1466.007,1492.6399999999999,1508.7946000000002,1461.8485798265529,1485.422037545411,21.35359276228033,17.780244173140957,-23.573457718858208,-14.506384409891256,-9.067073308966952,1492.6399999999999,41.42419277872535,1575.4883855574506,1409.7916144425492,0.12045126421618889,0.11100919921400362,23.88214285714285,11175866.45,0.4521681223053518,-214373277.0,0.0005108395963666634,0.03163490120648252,-0.0005731980958634412,-0.06185614362016245,-0.050744266953484995,-0.03545817001841711,14.899925870905065,9.802937542468772,0,1,-0.004119601328903766,HDFCBANK.NS,IN,Banking
2025-03-10,1426.3,1436.25,1423.16,1428.98,8580090,1427.2779999999998,1456.4850000000001,1487.862,1505.0318,1456.7918752378523,1481.241145603009,22.309743092583574,18.765374253250556,-24.449270365156735,-16.494961600944354,-7.9543087642123815,1487.862,43.03102376560862,1573.9240475312174,1401.7999524687827,0.1579096030756201,0.11568552396816302,24.22642857142856,11027470.75,0.7780650174868958,-222953367.0,-0.0005385556915544765,0.009160380131275986,0.0018789875902672543,-0.06247211652014173,-0.062681202198696,0.0027155798499765016,14.329132690775877,13.523747528102993,0,1,-0.001798485633108915,HDFCBANK.NS,IN,Banking
2025-03-11,1435.46,1413.78,1411.93,1412.75,9890873,1423.8259999999998,1445.702,1482.473,1500.9805999999999,1450.0162021243366,1476.1677271041597,22.13139388110835,36.08108108108115,-26.15152497982308,-18.4262742767201,-7.725250703102979,1482.473,45.407800755754195,1573.2886015115084,1391.6573984884915,0.11612873317102602,0.12251906309450117,23.613571428571408,11068520.8,0.8936037872735634,-232844240.0,-0.011357751683018669,0.0013095027428763756,-0.015820712524197273,-0.07091373028712722,-0.0708831788915707,-0.012069845665414913,2.2979985174032116,10.509019026361393,1,1,0.03144930100867116,HDFCBANK.NS,IN,Banking
2025-03-12,1407.94,1440.25,1424.2,1431.33,9645152,1426.366,1437.5700000000002,1478.5584999999999,1497.2434,1447.1414017975158,1472.846413799828,30.29474490074911,51.1363636363636,-25.705012002312287,-19.88202182183854,-5.822990180473749,1478.5584999999999,46.30998508620792,1571.1784701724157,1385.938529827584,0.24504148558714062,0.125284146920603,24.394999999999982,11053298.6,0.8726038693459462,-223199088.0,0.013151654574411475,0.011213347026883208,0.016612923846174736,-0.05375995769014652,-0.05186073316463746,0.008952299049082457,16.07116382493636,10.89943167770516,1,0,0.020819796972047167,HDFCBANK.NS,IN,Banking
2025-03-13,1427.7,1464.72,1436.89,1449.26,6183720,1430.414,1433.715,1475.3315,1493.1822,1447.4673399825133,1471.0992719465235,29.254079254079272,73.69642580844804,-23.631931964010164,-20.632003850272866,-2.9999281137372975,1475.3315,45.97244475312944,1567.276389506259,1383.386610493741,0.3582221364321534,0.12464302362715991,24.772142857142853,10675313.6,0.5792541233398405,-217015368.0,0.012526810728483273,0.019202903550764337,0.015101211739150272,-0.025910566537393875,-0.04263442991148103,0.014163552644469668,29.362490733659243,15.910551025332948,0,1,-0.004740350247712577,HDFCBANK.NS,IN,Banking
2025-03-14,1433.81,1426.72,1421.57,1423.86,14657880,1429.236,1427.87,1469.4035,1489.4525999999998,1443.8354415236652,1467.6000664495925,25.574488802336887,46.76042189854339,-23.764624925927365,-21.25852806540377,-2.506096860523595,1469.4035,44.48623243858195,1558.3759648771638,1380.431035122836,0.2440584563824226,0.12110011290581979,24.133571428571436,11131246.2,1.3168227905315049,-231673248.0,-0.01752618577756926,0.0036169286306213214,-0.006939552660389526,-0.039431697822992495,-0.07686622320768677,-0.004119601328903766,12.00980392146697,19.147819493354202,0,1,-0.012817271360948457,HDFCBANK.NS,IN,Banking
2025-03-17,1422.94,1430.43,1423.2,1426.41,3839777,1428.7220000000002,1428.0,1464.297,1486.4186000000002,1441.1546043661783,1464.5489502810099,26.95639406841879,47.94991406825442,-23.394345914831547,-21.685691635289327,-1.7086542795422197,1464.297,43.18336742434361,1550.6637348486872,1377.9302651513128,0.2806620797540982,0.11796341158744192,23.69928571428573,10928791.35,0.3513450413393571,-227833471.0,0.001790906409338211,0.005068668896036167,0.002438613012493562,0.0009122102855219083,-0.0668153924660132,-0.001798485633108915,15.731180777025234,19.03449181071716,1,1,0.00450782033216246,HDFCBANK.NS,IN,Banking
2025-03-18,1412.68,1475.57,1442.47,1457.18,14525033,1437.6080000000002,1430.717,1461.1370000000002,1484.9847999999997,1443.6200498483047,1464.0031020896372,37.79108156886914,62.65027812668221,-20.383052241332507,-21.425163756497966,1.042111515165459,1461.1370000000002,41.12682440042941,1543.390648800859,1378.8833511991413,0.47594635582637684,0.11258855097202049,26.442142857142862,11435785.35,1.270138541893973,-213308438.0,0.021571637888124773,0.0227151072619561,0.031500410567126665,0.01899986713379631,-0.04156855522961367,0.03144930100867116,58.49126261311231,28.744082437201513,0,0,-0.03450500281365376,HDFCBANK.NS,IN,Banking
2025-03-19,1455.22,1462.72,1459.86,1461.13,21262951,1443.568,1434.967,1458.9195,1484.0484,1446.313888333181,1463.7902797045374,43.53306185766923,74.3899979834644,-17.476391371356385,-20.635409279469652,3.1590179081132668,1458.9195,39.78379086420643,1538.487081728413,1379.351918271587,0.5138907074430848,0.10907741205509752,24.885714285714275,12209930.9,1.7414471410770112,-192045487.0,0.00271071521706312,0.0019573891440174177,0.004061241599205632,0.029958481069764398,-0.029459042963041582,0.020819796972047167,68.52122986731649,47.58122441915136,0,0,-0.06328663431727499,HDFCBANK.NS,IN,Banking
2025-03-20,1462.17,1445.2,1440.15,1442.39,7968339,1442.194,1436.304,1455.8690000000001,1483.5722,1445.7102132049993,1462.2050737447034,40.907434402332406,55.5667404872157,-16.494860539704177,-19.80729953151656,3.3124389918123818,1455.8690000000001,38.51236901787556,1532.8937380357513,1378.844261964249,0.4125021366891489,0.1058127318264188,25.84999999999999,12189794.9,0.6536892877755238,-200013826.0,-0.01282568970591258,0.003501133535310459,-0.013527838760189611,0.009356062196470338,-0.04058134894239718,-0.004740350247712577,49.66626213516903,58.89291820519929,0,0,-0.03722987541510969,HDFCBANK.NS,IN,Banking
2025-03-21,1446.06,1426.37,1389.01,1405.61,14544646,1438.5440000000003,1433.89,1449.9485,1482.204,1439.5409496349994,1458.0128459232878,45.102963335007544,31.533970725103686,-18.471896288288463,-19.540218882870942,1.0683225945824795,1449.9485,36.53492248233292,1523.0183449646659,1376.878655035334,0.1966019291430188,0.10078957282222852,25.464285714285715,11773342.4,1.2353879017917713,-214558472.0,-0.025499344837388138,0.02657920760379716,-0.027972559921422398,-0.016884070641720705,-0.07769583076337583,-0.012817271360948457,19.17744916798538,45.7883137234903,0,0,-0.004069407588164431,HDFCBANK.NS,IN,Banking
2025-03-24,1404.14,1443.76,1424.1,1432.84,7049111,1439.83,1434.276,1445.3804999999998,1481.8572,1438.5100343065378,1456.148190613444,50.63902813530234,53.74104315947342,-17.63815630690624,-19.159806367678,1.521650060771762,1445.3804999999998,32.21906406479132,1509.8186281295823,1380.9423718704172,0.4026934800528029,0.08916424170595627,26.725714285714293,11774072.1,0.5986977437739877,-207509361.0,0.019372372137363758,0.013721001647069011,0.020439557309085546,0.002701227448949517,-0.059939640467130406,0.00450782033216246,50.635397411614605,39.82636957158967,0,0,-0.022312330755701937,HDFCBANK.NS,IN,Banking
2025-03-25,1437.11,1443.24,1377.82,1406.9,12759913,1429.774,1433.691,1439.6965,1481.2732,1433.646952105532,1452.5001763920031,47.51472520022035,43.197824419496555,-18.85322428647123,-19.098489951436648,0.2452656649654159,1439.6965,28.00650361970593,1495.7095072394118,1383.6834927605883,0.20724210664116105,0.0778122433990398,30.27214285714287,11905377.35,1.0717771938764131,-220269274.0,-0.01810390553027541,0.046499395834781125,-0.021021355359004384,-0.004140860024774318,-0.074760946480948,-0.03450500281365376,29.749360613506557,33.187402397702186,1,0,0.0010519582059846933,HDFCBANK.NS,IN,Banking
2025-03-26,1413.44,1395.6,1347.11,1368.66,4784086,1411.28,1427.424,1432.4969999999998,1479.0946000000001,1423.6489594739116,1446.2897927948918,38.561249241964866,20.66542948038179,-22.640833320980164,-19.806958625345352,-2.8338746956348118,1432.4969999999998,26.744636274854916,1485.9862725497096,1379.00772745029,-0.09672712823470071,0.07467976903221778,33.11428571428574,11888186.0,0.4024235150406029,-225053360.0,-0.02718032553841776,0.03542881358406367,-0.03168157120215099,-0.04378445222275773,-0.09519055961392253,-0.06328663431727499,16.77565000765407,32.38680267759175,1,1,0.027618254350971094,HDFCBANK.NS,IN,Banking
2025-03-27,1365.56,1410.33,1371.37,1388.69,9382427,1400.5400000000002,1421.367,1427.541,1477.125,1418.2706580163867,1442.0231413745469,42.749170021897314,28.30618112122663,-23.752483358160134,-20.59606357190831,-3.156419786251824,1427.541,25.087764243500153,1477.7165284870002,1377.3654715129996,0.11284912016244701,0.07029644470731859,32.860000000000014,11993458.15,0.7822953230303036,-215670933.0,0.01463475223941657,0.028055217507126848,0.01693810597848734,-0.04179374301367589,-0.06662140999186716,-0.03722987541510969,32.36805231175188,26.297687644304176,1,1,0.019795634734893985,HDFCBANK.NS,IN,Banking
2025-03-28,1389.88,1408.55,1392.97,1399.89,19608824,1399.396,1418.97,1423.42,1475.6116,1415.4428644754041,1438.9021678701722,45.04547467384271,36.670430309873296,-23.459303394768085,-21.168711536480266,-2.2905918582878186,1423.42,22.223510547463835,1467.8670210949278,1378.9729789050723,0.23530284571848975,0.062451027939605386,33.343571428571444,11903318.15,1.6473408595450454,-196062109.0,0.008065154930186003,0.011129445885025822,0.007202060609543837,-0.016834520247776985,-0.05560240435536412,-0.004069407588164431,41.08671960111266,30.076807306839545,1,1,0.012658137425083149,HDFCBANK.NS,IN,Banking
2025-03-31,1407.67,1417.23,1387.77,1400.87,8305753,1393.002,1416.4160000000002,1422.208,1473.9024000000002,1413.2008853253417,1436.0849701923025,47.865766024719726,48.08283449280051,-22.884084866960848,-21.511786202576385,-1.3722986643844628,1422.208,22.78049895485577,1467.7689979097115,1376.6470020902887,0.2658304143979496,0.06407079401842683,34.23000000000002,11422234.85,0.7271564962476239,-187756356.0,0.0007000550043216869,0.021029788631335533,-0.004830677644615109,-0.017905090401778012,-0.01700921332388383,-0.022312330755701937,41.849602988931565,38.43479163393204,1,1,0.014847915937952871,HDFCBANK.NS,IN,Banking
2025-04-01,1402.59,1420.34,1398.82,1408.38,17039593,1393.298,1411.536,1421.1265,1472.0885999999998,1412.4592106599046,1434.0327501390334,45.706267539756816,38.22906641000971,-21.57353947912884,-21.524136857886877,-0.049402621241963374,1421.1265,22.903712701807148,1466.9339254036145,1375.3190745963857,0.360868626777755,0.06446635877042917,33.80285714285716,11683286.25,1.458458791210496,-170716763.0,0.005360954264135964,0.015279967054335266,0.004128077342627613,-0.0334893424285263,-0.015125768351270219,0.0010519582059846933,47.69578078742273,43.544034459155654,1,1,0.0098481943793578,HDFCBANK.NS,IN,Banking
2025-04-02,1406.48,1406.5,1406.43,1406.46,19214184,1400.858,1406.069,1420.518,1469.7398,1411.536255173765,1431.9903241668474,41.48224804967364,49.724586880320444,-20.454068993082274,-21.310123284925957,0.8560542918436838,1420.518,23.1340365786358,1466.7860731572716,1374.2499268427284,0.34808098715756997,0.06514253695798157,31.55714285714287,12333023.65,1.557945803667878,-189930947.0,-0.0013632684360755931,4.977034540611647e-05,-1.4219896479130588e-05,-0.037416246329895375,-0.008578699167506754,0.027618254350971094,46.20115210924654,45.24884529520028,1,1,0.01898383174779239,HDFCBANK.NS,IN,Banking
2025-04-03,1400.32,1417.6,1415.04,1416.18,7731646,1406.3560000000002,1403.4479999999999,1419.876,1467.8998,1412.2506774547242,1430.8191890242845,48.3698420784514,96.26168224299052,-18.568511569560314,-20.76180094185283,2.193289372292515,1419.876,23.063733527144585,1466.003467054289,1373.7485329457108,0.45993710215965367,0.06497393723713428,30.375,11101368.45,0.6964587598694862,-182199301.0,0.006910967962117764,0.001807679814711504,0.011325982632533137,-0.01817122969515872,-0.008985178653902581,0.019795634734893985,53.767709792513216,49.22154756306083,1,1,0.00254911098871613,HDFCBANK.NS,IN,Banking
2025-04-04,1418.6,1418.16,1417.16,1417.61,12225936,1409.9,1404.648,1419.269,1465.9816,1413.075188615536,1429.840730563271,48.12318716942498,94.13919413919392,-16.765541947735073,-19.96254914302928,3.197007195294205,1419.269,22.94965907327502,1465.16831814655,1373.36968185345,0.48192783610439394,0.06468022361725327,30.0,11459996.7,1.066835816206141,-169973365.0,0.0010097586464996589,0.0007054126311180752,-0.0006978711405606311,0.008537218716429207,-0.008490994929183482,0.012658137425083149,54.88089677677968,51.61658622617981,1,1,0.004020851997375896,HDFCBANK.NS,IN,Banking
2025-04-07,1415.18,1440.77,1406.39,1421.67,17513802,1414.06,1403.531,1418.9035,1464.151,1414.397467290069,1429.2354912538283,41.452847446204224,92.50585480093652,-14.83802396375927,-18.937644107175277,4.099620143416008,1418.9035,22.844830873354834,1464.5931617467095,1373.2138382532903,0.5302749012983132,0.0644013659092072,28.944285714285716,11906682.3,1.4709219653133798,-152459563.0,0.002863975282341613,0.024182827238371563,0.004585989061458912,-0.007795706429189475,-0.005115536956430411,0.014847915937952871,64.49269094313222,57.713765837475044,0,0,-0.022642385363692008,HDFCBANK.NS,IN,Banking
2025-04-08,1422.42,1455.97,1395.26,1422.25,15010452,1416.834,1405.066,1419.3785,1462.3750000000002,1415.6055492454432,1428.7180474505517,40.48737522019963,92.3869944488499,-13.112498205108523,-17.77261492676193,4.660116721653406,1419.3785,22.80888637422235,1464.9962727484447,1373.7607272515554,0.5314734787174195,0.0642785173206618,32.885000000000005,12162661.25,1.2341419741389268,-137449111.0,0.00040797090745381404,0.0426858850412778,-0.0001195146299967332,0.010910512474234135,0.006724473544505338,0.0098481943793578,69.02443505356399,62.799340924491965,0,1,-0.02877834417296543,HDFCBANK.NS,IN,Banking
2025-04-09,1419.41,1447.95,1421.32,1433.16,26706281,1422.1740000000002,1411.516,1419.47,1460.9997999999998,1418.3062339769133,1429.047080976676,47.65175800132295,93.2914046121591,-10.740846999762653,-16.366261341362073,5.62541434159942,1419.47,22.86296085260996,1465.19592170522,1373.7440782947801,0.6496962717078217,0.06442675323210448,33.288571428571444,13015717.7,2.051848354712829,-110742830.0,0.007670943926876506,0.01858131681039209,0.009687123523147162,0.04712638639252997,0.0012785311563372481,0.01898383174779239,79.04648171891385,70.85453590520336,0,0,-0.019851237824109025,HDFCBANK.NS,IN,Banking
2025-04-10,1417.35,1434.15,1408.29,1419.79,16133905,1422.896,1414.626,1417.9965,1459.0104000000001,1418.5345056727726,1428.3613712670917,54.09542513863218,66.6333915647615,-9.826865594319088,-15.058382191953475,5.231516597634387,1417.9965,21.765277580552528,1461.527055161105,1374.465944838895,0.520600472390505,0.06139726742777473,31.322857142857156,13513226.95,1.1939341998593311,-126876735.0,-0.00932903513913319,0.01821396121960425,0.0017215225597053186,0.022395206993641503,-0.02033451554586485,0.00254911098871613,66.7646518457949,71.61185620609092,0,0,-0.012114467632537207,HDFCBANK.NS,IN,Banking
2025-04-11,1418.17,1424.7,1422.21,1423.31,8451709,1424.036,1416.968,1417.9689999999998,1456.777,1419.2691971077306,1427.9871956138336,46.810789103808325,60.5255388249186,-8.717998506102958,-13.790305454783372,5.0723069486804135,1417.9689999999998,21.757825428314955,1461.4846508566297,1374.45334914337,0.5613687247495807,0.06137743611686748,28.948571428571444,13202918.4,0.6401394073495593,-118425026.0,0.0024792398875890242,0.0017494431993018103,0.0036243891775994755,0.01672988591960789,-0.0003862739314257624,0.004020851997375896,69.99816277723679,71.93643211398184,0,0,-0.022054225713301956,HDFCBANK.NS,IN,Banking
2025-04-14,1411.61,1401.02,1380.24,1389.48,14174890,1417.598,1415.829,1416.1225,1454.5328,1414.6862437065413,1425.134810726416,44.46280991735536,28.776218500075615,-10.448567019874645,-13.121957767801625,2.6733907479269803,1416.1225,22.556172891847666,1461.2348457836952,1371.0101542163047,0.20470943665897848,0.06371249066894052,27.352142857142862,13719674.05,1.033179718057535,-132599916.0,-0.023768539531092925,0.014955235051951102,-0.01567713461932418,-0.00813066166025389,-0.02589017182997877,-0.022642385363692008,38.92155061511193,58.56145507938121,0,1,-0.003195440020727247,HDFCBANK.NS,IN,Banking
2025-04-15,1392.38,1393.57,1371.52,1381.32,16004117,1409.412,1413.123,1412.3295,1452.4232000000002,1409.5529754439965,1421.8892691625394,54.97563276214425,21.330112263748703,-12.336293718542947,-12.964824957949892,0.6285312394069447,1412.3295,21.648625208582164,1455.6267504171644,1369.0322495828357,0.1418998931644758,0.061313242295277015,24.65642857142856,13793628.25,1.160254252882721,-148604033.0,-0.0058727005786337605,0.015962991920759846,-0.007943233887295299,-0.01921356452093903,-0.05205945730795103,-0.02877834417296543,11.761229314281817,40.22698090221018,1,1,0.01256768887730586,HDFCBANK.NS,IN,Banking
2025-04-16,1374.7,1424.06,1389.22,1404.71,13589517,1403.722,1412.9479999999999,1409.5085000000001,1450.825,1408.8079022987665,1420.6167306956768,56.134170623372626,40.58810903627392,-11.808828396910258,-12.733625645741967,0.9247972488317089,1409.5085000000001,18.38478154259728,1446.2780630851946,1372.7389369148057,0.43474902068707194,0.05217359538472934,24.732857142857142,13409956.55,1.01339000882967,-135014516.0,0.016933078504618893,0.02480227235513032,0.02183021750198455,-0.0012442586351549823,-0.03861394947745922,-0.019851237824109025,39.301361752050944,29.994713893814904,0,0,-0.015006656178143452,HDFCBANK.NS,IN,Banking
2025-04-17,1403.76,1415.48,1392.28,1402.59,3187525,1400.282,1411.589,1407.5185,1448.8528,1407.8513019451102,1419.2814173007282,51.111111111111036,31.887664415215042,-11.430115355618,-12.472923587717174,1.0428082320991745,1407.5185,16.71663881950123,1440.9517776390023,1374.0852223609975,0.42629349635351316,0.047506697267536695,24.971428571428582,13170915.85,0.24201238503756858,-138202041.0,-0.0015092083063409367,0.016540828039543633,-0.0008334758078298565,-0.00959623776638574,-0.027593092020882115,-0.012114467632537207,36.791000591630564,29.284530552654445,1,0,0.010209683514070589,HDFCBANK.NS,IN,Banking
2025-04-18,1404.06,1394.33,1390.0,1391.92,6173490,1394.0040000000001,1409.02,1406.834,1446.5676,1405.400332415093,1417.2546456346513,46.58891683817373,32.94160852001477,-11.854313219558207,-12.349201514085383,0.49488829452717553,1406.834,17.075335058763077,1440.9846701175263,1372.6833298824738,0.28164410904739895,0.048549679802310695,23.766428571428573,12752358.05,0.48410572316813805,-144375531.0,-0.00760735496474374,0.0031108109661451924,-0.008646354144403534,-0.01812205049343596,-0.009739543685659435,-0.022054225713301956,24.156305505930746,33.416222616537425,1,0,0.018988160239094,HDFCBANK.NS,IN,Banking
2025-04-21,1394.92,1394.4,1377.55,1385.04,16223224,1393.116,1405.357,1404.444,1443.7776000000001,1402.2679735820018,1414.868375572191,41.061580882352914,27.501469723691997,-12.600401990189312,-12.39944160930617,-0.20096038088314216,1404.444,16.581852286875538,1437.607704573751,1371.2802954262488,0.20745125959833832,0.04722680943309599,23.432857142857156,13211063.7,1.228002766499206,-160598755.0,-0.004942812805333707,0.012165713625590576,-0.007082843460551878,-0.025765473000063377,-0.033360319365735136,-0.003195440020727247,16.009473060793226,25.652259719451518,1,1,0.029833073413042088,HDFCBANK.NS,IN,Banking
2025-04-22,1374.99,1402.42,1395.68,1398.68,5252419,1396.588,1403.0,1404.033,1441.3406000000002,1401.7159776463093,1413.6692366337295,47.26595445600227,57.09219858156028,-11.953258987420213,-12.31020508492898,0.35694609750876616,1404.033,16.619601648293795,1437.2722032965876,1370.7937967034122,0.41947761273554873,0.047348179560685544,24.535000000000018,12835689.0,0.40920425781551284,-155346336.0,0.00984809102986195,0.004818829181796544,0.017229216212469055,-0.016572332571629378,-0.00584263273864527,0.01256768887730586,32.16104203632736,24.108940201017116,1,1,0.05105528069322496,HDFCBANK.NS,IN,Banking
2025-04-23,1403.13,1389.16,1379.2,1383.63,21096904,1392.3719999999998,1398.047,1404.7815,1438.8208,1398.9335195468773,1411.4441079818434,38.974324232775594,51.60975609756109,-12.510588434966166,-12.350281754936418,-0.16030668002974835,1404.7815,15.220900199900747,1435.2233003998015,1374.3396996001986,0.15259117853800613,0.04334026380583707,25.130714285714312,13651329.9,1.545410052290213,-176443240.0,-0.010760145279835265,0.007198456234681842,-0.013897500587961274,-0.03455999330151549,0.010937705492964023,-0.015006656178143452,14.339846062589368,20.83678705323666,1,1,0.09304510598931781,HDFCBANK.NS,IN,Banking
2025-04-24,1374.38,1426.38,1409.34,1416.91,18098139,1395.236,1397.759,1406.1925,1436.8829999999998,1401.699131924281,1411.848988874158,49.804970466956476,57.47182753552182,-10.149856949877176,-11.910196793924571,1.7603398440473956,1406.1925,14.956403266989435,1436.105306533979,1376.2796934660212,0.6791456777408443,0.04254439777478213,28.04285714285717,14087115.5,1.2847298451744897,-158345101.0,0.024052673041203176,0.012026169622621171,0.030944862410664464,-0.0020284689989363835,0.020321310011593763,0.010209683514070589,53.74777975069579,33.41622261653751,1,1,0.06009556005674299,HDFCBANK.NS,IN,Banking
2025-04-25,1413.1,1425.29,1412.79,1418.35,4156553,1400.5220000000002,1397.2630000000001,1407.1154999999999,1434.4016000000001,1404.26080393593,1412.3305452561415,49.06129834878982,59.73320158102768,-8.069741320211506,-11.14210569918196,3.0723643789704536,1407.1154999999999,15.115747618071458,1437.346995236143,1376.8840047638569,0.6858078786966995,0.042969458066692515,26.480000000000036,13314501.95,0.31218236351812145,-154188548.0,0.0010162960244475272,0.008813057425875974,0.0037152360059417486,-0.0034848346460012447,0.013186750387530255,0.018988160239094,55.45293072758481,41.18018551362333,1,1,0.04959988719286512,HDFCBANK.NS,IN,Banking
2025-04-28,1422.42,1432.97,1421.07,1426.36,7574489,1408.7859999999998,1400.951,1408.3899999999999,1432.3580000000002,1407.6606802534793,1413.369764130636,51.11521137461331,71.99233716475086,-5.709083877156672,-10.055501334776903,4.34641745762023,1408.3899999999999,15.62738520743805,1439.644770414876,1377.1352295851239,0.7874761158165403,0.04438368692599895,23.187857142857183,13277938.75,0.5704566478395114,-146614059.0,0.0056474071985053165,0.008342914832154399,0.0027699273069818034,0.026542303595589622,0.01819583544511616,0.029833073413042088,71.75192986953074,60.317546782603785,1,1,0.03935191676715566,HDFCBANK.NS,IN,Banking
2025-04-29,1424.51,1476.9,1464.64,1470.09,9624119,1423.068,1409.828,1411.4755,1431.3522,1417.2651909837134,1417.5712631010633,58.505688884794274,86.93009118541036,-0.30607211734991324,-8.105615491291505,7.799543373941592,1411.4755,20.84601677843791,1453.167533556876,1369.783466443124,1.202946042663469,0.059075816132616366,24.89571428571433,12907165.05,0.7456415267858121,-136989940.0,0.03065845929498856,0.0083396254651019,0.03199696737823387,0.06426461645382675,0.04381629957823874,0.05105528069322496,93.53767318187934,73.5808445929983,1,1,0.011169384187362796,HDFCBANK.NS,IN,Banking
2025-04-30,1462.51,1531.04,1497.45,1512.37,7755459,1448.816,1420.5939999999998,1416.771,1431.49,1431.8967000631421,1424.5933917867706,68.81707317073169,89.53334724250645,7.303308276371581,-5.023830737758887,12.327139014130468,1416.771,30.651067106015052,1478.07313421203,1355.46886578797,1.279736311203009,0.08653781622010445,27.4021428571429,12334228.8,0.6287752965329055,-129234481.0,0.028760143936765736,0.022210173436379797,0.034092074584082026,0.07664215389653362,0.0753025325995762,0.09304510598931781,88.29613841469218,84.52858048870077,0,0,-0.0006347653021415711,HDFCBANK.NS,IN,Banking
2025-05-01,1507.66,1518.64,1488.8,1502.06,10527195,1465.846,1430.541,1421.065,1431.4632000000001,1442.691053899582,1430.3316590818956,65.57616994343131,92.58540093491553,12.35939481768628,-1.547185626669853,13.906580444356132,1421.065,36.095899971290855,1493.2567999425817,1348.8732000574184,1.060970914032889,0.10160238967609618,29.182857142857188,12474006.25,0.8439304859310548,-139761676.0,-0.006817114859458906,0.01986605062379684,-0.0037143653078256515,0.07091880021959374,0.060642008784194124,0.06009556005674299,81.83299899647797,87.88893686434983,0,0,-0.004227527528860353,HDFCBANK.NS,IN,Banking
2025-05-02,1521.35,1511.48,1470.47,1488.7,14379320,1479.916,1440.2189999999998,1424.6195,1430.7567999999999,1449.7693532996464,1434.6552399046468,71.35416666666667,80.13094938302702,15.11411339499955,1.7850741776640282,13.32903921733552,1424.6195,39.11200696986945,1502.8435139397388,1346.3954860602612,0.9095960867493704,0.10981741291577704,29.035714285714334,12581675.45,1.1428779032066112,-154140996.0,-0.008894451619775423,0.02754752468594911,-0.021461202221696785,0.0695298580378183,0.05014778394621944,0.04959988719286512,73.45787362040215,81.19567034385744,1,1,0.005346947000739011,HDFCBANK.NS,IN,Banking
2025-05-05,1493.36,1496.05,1471.64,1482.49,8271594,1491.142,1449.964,1427.6605,1429.9226,1454.8032989458547,1438.1985554778912,71.95815427355996,75.8837772397095,16.604743467963544,4.749008035723932,11.855735432239612,1427.6605,41.18033146706604,1510.021162934132,1345.299837065868,0.8328621822957951,0.11537849920772392,29.204285714285756,12119565.05,0.6824991889870512,-162412590.0,-0.004171424732988482,0.016465541082896606,-0.0072788878769972495,0.07035897880205622,0.04278067343335645,0.03935191676715566,68.36927487088172,74.55338249592063,0,1,-0.0077707100891067915,HDFCBANK.NS,IN,Banking
2025-05-06,1488.32,1487.99,1485.32,1486.51,10705428,1494.426,1458.7469999999998,1430.8735000000001,1429.2412,1459.6812529541846,1441.7771810079837,69.38388625592418,75.0813109832375,17.90407194620093,7.380020817819333,10.524051128381597,1430.8735000000001,43.193625903422316,1517.2607518068448,1344.4862481931555,0.8220179993894053,0.12074757385161485,26.544285714285756,11904313.85,0.8992897226672395,-151707162.0,0.002711654041511302,0.0017961534062995047,-0.0012161363147701633,0.06279492092544392,0.04518193004042881,0.011169384187362796,70.98833800201326,70.93849549776571,1,1,0.009673665162023948,HDFCBANK.NS,IN,Banking
2025-05-07,1473.51,1516.17,1507.6,1511.41,6035579,1494.234,1471.525,1434.786,1429.2163999999998,1467.6395217304641,1446.935167613246,73.27401830781082,70.439256034824,20.704354117218145,10.044887477699097,10.659466639519048,1434.786,46.80465770795121,1528.3953154159026,1341.1766845840975,0.9092755067092058,0.13048540397778802,27.00571428571433,10870778.75,0.555211230362753,-145671583.0,0.016750644126174885,0.005670201996807281,0.025720897720391697,0.09235127888236017,0.05459962600128376,-0.0006347653021415711,87.2108932172311,75.52283536337536,1,0,0.010513361695370538,HDFCBANK.NS,IN,Banking
2025-05-08,1508.86,1504.46,1488.72,1495.71,3619948,1492.9640000000002,1479.405,1438.5819999999999,1429.3744,1471.9580568488545,1450.5481181690134,71.73066454503581,38.81879194630882,21.40993867984116,12.317897718127512,9.09204096171365,1438.5819999999999,48.569811460039,1535.7216229200778,1341.442377079922,0.7940509664434688,0.1350491288227024,27.727142857142912,10245080.9,0.3533351939333935,-149291531.0,-0.010387651266036357,0.01052343034411048,-0.0087151889505926,0.055613976893380546,0.053472696666408526,-0.004227527528860353,76.98221382450339,78.39381501458259,0,1,-0.010724003984729613,HDFCBANK.NS,IN,Banking
2025-05-09,1500.35,1513.97,1482.82,1496.66,10280129,1494.556,1487.236,1442.2495000000001,1429.6614000000002,1475.7583557951848,1453.9638131269855,73.96513225695641,45.8550813632178,21.794542668199256,14.213226708141862,7.581315960057394,1442.2495000000001,50.101115700892905,1542.451731401786,1342.0472685982143,0.7715034347940615,0.1389527004886691,28.748571428571477,10336501.9,0.9945461341669047,-139011402.0,0.0006351498619385776,0.02081301030292737,-0.002459426133900335,0.05521204216166686,0.05153480267826405,0.005346947000739011,77.3577449942219,80.51695067865212,0,1,-0.008245025590314481,HDFCBANK.NS,IN,Banking
2025-05-12,1508.64,1474.61,1468.06,1470.97,15913123,1492.252,1491.6970000000001,1446.324,1430.5785999999998,1475.0216856728487,1455.223530675706,64.75727758951538,38.55686072027884,19.798154997142774,15.330212365942046,4.467942631200728,1446.324,48.88252840390381,1544.0890568078078,1348.5589431921924,0.6260470806446954,0.13519108693175264,29.55000000000005,10423413.55,1.526670835518098,-154924525.0,-0.01716488714871789,0.00445284404168372,-0.02496950896169736,0.03127541434140069,0.05864783947951757,-0.0077707100891067915,60.438619599180484,71.59285947263525,1,1,0.00599604342712623,HDFCBANK.NS,IN,Banking
2025-05-13,1470.14,1513.34,1490.93,1500.89,12839585,1495.1280000000002,1494.777,1452.3025,1431.9962,1479.0014263385644,1458.6062321135275,72.56735950731331,59.09270606839298,20.395194225036903,16.343208737761017,4.051985487275886,1452.3025,47.814118799571204,1547.9307375991425,1356.6742624008575,0.75404368635819,0.13169189972347586,31.18500000000004,10265186.95,1.2507890807785942,-142084940.0,0.02034031965301808,0.014931140856415141,0.020916375311180624,0.020951098232081078,0.08656212897807913,0.009673665162023948,75.22596548828915,71.00744336056385,0,0,-0.01153981970697393,HDFCBANK.NS,IN,Banking
2025-05-14,1491.08,1537.19,1519.38,1527.3,4168137,1498.306,1496.27,1458.432,1434.1696,1486.4319761326315,1463.694659373281,71.82224330842524,66.50481508456741,22.737316759350506,17.622030342078915,5.115286417271591,1458.432,49.22866768566681,1556.8893353713336,1359.9746646286665,0.8497352418659989,0.13501806785817377,30.724285714285752,9794117.95,0.42557549293395097,-137916803.0,0.017596226239098067,0.011661101289850248,0.024291117847449993,0.009871922876015793,0.08727068220486789,0.010513361695370538,92.0498392275558,75.90480810500848,0,0,-0.024965625613828202,HDFCBANK.NS,IN,Banking
2025-05-15,1522.55,1502.84,1461.13,1479.67,10548742,1495.098,1494.031,1462.286,1435.1825999999999,1485.3916721122268,1464.8780179401406,60.250066862797574,39.15242652084756,20.513654172086262,18.200355108080384,2.3132990640058786,1462.286,47.617682518383845,1557.5213650367677,1367.0506349632324,0.5912686164047215,0.13025545623318907,34.55785714285717,10162178.8,1.038039299403067,-148465545.0,-0.03118575263536949,0.0281887177546153,-0.02816327871004021,-0.014906195491524943,0.054955475227971284,-0.010724003984729613,50.46503616904532,72.58028029496343,1,1,0.006325734792217208,HDFCBANK.NS,IN,Banking
2025-05-16,1481.8,1484.79,1483.95,1484.32,14767670,1492.63,1493.593,1466.9060000000002,1436.274,1485.2267994795766,1466.3181647615497,59.79848525831756,45.78927911275411,18.90863471802686,18.34201103006968,0.5666236879571791,1466.9060000000002,44.83224009102697,1556.570480182054,1377.2415198179463,0.5971064571168284,0.12224979675861,33.87928571428573,10591887.8,1.3942433005905424,-133697875.0,0.0031425926051078523,0.0005659157055078098,0.0017006343636106636,-0.002942164304426731,0.06638312546698066,-0.008245025590314481,30.489087562049633,57.667987652883596,1,1,0.010078689231432625,HDFCBANK.NS,IN,Banking
2025-05-19,1476.99,1483.85,1476.55,1479.79,10620353,1494.394,1493.3229999999999,1471.6435,1437.2902,1484.3903687904112,1467.3160784843026,51.89039600873092,43.92422387092121,17.07429030610865,18.088466885277477,-1.0141765791688258,1471.6435,40.525328437910645,1552.6941568758211,1390.5928431241787,0.5502556075019304,0.11014985202022931,30.82428571428571,10311744.25,1.0299277903514927,-144318228.0,-0.0030519025547052214,0.004933132403918814,0.001895747432276494,-0.001821260177134465,0.06840957661872582,0.00599604342712623,24.53326321292997,35.162462314674976,1,1,0.01043391292007656,HDFCBANK.NS,IN,Banking
2025-05-20,1480.46,1494.94,1474.48,1483.57,21176166,1490.9299999999998,1493.029,1475.8880000000001,1438.7066,1484.2641582072713,1468.5200726721991,43.39631294139228,55.388299692097135,15.744085535072145,17.61959061523641,-1.8755050801642668,1475.8880000000001,36.75093705930996,1549.3898741186201,1402.3861258813802,0.5522571709331523,0.09960359338726268,27.932142857142853,11107931.6,1.9064002963071636,-123142062.0,0.002554416505044621,0.013791058055896416,0.00210069843156708,-0.001977786896825484,0.060692939056824935,-0.01153981970697393,29.50302392808942,28.17512490102301,1,1,0.026624965454949967,HDFCBANK.NS,IN,Banking
2025-05-21,1479.69,1491.26,1487.49,1489.17,3659094,1483.304,1490.805,1481.165,1439.8634,1485.0189030984604,1470.0496969205244,46.979142254511395,43.67170626349888,14.96920617793603,17.089513727776335,-2.1203075498403052,1481.165,29.709058072908626,1540.5831161458173,1421.7468838541827,0.5673616105548329,0.0802315962715527,26.34999999999999,10236041.1,0.35747156608509845,-119482968.0,0.0037746786467778293,0.002531611568858794,0.006406747359239848,-0.014714736570487164,0.07627761757117146,-0.024965625613828202,36.86563239499254,30.300639845337315,1,1,0.03788016143220707,HDFCBANK.NS,IN,Banking
2025-05-22,1483.55,1491.23,1487.27,1489.03,9223633,1485.176,1490.1370000000002,1484.771,1440.6588000000002,1485.6359949294667,1471.455645298332,50.08244640983359,21.15181667420471,14.180349631134732,16.507680908448016,-2.3273312773132844,1484.771,25.59093484647038,1535.9528696929408,1433.5891303070591,0.5416065300565389,0.06894244256239698,23.703571428571422,9792315.8,0.941925510416493,-128706601.0,-9.401210070048016e-05,0.0026594494402378574,0.0036938424724453672,-0.004466106397630565,0.05089949255774884,0.006325734792217208,36.681567183319835,34.350074502133936,1,1,0.004519720892124379,HDFCBANK.NS,IN,Banking
2025-05-23,1488.41,1533.75,1471.7,1499.28,11949969,1488.1680000000001,1490.399,1488.8175,1442.1672,1487.7350726326258,1473.5167086116708,54.111769603761566,83.86873920552654,14.21836402095505,16.049817530949422,-1.8314535099943718,1488.8175,20.409365207139285,1529.6362304142788,1447.9987695857214,0.6281580771031509,0.05483375956321207,26.392142857142858,10181986.6,1.1736381411425014,-116756632.0,0.006883675950115187,0.04138653220209605,0.007303095249287889,0.0017505645904880573,0.05705925899813158,0.010078689231432625,50.15777018077611,41.23498991969617,1,1,0.011999092897924335,HDFCBANK.NS,IN,Banking
2025-05-26,1507.46,1500.01,1491.41,1495.23,18589734,1491.2559999999999,1492.825,1492.261,1443.5436,1488.8881383814526,1475.1251005678823,52.13516160626836,69.24162257495595,13.763037813570236,15.592461587473585,-1.8294237739033488,1492.261,14.174344095117785,1520.6096881902356,1463.9123118097643,0.5523657387517198,0.037994276055216394,26.613571428571422,10732748.85,1.7320569527668626,-135346366.0,-0.002701296622378724,0.005751623496046868,-0.008112984755809046,0.016492518542186474,0.04828374323452711,0.01043391292007656,44.83302655739101,43.89078797382899,1,1,0.01637875109514919,HDFCBANK.NS,IN,Banking
2025-05-27,1497.51,1541.51,1508.32,1523.07,20781529,1499.156,1495.0430000000001,1494.91,1444.8614000000002,1494.1468863227676,1478.6765746029996,52.814521579607955,91.8892760356174,15.470311719768006,15.56803161393247,-0.0977198941644648,1494.91,14.751673946064724,1524.4133478921294,1465.4066521078707,0.977233975309882,0.03947173795360203,27.80071428571427,11290619.35,1.8406011676763183,-114564837.0,0.018619209084889787,0.02179151319373257,0.017068333433488174,0.014777898446921345,0.036038609881027694,0.026624965454949967,77.05896989204942,57.34992221007219,0,0,-0.018232911159697163,HDFCBANK.NS,IN,Banking
2025-05-28,1507.11,1551.11,1541.16,1545.58,7782182,1510.4379999999999,1496.871,1496.5705,1446.5504,1502.0596730423417,1483.632383895683,61.65459219443794,94.04744992186383,18.427289146658723,16.139883120477723,2.2874060261809994,1496.5705,18.270018429698627,1533.1105368593974,1460.0304631406027,1.1706274023123358,0.04883169467709395,28.182857142857124,11291955.5,0.6891792401077705,-106782655.0,0.014779360108202466,0.006437712703317448,0.025525674967304644,0.011968833889870911,0.021958912170963574,0.03788016143220707,93.85418981891695,71.9153954227858,0,0,-0.037396964246431685,HDFCBANK.NS,IN,Banking
2025-05-29,1550.88,1497.77,1494.16,1495.76,12141911,1511.784,1498.48,1496.2555,1447.6178,1501.090492574289,1484.5307258300102,49.828780153717354,52.874967280342,16.55976674427893,16.223859845237964,0.3359068990409675,1496.2555,18.22464452762715,1532.7047890552542,1459.8062109447458,0.4932028852504906,0.04872067511896177,29.630714285714248,11372691.3,1.067637343885581,-118924566.0,-0.03223385395773748,0.002413488794992169,-0.03554111214276061,0.010874046240039847,-0.004194239910522812,0.004519720892124379,38.48633029519348,69.7998300020533,1,0,0.0001270257260523877,HDFCBANK.NS,IN,Banking
2025-05-30,1484.6,1519.23,1515.7,1517.27,7338992,1515.382,1501.775,1497.684,1449.851,1503.5796475628601,1486.9558572516946,58.950665017012064,60.383879982350365,16.62379031116552,16.303845938423475,0.31994437274204657,1497.684,18.71437257973411,1535.1127451594682,1460.2552548405317,0.7616438236947379,0.04998216601024415,29.26428571428567,11020674.9,0.6659293918624356,-111585574.0,0.014380649302027093,0.0023265470219523527,0.022005927522550227,0.022198717257734257,0.019191240679787613,0.011999092897924335,62.391642586548215,64.91072090021956,1,0,0.0018915552274809677,HDFCBANK.NS,IN,Banking
2025-06-02,1523.76,1521.99,1517.91,1519.72,12145627,1520.28,1505.768,1499.5455,1451.5886,1506.0627787070355,1489.3828307901676,54.072760306268115,57.97316273989705,16.67994791686783,16.379066334112345,0.30088158275548693,1499.5455,18.97332073563588,1537.4921414712717,1461.5988585287282,0.7658272144388293,0.05061085705134846,26.574999999999964,11214376.55,1.0830406721949537,-99439947.0,0.0016147422673618017,0.002684705077249258,-0.00265133616842371,0.026983558477892133,0.0251131542202645,0.01637875109514919,65.11446988147244,55.33081425440472,1,0,0.017878293369831377,HDFCBANK.NS,IN,Banking
2025-06-03,1520.02,1503.92,1488.39,1495.3,7217724,1514.726,1506.941,1499.985,1453.3566,1504.4069665982606,1489.8211396207867,43.018588009424896,50.02356109054189,14.585826977473971,16.02041846278467,-1.4345914853106976,1499.985,18.756034678006237,1537.4970693560124,1462.4729306439874,0.4375534317238809,0.05001659264057638,26.219999999999963,11039991.35,0.6537798008528511,-106657671.0,-0.016068749506488067,0.010385875743990896,-0.0162629439086221,0.007906603665482681,0.0059131791915292276,-0.018232911159697163,37.97510557859543,55.160406015538705,1,1,0.02916471611047955,HDFCBANK.NS,IN,Banking
2025-06-04,1487.46,1487.79,1487.77,1487.78,7559426,1503.166,1506.8020000000001,1498.8035,1455.7390000000003,1501.8489717369898,1489.6699440932373,52.14470830909183,36.23956952351245,12.179027643752534,15.252140298978242,-3.0731126552257084,1498.8035,18.74271852299044,1536.288937045981,1461.318062954019,0.35296289880745985,0.0500204823994018,22.031428571428542,11116183.7,0.6800378190909333,-114217097.0,-0.005029091152277121,1.3442847732842468e-05,0.00021513183547774138,-0.000933405856953895,-0.015634407606142653,-0.037396964246431685,20.24933887394215,41.112971444670016,1,1,0.03200742045194871,HDFCBANK.NS,IN,Banking
2025-06-05,1487.16,1497.91,1494.38,1495.95,24784245,1503.2040000000002,1507.494,1498.8155000000002,1457.8842000000002,1500.9414376236068,1490.1351334199016,53.019367568409606,28.2114320835895,10.806304203705167,14.362973079923627,-3.5566688762184597,1498.8155000000002,18.740710393501672,1536.2969207870035,1461.3340792129968,0.4617743946161254,0.05001472267531038,22.389285714285702,12174398.55,2.0357673409856174,-89432852.0,0.005491403298874875,0.002359704535577802,0.0059105946905471185,0.004647320739004535,0.00016045891248972488,0.0001270257260523877,30.53771565255593,29.58738670169785,1,1,0.04322336976503216,HDFCBANK.NS,IN,Banking
2025-06-06,1491.6,1553.28,1493.62,1520.14,7730975,1503.7779999999998,1509.5800000000002,1499.9895000000001,1460.2892000000002,1503.8950626045903,1492.3577161305898,59.505300353356915,63.81146612281897,11.537346474000515,13.797847758739003,-2.2605012847384884,1499.9895000000001,19.324912875147618,1538.6393257502955,1461.3396742497048,0.7606803472986589,0.051533461734591585,26.09571428571428,12046940.85,0.641737554332098,-81701877.0,0.01617032654834727,0.03924638520133727,0.019133816036458206,0.013913345072301464,0.015688265872008333,0.0018915552274809677,59.37729835671283,36.72145096107031,1,1,0.028431591827068337,HDFCBANK.NS,IN,Banking
2025-06-09,1506.94,1549.31,1544.96,1546.89,12721217,1509.212,1514.7459999999999,1503.7855,1463.2096,1510.5096683577303,1496.3971445671295,63.459739818042706,65.8395721925134,14.11252379060079,13.86078296511136,0.25174082548942955,1503.7855,20.730001263118115,1545.2455025262361,1462.3254974737638,1.019832336861334,0.05514084625261861,26.717857142857124,11887345.55,1.0701477362077914,-68980660.0,0.01759706342836842,0.002812093943329582,0.026510677266496033,0.03454986858209108,0.05161220147249779,0.017878293369831377,92.16719784147885,60.69407061691587,1,1,0.00565651080555174,HDFCBANK.NS,IN,Banking
2025-06-10,1537.43,1548.01,1531.63,1538.91,13914621,1517.934,1516.33,1505.6865,1465.8202,1514.8789501488486,1499.546244970841,60.46717171717171,59.68898313642332,15.3327051780077,14.155167407690628,1.1775377703170715,1505.6865,22.145448213558478,1549.977396427117,1461.3956035728831,0.8750601441742786,0.058831498359170335,27.338571428571395,11941097.35,1.165271450929805,-82895281.0,-0.005158737854663253,0.01064389730392891,0.000962645453776143,0.010400047272942192,0.025331636562306414,0.02916471611047955,82.38538857462153,77.97662825760442,0,1,-0.017759323157299778,HDFCBANK.NS,IN,Banking
2025-06-11,1526.94,1539.0,1532.52,1535.4,20254747,1527.458,1515.312,1506.0915,1468.399,1518.0360347413334,1502.2020786777016,59.62152965099393,75.66564260112652,15.833956063631831,14.49092513887887,1.343030924752961,1506.0915,22.63028345405728,1551.3520669081145,1460.8309330918855,0.8237752198141578,0.060103342868722674,27.518571428571395,12745427.85,1.5891773622038619,-103150028.0,-0.002280835136557635,0.004220398593197732,0.00554049275020269,-0.006586524152745188,0.005303476723629963,0.03200742045194871,78.08286344596625,84.21181662068888,0,1,-0.00718379575354966,HDFCBANK.NS,IN,Banking
2025-06-12,1540.62,1587.45,1539.15,1560.61,13212996,1540.3899999999999,1521.797,1510.1384999999998,1471.2876,1524.585875550359,1506.5285913697462,61.98179189622162,88.0075148731865,18.057284180612896,15.204196947225677,2.8530872333872193,1510.1384999999998,24.79077911665885,1559.7200582333176,1460.556941766682,1.0089745239700367,0.06566491514955076,26.80428571428568,12878640.55,1.02596193462656,-89937032.0,0.016419174156571348,0.030949436438295928,0.01297529566018034,0.043355885971011254,0.05470138611987796,0.04322336976503216,73.07383627535025,77.84736276531268,0,0,-0.018319759581189365,HDFCBANK.NS,IN,Banking
2025-06-13,1558.13,1567.44,1560.08,1563.36,16725185,1549.034,1526.4060000000002,1514.0904999999998,1474.2026,1530.5511254656885,1510.7383253437126,63.37823508620349,87.28841686027212,19.812800121975897,16.125917582175724,3.686882539800173,1514.0904999999998,26.68593054796775,1567.4623610959352,1460.7186389040644,0.9615681277300513,0.070500225839737,26.715714285714267,12976516.3,1.2888808771518379,-73211847.0,0.001762131474231321,0.004707808822021428,0.0033565877044896344,0.030376926980695496,0.05324997305163315,0.028431591827068337,75.83266452572386,75.66312141568012,0,0,-0.025138163954559367,HDFCBANK.NS,IN,Banking
2025-06-16,1562.19,1558.73,1553.16,1555.64,21324216,1550.784,1529.998,1517.8830000000003,1476.8819999999998,1534.410952317121,1514.0643753192437,56.94426676900776,74.012445887446,20.346576997877264,16.97004946531603,3.3765275325612336,1517.8830000000003,26.94322922466894,1571.7694584493381,1463.9965415506624,0.850338480999334,0.0710021239440752,24.1385714285714,13511709.45,1.5782025583592936,-94536063.0,-0.004938082079623207,0.0035805199146308627,-0.0041928318578378825,0.023635932935014425,0.05125727299143801,0.00565651080555174,68.0878812192207,72.33146067343161,0,0,-0.020364608778380644,HDFCBANK.NS,IN,Banking
2025-06-17,1563.65,1528.03,1498.42,1511.58,9414976,1545.318,1531.626,1519.2835,1478.6686,1530.898498114487,1513.8803475177676,43.36093103178942,30.647813219335603,17.01815059671935,16.979669691596694,0.03848090512265756,1519.2835,25.768128268737396,1570.8197565374749,1467.7472434625251,0.42526135464627995,0.06784284373185247,26.22285714285712,12923649.95,0.7285074501335089,-103951039.0,-0.028322748193669645,0.01958877465961465,-0.03330029098581323,0.010887447334982925,0.018880133731472126,-0.017759323157299778,23.886436596871054,55.93566078060522,0,1,-0.01358843064872517,HDFCBANK.NS,IN,Banking
2025-06-18,1516.95,1535.89,1515.15,1524.37,13870379,1543.1119999999999,1535.2849999999999,1521.0435,1480.4928,1529.8941137891811,1514.657358812946,56.53106880336025,42.43023740108276,15.236754976235034,16.63108674852436,-1.394331772289327,1521.0435,24.78648810075433,1570.6164762015087,1471.4705237984913,0.5335515461684657,0.06518285137995872,24.28642857142857,13434214.2,1.0324666378725271,-90080660.0,0.008461345082628746,0.013605620682633747,0.004891393915419067,0.024593689927274065,0.023637328176097983,-0.00718379575354966,36.71749598679044,42.89727126762741,0,0,-0.014924198193352,HDFCBANK.NS,IN,Banking
2025-06-19,1521.19,1542.74,1523.45,1532.02,7562515,1537.3939999999998,1538.892,1523.193,1482.7374,1530.22117320623,1515.9434803826616,53.594580104303745,48.31303653423831,14.277692823568486,16.160407963533185,-1.8827151399646986,1523.193,23.704587852640845,1570.6021757052818,1475.7838242947182,0.5930937932171588,0.062249728964419666,23.987857142857138,13351158.3,0.5664313360413579,-82518145.0,0.005018466645237085,0.012591219435769359,0.0071194262386636824,0.02411176844145846,0.028871144301995333,-0.018319759581189365,44.392054574193466,34.99866238595166,0,0,-0.0005613503740159453,HDFCBANK.NS,IN,Banking
2025-06-20,1521.97,1540.34,1511.03,1524.06,14439177,1529.534,1539.284,1524.432,1484.7523999999999,1529.2733004052716,1516.5447040581516,51.02999810138597,27.963342578077942,12.728596347119947,15.474045640250537,-2.7454492931305907,1524.432,23.026826369084947,1570.4856527381698,1478.3783472618302,0.4959612324063525,0.060420737347601755,25.744285714285702,13475618.7,1.0715037468740678,-96957322.0,-0.005195754624613302,0.019231526317848847,0.00137322023430064,0.002578709855671102,0.016527933408035933,-0.025138163954559367,36.40650080220292,39.17201712106228,1,0,0.020248546645145193,HDFCBANK.NS,IN,Banking
2025-06-23,1520.14,1532.78,1516.91,1523.96,13162750,1523.1979999999999,1536.991,1525.8685,1487.442,1528.4558695736912,1517.0939852391407,57.68941833011378,25.460886895864547,11.361884334550496,14.651613379110529,-3.2897290445600333,1525.8685,21.98163737856006,1569.8317747571202,1481.9052252428799,0.47829438308426736,0.05762393647564174,24.639999999999986,13204269.5,0.9968555248849227,-110120072.0,-6.56142146634453e-05,0.010413659151151918,0.0025129264409840036,-0.014823290602434591,0.019214435237388194,-0.020364608778380644,36.3061797749167,39.03491171710437,1,1,0.007736423528176495,HDFCBANK.NS,IN,Banking
2025-06-24,1530.14,1509.36,1476.38,1491.04,14864701,1519.09,1532.2040000000002,1524.267,1489.6363999999999,1522.6995819469696,1515.1640604062495,50.769739327540606,19.378081152825175,7.535521540720083,13.228395011432438,-5.692873470712355,1524.267,23.32217379505442,1570.9113475901088,1477.6226524098913,0.14382608272143638,0.0612023321243301,27.50071428571427,12908428.1,1.1515499589334228,-124984773.0,-0.021601616840337012,0.022118789569681344,-0.025553217352643928,-0.03110643247493361,-0.021029893570223335,-0.01358843064872517,13.198883586808206,28.637188054642618,1,1,0.019798261616053248,HDFCBANK.NS,IN,Banking
2025-06-25,1496.83,1518.38,1488.21,1501.62,8501881,1514.54,1528.826,1522.069,1491.5746000000001,1519.4565693397437,1514.1607966722788,51.3237148059952,43.08333333333331,5.295772667464917,11.641870542638936,-6.346097875174019,1522.069,23.279277638467093,1568.6275552769341,1475.5104447230658,0.2803948181097103,0.06117798243956558,28.93214285714284,12944413.05,0.6567992160294038,-116482892.0,0.007095718424723563,0.02009163436820233,0.0032000962033074992,-0.022000781555295168,-0.02844239702894713,-0.014924198193352,22.72440803076668,24.076490464163868,1,1,0.005047881621182526,HDFCBANK.NS,IN,Banking
2025-06-26,1500.51,1535.37,1527.78,1531.16,8287191,1514.368,1525.8809999999999,1523.839,1494.146,1521.2570971336293,1515.4199969189795,52.51002186588921,53.82535211267616,5.8371002146498085,10.480916477041111,-4.643816262391303,1523.839,22.506601815102318,1568.8522036302045,1478.8257963697954,0.5813205838398304,0.05907868696125379,27.081428571428546,12751677.05,0.6498902315056487,-108195701.0,0.019672087478856293,0.0049570260456091855,0.020426388361276943,-0.018870826151312525,0.023666898432903816,-0.0005613503740159453,49.32024849149797,28.41451336969096,0,0,-0.02025261892943908,HDFCBANK.NS,IN,Banking
2025-06-27,1523.74,1561.39,1549.75,1554.92,7664299,1520.54,1525.0369999999998,1525.7215,1497.4059999999997,1526.436005266917,1518.3459230735652,51.85424652473097,60.91932099942784,8.09008219335169,10.002749620303227,-1.9126674269515362,1525.7215,23.48167937037376,1572.6848587407476,1478.7581412592526,0.8108646909218525,0.06156216418359012,27.157142857142844,12767942.4,0.6002767054872753,-100531402.0,0.015517646751482594,0.0074859156741135325,0.020462808615629702,-0.00539862859482132,0.024814304639253493,0.020248546645145193,70.71216349985855,47.58560667404108,0,0,-0.02847734931700663,HDFCBANK.NS,IN,Banking
2025-06-30,1544.87,1544.06,1529.11,1535.75,8829088,1522.898,1523.048,1526.5230000000001,1500.4201999999998,1527.868927533545,1519.635113957183,49.30616546636218,55.03575428620661,8.233813576362081,9.648962411514999,-1.4151488351529178,1526.5230000000001,23.539553298099936,1573.6021065962,1479.4438934038003,0.5979946378182404,0.06168149002166229,27.830714285714294,12602115.45,0.7006035878997136,-109360490.0,-0.012328608545777331,0.009734657333544073,-0.005903409348355517,-0.01278573448869924,0.010547995683415357,0.007736423528176495,53.45277752720392,57.82839650618681,0,0,-0.0039003744098974336,HDFCBANK.NS,IN,Banking
2025-07-01,1545.55,1554.12,1493.71,1520.56,6099987,1528.8020000000001,1523.946,1527.786,1502.8578,1526.7444771437688,1519.7036240344376,46.9005847953216,48.70387313205242,7.040853109331238,9.127340551078246,-2.0864874417470087,1527.786,22.427519608504955,1572.64103921701,1482.93096078299,0.41945163657688533,0.05871900805084044,31.682857142857138,12546228.6,0.4862008104809432,-115460477.0,-0.009890932769005434,0.03972878413213561,-0.016169001326378208,0.005940803662392913,0.016892931184377735,0.019798261616053248,39.77671738507436,54.64721947071229,0,0,-0.004754827168937825,HDFCBANK.NS,IN,Banking
2025-07-02,1516.87,1516.92,1503.02,1509.2,17713099,1530.318,1522.429,1528.857,1505.3692,1524.0453268139584,1518.9255778095724,38.60341387718913,58.28467153284674,5.119749004385994,8.325822241739797,-3.2060732373538023,1528.857,20.87418150933369,1570.6053630186673,1487.1086369813327,0.2645775956356049,0.05461382329235501,29.217857142857138,13053912.25,1.356918700221943,-133173576.0,-0.0074709317619823246,0.009210177577518474,-0.005056464957441831,-0.009951652157940583,0.01439728992189715,0.005047881621182526,36.04216999740779,43.09055496989537,0,1,-0.0039093559501723885,HDFCBANK.NS,IN,Banking
2025-07-03,1512.46,1508.69,1493.31,1500.15,4839714,1524.116,1519.242,1529.067,1507.0339999999999,1520.3691226887338,1517.5347942679703,36.36834160017258,49.319885259554084,2.8343284207635406,7.227523477544545,-4.393195056781004,1529.067,20.544222929813415,1570.1554458596268,1487.9785541403733,0.14811275536023988,0.05374315953401633,29.827142857142853,12056685.7,0.4014132672121272,-138013290.0,-0.005996554465942161,0.010252308102516318,-0.008139058223021968,-0.020802600488244227,0.0028075804672615945,-0.02025261892943908,27.9614163036353,34.59343456203916,0,1,-0.01475185814751867,HDFCBANK.NS,IN,Banking
2025-07-04,1506.25,1512.37,1509.25,1510.64,5844098,1515.26,1517.9,1528.592,1508.8797999999997,1518.8723345827746,1517.0240687665873,40.41002472082518,38.47450011233431,1.8482658161872223,6.151671945273081,-4.303406129085858,1528.592,20.868746866783166,1570.3294937335663,1486.8545062664339,0.28494156698911294,0.05460906995920287,29.971428571428564,11962341.85,0.4885412559463634,-132169192.0,0.006992634069926451,0.002065349785519929,0.002914522821574895,-0.008805427607836869,-0.00624942439512155,-0.02847734931700663,40.301141041756246,34.76824244759979,1,0,0.011809564158237418,HDFCBANK.NS,IN,Banking
2025-07-07,1513.15,1546.82,1516.11,1529.76,14480392,1514.0620000000001,1518.48,1527.7355,1510.9478,1520.5473600315786,1517.967471080262,54.33517741320108,35.091253851623534,2.5798889513166614,5.437315346481797,-2.8574263951651355,1527.7355,20.425039966472017,1568.585579932944,1486.885420067056,0.5247796332687531,0.053477948156493434,28.46857142857141,12050300.6,1.2016622056994823,-117688800.0,0.012656887147169282,0.020075044451404116,0.01097710075008355,0.003805874169925616,-0.011073832011326057,-0.0039003744098974336,62.792612633069005,43.68505665948686,0,0,-0.016466635289195675,HDFCBANK.NS,IN,Banking
2025-07-08,1532.94,1526.43,1502.85,1513.33,11237070,1512.616,1520.709,1526.4565,1511.8125999999997,1519.4369969497973,1517.6239547039163,47.412338271141955,36.26898579127872,1.813042245880979,4.712460726361633,-2.899418480480654,1526.4565,20.489271974695317,1567.4350439493905,1485.4779560506095,0.33983691542882233,0.0536910733445253,28.654285714285688,11916423.05,0.9429901078419578,-128925870.0,-0.010740246836105083,0.015581532117901961,-0.012792411966539678,0.014949297134885686,-0.01662215464192196,-0.004754827168937825,43.46547464952966,48.85307610811831,1,1,0.013724699834140486,HDFCBANK.NS,IN,Banking
2025-07-09,1517.33,1511.62,1496.65,1503.3,15248727,1511.4360000000001,1520.877,1524.8515,1511.6312,1516.9543820344438,1516.562921022059,43.342605470560954,38.71600418410039,0.3914610123847524,3.848260783566257,-3.4567997711815046,1524.8515,21.002646268115,1566.85679253623,1482.84620746377,0.2434668502587485,0.055094273161947115,28.467857142857106,11666122.05,1.3070946478658991,-144174597.0,-0.006627767902572468,0.009958092197159478,-0.009246505374566328,0.0011187917049586549,-0.0209066041422431,-0.0039093559501723885,31.666862721660014,45.9749833347529,1,1,0.025018293088538535,HDFCBANK.NS,IN,Banking
2025-07-10,1506.3,1485.83,1471.78,1478.02,9428918,1507.01,1515.563,1520.722,1511.1504,1510.9644771060678,1513.7078898350271,40.121019654965245,32.754424778761006,-2.743412728959356,2.5299260810611344,-5.2733388100204905,1520.722,21.709294056266998,1564.140588112534,1477.303411887466,0.008252089066882145,0.057102597466868375,28.625714285714253,11476918.15,0.8215547985279655,-153603515.0,-0.01681633739107291,0.009505960677115633,-0.01877448051515714,-0.03470571331539496,-0.052921613984275306,-0.01475185814751867,6.96350853691593,27.365281969368542,1,1,0.048686756606811876,HDFCBANK.NS,IN,Banking
2025-07-11,1469.36,1550.82,1510.61,1528.48,8168389,1510.578,1512.919,1518.978,1511.9460000000001,1513.6591729359034,1514.802120217693,50.79751570329593,60.74652909490932,-1.1429472817897022,1.795351408490967,-2.938298690280669,1518.978,19.379767420265384,1557.7375348405308,1480.2184651594694,0.6225762904337175,0.05103370139726209,32.69214285714283,11049078.35,0.7392823185761627,-145435126.0,0.03414026873790621,0.02630718099024765,0.040235204442723285,-0.01700409024258487,-0.022310920069593676,0.011809564158237418,63.27418814793798,33.968186468837985,1,1,0.021773264942949844,HDFCBANK.NS,IN,Banking
2025-07-14,1531.18,1507.18,1502.48,1504.57,8191276,1505.54,1509.801,1516.4244999999999,1512.3876,1512.260838638072,1514.0441853867044,52.46564857673943,47.910211388831456,-1.7833467486323116,1.0796117770663112,-2.8629585256986227,1516.4244999999999,17.57542137700759,1551.575342754015,1481.2736572459846,0.3313767313732873,0.04636016201794689,31.150714285714262,10392431.35,0.7881962301154648,-153626402.0,-0.015642991730346556,0.003123816106925515,-0.017378753640971505,-0.02030278365619409,-0.032828932143683764,-0.016466635289195675,36.59189822523602,35.60986497002998,1,1,0.02759592441694303,HDFCBANK.NS,IN,Banking
2025-07-15,1503.16,1535.72,1532.81,1534.1,10261822,1509.694,1511.1550000000002,1517.5504999999998,1513.3394,1515.6207096168303,1515.5298012840733,55.53661530069548,51.39424312516061,0.09090833275695331,0.8818710882044396,-0.7909627554474863,1517.5504999999998,17.96577139569938,1553.4820427913985,1481.6189572086012,0.730292087586501,0.04735465843327783,31.220714285714262,10434773.65,0.9834253584000494,-143364580.0,0.01962687013565345,0.0018968776481312725,0.020583304505161954,0.008904614089545904,0.014898318315934356,0.013724699834140486,69.54580961868585,56.470631997286624,1,1,0.02182387067335889,HDFCBANK.NS,IN,Banking
2025-07-16,1533.64,1543.15,1539.12,1540.91,16975931,1517.216,1514.326,1518.3775,1513.9294,1519.5113696757794,1517.4098160038748,51.801618685095534,59.443911792905126,2.1015536719046395,1.1258076049444796,0.9757460669601599,1518.3775,18.663349920729157,1555.7041998414584,1481.0508001585417,0.8018281832428649,0.04916656080774871,29.456428571428564,10590051.25,1.6030072939441824,-126388649.0,0.004439084805423432,0.002615337690064692,0.00474035627656767,0.021011131725417354,0.010850384093100907,0.025018293088538535,77.14540787772408,61.09437190721533,0,1,-0.00380943728056804,HDFCBANK.NS,IN,Banking
2025-07-17,1538.82,1582.58,1523.9,1549.98,13062184,1531.608,1519.309,1519.2755000000002,1515.0148,1524.1988512641208,1519.8224222259323,49.03477921062914,66.08989383703295,4.376429038188462,1.7759318915932765,2.6004971465951856,1519.2755000000002,19.754498614916464,1558.784497229833,1479.7665027701673,0.8885760478872212,0.05201031311280521,31.488571428571408,10865034.7,1.202221912625653,-113326465.0,0.005886132220570994,0.037858553013562744,0.00725231021171601,0.033216678332166794,0.011723084555032015,0.048686756606811876,70.57761732788295,72.42294494143097,0,1,-0.013767919586059163,HDFCBANK.NS,IN,Banking
2025-07-18,1533.23,1572.81,1552.91,1561.76,7151894,1538.264,1524.4209999999998,1521.1605,1516.3167999999998,1529.9774895311791,1522.9289094686017,55.233189811275196,81.8257829127394,7.048580062577457,2.830461525790113,4.218118536787344,1521.1605,21.915556713281248,1564.9916134265625,1477.3293865734374,0.963135622450704,0.05762851905046668,31.275714285714248,10500670.55,0.6810892013854104,-106174571.0,0.0076000980657815465,0.012742034627591384,0.018607775741396507,0.03383996187046545,0.024736558928126318,0.021773264942949844,81.20938628085555,76.31080382882088,0,0,-0.00405311955742238,HDFCBANK.NS,IN,Banking
2025-07-21,1562.66,1560.71,1534.4,1546.09,5259610,1546.568,1526.054,1522.267,1517.8192000000001,1532.4563372956131,1524.6445458043356,55.126711916141204,59.09889428541896,7.811791491277518,3.826727518887594,3.9850639723899235,1522.267,22.611940045736695,1567.4908800914734,1477.0431199085267,0.7633896068962925,0.05941648881759066,28.914999999999964,10105513.55,0.5204692916898526,-111434181.0,-0.010033551890175185,0.017017120607456828,-0.01060371417966132,0.010674877104905223,0.014521378513871586,0.02759592441694303,67.06678700300479,72.95126353724777,1,0,0.009695425233977373,HDFCBANK.NS,IN,Banking
2025-07-22,1550.77,1579.94,1557.68,1567.58,5520786,1553.264,1531.4789999999998,1526.0939999999998,1519.1530000000002,1537.8599777116729,1527.8249498189575,61.26505094164863,83.39162692103864,10.035027892715334,5.068387593653142,4.966640299062192,1526.0939999999998,23.508028505404834,1573.1100570108094,1479.0779429891902,0.9411896981229277,0.061616200588926785,30.079999999999977,9638317.8,0.5727955377446116,-105913395.0,0.013899578937836665,0.014200232205045862,0.010839776369151522,0.03584809658171051,0.05133329756411631,0.02182387067335889,86.46209386203554,78.24608904863197,0,0,-0.02087931716403635,HDFCBANK.NS,IN,Banking
2025-07-23,1587.71,1544.51,1527.46,1535.04,15924394,1552.09,1534.6529999999998,1527.7649999999999,1519.3078,1537.4261349868002,1528.3593979805364,56.17281766391845,50.4827444535744,9.066737006263793,5.868057476175273,3.19867953008852,1527.7649999999999,22.85553036841296,1573.4760607368257,1482.053939263174,0.5795759262873506,0.05984043453907629,31.810714285714248,10009443.45,1.5909368476489223,-121837789.0,-0.020758111228773024,0.011107202418170764,-0.033173564441848255,0.02111355018958294,0.022255963559355996,-0.00380943728056804,57.0938628153692,70.2075812268032,0,1,-0.009680529497602564,HDFCBANK.NS,IN,Banking
2025-07-24,1519.65,1538.48,1520.76,1528.64,8479461,1547.8220000000001,1539.715,1527.639,1520.2872,1536.0744219119076,1528.3801833153123,53.2313657906075,43.67199587416194,7.694238596595369,6.233293700259293,1.460944896336076,1527.639,22.842771723247484,1573.3245434464948,1481.953456553505,0.5109553255140937,0.059811962703839025,32.20357142857141,10019056.95,0.8463331624905913,-130317250.0,-0.004169272461955309,0.011592003349374892,0.005915835883258706,0.0342485216708841,-0.0016458110190966657,-0.013767919586059163,51.3176895302229,64.95788206920923,0,1,-0.014012455516014266,HDFCBANK.NS,IN,Banking
2025-07-25,1534.56,1568.34,1545.11,1555.43,7234380,1546.556,1542.41,1527.6644999999999,1521.7094,1539.0522031562296,1530.383873440168,54.48478283657711,52.37638440743004,8.668329716061635,6.720300903419763,1.9480288126418719,1527.6644999999999,22.875090905781406,1573.4146818115628,1481.914318188437,0.8034468815179581,0.05989558808433786,32.45499999999998,9997561.0,0.7236144171949122,-123082870.0,0.0175253820389365,0.014934776878409882,0.01359998957354976,0.017631895739558257,0.0003279911506701705,-0.00405311955742238,75.49638989101548,61.30264741220254,0,0,-0.006615533968098775,HDFCBANK.NS,IN,Banking
2025-07-28,1564.31,1569.51,1554.34,1561.08,11159409,1549.5539999999999,1548.0610000000001,1528.931,1523.3352000000002,1542.441094978348,1532.6576605928155,58.668893649468075,49.68675142804493,9.783434385532473,7.332927599842305,2.450506785690168,1528.931,24.018924315288324,1576.9688486305768,1480.8931513694233,0.8346215631594918,0.06283847816617663,31.616428571428546,10114077.05,1.103354052127371,-111923461.0,0.003632436046623777,0.009717631383395058,-0.0020648081262652244,0.03755890387286742,0.01649356991697859,0.009695425233977373,80.5956678693087,69.13658243018237,0,0,-0.010101980680041978,HDFCBANK.NS,IN,Banking
2025-07-29,1555.16,1550.29,1522.49,1534.85,6082393,1543.008,1548.136,1529.6455,1524.3608,1541.2732342124484,1532.8200561044632,55.40962244093138,45.281276238455064,8.453178107985195,7.556977701470885,0.8962004065143105,1529.6455,23.969296692805923,1577.5840933856118,1481.7069066143883,0.5542829861274947,0.06267935071960189,33.181428571428555,10113197.35,0.6014311980739506,-118005854.0,-0.01680247008481306,0.018112519138666218,-0.013059749479144983,0.0004888859917866473,0.009397853422423275,-0.02087931716403635,56.92238267096637,71.00481347709687,1,1,0.007590318272143959,HDFCBANK.NS,IN,Banking
2025-07-30,1538.78,1524.55,1516.68,1520.18,15338647,1540.036,1546.0629999999999,1530.1945,1524.981,1538.0281212566872,1531.8837556522572,57.50177935943063,28.892055575347314,6.14436560443005,7.274455282062718,-1.130089677632668,1530.1945,23.599248086825668,1577.3929961736515,1482.9960038263487,0.3939108148324383,0.06168953838694433,32.22785714285711,9994474.75,1.5347125135603035,-133344501.0,-0.009557937257712368,0.005177018510962329,-0.012087497887929283,-0.013453089408206886,0.007275377683541029,-0.009680529497602564,22.097378276877766,53.20514293905095,1,1,0.027062584693917646,HDFCBANK.NS,IN,Banking
2025-07-31,1519.29,1522.32,1495.14,1507.22,13344672,1535.752,1541.787,1530.548,1525.3448,1533.28841029412,1530.0568107890842,45.634496919917865,34.994606256742145,3.231599505035774,6.465884126657328,-3.234284621621554,1530.548,23.174648262824824,1576.8972965256496,1484.1987034743504,0.24834569509227986,0.06056562293455589,28.96928571428568,10419722.65,1.2807126607431667,-146689173.0,-0.008525306213737815,0.018033200196375977,-0.00794450039162503,-0.02758745274132568,0.004712862047128619,-0.014012455516014266,13.815187557024014,30.944982834956065,1,1,0.052832366874112635,HDFCBANK.NS,IN,Banking
2025-08-01,1504.3,1549.46,1541.68,1545.14,14967762,1533.694,1540.125,1532.273,1526.2620000000002,1535.1117317873322,1531.1740840639911,57.87736398586466,56.641442601835465,3.937647723341115,5.960236845994086,-2.0225891226529713,1532.273,22.897147167746322,1578.0672943354925,1486.4787056645073,0.6404869338644574,0.05977302260819415,30.12928571428568,10875905.85,1.3762311691737228,-131721411.0,0.025158901819243518,0.005035142446635863,0.027148839992004917,-0.010641839975412237,0.022838002436053495,-0.006615533968098775,57.18206770291432,31.031544512272045,1,1,0.026476565230334925,HDFCBANK.NS,IN,Banking
2025-08-04,1550.19,1552.05,1539.91,1545.31,15667611,1530.5400000000002,1540.047,1533.0505,1527.2636000000002,1536.6806961277427,1532.2211889481612,52.456717072101696,44.815573770491724,4.459507179581578,5.660090912711586,-1.2005837331300073,1533.0505,23.07067595912405,1579.1918519182482,1486.909148081752,0.6328472128546218,0.06019547551527888,28.77142857142852,10935266.8,1.432759698852551,-116053800.0,0.0001100223927927857,0.00785602888740254,-0.003148001212752605,-0.0005044984444630973,0.010164993201547956,-0.010101980680041978,57.376486733104045,42.79124733101414,1,1,0.029896913887828447,HDFCBANK.NS,IN,Banking
2025-08-05,1549.05,1558.65,1536.79,1546.5,9883467,1532.8700000000001,1537.9389999999999,1534.709,1527.7322,1538.1913582619363,1533.2788786557246,51.25601042556059,42.17307279364401,4.912479606211718,5.510568651411613,-0.5980890451998944,1534.709,22.768681375506127,1580.2463627510124,1489.1716372489877,0.6294651170714575,0.05934331883240751,29.686428571428515,10867586.65,0.9094444248627707,-106170333.0,0.0007700720243835057,0.014135143873253148,-0.001646170233367747,-0.013447479554472452,0.0219185504813888,0.007590318272143959,58.73741994443347,57.765324793483956,1,1,0.01505334626576138,HDFCBANK.NS,IN,Banking
2025-08-06,1542.97,1567.42,1556.44,1561.32,6259513,1541.098,1540.567,1537.6100000000001,1528.0469999999998,1541.7496108370228,1535.3559987553365,52.48379183458909,66.1935641747217,6.393612081686342,5.687177337466559,0.7064347442197834,1537.6100000000001,22.246405031880244,1582.1028100637607,1493.1171899362396,0.7664475447297628,0.05787268561433862,26.989285714285675,10418125.95,0.6008290194620829,-99910820.0,0.009582929194956291,0.007032510952266663,0.011892648593289576,0.01712007504690427,0.038595090800239484,0.027062584693917646,78.04245282926821,64.7187865022686,1,1,0.006667435247098563,HDFCBANK.NS,IN,Banking
2025-08-07,1560.46,1592.67,1582.19,1586.85,6436708,1557.024,1546.388,1543.0515,1529.8688,1548.6881322467118,1539.1703692179651,55.18324174689088,86.00280807862615,9.517763028746685,6.453294475722585,3.0644685530241,1543.0515,20.11095440563683,1583.2734088112736,1502.8295911887265,1.0444607341295469,0.05213294411916584,27.59785714285712,10268515.45,0.6268391379944667,-93474112.0,0.01635154868957045,0.0066042789173478365,0.016911679889252504,0.03807960016746903,0.07363229184990727,0.052832366874112635,94.03260535123502,76.93749270831225,0,0,-0.0344897123231559,HDFCBANK.NS,IN,Banking
2025-08-08,1589.04,1597.94,1576.53,1586.05,12622881,1565.206,1549.45,1545.9299999999998,1531.2444,1554.436111901064,1542.6429344611304,58.79556259904916,99.00534626383195,11.793177439933515,7.521271068564772,4.271906371368743,1545.9299999999998,21.95136538135138,1589.8327307627026,1502.027269237297,0.9569191859145909,0.05679782495025562,27.172857142857133,10491240.05,1.2031828207779096,-106096993.0,-0.000504143428805448,0.013498943917270315,-0.0018816392287155312,0.019685874645596346,0.03766486967444771,0.026476565230334925,88.43385213921746,86.8363034399069,0,0,-0.027912108697708105,HDFCBANK.NS,IN,Banking
2025-08-11,1589.94,1592.72,1590.54,1591.51,7911373,1574.446,1552.493,1550.277,1532.6801999999998,1560.139786993208,1546.262717093689,55.667124520437675,98.33229101521793,13.877069899519029,8.792430834755624,5.0846390647634045,1550.277,21.93812473395155,1594.1532494679032,1506.400750532097,0.9698783567313944,0.05660439968841027,25.231428571428555,10477244.9,0.7551004410424308,-98185620.0,0.0034425144226222226,0.001369768333217318,0.0009874586462375616,0.019492915161298585,0.057783951560911095,0.029896913887828447,93.74513618585844,92.070531225437,0,0,-0.02076644193250432,HDFCBANK.NS,IN,Banking
2025-08-12,1595.13,1578.34,1562.94,1569.78,11374195,1579.1019999999999,1555.986,1552.0610000000001,1534.1698,1561.6228966865608,1548.004738049734,58.671126198083094,67.59672083992524,13.61815863682682,9.757576395169863,3.8605822416569566,1552.0610000000001,22.00402305321962,1596.0690461064394,1508.052953893561,0.7013154589554236,0.056709170717402044,24.40642857142856,10532863.55,1.0798766988796034,-109559815.0,-0.01365369994533494,0.00981029188802893,-0.015892121645247875,0.022757924227123194,0.023257936249266642,0.01505334626576138,72.6070038903442,84.92866407180672,0,0,-0.02044872529908648,HDFCBANK.NS,IN,Banking
2025-08-13,1580.38,1576.82,1567.65,1571.73,9666979,1581.184,1561.141,1553.602,1535.8488,1563.177835657859,1549.7621648608854,60.99964262010517,67.94707639778065,13.4156707969737,10.489195275530632,2.926475521443068,1553.602,22.259704826157684,1598.1214096523154,1509.0825903476848,0.7035965901263199,0.05731121568109031,23.79571428571426,10167415.95,0.9507802274204955,-99892836.0,0.0012422122845239247,0.005834335413839534,-0.005473367164855678,0.03391045797208214,0.020001168140903802,0.006667435247098563,74.50389104985886,80.2853437086872,0,0,-0.028987167007055836,HDFCBANK.NS,IN,Banking
2025-08-14,1569.8,1532.99,1531.42,1532.12,7955944,1570.238,1563.6309999999999,1552.7089999999998,1536.5722,1558.3997070951116,1548.4553378341388,44.415161243950315,34.64450988641144,9.944369260972735,10.380230072619053,-0.43586081164631807,1552.7089999999998,22.765166350098802,1598.2393327001973,1507.1786672998023,0.2738979842751673,0.05864631775840571,23.839285714285698,9912103.95,0.8026492899472377,-107848780.0,-0.025201529524791266,0.00102472391196441,-0.024003057714343266,0.01652048141611706,-0.011522729325539771,-0.0344897123231559,35.97276264556428,61.02788586192247,0,1,-0.012609978330679006,HDFCBANK.NS,IN,Banking
2025-08-15,1527.89,1545.5,1538.8,1541.78,7673589,1561.384,1563.2949999999998,1551.71,1537.005,1555.842829080479,1547.9608683649383,45.463093559003305,21.550309304380903,7.881960715540799,9.880576201203404,-1.9986154856626044,1551.71,22.78545889031887,1597.2809177806378,1506.1390822193623,0.3910489355493056,0.058736384737622827,23.71142857142856,9938188.7,0.772131467766207,-100175191.0,0.006304989165339503,0.0043456264836719246,0.00909096859066476,-0.002174560234024181,-0.01279325888740912,-0.027912108697708105,45.36964980500603,51.94876783347641,0,0,-0.03959708907885684,HDFCBANK.NS,IN,Banking
2025-08-18,1541.16,1563.26,1554.62,1558.46,17097753,1554.774,1564.6100000000001,1552.3285,1537.2363999999998,1556.2454707604054,1548.7385818193943,55.8109771105095,35.492691134714576,7.506888941011084,9.405838749164941,-1.8989498081538567,1552.3285,22.792765305321375,1597.9140306106428,1506.7429693893573,0.56725269967573,0.05873180916360602,22.489285714285707,10530095.85,1.6237032995570218,-83077438.0,0.010818664141446943,0.005543934396772812,0.011225310804840983,0.008509619429111437,0.008000827894883322,-0.02076644193250432,61.5953307387004,47.645914396423585,0,0,-0.03708789445991556,HDFCBANK.NS,IN,Banking
2025-08-19,1553.72,1543.63,1532.92,1537.68,10866516,1548.354,1563.728,1550.8335000000002,1537.2118,1553.389244489574,1547.9194276105432,54.181401127783616,25.622679105153622,5.469816879030759,8.618634375138106,-3.1488174961073465,1550.8335000000002,22.720223607829716,1596.2739472156595,1505.3930527843409,0.355266609305921,0.05860132272823618,23.01571428571429,10797382.35,1.006402722563333,-93943954.0,-0.013333675551505997,0.0069650382394211225,-0.010323610431731354,-0.0057032007759456604,-0.019073986654588482,-0.02044872529908648,41.381322956795884,49.44876783350079,0,0,-0.034688621819884635,HDFCBANK.NS,IN,Banking
2025-08-20,1546.13,1531.49,1521.91,1526.17,14802098,1539.2420000000002,1560.2130000000002,1550.3899999999999,1537.0272,1549.201668414255,1546.3083588986383,54.55945334680718,28.236350933226987,2.893309515616693,7.473569403233823,-4.58025988761713,1550.3899999999999,23.127657628232303,1596.6453152564645,1504.1346847435352,0.23819225027492383,0.05966926419344142,22.200714285714298,10741267.55,1.3780586465273694,-108746052.0,-0.007485302533687066,0.006277151300309696,-0.012909651840393192,-0.022513001818973644,-0.005778351052741271,-0.028987167007055836,5.603051426994557,36.193235040830295,0,0,-0.04622027690231101,HDFCBANK.NS,IN,Banking
2025-08-21,1531.94,1529.96,1499.08,1512.8,8382620,1535.378,1552.808,1549.5980000000002,1536.0710000000001,1543.6014117351388,1543.8262582394614,41.17647058823527,23.60003583908258,-0.22484650432261333,5.933886221722536,-6.158732726045149,1549.5980000000002,24.15986528370203,1597.9177305674043,1501.278269432596,0.11922387016637342,0.06236421390240944,21.389285714285734,10736425.5,0.7807644377763868,-117128672.0,-0.008760491950438154,0.020412480169209213,-0.01249396190450514,-0.046664776128808594,-0.010362151978229095,-0.012609978330679006,13.878211612240772,20.287528665343757,0,0,-0.044216023268112026,HDFCBANK.NS,IN,Banking
2025-08-22,1516.83,1481.55,1480.08,1480.73,19609614,1523.1680000000001,1542.2759999999998,1545.863,1534.4184,1533.9288868528097,1539.1524613328024,34.992563673545305,25.30988757567033,-5.223574479992749,3.7023940813794787,-8.925968561372228,1545.863,28.580511781361462,1603.024023562723,1488.7019764372772,-0.0697326249630549,0.07395354382980371,22.859285714285743,11355187.2,1.7269298980002816,-136738286.0,-0.021199101004759302,0.0009927535742498867,-0.023799634764592018,-0.06640395952208311,-0.048025304899609766,-0.03959708907885684,0.5515017817703846,6.67758827366859,0,0,-0.014486098073247633,HDFCBANK.NS,IN,Banking
2025-08-25,1466.81,1506.63,1495.88,1500.66,6251871,1511.608,1533.191,1542.842,1533.3188,1528.8105965677619,1536.301167900725,40.20094057289443,32.01854119293343,-7.4905713329631,1.4638009985109623,-8.954372331474062,1542.842,30.04320811239297,1602.9284162247861,1482.755583775214,0.148988884256766,0.07789056329131186,23.14785714285717,11109810.3,0.5627342203372977,-130486415.0,0.0134595773706212,0.007163514720185009,0.023077290173899184,-0.05708415278571921,-0.03870397417172722,-0.03708789445991556,17.46139487512771,10.630369423046307,0,0,-0.036057468047392516,HDFCBANK.NS,IN,Banking
2025-08-26,1502.93,1492.25,1478.01,1484.34,6534928,1500.94,1524.647,1540.3165000000001,1532.774,1521.9689663265679,1532.4521925006486,33.64910790144438,17.485523776101076,-10.483226174080755,-0.9256044360073818,-9.557621738073374,1540.3165000000001,32.751329145392404,1605.819158290785,1474.8138417092152,0.07271581443628321,0.08505090777219144,23.2714285714286,11132437.05,0.5870167855998084,-137021343.0,-0.010875214905441744,0.009593489362269033,-0.012369172216928117,-0.05442800902037237,-0.032908753298367954,-0.034688621819884635,5.278078879302212,7.763658512066788,0,0,-0.02062195992831828,HDFCBANK.NS,IN,Banking
2025-08-27,1478.12,1457.38,1454.22,1455.63,5767210,1486.832,1513.037,1537.089,1531.3992,1511.7629715070962,1526.7616597227918,22.499790426691334,16.348125666475298,-14.998688215695665,-3.7402211919450394,-11.258467023750626,1537.089,37.65377675892415,1612.3965535178481,1461.7814464821518,-0.04084216120931934,0.09798723888831316,23.18357142857144,10653865.2,0.5413255518452071,-142788553.0,-0.01934192974655391,0.00217088133660196,-0.015215273455460022,-0.07386764902368725,-0.04246207685931924,-0.04622027690231101,0.9810743111538206,7.906849355194599,0,0,-0.002624293261337174,HDFCBANK.NS,IN,Banking
2025-08-28,1448.22,1459.63,1434.93,1445.91,7884659,1473.4540000000002,1504.416,1534.0235,1529.6770000000001,1501.631745121389,1520.7726478914437,21.688888888888968,16.591741591741638,-19.14090277005471,-6.820357507566975,-12.320545262487734,1534.0235,42.408935413366855,1618.8413708267337,1449.2056291732663,-0.01942768157891574,0.11058223140216357,23.418571428571436,10380864.55,0.7595377246746057,-150673212.0,-0.006677521073349735,0.01708266766256749,-0.0015950615238004933,-0.056268438503511375,-0.04067753878000557,-0.044216023268112026,6.958615881824219,4.405923024093436,1,1,0.002718011494491135,HDFCBANK.NS,IN,Banking
2025-08-29,1439.5,1463.73,1455.72,1459.28,5528057,1469.164,1496.1660000000002,1529.7305000000001,1528.3814000000002,1495.1160920257907,1516.2176369365006,24.11416937473085,27.72227772227771,-21.10154491070989,-9.676594988195559,-11.424949922514331,1529.7305000000001,45.46036764097972,1620.6512352819595,1438.8097647180407,0.11257187493240846,0.11887157284488997,24.215,9908879.3,0.5578891693746668,-145145155.0,0.009246771929096509,0.005489008278051164,0.013740882250771956,-0.05350957983629312,-0.05556778026586595,-0.014486098073247633,16.97929014701216,8.306326779996752,0,0,-0.004851707691464258,HDFCBANK.NS,IN,Banking
2025-09-01,1447.75,1455.47,1439.41,1446.55,12086944,1458.342,1484.975,1524.7925,1526.8332,1487.6443855602845,1511.0570712374783,24.994927153930462,33.042270291724506,-23.41268567719385,-12.423813125995219,-10.98887255119863,1524.7925,48.91176447387474,1622.6160289477496,1426.9689710522505,0.1000834316563462,0.12831061137523353,23.593571428571426,9729845.95,1.2422542782134924,-157232099.0,-0.008723480072364453,0.011102277833458121,-0.0008288723881880273,-0.07180806693787467,-0.06390950683034469,-0.036057468047392516,8.18944252584256,10.709116184892999,1,1,0.021423386678649292,HDFCBANK.NS,IN,Banking
2025-09-02,1442.91,1469.29,1441.28,1453.73,16789709,1452.22,1476.58,1520.154,1526.0870000000002,1482.426787781779,1506.8106215161665,26.55380702591006,23.344314438259644,-24.38383373438751,-14.81581724767368,-9.568016486713828,1520.154,51.094959623702756,1622.3439192474054,1417.9640807525946,0.17499729675213804,0.13444679847875704,24.93928571428572,10075158.05,1.6664460498020623,-140442390.0,0.004963533925546937,0.019267676941372002,0.007498735194844056,-0.05459523437906455,-0.059987067571936614,-0.02062195992831828,14.649731161734177,13.27282127819632,1,0,0.03447682857201806,HDFCBANK.NS,IN,Banking
2025-09-03,1448.09,1466.94,1439.71,1451.81,12357771,1451.456,1469.1439999999998,1514.6785,1525.0908000000002,1477.7165127384285,1502.736501403843,31.23159616732886,27.909819367105783,-25.01998866541453,-16.85665153122185,-8.16333713419268,1514.6785,52.30469630469893,1619.2878926093979,1410.069107390602,0.1995083403507327,0.1381275202748687,24.005000000000013,10380070.95,1.1905284529362055,-152800161.0,-0.0013207404401093248,0.018755897810306628,0.002568901104211381,-0.048723274602436195,-0.07013936925165887,-0.002624293261337174,13.153588404791051,11.997587364122616,1,1,0.04893202278535069,HDFCBANK.NS,IN,Banking
2025-09-04,1462.44,1468.83,1434.66,1449.84,7211025,1452.242,1462.848,1507.828,1523.4644,1473.4278184709779,1498.818242040582,27.71259575293321,43.82597568777972,-25.39042356960408,-18.563405938898295,-6.827017630705786,1507.828,51.31767035365905,1610.4633407073181,1405.1926592926818,0.21750471328594292,0.13613666904613803,25.48999999999999,10418786.8,0.6921174649511529,-160011186.0,-0.0013569268705960758,0.023568117861264885,-0.008615738081556521,-0.04161819143310419,-0.0863408639758011,0.002718011494491135,11.804043545786786,13.20245437077069,1,1,0.05293687579319095,HDFCBANK.NS,IN,Banking
2025-09-05,1447.84,1461.2,1444.99,1452.2,13922387,1450.826,1459.9950000000001,1501.1354999999999,1521.41,1470.1620002446737,1495.365038926454,22.319474835886254,57.955982797874945,-25.2030386817803,-19.8913324874747,-5.3117061943056,1501.1354999999999,49.266495765383276,1599.6684915307665,1402.6025084692333,0.25167961897832186,0.13127794463684453,25.113571428571422,10483762.1,1.3279951928711553,-146088799.0,0.0016277658224357339,0.011162374328597213,0.003011382473199467,-0.019267523451270585,-0.08439204312600479,-0.004851707691464258,16.096173258547303,13.684601736375065,1,1,0.04513152458339076,HDFCBANK.NS,IN,Banking
2025-09-08,1437.21,1482.51,1473.57,1477.54,18700829,1457.024,1457.6830000000002,1495.437,1520.2458000000001,1471.2970771301086,1494.0446656726388,34.69720101781169,67.72815533980574,-22.74758854253014,-20.462583698485787,-2.2850048440443516,1495.437,44.636723033377415,1584.7104460667547,1406.163553933245,0.3997630270314809,0.11939445936765654,25.454285714285707,11023234.9,1.696491771531443,-127387970.0,0.017449387136758032,0.0060505976149505284,0.02806131323882513,-0.015406554449375665,-0.07161123712700523,0.021423386678649292,44.283796343650806,24.061337715994984,1,1,0.0156543985272819,HDFCBANK.NS,IN,Banking
2025-09-09,1471.71,1523.2,1488.37,1503.85,16944131,1467.048,1459.634,1492.1405,1519.9115999999997,1476.305219110092,1494.7709867339267,44.71840984382391,94.02274124154873,-18.465767623834836,-20.063220483555597,1.597452859720761,1492.1405,41.15622514466626,1574.4529502893324,1409.8280497106675,0.5711283648966184,0.11032801574553774,27.589285714285715,11301731.7,1.4992507299345348,-110443839.0,0.01780662452454762,0.023160554576571464,0.021838541560482726,0.01314388886643214,-0.041999515855725034,0.03447682857201806,72.60230849871336,44.327426033637174,1,1,0.025295075971672798,HDFCBANK.NS,IN,Banking
2025-09-10,1499.59,1523.02,1522.72,1522.85,18029566,1481.2559999999999,1466.356,1489.6965,1520.1845999999998,1483.4659546316163,1496.8509136425298,52.316415433549984,94.9414824447333,-13.384959010913462,-18.72756818902717,5.342609178113708,1489.6965,37.46716784136753,1564.630835682735,1414.762164317265,0.7212170141845754,0.10060349297012483,26.752857142857142,11719861.05,1.5383769811522652,-92414273.0,0.012634238787113006,0.00019699904783777625,0.015510906314382253,0.04617931754635429,-0.03109948909800031,0.04893202278535069,99.6046984402573,72.16360109420717,1,0,0.027448533998752467,HDFCBANK.NS,IN,Banking
2025-09-11,1526.49,1526.98,1526.28,1526.59,4744048,1496.606,1474.424,1489.42,1520.7133999999999,1490.1004231498293,1499.0538089282734,62.15800636267228,97.49745934959346,-8.953385778444044,-16.772731706910545,7.8193459284665,1489.42,37.15673247773042,1563.733464955461,1415.1065350445392,0.7500892672783276,0.09978846122035552,24.71071428571429,11559266.25,0.41041078966315964,-87670225.0,0.0024559214630461845,0.0004585383108756031,6.550976423025604e-05,0.05579877032457059,-0.0036093778555204015,0.05293687579319095,99.57755632474449,90.5948544212384,1,1,0.023260993456003298,HDFCBANK.NS,IN,Banking
2025-09-12,1523.38,1531.4,1506.8,1517.74,8572881,1509.714,1480.27,1488.218,1520.8554000000001,1494.3526657421633,1500.4379712298858,54.81072555205045,89.66121495327113,-6.085305487722508,-14.635246463072937,8.54994097535043,1488.218,35.735423469253796,1559.6888469385076,1416.7471530614926,0.7065317626968497,0.09604889463567769,24.61785714285715,11604230.85,0.738771950682802,-96243106.0,-0.005797234358930647,0.016208309723657496,-0.0037022935840016263,0.040060851926977614,-0.015592367263811968,0.04513152458339076,85.87967748515725,95.02064408338636,1,1,0.036831077786709354,HDFCBANK.NS,IN,Banking
2025-09-15,1522.66,1511.34,1492.14,1500.67,8198865,1514.34,1485.682,1485.3285,1520.2735999999998,1495.3245633202919,1500.4551585461904,54.580131261569576,74.16010367859643,-5.13059522589856,-12.734316215638062,7.603720989739502,1485.3285,31.88591411085467,1549.1003282217093,1421.5566717782908,0.6202843044270537,0.08586898887574879,24.828571428571422,11159286.45,0.7347122329033652,-104441971.0,-0.011246985649715935,0.01279428521926008,-0.014441832057048564,0.03741315543880286,-0.03708147786917848,0.0156543985272819,68.23444283576353,84.56389221522177,1,1,0.05428242051883503,HDFCBANK.NS,IN,Banking
2025-09-16,1493.06,1545.07,1539.35,1541.89,10505399,1521.948,1494.498,1485.539,1520.8448,1502.4884766556315,1503.5244060612931,72.60719152951043,77.69171185127817,-1.0359294056615909,-10.394638853642768,9.358709447981177,1485.539,32.26139650125387,1550.0617930025078,1421.0162069974922,0.936675145145013,0.08686785470117495,25.84857142857142,11141230.6,0.9429297744784338,-93936572.0,0.027467731080117463,0.0037097328603183867,0.0327046468326574,0.06064399854168245,0.002737890848551139,0.025295075971672798,97.1198261018286,83.74464880758315,1,1,0.049432838918469946,HDFCBANK.NS,IN,Banking
2025-09-17,1538.76,1568.36,1561.68,1564.65,11474135,1530.308,1505.782,1487.4630000000002,1522.0718,1512.0517879393806,1508.0522278345386,79.12864292022374,76.98863636363647,3.9995601048419758,-7.515799061945819,11.515359166787794,1487.4630000000002,35.76884341082263,1559.0006868216456,1415.9253131783548,1.0394848745347307,0.09618751770174756,25.974999999999973,10974832.45,1.0454951368760863,-82462437.0,0.014761104877779818,0.004269325408235431,0.01682523590422371,0.0777236690751546,0.0252134428012607,0.027448533998752467,97.22513088932531,87.5264666089725,1,1,0.0564407375451379,HDFCBANK.NS,IN,Banking
2025-09-18,1565.54,1568.68,1556.84,1562.1,9492981,1537.41,1517.008,1489.9279999999999,1523.7534,1519.7515128717835,1512.055766513468,76.63730569948181,70.40232872439961,7.695746358315546,-4.4734899778935455,12.169236336209092,1489.9279999999999,39.146140980750346,1568.2202819615006,1411.6357180384991,0.9609138869814065,0.1050953897925916,25.547857142857133,11030350.5,0.8606236165728717,-91955418.0,-0.0016297574537437187,0.007579540362327998,-0.0021973248847029507,0.07742923357060083,0.03258857747223698,0.023260993456003298,95.09028503137513,96.4784140075097,1,1,0.026592407656360173,HDFCBANK.NS,IN,Banking
2025-09-19,1546.45,1579.12,1569.26,1573.64,13943970,1548.5900000000001,1529.152,1494.5735,1524.6566,1528.0420493530473,1516.617561586551,83.12913820968663,72.62236753533998,11.42448776649644,-1.2938944290155474,12.718382195511989,1494.5735,43.290614672059846,1581.1547293441197,1407.9922706558802,0.9566030108257723,0.11586078482464969,25.34428571428571,10747068.3,1.297467208106679,-78011448.0,0.007387491197746732,0.006265727866598227,0.017582204403622795,0.08362484506266354,0.0627460779480391,0.036831077786709354,96.20656236954046,96.17399276341365,1,1,0.03507155384967331,HDFCBANK.NS,IN,Banking
2025-09-22,1565.8,1597.67,1569.7,1582.13,11201901,1564.882,1539.6109999999999,1498.647,1526.2078,1536.3632725295017,1521.4703348023688,83.24357912178952,81.06725851587373,14.892937727132903,1.9434720022141438,12.94946572491876,1498.647,47.51991063034868,1593.6868212606973,1403.6071787393025,0.9392001104992839,0.12683416609866632,25.34142857142857,10994569.8,1.018857507379915,-66809547.0,0.0053951348465977045,0.017678698969100102,0.0104291735853811,0.07078657768994412,0.0542894459771035,0.05428242051883503,90.46684252444352,93.92122997511973,1,1,0.02580066113404067,HDFCBANK.NS,IN,Banking
2025-09-23,1582.23,1621.33,1615.54,1618.11,20750113,1580.126,1551.037,1505.3355,1527.8880000000001,1548.9396921403477,1528.6288285207208,86.60093318073773,97.91904684184742,20.310863619626844,5.616950325696686,14.693913293930159,1505.3355,54.32683435758333,1613.9891687151667,1396.6818312848332,1.0189631483802768,0.14435807660829708,26.196428571428555,11705329.05,1.7727063578185904,-46059434.0,0.022741494061802703,0.0035782486975523206,0.022676854818817243,0.07597832230608104,0.09012086179716228,0.049432838918469946,98.2750308024949,94.98281189882631,1,1,0.003819270630550431,HDFCBANK.NS,IN,Banking
2025-09-24,1607.52,1667.29,1641.5,1652.96,12678555,1597.788,1564.048,1515.202,1530.129,1564.9428164264482,1537.838544926604,89.05252634007536,97.80494103469039,27.104271499844117,9.914414560526176,17.18985693931794,1515.202,62.176359325292076,1639.5547186505842,1390.8492813494158,1.0539002343247081,0.16414011946988202,27.268571428571427,12050896.3,1.0520838975202287,-33380879.0,0.021537472730531304,0.015602313425602773,0.028267144421202716,0.0854384870473126,0.13556329561770508,0.0564407375451379,93.55375618491433,94.09854317061759,0,0,-0.03158576130093893,HDFCBANK.NS,IN,Banking
2025-09-25,1640.35,1608.67,1599.62,1603.64,8525634,1606.096,1571.7530000000002,1523.0884999999998,1531.2022,1570.8962292839176,1542.712726783898,74.66288841117844,63.65865620402156,28.183502500019586,13.56823214842486,14.615270351594726,1523.0884999999998,62.92353524004906,1648.935570480098,1397.2414295199017,0.8200372471599126,0.16525247282743658,29.920714285714293,12082945.05,0.7055923253087768,-41906513.0,-0.029837382634788412,0.00564341123942689,-0.022379370256333974,0.05047196693283729,0.10908701094812256,0.026592407656360173,67.14329960733467,86.32402886491467,0,1,-0.008954628220797733,HDFCBANK.NS,IN,Banking
2025-09-26,1597.75,1635.89,1623.19,1628.83,14143239,1617.134,1582.862,1531.566,1532.5436,1579.8091170863918,1549.0917840591715,74.65050347052498,70.1759690391244,30.71733302722032,16.998052324183952,13.719280703036368,1531.566,65.2527210483281,1662.0714420966563,1401.0605579033438,0.8726434638913013,0.17042091832356035,30.059285714285725,12513704.15,1.1302199333024878,-27763274.0,0.015708014267541204,0.007797007668076011,0.019452354874029402,0.07319435476432057,0.11618743489940231,0.03507155384967331,78.5043594898362,79.73380509402843,0,0,-0.029426029726859038,HDFCBANK.NS,IN,Banking
2025-09-29,1643.62,1639.05,1610.06,1622.95,5795442,1625.298,1595.09,1540.386,1534.0808,1586.4461759961778,1554.5627630177564,70.78969417679099,65.43735520631147,31.883412978421347,19.975124455031434,11.908288523389913,1540.386,65.07805098495464,1670.5421019699093,1410.2298980300907,0.8171729897775781,0.1689915410420827,28.868571428571435,12199129.05,0.47507010551133516,-33558716.0,-0.0036099531565602083,0.017862534273996207,-0.012575899538815098,0.08148360399021759,0.12194531817082033,0.02580066113404067,74.68455609434953,73.44407173050682,0,0,-0.01737576635139715,HDFCBANK.NS,IN,Banking
2025-09-30,1627.99,1632.74,1617.52,1624.29,12797198,1626.534,1603.3300000000002,1548.914,1535.215,1592.2683027659969,1559.7277435349642,68.87045167051123,63.817514420555845,32.5405592310326,22.48821141023167,10.052347820800932,1548.914,64.29536484889834,1677.5047296977966,1420.3232703022034,0.7930848910195524,0.16603985721313594,28.586428571428574,11999503.5,1.0664772032878524,-20761518.0,0.0008256569826550209,0.009370247923702453,-0.002272741233052889,0.05344090693888659,0.11732577576303704,0.003819270630550431,75.4496146156126,76.21284339993281,0,0,-0.028412414039364786,HDFCBANK.NS,IN,Banking
2025-10-01,1620.62,1616.47,1588.17,1600.75,11222649,1616.092,1606.94,1556.3609999999999,1536.5292000000002,1593.5731792635358,1562.7664291990434,62.849123293367555,43.8053097345133,30.806750064492462,24.15191914108383,6.654830923408632,1556.3609999999999,60.997244450275,1678.35548890055,1434.3665110994498,0.6819303494746558,0.15676888446892684,30.87142857142856,11942747.4,0.9397040466832576,-31984167.0,-0.014492485947706357,0.017679212868956597,-0.01226073971689084,0.023072252580449204,0.1025891817799851,-0.03158576130093893,62.00970596596054,70.71462555864092,0,0,-0.03656411057316877,HDFCBANK.NS,IN,Banking
2025-10-02,1599.72,1600.54,1580.28,1589.28,20897234,1613.2199999999998,1609.6580000000001,1563.333,1537.7420000000002,1592.9126901460688,1564.730397406523,62.283653846153854,22.725715264690635,28.1822927395458,24.957993860776227,3.2242988787695737,1563.333,55.940463756241925,1675.213927512484,1451.4520724875163,0.6159581019583912,0.14313128106732506,30.57642857142855,12627057.85,1.6549565697161537,-52881401.0,-0.0071653912228643035,0.01274791100371693,-0.006526142074859055,0.01739965431150381,0.0961761297798378,-0.008954628220797733,55.46103339962623,64.3067846603998,0,0,-0.03096999899325481,HDFCBANK.NS,IN,Banking
2025-10-03,1588.12,1583.13,1579.12,1580.9,6797130,1603.634,1610.384,1569.7679999999998,1538.2513999999999,1591.0645839697506,1565.9281457467814,64.19949736292523,34.9999999999999,25.13643822296922,24.99368273321483,0.14275548975438923,1569.7679999999998,49.51727264830475,1668.8025452966092,1470.7334547033904,0.556202610746097,0.1261773017370036,29.47357142857142,12270795.0,0.5539273898775597,-59678531.0,-0.005272827947246483,0.0025365298247818848,-0.004546255950428969,0.004613507536666672,0.08862415645227939,-0.029426029726859038,32.476160700074566,49.982300021887134,0,0,-0.03160857739262446,HDFCBANK.NS,IN,Banking
2025-10-06,1581.04,1599.17,1591.22,1594.75,12176946,1597.994,1611.6460000000002,1575.6285,1538.9247999999998,1591.6315710513275,1568.063097913688,60.35901857803558,23.565001551349553,23.568473137639558,24.708640814099777,-1.1401676764602193,1575.6285,44.73220472698671,1665.0929094539733,1486.1640905460267,0.6068665188542408,0.11356028334587312,27.607142857142858,11944600.85,1.0194518120334,-47501585.0,0.008760832437219257,0.004985107383599348,0.008671507362237114,0.00797658852306693,0.07932780161620001,-0.01737576635139715,34.32322317759785,40.75347242576624,0,0,-0.04650885718764697,HDFCBANK.NS,IN,Banking
2025-10-07,1592.19,1593.85,1565.58,1578.14,19473527,1588.764,1607.649,1579.343,1539.7906,1589.5559447357384,1568.8095351052668,52.7089441343026,20.202154541827255,20.74640963047159,23.916194577374142,-3.1697849469025527,1579.343,41.41995261630603,1662.182905232612,1496.5030947673881,0.49273900665920173,0.10490426111688152,27.80000000000002,12071070.65,1.6132392851797877,-66975112.0,-0.010415425615300178,0.017913493099460165,-0.008824323730202506,-0.024701658107297852,0.049399873657612225,-0.028412414039364786,19.284744227983094,28.69470936855186,0,0,-0.03184761808204595,HDFCBANK.NS,IN,Banking
2025-10-08,1581.06,1559.46,1528.43,1542.22,7858576,1577.058,1596.575,1580.3115,1540.2314,1582.273491699471,1566.8399399122832,46.47967134154981,12.617290698733655,15.433551787187753,22.219666019336866,-6.786114232149114,1580.3115,40.23911114889122,1660.7897222977824,1499.8332777022176,0.26334280931729176,0.10185108733022757,30.505000000000013,11562521.15,0.6796593250201903,-74833688.0,-0.02276097177690195,0.0201203459947218,-0.02456579762942289,-0.06699496660536253,0.012719571855402734,-0.03656411057316877,9.930865619977435,21.17961100851948,0,0,-0.031240679021151352,HDFCBANK.NS,IN,Banking
2025-10-09,1541.53,1544.43,1536.57,1540.06,9876782,1567.214,1590.217,1580.9850000000001,1540.8881999999999,1575.7791083610907,1564.8562406595206,43.84936625393797,15.669193347663679,10.922867701570112,19.960306355783516,-9.037438654213403,1580.9850000000001,39.396531306037026,1659.778062612074,1502.1919373879261,0.2403007406773317,0.09967591420794522,29.850714285714307,11819157.85,0.8356586221869757,-84710470.0,-0.001400578387000584,0.0051036972585451375,-0.0009535980486912832,-0.03964730238706948,0.008823587210711414,-0.03096999899325481,8.375342071090406,12.530317306350332,0,0,-0.05543290521148525,HDFCBANK.NS,IN,Banking
2025-10-10,1552.42,1543.03,1521.24,1530.93,16847673,1557.22,1580.4270000000001,1581.6444999999999,1540.604,1568.8792455363077,1562.3431857958512,40.643958774943314,16.09529343404992,6.536059740456494,17.275457032718112,-10.739397292261618,1581.6444999999999,38.37935375268672,1658.4032075053733,1504.8857924946265,0.16964985701055973,0.09706189665923651,29.409285714285733,12232897.45,1.3772429378746294,-101558143.0,-0.005928340454267933,0.014233178525462124,-0.013842903338005285,-0.06010449218150449,0.008690553059153672,-0.03160857739262446,6.634714138948108,8.313640610005335,0,0,-0.04768343425238253,HDFCBANK.NS,IN,Banking
2025-10-13,1531.72,1522.33,1519.18,1520.58,16630646,1542.386,1570.19,1582.6399999999999,1540.1094,1561.4485923768757,1559.2496164776387,30.33590064115485,15.735060213587715,2.1989758992369843,14.260160806021887,-12.061184906784902,1582.6399999999999,36.374299920919746,1655.3885998418393,1509.8914001581604,0.07346258116997308,0.09193322529671118,27.44857142857146,12654486.5,1.314209366440166,-118188789.0,-0.0067605965001666934,0.002071577950517429,-0.007272869715086848,-0.06307649650328118,0.013267407224772931,-0.04650885718764697,0.9452434001690717,5.318433203402548,0,0,-0.03512475502768675,HDFCBANK.NS,IN,Banking
2025-10-14,1519.42,1528.46,1527.42,1527.88,21486769,1532.334,1560.549,1581.9395,1539.737,1556.284193549664,1556.9259411829978,21.629468336055126,8.960353504357641,-0.6417476333338072,11.279779118150747,-11.921526751484555,1581.9395,37.32290484478419,1656.5853096895682,1507.2936903104317,0.13789327073444207,0.09437252143905771,24.498571428571463,13203555.0,1.6273471328481508,-96702020.0,0.004800799694853364,0.0006806817289311221,0.005567914072471382,-0.05935516441029609,-0.009086251289002423,-0.03184761808204595,7.2578626845144525,4.945940074543896,0,0,-0.02669712281069203,HDFCBANK.NS,IN,Banking
2025-10-15,1523.36,1496.26,1492.27,1494.04,16751335,1522.6979999999999,1549.8780000000002,1578.409,1538.3914000000002,1546.7081637727927,1552.267723317589,23.263075722092054,7.396149949341577,-5.55955954479623,7.911911385561352,-13.471470930357581,1578.409,42.08080696394786,1662.570613927896,1494.2473860721043,-0.0012320704322565052,0.10664107202612566,23.23214285714289,13467415.0,1.2438418030600673,-113453355.0,-0.022148336256774148,0.0026706112286132492,-0.01924692784370122,-0.06666250195220991,-0.04512830345444674,-0.031240679021151352,1.2058863605313555,3.136330815071645,0,0,-0.0009504430938931385,HDFCBANK.NS,IN,Banking
2025-10-16,1493.51,1455.43,1454.1,1454.69,7070112,1505.6240000000003,1536.4189999999999,1573.0385,1535.7482,1532.5515231923632,1545.0397438125797,10.263782402336616,7.147752863997013,-12.488220620216453,3.83188498440579,-16.320105604622242,1573.0385,50.31932455774414,1673.6771491154884,1472.3998508845118,-0.08798732415466325,0.12795446407119002,23.78142857142861,13346271.55,0.5297443142654837,-120523467.0,-0.026337982918797298,0.0009142841430127658,-0.025992460713335663,-0.08468614718614709,-0.0687600025606554,-0.05543290521148525,0.3190051365217385,2.927584727189201,1,1,0.04528112518818439,HDFCBANK.NS,IN,Banking
2025-10-17,1454.35,1463.75,1453.27,1457.93,11183677,1491.0240000000001,1524.1219999999998,1567.2530000000002,1533.1858,1521.0712888550765,1538.587170196831,11.885624538063567,10.212188741401178,-17.515881341754493,-0.437668280826268,-17.078213060928224,1567.2530000000002,56.516797139855846,1680.2865942797118,1454.2194057202885,0.01641367906302695,0.144244221296293,22.459285714285752,13208256.9,0.8467185517327005,-109339790.0,0.002227278664182819,0.007188273785430597,0.0024615807749150433,-0.07778480612309446,-0.07353015937571494,-0.04768343425238253,2.596534239691378,1.3738085789148429,1,1,0.03472731886990443,HDFCBANK.NS,IN,Banking
2025-10-20,1464.71,1481.71,1455.54,1467.17,11712039,1480.342,1511.364,1561.505,1530.6989999999998,1512.7787828773724,1533.2970094415084,14.987966841964564,19.144405729771705,-20.518226564136057,-4.453779937488227,-16.06444662664783,1561.505,60.62104485199544,1682.747089703991,1440.2629102960093,0.11096431020602138,0.15528876270509945,23.24142857142861,13233763.8,0.8850118750788135,-97627751.0,0.0063377528413572914,0.01783706046332888,0.0016795133507645588,-0.07999999999999996,-0.07266153855877833,-0.03512475502768675,8.517156862692964,3.810898746302046,1,1,0.05319083678101366,HDFCBANK.NS,IN,Banking
2025-10-21,1471.3,1492.77,1482.54,1487.09,13191306,1472.184,1502.259,1554.9540000000002,1529.0452000000002,1508.8266624346998,1529.8742680013959,24.25711179561513,35.16697670298521,-21.04760556669612,-7.772545063329806,-13.275060503366314,1554.9540000000002,61.25806700045215,1677.4701340009044,1432.437865999096,0.22304055888785052,0.15758168280325388,22.49000000000004,12855823.45,1.0260956853685101,-84436445.0,0.013577158747793305,0.006879207041936359,0.01073200570922941,-0.057694501121573594,-0.08097100938749524,-0.02669712281069203,22.96462280150085,11.359437967961748,1,1,0.06332501731569717,HDFCBANK.NS,IN,Banking
2025-10-22,1484.54,1505.31,1482.46,1492.62,7098156,1471.9,1497.299,1546.9370000000001,1527.463,1506.333329752438,1527.1146925938842,27.50209477702259,34.13426925845921,-20.781362841446253,-10.374308618953098,-10.407054222493155,1546.9370000000001,58.17096871337948,1663.278937426759,1430.5950625732412,0.26656311042412745,0.1504158701054842,22.660000000000032,12576803.5,0.5643846972416563,-77338289.0,0.0037186720373345583,0.015308651900674385,0.005442763414926162,-0.0321614296274203,-0.09700174232891312,-0.0009504430938931385,26.970527758553928,19.484102474249266,1,1,0.06393455802548553,HDFCBANK.NS,IN,Banking
2025-10-23,1483.88,1523.98,1517.83,1520.56,8847094,1485.074,1495.349,1542.783,1527.2318,1508.5220482520629,1526.629159809152,37.12774127485278,62.60216688842427,-18.107111557089183,-11.920869206580317,-6.186242350508866,1542.783,56.860296026409216,1656.5035920528182,1429.0624079471816,0.40229122272736406,0.14742266676874796,24.17428571428575,12592876.5,0.7025474519227238,-68491195.0,0.01871876298053099,0.00404456252959176,0.02471897997140949,-0.012661844343726858,-0.051807138759322635,0.04528112518818439,46.12063056856663,32.01859370954049,1,1,0.04406929026148254,HDFCBANK.NS,IN,Banking
2025-10-24,1522.48,1518.09,1500.94,1508.56,7075642,1495.2,1493.1119999999999,1536.7694999999999,1526.5674,1508.5278869825147,1525.2907035269923,31.466907495806993,84.58970078335686,-16.762816544477573,-12.88925867415977,-3.8735578703178035,1536.7694999999999,53.54420500120359,1643.8579100024072,1429.6810899975926,0.3682887345150886,0.13936821364861496,24.270714285714316,12239496.65,0.5780990529460169,-75566837.0,-0.007891829326037825,0.01136845733679038,-0.009142977247642617,-0.014612033208572628,-0.0738382765543365,0.03472731886990443,39.329918907103924,37.47369241140819,1,1,0.0419274009651589,HDFCBANK.NS,IN,Banking
2025-10-27,1512.93,1547.57,1543.32,1545.21,29332920,1510.808,1495.575,1532.8825,1526.3024000000003,1514.171288985205,1526.7662069694375,43.48101516411292,89.21639108554996,-12.594917984232552,-12.830390536174328,0.23547255194177552,1532.8825,49.63797568660072,1632.1584513732014,1433.6065486267985,0.562087040360339,0.1295284555380294,24.973571428571454,13416370.55,2.186352687884527,-46233917.0,0.024294691626451703,0.0027504352159235636,0.02133608296482893,0.01619776664167638,-0.04790042823253948,0.05319083678101366,86.5806573115493,57.343735595739965,1,1,0.02109098439694268,HDFCBANK.NS,IN,Banking
2025-10-28,1554.7,1598.2,1567.7,1581.26,20827719,1529.642,1500.913,1530.7310000000002,1527.174,1524.4926291413271,1530.8027842309614,57.72457459438067,91.31001520747338,-6.310155089634236,-11.52634344686631,5.216188357232074,1530.7310000000002,46.286929142837934,1623.3048582856761,1438.1571417143243,0.7729118183845066,0.12095379042511768,25.207857142857165,13817896.6,1.5073001409418463,-25406198.0,0.02333016224331974,0.019288415567320184,0.017083681739231273,0.03493729874073881,-0.026491574780365568,0.06332501731569717,88.31159870221268,71.40739164028865,0,0,-0.009795985479933766,HDFCBANK.NS,IN,Banking
2025-10-29,1580.41,1591.74,1585.1,1588.05,14153442,1548.728,1510.3139999999999,1530.096,1528.4116000000001,1534.2706861965075,1535.0433187323722,59.3246026502934,90.39692701664532,-0.7726325358646591,-9.37560126466598,8.60296872880132,1530.096,45.35349999840896,1620.802999996818,1439.389000003182,0.8194571532583677,0.11856380252841486,25.395000000000014,13964436.25,1.013534720133459,-11252756.0,0.004294043990235696,0.004181228550735757,0.004834188596626849,0.06292334877245587,-0.007933781040137422,0.06393455802548553,92.99661905683429,89.29629169019877,0,0,-0.007934258996882937,HDFCBANK.NS,IN,Banking
2025-10-30,1583.3,1590.82,1584.97,1587.57,10001684,1562.1299999999999,1523.602,1530.0104999999999,1529.9070000000002,1542.4705806278141,1538.9341840114564,61.388129322824476,89.5921941456092,3.536396616357706,-6.793201688461242,10.329598304818948,1530.0104999999999,45.23751813600831,1620.4855362720166,1439.5354637279831,0.8180960316286976,0.11826720963281964,24.256428571428582,13419658.75,0.7453008635334439,-21254440.0,-0.0003022574855955362,0.0036848768873159765,0.0026968988820800133,0.09134592249895168,-0.001075958924796172,0.04406929026148254,92.66542468714087,91.32454748206264,1,0,0.010550715873945737,HDFCBANK.NS,IN,Banking
2025-10-31,1588.37,1588.31,1558.61,1571.81,7696717,1574.78,1534.99,1529.556,1531.7286000000001,1546.984337454304,1541.369429640238,60.08107363532607,73.78631764596676,5.6149078140661,-4.311579787955773,9.926487602021872,1529.556,44.74227571089665,1619.0405514217932,1440.0714485782069,0.7360966185106965,0.11700722487013837,25.53857142857144,13464638.1,0.5716244559425288,-28951157.0,-0.00992712132378415,0.01889541356778564,-0.010425782405856017,0.0781107460577668,-0.005749889303561351,0.0419274009651589,81.79120954887325,89.15108443094948,1,1,0.030779801629968073,HDFCBANK.NS,IN,Banking
2025-11-03,1581.01,1598.65,1561.12,1577.8,23214451,1581.298,1546.053,1528.7085000000002,1533.2713999999999,1551.7252086151802,1544.067990407628,59.87419890814144,84.03460479748328,7.657218207552205,-1.9178201888541764,9.57503839640638,1528.7085000000002,43.58803207002197,1615.8845641400442,1441.5324358599562,0.7815652466275328,0.11405191263080823,27.65642857142859,14016513.35,1.6562213985818808,-5736706.0,0.0038108931741114294,0.02378628470020054,-0.0020303476891341647,0.0754036682865653,-0.010628625176359985,0.02109098439694268,85.65827486527947,86.70496970043122,1,1,0.0067118772975029994,HDFCBANK.NS,IN,Banking
2025-11-04,1575.95,1580.73,1553.8,1565.77,10947327,1578.2,1553.9209999999998,1528.09,1534.9,1553.8859457513063,1545.67554667373,65.52799064813614,63.333333333333314,8.210399077576312,0.10782366443192193,8.10257541314439,1528.09,42.93253275106741,1613.9550655021349,1442.224934497865,0.7194140293198972,0.11238220982020529,27.036428571428587,13590203.35,0.8055307130094773,-16684033.0,-0.007624540499429622,0.017199205502712957,-0.006459595799355058,0.052908700885622384,-0.00783834133853789,-0.009795985479933766,77.38340899657868,81.61096447024381,0,1,-0.004342911155533646,HDFCBANK.NS,IN,Banking
2025-11-05,1567.86,1592.81,1561.57,1575.45,17042142,1575.6799999999998,1562.204,1529.7514999999999,1537.2964,1557.2034925587977,1547.8810617349354,79.99503229011427,44.27360536171896,9.322430823862305,1.950745096317999,7.371685727544306,1529.7514999999999,44.1343320562694,1618.0201641125386,1441.482835887461,0.7588602674499396,0.11540261815396956,26.415000000000013,14049381.65,1.2130171427852738,358109.0,0.0061822617625832965,0.019829255133441352,0.004840993456045377,0.05549302568637704,0.02154686101853165,-0.007934258996882937,84.04182143290657,82.36116843158827,1,1,0.008378558507093237,HDFCBANK.NS,IN,Banking
2025-11-06,1577.99,1608.48,1601.0,1604.32,13226288,1579.03,1570.58,1532.9645,1540.4646,1564.4521860112905,1552.0617238286445,82.25443969506014,61.172915808268094,12.390462182645933,4.038688513583587,8.351773669062347,1532.9645,47.15968098135909,1627.2838619627182,1438.6451380372819,0.8782653874785884,0.12305485477668485,28.025714285714294,14216856.95,0.9303242704201037,13584397.0,0.01832492303786215,0.00466241148897686,0.016685783813575016,0.05508496869574375,0.04172564705271231,0.010550715873945737,97.27997907612601,86.23506983520377,0,0,-0.000991074099930156,HDFCBANK.NS,IN,Banking
2025-11-07,1601.75,1621.99,1618.76,1620.19,14963506,1588.7060000000001,1581.743,1537.4275,1543.6828,1573.0272343172458,1557.108262804301,82.75817777016613,68.49206349206355,15.918971512944836,6.4147451134558375,9.504226399489,1537.4275,51.02241817651663,1639.4723363530334,1435.3826636469666,0.9055202740135236,0.13274751017913625,27.418571428571436,14122648.6,1.059539564020621,28547903.0,0.009892041487982617,0.0019935933439893003,0.011512408303410984,0.0739977196796946,0.05830442933380353,0.030779801629968073,98.70995484771228,93.34391845224832,1,0,0.009350755158345603,HDFCBANK.NS,IN,Banking
2025-11-10,1623.64,1591.33,1586.03,1588.39,9918279,1590.824,1586.061,1540.818,1546.5195999999999,1575.390736729977,1559.425428522501,70.636408083442,57.95280122793561,15.965308207476028,8.324857732259877,7.64045047521615,1540.818,52.08590289128504,1644.98980578257,1436.6461942174299,0.7283343350050262,0.13521623680733547,28.030000000000022,13787030.25,0.7193919285560479,18629624.0,-0.01962732765910169,0.0033367120165681084,-0.02171047769208586,0.027944421793801633,0.04459482565863038,0.0067118772975029994,75.91915716995693,90.63636369793176,1,1,0.06422855847745201,HDFCBANK.NS,IN,Banking
2025-11-11,1593.83,1566.62,1552.86,1558.97,16387869,1589.464,1583.8319999999999,1542.3725,1548.6244,1572.8644695407497,1559.3916930763899,62.31760294063047,42.62551891595523,13.472776464359868,9.354441478679876,4.118334985679992,1542.3725,52.14335410799681,1646.6592082159937,1438.0857917840062,0.5795762963629294,0.135228951781656,28.93571428571433,13532085.25,1.2110378767353778,2241755.0,-0.018521899533489927,0.00882634046838051,-0.021871843295695293,-0.01409635354084715,0.020348456685080007,-0.004342911155533646,47.938868235869975,74.18932675117975,1,1,0.0853448109970043,HDFCBANK.NS,IN,Banking
2025-11-12,1564.41,1594.79,1583.74,1588.65,18000214,1592.104,1583.892,1547.1029999999998,1551.3612,1575.2930126883266,1561.5589750707318,62.55948647950716,57.872281860721195,13.734037617594822,10.230360706462866,3.503676911131956,1547.1029999999998,51.81834770568935,1650.7396954113785,1443.4663045886211,0.700445410934717,0.1339751721912655,29.254285714285743,13594529.2,1.3240776794184475,20241969.0,0.01903821112657722,0.0069555912252497396,0.015494659328427019,0.0003778218569945313,0.06332494444593184,0.008378558507093237,72.45766212249112,65.43856250943936,1,1,0.06753532873823676,HDFCBANK.NS,IN,Banking
2025-11-13,1590.73,1606.27,1599.9,1602.73,7935841,1591.786,1585.408,1554.505,1554.4189999999999,1579.514087659353,1564.6086806210483,67.23778143876991,59.1103393000267,14.905407038304702,11.165369972831234,3.7400370654734676,1554.505,48.3822991229373,1651.2695982458747,1457.7404017541255,0.7491872072713676,0.12449570537992781,29.1114285714286,13637815.65,0.5818996694019933,28177810.0,0.008862870991092953,0.003974468563011809,0.007543706348652792,0.009549185232777146,0.10176738686593012,-0.000991074099930156,75.51798652503476,65.30483896113196,1,1,0.045179163053040705,HDFCBANK.NS,IN,Banking
2025-11-14,1603.43,1641.65,1630.3,1635.34,8079068,1594.816,1591.761,1563.3755,1558.0818000000002,1588.1026895579141,1569.8480376120822,66.74594032180147,60.10686823928059,18.254651945831938,12.583226367431378,5.6714255784005605,1563.3755,45.94615939221723,1655.2678187844347,1471.4831812155655,0.8915697250383139,0.11755629889860214,29.105000000000036,13482585.2,0.5992224251457039,36256878.0,0.020346533726828486,0.006940452749882714,0.019901087044635533,0.04041837117717795,0.12168622636203374,0.009350755158345603,92.8933438439812,80.28966416383571,1,1,0.03843237491897722,HDFCBANK.NS,IN,Banking
2025-11-17,1636.95,1706.63,1677.44,1690.41,5816750,1615.22,1603.022,1574.5375,1562.3392,1603.8422757797734,1578.778553344521,68.94110297435186,68.22381397280182,25.06372243525243,15.079325580995588,9.984396854256842,1574.5375,48.3955210927867,1671.3285421855733,1477.7464578144265,1.0985703706792629,0.12294536292150793,30.412142857142904,13187820.75,0.4410698074532286,42073628.0,0.03367495444372426,0.01726800007097851,0.03265829744339618,0.0713715299784512,0.1521568734366161,0.06422855847745201,89.45177862984033,85.95436966628546,0,0,-0.01440478937062617,HDFCBANK.NS,IN,Banking
2025-11-18,1690.86,1702.01,1684.04,1692.02,4828113,1641.83,1615.6470000000002,1584.7839999999999,1566.1026000000002,1617.4080795059622,1587.1668086523348,68.37250397596749,81.89204160768138,30.241270853627384,18.11171463552195,12.129556218105435,1584.7839999999999,50.552557371930476,1685.8891147438608,1483.678885256139,1.0303193625299811,0.1275948201695589,30.947142857142904,12769661.1,0.37809246338632563,46901741.0,0.0009524316585916015,0.010620441838742691,0.0006860414227076138,0.080631254909725,0.13780605074339825,0.0853448109970043,90.49879690387911,90.94797312590025,0,1,-0.02173142161440167,HDFCBANK.NS,IN,Banking
2025-11-19,1706.45,1706.35,1687.62,1695.94,9430360,1663.288,1627.6960000000001,1594.95,1569.5644,1629.489913428122,1595.2240820854954,68.92000419009045,100.0,34.2658313426266,21.342537976942882,12.923293365683715,1594.95,51.478233724250835,1697.9064674485016,1491.9935325514984,0.990450005238983,0.1291030658621738,31.867142857142913,12886271.3,0.7318144285993398,56332101.0,0.002316757485136156,0.011044022783818398,-0.006158985027392441,0.07647973594845925,0.13621685358631153,0.06753532873823676,93.04805878849547,90.99954477407165,0,0,-0.03536681722230739,HDFCBANK.NS,IN,Banking
2025-11-20,1707.75,1689.95,1663.3,1675.14,9150573,1677.77,1634.778,1602.679,1572.5354,1636.5130036699493,1601.1437797087924,67.72809937206192,83.76141775314235,35.36922396115688,24.147875173785685,11.221348787371191,1602.679,51.325574614161226,1705.3301492283226,1500.0278507716775,0.8529478264192405,0.12809945001869805,32.07714285714292,12901445.25,0.7092672265328392,47181528.0,-0.012264584832010539,0.015909118043855548,-0.01909530083442003,0.044143313054752165,0.10165991476824332,0.045179163053040705,79.52136307420487,87.68940625552649,0,0,-0.04702890504674251,HDFCBANK.NS,IN,Banking
2025-11-21,1680.1,1706.09,1691.87,1698.19,31769743,1690.3400000000001,1642.578,1612.1605,1576.1444000000001,1646.001772336111,1608.3323886192525,69.51278809685891,84.82416459944552,37.66938371685842,26.852176882400236,10.817206834458183,1612.1605,50.53293126113129,1713.2263625222624,1511.0946374777375,0.9256110710979396,0.12537940548996182,31.60714285714289,14136150.3,2.2474110757430843,78951271.0,0.01376004393662611,0.008373621326230665,0.01076721623712242,0.04814250180534385,0.1257026568383095,0.03843237491897722,94.51128308451248,89.02690164907096,0,0,-0.06995683639639849,HDFCBANK.NS,IN,Banking
2025-11-24,1688.3,1678.15,1656.38,1666.06,17082922,1685.47,1650.345,1618.203,1579.4522,1649.0876535151708,1612.6085079807895,65.26065918013329,61.2461560989896,36.47914553438136,28.777570612796467,7.701574921584893,1618.203,49.31665471858035,1716.8363094371607,1519.5696905628392,0.7426005994949763,0.12190474178715499,32.67000000000002,13523650.4,1.26318857938027,61868349.0,-0.018920144389026006,0.013066756299285089,-0.013173014274706412,0.04889857025037925,0.07820943431637128,-0.01440478937062617,73.61644013738943,82.54969543203562,0,0,-0.04093490030371061,HDFCBANK.NS,IN,Banking
2025-11-25,1658.78,1660.4,1651.13,1655.25,11133317,1678.116,1659.973,1621.9025,1581.7194,1650.035706820529,1615.7671370192497,62.10117675603542,30.957538994800643,34.26856980127923,29.875770450493018,4.392799350786209,1621.9025,49.17449337496312,1720.2514867499262,1523.5535132500736,0.6695365712517396,0.12127607763088803,31.505000000000013,13038930.3,0.8538519564099551,50735032.0,-0.006488361763681949,0.005600362483005215,-0.0021280700273682133,0.06175872531222537,0.04679179894514496,-0.02173142161440167,66.58646029741439,78.23806117310545,0,0,-0.016426521673463257,HDFCBANK.NS,IN,Banking
2025-11-26,1649.85,1650.01,1624.71,1635.96,5410002,1666.1200000000001,1664.7040000000002,1624.298,1583.1456000000003,1647.8702134635244,1617.2629046474535,54.94158805522586,24.518181818181844,30.607308816070827,30.022078123608583,0.5852306924622432,1624.298,48.60221909597035,1721.5024381919407,1527.0935618080593,0.559986972901444,0.11968793680947808,31.327142857142867,12601758.3,0.4293052954915588,45325030.0,-0.011653828726778448,0.015464925792797188,-0.008418947177010912,0.029780001888395802,0.030169075281005098,-0.03536681722230739,54.04175066622854,64.74821703367748,1,0,0.010862123768307308,HDFCBANK.NS,IN,Banking
2025-11-27,1636.7,1606.58,1588.18,1596.36,17723150,1650.364,1664.0670000000002,1624.7375,1583.8308000000002,1639.9455652383667,1615.7145413402347,46.535027772123165,15.8223503569467,24.23102389813198,28.863867278513265,-4.632843380381285,1624.7375,48.2913640394382,1721.3202280788764,1528.1547719211235,0.35309226315714537,0.11889025529209123,33.47785714285715,12987831.6,1.3645964300463804,27601880.0,-0.024205970806132293,0.011526222155396238,-0.02464715586239109,-0.003974468563014422,0.005536763733252625,-0.04702890504674251,28.28900305632897,49.63907133999066,1,1,0.03549951138840868,HDFCBANK.NS,IN,Banking
2025-11-28,1582.64,1581.67,1577.57,1579.39,19185611,1626.6039999999998,1658.4720000000002,1625.1164999999999,1583.9458000000002,1630.629324432464,1613.0238345742912,48.63238512035011,16.249559393725747,17.60548985817286,26.612191794445184,-9.006701936272325,1625.1164999999999,47.88212701108141,1720.8807540221626,1529.3522459778371,0.261254862437092,0.11785524794327522,32.379999999999995,13562276.3,1.41463049129662,8416269.0,-0.010630434237891118,0.0025959389384493637,-0.002053530809279398,-0.0342130688419533,0.004822465819660282,-0.06995683639639849,17.253040254814096,33.19459799245722,1,1,0.06070698180943257,HDFCBANK.NS,IN,Banking
2025-12-01,1578.91,1598.79,1597.11,1597.86,13418113,1612.964,1649.217,1626.1195,1584.2604000000001,1625.5878899043926,1611.9005875687883,56.11304976578955,13.455234209951058,13.687302335604272,24.027213902677005,-10.339911567072733,1626.1195,47.041532094970826,1720.2025641899418,1532.0364358100583,0.34981622227302467,0.11571482193022578,31.227857142857115,13072459.4,1.0264412810919663,21834382.0,0.011694388339801964,0.0010514062558666043,0.01200195071282582,-0.05475003105755416,0.012713905437951478,-0.04093490030371061,15.721369905348462,20.421137738830527,1,1,0.046762544903808934,HDFCBANK.NS,IN,Banking
2025-12-02,1610.87,1637.34,1620.63,1628.06,12543285,1607.526,1642.821,1629.234,1584.4594,1625.968214534486,1613.0975810822117,56.18467719155079,35.961282695433695,12.870633452274205,21.795897812596447,-8.925264360322242,1629.234,44.84646925021611,1718.9269385004322,1539.5410614995676,0.4934554491127093,0.1101044276026369,31.489285714285693,13152257.3,0.9536981949328047,34377667.0,0.01890027912332748,0.010263749493255498,0.010671252180492146,-0.03780097161972085,0.03978234351149901,-0.016426521673463257,39.121338911830726,24.031916357331113,1,1,0.040717172585776895,HDFCBANK.NS,IN,Banking
2025-12-03,1632.88,1667.88,1642.41,1653.73,28886864,1611.08,1638.6,1633.1480000000001,1584.4748000000002,1630.2392584522572,1616.1073898909367,57.722592368261665,49.494007989347544,14.131868561320516,20.263091962341264,-6.131223401020748,1633.1480000000001,43.29449808244187,1719.736996164884,1546.5590038351163,0.6188488197749085,0.10603937446554851,33.074999999999996,13744493.4,2.101704374080141,63264531.0,0.01576723216589082,0.015401546806301286,0.012768850129824077,-0.024888852199959954,0.04968739090418617,0.010862123768307308,59.011312567340674,37.95134046150664,1,1,0.01745750515501321,HDFCBANK.NS,IN,Banking
2025-12-04,1660.61,1656.22,1650.48,1653.03,12548326,1622.414,1636.389,1635.5835,1585.4626,1633.7455263826794,1618.8423980471634,52.96523517382414,56.485069523592415,14.90312833551593,19.1910992369762,-4.28797090146027,1635.5835,42.95619853255695,1721.495897065114,1549.671102934886,0.6015365686175395,0.10505412541158729,30.70499999999999,13710595.3,0.9152283186982902,50716205.0,-0.00042328554238002525,0.0034724112690008874,-0.0045645877117416874,-0.013198896808625071,0.030361773212326693,0.03549951138840868,58.46892917977317,52.20052688631487,1,1,0.006327773845604678,HDFCBANK.NS,IN,Banking
2025-12-05,1650.56,1676.54,1674.26,1675.27,10949900,1641.5900000000001,1634.097,1638.3375,1586.3914000000002,1640.1339069391902,1623.0222204140402,47.14834626685751,84.53391684901543,17.111686525149935,18.775216694610947,-1.663530169461012,1638.3375,43.67694380032625,1725.6913876006527,1550.9836123993475,0.7113958577787017,0.106637231462503,27.292142857142835,13509915.0,0.8105083702963068,61666105.0,0.013454081293140518,0.0013609746488617428,0.014970676618835466,-0.013496722981527487,0.03399601281331188,0.06070698180943257,75.86581767296273,64.44868647335888,0,1,-0.009550699290263642,HDFCBANK.NS,IN,Banking
2025-12-08,1679.56,1684.0,1663.45,1672.58,10162855,1656.534,1634.749,1642.547,1587.3840000000002,1645.12561356393,1626.6931670500371,46.35326780220604,96.60898269480835,18.432446513892955,18.706662658467348,-0.2742161445743925,1642.547,42.65481475877327,1727.8566295175465,1557.2373704824536,0.6760235050203021,0.10387481090951373,27.476428571428546,13522143.8,0.7515712300314962,51503250.0,-0.0016057113181756622,0.012286407825029396,-0.004155850341753711,0.003913424486513106,0.05300335559906566,0.046762544903808934,73.77698400315441,69.37057695196346,1,0,0.005709741835966176,HDFCBANK.NS,IN,Banking
2025-12-09,1675.57,1699.45,1690.28,1694.35,11437630,1669.792,1638.659,1649.316,1588.7851999999998,1652.6985960925563,1631.7047843055898,49.72045430570692,96.71734288757617,20.99381178696649,19.164092484167178,1.8297193027993117,1649.316,39.30399730575122,1727.9239946115024,1570.7080053884977,0.7864466917250666,0.09532193298489156,28.057857142857124,13274631.85,0.8616155436645466,62940880.0,0.013015819871097234,0.005412104936993337,0.011208126189886883,0.023621809394351212,0.08683938754434006,0.040717172585776895,90.86523498217502,80.16934555276407,1,0,0.01906925959807615,HDFCBANK.NS,IN,Banking
2025-12-10,1690.21,1699.83,1668.82,1682.6,10925037,1675.566,1643.3229999999999,1654.0135000000002,1590.4222,1657.2988120783168,1635.4748002829533,51.35468874845642,82.15043621787306,21.824011795363504,19.696076346406443,2.1279354489570608,1654.0135000000002,37.23143186454378,1728.4763637290878,1579.5506362709127,0.6919513873607639,0.09003900358617689,27.941428571428542,12920873.0,0.8455339011896563,52015843.0,-0.006934812760055475,0.01842981100676427,-0.004502399110167154,0.02850925450500008,0.05913826204639139,0.01745750515501321,81.72268907499436,82.12163602010794,1,0,0.039112088434565706,HDFCBANK.NS,IN,Banking
2025-12-11,1680.91,1669.39,1658.77,1663.49,6553799,1677.658,1650.036,1657.0515,1591.9063999999998,1658.2513025278065,1637.550000261994,43.607221812822395,56.235624840275996,20.7013022658125,19.897121530287656,0.8041807355248451,1657.0515,35.252942135522105,1727.5573842710442,1586.545615728956,0.5456593096166481,0.08509799999698449,27.432857142857124,12851770.9,0.5099529505343928,45462044.0,-0.011357423035777914,0.00638416822463239,-0.01036343409224153,0.042051918113708675,0.03791031552413693,0.006327773845604678,70.27646000269696,80.95479468662214,1,1,0.018208705793241853,HDFCBANK.NS,IN,Banking
2025-12-12,1653.07,1666.66,1653.35,1659.27,14507911,1674.4579999999999,1658.0240000000001,1658.248,1593.4738,1658.4080252158365,1639.1588891314761,48.60569222555341,53.815113719735876,19.249136084360316,19.76752444110219,-0.5183883567418732,1658.248,34.88139974859081,1728.0107994971818,1588.4852005028183,0.5073248207272265,0.08414036922962025,25.397142857142853,13173213.05,1.101319005744084,30954133.0,-0.002536835207906263,0.008021599860174746,0.0037505973733697275,0.050576488391087526,0.014633042670025853,-0.009550699290263642,66.82479960684753,72.94131622817964,1,1,0.027108306664979098,HDFCBANK.NS,IN,Banking
2025-12-15,1669.91,1694.62,1672.13,1682.13,5672232,1676.368,1666.4509999999998,1657.834,1595.2214000000001,1662.0575597980155,1642.3419343809965,55.25945057525243,54.16262135922337,19.715625417019055,19.757144636285563,-0.041519219266508145,1657.834,34.52692060285322,1726.8878412057065,1588.7801587942936,0.6759206987989855,0.08330609844612286,26.85571428571429,13165987.15,0.43082463202733473,36626365.0,0.01377714296045851,0.013369953570762313,0.007317759639736698,0.05273928879876855,-0.004898219958471617,0.005709741835966176,85.52265663270485,74.20797208074981,1,1,0.007597510299441668,HDFCBANK.NS,IN,Banking
2025-12-16,1687.35,1734.21,1720.61,1726.66,5251405,1682.83,1676.3110000000001,1659.566,1598.1918000000003,1671.996396752167,1648.5877170194412,66.15143528741365,71.7643271088217,23.40867973272566,20.487451655573583,2.921228077152076,1659.566,37.104685390051074,1733.775370780102,1585.356629219898,0.952058812072815,0.08943226214571441,28.39428571428571,13187151.75,0.3982212915521131,41877770.0,0.026472389173250566,0.007876478287556473,0.023296885649081032,0.060562878517990804,0.02047257124620283,0.01906925959807615,95.18003064290619,82.50916229415287,0,0,-0.02425491990316575,HDFCBANK.NS,IN,Banking
2025-12-17,1722.14,1777.15,1725.42,1748.41,15359436,1695.9920000000002,1685.779,1662.1895,1602.3156,1683.7523357133718,1655.9819602031864,78.91453999163281,71.75978103365004,27.77037551018543,21.944036426495956,5.826339083689476,1662.1895,41.41632610647421,1745.0221522129484,1579.3568477870515,1.020449953584256,0.09966691789702513,28.676428571428573,13483605.55,1.1391192662767218,57237206.0,0.012596573731944893,0.02958688179544296,0.015254276655779858,0.05725239307504859,0.030938594525749652,0.039112088434565706,85.59975949451048,88.7674822567072,0,0,-0.03480304962794778,HDFCBANK.NS,IN,Banking
2025-12-18,1746.18,1717.32,1674.95,1693.78,10432001,1702.05,1689.854,1663.1215,1605.39,1685.29505329593,1658.7818150029505,69.02757909444756,53.345302214242984,26.513238292979622,22.85787679979269,3.6553614931869305,1663.1215,41.92964097590557,1746.9807819518112,1579.2622180481887,0.6827972961713098,0.10084564711809788,32.58142857142858,13547676.95,0.7700213304819518,46805205.0,-0.031245531654474745,0.02501505508388036,-0.030008361108230585,0.024651700211127503,0.01112742815525869,0.018208705793241853,53.693623638893044,78.15780459210326,0,0,-0.004711355666025097,HDFCBANK.NS,IN,Banking
2025-12-19,1691.22,1720.4,1691.33,1704.25,14764719,1711.0459999999998,1692.752,1663.4244999999999,1608.8564,1688.21119894271,1662.1498287064358,68.18073071533544,62.861289915436046,26.061370236274342,23.498575487089024,2.5627947491853185,1663.4244999999999,42.2173066875101,1747.8591133750201,1578.9898866249796,0.7417580798169232,0.10151902100151766,33.27214285714289,12697425.75,1.162811905963545,61569924.0,0.006181440328732135,0.01705735660846889,0.007704497345107241,0.01729870408949008,0.0035685052909273374,0.027108306664979098,53.42448249390855,64.23928854243738,1,0,4.10737861229471e-05,HDFCBANK.NS,IN,Banking
2025-12-22,1694.76,1705.54,1686.4,1694.91,21930654,1713.602,1694.985,1664.8669999999997,1612.3429999999998,1689.2417837207547,1664.5765080615147,62.30081330732715,60.89375229245631,24.665275659240024,23.731915521519227,0.933360137720797,1664.8669999999997,42.80094282040643,1750.4688856408127,1579.2651143591868,0.6754809474956301,0.10283330216859551,31.819285714285733,12939812.35,1.6948199643080633,39639270.0,-0.00548041660554488,0.011292635007161784,8.850810734263402e-05,0.01335063195781383,0.01731630313434107,0.007597510299441668,38.96393053258896,48.69401222179687,1,0,0.016195550206205445,HDFCBANK.NS,IN,Banking
2025-12-23,1698.78,1707.35,1666.72,1684.78,11256206,1705.226,1694.0279999999998,1666.3435000000002,1615.4809999999998,1688.5553554560233,1666.073063019921,56.05995550177601,50.8783559827643,22.482292436102398,23.481990904435865,-0.9996984683334666,1666.3435000000002,42.96077357372114,1752.2650471474424,1580.421952852558,0.6072868250833245,0.10312585267970334,31.877142857142854,12945956.8,0.8694764940451142,28383064.0,-0.005976718527827551,0.024115908308488802,-0.00824120839660919,-0.005648183669253681,0.017840205407038123,-0.02425491990316575,27.078234783081353,39.822215936526305,1,1,0.019230997518963955,HDFCBANK.NS,IN,Banking
2025-12-24,1683.92,1690.14,1685.5,1687.56,7922423,1693.056,1694.5240000000001,1668.9235,1619.3513999999998,1688.4022238474042,1667.6646879814084,56.68486467650133,32.08065994500454,20.737535865995824,22.93309989674786,-2.1955640307520348,1668.9235,42.58785844704049,1754.099216894081,1583.747783105919,0.6094003119607763,0.10207264370599367,31.850000000000005,13071577.85,0.606080037531197,36305487.0,0.0016500670710715148,0.0027495318684949577,0.0021616228799454314,0.0029478188517770842,0.031541113474657045,-0.03480304962794778,27.633279482813936,31.225148266161437,1,1,0.010381853089667992,HDFCBANK.NS,IN,Banking
2025-12-25,1681.9,1705.08,1670.39,1685.8,5814688,1691.4599999999998,1696.7549999999999,1673.3955,1623.9735999999998,1688.0018817170342,1669.00804442723,52.214138525589796,14.86926270901131,18.993837289804105,22.14524737535911,-3.1514100855550033,1673.3955,39.12205401385558,1751.6396080277113,1595.1513919722888,0.5792679494475634,0.09351537998956554,32.64857142857142,12476154.75,0.4660640758672799,30490799.0,-0.0010429258811538444,0.020577767232162328,0.0023188061121336254,0.013411562438006897,0.056027462477135526,-0.004711355666025097,26.211631663762425,26.974381976552593,1,1,0.03642780875548701,HDFCBANK.NS,IN,Banking
2025-12-26,1677.63,1707.68,1701.62,1704.32,19962419,1691.4739999999997,1701.2600000000002,1679.6420000000003,1628.9014000000002,1690.512361452875,1671.623744840028,56.257392950082796,59.94339622641506,18.888616612847045,21.4939212228567,-2.6053046100096537,1679.6420000000003,32.7824427656644,1745.2068855313291,1614.0771144686714,0.6881952496319054,0.07807007151677538,32.743571428571435,12514995.15,1.5950799153861506,50453218.0,0.010985882073792919,0.00355567029665592,0.015909348306828035,0.02715049389189228,0.07910015892211542,4.10737861229471e-05,41.171243941509076,31.6720516960285,1,1,0.0279818343972964,HDFCBANK.NS,IN,Banking
2025-12-29,1707.37,1739.87,1708.34,1722.36,10383855,1696.964,1705.283,1685.8669999999997,1634.0052000000003,1695.4119981524327,1675.381985962989,55.6044659650246,64.94964503879802,20.030012189443823,21.201139416174126,-1.1711272267303023,1685.8669999999997,27.891332383109436,1741.6496647662186,1630.0843352337808,0.8270998270888688,0.06617682743204038,33.363571428571426,12363282.25,0.8398946129459584,60837073.0,0.010584866691701,0.018306277433278565,0.00877958497571776,0.023916106365144074,0.07791671360444585,0.016195550206205445,55.74313408678712,41.04200323068623,0,1,-0.0004702849578485102,HDFCBANK.NS,IN,Banking
2025-12-30,1723.78,1737.65,1700.81,1717.18,24731928,1703.444,1704.3349999999998,1690.3229999999999,1638.6069999999997,1698.760921513597,1678.4781351509157,57.105868814729604,69.7394079063996,20.282786362681236,21.01746880547555,-0.7346824427943126,1690.3229999999999,25.154614539511204,1740.6322290790222,1640.0137709209775,0.7669192163235907,0.05952617231025379,33.78000000000001,12972714.4,1.9064573019153723,36105145.0,-0.003007501335376972,0.021453778869995395,-0.0038287948578102082,-0.005490368688682246,0.05473999729739698,0.019230997518963955,51.55896607389699,49.49111470073108,1,1,0.012316705295892127,HDFCBANK.NS,IN,Banking
2025-12-31,1721.75,1709.87,1701.25,1705.08,18791409,1706.9479999999999,1700.002,1692.8905,1642.8562,1699.733087434582,1680.4486436582554,58.79988151157375,67.38609112709833,19.284443776326725,20.670863799645787,-1.3864200233190616,1692.8905,23.807582046367852,1740.5056640927357,1645.2753359072642,0.6280001889275395,0.05625309385658156,33.2157142857143,12467941.65,1.507178010639951,17313736.0,-0.007046436599541184,0.0050554812677380745,-0.009682009583267252,-0.024782516686589595,0.03105101800172938,0.010381853089667992,41.78513731791768,49.695745826200614,1,1,0.04910620029558732,HDFCBANK.NS,IN,Banking
2026-01-01,1706.15,1750.91,1744.24,1747.21,7271290,1719.23,1705.345,1697.5994999999998,1647.3892,1707.0372278292618,1685.3939293131994,66.03457078258333,80.51775299293978,21.643298516062487,20.865350742929127,0.7779477731333593,1697.5994999999998,24.801817945885254,1747.2031358917702,1647.9958641082294,1.000069189557442,0.05843973904532983,35.538571428571444,12204089.85,0.5958075934841144,24585026.0,0.02470851807539831,0.0038175147807053846,0.024065879318920305,0.03154482872628095,0.05697416259837995,0.03642780875548701,72.88780222699546,55.41063520627006,1,0,0.04101395939812602,HDFCBANK.NS,IN,Banking
2026-01-02,1755.38,1753.98,1750.44,1752.01,12016483,1728.768,1710.1209999999999,1701.4365000000003,1652.2582,1713.9561158555293,1690.3284530677772,63.639912554653314,82.85203929740996,23.627662787752115,21.41781315189373,2.2098496358583866,1701.4365000000003,27.003818302131037,1755.4441366042624,1647.428863395738,0.9682069349711219,0.0634847513900524,33.497142857142876,12257419.0,0.9803435796440034,36601509.0,0.002747237023597693,0.0020205364124622253,-0.0019198122343869694,0.028024057503300615,0.04580754147092714,0.0279818343972964,77.23444716039805,63.96912890177041,1,1,0.06704870405990837,HDFCBANK.NS,IN,Banking
2026-01-05,1747.65,1727.8,1716.54,1721.55,9229431,1728.6059999999998,1712.7849999999999,1703.8849999999998,1655.785,1715.1244057239094,1692.641160247942,48.94460737742159,57.64350989264485,22.48324547596735,21.630899616708454,0.8523458592588966,1703.8849999999998,26.46434552771498,1756.8136910554297,1650.9563089445699,0.6668754662838112,0.06212706967359752,32.31071428571431,12210747.8,0.7558448012623108,27372078.0,-0.017385745515151152,0.006540617466813889,-0.0149343403999572,0.015717648724711042,0.029278121225890574,-0.0004702849578485102,49.651362853847125,66.59120408041356,1,1,0.07881269785948719,HDFCBANK.NS,IN,Banking
2026-01-06,1725.46,1753.77,1725.98,1738.33,14381342,1732.836,1718.14,1706.084,1658.9264,1718.6944971510002,1696.0255187480943,47.87449392712548,57.164647824136395,22.66897840290585,21.838515373947935,0.8304630289579151,1706.084,27.439598623728674,1760.9631972474574,1651.2048027525427,0.7937907405405797,0.06433352314121131,30.917142857142885,12357933.4,1.1637334796015748,41753420.0,0.009747030292468928,0.015986607836247422,0.0074588805304048955,0.03178456534384311,0.0259568566116799,0.012316705295892127,82.06509282509656,69.65030094644726,1,1,0.06998671138391455,HDFCBANK.NS,IN,Banking
2026-01-07,1733.83,1803.17,1777.33,1788.81,6853139,1749.5819999999999,1728.2649999999999,1711.3944999999999,1662.9416,1729.4814975893078,1702.8984432852728,70.3953298707988,72.84848484848477,26.58305430403493,22.787423159965336,3.7956311440695956,1711.3944999999999,32.471659299015094,1776.33781859803,1646.4511814019697,1.0960235915727612,0.07589520545729486,30.301428571428605,12154338.5,0.563842979702846,48606559.0,0.02903936536791063,0.014445357528181138,0.031710144593165596,0.05999786674251584,0.06312254843694287,0.04910620029558732,89.47599853360582,73.73081807084985,1,1,0.07647542220806014,HDFCBANK.NS,IN,Banking
2026-01-08,1780.62,1826.81,1812.52,1818.87,6232534,1763.914,1741.5720000000001,1719.1634999999999,1667.5676,1743.2335748832602,1711.4889289678451,72.691637630662,82.56539408162095,31.74464591541505,24.57886771105528,7.165778204359768,1719.1634999999999,38.445285286874665,1796.0540705737492,1642.2729294262506,1.14836623824516,0.08945114362153987,30.939285714285738,12138275.25,0.5134612091234948,54839093.0,0.01680446777466571,0.007856526304789297,0.021481281800709035,0.07893581682287332,0.0934060318967953,0.04101395939812602,95.040289836373,88.86046039835848,1,1,0.05373116275489731,HDFCBANK.NS,IN,Banking
2026-01-09,1817.6,1890.61,1852.58,1869.48,4659101,1787.4080000000001,1758.0880000000002,1729.6739999999998,1673.5209999999997,1762.656101824297,1723.1919712665233,79.70595242146817,83.37245482832031,39.464130557773615,27.55592028039895,11.908210277374664,1729.6739999999998,48.6021257278201,1826.8782514556399,1632.4697485443596,1.2191352122215695,0.11239603700533621,34.696428571428605,11645834.75,0.40006583469116846,59498194.0,0.027824968249517523,0.0203425551490145,0.028543133802801258,0.09690668419076243,0.12668824241985943,0.06704870405990837,90.56232971508085,91.6928726950199,1,1,0.001278430365663219,HDFCBANK.NS,IN,Banking
2026-01-12,1864.24,1864.19,1851.66,1857.23,6359462,1814.5439999999999,1771.575,1738.429,1679.1096000000002,1777.2059323128665,1733.1207141356697,79.13498901841527,77.59651699538396,44.08521817719679,30.861779859758517,13.223438317438276,1738.429,54.944118300224986,1848.31723660045,1628.54076339955,1.0405537647806467,0.12642246142970093,33.06714285714289,11680196.25,0.5444652914572997,53138732.0,-0.006552624259152262,0.0067466065053834075,-0.0037602454619556657,0.07830534847534776,0.10409421388358808,0.07881269785948719,84.84243029659054,90.14834994934814,1,1,0.029538613957345028,HDFCBANK.NS,IN,Banking
2026-01-13,1850.07,1875.29,1847.75,1859.99,3466355,1838.8759999999997,1785.8559999999998,1745.0955,1684.994,1789.9419427262717,1742.518439014509,79.13357888689893,92.48189517613847,47.42350371176258,34.17412463015933,13.249379081603244,1745.0955,61.17618624018955,1867.447872480379,1622.7431275196209,0.9695229756066054,0.14022427137117585,34.651428571428596,11590943.75,0.29905715839082053,56605087.0,0.0014860841145145631,0.014806531217901793,0.0053619592772136794,0.08316542237855074,0.07721844485886042,0.06998671138391455,86.09572245896791,87.16682749021311,1,1,0.019704407012941072,HDFCBANK.NS,IN,Banking
2026-01-14,1844.1,1936.84,1916.63,1925.61,6191698,1866.236,1807.909,1753.9555,1691.9972,1810.8139515376147,1756.0807768652862,83.32638483559853,94.21569553310039,54.73317467232846,38.28593463859316,16.447240033735298,1753.9555,73.30990322093423,1900.5753064418684,1607.3356935581317,1.0853728229649924,0.16718760132943486,37.66285714285717,11132556.85,0.5561792791402382,62796785.0,0.035279759568599856,0.010495375491397176,0.04420042297053077,0.1293370399042859,0.10134922586807438,0.07647542220806014,95.24213023727813,88.7267609976122,1,0,0.012645343553471466,HDFCBANK.NS,IN,Banking
2026-01-15,1927.9,1926.43,1908.73,1916.6,10130868,1885.782,1824.848,1765.0965,1698.2428,1827.0887282241354,1767.97108969008,80.3014731072285,87.51688098173918,59.11763853405546,42.45227541768563,16.665363116369832,1765.0965,80.28311786060999,1925.66273572122,1604.5302642787801,0.9717788248522966,0.18193479588354405,37.36428571428574,11117500.2,0.9112540505055219,52665917.0,-0.0046790367727629345,0.00923510382969363,-0.005861299859948296,0.09694884988066677,0.1315519134716432,0.05373116275489731,91.42481887856871,90.92089052493827,1,0,0.038187415214442355,HDFCBANK.NS,IN,Banking
2026-01-16,1914.87,1872.23,1871.59,1871.87,5822586,1886.2599999999998,1836.8339999999996,1773.4775000000002,1703.2763999999997,1833.9781546511913,1775.6673052685924,69.8304904899594,64.32587306735863,58.31084938259892,45.62399021066829,12.686859171930628,1773.4775000000002,82.3201905830586,1938.1178811661175,1608.8371188338829,0.798810350481167,0.18566954603712138,38.04000000000003,10670393.55,0.5456767294513959,46843331.0,-0.023338203067932772,0.00034190408521946405,-0.022455832510811465,0.0684128515248199,0.09835411471321698,0.001278430365663219,72.47383807112452,86.38026239565714,1,1,0.046514982343859534,HDFCBANK.NS,IN,Banking
2026-01-19,1861.99,1924.42,1902.22,1912.09,12582516,1897.232,1855.8879999999997,1784.3365,1709.7504,1845.995361627931,1785.7726900635114,73.65355209825002,62.20287530786411,60.22267156441967,48.543726481418574,11.678945083001096,1784.3365,85.66700441243098,1955.6705088248618,1613.002491175138,0.872820028187507,0.19204226201141536,39.16214285714289,10202986.65,1.2332187817555575,59425847.0,0.02148653485551888,0.01161033214963126,0.02690669659878571,0.11067932967384042,0.1281365972234514,0.029538613957345028,89.4944607152702,84.46437255498783,1,1,0.0017990784952590655,HDFCBANK.NS,IN,Banking
2026-01-20,1904.24,1925.02,1873.94,1896.64,10901019,1904.562,1871.7190000000003,1794.9294999999997,1716.5038,1853.786844454403,1793.98508339214,73.0595146379045,61.08330052308908,59.80176106226304,50.79533339758748,9.006427664675563,1794.9294999999997,85.80707359351932,1966.5436471870385,1623.315352812961,0.7963348350539885,0.1912210448231456,41.67285714285716,10185227.3,1.070277334873289,48524828.0,-0.00808016359062591,0.026931837354465263,-0.003991093559633197,0.09107016504346133,0.12574935599900283,0.019704407012941072,81.75215615033258,81.24015164557579,1,1,0.01636578370170394,HDFCBANK.NS,IN,Banking
2026-01-21,1901.71,1959.19,1942.58,1949.96,6640563,1909.432,1887.834,1808.0495000000003,1723.73,1868.582714538341,1805.5387809186482,73.76626421287072,69.700021896212,63.04393361969278,53.24505344200854,9.79888017768424,1808.0495000000003,88.54311530637082,1985.135730612742,1630.9632693872586,0.9006819149859083,0.19588648498024389,42.867142857142866,10121134.3,0.6561085098822856,55165391.0,0.028112873291715745,0.008518123448681823,0.02537190213017475,0.09008782374874924,0.15549076773566584,0.012645343553471466,96.19616731878757,89.14759472813013,0,0,-0.02348766128535973,HDFCBANK.NS,IN,Banking
2026-01-22,1955.7,2005.03,1977.6,1989.79,6973976,1924.0699999999997,1904.9260000000002,1823.2489999999998,1731.4712,1887.2299892247502,1819.1870193691188,75.75718185363318,65.84221958925754,68.04296985563133,56.204636724733106,11.83833313089822,1823.2489999999998,92.45822817273451,2008.1654563454688,1638.3325436545308,0.9503141669768718,0.20284278926835292,46.31714285714286,10179098.7,0.6851269960544742,62139367.0,0.020426060021744075,0.013785374335978309,0.017431098839281324,0.09397043219141565,0.1803238818365167,0.038187415214442355,94.71732122397755,90.88854823103259,0,0,-0.036853135255479175,HDFCBANK.NS,IN,Banking
2026-01-23,2000.91,1961.09,1957.21,1958.94,5755092,1941.484,1913.872,1835.98,1737.9431999999997,1898.2622985747887,1829.5390920084433,75.69322683291126,59.4340463458111,68.72320656634543,58.70835069305558,10.014855873289846,1835.98,92.74989811314774,2021.4797962262955,1650.4802037737045,0.8314289355045081,0.20207169601650835,46.11071428571428,9468732.35,0.6077995638138864,56384275.0,-0.015504148679006291,0.0019806630116276664,-0.02097545616743334,0.04785287887540912,0.14939682688696965,0.046514982343859534,83.48324672967756,91.46557842414757,0,0,-0.002189959876259584,HDFCBANK.NS,IN,Banking
2026-01-26,1959.55,1934.26,1900.55,1915.53,12472517,1942.172,1919.702,1845.6384999999998,1742.4456,1900.9188680248214,1835.9087888967067,68.13344248874337,59.785727093419425,65.01007912811474,59.96869638006742,5.041382748047319,1845.6384999999998,90.32144177878945,2026.2813835575787,1664.995616442421,0.6934521267122854,0.19575110029128787,47.980000000000004,9573165.45,1.3028622311272986,43911758.0,-0.022159943642990676,0.017598262621823953,-0.022464341302838673,0.0313908347377545,0.11215425346617436,0.0017990784952590655,60.69389547623763,79.63148780996427,1,1,0.012320349981467249,HDFCBANK.NS,IN,Banking
2026-01-27,1916.59,1951.32,1908.76,1927.68,6413603,1948.3799999999999,1926.471,1856.1634999999999,1747.1588000000002,1905.035965251772,1842.7066563858398,65.42074755146913,53.99723091123536,62.32930886593226,60.440818877240396,1.888489988691866,1856.1634999999999,86.75889247763936,2029.6812849552787,1682.645715044721,0.7060782991718292,0.18696390156921555,46.38857142857142,8657249.2,0.7408360451451432,50325361.0,0.006342892045543502,0.022078353253640576,0.005786318409255167,0.03639266877778913,0.12258470282672751,0.01636578370170394,59.82026907662038,67.99913709417854,1,1,0.01810985225763595,HDFCBANK.NS,IN,Banking
2026-01-28,1918.49,1915.35,1895.21,1904.16,18388679,1939.22,1924.3259999999998,1866.1174999999998,1751.3232,1904.901201366884,1847.2587559128146,59.61057399770132,51.85148709868032,57.642445454069275,59.88114419260618,-2.238698738536904,1866.1174999999998,79.64090484794347,2025.3993096958868,1706.8356903041129,0.6194188466090839,0.17070930388445704,45.99357142857142,8637112.7,2.129030557974477,31936682.0,-0.01220119521912355,0.010576842282155541,-0.007469416051161308,-0.011139327278109179,0.11675698500950116,-0.02348766128535973,35.86597151554008,52.12671202279938,1,1,0.044875430636081015,HDFCBANK.NS,IN,Banking
2026-01-29,1899.51,1950.8,1888.99,1916.46,13274471,1924.554,1924.312,1874.58,1756.1496,1906.6794780796713,1852.3847739933467,55.79399141630902,39.664321856102674,54.2947040863246,58.763856171349865,-4.469152085025264,1874.58,75.20984552009831,2024.9996910401965,1724.1603089598034,0.6392104973416325,0.16048361877339595,45.2842857142857,8937271.75,1.4852932624216935,45211153.0,0.006459541215023901,0.03225217327779745,0.008923353917584599,-7.304601899194019e-05,0.09686872213414532,-0.036853135255479175,43.68641912484944,46.45755323900332,1,1,0.028406541227053994,HDFCBANK.NS,IN,Banking
2026-01-30,1911.76,1968.73,1943.38,1954.65,9576188,1923.696,1932.5900000000001,1884.712,1761.2788,1914.0595583751062,1859.9599759197656,61.292192136498535,39.04750031168188,54.099582455340624,57.83100142814802,-3.731418972807397,1884.712,71.3805767182551,2027.47315343651,1741.95084656349,0.7449475866358791,0.15149386583884894,47.74499999999999,8815257.0,1.0863196516766724,54787341.0,0.01992736608121226,0.01296907374721149,0.02243482445494082,0.044223156522621876,0.11566144028858294,-0.002189959876259584,67.96795523863202,49.17344862634053,1,1,0.012431893177806685,HDFCBANK.NS,IN,Banking
2026-02-02,1967.32,1959.09,1923.16,1939.13,9565089,1928.416,1935.2940000000003,1895.591,1766.7402,1917.9165493943206,1865.824422147931,58.90975412050799,43.17320283961682,52.09212724638951,56.68322659179632,-4.5910993454068105,1895.591,61.03535454316304,2017.661709086326,1773.5202909136738,0.6783351646156651,0.12879435393633093,48.3442857142857,8832039.9,1.0829987211676069,45222252.0,-0.007940040416442806,0.018528927921274647,-0.014329138116821615,0.014141593753432158,0.1263861055444222,0.012320349981467249,50.614508392906195,54.08962758546257,1,1,0.016605384889099684,HDFCBANK.NS,IN,Banking
2026-02-03,1941.73,1980.81,1948.02,1962.59,80992779,1935.398,1941.8890000000004,1906.804,1772.8870000000002,1924.7893879490405,1872.9922427295658,54.59996019504429,68.80294070640882,51.797145219474714,55.706010317332,-3.908865097857287,1906.804,50.27513358352367,2007.3542671670475,1806.2537328329527,0.7774035393985743,0.10546471180781526,45.832142857142834,12162611.75,6.65915956257014,126215031.0,0.012098208990629633,0.016707514050302536,0.010742997224119293,0.03477201788425832,0.12900887633533342,0.01810985225763595,68.19544364457285,62.25930242537037,1,1,0.009869611075161044,HDFCBANK.NS,IN,Banking
2026-02-04,1967.27,2008.04,1974.85,1989.61,4083173,1952.488,1945.854,1916.8440000000003,1779.96,1934.7617898030344,1881.6305951199681,58.69228754434841,72.1162774087565,53.13119468306627,55.19104719047886,-2.059852507412593,1916.8440000000003,45.272513840880215,2007.3890276817608,1826.2989723182397,0.9018221754531301,0.09447302720692272,47.81428571428569,12024113.45,0.33958201387545844,130298204.0,0.013767521489460366,0.016681661230081964,0.011355838293670194,0.02033375043590624,0.11225339751007657,0.044875430636081015,86.49322095942472,68.43439099896794,1,0,0.006654570493714873,HDFCBANK.NS,IN,Banking
2026-02-05,1974.37,1978.76,1964.61,1970.9,15547165,1963.3759999999997,1943.9649999999997,1924.4454999999998,1787.4507999999998,1940.3215144487212,1888.2431436296004,62.56885391547155,74.68195266272197,52.07837081912089,54.56851191620727,-2.4901410970863793,1924.4454999999998,40.46434434034137,2005.3741886806824,1843.5168113193172,0.7870088515983936,0.08410598136516786,46.38499999999998,12489845.0,1.2447843632339421,114751039.0,-0.009403853016420216,0.007179461159872602,-0.0017575226527945839,-0.009493464134406104,0.08358486312930569,0.028406541227053994,72.30425055874501,75.66430505424755,1,1,0.012446090618499106,HDFCBANK.NS,IN,Banking
2026-02-06,1970.09,2000.11,1962.02,1978.95,9311564,1968.236,1945.966,1929.9190000000003,1795.4419999999998,1946.264358379687,1894.9621700274079,59.240422356128065,73.86025200458198,51.302188352279245,53.91524720342167,-2.6130588511424264,1929.9190000000003,40.03961878727794,2009.9982375745562,1849.8397624254444,0.8061405270844669,0.0829871487606624,45.352142857142816,12722468.15,0.7318991219562124,124062603.0,0.004084428433710485,0.01924758078778174,0.004497256470514357,0.010214707954301794,0.058556390012195925,0.012431893177806685,78.30723340732067,79.03490164183016,1,1,0.018585613582960736,HDFCBANK.NS,IN,Banking
2026-02-09,1972.09,1983.58,1961.53,1971.33,11672269,1974.6760000000002,1951.5459999999998,1935.6239999999998,1802.9114,1950.1206109366585,1900.6190463216737,60.55092527193106,58.308427973699885,49.50156461498477,53.03251068573429,-3.530946070749515,1935.6239999999998,37.16286352344366,2009.9497270468871,1861.2982729531125,0.7401994667118111,0.07679769112890616,43.27857142857139,12988108.5,0.8986888353535979,112390334.0,-0.0038505267945122545,0.011185341875783746,-0.0003853779492820336,0.02913031902397778,0.061435578792071954,0.016605384889099684,69.16421671508468,73.2585668937168,1,1,0.02443020701759724,HDFCBANK.NS,IN,Banking
2026-02-10,1987.52,2006.17,1962.59,1981.96,3447254,1978.55,1956.9740000000002,1941.7225000000003,1809.9894,1955.018978484865,1906.644302149698,55.140397095675645,72.42643208712956,48.37467633516712,52.100943815620866,-3.7262674804537426,1941.7225000000003,33.968390085473885,2009.659280170948,1873.7857198290526,0.7961392922799324,0.06997578713839152,41.9235714285714,12987153.45,0.2654356667021851,115837588.0,0.0053922986004373286,0.021988334779701996,-0.0027974561262262255,0.028158200531208433,0.06557562137430839,0.009869611075161044,78.09323813458138,75.18822941899559,1,1,0.02922864235403333,HDFCBANK.NS,IN,Banking
2026-02-11,1966.13,2030.54,1980.7,2002.85,17879595,1981.1979999999999,1966.843,1945.5845000000002,1816.9718,1962.3775971795014,1913.7706501386092,52.23385331143951,71.66379681446409,48.60694704089224,51.402144460675146,-2.795197419782909,1945.5845000000002,36.34761752489079,2018.2797350497817,1872.8892649502186,0.8938738210275445,0.07472842742090532,41.54999999999997,13571548.3,1.3174321225064554,133717183.0,0.01054007144442859,0.02488453953115562,0.018676282850056264,0.0518286278463993,0.04011196452033383,0.006654570493714873,80.43800777053731,75.8984875400678,1,1,0.020136305764286044,HDFCBANK.NS,IN,Banking
2026-02-12,1992.56,2006.03,1986.95,1995.43,12161894,1986.104,1974.7400000000002,1949.5260000000003,1823.8198000000002,1967.462582228809,1919.8194908690828,56.785302540072166,53.968903436988676,47.64309135972621,50.65033384048537,-3.007242480759153,1949.5260000000003,37.30076962658723,2024.1275392531747,1874.9244607468258,0.8076612122131167,0.07653300264078158,40.58571428571425,13673099.6,0.8894759393491188,121555289.0,-0.0037047207728985176,0.0095618488245593,0.001440358132251314,0.04120618223182326,0.04113012626526147,0.012446090618499106,75.19604380024595,77.9090965684549,1,1,0.01928406408643757,HDFCBANK.NS,IN,Banking
2026-02-13,1996.9,2028.34,2005.65,2015.73,15582568,1993.4599999999998,1980.848,1956.7189999999998,1830.629,1974.8883388089923,1926.9239730269285,70.38408332655226,79.92257375517289,47.96436578206385,50.11314022880107,-2.148774446737221,1956.7189999999998,35.35781844602434,2027.4346368920485,1886.0033631079511,0.9172415224737812,0.07227980807874053,38.76571428571424,14161098.7,1.1003783837493921,137137857.0,0.01017324586680557,0.011256467880117164,0.009429615904647451,0.03124856112347474,0.07685362765576675,0.018585613582960736,89.53726598311881,81.72377251796736,0,1,-0.017378319516998753,HDFCBANK.NS,IN,Banking
2026-02-16,2023.76,2029.52,2011.47,2019.49,7005778,2003.0919999999999,1988.884,1962.0890000000004,1837.5672,1981.750132838378,1933.7807157656748,69.33737731159698,78.70291702067405,47.96941707270321,49.684395597581506,-1.7149785248782976,1962.0890000000004,36.36441579055429,2034.817831581109,1889.3601684188918,0.8946234165407312,0.0741340801371105,37.01499999999995,13882261.8,0.5046567768476476,144143635.0,0.0018653291859525023,0.00893790016290797,-0.0021099339842658577,0.0414412648971445,0.05616890418338061,0.02443020701759724,92.19357117561152,85.64229365299211,0,1,-0.03785114063451667,HDFCBANK.NS,IN,Banking
2026-02-17,2017.11,2060.51,2023.39,2039.89,10396141,2014.6779999999999,1996.614,1969.2514999999999,1844.478,1990.6947277863198,1941.640662745995,78.96871131600297,91.10311750599537,49.05406504032476,49.55832948613016,-0.5042644458054042,1969.2514999999999,36.89846655990596,2043.0484331198118,1895.454566880188,0.9786005123298117,0.07494922118355572,37.62571428571425,13857017.9,0.750243690581962,154539776.0,0.010101560294925926,0.01819705964536417,0.011293385090544842,0.03938672876148375,0.07552830268263877,0.02922864235403333,87.97807835769598,89.9029718388088,0,0,-0.07453343072420582,HDFCBANK.NS,IN,Banking
2026-02-18,2046.19,2054.53,2034.1,2043.18,14165207,2022.744,2001.971,1973.9125,1851.6896,1998.769385049963,1949.1620951351806,78.12749711444559,90.24454378122552,49.607289914782314,49.5681215718606,0.03916834292171245,1973.9125,40.08359854562982,2054.0796970912597,1893.7453029087403,0.9320189710525627,0.0812266978310529,34.669999999999995,14233250.1,0.9952193564546894,168704983.0,0.0016128320644741567,0.009999119020345879,-0.0014710266397541382,0.02692487472419236,0.04780610884325842,0.020136305764286044,87.38259919849003,89.18474957726586,0,0,-0.03929169236190644,HDFCBANK.NS,IN,Banking
2026-02-19,2033.73,2055.14,2016.93,2033.91,19595878,2030.44,2008.2720000000002,1976.1185,1859.0980000000002,2004.1756335038147,1955.4397177177598,70.18437404502399,74.09993792675377,48.735915786054875,49.40168041469946,-0.6657646286445882,1976.1185,42.163515567357365,2060.4455311347147,1891.7914688652854,0.8426629588490668,0.08534612791153157,33.665714285714266,14864345.2,1.3183141549811321,149109105.0,-0.0045370451942560175,0.018786475311090962,8.850732398104722e-05,0.03197016591404944,0.022173194156167364,0.01928406408643757,80.63341827389411,85.33136527669339,0,0,-0.028678751763844046,HDFCBANK.NS,IN,Banking
2026-02-20,2044.47,1980.86,1980.56,1980.7,7499172,2023.434,2008.4470000000001,1977.2065000000002,1865.5266000000001,2000.563997580151,1957.3108497386665,58.88133999914541,43.31851583053614,43.253147841484406,48.17197390005646,-4.918826058572051,1977.2065000000002,41.97724524886063,2061.1609904977213,1893.252009502279,0.5208059150783242,0.08492232905129403,34.910000000000004,14951549.2,0.5015648477707683,141609933.0,-0.026161432905094095,0.00015146160448316405,-0.03119145793284753,0.0008843073346977981,0.011108048230165313,-0.017378319516998753,29.051471241629905,65.68916290467136,0,0,-0.013177159590043952,HDFCBANK.NS,IN,Banking
2026-02-23,1980.48,1957.15,1931.76,1943.05,23313281,2008.146,2005.619,1978.5825,1870.745,1991.7156902601275,1956.2544904987653,46.06397550559987,21.515911584887917,35.461199761362195,45.62981907231761,-10.168619310955414,1978.5825,40.26524005364582,2059.1129801072916,1898.0520198927084,0.27938477485208657,0.0814021958722984,35.428571428571445,15493587.4,1.5047050688399597,118296652.0,-0.019008431362649625,0.013067085252560168,-0.018899458717069176,-0.01434564481847278,0.014366780995338058,-0.03785114063451667,8.7689320387668,39.484607184763625,0,1,-0.003226885566506299,HDFCBANK.NS,IN,Banking
2026-02-24,1943.56,1901.21,1877.16,1887.85,16512533,1977.738,1996.2079999999999,1976.591,1873.9687999999996,1975.7363532970312,1951.1874912025603,31.591895803183775,13.233158306334502,24.548862094470906,41.41362767674827,-16.864765582277364,1976.591,43.74958777548769,2064.0901755509753,1889.0918244490244,-0.0070962065710777665,0.08853543859193044,36.88857142857143,15998533.9,1.0321278231546065,101784119.0,-0.028408944700342276,0.012739359588943622,-0.02866389512027999,-0.047483299360229325,-0.020662143094289598,-0.07453343072420582,5.830379056417517,14.550260778938094,1,1,0.03678258336202567,HDFCBANK.NS,IN,Banking
2026-02-25,1884.42,1972.22,1955.44,1962.9,8516158,1961.682,1992.2130000000002,1979.5279999999998,1878.2586000000001,1973.7615297128725,1952.0550844468153,48.797860191140224,33.525912611802994,21.706445266057244,37.47219119461007,-15.765745928552825,1979.5279999999998,40.48077940271662,2060.4895588054333,1898.5664411945666,0.39730928945947364,0.08179885185295936,41.12928571428573,15504907.85,0.5492555991388495,110300277.0,0.03975421776094512,0.008548576086398403,0.04164676664435655,-0.01994657612901607,0.030848248046382754,-0.03929169236190644,46.76302154324097,20.454110879475113,0,0,-0.006052269601100502,HDFCBANK.NS,IN,Banking
2026-02-26,1969.82,1990.79,1963.42,1975.58,12181394,1950.016,1990.2279999999998,1982.484,1883.8946000000003,1974.0412943724307,1953.7976707840883,49.50054835936803,36.09396856743189,20.243623588342416,34.02647767335654,-13.782854085014122,1982.484,37.695757041690136,2057.87551408338,1907.0924859166196,0.4542123534432634,0.0760576267786698,40.400714285714294,15450254.0,0.7884267282319936,122481671.0,0.006459829843598719,0.013854159284861174,0.0029241250469571162,-0.009947730564339619,0.030848543669056427,-0.028678751763844046,53.67875647639106,35.424052358683205,0,0,-0.013560574616062082,HDFCBANK.NS,IN,Banking
2026-02-27,1976.41,1979.3,1934.83,1954.6,18500158,1944.7959999999998,1984.1150000000002,1982.4814999999999,1888.9016000000001,1971.0503260074415,1953.8571025778592,47.61497448179511,34.434980570710806,17.193223429582304,30.65982682460169,-13.466603395019387,1982.4814999999999,37.69770176924549,2057.8769035384908,1907.086096461509,0.31509814463635716,0.07606164651569546,42.00214285714287,15896452.5,1.1637915337531104,103981513.0,-0.01061966612336629,0.02275145809883213,-0.011035159708759385,-0.030326482217360562,-2.5580027114946446e-05,-0.013177159590043952,42.2361603488287,47.55931278948693,1,0,0.014862375933694993,HDFCBANK.NS,IN,Banking
2026-03-02,1962.29,1950.88,1925.49,1936.78,13502145,1943.542,1975.8439999999998,1982.364,1893.739,1965.7779681601428,1952.5921320165362,43.688533750558776,39.98997173853587,13.185836143606593,27.16502868840267,-13.979192544796078,1982.364,37.843316923708464,2058.050633847417,1906.677366152583,0.19886360587725738,0.0763599761167765,40.96857142857142,16093305.3,0.838991363757241,90479368.0,-0.009116954875677874,0.013109387746665596,-0.013000117209987816,-0.0409558849016336,-0.0012118836797946342,-0.003226885566506299,32.517043904922105,42.810653576713975,1,1,0.017394851247947596,HDFCBANK.NS,IN,Banking
2026-03-03,1945.83,1962.21,1953.36,1957.29,24683834,1957.4299999999998,1967.584,1982.0989999999997,1899.1892,1964.472126904736,1952.9401222375336,43.62868490238855,53.52056962025316,11.532004667202273,24.03842388416259,-12.506419216960317,1982.0989999999997,38.0072749130289,2058.1135498260574,1906.0844501739418,0.33681413586539505,0.07670106268760483,39.22500000000001,13277858.05,1.8590221440857966,115163202.0,0.010589741736283909,0.0045215578682748165,0.005889517583753025,-0.040492379491051,-0.0027005130974885327,0.03678258336202567,43.703299699788815,39.485501317846555,1,1,0.0040923930536609365,HDFCBANK.NS,IN,Banking
2026-03-04,1961.57,1961.23,1942.86,1951.02,6556895,1955.054,1958.368,1980.1695,1904.4584000000002,1962.4025689193918,1952.7978909606793,43.76946603440051,70.60204813776014,9.6046779587125,21.151674699072576,-11.546996740360076,1980.1695,38.58110779491675,2057.3317155898335,1903.0072844101664,0.3111154547760829,0.07793496020395684,39.17428571428574,13401544.15,0.48926410549010463,108606307.0,-0.0032034087948131784,0.009415587743842043,-0.005378344897196927,-0.04510615804774909,-0.019395760978282106,-0.006052269601100502,40.28361058063649,38.83465139511582,1,1,0.004167051080973039,HDFCBANK.NS,IN,Banking
2026-03-05,1947.99,1968.89,1932.7,1948.79,14902417,1949.696,1949.8559999999998,1979.0639999999999,1909.7182,1960.308327547178,1952.5010101487774,40.10699929061243,41.234936016896405,7.807317398400528,18.482803238938168,-10.67548584053764,1979.0639999999999,39.17292464524366,2057.4098492904873,1900.7181507095124,0.30679257245614877,0.07917464952164037,39.40857142857146,13369306.75,1.1146737945350984,93703890.0,-0.0011429918709188192,0.01857049759080326,0.0004106797262817283,-0.04185042602671707,-0.011218225176315433,-0.013560574616062082,39.0673575127402,41.01808926438852,1,1,0.024035427111181784,HDFCBANK.NS,IN,Banking
2026-03-06,1947.17,2022.4,1952.65,1983.65,13032464,1955.506,1950.1509999999998,1979.2989999999998,1915.3048,1963.8993540783813,1954.8083427303495,45.14915272589466,53.93006720561028,9.09101134803177,16.60444486075689,-7.513433512725118,1979.2989999999998,39.186300224210214,2057.67160044842,1900.9263995515794,0.5277584256141669,0.07919228014401138,43.37714285714291,13555351.75,0.9614256626409077,106736354.0,0.01788802282441937,0.035162453053696384,0.018734881905525087,0.001489372444085424,0.002374996841759458,0.014862375933694993,58.08017452927141,45.81038087421606,1,0,0.022892143271242338,HDFCBANK.NS,IN,Banking
2026-03-09,1969.4,1987.53,1956.82,1970.47,36211560,1962.244,1952.893,1979.2559999999999,1920.2669999999998,1964.9102226817072,1955.9684654910645,40.416896742131414,58.36407715821656,8.941757190642647,15.07190732673404,-6.130150136091393,1979.2559999999999,39.19597567955751,2057.647951359115,1900.864048640885,0.44396108370746534,0.07921355434473899,42.64071428571432,14782316.3,2.4496538171319053,70524794.0,-0.006644317293877489,0.015585114211322401,0.0005433126840659048,0.014111834487017916,-0.00043625369674271663,0.017394851247947596,52.4272390153252,49.858257019112294,1,1,0.030256740777580893,HDFCBANK.NS,IN,Banking
2026-03-10,1968.02,2005.12,1933.45,1965.3,5334147,1963.846,1960.6380000000001,1978.423,1925.2294,1964.9701884229828,1956.6596902695042,39.30454845088991,67.34371199221593,8.310498153478648,13.719625492082962,-5.409127338604314,1978.423,39.31234319354679,2057.0476863870936,1899.7983136129064,0.4165465669662069,0.07948217988474034,46.300714285714285,14876660.95,0.3585580567689111,65190647.0,-0.00262373951392314,0.03646771485267561,-0.001382099775408098,0.0410255052043329,-0.008405820500918315,0.0040923930536609365,49.52241824896323,53.34327726451996,1,1,0.04732610797333736,HDFCBANK.NS,IN,Banking
2026-03-11,1965.05,1960.65,1957.95,1959.15,6652783,1965.4720000000002,1960.2630000000001,1976.238,1930.3108000000002,1964.074774819447,1956.8441576569485,39.644281914893625,51.37046861184801,7.230617162498447,12.421823826166058,-5.191206663667611,1976.238,39.09706673610201,2054.432133472204,1898.0438665277961,0.39073349085411213,0.07913432842822005,44.09642857142858,14315320.35,0.4647316561985526,58537864.0,-0.003129293237673525,0.0013781486869298763,-0.0030024681305803216,-0.0019104386367110315,-0.021818908056020048,0.004167051080973039,56.45139080104344,52.80034935511065,1,1,0.04239593701350075,HDFCBANK.NS,IN,Banking
2026-03-12,1970.84,2009.74,1984.33,1995.63,5478730,1974.8400000000001,1962.268,1976.248,1935.2792,1968.9294248472245,1959.7171830156933,52.168608198007156,72.74395839706335,9.212241831531173,11.779907427239083,-2.5676655957079095,1976.248,39.10225913515071,2054.4525182703014,1898.0434817296987,0.6239186713764119,0.07914443761133401,43.89928571428571,13981162.15,0.3918651074463715,64016594.0,0.018620320036750737,0.012732821214347023,0.012578392969488955,0.010148918292349762,0.00010022902331829897,0.024035427111181784,81.56843844614731,62.51408249871801,1,1,0.027845843167320528,HDFCBANK.NS,IN,Banking
2026-03-13,1991.03,2060.36,2004.02,2029.06,9212193,1983.922,1969.714,1976.9145,1940.8201999999999,1978.180282563036,1964.853687977494,62.64815740713508,81.04742012841339,13.326594585541898,12.089244858899647,1.2373497266422504,1976.9145,39.91579379734887,2056.7460875946977,1897.0829124053023,0.8265969121390543,0.08076382422675062,45.02714285714285,13662643.4,0.6742613457757856,73228787.0,0.016751602250918207,0.027766551999434407,0.019100666489194472,0.03809475084416247,0.006612988842751744,0.022892143271242338,82.91484716111937,73.6448921361034,1,1,0.016017269080263796,HDFCBANK.NS,IN,Banking
2026-03-16,2035.41,2031.32,2029.1,2030.09,17871137,1995.846,1979.045,1977.4445,1946.991,1986.1663929379536,1969.6860073865685,74.88105233697175,74.32942162615251,16.480385551385098,12.967472997396738,3.512912553988359,1977.4445,40.57577958843569,2058.596059176871,1896.2929408231287,0.824365301992743,0.0820772053798023,40.482142857142854,14205911.35,1.2580069874920776,91099924.0,0.0005076242200821035,0.0010935475767078966,-0.002613724016290354,0.04817790353060225,0.005248849957167456,0.030256740777580893,77.5561651955396,80.67981693426877,1,1,0.025013669344708944,HDFCBANK.NS,IN,Banking
2026-03-17,2037.32,2084.65,2037.25,2058.31,29092468,2014.4479999999999,1989.1470000000002,1978.3654999999999,1953.3906,1997.2654094090374,1976.250747580156,69.95941592401991,89.75380159304855,21.014661828881344,14.576910763693661,6.437751065187683,1978.3654999999999,42.24259990938112,2062.850699818762,1893.8803001812375,0.9731272469646985,0.08540909131171125,38.35285714285715,15140727.7,1.9214707942029237,120192392.0,0.013900861538158393,0.023028601133928836,0.010302750672446993,0.05161217806252516,0.009029898671006675,0.04732610797333736,83.45061573207173,81.30720936291026,0,1,-0.029174419790993555,HDFCBANK.NS,IN,Banking
2026-03-18,2057.94,2045.75,2039.37,2042.21,6605349,2031.06,1998.266,1978.3169999999998,1958.4586,2004.1799618076473,1981.136618129774,63.74211112486081,81.6736677374188,23.04334367787328,16.270197346529585,6.773146331343696,1978.3169999999998,42.16475294040151,2062.6465058808026,1893.9874941191968,0.8788294460626408,0.08525378478854531,37.71357142857145,14762734.8,0.4474339370078004,113587043.0,-0.007821951018068152,0.0031240665749344997,-0.007643565895989375,0.04673965412963477,-0.00047475014438280727,0.04239593701350075,73.33500879571918,78.11392990777685,0,1,-0.021819499463816117,HDFCBANK.NS,IN,Banking
2026-03-19,2040.86,2062.84,2041.88,2051.2,11580017,2042.1739999999998,2008.507,1979.1815000000001,1963.1052000000002,2011.41381383724,1986.3264982683093,70.95990279465371,87.04225352112678,25.087315568930762,18.033620991009823,7.05369457792094,1979.1815000000001,43.52002821144642,2066.221556422893,1892.1414435771073,0.9137089459660773,0.08795560833895116,36.03428571428573,14361941.75,0.8062987857266037,125167060.0,0.004402093810137009,0.01021840873634449,0.005066491577077728,0.05255055701229994,0.008500867786676691,0.027845843167320528,78.98341291732214,78.58967914837103,0,0,-0.037792511700467935,HDFCBANK.NS,IN,Banking
2026-03-20,2051.25,2064.99,2058.82,2061.56,4823757,2048.674,2016.298,1983.2244999999998,1966.9468000000002,2019.1286117084337,1991.8993502484345,77.98008790026013,83.59319270355654,27.22926145999918,19.872749084807694,7.356512375191485,1983.2244999999998,47.26346017968485,2077.7514203593696,1888.69757964063,0.9143555068824419,0.0953264951691774,34.94000000000002,14228171.0,0.3390285835734907,129990817.0,0.005050702028081222,0.0029928791788726137,0.0050262035344277485,0.03927608197010546,0.04082395112838899,0.016017269080263796,84.8042119112549,79.04087787476543,0,0,-0.040896214517161744,HDFCBANK.NS,IN,Banking
2026-03-23,2059.38,2094.66,2069.84,2080.87,18257956,2058.83,2027.3379999999997,1990.1154999999999,1971.4196,2028.6272868302133,1998.4897687485504,77.86094327712149,80.83561480776103,30.137518081662847,21.925702884178726,8.211815197484121,1990.1154999999999,50.997313806955034,2092.1101276139098,1888.1208723860898,0.9448984329968678,0.10250121423993606,35.48785714285715,13975404.75,1.3064347702391397,148248773.0,0.009366693183802566,0.011927703316395442,0.01043517952004455,0.056027242231548646,0.07092972388770225,0.025013669344708944,91.48555198758038,85.09105893871916,0,0,-0.047917457601868385,HDFCBANK.NS,IN,Banking
2026-03-24,2080.65,2002.84,1994.6,1998.26,16063629,2046.8200000000002,2030.634,1995.636,1974.185,2023.955396548642,1998.4727488412504,57.9229840332752,40.388912373935625,25.482647707391607,22.637091848821303,2.845555858570304,1995.636,44.963363027419895,2085.56272605484,1905.7092739451602,0.5145896560155272,0.09012337525961124,40.337857142857146,13952959.55,1.1512702943892434,132185144.0,-0.039699740973727304,0.0041235875211413356,-0.039598202484781436,0.016770976441255803,0.05848451942686128,-0.029174419790993555,40.47913064929318,72.2562981827095,1,0,0.008857706204397742,HDFCBANK.NS,IN,Banking
2026-03-25,1989.19,2012.26,1985.95,1997.65,22755567,2037.908,2034.4839999999997,1997.3735000000001,1975.6258000000003,2019.9084124642357,1998.4118044826394,58.239460370994976,28.01855341353817,21.4966079815963,22.408995075376303,-0.9123870937800049,1997.3735000000001,44.2982764634278,2085.9700529268557,1908.7769470731446,0.5015604444550267,0.08871305534674531,39.63214285714285,14664930.0,1.5516995613549085,109429577.0,-0.0003052655810554805,0.013170475308480851,0.004252987396878017,0.019651379424750592,0.017703398033521722,-0.021819499463816117,39.823832268222745,57.262838301698785,1,0,0.01860686306410031,HDFCBANK.NS,IN,Banking
2026-03-26,2000.13,1984.19,1965.28,1973.68,13119877,2022.404,2032.289,1997.2785,1976.7674,2012.7963490081993,1996.579818965407,48.2546129337208,26.50668495029136,16.21653004279233,21.17050206885951,-4.953972026067181,1997.2785,44.34948136822212,2085.977462736444,1908.5795372635557,0.3669742053777661,0.08881982431233278,36.686428571428564,14711854.15,0.8917894355423965,96309700.0,-0.011999098941255948,0.009581087106314346,-0.013224140430865403,-0.010999032886857774,-0.0009617428805717143,-0.037792511700467935,24.95502760359191,35.0859968403693,1,1,0.04066008674151833,HDFCBANK.NS,IN,Banking
2026-03-27,1970.65,1990.93,1966.31,1977.25,28328940,2005.5420000000001,2027.1079999999997,1998.411,1978.875,2007.3276799300147,1995.147980523525,51.22826086956521,23.67015594958346,12.179699406489817,19.372341536385573,-7.192642129895756,1998.411,43.48302075158657,2085.377041503173,1911.444958496827,0.3783375692706083,0.08703519096234914,36.25142857142857,15203293.25,1.863342216112143,124638640.0,0.0018088038587815713,0.012451637375136005,0.0033491487580222562,-0.02553399110918353,0.01158804870561747,-0.040896214517161744,27.169530425983694,30.649463432599465,1,1,0.04369705398912638,HDFCBANK.NS,IN,Banking
2026-03-30,1982.51,1999.73,1966.31,1981.16,6346752,1985.6,2022.2149999999997,2000.6299999999999,1980.2564000000002,2003.3018830177048,1994.1118338180786,52.88636529082044,19.99552171965965,9.190049199626174,17.335883069033695,-8.145833869407522,2000.6299999999999,41.24728150530209,2083.124563010604,1918.1354369893957,0.381992222942747,0.08246858540616006,33.51928571428573,14845523.6,0.42751955023536187,130985392.0,0.0019774939941838987,0.016868905085900786,-0.0006809549510465158,-0.02410237969745177,0.02291432170922869,-0.047917457601868385,16.97754370553017,23.034033911701943,1,1,0.06737971693351374,HDFCBANK.NS,IN,Banking
2026-03-31,1994.72,2033.0,2002.33,2015.96,12288589,1989.14,2017.98,2003.5635000000002,1982.6428,2005.2492856303654,1995.730216498221,59.36253666897393,28.28661269820033,9.519069132144523,15.772520281655861,-6.2534511495113385,2003.5635000000002,40.07228419728716,2083.7080683945746,1923.4189316054258,0.5773383664529268,0.08000202478687042,36.69714285714287,14225761.35,0.8638263945130505,143273981.0,0.01756546669627901,0.015213595507839867,0.010648111013069183,-0.02057513202578809,0.029975118658962074,0.008857706204397742,39.171432987794404,27.77283570643611,1,1,0.04032818111470471,HDFCBANK.NS,IN,Banking
2026-04-01,2019.15,2051.69,2021.33,2034.82,30887933,1996.5739999999998,2017.241,2007.7535,1984.34,2009.7986263026169,1998.6257560168713,56.856912901984096,71.32524498366777,11.172870285745603,14.852590282473813,-3.6797199967282097,2007.7535,38.64480536683765,2085.0431107336753,1930.4638892663247,0.675097918998393,0.07699113534966999,35.63571428571431,15442313.25,2.0002139899464875,174161914.0,0.009355344352070416,0.01492023864518002,0.007760691380032233,-0.003618628838366278,0.042951891830939726,0.01860686306410031,53.74864739485434,36.63254136272632,1,1,0.03591963908355522,HDFCBANK.NS,IN,Banking
2026-04-02,2038.61,2101.98,2015.49,2053.93,7432592,2012.6239999999998,2017.514,2013.0104999999999,1985.6228,2016.5880684099066,2002.7223666822883,54.580954135199846,77.00057570523884,13.865701727618216,14.655212571502693,-0.7895108438844769,2013.0104999999999,37.330566349119415,2087.6716326982387,1938.349367301761,0.7740348191917479,0.07417858247455911,37.19000000000002,15068822.0,0.4932430356372226,181594506.0,0.009391494087929164,0.04210951687738039,0.007514924384748638,0.0013309282371294362,0.053951426269633895,0.04066008674151833,64.85003657597025,52.590038986206345,1,1,0.012546678805996248,HDFCBANK.NS,IN,Banking
2026-04-03,2058.03,2074.2,2055.21,2063.65,18160661,2029.904,2017.723,2017.0104999999999,1987.717,2023.828365577613,2007.2355247058226,55.9898622117513,100.0,16.592840871790486,15.042738231560252,1.550102640230234,2017.0104999999999,38.29262158897611,2093.595743177952,1940.4252568220477,0.8044940386937532,0.07593935993681165,38.47642857142859,15325231.85,1.1850169702315485,199755167.0,0.004732391074671716,0.009202141836062598,0.0027307668012600205,0.0010137953782574094,0.040329695258740195,0.04369705398912638,71.96049743912252,63.51972713664906,1,1,0.031235916943280095,HDFCBANK.NS,IN,Banking
2026-04-06,2066.17,2124.73,2106.59,2114.65,9018119,2056.602,2021.101,2024.2195,1991.6994,2037.8009247195187,2015.1921525053915,59.29948501254461,100.0,22.608772214127157,16.555945028073634,6.052827186053523,2024.2195,42.41910734747366,2109.057714694947,1939.3812853050526,1.0329585277349842,0.08382313745609642,38.94214285714286,13965559.8,0.6457398402504538,208773286.0,0.02471349308264492,0.008578251720138695,0.023463703373863987,0.016233594602257817,0.07317036037087599,0.06737971693351374,93.67826904927144,76.82960102145476,0,0,-0.006445511077483368,HDFCBANK.NS,IN,Banking
2026-04-07,2123.37,2118.73,2080.08,2097.26,10832114,2072.862,2031.0009999999997,2030.8174999999999,1995.0910000000001,2046.9484747626698,2021.2712523198068,59.048026034647165,88.47428419936381,25.677222442863012,18.38020051103151,7.297021931831502,2030.8174999999999,43.0305691676663,2116.8786383353327,1944.7563616646673,0.8860191794130385,0.0847551671534151,40.35000000000001,14240458.15,0.7606576365200978,197941172.0,-0.008223583098857956,0.018428807110220793,-0.012296490955409268,0.049543102499174374,0.06714496514527069,0.04032818111470471,82.77202884865005,82.80359844568136,1,1,0.020383738782983496,HDFCBANK.NS,IN,Banking
2026-04-08,2089.31,2118.01,2099.83,2107.91,11319298,2087.4800000000005,2042.027,2038.2554999999998,1999.1659999999997,2056.327170953028,2027.6889373331544,59.2702782227744,86.27791367474163,28.638233619873745,20.43180713279996,8.206426487073784,2038.2554999999998,42.847043682930675,2123.949587365861,1952.5614126341384,0.9064136869893459,0.08408571679636763,40.335,14473783.9,0.7820551485465284,209260470.0,0.005078054223129014,0.008624656650422299,0.008902460620966255,0.05519485395339507,0.07593088839547746,0.03591963908355522,89.45123863223917,88.63384551005356,0,0,-0.017386890332129812,HDFCBANK.NS,IN,Banking
2026-04-09,2094.27,2082.07,2077.8,2079.7,25652357,2092.634,2052.629,2042.459,2002.4308,2059.9229908064085,2031.5416086418095,52.80180402817248,66.49029982363315,28.381382164599017,22.021722139159774,6.3596600254392435,2042.459,42.56811197176399,2127.5952239435283,1957.322776056472,0.7187141869481043,0.08336639701799291,41.50071428571427,15482465.25,1.6568650359564001,183608113.0,-0.013382924318400713,0.0020531807472221613,-0.006957078122683898,0.0537169145960843,0.04212704759900365,0.012546678805996248,71.75917215383019,81.32747987823983,1,1,0.010708275232004683,HDFCBANK.NS,IN,Banking
2026-04-10,2063.97,2151.41,2109.46,2128.11,17149308,2105.5260000000003,2067.715,2047.4115000000002,2005.9,2070.4132999131148,2038.6948228164902,56.69463182359281,72.42713750151174,31.71847709662461,23.961073130652743,7.757403965971868,2047.4115000000002,46.506849781268365,2140.425199562537,1954.3978004374635,0.9337990015374537,0.09085979986191464,44.25857142857142,15879321.0,1.0799773441208635,200757421.0,0.023277395778237286,0.019712326900385838,0.031076033081861295,0.0762978884814769,0.048815707766157734,0.031235916943280095,87.48186751148414,82.89742609918453,0,0,-0.03278026041886939,HDFCBANK.NS,IN,Banking
