Date,Open,High,Low,Close,Volume,sma5,sma10,sma20,sma50,ema12,ema26,rsi,rsi_6,macd,macd_sig,macd_hist,bb_mid,bb_std,bb_upper,bb_lower,bb_pos,bb_width,atr,vol_sma20,vol_ratio,obv,daily_ret,hlpct,co_pct,mom10,mom20,roc5,stoch_k,stoch_d,target,target_3d,ret_5d,symbol,market,sector
2024-07-22,2812.66,2826.77,2772.19,2796.45,1871493,2779.2059999999997,2772.282,2756.6099999999997,2684.7041999999997,2770.342211213524,2748.0138533062977,62.119097841960034,63.24017979284731,22.32835790722629,21.37271441708775,0.9556434901385416,2756.6099999999997,26.10121695086078,2808.8124339017213,2704.407566098278,0.8815914031338358,0.037874370260357976,36.85428571428569,11334404.85,0.16511610972532803,136621467.0,-0.010127218536951421,0.019517602674812857,-0.005763227691933712,0.017875472275000526,0.010110314037407031,0.0019527051236114534,74.50386814602659,70.6017910450273,0,0,-0.01666398469488095,HINDUNILVR.NS,IN,FMCG
2024-07-23,2801.97,2849.4,2840.67,2844.55,18774505,2793.8460000000005,2779.154,2760.9674999999997,2691.0018,2781.761072025256,2755.3086928211737,67.18209676965897,63.1230701367446,26.452379204082263,22.38865897452286,4.063720229559404,2760.9674999999997,32.684504919643885,2826.3365098392874,2695.598490160712,1.1393128808616813,0.04735224868765312,38.310714285714276,12110227.15,1.5503015110413092,155395972.0,0.01720037905201255,0.003069026735334921,0.015196451068350193,0.02475655929938081,0.031605860593312496,0.026413119959586506,96.05273866610203,89.96517794633358,0,0,-0.015658012690935252,HINDUNILVR.NS,IN,FMCG
2024-07-24,2844.97,2799.8,2799.78,2799.79,7310889,2802.044,2783.186,2764.0865000000003,2697.0928,2784.5352215208823,2758.6649553212646,58.24110467521718,56.205813040062836,25.870266199617618,23.084986780068235,2.785279419549383,2764.0865000000003,33.28894858104868,2830.664397162098,2697.508602837903,0.7681332808717585,0.04817352652463912,40.215714285714284,11835786.95,0.6176934759970923,148085083.0,-0.01573535357086364,7.143392897315394e-06,-0.01588065955000719,0.014611501483980716,0.02278796380520287,0.01485790923589958,59.623992837473416,76.72686654986735,1,0,0.0008322052725382445,HINDUNILVR.NS,IN,FMCG
2024-07-25,2801.03,2765.75,2753.07,2758.71,8713409,2804.912,2783.233,2765.51,2702.0232,2780.561542963428,2758.6683494107224,50.423396965247186,49.98253580160668,21.893193552705725,22.84662639277525,-0.9534328400695244,2765.51,32.361219481285225,2830.2324389625705,2700.78756103743,0.4474679870733846,0.04680687393106293,41.19857142857141,11943016.1,0.7295818909946968,139371674.0,-0.014672529011104385,0.004596351193128397,-0.01510872786081729,0.00017039851499522918,0.010427654711673728,0.0052252429519343835,26.190282412092422,60.622337971889294,1,1,0.01265446531168557,HINDUNILVR.NS,IN,FMCG
2024-07-26,2764.93,2748.04,2739.61,2743.35,11163105,2788.5699999999997,2783.343,2764.3485,2706.2316000000005,2774.83599824015,2757.5155911343822,49.52049032568198,49.80278422273783,17.320407105767572,21.741376074073113,-4.420968968305541,2764.3485,32.735511905833505,2829.819523811667,2698.8774761883333,0.33963516394104487,0.04736814031345404,39.21857142857142,11852166.95,0.9418618641832527,128208569.0,-0.005567819741835955,0.0030728853409141246,-0.007804899219868902,0.00040113045856493557,-0.008396648569714227,-0.028923279505568056,6.200247656056752,30.67150763520753,1,1,0.038234275611934265,HINDUNILVR.NS,IN,FMCG
2024-07-29,2736.32,2773.44,2730.97,2749.85,7392673,2779.25,2779.228,2765.0895,2710.3026,2770.991605376476,2756.93940865995,46.70354768309395,29.60793883195062,14.052196716525941,20.20353301037118,-6.15133629384524,2765.0895,32.20028726171504,2829.49007452343,2700.68892547657,0.38168195615368733,0.046581186267863374,38.842857142857156,11775579.15,0.6277969242984601,135601242.0,0.0023693659212276064,0.015444478789746644,0.004944597123141592,-0.014743819419562931,0.005418587730299018,-0.01666398469488095,15.941906611365907,16.11081222650503,1,1,0.0321908467734604,HINDUNILVR.NS,IN,FMCG
2024-07-30,2733.88,2812.56,2789.96,2800.01,36073930,2770.3419999999996,2782.094,2769.002,2714.736,2775.456360111707,2760.1732730043605,54.737530968073706,50.86424548456019,15.283087107346546,19.219440147837727,-3.9363530404911806,2769.002,31.402442177909826,2831.8068843558194,2706.1971156441805,0.7468597810289592,0.04536283061969387,41.60642857142859,12711595.95,2.8378755353787395,171675172.0,0.018240994963361734,0.008071399744997996,0.024189064626090363,0.010341530301116952,0.028749779554406052,-0.015658012690935252,58.2960398542745,26.812731373899055,1,1,0.02634276306156047,HINDUNILVR.NS,IN,FMCG
2024-07-31,2797.78,2808.31,2797.17,2802.12,22621846,2770.808,2786.426,2772.992,2719.3698,2779.558758921423,2763.3195803335148,55.11732052059524,36.7381384009501,16.2391785879081,18.623386051769295,-2.3842074638611948,2772.992,30.205737447328968,2833.4034748946583,2712.580525105342,0.7410800270151513,0.04357133009733625,41.97214285714286,13056875.0,1.7325619083768582,194297018.0,0.0007535687372544064,0.0039755613606825895,0.0015512299037087045,0.015702479338842945,0.029313232830820768,0.0008322052725382445,60.07768301899784,44.771876494879415,1,1,0.02491684867171995,HINDUNILVR.NS,IN,FMCG
2024-08-01,2800.81,2800.53,2788.09,2793.62,11612924,2777.79,2791.351,2775.8705,2723.467,2781.722160808583,2765.590211713106,56.09732937685457,47.50626465120036,16.13194909547701,18.12509746734672,-1.993148371869708,2775.8705,29.227269796150527,2834.325039592301,2717.415960407699,0.65182311008815,0.042116186322294163,41.41000000000002,12621237.9,0.920109673227087,182684094.0,-0.0030334175552795273,0.0044530036296975255,-0.002567114513300612,0.017945830919300132,0.021041282140311646,0.01265446531168557,52.900447521296066,57.09139013152281,1,1,0.01840980519898916,HINDUNILVR.NS,IN,FMCG
2024-08-02,2811.39,2849.7,2847.07,2848.24,13258121,2798.7679999999996,2793.669,2780.52,2728.4072,2791.9562110160778,2771.778421216238,56.70069301367293,82.61566484517294,20.177789799839957,18.535636720282337,1.6421530795576196,2780.52,32.93551530523217,2846.3910306104644,2714.6489693895355,1.0140347689370113,0.04738036814008946,41.00142857142857,13035282.1,1.0170949797016684,195942215.0,0.019551692785704455,0.0009233772434902716,0.01310739527421909,0.008205135466149427,0.033750113419834804,0.038234275611934265,98.77031921082478,70.58281658370623,0,1,-0.0039462966603937,HINDUNILVR.NS,IN,FMCG
2024-08-05,2832.24,2847.81,2830.81,2838.37,4886583,2816.472,2797.861,2785.0715,2732.9782,2799.097110683967,2776.7603313742575,58.02942445008864,86.05798421372198,22.336779309709527,19.295866403216372,3.040912906493155,2785.0715,34.367673194291235,2853.8068463885825,2716.3361536114176,0.887708091974972,0.04935984328485483,38.785714285714285,12600492.6,0.38780885536103127,191055632.0,-0.003465297868157191,0.005989353044174654,0.0021643646018691723,0.014990434300631295,0.03313386766836279,0.0321908467734604,90.45734018284806,80.7093689716563,0,1,-0.0020117179930735363,HINDUNILVR.NS,IN,FMCG
2024-08-06,2815.87,2874.27,2873.37,2873.77,14418028,2831.2239999999997,2800.783,2789.9685,2738.5229999999997,2810.585678698295,2784.0125492787856,63.05913355596442,88.56591559815766,26.573129419509314,20.75132079085685,5.821808628652462,2789.9685,39.56607308966828,2869.1006461793363,2710.8363538206636,1.029503520661831,0.056726193273729075,39.80142857142859,12841588.9,1.1227603522831702,205473660.0,0.012471946927285815,0.00031317746374963124,0.020562028786833032,0.010272275052293,0.0352831405381453,0.02634276306156047,99.65108164619923,96.29291367995735,0,0,-0.015519683203596646,HINDUNILVR.NS,IN,FMCG
2024-08-07,2897.64,2872.94,2871.15,2871.94,5063577,2845.1879999999996,2807.998,2795.5919999999996,2743.796,2820.02510483349,2790.5813111762905,64.91732734628967,82.01727054215266,29.44379365719942,22.48981706923755,6.953976587961872,2795.5919999999996,42.858826960396215,2881.3096539207922,2709.874346079207,0.9453458331326032,0.06132343626735371,38.712142857142844,11564805.15,0.4378436555116836,200410083.0,-0.0006367941762910334,0.0006232720739288913,-0.008869286729887408,0.02576978987709788,0.040757826684109766,0.02491684867171995,98.37404047384253,96.16082076762994,0,0,-0.004972248723859152,HINDUNILVR.NS,IN,FMCG
2024-08-08,2866.34,2852.08,2839.42,2845.05,5399291,2855.474,2816.632,2799.9325,2747.6351999999997,2823.875192166708,2794.6479100730326,52.67396131517701,65.65531325213347,29.227282093675512,23.837311131419803,5.38997096225571,2799.9325,43.2707662193618,2886.4740324387235,2713.3909675612763,0.76066963877249,0.06181687054148106,35.21571428571425,11685198.1,0.4620623879656445,195010792.0,-0.009363008976510656,0.004449833922073568,-0.00742759058590137,0.03129723675196017,0.031472968269621315,0.01840980519898916,79.60921144396661,92.54477785466946,1,0,0.013778316725540751,HINDUNILVR.NS,IN,FMCG
2024-08-09,2850.68,2843.81,2831.55,2837.0,16482389,2853.226,2825.9970000000003,2804.67,2751.3318,2825.894439286004,2797.8080414639066,55.73988619313198,65.87150592711845,28.086397822097297,24.687129002994627,3.3992688191026694,2804.67,41.78433073218934,2888.2386614643788,2721.1013385356214,0.6934337551468814,0.05959250925374386,32.28142857142854,12120696.45,1.3598548324461313,178528403.0,-0.0028294757561379003,0.004321466337679042,-0.004798855010030954,0.034137095157380504,0.034551919044580215,-0.0039462966603937,73.99162595900918,83.99162595893944,1,1,0.012051462812830538,HINDUNILVR.NS,IN,FMCG
2024-08-12,2839.96,2865.38,2806.48,2832.66,4674798,2852.084,2834.278,2806.7529999999997,2755.459,2826.935314806982,2800.4071374309715,48.078973729279035,40.98170872887248,26.528177376010717,25.055338862501106,1.4728385135096111,2806.7529999999997,42.10417470238032,2890.9613494047603,2722.544650595239,0.653826789044518,0.06000410396264339,32.70642857142853,11957057.15,0.3909655653886738,173853605.0,-0.0015297849841382494,0.020793176731404156,-0.0025704587388546358,0.03011436987472038,0.014926549623790697,-0.0020117179930735363,70.96301465407558,74.85461735235047,0,1,-0.007176999710519438,HINDUNILVR.NS,IN,FMCG
2024-08-13,2843.07,2839.19,2821.16,2829.17,10940194,2843.164,2837.194,2809.6440000000002,2759.2096,2827.279118126123,2802.5510624825224,55.47725577926922,44.250000000000114,24.728055643600783,24.98988219242484,-0.2618265488240574,2809.6440000000002,41.52644108846587,2892.696882176932,2726.5911178230685,0.6175516098152084,0.05911986157456398,30.796428571428546,12051857.35,0.9077599223525558,162913411.0,-0.0012320575007236378,0.006372893816912319,-0.0048890811692976965,0.010414248520540959,0.02086347808829636,-0.015519683203596646,68.52756454941722,71.16073505416733,1,1,0.011232976455992194,HINDUNILVR.NS,IN,FMCG
2024-08-14,2840.77,2874.04,2844.55,2857.66,12500136,2840.308,2842.748,2814.587,2763.9526,2831.9531643398905,2806.656865553283,69.35565901177574,38.97934053906129,25.296298786607622,25.051165530957103,0.24513325565051858,2814.587,41.036710022537505,2896.660420045075,2732.513579954925,0.7624052950125725,0.058320044855636737,30.664285714285693,12186846.45,1.0257071036037297,175413547.0,0.010070091228169264,0.010319632146577782,0.0059455710951586815,0.019820707178850316,0.0358344207626502,-0.004972248723859152,88.40893230922248,75.96650383757176,1,0,0.0029009749235389126,HINDUNILVR.NS,IN,FMCG
2024-08-15,2861.86,2898.16,2873.12,2884.25,11491076,2848.148,2851.8109999999997,2821.5809999999997,2768.4941999999996,2839.9989251470106,2812.4353368501434,76.40158896717139,56.29024016351556,27.563588296867238,25.55365021333301,2.0099380835342266,2821.5809999999997,40.3539638566959,2902.2889277133913,2740.873072286608,0.8882456270074296,0.05720759227777835,32.19285714285713,12458318.65,0.9223616284399959,186904623.0,0.009304815828335089,0.008681633006844512,0.007823583264028306,0.032441778051417236,0.05096980363434955,0.013778316725540751,91.68012440880636,82.87220708914869,0,0,-0.0014145791800294072,HINDUNILVR.NS,IN,FMCG
2024-08-16,2887.02,2878.51,2865.33,2871.19,9553399,2854.986,2854.106,2823.8875,2772.8424,2844.7975993762425,2816.809142407702,72.1909290416972,65.55582004284688,27.988456968540504,26.04061166453667,1.9478453040038346,2823.8875,41.853727856983866,2907.5949557139675,2740.180044286032,0.7825465162915272,0.05928526240081307,30.51071428571426,11710118.3,0.8158242247796741,177351224.0,-0.004528040218427676,0.0045904311452727616,-0.0054831625690138774,0.008057607504985631,0.016328856732246377,0.012051462812830538,75.49741073793508,85.19548915198799,1,0,0.007317523396222381,HINDUNILVR.NS,IN,FMCG
2024-08-19,2859.59,2848.34,2783.53,2812.33,6849169,2850.9199999999996,2851.502,2824.6815,2776.2617999999998,2839.802542401252,2816.475829363562,52.18362282878407,40.851442557294334,23.326713037690297,25.49783184985273,-2.171118812162433,2824.6815,41.45454508444214,2907.5905901688843,2741.772409831116,0.4255117866131086,0.05870331941413913,32.2928571428571,11959002.1,0.5727207312121192,170502055.0,-0.020500210714024525,0.023044948494656353,-0.016526844757459528,-0.009174279604138968,0.005678628260830765,-0.007176999710519438,25.124313006846872,64.1006160511961,1,1,0.022088446234972414,HINDUNILVR.NS,IN,FMCG
2024-08-20,2815.1,2872.75,2851.51,2860.95,12533858,2857.276,2850.2200000000003,2825.5015,2780.4484,2843.0560203911787,2819.7842253648164,58.951340494811475,57.89738149740384,23.27179502636227,25.05262442654737,-1.7808294001851017,2825.5015,42.02649894318111,2909.5544978863622,2741.4485021136375,0.7108699326061791,0.0594959853224871,35.81285714285712,11646969.75,1.0761474609181103,183035913.0,0.017288156084100947,0.007424107376917583,0.016287165642422517,-0.004461038983634813,0.005765411049199143,0.011232976455992194,67.53903864548937,56.053587463423774,0,1,-0.003268145196525629,HINDUNILVR.NS,IN,FMCG
2024-08-21,2864.39,2895.15,2842.6,2865.95,7913485,2858.9339999999997,2849.621,2828.8095,2784.8274,2846.578192145885,2823.217376636543,61.1239272861493,60.181596722400556,23.360815509342046,24.714262607472644,-1.353447098130598,2828.8095,42.49733632210182,2913.8041726442034,2743.8148273557963,0.718487223044881,0.06009218552481071,38.564285714285724,11677099.55,0.6776926314983217,190949398.0,0.0017476712280886098,0.018335979343666795,0.0005446185749843426,-0.0020856981691819154,0.023630343704349244,0.0029009749235389126,71.90089854251143,54.85475006494922,0,1,-0.0014096547392662417,HINDUNILVR.NS,IN,FMCG
2024-08-22,2872.03,2888.77,2873.29,2880.17,6998005,2858.118,2853.133,2834.8825,2789.815,2851.746188714024,2827.4514648545187,55.60746022268278,56.76585512473705,24.29472385950521,24.63035485080994,-0.33563099130472906,2834.8825,40.588294122037155,2916.0590882440747,2753.7059117559256,0.7789443420746789,0.057269808003715075,36.18857142857145,11591329.35,0.6037275091551506,197947403.0,0.004961705542664729,0.005374682744419476,0.0028342322329491815,0.012344247025535493,0.04402782459917853,-0.0014145791800294072,84.30602808964241,74.58198842588108,0,0,-0.008391865757924055,HINDUNILVR.NS,IN,FMCG
2024-08-23,2871.68,2914.41,2874.44,2892.2,5910963,2862.32,2858.653,2842.325,2793.5056000000004,2857.969878614339,2832.263833479987,59.38229860215427,52.61874958824686,25.706045134351825,24.845492922018593,0.8605522123332321,2842.325,36.34633399308653,2915.017667986173,2769.6323320138267,0.8430538552295516,0.05115014502996492,37.79857142857145,11328722.25,0.5217677993855133,203858366.0,0.0041768367839396525,0.013819929465453974,0.007145642968573391,0.019457173070144496,0.054258479596114295,0.007317523396222381,83.03025672308192,79.74572778507859,0,0,-0.0017633635294931338,HINDUNILVR.NS,IN,FMCG
2024-08-26,2883.08,2876.26,2872.99,2874.45,20585712,2874.744,2862.832,2848.555,2796.4544,2860.505291082452,2835.3984937824407,50.12629076591632,51.041666666666586,25.106797300011294,24.89775380043503,0.20904349957626422,2848.555,29.73939076642375,2908.033781532847,2789.0762184671526,0.7176826704577138,0.04176066920443973,36.60642857142859,11988374.2,1.7171394502234132,183272654.0,-0.006137196597745698,0.00113760893388276,-0.0029933265812940035,0.014752917752218764,0.04531156244886092,0.022088446234972414,69.46821515839332,78.93483332370589,1,0,0.0034163057280522935,HINDUNILVR.NS,IN,FMCG
2024-08-27,2889.21,2860.19,2844.72,2851.6,16992535,2872.874,2865.075,2851.1345,2798.63,2859.135242104054,2836.6020748784704,46.49600330760747,66.29866356769321,22.53316722558384,24.424836465065074,-1.891669239481235,2851.1345,27.456927507608214,2906.0483550152167,2796.2206449847836,0.5042384567552812,0.03852070466349257,38.542857142857166,11034304.45,1.5399732295792121,166280119.0,-0.007949346831567783,0.005425024547620574,-0.013017399219851485,0.007928120261419425,0.018424934196663578,-0.003268145196525629,52.0094743272309,68.16931540290204,1,1,0.010576518445784888,HINDUNILVR.NS,IN,FMCG
2024-08-28,2853.9,2891.87,2837.93,2861.91,5365675,2872.066,2865.5,2854.124,2800.837,2859.562129040598,2838.4817531168774,53.08046481034855,50.584225900681616,21.080375923720567,23.75594433371355,-2.6755684099929837,2854.124,24.982859892758704,2904.089719785517,2804.1582802144826,0.5779134177676647,0.0350129985841538,40.072857142857174,10171495.9,0.5275206838041704,171645794.0,0.0036155140973488376,0.018847552858049767,0.0028066855881414754,0.0014872308112232613,0.02133741595649008,-0.0014096547392662417,59.88691931494575,60.45486960018999,1,1,0.007484512091575191,HINDUNILVR.NS,IN,FMCG
2024-08-29,2864.8,2856.72,2855.42,2856.0,8980636,2867.232,2862.675,2857.243,2802.3091999999997,2859.014107986362,2839.782616016547,53.498821449616976,44.01107499699058,19.231491969815124,22.851053835952566,-3.619561866137442,2857.243,20.528471396937878,2898.2999427938757,2816.186057206124,0.48486248712276,0.028738852658917312,39.57214285714287,10039881.5,0.8944961258261738,162665158.0,-0.0020650544566390705,0.00045518207282887677,-0.0030717676626630516,-0.009794573979370669,0.02232945067689962,-0.008391865757924055,55.37133251791434,55.755908720030334,1,1,0.017881652661064562,HINDUNILVR.NS,IN,FMCG
2024-08-30,2850.83,2922.94,2858.42,2887.1,9995820,2866.212,2864.2659999999996,2859.1859999999997,2804.4924000000005,2863.3350224681258,2843.2956464820354,59.12565374815612,53.46673336668329,20.039375986090363,22.288718253560614,-2.249342267470251,2859.1859999999997,21.449851036169136,2902.085702072338,2816.2862979276615,0.8253402547190867,0.030008332492061158,40.14642857142859,9876766.45,1.012053797014326,172660978.0,0.01088935574229688,0.022347684527719038,0.012722610608134214,0.005541256412846085,0.013643513187091116,-0.0017633635294931338,74.29165769977541,63.18330317754518,1,0,0.015721658411554706,HINDUNILVR.NS,IN,FMCG
2024-09-02,2874.0,2919.68,2855.95,2884.27,27413843,2868.1760000000004,2871.46,2861.481,2806.8086,2866.5557932994175,2846.337228425893,59.256770378334785,45.63085399449043,20.21856487352443,21.874687570238088,-1.656122696713659,2861.481,21.56066933342814,2904.6023386668567,2818.359661333144,0.7642427241799824,0.03013917525004805,43.410714285714285,11003129.45,2.4914585103369378,145247135.0,-0.0009802223684666211,0.02209571225994027,0.003573416840638973,0.025580212848421047,0.01617125321927726,0.0034163057280522935,72.26167419788916,67.30822147185962,1,1,0.05051538170836989,HINDUNILVR.NS,IN,FMCG
2024-09-03,2876.18,2890.27,2874.96,2881.76,4423643,2874.208,2873.541,2861.8804999999998,2809.2958000000003,2868.8949051303402,2848.9662953852417,54.43601825946113,54.84041848761785,19.928609745098584,21.48547199970871,-1.5568622546101274,2861.8804999999998,21.872132106744953,2905.6247642134895,2818.13623578651,0.7272240756211287,0.030570294052092276,41.299285714285716,10503410.2,0.42116250766227264,140823492.0,-0.0008702375297734433,0.005312725556602434,0.0019400732916571432,0.007273807651304809,0.0027803199281779545,0.010576518445784888,70.46122946653433,72.33818712139964,1,1,0.05013602798289929,HINDUNILVR.NS,IN,FMCG
2024-09-04,2882.34,2892.96,2875.63,2883.33,21972844,2878.492,2875.2789999999995,2862.45,2812.2142,2871.1156914530593,2851.516387406062,49.81347822561023,79.25502489397063,19.599304046997077,21.108238404900693,-1.508934357903616,2862.45,22.29209678221265,2907.034193564425,2817.8658064355745,0.734163706124838,0.03115107237814439,39.644285714285715,11348873.55,1.9361253755333827,162796336.0,0.0005448059519181925,0.006010411572728032,0.00034347092986928613,0.006064306774367978,0.0039659602916495285,0.007484512091575191,71.58740405945339,71.43676924129228,1,1,0.04969601120926148,HINDUNILVR.NS,IN,FMCG
2024-09-05,2887.89,2922.39,2894.82,2907.07,13124384,2888.706,2877.969,2865.551,2815.7508000000003,2876.6471287989834,2855.638403087572,56.97240575204046,83.37274608335849,21.008725711411444,21.088335866022803,-0.07961015461135901,2865.551,23.993063010623537,2913.537126021247,2817.564873978753,0.9326146267848767,0.03349172708580667,41.08285714285713,11735128.2,1.1183842782063278,175920720.0,0.008233535530098868,0.00948377576047024,0.006641527204981371,0.009339726474479004,0.021799265390766376,0.017881652661064562,88.61631159824542,76.88831504141105,1,1,0.029896080933723646,HINDUNILVR.NS,IN,FMCG
2024-09-06,2898.73,2955.24,2914.29,2932.49,12200230,2897.784,2881.998,2870.3255,2819.0689999999995,2885.2383466680894,2861.3399937165436,76.83820244795865,93.87403923368161,23.898352951545803,21.650339287194623,2.2480136643511806,2870.3255,27.28738622707275,2924.9002724541456,2815.7507275458543,1.0695351277109002,0.03802688751092979,38.26214285714283,11521020.25,1.0589538666114342,188120950.0,0.008744199486080406,0.013964241992295236,0.011646479665228606,0.013930571882995624,0.03365879450123366,0.015721658411554706,80.60693887920375,80.27021817896753,1,1,0.034451950390282704,HINDUNILVR.NS,IN,FMCG
2024-09-09,2933.03,3044.8,3018.12,3029.97,12431082,2926.924,2897.55,2880.191,2824.9678,2907.504770038046,2873.849144132757,80.9878263420359,96.52230543796827,33.65562590528907,24.051396624714684,9.604229280574387,2880.191,43.69062417788067,2967.572248355761,2792.8097516442385,1.3570431460811674,0.06067739837790684,41.96857142857142,11908834.45,1.0438537044358944,200552032.0,0.03324137507715297,0.00880536770990851,0.03305114506158019,0.054104263424307186,0.06965537692486912,0.05051538170836989,92.83124667620793,87.35149905121904,0,0,-0.00593735251504135,HINDUNILVR.NS,IN,FMCG
2024-09-10,3045.46,3039.88,3015.32,3026.24,7791742,2955.8199999999997,2915.014,2890.0445,2831.0573999999997,2925.77173902084,2885.152448222094,79.52477435991906,95.95985755908073,40.61929079874608,27.36497547486841,13.25431532387767,2890.0445,52.84230805698831,2995.7291161139765,2784.3598838860235,1.1443487472763973,0.07313701648119256,39.9692857142857,11751411.85,0.6630472522289097,192760290.0,-0.0012310352907785038,0.008115681505760228,-0.0063110334727738806,0.061242811053443535,0.06965647168604217,0.05013602798289929,91.0281819495767,88.15545583499613,0,1,-0.03500052870889281,HINDUNILVR.NS,IN,FMCG
2024-09-11,3034.53,3054.76,3004.11,3026.62,7522889,2984.478,2931.4849999999997,2898.4925,2837.1434000000004,2941.2868636602243,2895.644497733239,78.42475059198023,97.55120798319327,45.64236592698535,31.020453578836612,14.621912348148737,2898.4925,60.36320689006516,3019.21891378013,2777.7660862198695,1.0306523070929536,0.08330289885524193,41.957142857142834,11502549.5,0.6540192107828607,200283179.0,0.00012556836205979138,0.016734839523951918,-0.002606663964435251,0.05755247369763561,0.059125298321003994,0.04969601120926148,87.0220910386614,90.29383988814868,0,0,-0.04134975649404293,HINDUNILVR.NS,IN,FMCG
2024-09-12,3031.58,3004.16,2985.83,2993.98,4926144,3001.8599999999997,2945.2830000000004,2903.9790000000003,2842.302,2949.3935033650823,2902.936957033224,68.2912802817915,80.1679480887726,46.456546331858135,34.10767213859229,12.348874193265843,2903.9790000000003,63.884599239567756,3031.7481984791357,2776.209801520865,0.8522014737137317,0.08799595209131429,42.015714285714274,11174302.9,0.4408457156780925,195357035.0,-0.010784307247027947,0.006122285386005853,-0.012402773471255091,0.04831232492997195,0.03804455230995929,0.029896080933723646,71.96882350195094,83.33969883006301,0,0,-0.03186728034255404,HINDUNILVR.NS,IN,FMCG
2024-09-13,3005.35,3047.05,3022.69,3033.52,4729390,3022.066,2959.925,2912.0955,2847.8674000000005,2962.3360458275815,2912.6200386221317,76.510782973901,81.74105125759327,49.71600720544984,37.22933915936659,12.486668046083253,2912.0955,69.55944035026657,3051.214380700533,2772.9766192994666,0.9364055381542408,0.09554554835202728,44.43428571428571,10933102.45,0.4325752538269452,200086425.0,0.013206501045431196,0.008030275059993703,0.0093732843096447,0.050715250597485495,0.05653753321793409,0.034451950390282704,90.20430752160576,83.06507402073936,0,0,-0.0660387932171207,HINDUNILVR.NS,IN,FMCG
2024-09-16,3043.19,3021.49,3004.37,3011.98,10342852,3018.468,2972.696,2922.078,2853.1602,2969.9735794950034,2919.987266223987,76.84633411449627,70.34970047616616,49.98631327101657,39.78073398653693,10.20557928447964,2922.078,68.81039981067879,3059.6987996213575,2784.4572003786425,0.8266294057530729,0.09419378922897363,44.392857142857146,11107786.6,0.9311351974357163,189743573.0,-0.007100661937287311,0.005683968685049106,-0.010255685645651366,0.04427810156469403,0.07099095767566399,-0.00593735251504135,80.27025780528395,80.81446294294688,0,0,-0.060435328255831755,HINDUNILVR.NS,IN,FMCG
2024-09-17,3014.2,2966.57,2883.31,2920.32,10018892,2997.284,2976.552,2925.0465,2856.05,2962.334565355473,2920.011935588324,57.6845151953691,21.067074779671813,42.32262976714901,40.28911314343092,2.033516623718093,2925.0465,67.2985374264333,3059.6435748528665,2790.4494251471333,0.4824420404171156,0.09203072488100317,49.730714285714285,10982038.3,0.9122979554443954,179724681.0,-0.03043180897615516,0.02851057418364142,-0.03114590936234109,0.013380711787241095,0.020751848162323894,-0.03500052870889281,32.5574395503534,67.67733495908104,0,0,-0.017087168529476227,HINDUNILVR.NS,IN,FMCG
2024-09-18,2927.67,2917.03,2889.03,2901.47,13523260,2972.254,2978.366,2926.8225,2858.89,2952.970784089447,2918.637302229644,55.78513448179341,19.51028786471828,34.333481859803214,39.097986885259154,-4.764505025455939,2926.8225,66.11518703429,3059.0528740685804,2794.59212593142,0.40413511200060703,0.09035763123218782,51.50214285714287,11262527.05,1.2007304168267976,166201421.0,-0.006454772079772186,0.009650280719769755,-0.00894909603882655,0.0062913367529904285,0.012393796123449485,-0.04134975649404293,22.89623258375883,45.24130997979873,0,0,-0.0262763357884106,HINDUNILVR.NS,IN,FMCG
2024-09-19,2905.33,2915.0,2885.43,2898.57,11282808,2953.172,2977.5159999999996,2927.7425,2861.6966,2944.601431193181,2917.149676395108,51.5721373941172,19.08946072514847,27.45175479807267,36.76874046555938,-9.316985667486712,2927.7425,65.55751238617403,3058.857524772348,2796.6274752276518,0.38875226141687447,0.0895673200578967,48.832857142857165,11476767.2,0.9830997545110305,154918613.0,-0.0009994933602620604,0.010201582159475175,-0.0023267580619060267,-0.002923906201089066,0.006388511789234608,-0.03186728034255404,21.437553442878066,25.63040852566343,0,0,-0.019709718930369102,HINDUNILVR.NS,IN,FMCG
2024-09-20,2907.78,2836.22,2830.76,2833.19,17603698,2913.1059999999998,2967.5860000000002,2924.792,2863.5154,2927.461208413919,2910.925951406007,44.023494173257816,16.483928794763827,16.53525700791215,32.72204377088538,-16.186786762973227,2924.792,68.50307642726857,3061.798152854537,2787.785847145463,0.165701145198122,0.09368608287665599,49.12428571428573,12061403.95,1.4595064234204325,137314915.0,-0.022555950002932534,0.001927156314965694,-0.025651871874754793,-0.03386200805458828,-0.020403153308899746,-0.0660387932171207,1.0848214285665125,15.139535818401136,1,0,0.01024993029059118,HINDUNILVR.NS,IN,FMCG
2024-09-23,2848.04,2838.53,2823.08,2829.95,20619978,2876.7,2947.584,2922.567,2864.2944,2912.459482120217,2904.9237236019744,43.94841965099161,0.0,7.535758518242801,27.68478671722543,-20.149028198982627,2922.567,70.90484120506855,3064.376682410137,2780.757317589863,0.1734461341916348,0.0970446066147251,49.13428571428575,12063117.25,1.7093406176301058,116694937.0,-0.0011435872638263511,0.005459460414493123,-0.00635173663291028,-0.06601385492265599,-0.015481222494738156,-0.060435328255831755,2.965296961313117,8.495890610919231,1,1,0.02470008304033633,HINDUNILVR.NS,IN,FMCG
2024-09-24,2817.12,2896.08,2849.89,2870.42,10971917,2866.7200000000003,2932.002,2923.508,2866.2758000000003,2905.991868785076,2902.3663105377514,48.61768421954303,18.188764044943895,3.625558247324534,22.872941020852206,-19.247382773527672,2923.508,70.03296912319742,3063.573938246395,2783.442061753605,0.31048925718499376,0.09582045833043532,52.620000000000054,11762086.35,0.9328205677710768,127666854.0,0.014300606017774165,0.01609172176893415,0.01892003180552524,-0.05148963730569944,0.006599803619020905,-0.017087168529476227,20.433356353503,8.16115824779421,0,0,-0.00101030511214395,HINDUNILVR.NS,IN,FMCG
2024-09-25,2864.22,2840.19,2813.26,2825.23,10268864,2851.472,2911.8630000000003,2921.674,2867.6043999999993,2893.566964755134,2896.6492358257,41.62196470251013,22.99039936374487,-3.082271070566094,17.681898600503246,-20.76416967106934,2921.674,72.17839707426816,3066.030794148536,2777.3172058514638,0.16595268144799036,0.09881786547608447,53.91285714285719,12007245.8,0.8552221979813057,117397990.0,-0.015743340695786645,0.009531967308852838,-0.013612781141108634,-0.066539572196047,-0.012816615477076465,-0.0262763357884106,4.956521739109828,9.451725017975315,1,1,0.010908846359411584,HINDUNILVR.NS,IN,FMCG
2024-09-26,2819.07,2856.73,2829.21,2841.44,7278365,2840.046,2896.6090000000004,2920.946,2869.5457999999994,2885.5474310933187,2892.557493198584,40.499989566161005,32.689313109175956,-7.010062105265206,12.74350645777773,-19.753568563042936,2920.946,72.94501169049543,3066.836023380991,2775.055976619009,0.2275139239898607,0.09989231117654414,52.722142857142934,11922132.25,0.6104918345884114,124676355.0,0.005737585966452352,0.00968523002420966,0.007935241054671206,-0.05094890413429609,-0.005098039215686301,-0.019709718930369102,11.668737059993022,12.352871717535285,1,1,0.002632468044371894,HINDUNILVR.NS,IN,FMCG
2024-09-27,2844.22,2868.44,2857.27,2862.23,9915365,2845.8540000000003,2879.4800000000005,2919.7025000000003,2870.2891999999997,2881.9601337663976,2890.309908741519,29.163768259962296,40.50083647009618,-8.349774975121363,8.524850170123718,-16.874625145245084,2919.7025000000003,73.75978471219716,3067.2220694243947,2772.182930575606,0.30520381050271134,0.10105109642118937,46.628571428571476,11918109.5,0.831957800693323,134591720.0,0.0073167126527393656,0.0039025515070403743,0.006332140270441065,-0.0564657559534798,-0.008614180319351572,0.01024993029059118,20.277432712131276,12.300897170411375,0,0,-0.006484454428889341,HINDUNILVR.NS,IN,FMCG
2024-09-30,2863.82,2908.9,2892.61,2899.85,7590661,2859.834,2868.267,2920.4815,2872.3572000000004,2884.7124210322363,2891.016903564234,35.51935106894895,70.3828277886496,-6.304482531997564,5.558983629095304,-11.86346616109287,2920.4815,73.44748709649414,3067.376474192988,2773.5865258070116,0.4297746566423559,0.10059640795049579,48.2078571428572,10926950.4,0.6946732644935164,142182381.0,0.013143597824074149,0.0056175319413053594,0.012581097974030198,-0.03722800284198435,0.005401713431821609,0.02470008304033633,35.85507246361952,22.60041407858127,0,0,-0.03065675810817803,HINDUNILVR.NS,IN,FMCG
2024-10-01,2899.56,2887.88,2851.23,2867.52,9403526,2859.254,2862.987,2919.7695,2872.8165999999997,2882.067433056727,2889.2756592626397,33.01520198138185,59.7528684907326,-7.208226205912524,3.005541661677623,-10.213767867590146,2919.7695,73.91017339525047,3067.589846790501,2771.949153209499,0.32326688735761794,0.10125480575809173,48.06285714285718,11175944.55,0.8414076426848732,132778855.0,-0.011148852526854824,0.012781079120629433,-0.011049952406568208,-0.01808021038790275,-0.004941424684914875,-0.00101030511214395,23.208862654419644,26.447122610056812,0,0,-0.020714763977234707,HINDUNILVR.NS,IN,FMCG
2024-10-02,2870.38,2879.67,2837.16,2856.05,11410874,2865.418,2858.445,2918.4055,2873.9418000000005,2878.0647508887123,2886.8135397264614,34.578143518415004,45.60845914063935,-8.748788837749089,0.6546755614857979,-9.403464399234887,2918.4055,74.86362636400017,3068.132752728,2768.6782472719997,0.2917697050330288,0.10260894363579624,48.18571428571435,10647846.05,1.0716602094692935,121367981.0,-0.003999972101327853,0.014884193203895356,-0.004992370348175131,-0.015654133939003168,-0.009461282614199429,0.010908846359411584,18.302750331415776,25.788895149818313,0,0,-0.016820433815934566,HINDUNILVR.NS,IN,FMCG
2024-10-03,2835.64,2862.63,2837.95,2848.92,7650749,2866.9139999999998,2853.4800000000005,2915.498,2875.7459999999996,2873.5809429086967,2884.005597550129,27.747239500458093,59.43448825169259,-10.424654641432426,-1.5611904793289528,-8.863464162103472,2915.498,76.43964200252309,3068.377284005046,2762.618715994954,0.28225303567589727,0.10487353035741649,46.15785714285721,10374164.3,0.7374809229230229,113717232.0,-0.002496454893996969,0.008662931918057238,0.004683246110223977,-0.017129136091245,-0.020002958305097573,0.002632468044371894,17.125294145814088,19.545635710549835,1,0,0.001733990424441556,HINDUNILVR.NS,IN,FMCG
2024-10-04,2850.37,2863.23,2828.02,2843.67,15943452,2863.202,2854.528,2911.0570000000002,2877.7524,2868.979259253168,2881.016776822611,28.881527767321657,50.97303429618641,-12.037517569443025,-3.6564558975265893,-8.381061671916436,2911.0570000000002,77.96539124914203,3066.987782498284,2755.1262175017164,0.283920150593018,0.10713000981995906,46.59071428571435,10561325.4,1.509606975123882,97773780.0,-0.0018428035887283478,0.01238188678714044,-0.002350572030998596,0.0036990106558332236,-0.030288253327376946,-0.006484454428889341,19.835627160525412,18.42122387925176,1,0,0.024415631912282354,HINDUNILVR.NS,IN,FMCG
2024-10-07,2832.02,2814.94,2807.75,2810.95,8908876,2845.422,2852.628,2900.106,2878.9744,2860.051680691291,2875.8250389365508,33.89486084523631,29.734429339234822,-15.773358245259715,-6.079836367234974,-9.69352187802474,2900.106,75.73362747502955,3051.5732549500594,2748.638745049941,0.20569216419218125,0.10445635776761744,39.96571428571435,10385215.1,0.8578421396546577,88864904.0,-0.011506257758460148,0.0025578541062621168,-0.007439919209607532,-0.0067138995388611455,-0.0722845440713934,-0.03065675810817803,2.92825768664946,13.296392997662984,1,1,0.03613369145662504,HINDUNILVR.NS,IN,FMCG
2024-10-08,2797.3,2816.15,2801.69,2808.12,17621917,2833.542,2846.398,2889.2,2879.1366,2852.062191191184,2870.808413745391,35.57320804871266,0.0,-18.74622255420718,-8.61311360476469,-10.133108949442489,2889.2,72.23823371682458,3033.676467433649,2744.7235325663505,0.21940066974071315,0.10001139930333608,38.763571428571495,10876723.85,1.6201491940839159,71242987.0,-0.0010067770682509192,0.005149352591767762,0.0038680155864568833,-0.02170414085743555,-0.07207623982235378,-0.020714763977234707,5.674697731835753,9.479527526336872,1,1,0.04668247795678249,HINDUNILVR.NS,IN,FMCG
2024-10-09,2812.99,2811.62,2805.12,2808.01,9018217,2823.934,2844.6760000000004,2878.2695,2879.2544,2845.2849308909394,2866.1554451860975,35.8826463802457,0.0,-20.870514295158046,-11.06459374294809,-9.805920552209956,2878.2695,66.67554151695522,3011.6205830339104,2744.9184169660894,0.23656194459864427,0.09266059556540081,37.11571428571434,10951490.25,0.8234693151948599,62224770.0,-3.917211515169772e-05,0.002314806571200845,-0.0017703582309207618,-0.006095078984719726,-0.07222908723262245,-0.016820433815934566,5.894972483855248,4.832642634113484,1,1,0.042250561785748486,HINDUNILVR.NS,IN,FMCG
2024-10-10,2820.06,2867.96,2842.58,2853.86,14825221,2824.922,2845.918,2871.2635,2880.4592000000002,2846.604172311602,2865.2444477245176,53.43116098403109,48.833741612525266,-18.6402754129158,-12.579730076993412,-6.060545335922386,2871.2635,60.997045681265476,2993.257591362531,2749.269408637469,0.42867072574560017,0.08497589396618492,36.55428571428576,11446444.1,1.2951812436509218,77049991.0,0.016328289429168752,0.008893218307832625,0.011985560590905229,0.004371023143195041,-0.04680057983019259,0.001733990424441556,48.661505456126704,20.077058557272565,1,1,0.011275956073528492,HINDUNILVR.NS,IN,FMCG
2024-10-11,2859.44,2936.73,2894.19,2913.1,8410525,2838.808,2851.005,2865.2425,2881.7563999999998,2856.834299774711,2868.7901097696636,61.638811903362196,71.97945205479454,-11.955809994952688,-12.454946060581856,0.4991360656291679,2865.2425,48.87697993028569,2962.996459860571,2767.4885401394286,0.7447854801356157,0.06823433608885612,41.37000000000002,11630500.85,0.723143773886249,85460516.0,0.02075785077053527,0.01460300024028882,0.01876591220657929,0.017772855430905343,-0.03969645823993251,0.024415631912282354,82.50148104204301,45.68598632734165,0,1,-0.004215440595928599,HINDUNILVR.NS,IN,FMCG
2024-10-14,2904.58,2942.86,2888.25,2912.52,7270337,2859.1220000000003,2852.272,2860.2695,2883.2394,2865.401330668191,2872.0300431155197,56.63368208748267,74.35788579919344,-6.62871244732878,-11.289699337905754,4.660986890576973,2860.2695,36.70571280289638,2933.6809256057927,2786.858074394207,0.8558744403066135,0.05133182422549146,40.54714285714288,11476875.1,0.6334769964101992,78190179.0,-0.00019910061446570815,0.018750085836314042,0.0027336138099130756,0.004369191509905779,-0.033021467606026644,0.03613369145662504,78.50818162443494,69.89038937420155,0,0,-0.0064308571271614046,HINDUNILVR.NS,IN,FMCG
2024-10-15,2905.69,2956.71,2925.2,2939.21,14058884,2885.34,2859.441,2861.214,2884.5482,2876.75651066587,2877.0073066247483,69.07168194899944,97.39837398374017,-0.2507959588783706,-9.081918662061645,8.831122703183274,2861.214,38.529944663725665,2938.2738893274513,2784.1541106725485,1.006073916532405,0.053865170048395174,39.62071428571432,11678874.7,1.203787450190946,92249063.0,0.009163885569884567,0.010720567771608527,0.011535986288966973,0.02500069746680067,0.006468469208853689,0.04668247795678249,88.71113404664746,83.2402655710418,0,0,-0.009556989803382598,HINDUNILVR.NS,IN,FMCG
2024-10-16,2957.98,2945.76,2911.37,2926.65,7309629,2909.068,2866.501,2862.473,2885.6423999999997,2884.432432159362,2880.685207127158,64.43405495138398,90.8639591808594,3.747225032204369,-6.516089923172525,10.263314955376895,2862.473,40.2859509402246,2943.0449018804493,2781.9010981195506,0.8982591852822724,0.056295309601467815,39.82714285714292,11368193.15,0.6429894584444619,84939434.0,-0.004273257099696837,0.011750636393141844,-0.010591687570568204,0.024719455191610784,0.008678359590138962,0.042250561785748486,80.60895368287574,82.60942311798603,1,0,0.003608221003536416,HINDUNILVR.NS,IN,FMCG
2024-10-17,2925.04,2912.98,2864.49,2886.04,25469210,2915.504,2870.2129999999997,2861.8465,2886.4622000000004,2884.6797502902577,2881.0819247638374,53.77948506301787,71.02894410607445,3.5978255264203653,-4.493306833231295,8.09113235965166,2861.8465,39.78941875675352,2941.425337513507,2782.267662486493,0.6520096344410751,0.05561363092917757,42.33857142857151,12077513.25,2.108812250004176,59470224.0,-0.013875933234243965,0.016801568931817796,-0.013333150999639892,0.013029498897827896,-0.0043228212532386845,0.011275956073528492,54.41233389204993,74.5774738738577,1,1,0.018946376349600058,HINDUNILVR.NS,IN,FMCG
2024-10-18,2893.48,2927.8,2879.23,2900.82,10067254,2913.048,2875.928,2865.228,2887.7386000000006,2887.1628656435296,2882.5442307347093,50.16601061098755,65.20134662695844,4.6186349088202405,-2.670918484804662,7.289553393624903,2865.228,40.098436063481714,2945.4248721269637,2785.0311278730364,0.721903916295705,0.055979399982783666,42.474285714285806,11700691.05,0.8603981676451351,69537478.0,0.0051212041413148945,0.016743541481368515,0.002536737769052355,0.02009726867041528,0.023870619337213572,-0.004215440595928599,63.946587536679566,66.32262503720175,1,1,0.010210905881785193,HINDUNILVR.NS,IN,FMCG
2024-10-21,2911.17,2905.56,2884.37,2893.79,10502584,2909.3020000000006,2884.212,2868.42,2888.9611999999997,2888.182424779919,2883.3773700751826,54.92224095934045,40.557457212714006,4.805054704736449,-1.1757238468857236,5.980778551622173,2868.42,39.6811503706373,2947.782300741275,2789.0576992587253,0.6598365959805499,0.055335202474705324,40.5150000000001,11194821.35,0.9381644184822638,59034894.0,-0.002423452678897764,0.00732257696653618,-0.005970108238266449,0.029470463722229168,0.022558702450573342,-0.0064308571271614046,59.41168881396324,59.25687008089758,1,1,0.027223813752898618,HINDUNILVR.NS,IN,FMCG
2024-10-22,2906.78,2919.0,2904.82,2911.12,25579294,2903.684,2894.512,2870.455,2890.6002000000003,2891.71128251963,2885.4326524185317,60.09680613105491,49.41176470588232,6.278630101098315,0.31514694271963223,5.963483158378683,2870.455,40.816499308364975,2952.0879986167297,2788.82200138327,0.7490720706596528,0.05687808979182835,39.2792857142858,11925190.2,2.144979780282265,84614188.0,0.005988686117513575,0.004870977493196765,0.001493061050371269,0.03667934418757035,0.014179109677329382,-0.009556989803382598,70.59089149741578,64.64972261601953,1,1,0.005647311000577027,HINDUNILVR.NS,IN,FMCG
2024-10-23,2905.7,2948.72,2928.0,2937.21,5957451,2905.796,2907.432,2876.0539999999996,2892.1911999999998,2898.711085231651,2889.2684827797157,65.13525559707888,49.1554054054054,9.442602451935272,2.1406380445711335,7.301964407364139,2876.0539999999996,41.95091058544082,2959.9558211708813,2792.152178829118,0.8644497768086605,0.05834509447378425,40.20214285714292,11709619.55,0.5087655039342841,90571639.0,0.008962186375003567,0.007054313447112309,0.010844202773854622,0.046011232153731596,0.039635711074850644,0.003608221003536416,87.42097793776661,72.47451941638188,1,1,0.0016444176616585704,HINDUNILVR.NS,IN,FMCG
2024-10-24,2924.52,2957.27,2927.47,2940.72,7445861,2916.732,2916.1179999999995,2881.018,2893.3206,2905.1739952137727,2893.0801398988865,66.73679853757801,56.433470507544435,12.093855314886241,4.13128149864146,7.962573816244781,2881.018,43.48528832896147,2967.9885766579227,2794.0474233420773,0.8432310230273603,0.06037489294262829,39.81571428571436,11717994.35,0.6354210577494384,98017500.0,0.001195011592633799,0.010133572730484389,0.005539370563372547,0.030435970930599243,0.03494003040711746,0.018946376349600058,89.36238591021095,82.45808511513111,1,0,0.006032536249626075,HINDUNILVR.NS,IN,FMCG
2024-10-25,2932.6,2933.87,2927.69,2930.44,11498870,2922.656,2917.852,2884.4285,2894.5056,2909.0610728822307,2895.847828478157,72.33541440801535,78.09415337889149,13.21324440407352,5.947674079733205,7.265570324340316,2884.4285,44.59487264308435,2973.6182452861685,2795.2387547138314,0.7579416492984287,0.06184222995032647,38.18071428571433,11797169.6,0.9747142251210642,86518630.0,-0.0034957425392420083,0.0021088983224354456,-0.0007365477733066624,0.005952421818681275,0.02383106878203356,0.010210905881785193,82.75485280831246,86.51273888543001,0,1,-0.007630253477293514,HINDUNILVR.NS,IN,FMCG
2024-10-28,2930.11,2973.11,2972.13,2972.57,5139566,2938.412,2923.857,2888.0645,2897.7104,2918.831677073419,2901.531506637911,76.80172104697033,83.72661464698697,17.30017043550788,8.218173350893473,9.081997084614407,2888.0645,48.694559349720386,2985.4536186994405,2790.6753813005594,0.9338549374281984,0.0674424817724167,40.19571428571434,11674614.85,0.44023427117732533,91658196.0,0.014376680634990091,0.0003296810504040909,0.014490923548940328,0.02061788416903587,0.02507715916340514,0.027223813752898618,99.67855229418613,90.59859700423651,0,0,-0.04155999690503498,HINDUNILVR.NS,IN,FMCG
2024-10-29,2981.84,2941.72,2916.23,2927.56,7699306,2941.7,2922.692,2891.0665,2899.0426,2920.1744959874363,2903.459717315845,66.99650260172307,61.69726359542778,16.714778671591375,9.917494415036247,6.797284256555129,2891.0665,49.20933803927301,2989.485176078546,2792.647823921454,0.6853992628908658,0.06808468506588276,43.75571428571435,11589403.85,0.6643400674711955,83958890.0,-0.015141779672135591,0.008706909508256389,-0.01820352534005245,-0.003963650096454496,0.020937953353420413,0.005647311000577027,65.1038075533202,82.51240421860626,0,0,-0.02501400483679239,HINDUNILVR.NS,IN,FMCG
2024-10-30,2927.87,2943.03,2941.26,2942.04,6039987,2942.666,2924.2309999999998,2895.366,2900.5644,2923.5384196864156,2906.317755017717,63.7643606393606,60.925795053003554,17.220664668698646,11.37812846577092,5.842536202927725,2895.366,49.74252045335979,2994.8510409067194,2795.8809590932806,0.7345779806384588,0.06872018315244777,40.57857142857152,11320859.5,0.5335271996329254,89998877.0,0.004946098457418557,0.0006016233633803008,0.004839695751517394,0.005258572087540214,0.030108016316240827,0.0016444176616585704,71.39569140055788,78.72601708268807,0,0,-0.02350409919647589,HINDUNILVR.NS,IN,FMCG
2024-10-31,2932.69,2989.01,2934.02,2958.46,7874444,2946.214,2931.4730000000004,2900.843,2902.1302,2928.910970510294,2910.1804426013473,58.172972972972985,58.05962224076463,18.730527908946897,12.848608354407883,5.881919554539014,2900.843,50.38573305797744,3001.6144661159547,2800.071533884045,0.7858795362415195,0.06947736648685922,38.58714285714297,11332044.25,0.6948828588555098,97873321.0,0.0055811613710214925,0.018587373160354255,0.008787154455462798,0.025093207301354115,0.03844965811605805,0.006032536249626075,75.46578862772668,70.65509586053491,0,0,-0.024370787504309654,HINDUNILVR.NS,IN,FMCG
2024-11-01,2957.06,2914.57,2902.9,2908.08,9650075,2941.742,2932.199,2904.0634999999997,2902.4478,2925.70620581317,2910.0248431056884,49.321723189734186,40.86737548964751,15.68136270748164,13.415159225023181,2.266203482458458,2904.0634999999997,48.564612227317966,3001.1927244546355,2806.934275545364,0.5206760633683193,0.06689194258638098,38.6550000000001,11017375.4,0.875895916563221,88223246.0,-0.01702913002034845,0.004012957002557035,-0.01656374912919706,0.0025027406043807154,0.02265030752513475,-0.007630253477293514,35.006424670454486,60.62263489957969,0,0,-0.019676212483838107,HINDUNILVR.NS,IN,FMCG
2024-11-04,2909.94,2849.37,2848.75,2849.03,8323479,2917.034,2927.723,2905.9674999999997,2901.9394,2913.9098664472303,2905.5064066501454,37.46315965078133,32.10533257132815,8.403459797084906,12.412819339434755,-4.0093595423498485,2905.9674999999997,45.36284566807454,2996.6931913361486,2815.241808663851,0.1862107129653831,0.06244095388962036,39.73642857142867,10988105.55,0.7574989341544016,79899767.0,-0.020305493659046436,0.00021761792610104955,-0.020931703059162362,-0.015467604767450238,0.013547021469610065,-0.04155999690503498,0.19962925994453398,36.8906141860419,0,1,-0.006872514504936866,HINDUNILVR.NS,IN,FMCG
2024-11-05,2853.95,2887.83,2827.53,2854.33,13863794,2902.388,2922.0440000000003,2908.278,2901.9939999999997,2904.743733141037,2901.7153287058004,39.73893303064697,18.988669744020058,3.0284044352365527,10.535936358593958,-7.507531923357405,2908.278,41.092640857358695,2990.463281714717,2826.0927182852824,0.1717903809867278,0.056518174476228956,41.58714285714291,10800199.4,1.2836608105901441,93763561.0,0.0018602822715099165,0.021125798348466576,0.00013314879377703743,-0.019507955700898583,0.016455849465122574,-0.02501400483679239,16.596482536434085,17.267512155611033,0,0,-0.0063447464028336675,HINDUNILVR.NS,IN,FMCG
2024-11-06,2867.21,2883.88,2864.1,2872.89,11343554,2888.558,2915.612,2911.522,2902.2136,2899.843158808653,2899.579997651895,48.00968669592855,33.351604848041845,0.26316115675763285,8.481381318225681,-8.218220161468048,2911.522,34.84678156248362,2981.215563124967,2841.828436875033,0.2228438447683318,0.0478743166803776,39.25785714285718,10916466.25,1.0391231650514043,105107115.0,0.006502401614389308,0.006885053030221595,0.0019810198764645265,-0.021898332090657502,0.02310533082147126,-0.02350409919647589,28.090165964651206,14.962092587009941,0,0,-0.009356432024894668,HINDUNILVR.NS,IN,FMCG
2024-11-07,2886.03,2894.03,2880.23,2886.36,10622085,2874.138,2910.1760000000004,2913.147,2902.8207999999995,2897.768826683172,2898.6006869629946,47.80269876002917,32.939085672263786,-0.8318602798226493,6.618732998615281,-7.45059327843793,2913.147,32.708499635742164,2978.563999271484,2847.7300007285157,0.2952596397067411,0.04491156764245797,37.298571428571485,10706309.45,0.9921331022116961,115729200.0,0.0046886584589038716,0.004781108385646766,0.00011434392573875284,-0.018485268913735253,0.011388084909561114,-0.024370787504309654,36.43175625441888,27.039468251834723,0,0,-0.01656757992765978,HINDUNILVR.NS,IN,FMCG
2024-11-08,2880.07,2877.32,2829.69,2850.86,15617504,2862.6940000000004,2902.218,2910.0350000000003,2902.0959999999995,2890.552084113373,2895.064167231876,43.99597214063944,20.48172939756391,-4.512083118503142,4.3925697751908945,-8.904652893694037,2910.0350000000003,35.55059426552343,2981.136188531047,2838.9338114689535,0.08386771569757291,0.0488662085033495,39.8328571428572,11066658.4,1.4112211676090798,100111696.0,-0.01229922809351569,0.016707239219036853,-0.010142114601377707,-0.027156331472406814,-0.02136555559369735,-0.019676212483838107,14.447609611007834,26.323177276692643,0,0,-0.0015188399290038124,HINDUNILVR.NS,IN,FMCG
2024-11-11,2853.4,2855.79,2808.38,2829.45,5290515,2858.778,2887.906,2905.8815,2900.9996,2881.1517634770667,2890.2036389667796,38.70682264443153,24.352534411898972,-9.051875489712984,1.7036807222094417,-10.755556211922425,2905.8815,39.839008954465335,2985.5595179089305,2826.2034820910694,0.020372732618805196,0.054839137734214644,41.41857142857147,10967667.3,0.4823737238661749,94821181.0,-0.007510014521933894,0.016755906624956476,-0.008393495479074746,-0.048146889728416964,-0.028521692554901,-0.006872514504936866,11.664729003976666,20.84803162313446,0,1,-0.0008870981992965543,HINDUNILVR.NS,IN,FMCG
2024-11-12,2822.55,2847.48,2827.2,2836.22,8458751,2855.156,2878.772,2900.732,2900.0888,2874.2391844784297,2886.2046836188,35.24702720074791,43.659043659043476,-11.965499140370412,-1.0301552503070797,-10.935343890063333,2900.732,41.90677292326847,2984.5455458465367,2816.9184541534632,0.11514574196492472,0.057787858958709616,40.18142857142863,10687660.65,0.7914501110727059,103279932.0,0.002392691159059268,0.007150362101668083,0.00484313829692823,-0.03120004372241736,-0.0350400277625621,-0.0063447464028336675,15.412722139094031,13.841686918026177,1,1,0.01160699804669596,HINDUNILVR.NS,IN,FMCG
2024-11-13,2818.02,2854.31,2839.38,2846.01,15442605,2849.7799999999997,2869.1690000000003,2896.7,2899.3424,2869.896233019059,2883.227184324034,36.413713957825365,46.05687203791487,-13.330951304975315,-3.4903144612411237,-9.840636843734192,2896.7,43.14296234613796,2982.9859246922756,2810.414075307724,0.2062672725535294,0.05957532688386509,39.34500000000006,11094309.45,1.391939144807328,118722537.0,0.0034517773656488338,0.005245940808357873,0.009932505801942607,-0.03264061671493246,-0.027553687663369297,-0.009356432024894668,20.832641310851887,15.970030817974196,1,0,0.016489752319914563,HINDUNILVR.NS,IN,FMCG
2024-11-14,2866.23,2852.84,2827.1,2838.54,5931548,2840.216,2857.177,2894.325,2897.9718,2865.0721971688913,2879.91690380733,36.70966622317352,31.808071178900818,-14.844706638438765,-5.761192896680946,-9.08351374175782,2894.325,45.026966364616186,2984.378932729232,2804.2710672707676,0.19026894045859988,0.06222793413262235,40.25285714285724,10117426.35,0.58627038226274,112790989.0,-0.00262472724972862,0.009068042021599543,-0.009660773908580398,-0.04053460246209184,-0.016458538343196882,-0.01656757992765978,16.697115650685305,17.64749303354374,1,1,0.016920670485531364,HINDUNILVR.NS,IN,FMCG
2024-11-15,2858.24,2873.99,2824.56,2846.53,11812236,2839.35,2851.022,2891.6105,2896.2526000000003,2862.219551450059,2877.4437176969454,29.775353016688157,27.605982233217475,-15.224166246886398,-7.65378756672223,-7.5703786801641675,2891.6105,46.23505909167632,2984.0806181833523,2799.1403818166473,0.2562428766941291,0.06395751999331896,40.735714285714366,10204675.45,1.1575316530491273,124603225.0,0.002814827340816173,0.017365002301041082,-0.004096926780114856,-0.02116516739566987,-0.018715397715128868,-0.0015188399290038124,21.12052261517404,19.550093192237075,1,1,0.006544810699342651,HINDUNILVR.NS,IN,FMCG
2024-11-18,2850.96,2830.56,2824.04,2826.94,8018826,2838.848,2848.813,2888.268,2892.192,2856.7919281491786,2873.702586545266,32.42015514711031,33.62092577376086,-16.910658396087456,-9.505161732595427,-7.405496663492029,2888.268,48.43335644824111,2985.134712896482,2791.401287103518,0.18344130730583175,0.06707598664420932,38.31785714285723,10080487.55,0.795479897648413,116584399.0,-0.006882063424590745,0.0023063807509171312,-0.008425232202483219,-0.007753516108991554,-0.023101192553709793,-0.0008870981992965543,10.275148092729438,16.03092878619626,1,1,0.001411420122110707,HINDUNILVR.NS,IN,FMCG
2024-11-19,2831.68,2876.59,2863.18,2869.14,11375337,2845.432,2850.294,2886.1690000000003,2889.05,2858.691631511102,2873.364607549684,38.38802166295001,71.15446114486713,-14.672976038581965,-10.538724593792802,-4.134251444789163,2886.1690000000003,48.300354569912024,2982.7697091398245,2789.568290860176,0.4118588250953532,0.06694043844264885,40.75928571428579,9370289.7,1.213979092452276,127959736.0,0.014927801792751216,0.004673874401387048,0.01322889592043833,0.005188608184757859,-0.014420566654758327,0.01160699804669596,33.63782317425862,21.677831294054034,0,0,-0.019298465742347837,HINDUNILVR.NS,IN,FMCG
2024-11-20,2882.43,2916.6,2874.0,2892.94,13381623,2854.818,2852.299,2883.9555,2886.3763999999996,2863.9606112792303,2874.81467484386,39.80328685258968,75.58643089137482,-10.854063564629541,-10.60179238796015,-0.2522711766693906,2883.9555,46.83017015321662,2977.6158403064333,2790.295159693567,0.5479632039028314,0.06495269452417053,40.22142857142863,9741498.3,1.3736718125104213,141341359.0,0.008295168587102886,0.014725504158394291,0.0036462290497936024,0.006979035048331195,-0.015072126269487063,0.016489752319914563,78.13712807172308,40.68336644623705,0,0,-0.024507940019495744,HINDUNILVR.NS,IN,FMCG
2024-11-21,2865.45,2910.37,2867.53,2886.57,4411265,2864.424,2852.32,2881.248,2884.2282,2867.4389787750715,2875.685460923876,46.12110938796125,68.87916589089544,-8.246482148804262,-10.130730340128952,1.8842481913246907,2881.248,44.901206126107816,2971.0504122522157,2791.4455877477844,0.5296317207188339,0.06233577411745497,39.31285714285718,9589768.5,0.4599969790723333,136930094.0,-0.002201912241525883,0.014841143641063563,0.007370570067526209,7.275599717293524e-05,-0.018413857830735236,0.016920670485531364,72.25097024512816,61.34197383036996,0,0,-0.016171442230744515,HINDUNILVR.NS,IN,FMCG
2024-11-22,2894.91,2869.31,2861.83,2865.16,12610301,2868.15,2853.75,2877.984,2880.861,2867.0883666558007,2874.905779531362,53.36560530818335,60.967369808833126,-7.817412875561331,-9.668066847215412,1.850653971654081,2877.984,43.4875329261189,2964.959065852238,2791.008934147762,0.4262777218115992,0.060441660448569405,36.84214285714292,9645340.05,1.3073981453460373,124319793.0,-0.007417107501290543,0.0026106744474994094,-0.010276657996272674,0.0050160302505208865,-0.022276518202044793,0.006544810699342651,52.46719645118756,67.61843158934627,0,0,-0.018149073699200047,HINDUNILVR.NS,IN,FMCG
2024-11-25,2873.54,2848.69,2816.73,2830.93,8531992,2868.948,2853.898,2870.902,2877.24,2861.525541016059,2871.6482462156305,45.64343163538875,44.715447154471434,-10.122705199571556,-9.758994517686643,-0.3637106818849123,2870.902,38.52314268210133,2947.9482853642025,2793.8557146357975,0.24059748752784957,0.05367392224755541,35.99428571428579,9814961.35,0.8692842311310548,115787801.0,-0.01194697678314649,0.011289576216998918,-0.014828399813465377,0.0005230698545652945,-0.04764900406045958,0.001411420122110707,20.837183514869153,48.518450070394955,0,1,-0.003006079274301965,HINDUNILVR.NS,IN,FMCG
2024-11-26,2822.62,2822.13,2807.09,2813.77,6701389,2857.874,2851.653,2865.2125,2875.1090000000004,2854.178534705463,2867.360885648889,38.93546938164405,45.46393883033682,-13.182350943426172,-10.443665802834564,-2.738685140591608,2865.2125,38.11557643674746,2941.443652873495,2788.981347126505,0.1625887313712074,0.053211517731036224,35.586428571428605,9765065.5,0.6862614811686126,109086412.0,-0.006061612261694882,0.005345141927021263,-0.0031353848552043047,-0.007915464949827533,-0.038868545819726985,-0.019298465742347837,6.09989955249644,26.468093172851056,1,0,0.01104567892898145,HINDUNILVR.NS,IN,FMCG
2024-11-27,2806.7,2826.91,2818.15,2822.04,17016794,2843.6940000000004,2849.256,2859.2125,2873.5204,2849.2341447505296,2864.0037227801354,37.7233165368759,28.82955771305295,-14.769578029605782,-11.308848248188824,-3.4607297814169584,2859.2125,34.6748400937422,2928.5621801874845,2789.8628198125157,0.23199227523661553,0.04850963696294707,35.015,10313905.85,1.6498882768172374,126103206.0,0.0029391172697128543,0.0031041374324944577,0.005465493283925849,-0.008422317560374037,-0.04078802463596687,-0.024507940019495744,13.651721303865704,13.529601457077105,1,1,0.017047951127553196,HINDUNILVR.NS,IN,FMCG
2024-11-28,2810.2,2853.46,2829.04,2839.89,11348724,2834.358,2849.391,2853.284,2872.3468,2847.7965840196184,2862.2174914211378,47.754901559494044,24.807674043118908,-14.420907401519344,-11.931260078854935,-2.4896473226644087,2853.284,25.818084930411874,2904.920169860824,2801.647830139176,0.3703040907519701,0.03619420279285608,33.21142857142858,10487619.85,1.0821066247832558,137451930.0,0.006325211549092158,0.008598924606231746,0.010565084335630736,0.00047559660952467553,-0.040078283972066586,-0.016171442230744515,29.951602593096776,16.567741149819643,1,1,0.0235748567726215,HINDUNILVR.NS,IN,FMCG
2024-11-29,2836.7,2831.65,2798.37,2813.16,9636322,2823.958,2846.0539999999996,2848.538,2871.9462,2842.467878785641,2858.583547274715,46.737171013099406,20.787902904894437,-16.11566848907387,-12.76814176089873,-3.347526728175138,2848.538,23.865566607016945,2896.269133214034,2800.806866785966,0.1294033095601454,0.03351272351923487,32.790714285714294,10486932.2,0.9188884697005604,127815608.0,-0.00941233639331096,0.01183011275575807,-0.00829837487220773,-0.011723045251587183,-0.03264009243212018,-0.018149073699200047,12.509515351327806,18.7042797494301,1,1,0.04341381222539775,HINDUNILVR.NS,IN,FMCG
2024-12-02,2808.58,2830.82,2815.71,2822.42,12567539,2822.2560000000003,2845.602,2847.2075,2871.7956,2839.383589741603,2855.904727844724,47.26320799619236,31.171806167400973,-16.521138103121302,-13.51874102934325,-3.0023970737780523,2847.2075,24.5681044563724,2896.3437089127447,2798.0712910872553,0.24776747587237613,0.03451536912060496,32.60357142857145,10699135.2,1.1746311819079376,140383147.0,0.003291671998748802,0.005353561837003271,0.004927757087209628,-0.0015989019929676385,-0.009340020989599962,-0.003006079274301965,20.34170684242304,20.93427492894921,1,1,0.04942567016957078,HINDUNILVR.NS,IN,FMCG
2024-12-03,2830.44,2853.28,2838.11,2844.85,12543199,2828.472,2843.173,2846.7335,2871.2842,2840.224575935224,2855.0858483172765,49.78093367578178,56.8436578171092,-14.861272382052448,-13.787247299885092,-1.0740250821673563,2846.7335,24.514847976605267,2895.7631959532105,2797.703804046789,0.48079225290038363,0.03444628445423038,33.5157142857143,10633105.45,1.179636361112514,152926346.0,0.00794708087385998,0.005332442835297025,0.005091081245316899,-0.008465951469778354,-0.003321269790108383,0.01104567892898145,39.313203078412315,24.05480842405439,1,1,0.061567393711443597,HINDUNILVR.NS,IN,FMCG
2024-12-04,2824.42,2876.02,2865.45,2870.15,3943187,2838.094,2840.894,2846.5965,2872.1826,2844.828487329905,2856.201725029498,55.59290845394389,75.66460305899493,-11.373237699593119,-13.304445379826694,1.931207680233575,2846.5965,24.368197841713904,2895.332895683428,2797.8601043165722,0.7416417922270294,0.03424187143025768,33.90357142857143,10263087.1,0.38421057693151833,156869533.0,0.00889326326519857,0.0036827343518619168,0.01619093477598368,-0.007877799055632018,-0.0009537434430137992,0.017047951127553196,60.712171191231555,40.12236037068897,1,1,0.07060606588505824,HINDUNILVR.NS,IN,FMCG
2024-12-05,2870.32,2923.2,2893.75,2906.84,5129476,2851.484,2842.921,2847.6205,2873.4906,2854.3687200485556,2859.952750767323,59.68710848405022,80.66685953999712,-5.584030718767281,-11.760362447614805,6.176331728847524,2847.6205,26.46700437884412,2900.5545087576884,2794.6864912423116,1.0593710110831107,0.03717771294150313,34.162142857142854,9988456.65,0.5135403462415441,161999009.0,0.01278330400850125,0.010131276575246552,0.012723320047934465,0.007022175107480599,0.007095442010005781,0.0235748567726215,86.89417607877223,62.306516782805375,1,1,0.05436487732382922,HINDUNILVR.NS,IN,FMCG
2024-12-06,2923.82,2947.5,2925.51,2935.29,10471242,2875.91,2849.934,2851.8419999999996,2874.9518,2866.818147733586,2865.533346164753,66.9217554271435,82.043530834341,1.2848015688332453,-9.151329644325186,10.436131213158431,2851.8419999999996,32.95017747736361,2917.742354954727,2785.9416450452723,1.1331377126587163,0.0462159930001061,35.45999999999997,9731143.55,1.0760545120049623,172470251.0,0.009787260392728703,0.007491593675579684,0.003922950113206653,0.024476818048555726,0.029615624758844605,0.04341381222539775,91.81251257230728,79.80628661410371,1,1,0.04839044864391595,HINDUNILVR.NS,IN,FMCG
2024-12-09,2926.81,2966.79,2958.02,2961.92,22861970,2903.81,2863.033,2858.4655000000002,2876.1932,2881.4492019286113,2872.673167503553,65.23080963950359,100.0,8.776034425058242,-5.5658568304484906,14.341891255506733,2858.4655000000002,40.63115157960093,2939.7278031592023,2777.2031968407982,1.136546688789907,0.05685729154973085,34.163571428571395,10609716.3,2.154814247501203,195332221.0,0.00907235741613266,0.002960917242868484,0.011995995640300577,0.04627101341255346,0.04681828623937534,0.04942567016957078,97.10841942704491,91.93836935937482,1,1,0.053144581892826226,HINDUNILVR.NS,IN,FMCG
2024-12-10,2964.34,3037.56,3005.95,3020.0,10715273,2938.84,2883.656,2867.6545,2879.2428000000004,2902.7647093244464,2883.5863641480764,68.7481555804757,100.0,19.17834517636993,-0.6170164290847956,19.795361605454726,2867.6545,53.93792586951758,2975.5303517390353,2759.778648260965,1.2061149346349362,0.0752362962407065,36.176428571428524,10722542.4,0.9993219519167439,206047494.0,0.019608902333621447,0.01046688741721512,0.018776523610645565,0.07329312630385565,0.06479751218170682,0.061567393711443597,92.65855595930995,93.85982931955407,1,1,0.06022185430463578,HINDUNILVR.NS,IN,FMCG
2024-12-11,3011.42,3086.19,3062.09,3072.8,8517166,2979.37,2908.732,2878.9939999999997,2883.5777999999996,2928.9239848132383,2897.6023054952893,74.16751018713175,100.0,31.32167931794902,5.770722720321979,25.550956597627042,2878.9939999999997,70.45760340726237,3019.9092068145246,2738.0787931854748,1.1876688626441279,0.09789197672136588,37.8442857142857,10376270.45,0.8208310702974141,214564660.0,0.017483443708609325,0.007843009632905514,0.020382410955622172,0.08885770577312879,0.07968700039704713,0.07060606588505824,95.34778681087022,95.0382540657417,1,1,0.05885186149440247,HINDUNILVR.NS,IN,FMCG
2024-12-12,3096.4,3091.25,3043.77,3064.87,9828802,3010.9759999999997,2931.2300000000005,2890.3105,2887.8968,2949.8387563805986,2909.9926004220642,76.85645894408432,96.23421027637939,39.84615595853438,12.585809367964469,27.260346590569913,2890.3105,81.00464622639562,3052.3197924527913,2728.301207547209,1.0387329867199655,0.11210511289547276,39.468571428571394,10571133.15,0.9297774354703463,204735858.0,-0.0025807081489196415,0.015491684802286729,-0.01018279292080804,0.07922137829282128,0.07973465232126364,0.05436487732382922,90.99289811495834,92.99974696171284,1,1,0.06448560624104793,HINDUNILVR.NS,IN,FMCG
2024-12-13,3075.58,3118.06,3044.75,3077.33,8959207,3039.384,2957.647,2901.8505,2892.57,2969.4527938606384,2922.388051662566,85.19597760255968,95.74456667561026,47.06474219807251,19.481595933986082,27.583146264086427,2901.8505,90.3412916885061,3082.533083377012,2721.167916622988,0.985601591252597,0.12452921566907042,41.24571428571426,10428481.7,0.8591093505865433,213695065.0,0.004065425287206326,0.023822599461213494,0.0005689983677873543,0.09390507472024345,0.08108117602835718,0.04839044864391595,87.25953267200332,91.20007253261065,1,1,0.0727026350765112,HINDUNILVR.NS,IN,FMCG
2024-12-16,3089.55,3137.56,3104.74,3119.33,7346123,3070.866,2987.338,2916.47,2898.7376,2992.510825574517,2936.9764403652716,90.7543747332479,96.033016508254,55.534385209245556,26.69215378903798,28.842231420207575,2916.47,100.65066867767723,3117.7713373553543,2715.1686626446453,1.0038714661912314,0.1380445109020737,43.84499999999999,10394846.55,0.7067081036700725,221041188.0,0.013648195026207732,0.01052149019180069,0.009638944182806591,0.10519695863833167,0.10342985701854301,0.053144581892826226,94.62543117398913,90.95928732031695,1,1,0.07041576235922453,HINDUNILVR.NS,IN,FMCG
2024-12-17,3105.08,3241.25,3170.36,3201.87,5309337,3107.2400000000002,3023.04,2933.1065,2906.6126,3024.719929332439,2956.598305372403,92.28320160302788,96.90004300066445,68.12162396003578,34.97804782323754,33.14357613679824,2933.1065,118.35676518920685,3169.820030378414,2696.392969621586,1.067697798197853,0.16140807050704312,51.61500000000001,10091546.55,0.52611722569746,226350525.0,0.026460810494561393,0.022140186828315245,0.03117149960708542,0.12549695063008603,0.11596854806666812,0.06022185430463578,91.10820086684629,90.99772157094627,1,1,0.03443300321374698,HINDUNILVR.NS,IN,FMCG
2024-12-18,3202.91,3266.33,3243.48,3253.64,14445022,3143.408,3061.389,2951.1415,2915.5252,3059.938401742976,2978.6015183023296,92.82505641004404,96.82164328657304,81.33688344064649,44.24981494671933,37.087068493927156,2951.1415,137.7987292461093,3226.738958492219,2675.5440415077815,1.048804952073772,0.18677346273780862,53.97500000000001,10144716.5,1.423895934016891,240795547.0,0.016168676429711315,0.007022903578758832,0.015838721662483235,0.13361322578959278,0.12468284859001555,0.05885186149440247,97.28822976301973,94.34062060128507,1,1,0.02933637403031697,HINDUNILVR.NS,IN,FMCG
2024-12-19,3236.02,3273.7,3253.56,3262.51,8018795,3182.936,3096.9559999999997,2969.9385,2923.6981999999994,3091.1032630133955,2999.6318863327842,98.29539347821408,96.14243323442123,91.47137668061123,53.694127293497715,37.777249387113514,2969.9385,153.29634627688483,3276.53119255377,2663.3458074462305,0.9771338441925067,0.20646400089002948,52.44785714285714,10325093.0,0.7766316703751075,248814342.0,0.002726177450486311,0.006173161155059662,0.008185981545229032,0.12235623563732445,0.13023761765694242,0.06448560624104793,97.5567152119096,95.31771528059188,1,1,0.02230797760006853,HINDUNILVR.NS,IN,FMCG
2024-12-20,3253.45,3322.31,3284.05,3301.06,19793461,3227.682,3133.533,2991.7335,2931.4574000000007,3123.404299472967,3021.9600030143097,98.39635995955504,100.0,101.44429645865739,63.24416112652966,38.20013533212773,2991.7335,167.9063177167882,3327.546135433576,2655.9208645664235,0.9605641172489834,0.2244936826314671,55.4578571428571,10684251.0,1.852582754506352,268607803.0,0.01181605573622746,0.011590216475916274,0.01463369653751725,0.12461119684937438,0.15213810049002507,0.0727026350765112,95.61131763714249,96.81875420402396,1,1,0.013404785129625063,HINDUNILVR.NS,IN,FMCG
2024-12-23,3297.41,3368.37,3315.47,3338.98,13963272,3271.612,3171.239,3017.136,2939.9865999999997,3156.569791861823,3045.4430711815035,98.44506755034406,100.0,111.12672068031952,72.82067303728763,38.30604764303189,3017.136,180.27387426095098,3377.683748521902,2656.588251478098,0.9463264592810274,0.23899999769435826,58.061428571428515,10955815.0,1.2745077135285952,282571075.0,0.011487219256844705,0.015843161684102405,0.012606864175212533,0.1273025605012965,0.17946399239825794,0.07041576235922453,94.15612821105914,95.77472035337043,0,0,-0.0012249249770888149,HINDUNILVR.NS,IN,FMCG
2024-12-24,3349.75,3342.54,3287.79,3312.12,9541991,3293.6619999999994,3200.451,3042.0535,2947.4447999999998,3180.5005931139,3065.1969998768523,93.19910077216296,89.10389030870954,115.30359323704761,81.31725707723963,33.986336159807976,3042.0535,185.0625668388952,3412.1786336777905,2671.9283663222095,0.8648313440856996,0.24333900352355328,59.74571428571422,11097845.1,0.8598056698587666,273029084.0,-0.008044372832421876,0.016530198181220326,-0.01123367415478435,0.09672847682119201,0.1771111355938828,0.03443300321374698,88.14841346743047,92.63861977187737,0,1,-0.006104851273504575,HINDUNILVR.NS,IN,FMCG
2024-12-25,3316.42,3350.46,3348.0,3349.09,11116911,3312.7520000000004,3228.0800000000004,3068.406,2955.8936,3206.4374249425764,3086.226191939135,93.20282124924285,86.6328257191201,120.21123300344152,89.09605226248001,31.115180740961506,3068.406,189.55506161313252,3447.516123226265,2689.295876773735,0.8701879517361357,0.24710558069964755,58.69499999999997,10802850.95,1.0290718646755128,284145995.0,0.011162035191961683,0.0007345278866794568,0.009850983892266426,0.08991473574589959,0.18676205865260598,0.02933637403031697,95.64647969991505,92.65034045946823,0,0,-0.021062437856253502,HINDUNILVR.NS,IN,FMCG
2024-12-26,3333.22,3354.62,3319.83,3335.29,22075086,3327.308,3255.122,3093.1760000000004,2964.8786,3226.260898028364,3104.6754286581963,90.22687960094926,75.05062281401477,121.58546937016763,95.59393568401755,25.991533686150078,3093.1760000000004,190.48798214337094,3474.1519642867424,2712.2000357132583,0.8177549539804491,0.24633319558060637,58.275714285714265,11339169.05,1.9467990957592172,262070909.0,-0.004120522291129913,0.010430877075153744,0.0006210211147177632,0.08823212730066854,0.17444337632795648,0.02230797760006853,91.9385890091582,91.91116072550126,0,0,-0.005471788060408489,HINDUNILVR.NS,IN,FMCG
2024-12-27,3330.59,3380.65,3317.04,3345.31,13417787,3336.1580000000004,3281.9199999999996,3119.7835,2973.7683999999995,3244.576144485562,3122.5002705411976,89.88909003891203,75.22544479649024,122.0758739443645,100.89032333608695,21.185550608277552,3119.7835,186.4390923620635,3492.661684724127,2746.905315275873,0.8024131059933859,0.23904106469183364,60.5692857142857,11528242.3,1.163905605635509,275488696.0,0.003004236513166836,0.01901468025384228,0.004419637361547167,0.08708198340769435,0.1891644982866243,0.013404785129625063,90.56845476356932,92.71784115754754,0,0,-0.00029892595902925034,HINDUNILVR.NS,IN,FMCG
2024-12-30,3350.71,3351.23,3321.81,3334.89,2978785,3335.34,3303.4759999999997,3145.407,2982.5904000000005,3258.4705837954903,3138.2328911645086,86.36899124529336,62.43841458930795,120.23769263098166,104.7597971950659,15.477895435915755,3145.407,178.4650412796521,3502.3370825593042,2788.476917440696,0.765434337504673,0.22695319401221564,57.267857142857146,11048804.6,0.2696024446298521,272509911.0,-0.00311480849308432,0.008821880181952403,-0.004721387407443629,0.06910458335604108,0.18157113399139746,-0.0012249249770888149,86.4165281403276,89.64119063768504,1,0,0.0013883516397843465,HINDUNILVR.NS,IN,FMCG
2024-12-31,3328.62,3311.79,3275.99,3291.9,6274744,3331.296,3312.4790000000003,3167.7595,2990.2059999999997,3263.6135709038813,3149.615672170778,75.89222406050573,33.31206578760818,113.99789873310328,106.60741750267339,7.390481230429899,3167.7595,166.42979425429468,3500.6190885085894,2834.899911491411,0.6864757758001466,0.2101545830789769,56.74714285714286,10735381.85,0.5844918702643195,266235167.0,-0.012890979912380862,0.010875178468358488,-0.0110315986805309,0.02811794357672248,0.15714361038367586,-0.006104851273504575,73.65530752768449,83.5467634771938,1,1,0.01219356602569932,HINDUNILVR.NS,IN,FMCG
2025-01-01,3306.48,3279.69,3277.63,3278.55,13862005,3317.1879999999996,3314.97,3188.1794999999997,2997.0327999999995,3265.9114830725166,3159.1663881400227,74.93232521235882,36.840454723637926,106.74509493249388,106.6349529886375,0.11014194385639087,3188.1794999999997,152.46090858677778,3493.1013171735553,2883.257682826444,0.6481863463182681,0.19128271615413123,54.375,11231322.75,1.2342271764715178,252373162.0,-0.004055408730520349,0.0006283265467963939,-0.008447049430207165,0.007656040619122173,0.142292214692612,-0.021062437856253502,69.6040488238476,76.55862816395324,1,1,0.016635402845770253,HINDUNILVR.NS,IN,FMCG
2025-01-02,3270.51,3342.77,3296.45,3317.04,18026488,3313.5379999999996,3320.423,3208.6895,3004.5591999999997,3273.777408753673,3170.860758124484,76.36783632163679,37.58425660494296,102.91665062918901,105.8912925167478,-2.974641887558789,3208.6895,139.67672384455437,3488.0429476891086,2929.3360523108913,0.6939308444116447,0.17412307902588992,53.725714285714275,11876173.35,1.5178699359529022,270399650.0,0.011739946012718994,0.013964257289627559,0.01422713888659124,0.016714125014176018,0.14111543807020666,-0.005471788060408489,76.94538073981751,73.40157903044987,1,1,0.010617900296649996,HINDUNILVR.NS,IN,FMCG
2025-01-03,3309.32,3353.82,3336.71,3344.31,16613533,3313.3379999999997,3324.7480000000005,3229.1405000000004,3012.8365999999996,3284.6285766377296,3183.708878970519,75.57637215224409,53.16402413357655,100.91969766721058,104.89697354684037,-3.9772758796297865,3229.1405000000004,126.89882457566237,3482.938149151325,2975.342850848676,0.7268923695400422,0.15719207581785055,52.050714285714285,12183287.9,1.3636328528661912,287013183.0,0.008221185153028054,0.005116152509783785,0.010573169110267126,0.013101852132345382,0.13934568645687473,-0.00029892595902925034,82.71910219181733,76.42284391849415,1,0,0.0112818488716655,HINDUNILVR.NS,IN,FMCG
2025-01-06,3353.98,3349.62,3331.44,3339.52,6179797,3314.264,3324.8020000000006,3248.0204999999996,3020.1756000000005,3293.07341100116,3195.2504674921006,69.00875521308035,47.891632073410534,97.82294350905931,103.48216753928418,-5.659224030224863,3248.0204999999996,112.29910068886046,3472.6187013777208,3023.4222986222785,0.70369597672204,0.13829851220314157,44.640714285714274,11349179.25,0.5445148340119103,280833386.0,-0.0014322834904658688,0.005443896128783296,-0.004311295833605366,0.000161726036094878,0.12748487467588587,0.0013883516397843465,70.01530946949025,76.55993080037503,1,1,0.019218330778075776,HINDUNILVR.NS,IN,FMCG
2025-01-07,3355.95,3378.5,3294.87,3332.04,1468676,3322.292,3326.7939999999994,3263.6225,3028.2652,3299.0682708471377,3205.3830449656703,62.335578072880615,48.93949542308554,93.68522588146743,101.52277920772084,-7.837553326253413,3263.6225,99.94950097951023,3463.5215019590205,3063.7234980409794,0.6711301690574587,0.12250130151937566,46.00999999999999,10886849.4,0.13490366323027642,279364710.0,-0.0022398428516673397,0.02509873831045696,-0.007124659187411234,0.006014274845114409,0.1033245033112582,0.01219356602569932,61.75151467415407,71.49530877848723,1,1,0.029465432587844065,HINDUNILVR.NS,IN,FMCG
2025-01-08,3321.86,3352.22,3317.78,3333.09,13797718,3333.2,3325.1940000000004,3276.6369999999997,3036.0861999999997,3304.302383024503,3214.8428362780173,61.38534004387662,72.28172671210653,89.45954674648556,99.1101327154738,-9.650585968988239,3276.6369999999997,90.27242833137133,3457.1818566627426,3096.092143337257,0.6563406486422322,0.11020131718141972,47.03142857142854,11150877.0,1.2373660621163642,293162428.0,0.00031512226743979355,0.010332754291060026,0.0033806361496260037,-0.004777417149136043,0.084707758396251,0.016635402845770253,54.55761513420086,62.1081464259484,1,1,0.02879610211545436,HINDUNILVR.NS,IN,FMCG
2025-01-09,3334.21,3368.06,3339.62,3352.26,11361083,3340.244,3326.8910000000005,3291.0065000000004,3043.9622,3311.6804779438125,3225.0219022460496,58.80996627434789,87.51145038167941,86.6585756977629,96.61982131193163,-9.961245614168732,3291.0065000000004,76.63208076840394,3444.2706615368083,3137.7423384631925,0.6998298212220648,0.09314120864651063,45.25785714285712,11227491.05,1.0118985566326897,304523511.0,0.005751419853649242,0.00848382881995775,0.0054135762294500855,0.005088013336171704,0.09376906687722486,0.010617900296649996,72.87406841130468,63.06106607321988,1,1,0.030033469957580827,HINDUNILVR.NS,IN,FMCG
2025-01-10,3361.86,3397.21,3369.9,3382.04,17171128,3347.79,3330.564,3306.2419999999997,3053.4414,3322.505019798613,3236.652890228056,57.62285795213141,86.29662720571812,85.85212957055683,94.46628296365668,-8.614153393099855,3306.2419999999997,60.508408515288735,3427.258817030577,3185.2251829694223,0.8131713503092514,0.07320505699857469,43.660714285714256,11638087.1,1.4754251602546298,321694639.0,0.008883559151139808,0.008075007983344925,0.0060026294967648365,0.010979550475142874,0.09901765491513759,0.0112818488716655,87.48556343765476,71.63908232772012,1,1,0.036658348215869774,HINDUNILVR.NS,IN,FMCG
2025-01-13,3379.31,3406.65,3401.34,3403.7,8244745,3360.626,3337.4449999999997,3320.4605,3064.5348,3334.9965552142135,3249.026767723681,66.5163757033617,85.38067437150005,85.96978749053233,92.76698386903182,-6.797196378499493,3320.4605,45.930573291601334,3412.321646583203,3228.5993534167974,0.9530723983705824,0.055330365521996175,41.50785714285712,11683018.2,0.7057032825898292,329939384.0,0.006404418634906595,0.001560066985926605,0.007217449716064125,0.020633364218909822,0.09116380761253207,0.019218330778075776,97.74223174576942,86.0339545315763,1,1,0.03443017892293687,HINDUNILVR.NS,IN,FMCG
2025-01-14,3389.69,3432.68,3428.26,3430.22,16886846,3380.2619999999997,3351.2769999999996,3331.8779999999997,3076.0526,3349.646315950491,3262.448506221498,65.20484276022336,92.92068900246069,87.19780972899298,91.65314904102407,-4.455339312031086,3331.8779999999997,43.200261159059494,3418.2785223181186,3245.477477681881,1.069105355849845,0.05186295675777622,40.83928571428568,12261893.65,1.3771808094926015,346826230.0,0.007791520991861756,0.0012885470902736062,0.011956845611246984,0.0420182873112791,0.07131769871981053,0.029465432587844065,98.43002106006489,94.55260541449637,1,1,0.03139448781710796,HINDUNILVR.NS,IN,FMCG
2025-01-15,3421.41,3436.46,3423.16,3429.07,10618796,3399.458,3366.329,3340.6495000000004,3087.1762,3361.8653442658015,3274.790854069884,68.45046037617072,98.8422430282899,87.0744901959174,90.73741727200274,-3.6629270760853387,3340.6495000000004,44.27504031024814,3429.199580620497,3252.099419379504,0.999268320138232,0.053013691271993575,39.3042857142857,12070582.35,0.879725170863428,336207434.0,-0.00033525546466395273,0.003878602653196436,0.002238843050086973,0.045910539720303234,0.05391807329636977,0.02879610211545436,95.39477783950035,97.18901021511157,1,1,0.03762244573601592,HINDUNILVR.NS,IN,FMCG
2025-01-16,3457.67,3469.63,3439.59,3452.94,11783880,3419.594,3379.9190000000003,3350.171,3098.5078000000003,3375.876829763372,3287.9871019276766,70.08097317064079,99.05853458862084,87.88972783569534,90.16787938474127,-2.27815154904593,3350.171,46.98011918830957,3444.131238376619,3256.2107616233807,1.0468749429254651,0.05609280145795012,37.65785714285711,12258836.6,0.9612559024356436,347991314.0,0.006961071077580705,0.008699832606414031,-0.001367973230527682,0.04097026264380288,0.0583691697496711,0.030033469957580827,91.3809130340251,95.06857064453011,1,1,0.019224197350663497,HINDUNILVR.NS,IN,FMCG
2025-01-17,3455.87,3511.85,3501.35,3506.02,2876448,3444.3900000000003,3396.09,3360.4190000000003,3111.611,3395.8988559536247,3304.1377037711227,77.54385964912294,99.26310393438445,91.76115218250197,90.48653394429341,1.2746182382085607,3360.4190000000003,56.99126931289672,3474.401538625794,3246.436461374207,1.1386987066364234,0.06783828958576867,39.76428571428567,11412985.95,0.2520328825925802,350867762.0,0.01537240728191036,0.002994848859960013,0.014511541232738958,0.04835377103199168,0.0620891471224394,0.036658348215869774,97.52819469135285,94.76796185495944,1,1,0.007378737143541647,HINDUNILVR.NS,IN,FMCG
2025-01-20,3494.95,3534.19,3510.25,3520.89,13718769,3467.828,3414.2270000000003,3369.5144999999998,3125.4397999999997,3415.1282627299915,3320.1934448828642,90.52490001061847,99.18526390364886,94.9348178471273,91.3761907248602,3.5586271222671115,3369.5144999999998,67.02271394048245,3503.5599278809646,3235.469072119035,1.0646425334751446,0.07956364507760688,37.56928571428567,11400760.8,1.2033203781171886,364586531.0,0.004241276433106345,0.006799417192810129,0.007422137655758347,0.05431020026830202,0.054480709677805716,0.03443017892293687,94.81602743960542,94.57504505499446,0,0,-0.0006418831602236219,HINDUNILVR.NS,IN,FMCG
2025-01-21,3525.99,3560.25,3520.04,3537.91,21722722,3489.3660000000004,3434.814,3380.804,3139.4736,3434.0177607715323,3336.320611497056,95.31097134870731,99.15757087392892,97.69714927447649,92.64038243478346,5.056766839693026,3380.804,75.3457640621264,3531.495528124253,3230.1124718757474,1.0212834522105207,0.08914537969323756,39.422142857142816,12009797.35,1.8087499362551747,386309253.0,0.004834005038498734,0.011365467182598956,0.00338061083553745,0.06178497256935689,0.06817083922080114,0.03139448781710796,91.58188258312008,94.6420349046928,0,0,-0.004788137629278322,HINDUNILVR.NS,IN,FMCG
2025-01-22,3537.84,3580.43,3540.19,3558.08,8895693,3515.168,3457.3129999999996,3391.2535,3153.715,3453.1042591143746,3352.74724643281,94.990294161565,99.11647203441944,100.35701268156481,94.18370848413974,6.173304197425068,3391.2535,84.6353977379648,3560.524295475929,3221.9827045240704,0.9927799255918615,0.09982786334072608,37.872142857142826,11898736.45,0.7476165464933425,395204946.0,0.005701106020221003,0.011309470276100726,0.005721004906947194,0.06750192764071761,0.06240202562487118,0.03762244573601592,92.17327356740383,92.85706119670978,0,0,-0.01596085529274216,HINDUNILVR.NS,IN,FMCG
2025-01-23,3538.18,3521.07,3517.91,3519.32,14133032,3528.4440000000004,3474.0190000000002,3400.4549999999995,3167.3306,3463.291296173702,3365.0859783538635,81.32226080108832,76.89694224235568,98.20531781983846,94.98803035127949,3.2172874685589647,3400.4549999999995,88.16122297723891,3576.777445954477,3224.132554045522,0.8370671253898435,0.10370520765863735,38.11428571428568,11501633.75,1.228784629941409,381071914.0,-0.010893515603921156,0.0008979007308228326,-0.005330424116352006,0.04983503666183409,0.05517661132914986,0.019224197350663497,78.59994396946853,87.45170003999749,1,1,0.016528761237966316,HINDUNILVR.NS,IN,FMCG
2025-01-24,3507.38,3558.6,3510.52,3531.89,8929880,3533.618,3489.004,3409.7839999999997,3181.0377999999996,3473.84494291621,3377.4418405569972,83.49643043705393,75.22847830255006,96.40310235921288,95.27104475286617,1.1320576063467058,3409.7839999999997,91.81480412679878,3593.413608253597,3226.1543917464023,0.8324790625010106,0.10770747252819739,40.249999999999964,11277238.4,0.791849820976577,390001794.0,0.003571712717229447,0.013613107995998266,0.006988122188069948,0.04430757767501259,0.05577360543566967,0.007378737143541647,83.00182098304036,84.59167950663758,1,0,0.023259501286846396,HINDUNILVR.NS,IN,FMCG
2025-01-27,3528.36,3562.62,3483.44,3518.63,3981405,3533.166,3500.4970000000003,3418.971,3194.8716,3480.734951698332,3387.900229593948,81.84890588195151,55.40505786540944,92.83472210438413,94.78378022316977,-1.9490581187856435,3418.971,93.10987509954538,3605.190750199091,3232.751249800909,0.7675843993257571,0.10893321423260764,39.93214285714281,11327369.4,0.3514853721036614,386020389.0,-0.003754363810877348,0.02250307648146504,-0.0027576551145566948,0.03376619561065897,0.05509627004189044,-0.0006418831602236219,76.47058823500305,79.35745106250398,1,1,0.001281748862483445,HINDUNILVR.NS,IN,FMCG
2025-01-28,3505.11,3546.77,3500.33,3520.97,16760656,3529.778,3509.572,3430.4245,3207.9082,3486.9249591293583,3397.757255607142,81.92848888586788,50.03841721091046,89.16770352221647,93.66056488297912,-4.492861360762646,3430.4245,90.71430911760561,3611.8531182352112,3248.995881764789,0.7495347781403027,0.10577619080971365,40.7892857142857,11851665.0,1.4142025264633682,402781045.0,0.0006650315605789547,0.013189547198637554,0.004524822330824182,0.02645602905936073,0.06958595340077145,-0.004788137629278322,75.30833437118346,78.26024786307563,1,1,0.007009432059915444,HINDUNILVR.NS,IN,FMCG
2025-01-29,3517.64,3525.05,3482.28,3501.29,3448665,3518.4199999999996,3516.7939999999994,3441.5615,3220.0752,3489.1349654171495,3405.426352094635,75.28246191429459,32.8525941187487,83.70861332251434,91.67017457088618,-7.9615612483718365,3441.5615,84.55083542648217,3610.663170852964,3272.4598291470356,0.6766052922423759,0.09827031761769478,41.34642857142857,11330998.0,0.3043566591083452,399332380.0,-0.005589368838700648,0.012215497716552405,-0.004648002638131038,0.021061104031122158,0.06793857040459961,-0.01596085529274216,62.409157839441384,71.39602681520931,1,1,0.026670170137292226,HINDUNILVR.NS,IN,FMCG
2025-01-30,3504.22,3605.41,3555.15,3577.49,9694943,3530.054,3529.249,3454.5840000000003,3233.8936,3502.7280476606647,3418.17181412772,78.64575699838795,55.96093606043855,84.55623353294459,90.24738636329786,-5.691152830353275,3454.5840000000003,84.41977651811617,3623.4235530362325,3285.744446963768,0.8639727711573615,0.09774812425240396,45.57285714285714,10914420.75,0.888269046411002,409027323.0,0.02176340720134573,0.014048956111683253,0.020909075343437077,0.036070710756630486,0.07851879989388122,0.016528761237966316,86.31842014952551,74.67863745338346,0,0,-0.00310552929567931,HINDUNILVR.NS,IN,FMCG
2025-01-31,3583.63,3640.28,3593.05,3614.04,23386879,3546.4840000000004,3540.0510000000004,3468.0705000000003,3248.8712,3519.8529634051783,3432.680575627798,79.53881586338632,79.48941469489426,87.17238777738021,89.63238664611434,-2.4599988687341323,3468.0705000000003,87.36957855931212,3642.8096571186243,3293.3313428813763,0.917678276598269,0.10077024507925869,48.30000000000002,11253088.05,2.0782630348064295,432414202.0,0.01021666028416579,0.013068477382648491,0.00848580908185035,0.030809864176473578,0.08065340832638124,0.023259501286846396,87.91451731720738,78.88069843539144,0,0,-0.008879259775763426,HINDUNILVR.NS,IN,FMCG
2025-02-03,3609.93,3534.19,3514.29,3523.14,12533353,3547.386,3540.2760000000003,3477.2515,3262.7154000000005,3520.3586613428433,3439.3812767189984,61.050853907996824,48.168919767295854,80.97738462384496,87.90138624166048,-6.92400161781552,3477.2515,82.67152041123641,3642.5945408224725,3311.908459177527,0.6387675579543481,0.09509984585378715,53.35500000000002,11570765.85,1.083191214763782,419880849.0,-0.025151907560513997,0.005648370487688381,-0.02404201743523446,0.000639042969249326,0.0549839497891913,0.001281748862483445,46.048268238549824,73.42706856842757,1,1,0.025440374211640693,HINDUNILVR.NS,IN,FMCG
2025-02-04,3518.01,3558.27,3535.55,3545.65,5887928,3552.322,3541.05,3487.932,3277.353,3524.2496365208676,3447.253037250953,63.19435012902352,55.44362962366024,76.99659926991444,85.72042884731128,-8.723829577396842,3487.932,76.49132696621771,3640.914653932435,3334.9493460675644,0.6886423019723621,0.08772112181796636,54.914285714285725,11791728.45,0.49932692443176774,425768777.0,0.006389186918487555,0.0064078518748306775,0.007856714449359727,0.0021877323052310604,0.06410787385505579,0.007009432059915444,52.8476755191945,62.270153691650584,1,1,0.034428102040528374,HINDUNILVR.NS,IN,FMCG
2025-02-05,3556.45,3624.94,3570.45,3594.67,12099585,3570.9979999999996,3544.709,3501.011,3292.8056,3535.0835385945807,3458.1728164462884,65.17679309532483,62.49745641999597,76.91072214829228,83.95848750750748,-7.047765359215205,3501.011,70.77142219107608,3642.553844382152,3359.468155617848,0.8308503527960023,0.08085826887268367,57.6807142857143,11706821.8,1.0335498543635597,437868362.0,0.013825391677125376,0.015158554192731204,0.01074667154043766,0.010283636118356032,0.07847972902021838,0.026670170137292226,71.13291139195478,56.67628504989971,1,1,0.01805450848061163,HINDUNILVR.NS,IN,FMCG
2025-02-06,3597.46,3580.08,3555.43,3566.38,9894692,3568.7760000000003,3549.415,3511.7169999999996,3307.3354,3539.8983788107994,3466.1881662150117,56.82589225132314,60.724289056578925,73.71021259578765,81.90883252516352,-8.198619929375866,3511.7169999999996,62.8352763895212,3637.387552779042,3386.0464472209574,0.7174853169277974,0.07157214136503967,56.27571428571433,11633502.25,0.8505341673412091,427973670.0,-0.007869985283767367,0.006911770478746846,-0.00863942893040959,0.013371901390041296,0.06387332724788641,-0.00310552929567931,53.22784810092888,59.06947833735939,1,1,0.0226307908859964,HINDUNILVR.NS,IN,FMCG
2025-02-07,3587.02,3583.06,3581.06,3581.95,4835680,3562.358,3554.421,3521.712499999999,3322.7111999999997,3546.3678589937535,3474.7631196778025,56.89413783759373,50.91830011530227,71.60473931595106,79.84801388332103,-8.243274567369966,3521.712499999999,56.72441077377275,3635.1613215475445,3408.263678452454,0.76548314551681,0.06442821300575395,55.45500000000003,11016729.85,0.43893965150287756,432809350.0,0.004365771454527989,0.000558355085916733,-0.0014134295320345999,0.01417371435690229,0.0591092949817269,-0.008879259775763426,63.08227848061316,62.48101265783228,0,1,-0.0010357486843758368,HINDUNILVR.NS,IN,FMCG
2025-02-10,3604.2,3629.29,3599.54,3612.77,10311958,3580.2840000000006,3563.835,3532.1659999999997,3338.5182,3556.5835729947144,3484.985854657614,58.19682901191314,49.732191809708574,71.59771833710056,78.19795477407695,-6.600236436976388,3532.1659999999997,52.97194971720606,3638.109899434412,3426.2221005655874,0.8804088788001435,0.05998806366087115,55.964285714285744,11120090.5,0.9273267220867742,443121308.0,0.008604251873979285,0.00823467865377308,0.002377781477164915,0.026754731244831076,0.06142433234421363,0.025440374211640693,82.58860759441386,66.29957805865197,0,1,-0.008766126822355114,HINDUNILVR.NS,IN,FMCG
2025-02-11,3591.66,3670.48,3665.51,3667.72,5443944,3604.6979999999994,3578.5099999999998,3544.0409999999997,3354.9755999999998,3573.681484841682,3498.5217210812284,61.15542712954297,85.93656790614438,75.15976376045364,77.59031657135229,-2.4305528108986465,3544.0409999999997,55.47693175403785,3654.9948635080755,3433.087136491924,1.0573442694491697,0.0626143227508059,57.04928571428575,10547945.4,0.5161141129803238,448565252.0,0.015209935866385083,0.001355065272157756,0.021176837451200494,0.04167885554264883,0.06923754161540652,0.034428102040528374,98.53347502604382,81.40145370035695,0,0,-0.013558832190025405,HINDUNILVR.NS,IN,FMCG
2025-02-12,3657.74,3689.53,3635.6,3659.57,18929374,3617.678,3594.3379999999997,3555.5660000000003,3370.764,3586.8951025583465,3510.451226328939,65.21776871161654,80.49250535331919,76.44387622940758,77.36102850296335,-0.9171522735557716,3555.5660000000003,54.26456422497435,3664.095128449949,3447.0368715500517,0.9791524703295914,0.06104745542617856,58.03214285714291,10963474.3,1.7265851823463312,429635878.0,-0.0022220889271807875,0.01473670403899517,0.0005003089339318492,0.045206195430826934,0.06721939184676895,0.01805450848061163,85.54402895013006,88.88870385686259,1,0,0.006957101517391484,HINDUNILVR.NS,IN,FMCG
2025-02-13,3649.3,3650.9,3644.05,3647.09,8327039,3633.8199999999997,3601.2980000000002,3565.2735000000002,3385.5690000000004,3596.155856010909,3520.572619410941,62.502170515714596,67.44309862904309,75.58323659996768,77.00547012236422,-1.4222335223965388,3565.2735000000002,52.268563186982824,3669.810626373966,3460.7363736260345,0.8913274777920642,0.05864185531569257,55.706428571428624,10790632.25,0.7716914111597667,421308839.0,-0.00341023672180063,0.0018782097507870743,-0.0006055955936753434,0.019454981006236327,0.056227446755518606,0.0226307908859964,79.52231604304208,87.866606673072,1,0,0.0025636877620238696,HINDUNILVR.NS,IN,FMCG
2025-02-14,3657.26,3581.09,3575.96,3578.24,11893776,3633.078,3597.718,3568.8845,3398.428,3593.3995704707686,3524.8442781857398,55.772694698921164,53.10764070852104,68.55529228502883,75.31543455489714,-6.760142269868311,3568.8845,50.42160026636486,3669.7277005327296,3468.0412994672706,0.5463863698793301,0.056512448375788706,55.13142857142865,11241498.65,1.0580239621321341,409415063.0,-0.01887806442944928,0.001433665712752268,-0.021606339171942608,-0.009905811778508355,0.02059885568251163,-0.0010357486843758368,46.301568154179286,70.45597104911715,1,1,0.017570090323734577,HINDUNILVR.NS,IN,FMCG
2025-02-17,3586.44,3582.15,3580.26,3581.1,19583734,3626.7439999999997,3603.514,3571.8949999999995,3410.8115999999995,3591.507328859881,3529.011369551656,55.817193274384245,49.761383414743726,62.49595930822488,72.75153950556269,-10.255580197337807,3571.8949999999995,49.187558279240825,3670.2701165584813,3473.519883441518,0.5467852050471597,0.05508287144972303,52.09357142857152,11534746.9,1.6978033824215613,428998797.0,0.0007992756215347008,0.0005277707966824006,-0.0014889416803288654,0.016451233842538215,0.017100789857110055,-0.008766126822355114,47.68154402872034,57.835142741980576,1,1,0.023705006841473253,HINDUNILVR.NS,IN,FMCG
2025-02-18,3586.0,3639.4,3600.86,3617.99,9124428,3616.798,3610.7479999999996,3575.899,3422.7713999999996,3595.5815859583613,3535.6023804756765,60.926147854093315,51.41709197524156,59.97920548268485,70.19707270098712,-10.217867218302274,3575.899,49.53363045765789,3674.9662609153156,3476.831739084684,0.7124364780574055,0.05540831042223957,53.20285714285725,10904832.2,0.8367324683150588,438123225.0,0.010301304068582207,0.010652323527701657,0.008920803123254563,0.020402464992314462,0.02263483242931552,-0.013558832190025405,59.17598721719238,51.05303313336401,1,1,0.028048723186078428,HINDUNILVR.NS,IN,FMCG
2025-02-19,3645.66,3731.4,3647.93,3685.03,7399903,3621.8900000000003,3619.7840000000006,3582.2465,3435.0159999999996,3609.3428804263053,3546.6710949941285,60.244246303917116,54.40974168237641,62.671785432176875,68.69201524722507,-6.0202298150481965,3582.2465,54.96614922649659,3692.1787984529933,3472.314201547007,0.9674854498879717,0.061376177464595144,53.866428571428706,10830042.7,0.6832754516032101,445523128.0,0.01852962556557669,0.022651104604298363,0.010799141993490767,0.025137217046349303,0.035679355157838044,0.006957101517391484,78.64216295850662,61.83323140147312,1,0,0.006051511113885022,HINDUNILVR.NS,IN,FMCG
2025-02-20,3693.88,3670.54,3645.16,3656.44,4442404,3623.7599999999998,3628.79,3589.1025,3446.8474,3616.58859112995,3554.8021263284636,54.10121488818387,49.27783674034421,61.786464801486545,67.31090515807736,-5.524440356590816,3589.1025,55.25496404229941,3699.612428084599,3478.592571915401,0.804667196723024,0.06158081474940773,52.229285714285844,10345511.3,0.4294039648476373,441080724.0,-0.007758417163496678,0.00694117775759842,-0.010135683887941654,0.025252496929659696,0.03896207221849668,0.0025636877620238696,65.47372299725728,67.76395772431877,1,1,0.01623983984422006,HINDUNILVR.NS,IN,FMCG
2025-02-21,3649.39,3652.44,3632.05,3641.11,10995637,3636.334,3634.7059999999997,3594.5635,3458.123,3620.361115571496,3561.1953031271,63.364676560552866,48.638185461832755,59.165812444396124,65.68188661534111,-6.516074170944989,3594.5635,54.69733441739578,3703.9581688347916,3485.1688311652088,0.7127457420689395,0.060866733240217345,46.846428571428696,10448799.15,1.0523348941648578,430085087.0,-0.004192602640819998,0.00559994067742921,-0.002268872332087685,0.016516143441421605,0.030923952897740303,0.017570090323734577,53.898391625969374,66.0047591939111,1,1,0.02357797484832913,HINDUNILVR.NS,IN,FMCG
2025-02-24,3656.19,3674.08,3659.52,3665.99,10878640,3653.3119999999994,3640.028,3601.9314999999997,3469.0562,3627.3809439451124,3568.957874357615,63.56035337600286,74.98718605843155,58.423069587497594,64.23012320977242,-5.807053622274822,3601.9314999999997,53.84884764197301,3709.6291952839456,3494.233804716054,0.797399586083583,0.059799968591249454,46.69214285714296,10793660.9,1.0078729629283645,440963727.0,0.006833081120867002,0.003971642039393445,0.0026803858661604146,0.014731078922820995,0.04187993622517849,0.023705006841473253,62.82889128793062,60.73366863705243,1,1,0.024770934999822858,HINDUNILVR.NS,IN,FMCG
2025-02-25,3671.69,3752.43,3693.1,3719.47,4858396,3673.608,3645.203,3611.8564999999994,3479.4082,3641.54849103048,3580.1069221534203,63.922977375161736,80.58441271384993,61.44156887705958,63.67241234322985,-2.2308434661702705,3611.8564999999994,56.375009139922135,3724.606518279844,3499.106481720155,0.977221652115069,0.062433276781518436,47.20285714285725,10198547.9,0.47638110555120244,445822123.0,0.01458814672162223,0.01595119734800495,0.013013081169702978,0.01410958306522847,0.05637650988221998,0.028048723186078428,83.26903553257222,66.66543948215741,1,1,0.03663962876431315,HINDUNILVR.NS,IN,FMCG
2025-02-26,3727.82,3734.93,3685.25,3707.33,3404849,3678.068,3649.9790000000003,3622.1585,3488.482,3651.668723179637,3589.5308549821166,66.31252459319953,72.17313610642314,62.13786819752022,63.36550351408793,-1.2276353165677136,3622.1585,53.877202314248876,3729.912904628498,3514.404095371502,0.8952112226537203,0.05949734371285419,47.948571428571505,10196357.1,0.333927954138841,442417274.0,-0.0032639058790633335,0.01340047959042935,-0.0054965100246242415,0.013050713608429243,0.05884688214915079,0.006051511113885022,74.44324814373866,73.51372498808051,1,1,0.043697216055759824,HINDUNILVR.NS,IN,FMCG
2025-02-27,3724.29,3741.39,3695.37,3715.82,9949386,3689.9440000000004,3656.852,3629.075,3497.5482,3661.5381503827693,3598.8856075093813,65.75126485468881,60.77251416975718,62.65254287338803,63.22291138594797,-0.5703685125599378,3629.075,56.64884813248025,3742.3726962649603,3515.7773037350394,0.8828189047915581,0.06243888388359526,50.044285714285806,10209079.25,0.9745624244652206,452366660.0,0.0022900578044038333,0.012384884090184022,-0.0022742589862759146,0.01884516148490989,0.03866677474989455,0.01623983984422006,79.25426418043166,78.98884928558086,1,1,0.02830330855638863,HINDUNILVR.NS,IN,FMCG
2025-02-28,3711.69,3735.45,3720.16,3726.96,5392867,3707.114,3671.7239999999997,3634.721,3506.0661999999998,3671.6030503238817,3608.3726005264857,64.08813877168308,78.10457516339878,63.23044979739598,63.22441906823758,0.006030729158396753,3634.721,60.56341764499481,3755.8478352899897,3513.5941647100103,0.8807537767262306,0.06664986682056552,48.065000000000055,9309378.65,0.5792939167541631,457759527.0,0.0029979923677680986,0.004102539335006509,0.004114028919439896,0.04156233231979978,0.031244811900255742,0.02357797484832913,85.56695188935485,79.7548214045084,1,1,0.02249554596775938,HINDUNILVR.NS,IN,FMCG
2025-03-03,3740.25,3788.7,3731.28,3756.8,10139147,3725.2760000000003,3689.2940000000003,3646.404,3514.4226,3684.7102733509764,3619.3672237621354,61.716119528619565,91.32671286704301,65.34304958884104,63.64814517235827,1.6949044164827711,3646.404,60.44298595849565,3767.2899719169914,3525.5180280830086,0.9566121206968873,0.06630421199458876,48.35285714285718,9189668.35,1.1033201102061414,467898674.0,0.008006525425547917,0.015284284497440462,0.00442483791190315,0.04906313702493659,0.06632152000772051,0.024770934999822858,85.00517063041755,83.27546223340137,1,1,0.03316652470187398,HINDUNILVR.NS,IN,FMCG
2025-03-04,3745.76,3878.52,3837.54,3855.75,9394030,3752.532,3713.0700000000006,3661.9090000000006,3525.2952,3711.024077450826,3636.8770605909353,70.82767113979952,94.32816296019442,74.14701685989075,65.74791950986477,8.399097350025983,3661.9090000000006,71.921014855845,3805.7510297116905,3518.0669702883106,1.1737981951010814,0.07856122569493161,53.195,9364973.45,1.003102576537195,477292704.0,0.026338905451448014,0.010628282435321115,0.02936386741274679,0.06571604675524267,0.08745928109091428,0.03663962876431315,92.47421998911796,87.68211416963014,0,0,-0.005430850029177203,HINDUNILVR.NS,IN,FMCG
2025-03-05,3851.47,3877.63,3862.69,3869.33,8725744,3784.932,3731.5,3675.642,3535.7,3735.3788347660834,3654.0957982565337,73.53938058721344,93.02859768002763,81.28303650954967,68.85494290980175,12.428093599747925,3675.642,83.66930441358146,3842.9806088271625,3508.303391172837,1.0787307584198154,0.09105272430074376,53.649285714285725,9196281.4,0.9488338461637498,486018448.0,0.003522012578616396,0.0038611335812650236,0.004637190475323835,0.05001316135825218,0.07640757009683785,0.043697216055759824,96.9625859330481,91.48065885086122,0,1,-0.00844073780215171,HINDUNILVR.NS,IN,FMCG
2025-03-06,3884.5,3883.46,3771.01,3820.99,6126407,3805.9660000000003,3747.9550000000004,3688.3725,3545.414,3748.549783263609,3666.458332658406,76.8796368065552,77.01816107254916,82.09145060520268,71.50224444888194,10.589206156320742,3688.3725,85.51917032701482,3859.4108406540295,3517.3341593459704,0.887683543619516,0.09274461332416027,56.600714285714275,9007867.15,0.6801173038928195,479892041.0,-0.012493118963748273,0.029429545745990018,-0.016349594542408,0.0450027895986258,0.0713917193344511,0.02830330855638863,79.396437994461,89.61108130554237,1,1,0.023462505790384114,HINDUNILVR.NS,IN,FMCG
2025-03-07,3826.85,3814.93,3807.5,3810.8,15044871,3822.7339999999995,3764.9240000000004,3699.815,3554.7238,3758.126739684592,3677.1503087693136,75.02832984658303,72.3967176004528,80.97643091527834,73.39708174216122,7.579349173117123,3699.815,85.83986606037469,3871.4947321207496,3528.1352678792505,0.8232326804922916,0.09280449542515135,57.284999999999954,9518326.7,1.5806212471545817,464847170.0,-0.00266684812051321,0.0019497218431819793,-0.004194049936630789,0.04660392023311566,0.06388978070604012,0.02249554596775938,74.28874734580937,83.54925709110616,1,1,0.011501521990133323,HINDUNILVR.NS,IN,FMCG
2025-03-10,3791.63,3902.08,3864.87,3881.4,15100694,3847.654,3786.4649999999992,3713.2465,3565.6539999999995,3777.0918566561936,3692.2799165127867,76.73724598550524,78.4419889502763,84.8119401434069,75.68005342241035,9.131886720996548,3713.2465,92.27799699392281,3897.802493987846,3528.6905060121544,0.955562283200941,0.09940411657981559,59.6407142857142,9757763.5,1.5475567175247977,479947864.0,0.018526293691613294,0.009586747050031033,0.023675833348711848,0.058759025529256936,0.07435568829457728,0.03316652470187398,92.34159167465717,82.00892567164253,0,1,-0.0023625495955067466,HINDUNILVR.NS,IN,FMCG
2025-03-11,3894.36,3862.72,3812.49,3834.81,5650842,3843.4660000000003,3797.9990000000007,3721.601,3576.5121999999997,3785.9715710167793,3702.837701111659,65.86182064641844,63.53165654813528,83.13386990512026,77.17081671895234,5.963053186167926,3721.601,95.44864002780653,3912.498280055613,3530.703719944387,0.7965181064031472,0.1025887944761202,56.46214285714278,9768108.4,0.5784990491609359,474297022.0,-0.012003400834750377,0.013098432516861831,-0.015291344405752137,0.031009794406192226,0.04555691274143059,-0.005430850029177203,75.08795319010818,80.57276407019158,1,1,0.011460802490866673,HINDUNILVR.NS,IN,FMCG
2025-03-12,3821.46,3875.32,3805.75,3836.67,10693901,3836.9339999999997,3810.933,3730.4559999999997,3587.6746000000003,3793.77132932189,3712.7512052867146,70.23192115129883,45.009416195856886,81.02012403517529,77.94067818219693,3.0794458529783526,3730.4559999999997,97.5821446350655,3925.620289270131,3535.2917107298686,0.7721143309476438,0.10463293992481285,58.58357142857134,9356334.75,1.1429582355464318,484990923.0,0.0004850305491015394,0.018132912134737163,0.0039801541819085,0.0348876415101973,0.04839366373644993,-0.00844073780215171,75.77676554428854,81.0687701363513,1,1,0.003328407186440341,HINDUNILVR.NS,IN,FMCG
2025-03-13,3836.37,3927.77,3896.94,3910.64,12620360,3854.864,3830.415,3743.6335,3599.5465999999997,3811.75112481083,3727.4096352828046,76.73643487749233,58.211091234347045,84.34148952802525,79.2208404513626,5.1206490766626445,3743.6335,103.35597094125919,3950.345441882518,3536.9215581174817,0.903959486999575,0.11043385624285229,63.34857142857134,9571000.8,1.318603868614882,497611283.0,0.01927973998284971,0.00788362007241578,0.019359446560154685,0.05242988088766398,0.07226309194453662,0.023462505790384114,93.61416588967894,81.49296154135857,1,0,0.0004398257062783184,HINDUNILVR.NS,IN,FMCG
2025-03-14,3915.82,3874.82,3838.48,3854.63,22441989,3863.63,3843.182,3757.453,3609.7529999999997,3818.3478748399334,3736.83336645385,67.6239769797078,56.488696859810275,81.51450838608343,79.67957403830678,1.8349343477766524,3757.453,98.43841767692489,3954.32983535385,3560.57616464615,0.7467964294138404,0.10479270684359722,66.14785714285706,10098411.45,2.2223284215332284,475169294.0,-0.014322463842235456,0.009427623403540863,-0.01562635667624774,0.034255800974520856,0.07724188427830447,0.011501521990133323,69.84166254300747,79.744197992325,1,0,0.006337832684330191,HINDUNILVR.NS,IN,FMCG
2025-03-17,3877.08,3874.2,3870.66,3872.23,8797875,3861.796,3854.725,3772.0095,3620.4071999999996,3826.6374325568668,3746.862747161208,65.29741638293615,61.51970895998199,79.77468539565871,79.69859630977717,0.0760890858815344,3772.0095,92.32319224362044,3956.655884487241,3587.363115512759,0.771384950963266,0.09790345675809779,61.37142857142846,9559118.5,0.9203645796038014,483967169.0,0.004565937586746394,0.0009142018939988196,-0.0012509414301481161,0.03072561754684844,0.08129624975566174,-0.0023625495955067466,77.09879597527174,80.18487480265274,0,1,-0.01118735199097165,HINDUNILVR.NS,IN,FMCG
2025-03-18,3881.47,3886.29,3872.74,3878.76,10601918,3870.5860000000002,3857.0260000000003,3785.048,3631.3416,3834.656289086579,3756.6329144392553,67.36210982600421,49.348341232227526,78.02337464732364,79.36355197728648,-1.3401773299628417,3785.048,87.7260922357039,3960.5001844714075,3609.595815528592,0.7670585159186349,0.0927080367125391,58.82714285714275,9632993.0,1.100583889079553,494569087.0,0.0016863667705688812,0.0034933844837001225,-0.0006981890881544579,0.005967710562147399,0.07207593166371407,0.011460802490866673,78.9113597242733,75.28393941418419,0,1,-0.012993843393249382,HINDUNILVR.NS,IN,FMCG
2025-03-19,3875.4,3904.58,3805.32,3849.44,11150276,3873.1400000000003,3855.0369999999994,3793.2684999999997,3641.6686000000004,3836.9307061501822,3763.5075136310015,62.98491798180829,53.947865508122426,73.4231925191807,78.17548008566533,-4.752287566484625,3793.2684999999997,85.5362880379763,3964.3410760759525,3622.195923924047,0.6641744728693312,0.0901979789070601,62.62999999999988,9820511.65,1.135406714230952,483418811.0,-0.0075591168311522905,0.025785568810001967,-0.006698663363780084,-0.0051404248280709774,0.04461564763380488,0.003328407186440341,62.27060353517529,72.76025307824011,0,0,-0.01513466893885873,HINDUNILVR.NS,IN,FMCG
2025-03-20,3868.19,3914.42,3910.71,3912.36,10830942,3873.4839999999995,3864.174,3806.0644999999995,3652.8706,3848.535212896308,3774.533624120492,66.36941550414976,65.36228942561397,74.00158877581634,77.34070182369554,-3.339113047879195,3806.0644999999995,83.0974917269808,3972.259483453961,3639.869516546038,0.81979154180856,0.08733166947324081,65.86928571428562,10139938.55,1.0681466044834556,494249753.0,0.016345234631530925,0.0009482767434487337,0.011418777257577485,0.023912650909842847,0.06999157650610988,0.0004398257062783184,92.15736169732737,77.779774985592,0,0,-0.05294246950689607,HINDUNILVR.NS,IN,FMCG
2025-03-21,3920.23,3934.64,3834.6,3879.06,12559555,3878.3700000000003,3871.000000000001,3817.9619999999995,3662.8109999999997,3853.2313339891843,3782.276318882416,60.7290789104184,42.3230260598989,70.95501510676831,76.0635644803101,-5.108549373541791,3817.9619999999995,74.86338973159785,3967.6887794631953,3668.235220536804,0.7040316375545728,0.07843282854211568,68.60499999999992,10218134.45,1.2291435224613314,481690198.0,-0.008511486673005608,0.025789753187621275,-0.010501934835453423,0.017912249396452085,0.06535095067163588,0.006337832684330191,66.03312350995516,73.48702958081928,0,0,-0.026625007089346342,HINDUNILVR.NS,IN,FMCG
2025-03-24,3888.04,3834.91,3824.1,3828.91,6839221,3869.7060000000006,3865.751,3826.108,3671.3152,3849.4895902985404,3785.7306657361037,47.42398648648647,43.564207787008264,63.75892456243673,73.60263649673543,-9.843711934298696,3826.108,65.76802891503026,3957.644057830061,3694.5719421699396,0.5106510718266664,0.06875710661070007,63.836428571428506,10016163.5,0.6828183582647829,474850977.0,-0.012928389867648327,0.0028232577939928394,-0.015208176870604443,-0.013523470912557345,0.044440928644104316,-0.01118735199097165,35.38470940514937,64.52506487081065,0,0,-0.004392895105917782,HINDUNILVR.NS,IN,FMCG
2025-03-25,3830.39,3857.11,3805.35,3828.36,6284728,3859.6259999999993,3865.1059999999998,3831.5525000000002,3679.2780000000002,3846.238884098765,3788.888394288324,45.966963951725646,37.99857744706467,57.350489810441104,70.35220715947656,-13.00171734903546,3831.5525000000002,60.79464821277951,3953.1417964255593,3709.963203574441,0.4868717884947976,0.06346737852373277,65.97071428571424,10087480.1,0.623022530371829,468566249.0,-0.00014364401357036538,0.013520149620199432,-0.0005299721438284915,-0.0016819607751100696,0.029275676373246906,-0.012993843393249382,35.04858522254449,45.48880604588302,1,0,0.00518498782768595,HINDUNILVR.NS,IN,FMCG
2025-03-26,3806.86,3847.48,3746.15,3791.18,11712706,3847.9739999999997,3860.557,3835.745,3686.5202000000004,3837.768286545109,3789.0581428639507,46.99961752923889,29.481773029706645,48.710143681158115,66.02379446381288,-17.31365078265476,3835.745,54.32405878759165,3944.393117575183,3727.0968824248166,0.2949113109600979,0.05665033393781649,65.17642857142853,10502872.95,1.1151905712435977,456853543.0,-0.009711730349288072,0.026727826164933664,-0.00411888012692775,-0.011856636093278916,0.02261735534737941,-0.01513466893885873,23.88986153098886,31.44105205289425,1,1,0.024377634404064263,HINDUNILVR.NS,IN,FMCG
2025-03-27,3777.59,3730.12,3685.32,3705.23,14912891,3806.548,3840.0160000000005,3835.2155,3691.566,3817.377780922784,3782.8486506512104,40.78039578712031,23.299389002036676,34.52913027157365,59.72486162536503,-25.19573135379138,3835.2155,55.591326517247175,3946.398153034494,3724.0328469655055,-0.084558366131034,0.05797987259618932,71.77428571428565,10751048.2,1.3871102924540613,441940652.0,-0.022671041733708153,0.012091017291770723,-0.019155069766698073,-0.05252592925966082,-0.0028499765865946936,-0.05294246950689607,7.985721161527363,22.308055971686912,1,1,0.02788220974136557,HINDUNILVR.NS,IN,FMCG
2025-03-28,3717.17,3779.73,3772.62,3775.78,13777103,3785.892,3832.1310000000003,3837.6565,3696.9611999999997,3810.978122319279,3782.3250468876554,40.775223588597,25.406943244021946,28.65307543162362,53.51050438661675,-24.857428954993132,3837.6565,51.50966789938642,3940.675835798773,3734.6371642012273,0.1996850177666519,0.05368866952982682,70.57571428571426,11170260.0,1.2333734189380177,455717755.0,0.019040653346755754,0.0018830546271229372,0.01576737141427063,-0.02045591924516743,0.013099147830939906,-0.026625007089346342,36.28268891370019,22.719423868738815,1,1,0.012688768943105666,HINDUNILVR.NS,IN,FMCG
2025-03-31,3786.42,3848.53,3782.94,3812.09,12861539,3782.528,3826.1169999999997,3840.421,3702.7852000000003,3811.1491804240054,3784.5298582745904,47.979366773390275,38.07046920089783,26.619322149414984,48.1322679391764,-21.512945789761417,3840.421,48.32711725424015,3937.07523450848,3743.7667654915194,0.35344149615158676,0.050335228616058096,70.84999999999994,11306379.6,1.137546970601715,468579294.0,0.00961655604934597,0.01720578475324112,0.006779490917540393,-0.015531102233080185,0.014717312606473687,-0.004392895105917782,50.8463019410764,31.70490400543466,0,0,-0.0061750903047934624,HINDUNILVR.NS,IN,FMCG
2025-04-01,3829.93,3854.22,3843.4,3848.21,4534977,3786.4980000000005,3823.0619999999994,3840.0440000000003,3708.9912,3816.850844974158,3789.246905899504,50.967374174295,53.618840471011815,27.603939074654136,44.02660216627195,-16.422663091617814,3840.0440000000003,48.23055522012906,3936.5051104402582,3743.5828895597424,0.5423279390118306,0.05023958602569804,68.8899999999999,11063426.95,0.409907039707345,473114271.0,0.009475117324092563,0.002811696866854173,0.004772933186767233,-0.007876228485392267,-0.0019555209751669356,0.00518498782768595,65.33370768464091,50.82089951313918,0,0,-0.035268345542473045,HINDUNILVR.NS,IN,FMCG
2025-04-02,3831.7,3892.17,3876.74,3883.6,20793005,3804.982,3826.478,3840.7574999999997,3715.5016000000005,3827.119945747364,3796.23602410408,47.57653975765398,59.16086235489217,30.883921643283884,41.39806606167434,-10.514144418390458,3840.7574999999997,48.78892042850261,3938.335340857005,3743.1796591429943,0.7195298626358408,0.05081176869770092,65.52285714285706,11666790.0,1.7822385778574417,493907276.0,0.00919648355988878,0.003973117725820455,0.013544901740738196,0.008874018038987463,0.0036879769882640634,0.024377634404064263,79.52831702198166,65.23610888256634,0,0,-0.06393037387990519,HINDUNILVR.NS,IN,FMCG
2025-04-03,3893.59,3843.85,3780.29,3808.54,5065737,3825.6440000000002,3816.096,3840.1350000000007,3721.2859999999996,3824.261492555462,3797.1474297408586,46.00558126635813,52.55760504449292,27.114062814603585,38.541265412260195,-11.42720259765661,3840.1350000000007,49.132623688605605,3938.400247377212,3741.8697526227893,0.3392361448037879,0.05117801711512005,67.74785714285706,11613756.5,0.4361841548697741,488841539.0,-0.019327428159439664,0.016688809885148443,-0.02184359421510183,-0.02653641280454766,-0.003258317870499461,0.02788220974136557,49.42242900670052,64.76148457110772,0,0,-0.049194704532445566,HINDUNILVR.NS,IN,FMCG
2025-04-04,3807.18,3836.79,3813.2,3823.69,10921424,3835.226,3810.5589999999997,3840.7795000000006,3727.1220000000003,3824.1735706238524,3799.1135460860296,45.775309845425426,72.05301958448136,25.060024537822756,35.84501723737271,-10.784992699549953,3840.7795000000006,48.81105768540806,3938.4016153708167,3743.1573846291844,0.4124711652912931,0.05083453261026346,68.36785714285709,11407584.15,0.9573826411455715,499762963.0,0.0039779022932673325,0.006169433191496689,0.004336543058115425,-0.014274076709305805,0.0033824918652252123,0.012688768943105666,55.4989571632621,61.48323439731477,0,0,-0.042602826065920585,HINDUNILVR.NS,IN,FMCG
2025-04-07,3818.41,3811.12,3770.5,3788.55,10110938,3830.518,3806.523,3836.1369999999997,3732.5204000000003,3818.6930212971056,3798.3310611798315,42.52101676366712,52.73834541321783,20.361960117274066,32.74840581335298,-12.386445696078916,3836.1369999999997,49.158555083470034,3934.4541101669397,3737.8198898330597,0.25799227662684554,0.05125839362197667,71.16285714285709,11158096.35,0.9061525171224645,489652025.0,-0.009190075555288169,0.01072178010056332,-0.007820008851849816,-0.010540858886732729,-0.02392178080074192,-0.0061750903047934624,41.4046205677788,48.77533557924715,0,0,-0.024896068416676576,HINDUNILVR.NS,IN,FMCG
2025-04-08,3798.38,3717.1,3708.81,3712.49,5205656,3803.374,3794.936,3830.0209999999997,3736.3508,3802.3540949437047,3791.972463973108,39.46262868750287,31.75289462113433,10.381630970596689,28.275050844801722,-17.893419874205033,3830.0209999999997,56.4070813863486,3942.835162772697,3717.2068372273025,-0.020905341631553182,0.058910466951835425,69.7685714285714,11135837.05,0.46746872364940684,484446369.0,-0.02007628248274418,0.002233002647817969,-0.022612271547338,-0.03026622365712739,-0.031897277831235527,-0.035268345542473045,10.897641585067653,35.93373977203619,1,0,0.01221282750929964,HINDUNILVR.NS,IN,FMCG
2025-04-09,3711.49,3659.93,3615.63,3635.32,8581860,3753.718,3779.35,3819.9535000000005,3739.0314000000003,3776.6565418754426,3780.368577613827,29.141067341284185,16.097079338790323,-3.712035738384202,21.877633528164537,-25.58966926654874,3819.9535000000005,71.1893682389654,3962.3322364779315,3677.5747635220696,-0.1483886027056808,0.07454474850434366,72.04571428571424,11030235.0,0.7780304972622526,475864509.0,-0.02078658797734123,0.012185997381244991,-0.02052275501213235,-0.04111121075760049,-0.05248040618557237,-0.06393037387990519,6.172220306554135,19.49149415313354,1,1,0.043905350835689694,HINDUNILVR.NS,IN,FMCG
2025-04-10,3641.44,3643.88,3603.03,3621.18,6032772,3716.246,3770.9450000000006,3805.4805,3739.9052,3752.737073894605,3768.5768309930786,30.006822551634315,5.175594424706233,-15.839757098473456,14.334155402836938,-30.173912501310394,3805.4805,80.58604596950943,3966.6525919390187,3644.3084080609815,-0.07175066037382208,0.08470525177515757,67.8178571428571,10700855.6,0.5637653344499542,469831737.0,-0.0038896163198839373,0.011280853202544096,-0.005563733028690478,-0.02268415186101813,-0.07401857496471165,-0.049194704532445566,6.277235941044778,7.782365944222199,1,1,0.059248642707625754,HINDUNILVR.NS,IN,FMCG
2025-04-11,3621.73,3699.66,3629.69,3660.79,22486221,3683.666,3759.446,3795.7884999999997,3740.8402,3738.591370218512,3760.5926212078607,36.74926700085125,21.28503129008439,-22.00125098934859,7.067074124399831,-29.068325113748422,3795.7884999999997,85.84842071777872,3967.485341435557,3624.0916585644422,0.10686958807342055,0.0904670222987989,69.4978571428571,10703067.2,2.1009135492568385,492317958.0,0.010938423386851914,0.019113360777313283,0.010784901138403238,-0.0304546345390887,-0.050287576239483434,-0.042602826065920585,19.976481980978082,10.80864607619234,1,1,0.04708819680997811,HINDUNILVR.NS,IN,FMCG
2025-04-14,3641.31,3697.63,3691.51,3694.23,4512662,3664.8019999999997,3747.66,3786.8885,3744.2619999999997,3731.7665440310484,3755.6768714419986,39.949345842012974,26.50965307011181,-23.91032741095023,0.8715938173298166,-24.781921228280048,3786.8885,86.72876699196914,3960.3460339839385,3613.4309660160616,0.2329072486156388,0.09160952797205021,68.43214285714281,10488806.55,0.4302359423116691,496830620.0,0.009134640337195021,0.001656637513094267,0.01453323117229391,-0.030917423250762743,-0.04596834382255188,-0.024896068416676576,31.541813654175986,19.265177192066293,1,1,0.028522858620064317,HINDUNILVR.NS,IN,FMCG
2025-04-15,3690.37,3771.7,3746.73,3757.83,11136052,3673.87,3738.6220000000003,3780.8420000000006,3748.5056,3735.7763064878104,3755.8363624476997,47.59618849918552,44.94770080915726,-20.06005595988927,-3.314736138114002,-16.74531982177527,3780.8420000000006,84.16416355770629,3949.1703271154133,3612.513672884588,0.43164549189437884,0.08904277254398266,66.72785714285708,10515513.25,1.0590116408239378,507966672.0,0.017216036900788545,0.006644792340258382,0.018280009863504677,-0.023486244253821953,-0.03117748971320744,0.01221282750929964,53.53807843932504,35.01879135815971,1,1,0.012472623828113427,HINDUNILVR.NS,IN,FMCG
2025-04-16,3760.59,3816.35,3777.8,3794.93,6177230,3705.792,3729.7549999999997,3778.1165,3752.5108,3744.876874720455,3758.732187475191,56.955213696420806,65.55119595563269,-13.855312754736133,-5.422851461438429,-8.432461293297703,3778.1165,82.69561856114532,3943.5077371222906,3612.7252628777096,0.5508294764946253,0.0875522166255311,63.34642857142853,10266860.95,0.6016668023864877,514143902.0,0.009872719095861182,0.010158290139736325,0.009131545847856469,-0.022831908538469503,-0.014160501267716952,0.043905350835689694,66.36923289732864,50.4830416636099,0,1,-0.00981836292105509,HINDUNILVR.NS,IN,FMCG
2025-04-17,3807.14,3848.79,3825.28,3835.73,10072525,3748.7019999999998,3732.4740000000006,3774.285,3757.8978,3758.8542786096154,3764.435729186765,54.87327057828934,93.81695745332097,-5.581450577149553,-5.454571284580655,-0.12687929256889863,3774.285,77.7773920270295,3929.839784054059,3618.730215945941,0.6975027652571235,0.08242874295609247,61.872142857142826,10228940.1,0.9847084758362721,524216427.0,0.010751186451396944,0.006129211388704011,0.007509574116001155,0.007139218703230199,-0.019586643355928413,0.059248642707625754,80.48004426893378,66.7957852018625,0,0,-0.009145586368174974,HINDUNILVR.NS,IN,FMCG
2025-04-18,3819.08,3850.85,3819.04,3833.17,10514203,3783.178,3733.422,3771.9905,3762.9221999999995,3770.287466515829,3769.527156690011,51.81305260260777,98.82087421122935,0.7603098258177852,-4.211595062500967,4.971904888318752,3771.9905,75.15649619819563,3922.303492396391,3621.677507603609,0.7035070256533777,0.07969956042908977,58.94785714285711,10126672.5,1.0382681934003304,513702224.0,-0.0006674088113605148,0.008298614462701014,0.003689370214815206,0.002479280485604196,-0.011830185663536996,0.04708819680997811,79.59466002600955,75.481312397424,0,0,-0.007359444011092675,HINDUNILVR.NS,IN,FMCG
2025-04-21,3825.29,3818.55,3784.43,3799.6,10474625,3804.2520000000004,3734.5269999999996,3770.525,3766.6588,3774.7970870518548,3771.754774727395,45.800722196306076,82.88245605723216,3.0423123244595445,-2.760813585108864,5.803125909568409,3770.525,74.2687086832241,3919.0624173664482,3621.987582633552,0.597870962464874,0.07878871900672121,59.42000000000001,10308442.7,1.0161208912650899,503227599.0,-0.008757764461268414,0.008979892620273546,-0.0067158306951873815,0.002916683163743272,-0.007654920068635662,0.028522858620064317,67.98436743422562,76.01969057638966,0,1,-0.00288714601536999,HINDUNILVR.NS,IN,FMCG
2025-04-22,3813.56,3813.1,3797.99,3804.7,14065960,3813.6259999999993,3743.7479999999996,3769.3419999999996,3769.3984,3779.3975351977233,3774.1951617992536,42.80765724703737,80.22765829365724,5.202373398469717,-1.1681761883931476,6.3705495868628645,3769.3419999999996,73.48327211005184,3916.308544220103,3622.375455779896,0.6202926835730254,0.07797994674936079,57.359285714285726,10697504.3,1.3148822651202612,517293559.0,0.0013422465522685556,0.00397140379004814,-0.0023232884758592506,0.024837777340814382,-0.006180192040456056,0.012472623828113427,81.37761278314345,76.31888008112621,0,1,-0.009485636186821522,HINDUNILVR.NS,IN,FMCG
2025-04-23,3828.35,3810.49,3715.42,3757.67,10057819,3806.174,3755.983,3767.6665000000003,3771.3603999999996,3776.054837474996,3772.9710757332555,45.11307087824467,49.9518536350506,3.0837617417405454,-0.31778860236640877,3.4015503441069543,3767.6665000000003,73.34102953614011,3914.3485590722803,3620.9844409277202,0.4659245988783803,0.07786361084360365,56.770714285714284,10614759.95,0.9475313713965458,507235740.0,-0.012361027150629367,0.02530025255011068,-0.018462261809913245,0.03365590924595363,-0.008838936689895993,-0.00981836292105509,62.400129125726764,70.58736978103195,1,1,0.016728451407388212,HINDUNILVR.NS,IN,FMCG
2025-04-24,3756.11,3812.06,3791.52,3800.65,10612659,3799.1580000000004,3773.9300000000003,3772.4375,3774.4316,3779.8387086326893,3775.021366430218,47.89896042312603,51.66240409207168,4.817342202471082,0.7092375586010896,4.108104643869992,3772.4375,72.15975389990365,3916.757007799807,3628.117992200193,0.5977431964309958,0.07651260374745443,58.63785714285713,10399748.35,1.0204725751395154,517848399.0,0.011437938935563885,0.005404338731531333,0.011858012678006796,0.049561192760370965,0.02575278727636343,-0.009145586368174974,79.74336211734432,74.50703467540485,1,0,0.0024074829305513745,HINDUNILVR.NS,IN,FMCG
2025-04-25,3803.36,3841.87,3775.44,3804.96,16150231,3793.5159999999996,3788.347,3773.8965,3778.9660000000003,3783.703522689198,3777.239043001496,51.58559916516899,38.6499446698635,6.464479687701896,1.8602859844212514,4.604193703280645,3773.8965,72.52496436073747,3918.9464287214746,3628.846571278525,0.6070786462054778,0.0768701148648016,59.5835714285714,10518404.75,1.5354257464350052,533998630.0,0.0011340165498006094,0.017458790631171516,0.00042068066130986504,0.039382209850879146,0.007728204503440361,-0.007359444011092675,81.48252764070102,74.5420062945907,1,1,0.01500672806021619,HINDUNILVR.NS,IN,FMCG
2025-04-28,3801.92,3808.0,3773.13,3788.63,3650495,3791.322,3797.7870000000003,3772.7235,3783.1166000000003,3784.4614422754753,3778.0828175976953,58.316948486040154,35.085721939458864,6.378624677779953,2.763953723092992,3.6146709546869613,3772.7235,72.0629668579385,3916.8494337158772,3628.597566284123,0.5551826433638313,0.07640418584390771,56.37857142857138,10057852.55,0.36294970709729607,530348135.0,-0.004291766536310471,0.009203854691535117,-0.003495602222034253,0.025553362947082325,-0.006154104441395636,-0.00288714601536999,74.89306754872537,78.7063191022569,1,1,0.034305276577549115,HINDUNILVR.NS,IN,FMCG
2025-04-29,3761.06,3774.9,3763.59,3768.61,19470068,3784.1040000000003,3798.8650000000002,3768.7434999999996,3786.1290000000004,3782.022758848479,3777.3811274024106,66.63671085149403,38.587316785740626,4.641631446068459,3.1394892676880857,1.5021421783803732,3768.7434999999996,69.83825443009027,3908.42000886018,3629.066991139819,0.4995221100470351,0.07412364829824238,51.248571428571395,10804607.1,1.8020151975711178,510878067.0,-0.0052842320311036195,0.0030011065087650205,0.0020074128038367308,0.00286867686936354,-0.020684941830097614,-0.009485636186821522,66.81462351679929,74.3967395687419,1,1,0.044557542436070685,HINDUNILVR.NS,IN,FMCG
2025-04-30,3784.82,3844.38,3801.44,3820.53,4645281,3796.6760000000004,3801.425,3765.59,3788.8390000000004,3787.9469497948667,3780.577340199491,72.73764171818331,54.334848567829674,7.36960959537555,3.9855133332255788,3.3840962621499715,3765.59,65.67911972933993,3896.94823945868,3634.2317605413205,0.7091227783871638,0.06976768020875602,53.74285714285712,9997220.9,0.4646571864129574,515523348.0,0.01377696285898522,0.011239278320020734,0.009435058998840262,0.006745842479308095,-0.016240086517663954,0.016728451407388212,86.29046843874904,75.99938650142458,1,1,0.05573572253064363,HINDUNILVR.NS,IN,FMCG
2025-05-01,3813.36,3822.5,3799.65,3809.8,24559038,3798.506,3798.832,3765.653,3791.9062,3791.308957518733,3782.741981673767,68.19458350631277,67.8173491011006,8.566975844966237,4.901805835573711,3.6651700093925257,3765.653,65.72307566400679,3897.0991513280132,3634.2068486719863,0.6679280813980134,0.06981320441792091,49.76928571428568,10971885.95,2.2383604672485258,490964310.0,-0.0028085108610585996,0.00599769016746126,-0.0009335599051752291,-0.00676012128069492,0.00033083543825207506,0.0024074829305513745,74.23747960289809,75.78085718614881,1,1,0.07987295921045723,HINDUNILVR.NS,IN,FMCG
2025-05-02,3810.52,3927.98,3809.32,3862.06,9547738,3809.9260000000004,3801.721,3767.5714999999996,3796.3252,3802.193733285082,3788.6173904577013,69.5921178585604,69.73709584110046,13.576342827380813,6.636713233935132,6.939629593445681,3767.5714999999996,68.02605315728538,3903.62360631457,3631.519393685429,0.8472511472210621,0.07222270702203505,55.613571428571376,10903201.65,0.8756819722139164,500512048.0,0.013717255498976177,0.030724535610521103,0.01352571302604013,0.007536842874174665,0.010034809307239767,0.01500672806021619,68.98757997709355,76.50517600624691,1,1,0.08598519960849926,HINDUNILVR.NS,IN,FMCG
2025-05-05,3854.13,3931.89,3907.97,3918.6,9457731,3835.9199999999996,3813.621,3774.0740000000005,3801.3774,3820.1023897027612,3798.245731934152,69.0824925816024,77.34359961501444,21.85665776860924,9.680702140869954,12.175955627739285,3774.0740000000005,75.89715842402816,3925.868316848057,3622.279683151944,0.9760586660951588,0.08044056202820414,55.0678571428571,10870541.3,0.8700330433376815,509969779.0,0.014639855413949965,0.00610422089521614,0.01672751048874404,0.031319086219602,0.034327117234825844,0.034305276577549115,93.86058114244997,79.02854690748055,1,1,0.07278364722094643,HINDUNILVR.NS,IN,FMCG
2025-05-06,3950.69,3940.63,3933.25,3936.53,23358754,3869.504,3826.804,3785.2760000000003,3805.7185999999997,3838.01432974849,3808.4890110785823,67.60843613211307,85.31518624641835,29.525318669907847,13.649625446677534,15.875693223230313,3785.2760000000003,82.56954366503773,3950.415087330076,3620.1369126699246,0.9579594160427914,0.08725339305774903,52.46142857142854,11778196.2,1.9832198088855229,533328533.0,0.0045756137396009144,0.0018747475568580028,-0.0035841840286117794,0.03464924961232163,0.06034763730003334,0.044557542436070685,98.17947693220475,87.00921268391609,1,1,0.07086190121756952,HINDUNILVR.NS,IN,FMCG
2025-05-07,3936.95,4050.25,4020.05,4033.47,6294243,3912.0919999999996,3854.3839999999996,3805.1835000000005,3812.2413999999994,3868.084432864107,3825.1542695600515,71.57697176028982,96.25244481698797,42.93016330405544,19.50573301815312,23.42443028590232,3805.1835000000005,91.97372332270817,3989.1309466454168,3621.2360533545843,1.1205209807530845,0.09668256295412185,56.73714285714281,11663815.35,0.5396383834524281,539622776.0,0.02462574907342252,0.007487349602201661,0.024516440391667525,0.07339654626404113,0.10952268301002377,0.05573572253064363,94.98850162740791,95.67618656735424,1,1,0.044043962146737226,HINDUNILVR.NS,IN,FMCG
2025-05-08,4043.87,4133.76,4098.38,4114.1,6426243,3972.952,3885.7290000000007,3829.8295,3820.2070000000003,3905.9329816542445,3846.5576570509984,76.19198567938992,96.59397517696726,59.3753246032461,27.479651335171717,31.895673268074383,3829.8295,105.16847623919297,4040.166452478386,3619.4925475216137,1.175750258452651,0.10984141851658473,61.62857142857141,11683488.9,0.5500276933521379,546049019.0,0.019990231735949493,0.008599693736173525,0.01736702712994807,0.08247273492692053,0.13612137480047948,0.07987295921045723,95.30047329900252,96.1561506195384,1,1,0.0406723220145353,HINDUNILVR.NS,IN,FMCG
2025-05-09,4115.2,4200.74,4188.87,4194.14,15260186,4039.368,3924.647,3856.4970000000003,3829.5506,3950.2725229382067,3872.3044973261935,83.85098496808297,100.0,77.96802561201321,37.57732619054002,40.39069942147319,3856.4970000000003,125.67134166882346,4107.839683337647,3605.1543166623533,1.1716785933753397,0.1303476617964862,64.3357142857142,11322187.15,1.3478124367682407,561309205.0,0.019455044845774205,0.002830139194208362,0.019182542768269178,0.10228228417644347,0.14569259640678656,0.08598519960849926,98.64007252926197,96.30968248522414,1,1,0.0026107855245651734,HINDUNILVR.NS,IN,FMCG
2025-05-12,4184.54,4220.9,4190.14,4203.81,16947018,4096.410000000001,3966.165,3881.9759999999997,3838.4908,3989.2782886400214,3896.8604605373325,83.97664004903552,100.0,92.41782810268887,48.545426572969795,43.87240152971908,3881.9759999999997,141.67876713481877,4165.333534269637,3598.618465730362,1.0678938462470557,0.14598623704503308,65.4535714285713,11943904.95,1.4188840795418354,578256223.0,0.0023055978102781705,0.007317171803671428,0.0046050461938458775,0.10958578694673271,0.13793943528150665,0.07278364722094643,96.61905515530476,96.85320032785643,1,1,0.012659944193481376,HINDUNILVR.NS,IN,FMCG
2025-05-13,4200.76,4258.75,4180.88,4215.48,13264452,4152.2,4010.8520000000003,3904.8585,3845.6854,4024.078551926172,3920.4619079495383,91.47055093573927,100.0,103.6166439766339,59.55967005370262,44.05697392293128,3904.8585,156.7305936371141,4218.319687274228,3591.3973127257714,0.9954704324003917,0.16054931940511966,64.22499999999988,12050324.95,1.100754623156065,591520675.0,0.0027760531517835307,0.01847239223053636,0.003504127824487911,0.1185768758242427,0.12178571143452466,0.07086190121756952,91.26141045300245,95.50684604585639,1,0,0.022929773121922237,HINDUNILVR.NS,IN,FMCG
2025-05-14,4226.4,4290.5,4147.62,4211.12,19824797,4187.7300000000005,4049.911,3925.668,3852.5212000000006,4052.8541593221453,3941.9921370279862,89.97954611863257,98.46104973350758,110.86202229415903,69.82014050179392,41.04188179236512,3925.668,168.5505118916803,4262.76902378336,3588.5669762166394,0.923392365878016,0.17174199335413723,70.54571428571418,12732703.3,1.5569981468901306,571695878.0,-0.0010342831658552987,0.03392921598053871,-0.0036153700548921374,0.10223450673074153,0.10967000708840491,0.044043962146737226,84.93480860092815,90.93842473641182,1,1,0.03685955280305486,HINDUNILVR.NS,IN,FMCG
2025-05-15,4209.48,4334.68,4238.82,4281.43,8230444,4221.196000000001,4097.074,3947.9530000000004,3861.73,4088.0196732725844,3967.135682474057,91.12108397341855,98.30138694093826,120.88399079852752,80.03291056114064,40.85108023738688,3947.9530000000004,184.72191880029638,4317.396837600593,3578.5091623994076,0.9513229969741326,0.18715716098975807,74.6264285714285,12640599.25,0.6511118014352206,579926322.0,0.016696270825813597,0.022389715585675388,0.01709237245455107,0.12379389994225432,0.11619691688413947,0.0406723220145353,90.67572536712134,88.95731480701733,1,1,0.013918246940858525,HINDUNILVR.NS,IN,FMCG
2025-05-16,4256.38,4246.27,4172.15,4205.09,14217062,4223.386,4131.377,3966.5490000000004,3869.6158,4106.0304927691095,3984.7619282431615,82.56850600600603,68.02567455128967,121.26856452594802,88.28004135410212,32.9885231718459,3966.5490000000004,191.16672714509858,4348.8824542901975,3584.2155457098033,0.8119541297295573,0.1927788887973403,79.94142857142856,12825742.2,1.1084786104246966,565709260.0,-0.01783049121438396,0.01762625770197146,-0.012050145898624631,0.08882047404752913,0.09702674287860957,0.0026107855245651734,77.30830517067832,84.30627971290929,1,1,0.038284555146263166,HINDUNILVR.NS,IN,FMCG
2025-05-19,4224.15,4275.3,4242.41,4257.03,12006549,4234.030000000001,4165.22,3989.4205,3877.1284,4129.2611861892465,4004.929933586496,86.37975211536171,64.01979580008019,124.33125260275028,95.49028360383177,28.840968998918513,3989.4205,197.40350957993084,4384.227519159862,3594.6134808401384,0.8389117809615267,0.19792700175865782,83.16785714285713,12902338.4,0.9305714745032981,577715809.0,0.012351697585545107,0.007726043744110941,0.007783814495222074,0.086365028326443,0.12038898831455946,0.012659944193481376,85.48679513282332,84.490275223541,1,1,0.04767878074620113,HINDUNILVR.NS,IN,FMCG
2025-05-20,4265.0,4312.76,4311.64,4312.14,15731017,4253.361999999999,4202.781000000001,4014.7925000000005,3886.675,4157.396388313978,4027.686234831579,86.4441709786944,70.08119230341455,129.7101534823987,102.33425757954517,27.375895902853543,4014.7925000000005,204.88073696087628,4424.553973921753,3605.031026078248,0.8628299863738753,0.2041258540368651,81.7364285714286,12985591.25,1.2114208345021769,593446826.0,0.012945645203346068,0.0002597318268886518,0.01105275498241249,0.09541652165739878,0.13337188214576723,0.022929773121922237,95.78715212213187,86.19408414187785,1,1,0.054856753259402424,HINDUNILVR.NS,IN,FMCG
2025-05-21,4336.73,4396.9,4341.89,4366.34,40972832,4284.406,4236.068,4045.226,3897.2684000000004,4189.541559342597,4052.7716989480023,88.75950636543446,74.15615192467823,136.76986039459462,109.22137814255507,27.54848225203955,4045.226,209.8239760370588,4464.873952074117,3625.5780479258824,0.8825992697116786,0.20747812462097975,86.15857142857142,14531341.9,2.819617724388019,634419658.0,0.012569165194080023,0.012598652418269466,0.0068277250370656585,0.08252695569819535,0.16198069548416982,0.03685955280305486,94.79900609262612,92.02431778252712,1,1,0.04175808571938977,HINDUNILVR.NS,IN,FMCG
2025-05-22,4382.14,4400.26,4293.63,4341.02,9185095,4296.324,4258.76,4072.2445,3905.876,4212.845934828351,4074.123424975397,84.6570188133141,69.49162715323217,138.72250985295432,115.12160448463491,23.600905368319403,4072.2445,211.4576729196158,4495.159845839231,3649.329154160768,0.8177651303546649,0.20770626412000925,85.29928571428572,14459963.7,0.6352086737805107,625234563.0,-0.005798907093813033,0.024563351470386113,-0.009383543200351997,0.05515665637685041,0.14217831160459404,0.013918246940858525,87.96644254385029,92.8508669195361,1,1,0.0448327812357463,HINDUNILVR.NS,IN,FMCG
2025-05-23,4339.74,4372.23,4361.16,4366.08,22917964,4328.522,4275.954,4100.3005,3916.105,4236.42040639322,4095.749837962262,83.92467248908302,64.6977115671771,140.67056843095816,120.23139727389957,20.43917115705858,4100.3005,211.35255102802262,4523.005602056046,3677.595397943955,0.8143793376356574,0.20618249909046535,82.54071428571423,14798350.35,1.548683597108944,648152527.0,0.005772836798724645,0.0025354551451180858,0.00606948803384398,0.04099529343321873,0.14747066986249524,0.038284555146263166,92.6810989056065,91.81551584736098,1,1,0.026962401055409035,HINDUNILVR.NS,IN,FMCG
2025-05-26,4385.14,4499.5,4428.39,4460.0,12019037,4369.116,4301.573,4133.869000000001,3927.8603999999996,4270.817266948109,4122.731331472046,85.58551209364934,91.7133038782524,148.08593547606324,125.80230491433231,22.28363056173093,4133.869000000001,212.55791304712156,4558.9848260942435,3708.7531739057576,0.8835789918661092,0.20567455141618662,90.49714285714279,15216777.45,0.7898542414541102,660171564.0,0.021511287012606184,0.01594394618833716,0.017071290768363744,0.060942335643142664,0.17720653639970108,0.04767878074620113,91.7613932629226,90.80297823745981,1,1,0.03339686098654715,HINDUNILVR.NS,IN,FMCG
2025-05-27,4451.78,4567.73,4533.46,4548.69,6008726,4416.426,4334.893999999999,4172.8730000000005,3941.2589999999996,4313.566918186862,4154.283825464698,85.42199488491053,92.60297984224371,159.28309272216393,132.49846247589863,26.784630246265294,4172.8730000000005,213.5751496262968,4600.023299252594,3745.722700747407,0.9399119006315164,0.20472719838465786,90.06928571428564,14543710.35,0.4131494262638814,666180290.0,0.019885650224215068,0.007534037272267838,0.02176882056165805,0.07904437928776797,0.20699409065942076,0.054856753259402424,95.94332587600736,93.46193934817883,1,0,0.051208150038802414,HINDUNILVR.NS,IN,FMCG
2025-05-28,4544.05,4552.24,4545.81,4548.67,19023871,4452.892,4368.649,4209.280000000001,3955.2436,4349.73662308119,4183.497616194693,83.60163921750569,91.17718742383643,166.239006886497,139.24657135801831,26.992435528478694,4209.280000000001,212.40985069832473,4634.09970139665,3784.460298603351,0.8994518131848781,0.20184910549858806,83.36499999999985,15262639.85,1.2464337716496814,647156419.0,-4.39687030762137e-06,0.0014136000193458675,0.0010167141646766373,0.08015682288797277,0.19058612286776966,0.04175808571938977,95.4630929992254,94.38927071271847,1,1,0.05935141480916406,HINDUNILVR.NS,IN,FMCG
2025-05-29,4540.74,4564.48,4512.57,4535.64,6953701,4491.816000000001,4394.070000000001,4245.572,3967.7092,4378.337142607161,4209.582237236884,79.45793941066881,84.4049748008457,168.7549053702769,145.14823816047004,23.606667209806858,4245.572,202.33184606638684,4650.235692132774,3840.9083078672265,0.858406258874305,0.19062858532733784,80.8842857142856,14382373.0,0.48348770515910655,640202718.0,-0.0028645736006348566,0.011444911853671897,-0.0011231649466823318,0.05937502189688959,0.1905191873589165,0.0448327812357463,92.36152436244724,94.58931441256,1,1,0.06085359508250199,HINDUNILVR.NS,IN,FMCG
2025-05-30,4533.49,4484.3,4483.41,4483.8,5672880,4515.36,4421.941,4276.659000000001,3979.804,4394.562197590674,4229.89466412234,72.5141120277899,76.19239800410928,164.6675334683341,149.05209722204287,15.615436246291239,4276.659000000001,187.52802417660007,4651.7150483532005,3901.6029516468006,0.7761467264809359,0.1753967516947749,82.4178571428571,14188630.1,0.3998186970975657,634529838.0,-0.011429478530042059,0.0001984923502386656,-0.010960650624571498,0.06627919973175356,0.1609866237189479,0.026962401055409035,80.02189902625511,89.28217212930925,1,1,0.09671037958874162,HINDUNILVR.NS,IN,FMCG
2025-06-02,4481.03,4623.16,4597.58,4608.95,5731314,4545.15,4457.133,4311.1765,3995.4048,4427.544936422878,4257.97283716838,76.75610983421515,82.5868777673421,169.57209925449843,153.15609762853398,16.41600162596444,4311.1765,181.5938704992417,4674.364240998483,3947.988759001516,0.9099443158247095,0.1684866026702453,86.80999999999995,14002309.25,0.40931202763486835,640261152.0,0.027911592845354383,0.00555007105739797,0.028547008165527014,0.0826679633453371,0.1761726126677896,0.03339686098654715,97.01181814338013,89.7984138440275,1,1,0.07940637238416559,HINDUNILVR.NS,IN,FMCG
2025-06-03,4575.23,4801.54,4765.68,4781.62,4422402,4591.736,4504.081,4353.431,4014.4700000000007,4482.018023127051,4296.761515919755,81.56817175741483,85.62472308373957,185.25650720729573,159.57617954428633,25.680327663009393,4353.431,188.03675082841121,4729.504501656822,3977.357498343177,1.0692889795645129,0.17277108637152444,90.36071428571424,13055491.65,0.3387388066125563,644683554.0,0.037464064483233805,0.007499550361591296,0.045110300465759146,0.1088740161497539,0.21467891772703362,0.051208150038802414,96.8350307438999,91.28958263784506,1,1,0.027839937092449807,HINDUNILVR.NS,IN,FMCG
2025-06-04,4774.65,4822.67,4815.42,4818.64,11858291,4645.7300000000005,4549.311,4392.6894999999995,4035.0191999999997,4533.806019569042,4335.419181428503,80.86314071997339,83.76654241613102,198.3868381405391,167.3383112635369,31.048526877002217,4392.6894999999995,199.34344197297392,4791.376383945947,3994.0026160540515,1.0341917644533238,0.18152290706905508,84.46714285714279,13333694.05,0.8893476981086349,656541845.0,0.007742145967266412,0.001504573904669885,0.009213240761101122,0.10358790199572177,0.19466365189278734,0.05935141480916406,99.38049560336447,97.74244816354819,1,1,0.01260936695831183,HINDUNILVR.NS,IN,FMCG
2025-06-05,4823.23,4811.99,4811.38,4811.65,10658209,4700.932,4596.374,4427.567000000001,4057.1476000000002,4576.551247327651,4370.695538377742,87.86456252497004,82.33095647897701,205.85570894990906,175.04179080081136,30.813918149097702,4427.567000000001,208.8320075563153,4845.231015112631,4009.90298488737,0.9597990084152502,0.1886652489335728,77.17999999999991,13545292.35,0.7868570081577451,645883636.0,-0.0014506167715373497,0.00012677563829446153,-0.0024008807375964915,0.10841461223399085,0.16955105612406096,0.06085359508250199,98.1008513423325,98.10545922986563,1,1,0.0017478411771432167,HINDUNILVR.NS,IN,FMCG
2025-06-06,4842.11,4936.83,4901.91,4917.43,3731623,4787.658,4651.509,4463.7315,4079.980600000001,4628.994132354167,4411.19438740595,88.62891904539076,88.22104314746208,217.79974494821727,183.59338163029255,34.20636331792471,4463.7315,228.02648893391157,4919.784477867823,4007.6785221321766,0.9974186355718718,0.20433710130984395,81.1064285714285,12968864.2,0.2877370488822723,649615259.0,0.02198414265376747,0.007101270379038027,0.015555202174255657,0.12628032468484318,0.17245251708335907,0.09671037958874162,96.98383084562042,98.15505926377246,0,0,-0.026743644546033285,HINDUNILVR.NS,IN,FMCG
2025-06-09,4903.52,5018.62,4939.97,4974.93,13432046,4860.854,4703.0019999999995,4502.2875,4103.2374,4682.215035068911,4452.95258094972,88.66062366569841,98.6161430183523,229.2624541191908,192.72719612807222,36.535257991118584,4502.2875,246.2304153018832,4994.748330603767,4009.826669396234,0.9798782670893353,0.2187602771274188,84.35357142857129,12793115.6,1.0499432171203693,663047305.0,0.01169309985093836,0.015809267668084537,0.014563007798476458,0.11545515695067277,0.18343359952043503,0.07940637238416559,93.97370998207708,96.35279739001002,0,0,-0.026420472247850824,HINDUNILVR.NS,IN,FMCG
2025-06-10,4957.76,4942.6,4892.45,4914.74,11244450,4887.478,4739.607,4537.2505,4124.568,4717.98810659677,4487.159056448794,81.76625964457004,84.73702146995323,230.82905014797598,200.347566932053,30.481483215922964,4537.2505,252.9165897760533,5043.083679552106,4031.4173204478934,0.873136357260488,0.2229690335818994,84.19071428571422,12692115.5,0.8859397091099818,651802855.0,-0.012098662694751572,0.010203998583849875,-0.008677305880073208,0.08047371880695331,0.16587909324679528,0.027839937092449807,85.67152650369566,92.2096891104644,0,0,-0.002610514493136984,HINDUNILVR.NS,IN,FMCG
2025-06-11,4907.04,4909.07,4855.65,4879.4,34357695,4899.63,4772.679999999999,4570.664500000001,4144.4839999999995,4742.820705581883,4516.213941167199,80.82798900595503,66.14490456376708,226.60676441468422,205.59940642857927,21.00735798610495,4570.664500000001,251.70413873759148,5074.072777475184,4067.256222524818,0.8066452358984224,0.22027793878770702,80.79499999999994,13418760.4,2.5604222309221476,617445160.0,-0.007190614355998548,0.010948067385332034,-0.005632723597116529,0.07270916553629947,0.15869412412849782,0.01260936695831183,78.82456727393476,86.15660125323585,1,0,0.01408984711234984,HINDUNILVR.NS,IN,FMCG
2025-06-12,4868.76,4835.64,4807.6,4820.06,4113872,4901.312,4801.122,4597.596,4164.7144,4754.703673953901,4538.721056644118,75.01322343192138,50.21836747247341,215.98261730978265,207.67604860481995,8.3065687049627,4597.596,247.91550993709455,5093.427019874189,4101.76498012581,0.7243344920772846,0.21569142650814965,83.69428571428567,13212931.8,0.3113519202943346,613331288.0,-0.012161331311226653,0.005817354970683797,-0.010002546849709127,0.06270779867890752,0.1258060974954629,0.0017478411771432167,66.3588770478181,76.95165694181618,1,1,0.009773737256382642,HINDUNILVR.NS,IN,FMCG
2025-06-13,4825.72,4802.44,4772.71,4785.92,10372558,4875.01,4831.334000000001,4626.6375,4183.959,4759.5061856533,4557.032089491187,69.22378199834846,46.348179057026954,202.4740961621128,206.63565811627856,-4.161561954165762,4626.6375,233.09323815239622,5092.823976304792,4160.451023695207,0.6708356077399279,0.20152280195052744,77.54642857142855,13020706.6,0.7966201468190561,602958730.0,-0.0070828993829953335,0.006211971783898048,-0.0082474739520718,0.0673803470270753,0.13812546223743127,-0.026743644546033285,56.521739130329216,67.23506115069404,1,1,0.04449719176250344,HINDUNILVR.NS,IN,FMCG
2025-06-16,4790.91,4898.74,4799.29,4843.49,8385985,4848.722,4854.788,4655.960499999999,4205.0578,4772.426772475869,4578.251193979645,68.05089519704131,37.842015259142244,194.17557849622426,204.14364219226772,-9.968063696043458,4655.960499999999,220.70881411047895,5097.3781282209575,4214.542871779041,0.7124173209337908,0.1896139918802419,77.90999999999998,12839678.4,0.6531304044865793,611344715.0,0.012029035169831337,0.02053271504637757,0.010974950479134224,0.050887946278436624,0.1377627125014389,-0.026420472247850824,67.27826460629045,63.3862935948126,1,1,0.033711228886608824,HINDUNILVR.NS,IN,FMCG
2025-06-17,4846.08,4916.09,4890.57,4901.91,11464390,4846.156,4866.817,4685.449,4228.8462,4792.347269018043,4602.225920358139,70.18560424238264,38.02950819672124,190.12134865990447,201.3391834857951,-11.217834825890634,4685.449,211.5634058969987,5108.575811793997,4262.3221882060025,0.755787383315986,0.18061313303971802,82.63642857142862,12626347.05,0.9079735450505025,622809105.0,0.012061550658719167,0.005206133935546599,0.011520651743262266,0.02515674604004503,0.13676967816443786,-0.002610514493136984,78.1936062478687,67.3312033281628,1,1,0.021938387281692284,HINDUNILVR.NS,IN,FMCG
2025-06-18,4918.35,4955.54,4942.24,4948.15,12934589,4859.906,4879.768,4714.539500000001,4255.1028,4816.316919938344,4627.849926264083,72.71055616115564,55.73956364885757,188.46699367426118,198.76474552348833,-10.297751849227154,4714.539500000001,205.28267254472954,5125.10484508946,4303.974154910542,0.7844985613049156,0.1741698611664497,82.75928571428578,11224434.9,1.1523598259401169,635743694.0,0.009433057726478067,0.0026878732455559136,0.0060589425315386684,0.026876878123287762,0.13324889953599572,0.01408984711234984,86.83320565743006,77.43502550386307,1,1,0.021260471085153165,HINDUNILVR.NS,IN,FMCG
2025-06-19,4932.46,4917.58,4826.84,4867.17,13788265,4869.3279999999995,4885.32,4740.847,4280.0226,4824.14047071706,4645.577339137603,70.45010828630257,48.183789242329794,178.56313157945715,194.72442273468212,-16.161291155224973,4740.847,187.87119030980367,5116.589380619607,4365.104619380392,0.6680978863643526,0.15851276390886618,87.69357142857143,11454593.4,1.2037322770677938,621955429.0,-0.016365712437981794,0.018643277304877606,-0.013236802731291632,0.011538661373956982,0.12120423310650486,0.009773737256382642,64.02954588622455,76.35211926384112,1,1,0.04721840412395695,HINDUNILVR.NS,IN,FMCG
2025-06-20,4875.76,5010.82,4989.33,4998.88,5904134,4911.92,4893.465,4772.486999999999,4306.7844000000005,4851.023475222128,4671.747906614624,70.65547892233204,71.8574292279861,179.27556860750337,191.6346519092464,-12.359083301743027,4772.486999999999,174.22384748544908,5120.934694970897,4424.039305029101,0.8248593738266575,0.14602352818177392,88.0,10603901.9,0.556788765012173,627859563.0,0.027060899865835708,0.004298962967703861,0.025251447979386724,0.016563530136677107,0.14493550278510714,0.04449719176250344,92.19577765441537,81.01950973269,1,1,0.009946227955061948,HINDUNILVR.NS,IN,FMCG
2025-06-23,5017.84,5038.98,4981.0,5006.77,4806193,4944.576,4896.648999999999,4799.8255,4333.0352,4874.9844790341085,4696.564357981538,64.44917919164175,78.84590266711955,178.42012105257072,188.9917457379113,-10.571624685340566,4799.8255,165.27768641306096,5130.380872826122,4469.270127173878,0.8130254671553077,0.13773641263668987,78.38499999999996,10243259.7,0.46920537715104726,632665756.0,0.0015783535511955105,0.011580320246383991,-0.0022061285333923562,0.006400090051518426,0.12259417040358755,0.033711228886608824,87.90325609310918,81.37619321124971,0,1,-0.0024167277506257356,HINDUNILVR.NS,IN,FMCG
2025-06-24,5003.82,5013.67,5006.08,5009.45,10336667,4966.084000000001,4906.120000000001,4822.8634999999995,4358.0676,4895.6714822596305,4719.74107220948,62.80999503202327,75.3049524274214,175.93041005015039,186.37947860035914,-10.44906855020875,4822.8634999999995,160.4723228562989,5143.808145712597,4501.918854287402,0.7906833039462757,0.13309298333346206,75.99499999999996,10459656.75,0.9882414173637756,643002423.0,0.0005352752373284364,0.0015151363922184331,0.0011251403927397437,0.019270602310600404,0.1012950981491374,0.021938387281692284,88.9097532576374,89.66959566838733,0,1,-0.007196398806256221,HINDUNILVR.NS,IN,FMCG
2025-06-25,5003.37,5070.5,5039.62,5053.35,14229349,4987.124000000001,4923.515,4848.0975,4383.236,4919.929715758149,4744.452844642705,65.46029065602296,74.16081684747937,175.47687111544383,184.1989571033761,-8.722085987932275,4848.0975,154.6613988813915,5157.420297762783,4538.774702237217,0.831777194380246,0.12760584858811902,79.83714285714281,10219930.65,1.392313519043936,657231772.0,0.008763437103873839,0.006110797787605053,0.00998926723388246,0.03564987498462946,0.1109511131825347,0.021260471085153165,94.24090802211558,90.35130579095407,0,0,-0.03312456093482552,HINDUNILVR.NS,IN,FMCG
2025-06-26,5076.68,5115.64,5082.07,5096.99,10918980,5033.088000000001,4951.208,4876.165,4408.4612,4947.169759487665,4770.566708006709,62.477416126969985,73.94465894465903,176.6030514809563,182.67977597889217,-6.076724497935857,4876.165,145.64645620565128,5167.4579124113025,4584.8720875886975,0.87904286474248,0.11947623282281987,75.34499999999993,10418194.6,1.0480682470580607,668150752.0,0.008635855422640226,0.006586240114262345,0.004000646091539251,0.057453641655912824,0.12376423172914941,0.04721840412395695,94.5615723322701,92.57074453734104,0,0,-0.03856982258156283,HINDUNILVR.NS,IN,FMCG
2025-06-27,5081.22,5053.1,5045.0,5048.6,16862530,5043.032000000001,4977.476,4904.405,4432.7698,4962.774411874178,4791.1617666759485,55.184888025561996,82.60666403076829,171.61264519822998,180.46634982275975,-8.853704624529769,4904.405,117.6252966661127,5139.655593332225,4669.154406667774,0.8064710655066429,0.09593440726537775,71.83071428571422,10977677.1,1.5360743725943284,651288222.0,-0.009493838520381548,0.0016044051816342666,-0.006419718099195364,0.0548859989301953,0.12596458361211482,0.009946227955061948,80.45082086699782,89.75110040712785,0,0,-0.02217644495503701,HINDUNILVR.NS,IN,FMCG
2025-06-30,5036.75,5046.93,4952.86,4994.67,4880834,5040.612,4992.594,4923.691,4456.6712,4967.681425431997,4806.236450627959,55.675476092420894,48.94975802025644,161.44497480403788,176.6620748190154,-15.217100014977518,4923.691,96.32554866319067,5116.342097326381,4731.039902673619,0.6842164435717345,0.07825474723183971,72.7778571428571,10935153.1,0.4463434127553813,646407388.0,-0.010682169314265355,0.0188340771262129,-0.008354593736038432,0.031213030273625098,0.08368934355981295,-0.0024167277506257356,64.7245793600305,79.91232418643283,0,0,-0.0068733269665463,HINDUNILVR.NS,IN,FMCG
2025-07-01,5007.85,4980.16,4967.99,4973.4,9512002,5033.402,4999.7429999999995,4933.280000000001,4480.0452,4968.5612061347665,4818.6189357682115,56.810607158382865,42.19634254712107,149.94227036655502,171.31811392852333,-21.37584356196831,4933.280000000001,90.82703411604581,5114.934068232093,4751.625931767909,0.6104296765545841,0.07364433733015563,70.46285714285712,11189633.1,0.8500726578718065,636895386.0,-0.004258539603217093,0.002447018136485629,-0.0068791996565380036,0.014584111091390906,0.0401077459103818,-0.007196398806256221,58.5221473768449,67.89918253462442,1,0,0.0018820123054652527,HINDUNILVR.NS,IN,FMCG
2025-07-02,4992.62,4907.6,4868.64,4885.96,9241813,4999.924000000001,4993.524,4936.646,4502.611000000001,4955.853328267879,4823.607162748934,54.587858535226935,29.31975751080151,132.24616551894542,163.50372424660776,-31.257558727662342,4936.646,87.5429837520523,5111.731967504104,4761.560032495895,0.3552539626022095,0.07093316697371828,72.81714285714283,11058809.2,0.8356968636644113,627653573.0,-0.01758153375960103,0.007973867980906936,-0.02136353257407503,-0.012568333619635497,0.01397074693274436,-0.03312456093482552,33.02423235052917,52.09031969580153,1,1,0.019388206207173075,HINDUNILVR.NS,IN,FMCG
2025-07-03,4900.07,4986.84,4831.25,4900.4,14242495,4960.606,4996.847,4941.0835,4524.606000000001,4947.322046995897,4829.29552106445,58.19470293486041,21.582252610456422,118.02652593144649,154.40828458357552,-36.38175865212904,4941.0835,83.00527898717291,5107.094057974346,4775.072942025654,0.3774671307150702,0.0671960139812704,80.54857142857138,11238023.5,1.267348634094898,641896068.0,0.002955406921055337,0.031750469349434415,6.734597669010032e-05,0.0068273760727486366,0.01844481622728167,-0.03856982258156283,31.961435119228685,41.169271615534264,1,1,0.023626642723043156,HINDUNILVR.NS,IN,FMCG
2025-07-04,4895.45,4996.81,4888.51,4936.64,14311960,4938.214,4990.623,4942.044,4547.2396,4945.678655150375,4837.246963949372,56.87788886099507,19.36494593252084,108.43169120100265,145.21296590706095,-36.7812747060583,4942.044,82.82812129884574,5107.700242597692,4776.387757402308,0.4836891145309651,0.06703956605714487,80.22571428571428,11767040.35,1.2162751514423802,656208028.0,0.007395314668190434,0.02193799831463875,0.008413935388982033,-0.012450788976730798,0.0039065121415047255,-0.02217644495503701,38.019390581585846,34.335019350447915,1,1,0.026534241913528156,HINDUNILVR.NS,IN,FMCG
2025-07-07,4955.47,4970.76,4952.0,4960.34,7407854,4931.348,4985.9800000000005,4941.3144999999995,4570.6738000000005,4947.934246665702,4846.364966620646,54.54743559810105,31.381318032233565,101.56928004505608,136.48422873465998,-34.914948689603904,4941.3144999999995,82.58713646969923,5106.488772939398,4776.140227060601,0.5575922014393351,0.06685438578716847,77.47714285714281,11465830.75,0.6460808218296069,663615882.0,0.004800836196279246,0.0037819988145966674,0.0009827523928101487,-0.009273443757152888,-0.0029327045807679974,-0.0068733269665463,46.2257617726931,38.735529157835884,1,1,0.016396053496332996,HINDUNILVR.NS,IN,FMCG
2025-07-08,4960.63,4998.47,4970.2,4982.76,10008523,4933.219999999999,4983.311,4944.7155,4594.9568,4953.292054870978,4856.468302427402,52.79731018540974,47.10233078682306,96.82375244357627,128.55213347644323,-31.728381032866963,4944.7155,82.83536509405099,5110.386230188102,4779.044769811899,0.614819618275931,0.06700920616689393,76.36999999999996,11404034.4,0.87762994843036,673624405.0,0.00451985146179501,0.0056735624433034626,0.004461126913314568,-0.005327930211899479,0.01383999967444871,0.0018820123054652527,53.98891966740308,46.078024007227356,1,1,0.018459648869301182,HINDUNILVR.NS,IN,FMCG
2025-07-09,5005.33,5009.53,4957.62,4980.69,8400406,4952.165999999999,4976.045,4949.78,4618.16,4957.507123352366,4865.669909655742,60.5165641443711,51.95641672481347,91.83721369662362,121.2091495204793,-29.37193582385568,4949.78,81.72074509540968,5113.221490190819,4786.33850980918,0.5945598328897932,0.06603990084035509,71.41285714285712,10106169.95,0.831215506007248,665223999.0,-0.00041543241095309824,0.01042225073232613,-0.004922752345998246,-0.014378580545578834,0.020758699840144335,0.019388206207173075,52.54755793082526,50.92074645697383,1,1,0.053629115644619585,HINDUNILVR.NS,IN,FMCG
2025-07-10,4986.16,5045.85,4992.43,5016.18,10998612,4975.322,4967.964,4959.586,4642.2876,4966.533719759694,4876.81880523763,51.95039458850058,98.45936290562624,89.71491452206374,114.9103025207962,-25.195387998732457,4959.586,76.96405595779926,5113.514111915599,4805.657888084402,0.6838325673426947,0.062072968153215786,65.80642857142864,10450406.95,1.0524576698462762,676222611.0,0.007125518753425819,0.010649538094723358,0.006020665201276015,-0.015854455276545498,0.040688290187258946,0.023626642723043156,65.02689967978826,57.18779242600555,1,1,0.049031334601230325,HINDUNILVR.NS,IN,FMCG
2025-07-11,5024.62,5090.59,5049.25,5067.63,23486044,5001.52,4969.867,4973.6714999999995,4666.398999999999,4982.086993642818,4890.952967813596,56.247690222970434,98.79208729649262,91.13402582922208,110.15504718248138,-19.0210213532593,4973.6714999999995,68.85967900280986,5111.3908580056195,4835.952141994379,0.8411230685352356,0.055379354268005984,66.98000000000009,11106081.25,2.114701068416813,699708655.0,0.010256808966185416,0.008157659497633408,0.008559851292235365,0.003769361803272142,0.05886224592136946,0.026534241913528156,83.1182531028407,66.89757023781809,1,1,0.03713175587010098,HINDUNILVR.NS,IN,FMCG
2025-07-14,5074.33,5055.37,5030.71,5041.67,10538181,5017.786,4974.567,4983.580500000001,4688.8604000000005,4991.253610005461,4902.11719242071,53.15671905004508,82.59978893786052,89.13641758475114,105.95132126293532,-16.81490367818418,4983.580500000001,63.164055357553885,5109.908610715109,4857.252389284893,0.7299151775105356,0.05069773056343024,69.07500000000007,11213691.05,0.9397601568700114,689170474.0,-0.005122710221543425,0.004891236435545159,-0.006436317701054802,0.00941003109314531,0.040916776952156564,0.016396053496332996,73.9899433873413,74.04503205665677,1,1,0.05352789849395134,HINDUNILVR.NS,IN,FMCG
2025-07-15,5054.82,5156.72,5009.16,5074.74,7197271,5036.182,4984.701,4992.222,4711.6246,5004.097670004621,4914.90406705697,52.14109827631073,83.55625953302798,89.19360294765102,102.59977759987848,-13.406174652227463,4992.222,63.22505054836829,5118.672101096737,4865.771898903263,0.8262868091186648,0.05065884533849321,75.25428571428581,11000335.1,0.654277372488646,696367745.0,0.006559334506225145,0.029077351746093657,0.0039407931439687524,0.02037640246109307,0.035257685269619365,0.018459648869301182,74.81181061211524,77.30666903409909,1,1,0.04229379239133446,HINDUNILVR.NS,IN,FMCG
2025-07-16,5087.54,5295.68,5209.49,5247.8,13173171,5089.604,5020.885,5007.2045,4735.9112,5041.590336157757,4939.563025054102,61.98941058623377,91.27063220180612,102.02731110365494,102.48528430063378,-0.4579731969788412,5007.2045,84.2424446385898,5175.6893892771795,4838.71961072282,1.2139972641789119,0.0672969874815962,86.5864285714287,11012264.2,1.1962271849392077,709540916.0,0.034102239720655625,0.016424025305839415,0.03150048943103518,0.07405709420461903,0.06055798631811893,0.053629115644619585,89.69058846308442,79.49744748751367,0,1,-0.014362208925644993,HINDUNILVR.NS,IN,FMCG
2025-07-17,5208.8,5268.16,5257.31,5262.13,18924670,5138.794,5057.058,5026.9525,4758.8718,5075.51951521041,4963.456875051306,67.94761880747046,92.2126229901608,112.06264015910347,104.40075547232772,7.66188468677575,5026.9525,95.26049586460337,5217.473491729207,4836.4315082707935,1.1171957689920788,0.075799797881189,84.32714285714299,11269084.45,1.6793439080719723,728465586.0,0.0027306680894851887,0.0020619026895947823,0.010238442635537874,0.07381642314913073,0.08114777170306353,0.049031334601230325,92.77609112225139,85.7594967324837,0,1,-0.03194523890515821,HINDUNILVR.NS,IN,FMCG
2025-07-18,5283.08,5305.84,5215.78,5255.8,15510004,5176.428,5088.974,5039.7985,4780.105,5103.254974408808,4985.111921344819,73.85751091782845,89.38527284681132,118.1430530639891,107.14921499066001,10.993838073329087,5039.7985,107.77642503057031,5255.351350061141,4824.245649938859,1.0010406959075957,0.08554026517572004,83.92142857142868,11749377.95,1.3200701131526618,712955582.0,-0.0012029349331924566,0.01713535522660361,-0.0051636545348536424,0.06465126077656058,0.051395512594821335,0.03713175587010098,89.45616216083471,90.64094724872352,0,0,-0.03786673769930371,HINDUNILVR.NS,IN,FMCG
2025-07-21,5238.74,5356.88,5275.26,5311.54,12634088,5230.402,5124.094,5055.037,4802.259599999999,5135.2988244997605,5009.291779024033,79.06281156530409,89.53288599306299,126.00704547572786,110.92078108767359,15.086264388054275,5055.037,123.28992817958847,5301.616856359177,4808.457143640823,1.0201215618062252,0.0975580817149818,89.23571428571437,12140772.7,1.0406328552191035,725589670.0,0.010605426386087746,0.015366541530325389,0.013896471288895094,0.0708015982775374,0.06087157988084124,0.05352789849395134,91.37416053099827,91.20213793802812,0,0,-0.061260952567428695,HINDUNILVR.NS,IN,FMCG
2025-07-22,5301.81,5298.59,5281.98,5289.37,16648155,5273.3279999999995,5154.754999999999,5069.033,4823.737400000001,5159.0020822690285,5030.038313911977,89.05454334230438,90.64653757794551,128.96376835705178,114.52937854154925,14.434389815502527,5069.033,133.32266783615296,5335.678335672306,4802.387664327694,0.9131649245683221,0.10520560259609803,83.86428571428587,12456347.1,1.3365197300483278,708941515.0,-0.004173930724422736,0.0031402605603308978,-0.0023463685043406237,0.06153416981753068,0.055878389843196485,0.04229379239133446,87.15636474309461,89.32889581164254,0,0,-0.049516294000986893,HINDUNILVR.NS,IN,FMCG
2025-07-23,5265.96,5186.72,5160.99,5172.43,5844010,5258.254,5173.929,5074.987,4842.9636,5161.067915766102,5040.585846215187,71.97440909898704,62.570450626656786,120.48206955091428,115.71991674342225,4.762152807492029,5074.987,135.23074281040707,5345.448485620815,4804.525514379186,0.6801421000399566,0.10658608016956939,81.92071428571444,12037080.15,0.48550058998314555,703097505.0,-0.022108493071953728,0.004974451080052411,-0.0177612439137369,0.038496674155588995,0.023564566079927074,-0.014362208925644993,60.61874159305548,79.71642228904946,0,0,-0.035820687761845105,HINDUNILVR.NS,IN,FMCG
2025-07-24,5147.8,5149.23,5049.86,5094.03,16814811,5224.634,5181.714,5074.839,4859.2155999999995,5150.754390263624,5044.544672421607,61.903105289428645,23.840631485828908,106.2097178420172,113.81787696314125,-7.6081591211240465,5074.839,135.2070124271501,5345.2530248543,4804.4249751457,0.5354844760914389,0.10657048424757774,82.94000000000018,12331871.7,1.3635245358963202,686282694.0,-0.015157285840504464,0.01950714856409962,-0.010445238742761953,0.0155197779983971,-0.0005807349043258636,-0.03194523890515821,35.07952973711937,60.951545357756494,0,0,-0.01399677661890486,HINDUNILVR.NS,IN,FMCG
2025-07-25,5117.6,5114.75,5010.4,5056.78,16616901,5184.83,5180.629,5075.2480000000005,4876.2494,5136.296791761528,5045.450992982999,57.14709195470441,17.593030962976925,90.84579877852866,109.22346132621874,-18.37766254769008,5075.2480000000005,135.13581564291357,5345.519631285828,4804.976368714173,0.4658343720489561,0.10650578308125007,87.95642857142879,12319590.25,1.3488191826169558,669665793.0,-0.007312481473411014,0.020635661428810376,-0.011884477098637785,-0.0021410402890503777,0.001620251158736874,-0.03786673769930371,24.835946500964646,40.17807261037984,0,0,-0.009887715107242179,HINDUNILVR.NS,IN,FMCG
2025-07-28,5050.64,4994.83,4979.2,4986.15,17741998,5119.7519999999995,5175.076999999999,5074.822,4890.8318,5113.197285336677,5041.05832683598,50.23447550803023,14.624931125862503,72.1389585006973,101.80656076111445,-29.667602260417155,5074.822,135.41633554572883,5345.654671091458,4803.989328908542,0.3362974458676129,0.10673583077057859,90.77428571428592,12962648.45,1.368701519580166,651923795.0,-0.01396738636049033,0.0031346830721091373,-0.012768678820899512,-0.011012224124149372,-0.0017058184024170142,-0.061260952567428695,7.1457195812073016,22.35373193976378,0,1,-0.004103366324719526,HINDUNILVR.NS,IN,FMCG
2025-07-29,5014.95,5032.63,5023.32,5027.46,14776555,5067.37,5170.349,5077.525,4905.1382,5100.006933746419,5040.05104336662,53.068374161888414,11.26533951458967,59.9558903797988,93.43642668485134,-33.48053630505254,5077.525,133.81540850228504,5345.15581700457,4809.894182995429,0.4064663020485584,0.10541782344922682,90.38642857142882,13225876.1,1.1172457515123893,666700350.0,0.008284949309587564,0.001851829751007178,0.0024945413214484138,-0.009316733468118565,0.01086982748220544,-0.049516294000986893,12.77801313277706,14.919893071649676,0,0,-0.03165813353064961,HINDUNILVR.NS,IN,FMCG
2025-07-30,5013.23,5004.07,4973.62,4987.15,12803463,5030.314,5144.284,5082.5845,4917.5544,5082.644328554662,5036.132447561586,48.10743855531647,10.734331150608114,46.511880993076375,84.05151754649636,-37.53963655341998,5082.5845,127.97681288647885,5338.538125772958,4826.630874227042,0.31357072064888725,0.10071790278072404,89.57785714285735,13403958.6,0.9552000589437766,653896887.0,-0.008017965334383592,0.00610569162748137,-0.005202234886489294,-0.049668432485994285,0.020710361935013744,-0.035820687761845105,3.5302405677515094,7.817991093911966,0,0,-0.008977071072656662,HINDUNILVR.NS,IN,FMCG
2025-07-31,4986.52,5114.79,4949.08,5022.73,9845627,5016.054,5120.344,5088.700999999999,4931.1885999999995,5073.426739546253,5035.139673668112,47.01097086861583,25.336101225780936,38.28706587814122,74.89862721282533,-36.61156133468411,5088.700999999999,121.57440125723231,5331.849802514464,4845.552197485535,0.36434027369631117,0.09556419310720622,96.09928571428593,13184115.2,0.7467794466192584,663742514.0,0.007134335241570922,0.03299201828487039,0.007261577212162361,-0.04549488515107014,0.02496326830462814,-0.01399677661890486,18.06032368803801,11.456192462855535,0,0,-0.024229851096913446,HINDUNILVR.NS,IN,FMCG
2025-08-01,5009.65,5044.22,4976.83,5006.78,6900621,5006.053999999999,5095.442,5092.208,4944.0026,5063.173395000676,5033.038957100058,47.64597136572792,31.900593287142726,30.13443790061774,65.94578935038382,-35.81135144976608,5092.208,117.91363639725037,5328.0352727945,4856.380727205499,0.3188759107714387,0.09262279655287221,98.27571428571453,12813548.25,0.5385409510951854,656841893.0,-0.0031755638865715863,0.013459748580921643,-0.000572894313973894,-0.04738003729213447,0.014208044337849168,-0.009887715107242179,14.149092692461576,11.913218982750374,0,0,-0.007186255437626521,HINDUNILVR.NS,IN,FMCG
2025-08-04,4994.75,5005.81,4933.59,4965.69,8511460,5001.9619999999995,5060.856999999999,5092.4755,4954.1164,5048.175949615957,5028.050145462916,42.72116835093246,31.40033487156454,20.125804153040917,56.781792310915236,-36.65598815787432,5092.4755,117.60439731642614,5327.684294632852,4857.266705367148,0.23048307951635985,0.0923750323915376,92.96357142857161,12868728.55,0.6614063934539676,648330433.0,-0.008206871482270062,0.01454379955252658,-0.005818109014464103,-0.06511294276236279,0.0010785550990455306,-0.004103366324719526,7.58345342434823,13.26428993494928,1,0,0.010743723430177932,HINDUNILVR.NS,IN,FMCG
2025-08-05,4944.79,4877.1,4861.27,4868.3,13312531,4970.13,5018.75,5086.7525000000005,4960.5086,5020.502726598117,5016.2168013543305,21.822933681803335,28.30688804623948,4.285925243786551,46.2826188974895,-41.99669365370295,5086.7525000000005,125.7288645783449,5338.210229156691,4835.29477084331,0.06562778815213471,0.09886768784470672,84.64071428571437,13033928.95,1.0213750611725514,635017902.0,-0.019612581534489526,0.0032516484193654198,-0.015468806562055074,-0.07960683408421032,-0.022971204713853388,-0.03165813353064961,1.4184540263484526,7.717000047719428,1,1,0.042978041616169804,HINDUNILVR.NS,IN,FMCG
2025-08-06,4850.64,5006.3,4891.24,4942.38,16251765,4961.1759999999995,4995.745,5084.837,4968.382799999999,5008.483845583022,5010.747408661322,28.194006846979548,36.02496714848882,-2.2635630782997396,36.573382502331654,-38.836945580631394,5084.837,127.70607338729774,5340.249146774596,4829.424853225405,0.22112328681466029,0.10046030847185274,93.04357142857154,13426496.9,1.210424722890695,651269667.0,0.0152168107963766,0.023280281969410913,0.018912968185637535,-0.04447619397459224,-0.007691705366123847,-0.008977071072656662,16.365690764882885,8.455866071859864,1,1,0.01833327263383211,HINDUNILVR.NS,IN,FMCG
2025-08-07,4938.43,4953.52,4859.04,4901.03,8570359,4936.836,4976.445000000001,5079.0795,4975.6906,4991.9524847240955,5002.620193204798,26.90870748122208,35.90230487166056,-10.667708480702458,27.12516430572483,-37.79287278642729,5079.0795,133.4316769568912,5345.9428539137825,4812.216146086217,0.166403240855449,0.10508335375090315,93.35928571428583,13305084.25,0.6441416074353977,642699308.0,-0.008366414561405744,0.019277580426967637,-0.007573257087777486,-0.03788748790250551,-0.022955715305272295,-0.024229851096913446,8.434436766815729,8.739527186015698,1,1,0.020777265187113647,HINDUNILVR.NS,IN,FMCG
2025-08-08,4879.17,5017.16,4933.7,4970.8,7325306,4929.64,4967.847,5074.238,4985.4306,4988.698256305004,5000.263141856259,28.219682442279705,42.35491564349448,-11.56488555125452,19.387154334328958,-30.952039885583478,5074.238,135.60794739170456,5345.45389478341,4803.022105216591,0.3093068990611446,0.10689916191686558,94.43428571428583,12497047.35,0.5861628918159703,650024614.0,0.014235783090493337,0.016790053914859427,0.018779833455276475,-0.017002914898413546,-0.019107551261635103,-0.007186255437626521,25.42600386753405,16.74204379974423,1,1,0.022237869155870227,HINDUNILVR.NS,IN,FMCG
2025-08-11,4944.53,5056.41,4989.15,5019.04,20443822,4940.31,4971.136,5073.1065,4993.6324,4993.366216873465,5001.654020237295,33.27766024570391,51.64820391482042,-8.28780336382988,13.85216279469719,-22.13996615852707,5073.1065,135.98787315419645,5345.082246308393,4801.1307536916065,0.4006041885457417,0.10722256523033362,98.43785714285721,12992329.4,1.573530026607082,670468436.0,0.009704675303773946,0.0134009691096279,0.01506917745467924,0.006596271672532961,-0.004488592073658149,0.010743723430177932,48.82812499985095,27.56285521140025,1,0,0.016062832732952836,HINDUNILVR.NS,IN,FMCG
2025-08-12,5050.14,5080.63,5075.05,5077.53,9917902,4982.156,4976.142999999999,5073.246,4999.5506,5006.314491200625,5007.274463182752,43.671983356449346,64.36350559950685,-0.9599719821271719,10.889735839332317,-11.84970782145949,5073.246,135.9910680271308,5345.228136054262,4801.263863945738,0.5078755172336706,0.10722213590833492,93.66714285714293,13128360.95,0.7554561671724781,680386338.0,0.011653623003602176,0.001098959533473722,0.00542361201867552,0.00995930350514973,0.0005497818607456129,0.042978041616169804,75.29205003592376,49.84872630110292,1,1,0.023690652738634688,HINDUNILVR.NS,IN,FMCG
2025-08-13,5064.57,5039.36,5027.89,5032.99,15642875,5000.278,4980.727000000001,5062.5055,5003.8376,5010.418415631298,5009.17931776183,45.737311098075374,74.47320712099139,1.239097869467514,8.959608245359357,-7.720510375891843,5062.5055,129.82217005034508,5322.14984010069,4802.86115989931,0.44316167263843015,0.10257543032817985,88.45785714285714,13251846.15,1.1804297788025724,664743463.0,-0.008771981652496375,0.002278963399489581,-0.006235475074881715,0.009191622469747252,-0.04093334349632238,0.01833327263383211,68.01564027343878,64.04527176973784,1,1,0.03994047276072488,HINDUNILVR.NS,IN,FMCG
2025-08-14,5027.68,5026.2,4984.19,5002.86,14071366,5020.643999999999,4978.74,5049.5419999999995,5007.6618,5009.255582457252,5008.711220149838,46.19671021076093,60.33775468344036,0.5443623074143034,7.2765590577703465,-6.732196750356043,5049.5419999999995,121.51861865575043,5292.5792373115,4806.504762688499,0.4039612190362182,0.09626110142719971,84.48999999999998,13009180.95,1.0816487965255956,650672097.0,-0.005986501065966765,0.008397196803426803,-0.0049366705916040155,-0.003956015951484537,-0.04927092261118604,0.020777265187113647,56.234604105351856,66.51409813823814,1,1,0.031793813938427284,HINDUNILVR.NS,IN,FMCG
2025-08-15,5014.81,5096.49,5069.22,5081.34,19670195,5042.7519999999995,4986.196,5040.819,5010.94,5020.345492848444,5014.0911297684215,56.640761256296166,77.34870317002884,6.254363080022813,7.07211986222084,-0.8177567821980274,5040.819,111.80708352007402,5264.433167040149,4817.204832959852,0.5906047245032866,0.0887213633499255,85.63642857142857,13217190.5,1.488228039973545,670342292.0,0.015687027020544253,0.005366694612050002,0.013266704022682109,0.014891806710101152,-0.03319380493930513,0.022237869155870227,86.9208211140297,70.39035516427346,1,1,0.031227983169793916,HINDUNILVR.NS,IN,FMCG
2025-08-18,5046.5,5104.66,5095.66,5099.66,11769682,5058.875999999999,4999.593,5030.225,5013.4346,5032.547724717914,5020.42956460045,55.20382863403101,73.15959741193382,12.118160117463958,8.081327913269465,4.036832204194493,5030.225,93.31424026826615,5216.8534805365325,4843.596519463468,0.6860246619371734,0.07420283607055153,83.98214285714279,13173970.2,0.8934042606681879,682111974.0,0.0036053481955546918,0.0017648235372550787,0.010534033488554308,0.026979130795518946,-0.03989050256611082,0.016062832732952836,94.08406647079534,79.0798305633923,1,1,0.020169972115788193,HINDUNILVR.NS,IN,FMCG
2025-08-19,5110.14,5209.03,5188.86,5197.82,6871654,5082.933999999999,5032.545,5025.6475,5019.0962,5057.974228607466,5033.569596852381,64.0153279135676,77.24308179934167,24.404631755084665,11.345988681632507,13.058643073452158,5025.6475,81.42037898754378,5188.488257975087,4862.806742024913,1.0286529679053424,0.0648038916279166,87.94857142857134,12685145.15,0.5417086976171733,688983628.0,0.019248342046332523,0.003880472967512571,0.01715804263679316,0.06768687221411973,-0.017308299476119116,0.023690652738634688,96.79705134404753,92.60064630962421,1,1,0.001523715711586826,HINDUNILVR.NS,IN,FMCG
2025-08-20,5218.97,5270.46,5204.85,5234.01,14940971,5123.138000000001,5061.708,5028.7265,5026.1884,5085.056654975548,5048.4170341226945,64.04451062245744,75.58367667255251,36.63962085285311,16.404715115876634,20.23490573697648,5028.7265,88.14954651196317,5205.025593023926,4852.427406976073,1.0822023712029478,0.0701167951861735,81.30071428571422,13139993.2,1.137060699768041,703924599.0,0.006962534293223133,0.01253532186602378,0.0028817946836247536,0.05900598497080356,0.011905429362987885,0.03994047276072488,91.14044042562074,94.00718608015455,1,0,0.0022755019573901247,HINDUNILVR.NS,IN,FMCG
2025-08-21,5231.52,5168.22,5156.88,5161.92,10614161,5154.95,5087.797,5032.121,5033.0256,5096.8817849793095,5056.824661224779,59.59644695170231,69.33737288898222,40.05712375453004,21.135196843607318,18.92192691092272,5032.121,92.01888169513191,5216.158763390264,4848.083236609737,0.8526422990804895,0.07314520592419257,81.9964285714285,12829960.7,0.8272948312854278,693310438.0,-0.013773378346621401,0.0021968569834476216,-0.01330397284154262,0.053231667629049406,0.01332736556321823,0.031793813938427284,73.61820037899564,87.18523071622133,1,1,0.02035289194718226,HINDUNILVR.NS,IN,FMCG
2025-08-22,5180.63,5268.79,5217.0,5240.02,14878120,5186.686,5114.719,5041.282999999999,5042.1076,5118.903048828647,5070.394686319333,66.22620751659119,81.09561021660463,48.50836250931388,26.609829976748635,21.89853253256525,5041.282999999999,103.06285772847363,5247.408715456947,4835.157284543052,0.9820771623726108,0.08177510187660826,84.4021428571428,12743021.65,1.1675503064416195,708188558.0,0.015130029136445344,0.009883550062784125,0.011463856712405414,0.05416029612939566,0.03623649832502118,0.031227983169793916,92.60123474772115,85.78662518411254,1,1,0.020623967084095085,HINDUNILVR.NS,IN,FMCG
2025-08-25,5244.69,5220.33,5188.28,5202.52,9454215,5207.258,5133.067,5052.1015,5049.2882,5131.767195162702,5080.181746592037,71.27597270319819,67.80173933482196,51.585448570664994,31.60495369553191,19.980494875133083,5052.1015,108.19913995548687,5268.499779910973,4835.703220089026,0.8475501285431554,0.0856666398768634,80.63928571428576,12328632.5,0.7668501947113604,698734343.0,-0.007156461234880784,0.00616047607697693,-0.008040513357317806,0.036556791737065275,0.04339420193937227,0.020169972115788193,83.48646152330113,83.23529888333933,1,1,0.01685144891321877,HINDUNILVR.NS,IN,FMCG
2025-08-26,5214.81,5229.44,5186.78,5205.74,4762549,5208.842000000001,5145.888000000001,5061.0154999999995,5055.364799999999,5143.147626676132,5089.482357955644,68.42760782557582,66.30695443645081,53.6652687204878,36.017016700523094,17.64825201996471,5061.0154999999995,113.2864141747843,5287.588328349568,4834.442671650431,0.8193774404755465,0.08953650837446495,73.82928571428576,11827932.2,0.40265267984435354,703496892.0,0.0006189308258304216,0.008194800354991155,-0.001739277174048312,0.025250466270017036,0.03546124683239649,0.001523715711586826,84.26911671750452,86.78560432950894,1,1,0.0037785214013761337,HINDUNILVR.NS,IN,FMCG
2025-08-27,5222.27,5260.99,5233.87,5245.92,16594698,5211.224,5167.181,5073.954,5061.3202,5158.95876103365,5101.070331440475,74.17193479205505,58.99805447470822,57.888429593175715,40.39129927905362,17.497130314122096,5073.954,119.0373421021266,5312.028684204253,4835.879315795746,0.8611597776007188,0.09384187724374586,71.02714285714286,12017493.95,1.3808783002650649,720091590.0,0.007718403147295216,0.005169731905937322,0.004528681971632088,0.04230685934206124,0.05188735049076132,0.0022755019573901247,92.71291127184729,86.822829837551,0,1,-0.01840287308994415,HINDUNILVR.NS,IN,FMCG
2025-08-28,5230.51,5309.48,5232.98,5266.98,10898872,5232.236,5193.593,5086.1665,5069.3164,5175.577413182319,5113.359936519019,72.27922370994429,56.53777513384878,62.21747666329975,44.75653475590285,17.4609419073969,5086.1665,125.84035894632042,5337.847217892641,4834.485782107359,0.859212063429248,0.09896676323615891,68.19642857142857,12070156.2,0.9029602365079388,730990462.0,0.004014548449080335,0.014524452342705968,0.006972551433797539,0.05279380194528738,0.04862893287116776,0.02035289194718226,86.93473515912898,87.97225438282696,0,0,-0.01020319044310014,HINDUNILVR.NS,IN,FMCG
2025-08-29,5285.5,5363.85,5335.48,5348.09,16215567,5253.85,5220.268,5103.232,5076.3006,5202.1178111542695,5130.747348628803,73.5854466218444,85.64153616418425,71.37046252546679,50.07932030981564,21.29114221565115,5103.232,137.1432598109763,5377.518519621953,4828.945480378047,0.9463544186140463,0.10749521856811485,69.00071428571437,12535903.5,1.2935298765238679,747206029.0,0.01539971672571383,0.005304697564924205,0.011841831425596121,0.05249599515088543,0.06816956207382807,0.020623967084095085,95.84891745220497,91.83218796106043,0,0,-0.027004033215596634,HINDUNILVR.NS,IN,FMCG
2025-09-01,5342.45,5292.19,5288.59,5290.19,3507703,5271.384,5239.321000000001,5119.457,5081.969,5215.667378668998,5142.55791539709,65.25581795747362,60.41000954475643,73.10946327190777,54.685348902234075,18.424114369673696,5119.457,139.19461574962688,5397.846231499254,4841.067768500747,0.8066444040951534,0.10875732777878559,68.85142857142864,12285715.65,0.28551065435812406,743698326.0,-0.010826294995035735,0.0006805048589934906,-0.009782028844442238,0.03736131428369727,0.06534842086396853,0.01685144891321877,80.59843017415409,87.79402759516269,0,0,-0.018670406923002703,HINDUNILVR.NS,IN,FMCG
2025-09-02,5271.94,5243.39,5211.03,5225.41,4606518,5275.317999999999,5242.08,5137.3125,5086.288199999999,5217.166243489152,5148.695106849183,63.414294079919664,54.266542404473334,68.4711366399697,57.442506449781206,11.028630190188494,5137.3125,127.7121561981929,5392.736812396386,4881.888187603614,0.6724532390295942,0.09943888459046879,70.96000000000011,11850415.0,0.38872204992634857,739091808.0,-0.012245306879337003,0.0061928154919890285,-0.008825972981481375,0.00530799450538888,0.07335414826530817,0.0037785214013761337,63.535795184998264,79.99438093711912,0,0,-0.007708486032674933,HINDUNILVR.NS,IN,FMCG
2025-09-03,5217.79,5185.24,5120.7,5149.38,14011381,5256.01,5233.617,5147.6625,5088.2088,5206.737590644668,5148.745839675169,59.60006289967504,41.737524189292266,57.99175096949875,57.552355353724714,0.43939561577403907,5147.6625,119.18627547601399,5386.0350509520285,4909.289949047972,0.503602554053805,0.09261390036816976,74.95357142857152,11738395.8,1.1936366812885384,725080427.0,-0.014550054445488403,0.012533547728073559,-0.013110914774260124,-0.016169246906291734,0.04188265572456995,-0.01840287308994415,27.207005396506723,57.11374358521971,0,1,-0.00222939460672944,HINDUNILVR.NS,IN,FMCG
2025-09-04,5158.2,5238.99,5192.64,5213.24,6113132,5245.262000000001,5238.749000000001,5163.272999999999,5090.5338,5207.7379613147195,5153.523184884432,58.81095524382095,45.52009650710091,54.2147764302872,56.88483956903721,-2.6700631387500096,5163.272999999999,104.7556206807671,5372.7842413615335,4953.761758638465,0.6192465847528388,0.08115443106010228,74.66642857142863,11615534.45,0.5262892981829779,731193559.0,0.012401492995273156,0.008890824132399536,0.010670388895349015,0.009942037071477117,0.06370293591347131,-0.01020319044310014,43.842052276207646,44.86161761923756,0,0,-0.0029693626228601833,HINDUNILVR.NS,IN,FMCG
2025-09-05,5228.04,5203.78,5203.58,5203.67,37157349,5216.378,5235.114,5174.916499999999,5093.6352,5207.1121211124555,5157.2377637818945,57.0300777289625,41.038924274593136,49.874357330561,55.48274312134197,-5.6083857907809715,5174.916499999999,94.69499549246554,5364.306490984931,4985.526509015068,0.5759108225569125,0.0731953804413636,73.69071428571435,13107136.6,2.8348942487641238,694036210.0,-0.0018357106137449897,3.8434412635655156e-05,-0.0046614027436659294,-0.006936996423677844,0.046847589925163025,-0.027004033215596634,34.12296936033676,35.05734234435039,0,0,-0.0030613009664333113,HINDUNILVR.NS,IN,FMCG
2025-09-08,5203.74,5219.23,5169.18,5191.42,8293367,5196.624,5234.004,5183.5355,5097.5702,5204.697948633616,5159.7697812795395,49.51058362902242,22.455079292520765,44.92816735407632,53.371827967888834,-8.443660613812511,5183.5355,87.31818412384968,5358.171868247699,5008.8991317523005,0.5225740493764002,0.0673811796013226,69.45357142857145,12499613.85,0.6634898034478238,685742843.0,-0.00235410777393652,0.009640907497368664,-0.0023675279702670272,-0.0021335814182358304,0.03434521342726904,-0.018670406923002703,29.08492699967479,35.68331621207307,1,1,0.011004696210285436,HINDUNILVR.NS,IN,FMCG
2025-09-09,5191.5,5219.84,5157.37,5185.13,8933810,5188.567999999999,5231.942999999999,5188.9155,5101.804800000001,5201.687494997675,5161.64831599958,46.08295669455395,27.43362831858407,40.03917899809494,50.70529817393005,-10.666119175835114,5188.9155,83.68214570782389,5356.279791415648,5021.551208584352,0.48869083730923407,0.06450838963001643,68.72714285714288,12450409.25,0.7175514557843586,676809033.0,-0.001211614548620621,0.012047913938510355,-0.0012270056823651474,-0.003959091310745344,0.021191406057669893,-0.007708486032674933,26.498046473261432,29.90198094442434,1,1,0.033410927016294556,HINDUNILVR.NS,IN,FMCG
2025-09-10,5207.21,5154.37,5124.72,5137.9,6055358,5186.272,5221.141,5194.161,5106.8436,5191.874034228802,5159.889181481088,47.99525939774317,29.67058495562877,31.984852747714285,46.96120908868691,-14.976356340972622,5194.161,76.36161993403287,5346.884239868065,5041.437760131935,0.31580733865743343,0.058805739701959917,67.53285714285714,11971033.4,0.5058341491358508,670753675.0,-0.00910873980015936,0.00577084022655051,-0.013310390785082046,-0.02059124043065863,0.02084446819882424,-0.00222939460672944,7.073822743133474,20.88559873868991,1,1,0.02920064617839979,HINDUNILVR.NS,IN,FMCG
2025-09-11,5122.75,5213.29,5185.34,5197.76,6153146,5183.1759999999995,5214.219,5203.906,5112.7908,5192.779567424372,5162.69442729731,46.36216514014185,62.15211494021903,30.085140127062004,43.58599529636193,-13.500855169299925,5203.906,61.69040814295554,5327.286816285911,5080.525183714089,0.47509337275645575,0.04741854149013746,65.28428571428574,11575122.4,0.5315836200934151,676906821.0,0.011650674400046857,0.005377316382440597,0.014642525987015874,-0.013142256093624738,0.03895771618634147,-0.0029693626228601833,31.692370964295005,21.754746726896652,1,1,0.0035476820784337004,HINDUNILVR.NS,IN,FMCG
2025-09-12,5217.52,5206.02,5173.12,5187.74,4874939,5179.99,5198.183999999999,5209.226000000001,5117.812800000001,5192.004249359084,5164.54965490492,48.66452219170154,41.22021760088149,27.45459445416327,40.3597151279222,-12.90512067375893,5209.226000000001,54.76326557871113,5318.752531157423,5099.699468842578,0.40191417653170747,0.04205098076274713,63.93857142857145,10835359.6,0.4499101765011863,672031882.0,-0.0019277534938128005,0.006341875267456388,-0.005707692543582956,-0.029982666709049477,0.020939358515666973,-0.0030613009664333113,27.5714579476554,22.112550551694643,1,1,0.03039088312058813,HINDUNILVR.NS,IN,FMCG
2025-09-15,5176.5,5259.88,5239.49,5248.55,16304496,5191.415999999999,5194.0199999999995,5216.670499999999,5123.576999999999,5200.703595611532,5170.771902689753,53.50356002946234,61.42217245240754,29.93169292177936,38.27411068669363,-8.342417764914273,5216.670499999999,48.89007373962036,5314.45064747924,5118.890352520759,0.6630162196580149,0.03748756893088099,66.04428571428578,11062100.3,1.4739058663293925,688336378.0,0.011721867325656277,0.003884882491354077,0.013918670916639864,-0.007871172869027276,0.029196064051328907,0.011004696210285436,52.58071149474574,37.28151346889873,1,0,0.024282897181126195,HINDUNILVR.NS,IN,FMCG
2025-09-16,5206.15,5359.21,5357.7,5358.37,4533010,5226.064,5207.316000000001,5224.698,5131.089199999999,5224.959965517451,5184.668058046093,58.26121453444802,78.38996020814184,40.29190747135726,38.677670043626364,1.6142374277308988,5224.698,57.96965572836823,5340.637311456737,5108.758688543264,1.0764740117885023,0.044381249004904894,70.0021428571429,10945168.1,0.4141562326341765,692869388.0,0.02092387421287789,0.00028180211519546737,0.029238496777843705,0.025444893319375828,0.030887949178694196,0.033410927016294556,97.74624717212507,59.29947220484208,0,0,-0.009601800547554551,HINDUNILVR.NS,IN,FMCG
2025-09-17,5389.34,5296.49,5281.08,5287.93,14333804,5256.07,5221.171,5227.393999999999,5137.234,5234.64766313015,5192.317090783433,51.43499047906082,64.35032665140429,42.33057234671742,39.40825050424458,2.92232184247284,5227.393999999999,59.6548594570844,5346.703718914168,5108.08428108583,0.7536926603724406,0.04564787690162487,70.05857142857147,10914809.75,1.3132434751559938,678535584.0,-0.013145788737992992,0.0029141838110559215,-0.018816775337978497,0.02690615180856737,0.010301852690384639,0.02920064617839979,68.77647542640852,73.03447803109312,1,1,0.008517510632705116,HINDUNILVR.NS,IN,FMCG
2025-09-18,5293.25,5243.98,5193.97,5216.2,20048908,5259.758,5221.467,5230.107999999999,5141.2344,5231.809561110127,5194.086195169848,40.84847139149862,60.23047977422389,37.72336594027911,39.07127359145149,-1.3479076511723775,5230.107999999999,57.72278940630383,5345.553578812607,5114.662421187391,0.4397638257632422,0.04414653724649121,69.85071428571428,11386547.1,1.7607538144066681,658486676.0,-0.013564854300264995,0.009587439131933153,-0.014556274500540428,0.0005677851010119639,0.0105154671130121,0.0035476820784337004,40.04024988453294,68.85432416102219,1,1,0.04631532533261762,HINDUNILVR.NS,IN,FMCG
2025-09-19,5279.36,5383.57,5314.86,5345.4,5500631,5291.29,5235.64,5235.377,5146.7898,5249.28501324703,5205.294625157283,53.485963959640856,66.33113579045167,43.990388089747285,40.055096491110646,3.9352915986366384,5235.377,63.22276331397609,5361.822526627952,5108.9314733720485,0.9350608634925902,0.048304267917258975,77.55571428571427,10917672.65,0.503828120929407,663987307.0,0.02476898891913648,0.012854042728324761,0.01250909201115049,0.027236546514286974,0.020110610264846063,0.03039088312058813,85.47951458863511,64.76541329985888,1,0,0.008238859580199875,HINDUNILVR.NS,IN,FMCG
2025-09-22,5372.18,5442.55,5322.76,5376.0,9297775,5316.780000000001,5254.098,5244.051,5153.4764,5268.77962659364,5217.9394677382425,59.93717913185784,69.9174777824799,50.84015885539793,42.212108963968106,8.628049891429825,5244.051,70.0134266747406,5384.077853349481,5104.0241466505195,0.9711560562948178,0.053404077629853025,80.45785714285714,10909850.65,0.852236611301676,673285082.0,0.005724548209675717,0.022282366071424416,0.0007110707385082029,0.03555481929799553,0.03334537877797672,0.024282897181126195,79.32266583787685,68.28081010368165,1,1,0.006694568452380922,HINDUNILVR.NS,IN,FMCG
2025-09-23,5366.08,5356.54,5267.22,5306.92,9029011,5306.49,5266.277,5249.11,5158.12,5274.647376348465,5224.53061827616,60.492034738132006,56.0692078940254,50.11675807230495,43.79303878563548,6.323719286669466,5249.11,70.75109342656889,5390.612186853137,5107.607813146862,0.7042724613835687,0.05391473482289783,80.7485714285714,11123173.75,0.8117296727717057,664256071.0,-0.0128497023809524,0.016830854808435564,-0.011024807680837563,0.023488321411420765,0.019436237691471403,-0.009601800547554551,57.3262435891598,74.04280800522393,1,1,0.03394812810443715,HINDUNILVR.NS,IN,FMCG
2025-09-24,5293.52,5350.31,5319.09,5332.97,15433834,5315.498,5285.784000000001,5253.4625,5159.8234,5283.62008767947,5232.563165070527,58.39680201977699,46.8018131453035,51.05692260894284,45.24581555029696,5.811107058645881,5253.4625,73.18040634193612,5399.823312683872,5107.101687316127,0.7716147120983767,0.055719751567216765,77.44714285714288,11065130.55,1.394817036766273,679689905.0,0.004908685263768753,0.005854148813886895,0.007452507972009619,0.03796687362541129,0.016593848171531533,0.008517510632705116,65.52244910780757,67.39045284494809,0,1,-0.00021938994594006278,HINDUNILVR.NS,IN,FMCG
2025-09-25,5330.89,5497.77,5425.8,5457.79,14866420,5363.816000000001,5311.787,5263.003,5163.7366,5310.415458805705,5249.24663432458,65.3417049021975,68.81146451670057,61.16882448112574,48.430417336462725,12.738407144663014,5263.003,86.29772431592708,5435.598448631854,5090.4075513681455,1.0642877652423395,0.06558820074083993,88.52857142857147,11263507.95,1.3198746559348187,694556325.0,0.02340534448909337,0.013186656137371914,0.023804655507799977,0.05002731946069061,0.03622759152303612,0.04631532533261762,89.28293794373589,70.71054354690109,0,1,-0.012930142053834914,HINDUNILVR.NS,IN,FMCG
2025-09-26,5466.57,5409.33,5373.53,5389.44,5808405,5372.624,5331.957,5265.0705,5166.4094000000005,5322.573080527905,5259.631328078325,61.19642655207503,69.33050658335189,62.941752449580235,51.33268435908624,11.609068090493999,5265.0705,88.89961029310334,5442.869720586206,5087.271279413793,0.8497470337302439,0.06753916042954135,90.97214285714297,10743149.85,0.5406612157921994,688747920.0,-0.012523384007079863,0.00664261964137156,-0.014109395836875042,0.03888012891933679,0.007731732263293933,0.008238859580199875,70.96099718517347,75.255461412239,1,0,0.00546624510153193,HINDUNILVR.NS,IN,FMCG
2025-09-29,5368.46,5442.99,5387.19,5411.99,9567288,5379.822,5348.3009999999995,5271.1605,5168.4184000000005,5336.329529677459,5270.91715562809,62.59549613573771,59.751061648850495,65.41237404936874,54.14862229714274,11.263751752226,5271.1605,94.69403963209406,5460.548579264188,5081.7724207358115,0.8718013840846781,0.07185821007125567,90.49571428571439,11046129.1,0.8661212491060557,698315208.0,0.0041841081819262715,0.010310440337101486,0.008108470585603997,0.0311400291509083,0.023023747729287614,0.006694568452380922,77.00576330229978,79.08323281040306,1,0,0.0035144189106042223,HINDUNILVR.NS,IN,FMCG
2025-09-30,5412.09,5522.18,5459.0,5487.08,7620916,5415.854,5361.1720000000005,5284.244000000001,5172.3726,5359.52190972708,5286.929218174171,68.80506667241117,64.3908379540861,72.59269155290895,57.83743614829598,14.755255404612967,5284.244000000001,105.50051745446757,5495.245034908936,5073.242965091065,0.9806516709421818,0.07986044357864447,94.05142857142872,11196849.0,0.6806303558590139,705936124.0,0.013874748475145138,0.011514320913853775,0.013856014959098226,0.02402036440186106,0.0500764533309348,0.03394812810443715,89.9444221621212,79.30372754986483,0,0,-0.002833929886205455,HINDUNILVR.NS,IN,FMCG
2025-10-01,5507.54,5355.56,5312.8,5331.8,11517616,5415.62,5365.558999999999,5293.365,5175.56,5355.257000538299,5290.252979790903,56.54594467885606,52.634811708391595,65.00402074739577,59.27075306811594,5.733267679279834,5293.365,101.01751966342233,5495.400039326844,5091.329960673155,0.5951196389682352,0.07633520051113284,101.11500000000011,11072160.75,1.0402319131582412,694418508.0,-0.028299204677168843,0.008019805694135601,-0.03190898295790278,0.008296252030567608,0.03542562405571159,-0.00021938994594006278,45.459233369491066,70.80313961130402,1,1,0.012481713492629165,HINDUNILVR.NS,IN,FMCG
2025-10-02,5331.98,5481.14,5312.09,5387.22,5354184,5401.505999999999,5382.661,5302.064,5181.4238000000005,5360.174385070868,5297.435722028619,59.32812090830872,55.408665829195826,62.738663042248845,59.96433506294252,2.774327979306328,5302.064,101.24528310781457,5504.554566215629,5099.573433784371,0.7102715242264879,0.07638178875833662,110.84000000000007,11034213.35,0.48523472810730744,699772692.0,0.01039423834352382,0.03137982113222938,0.010360128882702173,0.032786319542962294,0.03337272022772786,-0.012930142053834914,58.879985375037684,64.76121363554999,1,1,0.010784783246275298,HINDUNILVR.NS,IN,FMCG
2025-10-03,5387.76,5429.8,5410.18,5418.9,11754652,5407.397999999999,5390.011,5312.825500000001,5188.6662,5369.209095059966,5306.433075952431,58.189037697935774,45.238386757107484,62.77601910753492,60.526671871861005,2.249347235673916,5312.825500000001,101.67404411701081,5516.173588234023,5109.477411765979,0.7608200079982135,0.07654988413753981,108.72857142857148,9764078.5,1.2038668878105714,711527344.0,0.00588058404891556,0.0036206610197634702,0.00577976747293748,0.01375014030755417,0.04136119315790587,0.00546624510153193,68.53234209783798,57.623853614122254,1,0,0.012129768034103039,HINDUNILVR.NS,IN,FMCG
2025-10-06,5424.97,5432.96,5429.46,5431.01,6272468,5411.202,5395.512,5324.804999999999,5197.5634,5378.716926589202,5315.660996252256,53.8539898132428,55.902649589640276,63.055930336945494,61.032523564877906,2.023406772067588,5324.804999999999,100.7270219062784,5526.259043812556,5123.3509561874425,0.7635960986170519,0.07566626151099205,101.82857142857152,9663033.55,0.6491198978482385,717799812.0,0.0022347708944621125,0.0006444473495720602,0.001113370212185293,0.010232514880952337,0.04615114939650433,0.0035144189106042223,72.2220529536814,66.54479347551903,1,1,0.017013410028705378,HINDUNILVR.NS,IN,FMCG
2025-10-07,5426.46,5497.26,5450.95,5471.53,7587914,5408.092,5411.973,5339.125,5206.4448,5392.9958609600935,5327.206848381726,60.06049447659124,58.04377195352608,65.78901257836787,61.983821367575906,3.8051912107919676,5339.125,100.18157144853222,5539.488142897065,5138.761857102935,0.8304125651173068,0.07505467390144537,101.04000000000009,9595738.75,0.7907586280672108,725387726.0,0.007460859029904121,0.008463811767456622,0.008305598861871533,0.031017991603415895,0.05523487357115431,-0.002833929886205455,84.5678071963541,75.10740074929117,0,1,-0.005086328686857211,HINDUNILVR.NS,IN,FMCG
2025-10-08,5464.41,5399.22,5397.66,5398.35,9764672,5421.402,5418.511,5352.1475,5214.6687999999995,5393.819574658541,5332.476711464564,59.96520521265308,37.950514679920715,61.34286319397688,61.85562973285611,-0.5127665388792266,5352.1475,88.94557406670249,5530.038648133405,5174.256351866595,0.6298617173596575,0.06647468072708088,99.60500000000009,9781204.45,0.9983096715344018,715623054.0,-0.013374686787790524,0.0002889771874739709,-0.01208913679610194,0.01225958518424064,0.050691916931042025,0.012481713492629165,51.431597113070985,69.4071524210355,1,1,0.016799577648725972,HINDUNILVR.NS,IN,FMCG
2025-10-09,5410.21,5476.61,5420.3,5445.32,10832531,5433.022,5417.264,5364.5255,5223.1206,5401.742717018765,5340.835473578304,56.00697366839005,71.84084962290294,60.90724344046066,61.66595247437702,-0.7587090339163609,5364.5255,83.38127541128856,5531.288050822577,5197.762949177422,0.7422441357508884,0.062172339686910355,93.24000000000004,10015173.7,1.0816117865622454,726455585.0,0.00870080672798168,0.010340990061188167,0.006489581735273341,-0.0022848075869537077,0.04762820907467824,0.010784783246275298,69.85409475968815,68.61783302303776,1,0,0.015429763540067531,HINDUNILVR.NS,IN,FMCG
2025-10-10,5423.51,5527.79,5450.09,5484.63,35326576,5446.168,5426.783,5379.37,5232.6776,5414.4946067081855,5351.486919979916,56.46291690960366,69.97989908520334,63.00768672826962,61.93429932515555,1.0733874031140687,5379.37,76.38582777068765,5532.141655541375,5226.5983444586245,0.8445010778542228,0.05679908819856115,90.57428571428578,11537755.55,3.0618236610305316,761782161.0,0.007219043141633685,0.014166862668946793,0.01126945465205902,0.017662317420733986,0.05722915951840313,0.012129768034103039,83.43631269876262,68.24066819050726,0,1,-0.0013583414013342843,HINDUNILVR.NS,IN,FMCG
2025-10-13,5482.26,5563.48,5491.35,5523.41,10262922,5464.647999999999,5437.925,5393.113,5243.831999999999,5431.250821060772,5364.2219629443725,63.361765686141396,70.82951329373792,67.02885811639953,62.953211083404355,4.075647032995178,5393.113,76.33628757711014,5545.78557515422,5240.44042484578,0.9267203846776519,0.05661760662318463,88.4364285714286,11235676.85,0.913422593368499,772045083.0,0.007070668395133373,0.013058961764559599,0.007506028535675456,0.020587621189248395,0.05236874946413761,0.017013410028705378,84.06062293613891,79.11701013152991,0,1,-0.006648067045538997,HINDUNILVR.NS,IN,FMCG
2025-10-14,5537.69,5497.55,5400.62,5443.7,18747743,5459.082,5433.587,5397.3795,5255.34,5433.1660793591145,5370.1092249484955,56.40969239496624,51.99233836782109,63.05685441061905,62.97393974884731,0.08291466177174556,5397.3795,76.67609772867529,5550.731695457351,5244.027304542649,0.6510265303382342,0.05682468518558767,94.10785714285716,11946413.5,1.569319648167239,753297340.0,-0.014431302401958224,0.017805904072594463,-0.016972781069359753,-0.007905844274185947,0.015924618867304785,-0.005086328686857211,52.35291777695073,73.28328447061743,1,1,0.012278413578999503,HINDUNILVR.NS,IN,FMCG
2025-10-15,5444.3,5517.59,5466.21,5489.04,7129521,5477.219999999999,5449.311,5407.4349999999995,5266.2732000000005,5441.76206715002,5378.918911989351,51.99224776549491,52.70809489931644,62.843155160669085,62.94778283121167,-0.10462767054258393,5407.4349999999995,74.7294938956324,5556.893987791264,5257.976012208735,0.7730013136218926,0.055279069574109455,87.61428571428574,11586199.35,0.6153459101887532,760426861.0,0.008328893950805494,0.009360471047758943,0.008217769042850607,0.029490978656363742,0.0380318952784926,0.016799577648725972,70.38863916595582,68.93405995968183,0,0,-0.002173421946278453,HINDUNILVR.NS,IN,FMCG
2025-10-16,5473.06,5626.97,5451.23,5529.34,6518581,5494.023999999999,5463.522999999999,5423.092000000001,5278.839400000001,5455.235595280786,5390.061214804958,59.24970908706236,72.55259805103128,65.174380475828,63.39310236013493,1.7812781156930697,5423.092000000001,64.68247087037845,5552.456941740757,5293.727058259244,0.9106522160076664,0.047708923890921635,94.14857142857149,10909683.0,0.5975041073600299,766945442.0,0.007341903137889405,0.031783178462523355,0.010283095745339801,0.02638095344166369,0.06003220735401249,0.015429763540067531,68.99453760140688,63.91203151477115,1,0,0.007774888142165315,HINDUNILVR.NS,IN,FMCG
2025-10-17,5556.85,5489.41,5467.39,5477.18,6026478,5492.534,5469.351000000001,5429.681,5288.967,5458.61165754528,5396.514458152741,54.14773811796148,55.38903924221931,62.09719939253864,63.133921766615686,-1.0367223740770442,5429.681,63.04291987462521,5555.76683974925,5303.595160250749,0.6883597717783959,0.04644318505975839,94.58785714285717,10935975.35,0.5510690410372001,760918964.0,-0.009433313921733855,0.004020317024453369,-0.014337259418552907,0.010754950266659513,0.024652972649380933,-0.0013583414013342843,52.42949695105303,63.93755790613858,1,0,0.025995128880190288,HINDUNILVR.NS,IN,FMCG
2025-10-20,5476.09,5500.13,5475.94,5486.69,10738429,5485.1900000000005,5474.919,5435.2155,5298.32,5462.931402538315,5403.194127919207,49.972926819109475,50.387509405568004,59.737274619107666,62.45459233711408,-2.717317718006413,5435.2155,62.94088609040022,5561.0972721808,5309.3337278192,0.7044557329768273,0.04632080261795574,88.44500000000004,11008008.05,0.9755105533820395,771657393.0,0.001736294954702844,0.004408851238177499,0.0019356876895736772,0.01025223669262254,0.02058965773809507,-0.006648067045538997,55.44969512177493,58.95790989141162,1,1,0.02323258649568327,HINDUNILVR.NS,IN,FMCG
2025-10-21,5463.79,5567.95,5464.62,5510.54,4973315,5498.558,5478.820000000001,5445.3965,5306.9802,5470.255802147804,5411.145673999267,65.17729773792544,47.43492645593337,59.110128148537115,61.785699499398696,-2.6755713508615813,5445.3965,57.312870537194144,5560.022241074388,5330.7707589256115,0.7841573776911942,0.04210005316394032,83.3771428571429,10805223.25,0.4602694849206855,776630708.0,0.0043468830934498826,0.018751338344333072,0.008556331777025002,0.0071296328449264035,0.03836877134006156,0.012278413578999503,63.02400914614123,56.9677337396564,1,1,0.06346202005611068,HINDUNILVR.NS,IN,FMCG
2025-10-22,5497.95,5490.57,5466.34,5477.11,16069069,5496.1720000000005,5486.696,5452.603499999999,5315.8626,5471.3102941250645,5416.031920369693,57.928905354150096,58.165110709223285,55.27837375537183,60.484234350593326,-5.205860595221495,5452.603499999999,51.16420863262394,5554.931917265247,5350.275082734752,0.6197443518346273,0.037533782628877646,74.45928571428574,10836985.0,1.4827987228183186,760561639.0,-0.006066556090691733,0.004423865870868969,-0.0037905037332089876,0.014589643131697416,0.02702809128871886,-0.002173421946278453,34.64742052228564,51.040374930067266,1,1,0.07533535021206439,HINDUNILVR.NS,IN,FMCG
2025-10-23,5478.34,5585.45,5561.83,5572.33,13851980,5504.7699999999995,5499.396999999999,5458.3305,5327.252,5486.851787336593,5427.609555897866,62.1694506575295,66.36538688254016,59.242231438726776,60.235833768220026,-0.9936023294932497,5458.3305,57.760537017773906,5573.851574035548,5342.809425964452,0.9934143010301605,0.04232835444300291,79.1564285714286,10786263.0,1.2842240835195577,774413619.0,0.017385080818168808,0.004238801363163282,0.017156656943523516,0.02332461636781691,0.02098651652042305,0.007774888142165315,76.17199424326809,57.94780797056499,1,1,0.06779928683333547,HINDUNILVR.NS,IN,FMCG
2025-10-24,5552.63,5628.56,5612.36,5619.56,9252297,5533.246,5512.89,5469.836499999999,5338.0164,5507.268435438655,5441.828107312842,64.16582771107875,67.25707727620507,65.44032812581281,61.27673263973859,4.163595486074222,5469.836499999999,65.69090422299182,5601.218308445983,5338.454691554016,1.0698030106675258,0.04803866018516624,82.16857142857147,10958457.6,0.8443064246280039,783665916.0,0.008475808144887464,0.0028827879762824567,0.01205374750343319,0.024601477219065027,0.04269831373946098,0.025995128880190288,96.10220874795972,68.9738745045045,1,1,0.05059470848251468,HINDUNILVR.NS,IN,FMCG
2025-10-27,5583.61,5659.36,5578.0,5614.16,20616836,5558.74,5521.965,5479.945,5348.3064,5523.713291525015,5454.593432697079,61.31283808436048,81.90924338427105,69.11985882793579,62.845357877378035,6.274500950557751,5479.945,71.60932852346585,5623.163657046932,5336.726342953068,0.9685667453055713,0.052270107472577175,83.24785714285716,11510935.0,1.7910651227667325,763049080.0,-0.0009609293254276841,0.01449192755460927,0.005471370672377675,0.016430067657479785,0.03735594485577387,0.02323258649568327,82.72831486403243,85.00083928508676,1,1,0.05897587528677484,HINDUNILVR.NS,IN,FMCG
2025-10-28,5607.13,5929.33,5804.99,5860.25,89553208,5628.682,5563.62,5498.603499999999,5361.555,5575.488169751936,5484.6420673121165,78.75015560811646,91.39444173573852,90.84610243981933,68.4455067898663,22.400595649953033,5498.603499999999,111.22481147256654,5721.053122945133,5276.153877054866,1.3128728096066207,0.08091131609874867,100.48357142857147,15607549.6,5.737813081317193,852602288.0,0.043833805947817606,0.02121752484961886,0.04514252389367729,0.07651964656391796,0.06800884988008193,0.06346202005611068,86.93423615954508,88.58825325717908,1,1,0.018021415468623347,HINDUNILVR.NS,IN,FMCG
2025-10-29,5869.29,5891.08,5888.65,5889.73,8354924,5711.206,5603.689,5526.5,5374.6694,5623.833066713177,5514.648580844558,78.277191687558,91.50049250300958,109.18448586861905,76.59330260561686,32.59118326300219,5526.5,134.68099780007475,5795.861995600149,5257.138004399851,1.1742413665103986,0.09748013954586107,97.09571428571437,15449415.0,0.5407922215312216,860957212.0,0.005030502111684543,0.00041258258018616787,0.0034825336625036616,0.07299819276230446,0.1046419595633743,0.07533535021206439,92.51007168373486,87.3908742357708,0,1,-0.0016129771653369263,HINDUNILVR.NS,IN,FMCG
2025-10-30,5885.75,5957.97,5943.85,5950.13,4670779,5786.7660000000005,5645.768,5554.6455000000005,5390.4336,5674.032594911149,5546.9064637449665,78.84496220101619,98.88388243561644,127.12613116618286,86.69986831773006,40.426262848452794,5554.6455000000005,160.40418148097532,5875.453862961951,5233.83713703805,1.1163874537862184,0.11550993234829933,96.07928571428582,15415244.75,0.3029973751796983,865627991.0,0.010255139030142413,0.002373057395384221,0.010938283141483951,0.07610130684674843,0.10448988532118597,0.06779928683333547,98.5933435003165,92.67921711453215,0,1,-0.034713527267471456,HINDUNILVR.NS,IN,FMCG
2025-10-31,5939.79,5934.23,5879.61,5903.88,15914058,5843.63,5688.438,5578.8945,5403.7108,5709.3937341555875,5573.34894791201,73.35977504082908,88.12234103713915,136.04478624357762,96.56885190289958,39.47593434067804,5578.8945,174.813907446123,5928.522314892246,5229.266685107755,0.9647592184551945,0.1253394610319958,95.48428571428589,15623215.05,1.018616010242014,849713933.0,-0.007772939414769087,0.009251543053041498,-0.0060456682812008175,0.07790505333036335,0.0894978685711123,0.05059470848251468,90.29514667607373,93.79952062004169,0,0,-0.01900275750862157,HINDUNILVR.NS,IN,FMCG
2025-11-03,5919.71,5966.62,5928.18,5945.26,9726572,5909.85,5734.295,5604.607,5418.565599999999,5745.680851977804,5600.897914733346,82.31534456986748,87.96037296037285,144.78293724445848,106.21166897121138,38.5712682732471,5604.607,189.14897270336832,5982.904945406736,5226.309054593264,0.9502443168608656,0.13499535129106063,91.19500000000016,15795920.25,0.6157647816837527,859440505.0,0.007008950046410112,0.006465654992379329,0.004316089808452756,0.08357862390621684,0.09468772843356943,0.05897587528677484,95.85556568793376,94.914685288108,0,0,-0.01707242408237819,HINDUNILVR.NS,IN,FMCG
2025-11-04,5958.0,5967.92,5964.21,5965.86,7768185,5930.972,5779.826999999999,5629.3235,5433.767999999999,5779.554567058142,5627.93214327162,81.73299614002389,89.58802341287708,151.62242378652263,115.29381993427364,36.32860385224899,5629.3235,202.65935617435167,6034.642212348704,5224.004787651297,0.9151504602994439,0.14400263631984594,87.53571428571442,15804933.8,0.491503767544805,867208690.0,0.0034649451832216016,0.0006218717837829608,0.001319234642497206,0.08262711095464326,0.09034584476371332,0.018021415468623347,99.60130832781816,95.2506735639419,0,0,-0.015920588146553838,HINDUNILVR.NS,IN,FMCG
2025-11-05,5953.85,5885.63,5875.91,5880.23,10127380,5929.072,5820.139,5653.4175,5446.4542,5795.043095203043,5646.62087339965,72.02339856646115,53.52082892789166,148.42222180339286,121.91950030809748,26.502721495295376,5653.4175,202.39882145161505,6058.215142903229,5248.61985709677,0.7801554109511469,0.14320458126545865,81.40785714285721,15823069.2,0.6400388718492824,857081310.0,-0.014353337155079138,0.001652996566460598,-0.01236510829127177,0.07360085884709267,0.08926431224355569,-0.0016129771653369263,82.57699185360099,92.6779552897843,1,0,0.00241147029963118,HINDUNILVR.NS,IN,FMCG
2025-11-06,5908.23,5764.34,5726.97,5743.58,10861160,5887.762,5837.264,5668.3305,5455.9862,5787.125695941037,5653.803030925603,65.11712366079533,31.306438822235336,133.3226650154338,124.20013324956476,9.122531765869056,5668.3305,197.17973781553403,6062.689975631068,5273.971024368932,0.5954072421855563,0.13914484190044954,87.93000000000004,15824500.65,0.6863508399962788,846220150.0,-0.023238886914287327,0.006506394966204594,-0.027867906293419818,0.030732207173659765,0.05477364048393851,-0.034713527267471456,55.42618716460276,79.20149578200731,1,1,0.037010018141995005,HINDUNILVR.NS,IN,FMCG
2025-11-07,5734.51,5840.11,5752.96,5791.69,17889877,5865.3240000000005,5854.477,5683.6835,5464.8582,5787.827896565493,5664.016880486671,66.58113338842254,29.076646769848267,123.81101607882192,124.1223098154162,-0.31129373659427984,5683.6835,194.0529677358942,6071.789435471788,5295.577564528212,0.639145643145171,0.1365684544087368,93.09714285714283,14952665.7,1.1964338775771683,864110027.0,0.008376308852666714,0.015047421391680941,0.00997120939713932,0.030630511997380427,0.05598554505955722,-0.01900275750862157,64.98509835075497,67.66275912298623,1,1,0.029064055569272718,HINDUNILVR.NS,IN,FMCG
2025-11-10,5779.42,5848.41,5840.04,5843.76,24329978,5845.023999999999,5877.437,5699.700999999999,5475.9295999999995,5796.432835555417,5677.331185635808,67.57600692026921,42.180834460514,119.10164991960937,123.11817783625483,-4.016527916645458,5699.700999999999,193.34727637895662,6086.395552757913,5313.006447242085,0.6862697560282179,0.13568941695637926,89.76785714285714,15656018.5,1.5540334502010553,888440005.0,0.008990467376534417,0.0014322970142508346,0.0111326050018841,0.04089659005087154,0.05799859144984709,-0.01707242408237819,75.2462219385238,65.21916915129384,1,1,0.01647227127739681,HINDUNILVR.NS,IN,FMCG
2025-11-11,5869.03,5928.37,5824.89,5870.88,8573515,5826.028,5878.5,5721.0599999999995,5488.839,5807.886245469968,5691.6681348479715,70.90895574694943,39.9535361175644,116.21811062199686,121.73816439340325,-5.5200537714063955,5721.0599999999995,187.07187146853363,6095.203742937067,5346.916257062932,0.7002171662997728,0.13079525225640065,94.00214285714284,15147307.1,0.5660091511573598,897013520.0,0.00464084767341566,0.0176259777069165,0.0003152139280255934,0.001813915788575482,0.07847236254753209,-0.015920588146553838,76.10381935020293,72.11171321316057,1,1,0.007859128444117403,HINDUNILVR.NS,IN,FMCG
2025-11-12,5831.76,5906.64,5884.62,5894.41,15745419,5828.864,5878.968,5741.3285000000005,5503.7396,5821.197592320743,5706.686050785161,68.5116214911373,40.42507571493663,114.51154153558218,120.29283982183905,-5.78129828625687,5741.3285000000005,182.5149621920079,6106.358424384016,5376.298575615985,0.7096834941102613,0.12715869659224405,88.81785714285714,15578102.0,1.0107404605040806,912758939.0,0.0040079170413975795,0.0037357428478841308,0.010742897512927296,0.0007946034877659436,0.07385080086864004,0.00241147029963118,81.14741485412092,77.4991520476159,0,1,-0.014661348633705495,HINDUNILVR.NS,IN,FMCG
2025-11-13,5952.8,5973.8,5942.03,5956.15,9673608,5871.378,5879.57,5762.669,5518.5978000000005,5841.959501194475,5725.164861838113,69.02820962179882,60.86993872057732,116.79463935636159,119.59319972874357,-2.798560372381985,5762.669,181.3724477102951,6125.41389542059,5399.92410457941,0.7666901759911722,0.12589475308074338,90.47214285714283,15735853.35,0.6147494622686311,922432547.0,0.010474330764232542,0.005333982522266079,0.0005627603816689442,0.0010117426005817887,0.07719004438142707,0.037010018141995005,95.54067710940981,84.26397043791123,0,0,-0.015555350352156938,HINDUNILVR.NS,IN,FMCG
2025-11-14,5944.17,5979.19,5944.68,5960.02,9393882,5905.044,5885.183999999999,5786.811,5533.7248,5860.122654856863,5742.561538738995,69.58614597018986,100.0,117.56111611786764,119.18678300656838,-1.625666888700735,5786.811,173.3281123036292,6133.467224607258,5440.154775392742,0.74982819823225,0.11980907087070863,87.12571428571424,15904223.55,0.5906532550812105,931826429.0,0.0006497485791998603,0.005790249026008891,0.002666478246752313,0.009509000860451255,0.08815485340996654,0.029064055569272718,92.39949250617587,89.69586148990221,0,0,-0.02785561122278124,HINDUNILVR.NS,IN,FMCG
2025-11-17,5975.39,5960.83,5923.36,5940.02,10279482,5924.296,5884.66,5809.4775,5548.6968,5872.414554109654,5757.188091424997,56.07234748717328,89.38034301492067,115.22646268465724,118.39471894218616,-3.168256257528924,5809.4775,161.23455199361445,6131.946603987229,5487.008396012771,0.7024108641497453,0.11101483876550795,67.28999999999996,15881276.2,0.6472704852730611,921546947.0,-0.0033556934372703795,0.00630805956882198,-0.005919278908990705,-0.0008813744058291384,0.08262358544040227,0.01647227127739681,84.46990722351758,90.80335894636777,0,0,-0.029754108572025095,HINDUNILVR.NS,IN,FMCG
2025-11-18,5980.34,5924.07,5911.38,5917.02,22147026,5933.523999999999,5879.776,5829.8015,5563.334599999999,5879.276930400477,5769.027492060183,52.0981010225264,73.00012558081129,110.24943834029364,116.76566282180765,-6.516224481514016,5829.8015,146.51665887950452,6122.834817759009,5536.76818224099,0.6488201080108587,0.1005294323516706,67.13357142857141,16739961.75,1.3230033023819006,899399921.0,-0.0038720408348793534,0.0021446606568842853,-0.010588026767707039,-0.008186581649585967,0.07376409571475762,0.007859128444117403,75.35088414846054,84.07342795938467,0,0,-0.003571054348303737,HINDUNILVR.NS,IN,FMCG
2025-11-19,5899.49,5816.57,5801.12,5807.99,5916188,5916.24,5872.552,5846.3455,5576.7364,5868.309710338865,5771.913603759429,39.83232710521044,36.961479454326806,96.39610657943649,112.69175157333342,-16.29564499389693,5846.3455,121.06672016420657,6088.478940328414,5604.212059671587,0.4207967723326474,0.08283240883672446,70.53785714285712,16232317.7,0.36446967986157147,893483733.0,-0.01842650523405376,0.002660128547052794,-0.015509815255214348,-0.012285233740856993,0.060411421351771244,-0.014661348633705495,32.122749980048575,63.981180450675566,1,0,0.023137092178189045,HINDUNILVR.NS,IN,FMCG
2025-11-20,5820.55,5923.79,5815.27,5863.5,5027192,5897.710000000001,5884.544,5860.904,5590.0512,5867.569754902117,5778.697781258731,47.149271433412395,44.341936664836226,88.8719736433859,107.92779598734391,-19.055822343958013,5860.904,102.45837359631702,6065.820747192634,5655.9872528073665,0.5063342797381339,0.06992666905740101,73.77214285714282,15791078.3,0.3183564533172853,898510925.0,0.009557523342843322,0.01850771723373088,0.007379027755107753,0.020878963991099564,0.05225282781170537,-0.015555350352156938,54.13131393206677,53.86831602019197,1,1,0.015163298371279943,HINDUNILVR.NS,IN,FMCG
2025-11-21,5883.34,5824.77,5769.39,5794.0,13999930,5864.506,5884.775,5869.626,5602.1764,5856.251331071023,5779.83127894327,39.72920853930142,21.13844291766071,76.42005212775257,101.62624721542565,-25.20619508767308,5869.626,87.10683134732245,6043.839662694645,5695.412337305355,0.2829504333054591,0.059361077756782184,76.0128571428571,16028459.95,0.8734419382916487,884510995.0,-0.011852988829197608,0.00955816361753375,-0.015185251914726151,0.00039884731399641993,0.031041576208813426,-0.02785561122278124,26.576005074829183,37.61002299564818,1,1,0.021308249913703836,HINDUNILVR.NS,IN,FMCG
2025-11-24,5835.98,5837.75,5703.71,5763.28,20173641,5829.158,5876.727,5877.082,5612.471,5841.948049367788,5778.605258280806,36.43098274568645,18.036781907980256,63.34279108698229,93.96955598973699,-30.6267649027547,5877.082,68.47940801516688,6014.040816030334,5740.123183969667,0.0845393407355385,0.0466077608004484,83.9685714285714,16006300.2,1.2603562027184645,864337354.0,-0.0053020365895755095,0.023257589428238207,-0.012457205130927,-0.013771955042643835,0.02656140900864945,-0.029754108572025095,21.62407434288644,34.11046444992747,1,1,0.03307665079607447,HINDUNILVR.NS,IN,FMCG
2025-11-25,5747.42,5955.53,5848.17,5895.89,15369360,5824.932,5879.228,5878.864,5623.2214,5850.246811003514,5787.293016926673,50.98681723086234,44.75105264409925,62.953794076841405,87.76640360715788,-24.81260953031648,5878.864,68.48206498978831,6015.828129979576,5741.899870020423,0.5621549598496242,0.04659544088094346,91.27571428571426,12297107.8,1.2498352458262383,879706714.0,0.023009466831387826,0.018209294949529494,0.025832460477914335,0.004260008721009401,0.006081651806663535,-0.003571054348303737,69.76187018996043,39.320649869225356,1,1,0.026713524166834812,HINDUNILVR.NS,IN,FMCG
2025-11-26,5854.74,5953.39,5933.56,5942.37,8663239,5851.808,5884.023999999999,5881.496000000001,5636.3102,5864.419609310667,5798.780200858031,64.1328612663339,52.85569449138216,65.63940845263551,83.34100457625341,-17.701596123617904,5881.496000000001,69.9181720524809,6021.332344104962,5741.65965589504,0.717661582862854,0.04755128426677077,84.43571428571431,12312523.55,0.7036119168590814,888369953.0,0.007883457798568028,0.003337052388187977,0.014967359780278055,0.008136522569688998,0.008937591366667164,0.023137092178189045,86.6342384198976,59.34006098424817,1,1,0.04065717886971032,HINDUNILVR.NS,IN,FMCG
2025-11-27,5958.39,5953.27,5951.71,5952.41,8857194,5869.589999999999,5883.65,5881.61,5651.0344,5877.956592493641,5810.160185979658,62.08021406451999,70.93893174041638,67.79640651398313,80.23208496379937,-12.435678449816237,5881.61,70.03772457155013,6021.6854491430995,5741.5345508569,0.7527209458629642,0.047631668588388555,78.3192857142858,12521844.3,0.7073393567639746,897227147.0,0.0016895615722345436,0.00026207872105586444,-0.0010036268186539431,-0.0006279223995365735,0.00038318490520361514,0.015163298371279943,90.27878611844687,82.22496490943497,1,1,0.03313279831194427,HINDUNILVR.NS,IN,FMCG
2025-11-28,5934.78,5918.64,5916.51,5917.46,6794759,5894.282,5879.394,5882.289,5662.475600000001,5884.034039802312,5818.108320351536,55.68585094892761,58.31945729263028,65.92571945077543,77.37081186119458,-11.44509241041915,5882.289,70.3302073230819,6022.949414646164,5741.628585353836,0.6250209594783617,0.047825060838098975,76.8321428571429,12065879.35,0.5631382711332787,890432388.0,-0.005871571346731774,0.00035995173604887046,-0.002918389561196336,-0.007140915634511358,0.002300182253026861,0.021308249913703836,77.59183969770017,84.83495474534821,1,1,0.04009828541299809,HINDUNILVR.NS,IN,FMCG
2025-12-01,5930.25,6000.16,5916.91,5953.91,30340101,5932.408,5880.783,5882.721500000001,5674.0338,5894.784187525033,5828.167704029201,56.31474073285366,77.45236051502144,66.61648349583265,75.2199461881222,-8.60346269228954,5882.721500000001,70.7630973017664,6024.247694603533,5741.195305396468,0.7515029115234577,0.0481158914640132,75.38714285714293,13096555.8,2.316647151104632,920772489.0,0.006159737454921599,0.013982408198979496,0.003989713755743158,0.0023383759650639213,0.0014549405745081234,0.03307665079607447,84.39871816466723,84.0897813269381,1,1,0.02765073707865917,HINDUNILVR.NS,IN,FMCG
2025-12-02,5938.31,6087.38,6026.2,6053.39,6534130,5963.908,5894.42,5887.098,5688.963200000001,5919.185081751952,5844.850837064075,60.838855709182155,90.29193633510185,74.33424468787689,75.04280588807313,-0.7085612001962431,5887.098,78.46338553412089,6044.0247710682415,5730.171228931758,1.0298394877654635,0.05331209742668286,82.36642857142864,13034853.05,0.5012814086706249,927306619.0,0.01670834795957621,0.01010673358233819,0.019379250999018327,0.02304707437189668,0.014671815966180946,0.026713524166834812,91.14082414551277,84.37712733596005,1,1,0.012303849578500614,HINDUNILVR.NS,IN,FMCG
2025-12-03,6052.94,6230.36,6146.85,6183.97,9492030,6012.228,5932.018,5902.285000000001,5705.9832,5959.921223020882,5869.97077505933,64.19934681259505,90.2368847421644,89.95044796155253,78.02433430276902,11.926113658783507,5902.285000000001,102.71228853351398,6107.7095770670285,5696.860422932973,1.185616599582686,0.06960849131039686,89.33642857142857,13003085.55,0.7299828362674399,936798649.0,0.02157138396832181,0.013504269910750828,0.021647331709876358,0.06473495994311285,0.05165444208814973,0.04065717886971032,91.19149340151688,88.9103452372323,1,0,0.01995966992077891,HINDUNILVR.NS,IN,FMCG
2025-12-04,6167.42,6154.54,6145.71,6149.63,14126816,6051.6720000000005,5960.630999999999,5922.5875,5719.82,5989.107188709977,5890.686273203084,61.38538952070995,79.96472357159382,98.42091550689292,82.1036505435938,16.317264963299124,5922.5875,109.5913250444682,6141.770150088936,5703.404849911063,1.0179299089295089,0.07401584192344968,89.60428571428578,13166368.35,1.072946962406155,922671833.0,-0.00555306704269265,0.0014358587427208613,-0.0028845124865822464,0.048798499189903755,0.07069632528840897,0.03313279831194427,84.67103389331695,89.00111714678219,1,0,0.030831123173264086,HINDUNILVR.NS,IN,FMCG
2025-12-05,6135.01,6173.1,6140.06,6154.74,5661693,6099.128,5996.705,5940.74,5735.126,6014.589159677673,5910.245808521375,63.127904133039806,79.67498753336658,104.34335115629801,86.55159066613466,17.791760490163355,5940.74,116.61120163762413,6173.962403275248,5707.5175967247515,0.9587895437868358,0.07851628021936966,89.28785714285719,12554959.15,0.45095268581955633,928333526.0,0.0008309443007139539,0.005368220266005484,0.0032159686781270684,0.062260959613393174,0.06268463954389825,0.04009828541299809,85.64131776305774,87.16794835263052,1,1,0.039936699194442093,HINDUNILVR.NS,IN,FMCG
2025-12-08,6201.73,6148.44,6094.61,6118.54,7057621,6132.054,6032.231000000001,5954.479,5749.2570000000005,6030.581596650339,5925.675007890162,62.125150421179264,79.38391395838204,104.90658876017642,90.22259028494302,14.683998475233395,5954.479,120.69923293264331,6195.8774658652865,5713.080534134714,0.8398136757230161,0.08108130564076071,91.53714285714288,11691341.3,0.6036621646087635,921275905.0,-0.0058816456909633885,0.00879785046759376,-0.01341399899705182,0.06164198164933854,0.047021096006680585,0.02765073707865917,78.76768252144926,83.02667805927466,1,1,0.049214355058559756,HINDUNILVR.NS,IN,FMCG
2025-12-09,6138.8,6202.52,6068.16,6127.87,9020741,6146.95,6055.429,5967.3285000000005,5762.0728,6045.549043319517,5940.652414713114,71.87064132367018,77.60919248349417,104.89662860640328,93.15739794923509,11.739230657168193,5967.3285000000005,124.9360351824381,6217.2005703648765,5717.456429635125,0.8212473882430061,0.08374671190460993,92.85571428571431,11713702.6,0.7701015245084398,930296646.0,0.001524873580952324,0.021926052608814913,-0.0017804782693683634,0.03934605292839577,0.04377367617801764,0.012303849578500614,80.53925757128924,81.64941928526542,1,1,0.043486562214929636,HINDUNILVR.NS,IN,FMCG
2025-12-10,6135.97,6311.9,6303.8,6307.4,8196799,6171.636,6091.932,5987.978,5781.5848,6085.833805885746,5967.818902512143,75.9493522892017,82.1458401883115,118.01490337360337,98.12889903410876,19.88600433949462,5987.978,144.80017543607428,6277.578350872149,5698.377649127851,1.0514875914980588,0.09672725947627074,97.72928571428572,11336271.6,0.7230594472472371,938493445.0,0.029297292533947417,0.0012842058534416987,0.027938532945886538,0.06142835266063873,0.0700646884081697,0.01995966992077891,99.26009963975194,86.18901324416349,1,1,0.009195548086374794,HINDUNILVR.NS,IN,FMCG
2025-12-11,6257.75,6341.32,6337.55,6339.23,8144434,6209.556,6130.614,6007.132,5800.625,6124.817835749476,5995.330835659392,83.34128294502537,76.19626105149486,129.48700009008462,104.40051924530393,25.086480844780695,6007.132,164.38116118852017,6335.89432237704,5678.369677622959,1.0050730837977973,0.10945733250975204,93.43000000000004,11259812.9,0.7233187042283177,946637879.0,0.00504645337222942,0.0005947094520941711,0.013020654388556036,0.0649854428710388,0.06431671465627953,0.030831123173264086,99.67221342184143,93.15719021096088,0,1,-0.0008549934298013318,HINDUNILVR.NS,IN,FMCG
2025-12-12,6373.49,6414.84,6389.11,6400.54,3800808,6258.715999999999,6178.922,6029.158,5820.2578,6167.2366302495575,6025.346329314251,87.56366122795438,88.80331570319511,141.8903009353062,111.89847558330439,29.991825352001797,6029.158,185.8479255679135,6400.853851135827,5657.462148864173,0.9995778118912708,0.12329942294952807,89.25642857142864,10980159.2,0.3461523266299885,950438687.0,0.009671521620133738,0.004019973314751013,0.0042441425341525505,0.08163637777019184,0.07391250364931645,0.039936699194442093,97.47648543226659,98.80293283128667,1,0,0.0031028631959177932,HINDUNILVR.NS,IN,FMCG
2025-12-15,6376.24,6432.23,6409.6,6419.66,14592406,6318.94,6225.497,6053.139999999999,5840.0308,6206.0709948265485,6054.554749365047,85.64273562436205,89.26835052768888,151.51624546150106,119.82202955894373,31.694215902557332,6053.139999999999,203.81791148499968,6460.775822969998,5645.50417703,0.9495679468607765,0.1346857409443468,77.78785714285719,11195805.4,1.3033814160987993,965031093.0,0.002987247950954064,0.003525108806384711,0.0068096558473321675,0.07822590532943896,0.08074720287137072,0.049214355058559756,97.56263088478723,98.23710991296508,1,0,0.0034550116361302674,HINDUNILVR.NS,IN,FMCG
2025-12-16,6392.84,6412.39,6379.91,6394.35,13206104,6372.236,6259.593,6077.0065,5858.4872,6235.036995622464,6079.7247679306,81.66988985117304,92.24642342921926,155.31222769186388,126.92006918552777,28.392158506336116,6077.0065,214.69641884776402,6506.399337695529,5647.613662304472,0.8695258422360445,0.1413172217918337,76.52000000000005,10748759.3,1.2286164758925733,951824989.0,-0.003942576398126896,0.005079484232172995,0.00023620175070860242,0.05632546391360882,0.08067067544135398,0.043486562214929636,92.65492903107776,95.89801511604385,1,1,0.02152994440404421,HINDUNILVR.NS,IN,FMCG
2025-12-17,6405.22,6409.19,6330.38,6365.4,19058998,6383.835999999999,6277.736,6104.8769999999995,5877.828200000001,6255.092842449777,6100.885896232036,78.19082854373437,84.32018494437214,154.20694621774055,132.37744459197035,21.829501625770206,6104.8769999999995,214.11533183630326,6533.107663672606,5676.646336327393,0.8041853632863302,0.1402913322160417,81.37071428571426,11405899.8,1.6709770086725635,932765991.0,-0.004527434375659833,0.012380997266469839,-0.006216804418894963,0.029338758111698393,0.09597296138595279,0.009195548086374794,87.04141782345644,92.41965924644047,1,1,0.03141672165142806,HINDUNILVR.NS,IN,FMCG
2025-12-18,6358.9,6336.15,6331.94,6333.81,11358233,6382.7519999999995,6296.1539999999995,6128.3925,5895.598000000001,6267.20317438058,6118.139533548182,78.55115000068581,56.66548886982,149.06364083239805,135.7146838400559,13.348956992342153,6128.3925,212.0265647178543,6552.445629435709,5704.339370564291,0.7422072680758295,0.13838967704357694,81.19642857142857,11722451.85,0.9689297236115563,921407758.0,-0.004962767461589079,0.000664686815676405,-0.00394565097736956,0.029949769335716248,0.08020977232028659,-0.0008549934298013318,80.90118761142432,86.86584482198617,1,1,0.021844671690498974,HINDUNILVR.NS,IN,FMCG
2025-12-19,6355.54,6452.82,6394.46,6420.4,8715700,6386.724,6322.719999999999,6159.7125,5914.3134,6290.7719167835685,6140.5291977297975,79.93121767808337,66.04974888282524,150.242719053771,138.6202908827989,11.622428170972086,6159.7125,206.21669833544095,6572.1458966708815,5747.279103329118,0.8160358764632368,0.13391319697820794,83.75071428571424,11458240.35,0.7606490153046044,930123458.0,0.01367107633478093,0.009089776337921403,0.01020526973317601,0.04316348050445673,0.10811183983431127,0.0031028631959177932,92.40073132977263,86.78111225488446,1,1,0.0201233568001995,HINDUNILVR.NS,IN,FMCG
2025-12-22,6451.34,6458.28,6428.68,6441.84,10089991,6391.160000000001,6355.05,6193.6404999999995,5932.682000000001,6314.013160355326,6162.8485164164795,77.69775965089917,59.694835680751254,151.1646439388469,141.1291614940085,10.03548244483838,6193.6404999999995,192.9543472451225,6579.549194490244,5807.731805509755,0.8215780099578105,0.12461449594634444,76.92285714285708,10954057.85,0.9211189330062801,940213449.0,0.0033393558033767423,0.004594960446082929,-0.0014725622893846126,0.05283940286408195,0.11773851001513025,0.0034550116361302674,95.78591202682317,89.6959436560067,1,1,0.018334823590775207,HINDUNILVR.NS,IN,FMCG
2025-12-23,6450.9,6580.27,6493.43,6532.02,15642725,6418.694,6395.465,6225.447,5954.448400000001,6347.552674146815,6190.194552237482,76.33430685652897,69.77751179328325,157.35812190933302,144.37495357707343,12.983168332259595,6225.447,193.71825433916246,6612.883508678325,5838.0104913216755,0.8956428900375544,0.12446865540041134,74.17,10967726.1,1.4262503850957415,955856174.0,0.013999105845534876,0.013294509202358052,0.012574989536341941,0.06595276988578425,0.10789380398888038,0.02152994440404421,90.57819609050678,92.9216131490342,1,1,0.008877805028153496,HINDUNILVR.NS,IN,FMCG
2025-12-24,6529.14,6582.47,6551.7,6565.38,14703600,6458.6900000000005,6421.263,6256.597500000001,5975.975199999999,6381.06457043192,6217.986066886558,81.50337197848003,79.27493067679983,163.07850354536276,148.1156635707313,14.962839974631464,6256.597500000001,195.88171279936395,6648.3609255987285,5864.834074401273,0.8940930671708268,0.12523210118556133,75.04071428571426,11269744.15,1.3046967614879916,970559774.0,0.005107149090174179,0.0046867051107469405,0.005550501291133936,0.04090116371246477,0.10484200748186323,0.03141672165142806,96.6771013589145,94.34706982541483,1,0,0.010707681809735359,HINDUNILVR.NS,IN,FMCG
2025-12-25,6589.8,6510.43,6441.56,6472.17,14461389,6486.362,6434.557,6282.5855,5994.831800000001,6395.080790365471,6236.814506376442,71.22000133698782,64.98021718999925,158.26628398902903,150.14578765439086,8.120496334638176,6282.5855,187.70879006631506,6658.00308013263,5907.16791986737,0.7524981647533258,0.11951053595134369,81.52499999999996,11549953.9,1.2520732007360478,956098385.0,-0.014197198029664682,0.010640944227359487,-0.017850314121821944,0.020971001209926232,0.08731925388204109,0.021844671690498974,78.55379051529513,88.60302932157214,1,1,0.027286057072048564,HINDUNILVR.NS,IN,FMCG
2025-12-26,6482.51,6581.57,6524.02,6549.6,10087829,6512.202,6449.463000000001,6314.192499999999,6016.2802,6418.852976463091,6259.9838022004105,77.31062621962042,76.8255388975908,158.86917426268064,151.89046497604883,6.978709286631812,6314.192499999999,175.83743553500892,6665.867371070017,5962.517628929982,0.8346947981851928,0.11139187507189936,85.04428571428564,11714607.4,0.861132413098845,966186214.0,0.011963530006164902,0.00878679614022085,0.010349386271674057,0.02328866001931096,0.10682623963660087,0.0201233568001995,93.60891291226382,89.61326826215782,1,1,0.006198851838280062,HINDUNILVR.NS,IN,FMCG
2025-12-29,6542.19,6608.07,6521.45,6559.95,28352657,6535.824,6463.492,6344.4945,6037.745400000001,6440.560210853385,6282.203520555935,77.33991394583653,71.40534405006596,158.35669029744986,153.18371004032906,5.172980257120798,6344.4945,162.1705268658566,6668.835553731713,6020.153446268287,0.8321434297635774,0.1022433083460509,81.6342857142856,11615235.2,2.4409884148546204,994538871.0,0.0015802491755221304,0.01320436893573681,0.002714687283615655,0.021853182255758163,0.10178857255148288,0.018334823590775207,84.18509876069221,85.44926739608373,0,1,-0.003852163507343742,HINDUNILVR.NS,IN,FMCG
2025-12-30,6564.29,6592.85,6587.75,6590.01,9701545,6547.4220000000005,6483.058,6371.3255,6059.3348,6463.55248610671,6305.004000514755,72.05375119004891,72.14202456738099,158.5484855919549,154.25666515065424,4.2918204413006436,6371.3255,155.73666969989034,6682.79883939978,6059.85216060022,0.8510485045374376,0.0977734819543379,70.83928571428565,11773605.95,0.8240078882538202,1004240416.0,0.004582351999634193,0.0007738986739017983,0.003918169367897569,0.030598888080883846,0.08864784856088903,0.008877805028153496,93.49634484463449,90.43011883919685,1,1,0.00011684352527541186,HINDUNILVR.NS,IN,FMCG
2025-12-31,6615.81,6677.88,6601.93,6635.68,16253876,6561.482000000001,6510.086,6393.911,6082.5062,6490.033642090293,6329.498518995144,72.64463693722604,67.86748483177053,160.53512309514917,155.51235673955324,5.022766355595934,6393.911,159.83600437225184,6713.583008744504,6074.238991255496,0.8781516576140934,0.09999263635182089,74.69285714285706,12111698.25,1.341997985955604,1020494292.0,0.006930186752372114,0.011445699611793873,0.003003411524816596,0.04246080372011196,0.07304530908138296,0.010707681809735359,87.8561151076609,88.51251957099588,0,0,-0.029788959081812227,HINDUNILVR.NS,IN,FMCG
2026-01-01,6621.99,6700.56,6607.34,6648.77,22446120,6596.802000000001,6541.582,6418.868,6104.035,6514.454620230247,6353.148258328837,70.4692009565433,65.45346725473485,161.30636190141013,156.67115777192464,4.635204129485487,6418.868,158.64994294292032,6736.167885885841,6101.5681141141595,0.8622787309823562,0.09886474870204262,75.95071428571418,12527663.45,1.7917242347594968,1042940412.0,0.0019726689653509766,0.014020638403792916,0.004044101546513451,0.04972678372101469,0.0811658587589823,0.027286057072048564,86.00950888733588,89.1206562798771,0,0,-0.02491889477301823,HINDUNILVR.NS,IN,FMCG
2026-01-02,6642.68,6615.75,6569.77,6590.2,9942782,6604.9220000000005,6558.562,6440.641,6123.447799999999,6526.10775557944,6370.707646600776,63.20377825952307,75.0946124080451,155.40010897866432,156.4169480132726,-1.0168390346082674,6440.641,150.14660673734627,6740.934213474692,6140.347786525307,0.7490216116919596,0.09324948043980277,79.32999999999993,12741717.9,0.7803328638807123,1032997630.0,-0.008809148158230862,0.006977026493883734,-0.007900425731781836,0.026446950345772935,0.07075197327588167,0.006198851838280062,70.18747636266077,81.35103345255253,0,0,-0.026366422870322648,HINDUNILVR.NS,IN,FMCG
2026-01-05,6595.47,6546.9,6524.9,6534.68,3588890,6599.868,6567.8460000000005,6461.448,6141.8582,6527.426562413372,6382.85374685257,60.37928433011346,46.50192253587169,144.57281556080216,154.0481215227785,-9.475305961976346,6461.448,130.74115067568653,6722.930301351374,6199.965698648627,0.6400324221197531,0.08093613114315329,81.15499999999994,12568281.35,0.2855513506187264,1029408740.0,-0.008424630511972286,0.0033666529960145915,-0.009216932227724597,0.01441203134508151,0.06801295733949608,-0.003852163507343742,55.189367334661014,70.46211752821922,0,0,-0.02782997790251407,HINDUNILVR.NS,IN,FMCG
2026-01-06,6526.85,6627.44,6561.46,6590.78,8555025,6600.022,6573.722,6484.5935,6156.4688,6537.173245119007,6398.2556915301575,66.02622447238186,55.95150766379675,138.91755358884984,151.02200793599278,-12.104454347142934,6484.5935,107.48559802059431,6699.564696041189,6269.622303958811,0.7469784370062941,0.0663021347571457,82.1514285714285,12544995.55,0.6819471783752702,1037963765.0,0.008584965139838419,0.010010954697318003,0.009794924044522178,0.00899568586746513,0.07554174615323106,0.00011684352527541186,70.21865335556872,65.19849901763017,0,0,-0.03612622481709293,HINDUNILVR.NS,IN,FMCG
2026-01-07,6562.53,6483.54,6401.59,6438.01,8742545,6560.488,6560.985000000001,6491.124,6167.434400000001,6521.917361254545,6401.2004551205155,56.32020768129655,30.090118411400994,120.71690613402916,144.96098757560006,-24.2440814415709,6491.124,99.84974482218442,6690.823489644368,6291.424510355631,0.367015183426473,0.061530018420334495,93.27499999999989,12572282.85,0.6953824065943277,1029221220.0,-0.023179350547279598,0.01272908864695567,-0.018974389450407168,-0.019400247967368167,0.020707423026920857,-0.029788959081812227,14.227376674243011,46.545132454824255,0,0,-0.028970132074973565,HINDUNILVR.NS,IN,FMCG
2026-01-08,6436.25,6543.91,6434.43,6483.09,4324179,6527.352000000001,6562.077,6498.317000000001,6178.0936,6515.943921061537,6407.26634733381,54.00406218463782,29.98189594101744,108.67757372772758,137.70430480602556,-29.026731078297985,6498.317000000001,93.29845494858004,6684.913909897161,6311.720090102841,0.4591981453260612,0.057429303586492085,92.59428571428563,12381270.1,0.34925162086144773,1033545399.0,0.007002163712078735,0.016887009126818023,0.007277529617400328,0.0016872239140812706,0.02269360789875119,-0.02491889477301823,27.260260226687404,37.235430085499715,0,0,-0.04112236603224706,HINDUNILVR.NS,IN,FMCG
2026-01-09,6488.09,6417.37,6415.69,6416.44,5379725,6492.6,6548.761,6499.111999999999,6188.3448,6500.635625513609,6407.945877160935,48.46625766871163,23.276357864224963,92.68974835267363,128.70139351535516,-36.01164516268153,6499.111999999999,92.48564415486112,6684.083288309721,6314.140711690277,0.2765274796003813,0.0569220189803448,94.70285714285708,12460215.95,0.431752113272795,1028165674.0,-0.01028059150806182,0.00026182743078717,-0.011043311667993123,-0.02033101258092107,0.002484165398544347,-0.026366422870322648,4.967053550506663,15.484896817145698,0,0,-0.0239650024000847,HINDUNILVR.NS,IN,FMCG
2026-01-12,6414.3,6391.85,6321.61,6352.82,7987185,6456.228,6528.048000000001,6495.77,6196.496,6477.894760049976,6403.862478852719,38.82068173878321,23.009050802746984,74.03228119725736,117.7675710517356,-43.73528985447824,6495.77,96.62288134806755,6689.015762696135,6302.524237303865,0.13013419283891514,0.05949895476474851,91.58857142857134,12129954.9,0.6584677690378082,1020178489.0,-0.009915155444452095,0.011056507188931787,-0.009584833886782796,-0.0315749357845716,-0.010411766355227559,-0.02782997790251407,8.235915028346119,13.487742935180066,0,0,-0.02803007168470062,HINDUNILVR.NS,IN,FMCG
2026-01-13,6365.3,6416.23,6301.84,6352.68,9951661,6408.608,6504.3150000000005,6493.6865,6204.2324,6458.630950811519,6400.071184122889,36.157030172077164,26.324279321469376,58.55976668863059,105.9260101791146,-47.36624349048401,6493.6865,99.33610014678024,6692.35870029356,6295.0142997064395,0.14512775367718328,0.061189341460672515,96.15571428571418,11967232.75,0.8315757181562531,1010226828.0,-2.2037457381052228e-05,0.018006573603578553,-0.0019826245424407187,-0.03601360240728013,-0.006516690515846024,-0.03612622481709293,12.750802568186348,8.651257049013049,0,0,-0.015428134267742144,HINDUNILVR.NS,IN,FMCG
2026-01-14,6344.56,6348.95,6173.54,6251.5,7175322,6371.306,6465.897,6487.9915,6211.657799999999,6426.76465068667,6389.065911224897,35.78578514100202,10.497391952309968,37.698739461773584,92.28055603564641,-54.58181657387283,6487.9915,109.79257219029255,6707.576644380585,6268.406355619415,-0.03849612793039061,0.06768971395247701,100.10714285714279,11373048.95,0.630905696497007,1003051506.0,-0.015927136263750197,0.02805886587218616,-0.014667683811010648,-0.057896101077809736,-0.017893612341722376,-0.028970132074973565,14.792607491148733,11.926441695893738,0,0,-0.0034087818923459468,HINDUNILVR.NS,IN,FMCG
2026-01-15,6217.89,6230.05,6205.64,6216.49,13295620,6317.986,6422.669,6482.1255,6221.116000000001,6394.414704427183,6376.282510393424,27.30270778539399,14.463552361396282,18.132194033759333,77.45088363526901,-59.318689601509675,6482.1255,121.02342089448098,6724.1723417889625,6240.078658211038,-0.048727465387786044,0.07468131920275997,95.56857142857136,11469918.3,1.1591729333265666,989755886.0,-0.005600255938574827,0.003926653143493503,-0.0002251567653979598,-0.06501653689329012,-0.018522816440657452,-0.04112236603224706,8.149595840749551,11.897668633361548,0,1,-0.010232462370244222,HINDUNILVR.NS,IN,FMCG
2026-01-16,6228.46,6271.99,6255.22,6262.67,9536201,6287.232,6389.915999999999,6474.239,6230.5356,6374.146288361462,6367.8667688828,30.687074476378598,14.764371123473424,6.279519478662223,63.21661080394765,-56.93709132528543,6474.239,130.0593874836962,6734.357774967392,6214.120225032607,0.0933223197237221,0.08035501159822878,93.34571428571424,11510943.35,0.8284464514851034,999292087.0,0.007428629339064408,0.0026777716213686573,0.005492529453507695,-0.04969955388303837,-0.024567005171017287,-0.0239650024000847,16.912071648102714,13.284758326667003,0,0,-0.020060134096160254,HINDUNILVR.NS,IN,FMCG
2026-01-19,6256.71,6192.75,6160.34,6174.75,7781500,6251.618,6353.923,6460.8845,6237.155400000001,6343.469936305853,6353.56182303963,24.908761329305122,13.824277802724211,-10.091886733777756,48.55491129640257,-58.64679803018033,6460.8845,146.2641003000447,6753.41270060009,6168.35629939991,0.010928349107817259,0.09055360782259596,98.30499999999991,11395518.8,0.6828560817383688,991510587.0,-0.014038740664924054,0.005248795497792559,-0.013099536337785662,-0.05507997331162362,-0.04146175626839543,-0.02803007168470062,2.667431787044755,9.243033091965678,0,0,-0.0016939957083282886,HINDUNILVR.NS,IN,FMCG
2026-01-20,6178.85,6259.13,6251.1,6254.67,10974020,6232.0160000000005,6320.312,6447.017,6244.8312,6329.8084076434125,6346.236502814472,27.89324049898461,35.99257884972177,-16.428095171059795,35.5583100029101,-51.98640517396989,6447.017,152.1924963950256,6751.401992790051,6142.632007209949,0.18403994192175108,0.09442661397976887,98.0557142857142,11162083.55,0.9831514849078974,1002484607.0,0.012943034130936448,0.00128384071421809,0.012270891832620541,-0.05099699883777031,-0.04246006595203322,-0.015428134267742144,17.461404612903127,12.346969349350204,0,0,-0.027798429013840886,HINDUNILVR.NS,IN,FMCG
2026-01-21,6274.64,6260.98,6205.55,6230.19,19383619,6227.754,6299.53,6430.2575,6251.5468,6314.482498775195,6337.640465568956,26.030189889364777,33.65448770984011,-23.15796679376035,23.815054643576005,-46.97302143733636,6430.2575,156.85647052657743,6743.970441053155,6116.5445589468445,0.18112966693605093,0.0975739901716553,95.35642857142842,11396084.5,1.7009015069253386,983100988.0,-0.0039138755521874735,0.008896999930979711,-0.007084071755510059,-0.032280161105683325,-0.05105416594317469,-0.0034087818923459468,14.953971312320702,11.694269237422866,0,0,-0.04496813098797947,HINDUNILVR.NS,IN,FMCG
2026-01-22,6195.52,6155.6,6150.7,6152.88,19648867,6215.032,6266.509,6414.293,6255.481400000001,6289.620575886704,6323.95450515644,25.48324886756066,35.944358930505715,-34.33392926973647,12.185257860913508,-46.51918713064998,6414.293,168.204044200089,6750.7010884001775,6077.884911599822,0.11146445490759958,0.10489327144866172,95.3914285714284,11655458.4,1.6858080257222636,963452121.0,-0.012408931348803054,0.0007963750308798073,-0.006882392438406048,-0.05093404533949086,-0.04933275856474717,-0.010232462370244222,0.4572723077559507,10.957549410993265,0,0,-0.053596039578213794,HINDUNILVR.NS,IN,FMCG
2026-01-23,6166.55,6152.62,6124.57,6137.04,6329773,6189.906,6238.569,6393.665,6259.0217999999995,6266.146641134903,6310.108986255962,26.66979582257683,38.02201115633956,-43.962345121059116,0.9557372645189804,-44.918082385578096,6393.665,175.86034580404427,6745.385691608089,6041.944308391911,0.1351863764016414,0.11002162034076968,92.74928571428556,11467555.6,0.5519722483863738,957122348.0,-0.002574404181456491,0.004570607328613731,-0.004785495941814375,-0.04354439533448451,-0.06299010626603152,-0.020060134096160254,2.4797661423380712,5.9636699208049135,0,0,-0.05552513915503243,HINDUNILVR.NS,IN,FMCG
2026-01-26,6083.4,6211.51,6126.51,6164.29,10452833,6187.814,6219.715999999999,6373.882,6263.507200000001,6250.47638865261,6299.3075798666305,24.100321855832902,34.27027372729597,-48.83119121402069,-9.001648431188958,-39.82954278283174,6373.882,178.40598451728323,6730.693969034566,6017.070030965433,0.20629909001188595,0.11196064471683366,92.19499999999991,10572564.4,0.9886751800088179,967575181.0,0.00444025132637238,0.013789098176754534,0.013296840582566825,-0.02967658457189082,-0.060314484104299515,-0.0016939957083282886,9.472027471718777,4.136355307270938,0,0,-0.06109057166356546,HINDUNILVR.NS,IN,FMCG
2026-01-27,6161.74,6093.9,6070.32,6080.8,19905956,6153.039999999999,6192.528,6348.4214999999995,6266.7828,6224.372328859901,6283.121833209843,26.31453313352874,34.76272340977654,-58.74950434994207,-18.951219614939586,-39.79828473500248,6348.4214999999995,182.23267603101013,6712.88685206202,5983.956147937979,0.1328574191126521,0.11482077932662883,85.39357142857138,11082784.95,1.796114811727461,947669225.0,-0.01354413890326378,0.00387777923957309,-0.013135899924369815,-0.04279768538632511,-0.0772699889681503,-0.027798429013840886,2.2128845625917655,4.72155939221621,0,0,-0.04272957505591368,HINDUNILVR.NS,IN,FMCG
2026-01-28,6046.54,5987.66,5919.92,5950.03,6931762,6097.008,6162.380999999999,6314.139000000001,6269.6236,6182.165816727608,6258.448364083189,18.2611698580547,7.587570306844114,-76.28254735558039,-30.41748516306775,-45.86506219251264,6314.139000000001,189.68932514148875,6693.517650282978,5934.760349717024,0.02012455138364549,0.12016797548578419,89.06499999999998,10616679.25,0.6529123828515039,940737463.0,-0.02150539402710172,0.01138481654714151,-0.015961194335931666,-0.04822362632968091,-0.10332776746316885,-0.04496813098797947,6.052869635126979,5.912593889812512,1,0,0.0031831772276780246,HINDUNILVR.NS,IN,FMCG
2026-01-29,5981.76,5867.68,5787.45,5823.11,5928871,6031.053999999999,6123.043,6272.856,6268.8158,6126.926460307976,6226.201077854805,17.038320944857418,5.903635339486115,-99.27461754682827,-44.18891163981986,-55.08570590700841,6272.856,202.44617377934412,6677.748347558688,5867.963652441312,-0.05538960258412303,0.12909346159345073,95.86357142857138,9790816.8,0.605554216318886,934808592.0,-0.02133098488579055,0.013777860971196954,-0.0265222944417653,-0.06328008249027994,-0.12418236756573031,-0.053596039578213794,5.671299977725621,4.645684725148127,1,0,0.05023947684313024,HINDUNILVR.NS,IN,FMCG
2026-01-30,5852.24,5809.05,5786.06,5796.28,15817339,5962.902,6076.404,6233.160000000001,6268.8614,6076.057774106749,6194.355072087782,17.76446874565592,6.628557528581851,-118.2972979810329,-59.01058890806248,-59.28670907297042,6233.160000000001,214.4278351677747,6662.015670335551,5804.304329664451,-0.009355513077585495,0.13760457627767647,91.73642857142848,10084544.65,1.568473141871295,918991253.0,-0.004607503550508207,0.003966337029956423,-0.009562150561151025,-0.07447143151403479,-0.12046978847379441,-0.05552513915503243,1.6217845978042658,4.448651403552293,1,1,0.041845804550504795,HINDUNILVR.NS,IN,FMCG
2026-02-02,5810.81,5801.96,5776.31,5787.71,16587898,5887.586,6037.7,6195.8115,6269.35,6031.696578090326,6164.233214896095,17.59266694964839,6.747888963177573,-132.53663680576938,-73.71579848760386,-58.820838318165514,6195.8115,223.9854102926097,6643.782320585219,5747.84067941478,0.04449990797736635,0.1446044059233071,85.39785714285706,10734495.05,1.5452889379003496,902403355.0,-0.0014785345083397905,0.004431804634301857,-0.003975349391908595,-0.06268108020567631,-0.11430858129242749,-0.06109057166356546,1.9907795473560597,3.09462137429532,1,1,0.03399271905468648,HINDUNILVR.NS,IN,FMCG
2026-02-03,5815.71,5870.81,5781.1,5820.97,24190671,5835.62,5994.33,6157.321,6267.851599999999,5999.277104537968,6138.806310088977,23.21741835147749,8.115362092523966,-139.529205551009,-86.8784799002849,-52.6507256507241,6157.321,218.6195299673821,6594.5600599347645,5720.081940065235,0.11536945023816249,0.14202249969903907,79.00999999999989,11516277.35,2.100563243159193,926594026.0,0.005746659732433157,0.015411520760283013,0.0009044467485482106,-0.0693401890107711,-0.11680104631014832,-0.04272957505591368,9.009845061311696,4.207469735490679,1,1,0.0004294816843239957,HINDUNILVR.NS,IN,FMCG
2026-02-04,5849.7,6039.96,5912.18,5968.97,21912540,5839.408,5968.2080000000005,6133.869000000001,6268.3836,5994.614473070588,6126.225842674978,36.49998909178179,38.21229050279331,-131.61136960438944,-95.82505784110582,-35.78631176328362,6133.869000000001,211.98129723609065,6557.831594472182,5709.9064055278195,0.30552647550711465,0.13823659894663937,91.37642857142848,12174777.1,1.7998307500980244,948506566.0,0.02542531571198614,0.02140737849243309,0.020389079781865743,-0.041928095290833745,-0.07285481072567457,0.0031831772276780246,38.867817946984225,16.622814185217333,0,1,-0.019773930845690457,HINDUNILVR.NS,IN,FMCG
2026-02-05,5976.97,6127.15,6106.48,6115.66,4260106,5897.918,5964.486,6115.4974999999995,6271.6485999999995,6013.236861828959,6125.443187662017,42.7741459818137,66.89171272972038,-112.20632583305814,-99.1013114394963,-13.105014393561845,6115.4974999999995,195.39586778141862,6506.289235562836,5724.7057644371625,0.5002079112538884,0.12780374305206504,98.71071428571415,12171573.45,0.3500045140010625,952766672.0,0.024575429261664894,0.0033798478005639117,0.023204064935908392,-0.006049199724356802,-0.05667513485081965,0.05023947684313024,70.01671240210862,39.298125136801524,0,0,-0.04248928161473975,HINDUNILVR.NS,IN,FMCG
2026-02-06,6125.15,6078.25,6007.3,6038.83,5220182,5946.428,5954.665,6096.617,6274.076,6017.174267701427,6119.02739598335,43.245607060507275,74.50361215866243,-101.85312828192309,-99.65167480798166,-2.2014534739414273,6096.617,182.61166870827822,6461.840337416556,5731.393662583444,0.4208881332595238,0.11981180297745332,99.1414285714284,12163596.3,0.4291643229589654,947546490.0,-0.012562830503984879,0.011748964617316279,-0.014092716096746302,-0.016002828725248608,-0.0588503905592509,0.041845804550504795,54.16468937616488,54.34973990841925,0,0,-0.030265796520186794,HINDUNILVR.NS,IN,FMCG
2026-02-09,5997.83,6048.37,5933.31,5984.45,38089162,5985.776,5936.6810000000005,6078.1985,6274.6868,6012.139764978129,6109.058699984584,36.22198201138055,70.11523742329979,-96.91893500645438,-99.10512684767622,2.1861918412218415,6078.1985,173.7739071405588,6425.746314281118,5730.650685718882,0.3651286295753594,0.11435882335236691,101.33285714285694,13668695.15,2.7865980472468106,909457328.0,-0.009005055615077806,0.019226495333736646,-0.00223080680846204,-0.029174487248328718,-0.057985272682053,0.03399271905468648,42.94468401171319,55.708695263328906,0,0,-0.016519479651429858,HINDUNILVR.NS,IN,FMCG
2026-02-10,5978.27,5838.79,5811.22,5823.47,10443926,5986.276,5910.947999999999,6051.738,6270.0884,5983.113647289186,6087.903981467207,31.796046977943305,52.88321991808303,-104.79033417802111,-100.24216831374521,-4.5481658642759015,6051.738,170.02993527766512,6391.7978705553305,5711.67812944467,0.1643708655958223,0.11238420121798862,109.74714285714266,13693308.4,0.7627028423092521,899013402.0,-0.02689971509495437,0.004734290723571165,-0.025893778634951962,-0.04231844494145509,-0.08330499883513731,0.0004294816843239957,10.836397058798601,35.98192348222556,1,1,0.009142315492309594,HINDUNILVR.NS,IN,FMCG
2026-02-11,5851.7,5851.35,5850.6,5850.94,4842013,5962.67,5901.039,6031.710000000001,6263.4278,5962.779240013927,6070.351093951117,35.85469604977135,52.43916334337099,-107.5718539371901,-101.7081054384342,-5.863748498755896,6031.710000000001,168.84841588646603,6369.406831772933,5694.0131682270685,0.2323486882432709,0.11197382890519485,106.06071428571411,13576642.95,0.35664285060668477,903855415.0,0.004717118831212286,0.0001281845310325985,-0.0001298767879419807,-0.016653697544382173,-0.06407422218667524,-0.019773930845690457,17.14843749996042,23.643172856824076,0,1,-0.0011827159396607945,HINDUNILVR.NS,IN,FMCG
2026-02-12,5887.37,5906.82,5815.01,5855.81,24487164,5910.7,5904.308999999999,6013.676,6257.5514,5946.322433857938,6054.459161065849,36.68809345741309,37.99286957259879,-108.13672720791055,-102.99382979232949,-5.142897415581061,6013.676,167.32864320190356,6348.3332864038075,5679.018713596193,0.2641378114059969,0.11129874186895052,110.59642857142833,14136220.15,1.7322284180592349,928342579.0,0.0008323448881719653,0.01567844585121167,-0.0053606279204456535,0.005615555948625506,-0.05801987938531217,-0.04248928161473975,18.26746323525215,15.417432598003728,0,1,-0.003688644269537522,HINDUNILVR.NS,IN,FMCG
2026-02-13,5864.7,5863.29,5850.27,5856.06,11814479,5874.146,5910.287,5993.3455,6251.5778,5932.4359055721025,6039.762926912823,35.027348417872176,10.034484882074068,-107.32702134072042,-103.86046810200769,-3.4665532387127342,5993.3455,160.02579211440406,6313.397084228808,5673.293915771193,0.28552597961499415,0.10680231407608799,105.45499999999973,14250134.05,0.8290783882781517,940157058.0,4.269264200851275e-05,0.0022233378756360595,-0.0014732211366306792,0.010313511424568933,-0.06492598204918987,-0.030265796520186794,22.73115950284257,19.38235341268505,1,0,0.0075374910776186965,HINDUNILVR.NS,IN,FMCG
2026-02-16,5854.37,5891.9,5880.54,5885.59,15423083,5854.374,5920.075,5978.8875,6246.9188,5925.2288431763955,6028.342710104465,39.99282308914747,22.387199077410983,-103.11386692806991,-103.71114786722013,0.5972809391502238,5978.8875,155.77983934403355,6290.447178688067,5667.327821311933,0.35027346864457504,0.10421995017903073,101.30285714285681,14632213.2,1.054049837515364,955580141.0,0.005042639590441267,0.0019301378451434335,0.00533276851309277,0.01691169737253606,-0.04682942629256248,-0.016519479651429858,31.148101698691285,24.048908145595338,0,0,-0.00014272146038041278,HINDUNILVR.NS,IN,FMCG
2026-02-17,5849.09,5933.38,5831.36,5876.71,13779246,5865.022,5925.649,5959.989500000001,6241.8956,5917.764405764643,6017.110657504135,45.70454385677127,26.778170531942422,-99.34625173949189,-102.83816864167451,3.4919169021826235,5959.989500000001,142.96141818410547,6245.912336368212,5674.066663631789,0.3543671763714816,0.09594742956113039,97.0985714285711,14772474.5,0.9327648571832121,941800895.0,-0.0015087697240209197,0.017360053499319017,0.004722102070577674,0.00957572363368997,-0.06042844786375623,0.009142315492309594,28.61703340545938,27.49876486899775,1,1,0.03328733253810379,HINDUNILVR.NS,IN,FMCG
2026-02-18,5889.49,5859.16,5831.9,5844.02,8919572,5863.638000000001,5913.154,5940.681,6232.628000000001,5906.419112570083,6004.289127318644,51.37705306692312,59.90934516346816,-97.87001474856152,-101.84453786305193,3.9745231144904096,5940.681,130.04161803053685,6200.7642360610735,5680.597763938926,0.3141729519667793,0.08756007469885359,88.6864285714283,14249272.15,0.6259668058928325,932881323.0,-0.005562636236941976,0.0046645973148612685,-0.0077205326777007215,-0.02093325984215033,-0.06198366341957451,-0.0011827159396607945,19.299395735893054,26.35484361334791,1,1,0.038211710432202395,HINDUNILVR.NS,IN,FMCG
2026-02-19,5844.85,5852.7,5819.41,5834.21,3441930,5859.318000000001,5885.009,5924.7474999999995,6222.5276,5895.310018328531,5991.69067344319,52.55520674741652,40.27664768104183,-96.38065511465811,-100.75176131337318,4.371106198715069,5924.7474999999995,121.94385156918021,6168.63520313836,5680.859796861639,0.31438691078871106,0.08232847159758949,88.4178571428569,13438925.3,0.2561164428738626,929439393.0,-0.001678639019031536,0.00570599961262866,-0.0018204059984428182,-0.046021198039132294,-0.051792006344996144,-0.003688644269537522,16.503249344383402,21.473226161911953,1,1,0.037965722865649365,HINDUNILVR.NS,IN,FMCG
2026-02-20,5811.18,5968.27,5845.75,5900.2,6701356,5868.146000000001,5871.146000000001,5912.9055,6212.520800000001,5896.062323201065,5984.913586521472,57.03387816865299,65.08324838600052,-88.85126332040727,-98.37166171478,9.520398394372734,5912.9055,111.27622593182895,6135.457951863657,5690.353048136342,0.47145504375693137,0.07527685056479252,96.16142857142839,13457504.45,0.497964204799932,936140749.0,0.011310871566158953,0.02076539778312255,0.015318747655378804,-0.022956433613796068,-0.03859189446378064,0.0075374910776186965,34.41699176409639,23.406545614790954,1,1,0.014967289244432358,HINDUNILVR.NS,IN,FMCG
2026-02-23,5895.43,5888.64,5881.63,5884.75,7557732,5867.978,5861.1759999999995,5898.9285,6201.8226,5894.321965785516,5977.494061593955,54.0789440024558,58.83584847551577,-83.17209580843883,-95.33174853351179,12.15965272507296,5898.9285,94.29991501223934,6087.528330024478,5710.328669975522,0.4624111538207055,0.06394375860783742,91.0799999999998,13312749.4,0.5677062795378481,928583017.0,-0.0026185553032099795,0.0011912145800584606,-0.0018115726927464965,-0.01665984342754967,-0.045348288286242155,-0.00014272146038041278,23.274143006288465,24.731461371589422,1,1,0.021424869365733512,HINDUNILVR.NS,IN,FMCG
2026-02-24,5881.9,6076.26,6069.18,6072.33,10371687,5907.102000000001,5886.062,5898.504999999999,6195.3822,5921.70781720313,5984.518945920329,56.2916971025079,79.14169787765293,-62.81112871719961,-88.82762457024936,26.016495853049747,5898.504999999999,93.45538088194408,6085.4157617638875,5711.594238236111,0.9649946272719627,0.06337563900135938,89.11714285714268,12836035.95,0.8080131773070348,938954704.0,0.03187561068864442,0.0011659445385871258,0.03237559292064943,0.04273397132637413,-0.0013929088277858659,0.03328733253810379,82.64805494861955,46.77972990633481,0,0,-0.014984363498031228,HINDUNILVR.NS,IN,FMCG
2026-02-25,6037.25,6144.64,6005.48,6067.33,13032952,5951.764,5907.701,5904.37,6189.4208,5944.111229941111,5990.653098074379,46.4448073443086,80.11184127385317,-46.54186813326851,-80.3704732828532,33.82860514958469,5904.37,100.28993405962541,6104.949868119251,5703.790131880749,0.9062222234142887,0.06794285186030583,87.75857142857136,13141095.45,0.9917705154656254,925921752.0,-0.0008234071600192738,0.022935953706157045,0.004982400927573803,0.036983800893531704,0.01971418631502697,0.038211710432202395,76.81302861233024,60.911742189079426,0,0,-0.005346668139033062,HINDUNILVR.NS,IN,FMCG
2026-02-26,6055.97,6060.01,6052.27,6055.71,8405407,5996.064,5927.691,5916.000000000001,6183.8588,5961.280271488633,5995.472127846648,51.37347436940603,85.82501269250292,-34.191856358014775,-71.13474989788551,36.94289353987074,5916.000000000001,103.79605930051322,6123.592118601027,5708.4078813989745,0.8365012143540786,0.07017989134583884,81.09428571428563,13264922.25,0.6336566628834434,917516345.0,-0.001915175208864528,0.0012781325393716844,-4.293284147711685e-05,0.034137036550024646,0.039944290937317106,0.037965722865649365,73.32793473674839,77.59633943256607,0,0,-0.0027197471477333757,HINDUNILVR.NS,IN,FMCG
2026-02-27,6039.68,5990.35,5987.04,5988.51,4427466,6013.726000000001,5940.936,5925.6115,6175.221,5965.469460490382,5994.956414672822,50.32359880124979,71.86543475796402,-29.48695418244006,-62.80519075479642,33.31823657235636,5925.6115,100.9888007482952,6127.58910149659,5723.63389850341,0.6557066217572805,0.06817105761879798,77.78071428571424,12695428.6,0.34874487429712503,913088879.0,-0.011096964682919097,0.0005527251353007421,-0.00847230316837839,0.02261759613118719,0.03316437439185149,0.014967289244432358,53.17317497434713,67.77137944114192,1,1,0.004807539771996661,HINDUNILVR.NS,IN,FMCG
2026-03-02,6035.16,6015.97,6006.72,6010.83,8208560,6038.942,5953.460000000001,5936.7675,6166.600799999999,5972.448005030324,5996.132235808168,69.17079359882128,67.8914513051073,-23.684230777844277,-54.98099875940599,31.296767981561715,5936.7675,97.2063085387817,6131.180117077563,5742.354882922436,0.6904776066302356,0.06549443517117041,67.36857142857141,12276461.7,0.6686421162669276,921297439.0,0.0037271374682517067,0.0015388889720718204,-0.004031376135843274,0.02127909011670881,0.038550653021661496,0.021424869365733512,59.40600066723466,61.96903679277673,0,1,-0.012424240911820927,HINDUNILVR.NS,IN,FMCG
2026-03-03,6031.73,6030.66,5941.89,5981.34,9835546,6020.744000000001,5963.923,5944.786,6155.587200000001,5973.816004256427,5995.036514637192,63.28768239993486,64.9422975774265,-21.220510380765518,-48.2289010836779,27.00839070291238,5944.786,93.70277249170161,6132.191544983403,5757.380455016597,0.5975264632715105,0.063048710242344,71.71785714285708,11558705.45,0.8509209955755906,911461893.0,-0.004906144409341118,0.014841155995142338,-0.008354153783407259,0.01780417954944169,0.027550391086021753,-0.014984363498031228,50.45960622500843,54.346260622196745,0,1,-0.012635964516312437,HINDUNILVR.NS,IN,FMCG
2026-03-04,6012.57,6074.36,6003.31,6034.89,17079570,6014.255999999999,5983.01,5948.082,6144.977400000001,5983.212003601592,5997.988624664067,66.60115692672801,40.10466222645107,-14.776621062474987,-41.53844507943732,26.76182401696233,5948.082,95.73553883375547,6139.553077667511,5756.610922332489,0.7266869781503376,0.0643807794403234,71.80428571428567,11317056.95,1.509188172001894,928541463.0,0.008952843342796113,0.011773205476816892,0.0037122228930385683,0.0326607369584635,0.011043781422925614,-0.005346668139033062,66.25465055478818,58.70675248234377,0,0,-0.008836946489496844,HINDUNILVR.NS,IN,FMCG
2026-03-05,6032.73,6040.4,6038.3,6039.24,14461555,6010.9619999999995,6003.513000000001,5944.261,6136.3188,5991.831695355193,6001.044282096359,66.8531262650425,42.55025725348743,-9.212586741165978,-35.07327341178305,25.86068667061707,5944.261,90.05143810184568,6124.363876203692,5764.158123796309,0.7636798534294842,0.060597230237252685,71.26785714285708,11827129.4,1.2227441916088115,943003018.0,0.0007208084985805829,0.00034772587279179273,0.0010791134362053564,0.03514271855144058,-0.012495789497781074,-0.0027197471477333757,67.59216554417603,61.43547410799088,0,0,-0.007924838224677266,HINDUNILVR.NS,IN,FMCG
2026-03-06,6041.82,6032.33,6005.27,6017.3,10059197,6016.72,6015.223,5943.1845,6125.6728,5995.749896069779,6002.248409348481,62.289361225670454,40.341966306260964,-6.498513278701466,-29.358321385166732,22.859808106465266,5943.1845,88.98379252041241,6121.152085040825,5765.2169149591755,0.7082275263281512,0.05988963830444599,71.13428571428565,12069080.15,0.8334683373970022,932943821.0,-0.003632907451931011,0.00449703355325395,-0.00405837975974052,0.019846784854750776,-0.00356526015801073,0.004807539771996661,60.846170402297325,64.89766216708718,0,0,-0.0027636980040882664,HINDUNILVR.NS,IN,FMCG
2026-03-09,6003.96,5944.98,5929.08,5936.15,7667834,6001.784,6020.362999999999,5940.7695,6113.1968,5986.580681289814,5997.352230878223,54.88703259117964,37.69736842105245,-10.77154958840947,-25.64096702581528,14.869417437405808,5940.7695,88.45878894627778,6117.687077892556,5763.851922107445,0.48694448551829844,0.05956049225357952,70.14857142857136,10548013.75,0.7269457032187029,925275987.0,-0.013486115034982538,0.0026785037440086516,-0.01129421248642381,0.00873444071540841,-0.008070917126887234,-0.012424240911820927,35.89459766923121,54.77764453856819,0,1,-0.00853752010983544,HINDUNILVR.NS,IN,FMCG
2026-03-10,5935.02,5921.63,5893.07,5905.76,15974523,5986.668,6003.706,5944.884,6099.511799999999,5974.146730322151,5990.567621183539,55.09540472732074,26.21451532575719,-16.420890861388216,-23.796951792929868,7.376060931541652,5944.884,84.54276391582152,6113.969527831643,5775.798472168357,0.384307070799875,0.05688438254862991,70.02499999999989,10824543.6,1.475768597230409,909301464.0,-0.005119479797511706,0.004835956760856445,-0.0049300592078873,-0.02743098612888295,0.014130750222805188,-0.012635964516312437,26.55044122612758,41.09706976588538,0,1,-0.021944677738343632,HINDUNILVR.NS,IN,FMCG
2026-03-11,5880.12,6045.55,5930.37,5981.56,13992439,5976.002,5995.129,5951.414999999999,6086.429399999999,5975.287233349512,5989.9003899847585,60.96631588348249,50.0411707463134,-14.613156635246924,-21.96019276139328,7.347036126146357,5951.414999999999,81.90773830803087,6115.2304766160605,5787.599523383938,0.5920090110596233,0.055050933808525854,77.63214285714275,11282064.9,1.2402373044107107,923293903.0,0.012834927257457052,0.019255846300961794,0.017251348611930242,-0.014136366408288192,0.022324617924641244,-0.008836946489496844,45.43812104772521,35.961053314361344,0,0,-0.016465604290519686,HINDUNILVR.NS,IN,FMCG
2026-03-12,5990.42,6039.43,5952.94,5991.38,8362107,5966.43,5988.696,5958.193499999999,6073.281599999999,5977.763043603432,5990.0099907266285,57.40506123509735,40.264041172521715,-12.24694712319615,-20.017543633753856,7.770596510557706,5958.193499999999,79.14230961575377,6116.478119231507,5799.908880768492,0.6048317270513102,0.05313174848432861,74.23428571428563,10475812.05,0.7982298805914639,931656010.0,0.0016417121954808156,0.01443573934552411,0.00016025587521407113,-0.010623031816252793,0.0231513659083884,-0.007924838224677266,41.72845138952231,37.90567122112504,0,0,-0.019771738731310662,HINDUNILVR.NS,IN,FMCG
2026-03-13,5987.75,6015.79,5988.57,6000.67,8878154,5963.104,5989.912,5965.424,6061.491000000001,5981.2871907413655,5990.799621043174,59.50943396226418,41.55611016244148,-9.512430301808308,-17.916520967364747,8.404090665556438,5965.424,75.85789931458098,6117.139798629162,5813.708201370838,0.6161579753652929,0.0508650512114937,74.85214285714281,10328995.8,0.8595369106901068,940534164.0,0.0015505609725972036,0.004536160128784905,0.0021577387165459335,0.00203055517983608,0.024694077588002905,-0.0027636980040882664,42.77139563523965,43.3126560241624,0,0,-0.02227584586387854,HINDUNILVR.NS,IN,FMCG
2026-03-16,6021.13,5887.37,5883.94,5885.47,7005537,5952.968000000001,5977.375999999999,5965.418,6048.5068,5966.5460844734625,5982.997426891828,32.6053768245457,29.507228353800713,-16.45134241836513,-17.623485257564823,1.1721428391996938,5965.418,75.86455060102045,6117.14710120204,5813.688898797959,0.23654361830767642,0.05086956226772879,69.51071428571426,9908118.5,0.7070501117795359,933528627.0,-0.019197856239386524,0.0005827911789542225,-0.022530654544907238,-0.0208556888150222,-2.038878005428124e-05,-0.00853752010983544,0.5868814729554207,28.362242832572463,0,0,-0.011511400109082248,HINDUNILVR.NS,IN,FMCG
2026-03-17,5847.84,5817.45,5743.12,5776.16,9355202,5927.048,5956.858,5960.3904999999995,6032.2144,5937.255917631393,5967.676136010952,27.303057231498315,27.13187158743318,-30.42021837955963,-20.182831881963786,-10.237386497595843,5960.3904999999995,84.85192578995023,6130.0943515799,5790.686648420099,-0.04279999624291671,0.05694387023127828,69.73857142857138,9686916.3,0.9657563609013158,924173425.0,-0.01857285824241739,0.012868410847342708,-0.012257517305532987,-0.034303350085432394,-0.017109913540058974,-0.021944677738343632,9.974640743841396,17.77763928401216,1,1,0.0033049638514168755,HINDUNILVR.NS,IN,FMCG
2026-03-18,5785.71,5886.41,5880.4,5883.07,7397223,5907.35,5941.676,5962.343000000001,6021.115599999999,5928.919622611179,5961.409014824955,38.2832012162015,47.338915863298325,-32.48939221377623,-22.644143948326278,-9.84524826544995,5962.343000000001,82.4484713783806,6127.239942756762,5797.44605724324,0.25962865449483763,0.05531279993678094,76.53785714285712,9610798.85,0.7696781865663346,931570648.0,0.018508836320323407,0.0010215754699500765,0.016827666785923047,-0.025157045115983934,0.00668204420929408,-0.016465604290519686,42.250332085369344,17.603951434055393,0,0,-0.013569445884546671,HINDUNILVR.NS,IN,FMCG
2026-03-19,5908.41,5875.5,5870.86,5872.92,8837772,5883.658,5925.044,5964.2785,6008.912200000001,5920.304296055613,5954.854272986069,41.496608648314584,34.939558611511515,-34.54997693045607,-25.02531054475224,-9.524666385703828,5964.2785,79.69043469477482,6123.65936938955,5804.8976306104505,0.2133956529722513,0.05344514659720303,72.50499999999998,9880590.95,0.8944577455199939,922732876.0,-0.0017252896871871037,0.0007900669513631272,-0.0060066921557565866,-0.02753988912512162,0.006635002853856875,-0.019771738731310662,39.18608863651987,30.47035382191021,0,0,-0.018704494527424287,HINDUNILVR.NS,IN,FMCG
2026-03-20,5884.98,5909.03,5833.38,5867.0,11900329,5856.924,5910.014,5962.6185000000005,5997.923400000001,5912.10363512398,5948.346549061175,39.15750750071613,32.569090195638736,-36.242913937195226,-27.268831223240838,-8.974082713954388,5962.6185000000005,81.42244700682369,6125.463394013648,5799.773605986353,0.2064123484516705,0.05462193967754951,75.94714285714281,10140539.6,1.1735398998353204,910832547.0,-0.0010080164551875548,0.01289415374126244,-0.0030552355318108995,-0.02497798015721342,-0.005626927900749146,-0.02227584586387854,37.3988648712795,39.61176186438957,0,0,-0.008004090676666076,HINDUNILVR.NS,IN,FMCG
2026-03-23,5871.42,5858.51,5785.09,5817.72,20121000,5843.374000000001,5898.171,5959.267000000001,5987.2214,5897.583075874137,5938.670508389977,38.02301408368224,26.94508153338205,-41.08743251584019,-30.03255148176071,-11.054881034079482,5959.267000000001,86.04469573547568,6131.356391470952,5787.177608529049,0.08873990200615496,0.0577552210602151,75.45714285714283,10768703.0,1.8684699663023516,890711547.0,-0.008399522754388933,0.012620064217595114,-0.009145998753281263,-0.01995064140899394,-0.011390458388206737,-0.011511400109082248,22.52143460927883,33.03546270569274,0,0,-0.0009316364486431361,HINDUNILVR.NS,IN,FMCG
2026-03-24,5803.08,5807.53,5785.43,5795.25,9427313,5847.192,5887.12,5945.4130000000005,5976.0728,5881.839525739653,5928.046767027757,31.6221356483327,35.163136429417136,-46.20724128810343,-33.267489443029255,-12.939751845074177,5945.4130000000005,89.13318586309654,6123.6793717261935,5767.146628273807,0.07882409748395765,0.05996770004915151,71.11928571428572,10721484.3,0.8792916966457995,881284234.0,-0.0038623378230647765,0.0038134679263182158,-0.0013492834839427645,-0.01871224025358298,-0.045629931179629546,0.0033049638514168755,17.237046589236414,25.71911535659825,1,1,0.012436046762434705,HINDUNILVR.NS,IN,FMCG
2026-03-25,5783.16,5821.97,5788.26,5803.24,9841558,5831.226,5869.288,5932.2085,5967.1076,5869.747291010475,5918.8018213219975,32.001769317592476,56.679163378058405,-49.054530311522285,-36.42489761672786,-12.629632694794424,5932.2085,89.68130775579446,6111.571115511589,5752.845884488411,0.1404811012810874,0.060470772566931424,73.13357142857149,10561914.6,0.9317966903655243,891125792.0,0.0013787153272075692,0.005808824036227043,0.003472150173952727,-0.02981162104868973,-0.043526559458608616,-0.013569445884546671,19.878980259829067,19.87915381944811,0,1,-0.0021195056554614844,HINDUNILVR.NS,IN,FMCG
2026-03-26,5807.51,5769.75,5757.73,5763.07,15136578,5809.255999999999,5846.457,5917.5765,5958.039199999999,5853.335400085787,5907.266130853701,31.136009497662627,5.875864097661278,-53.9307307679137,-39.92606424696503,-14.004666520948668,5917.5765,92.30535864441305,6102.187217288826,5732.965782711174,0.08153431645478516,0.062394028125802775,73.95785714285726,10898473.15,1.3888713036035416,875989214.0,-0.006921995299177697,0.0020856939096693863,-0.00765216073670004,-0.038106412879837404,-0.04832463905966444,-0.018704494527424287,6.596567800791533,14.570864883285674,0,1,-0.0049799846262494896,HINDUNILVR.NS,IN,FMCG
2026-03-27,5734.64,5824.1,5816.8,5820.04,21614875,5799.864,5828.393999999999,5909.153,5949.1866,5848.21303084182,5900.804935975649,41.063924761802156,35.536105032822746,-52.59190513382873,-42.45923242433778,-10.132672709490954,5909.153,93.1744277713919,6095.501855542784,5722.804144457216,0.2608973778220986,0.06307125760417859,72.01571428571444,11757843.6,1.8383365093973092,897604089.0,0.009885356242419485,0.001254286912117258,0.014891954856797417,-0.03010163865035076,-0.028132206508797775,-0.008004090676666076,25.433984723653627,17.30317759475808,0,0,-0.014609865224293972,HINDUNILVR.NS,IN,FMCG
2026-03-30,5822.63,5819.0,5806.94,5812.3,5523712,5798.78,5821.077,5899.2265,5941.9376,5842.687949173847,5894.249014792268,42.54728716787342,35.18578702199116,-51.5610656184208,-44.279599063154386,-7.281466555266412,5899.2265,92.34363428178682,6083.913768563573,5714.539231436426,0.2646656949438229,0.06261406256008045,69.87428571428589,11623601.2,0.47521516178521667,892080377.0,-0.0013298877670943066,0.0020749101044334126,-0.0017741123856398486,-0.01243231211780882,-0.03302871650005068,-0.0009316364486431361,22.874714809963127,18.301755778136098,0,0,-0.01910431326669304,HINDUNILVR.NS,IN,FMCG
2026-03-31,5842.08,5868.52,5866.36,5867.32,9885719,5813.1939999999995,5830.193,5893.5255,5934.190600000001,5846.477495454794,5892.2542729558045,40.577988915281,63.02794704769897,-45.776777501010656,-44.57903475072565,-1.197742750285009,5893.5255,90.5087837828023,6074.543067565604,5712.507932434395,0.42761614148049415,0.06142929815628147,63.9050000000002,11626109.85,0.8503031776959189,901966096.0,0.009466132167988528,0.0003681408206814007,0.00432037904307977,0.015782111298855872,-0.01906261807554832,0.012436046762434705,41.91556140514343,30.0747536462534,0,0,-0.0253130901331442,HINDUNILVR.NS,IN,FMCG
2026-04-01,5845.59,5837.42,5753.75,5790.94,21453039,5810.7339999999995,5820.9800000000005,5881.3279999999995,5925.405600000001,5837.933265384825,5884.749511996115,35.10404280618306,49.11777950628395,-46.8162466112899,-45.0264771228385,-1.7897694884513982,5881.3279999999995,86.8177891424266,6054.963578284853,5707.692421715146,0.23971924160624491,0.059046384858937866,65.83928571428585,11844783.3,1.8111802171019693,880513057.0,-0.013017868464648252,0.014448431515433699,-0.009348927995290671,-0.01566019102271432,-0.040423272006614996,-0.0021195056554614844,17.53768291334739,27.442653042817984,0,0,-0.019865514061620404,HINDUNILVR.NS,IN,FMCG
2026-04-02,5768.75,5780.33,5697.6,5734.37,8365143,5804.994000000001,5807.125,5866.0845,5917.035400000001,5822.000455325622,5873.610288885291,31.50899900011106,38.24142052245177,-51.609833559668914,-46.34314841020459,-5.2666851494643225,5866.0845,84.36212978488585,6034.808759569772,5697.360240430228,0.1096752762881662,0.05752534235391355,70.56214285714292,11539962.7,0.7248846891953395,872147914.0,-0.009768707670948062,0.0144270425521871,-0.005959696641385768,-0.023591331058485432,-0.0504815175419423,-0.0049799846262494896,17.391098708710082,25.614781009066974,0,0,-0.006642403611905046,HINDUNILVR.NS,IN,FMCG
2026-04-03,5735.12,5764.79,5711.19,5735.01,18015047,5787.987999999999,5793.926,5851.969999999999,5908.9947999999995,5808.617308352449,5863.343600819713,37.575967763244805,44.46155060792683,-54.7262924672641,-48.0197772216165,-6.706515245647601,5851.969999999999,81.28974325149797,6014.549486502995,5689.390513497004,0.14029902383169254,0.05556401912619781,66.05285714285719,11937755.2,1.5090814972415,890162961.0,0.00011160772674245756,0.009346104017253852,-1.9180069466663886e-05,-0.022497017214930914,-0.04691306732255329,-0.014609865224293972,17.693799366136798,17.540860329398097,1,0,0.007239743261127529,HINDUNILVR.NS,IN,FMCG
2026-04-06,5719.77,5704.51,5698.65,5701.26,14224261,5765.780000000001,5782.280000000001,5840.2255,5899.734199999999,5792.100799375149,5851.337408166401,42.93342893803308,24.189482833550628,-59.236608791251456,-50.2631435355435,-8.973465255707957,5840.2255,85.35405854593442,6010.933617091869,5669.5173829081305,0.09297336773591741,0.0584594266409199,58.482142857142925,12265576.55,1.1596894595477079,875938700.0,-0.005884906913850241,0.0010278429680455818,-0.0032361441106892375,-0.02001815144077057,-0.03956941788869883,-0.01910431326669304,1.7310693846580687,12.27198915316832,1,0,0.00664063733280007,HINDUNILVR.NS,IN,FMCG
2026-04-07,5669.18,5729.69,5710.09,5718.8,6382183,5736.076,5774.635,5830.8775000000005,5892.4942,5780.823753317434,5841.519822376296,31.357951837309088,30.512713630679414,-60.69606905886212,-52.34972864020724,-8.346340418654883,5830.8775000000005,87.9960137180244,6006.869527436049,5654.885472563952,0.18158358752668952,0.06036553758367181,52.637857142857165,11785959.55,0.5415072426998748,882320883.0,0.0030765129111809397,0.003427292438972516,0.008752588557779278,-0.013191838143306933,-0.03165722955216599,-0.0253130901331442,10.026959277254699,9.81727600934986,1,1,0.02842554382038176,HINDUNILVR.NS,IN,FMCG
2026-04-08,5746.94,5745.88,5619.91,5675.9,39017854,5713.068000000001,5761.901,5815.594499999999,5887.011600000001,5764.6816374224445,5829.251687385459,29.18832129124938,7.981385547458174,-64.57004996301475,-54.79379290476874,-9.77625705824601,5815.594499999999,86.98580588838679,5989.566111776773,5641.622888223225,0.09851352018471081,0.05982934737858494,60.76357142857147,13037230.3,2.9928021603789445,843303029.0,-0.007501573756732327,0.02219383710072025,-0.012361361002548765,-0.021942914647679612,-0.051100381840188946,-0.019865514061620404,19.365661317033116,10.374563326315299,1,1,0.03763279832273292,HINDUNILVR.NS,IN,FMCG
2026-04-09,5696.36,5724.29,5673.87,5696.28,8241798,5705.45,5755.222,5800.8395,5884.475,5754.158308588223,5819.401932764314,32.501025010250075,22.447316334847045,-65.24362417609063,-56.883759159033126,-8.359865017057508,5800.8395,80.3758557276172,5961.591211455235,5640.087788544765,0.1747795122875185,0.05542360255104697,58.96142857142864,13031214.85,0.632465772562581,851544827.0,0.003590619989781274,0.008851390732195612,-1.404405620429769e-05,-0.011589309170286,-0.049254095049888424,-0.006642403611905046,30.71879650846407,20.037139034250632,1,1,0.03418020181592185,HINDUNILVR.NS,IN,FMCG
2026-04-10,5718.15,5806.72,5752.39,5776.53,13826175,5713.754,5750.871,5789.632500000001,5884.08,5757.600107266959,5816.226234041031,46.03003257705723,60.7848153074797,-58.62612677407196,-57.232232682040895,-1.3938940920310685,5789.632500000001,65.24934828268458,5920.1311965653695,5659.133803434632,0.4497983491586546,0.04508013127442762,60.999285714285826,13278615.9,1.041236079338956,865371002.0,0.014088141734605708,0.009405300413914672,0.010209595760864948,-0.0074758936364699435,-0.03735249563798715,0.007239743261127529,62.99827038307773,37.69424273619165,1,1,0.015971526158437666,HINDUNILVR.NS,IN,FMCG
