Date,Open,High,Low,Close,Volume,sma5,sma10,sma20,sma50,ema12,ema26,rsi,rsi_6,macd,macd_sig,macd_hist,bb_mid,bb_std,bb_upper,bb_lower,bb_pos,bb_width,atr,vol_sma20,vol_ratio,obv,daily_ret,hlpct,co_pct,mom10,mom20,roc5,stoch_k,stoch_d,target,target_3d,ret_5d,symbol,market,sector
2024-07-22,971.95,994.87,970.75,981.47,16706656,965.89,957.4869999999999,941.1305,945.3546000000001,955.6841161096698,947.1390185847911,72.74231848600414,75.12585134734968,8.54509752487877,4.033723743520198,4.511373781358572,941.1305,19.457857153345618,980.0462143066912,902.2147856933087,1.0182931974609248,0.08269993227644819,16.367142857142873,17122090.2,0.9757368889613204,28373434.0,0.017014662452722762,0.024575381825196318,0.009794742527897717,0.04860146584328717,0.0712866748166261,0.017647363782466563,84.50867051925425,79.41949471483828,0,0,-0.053542135775928035,ICICIBANK.NS,IN,Banking
2024-07-23,983.24,974.44,964.2,968.75,16394286,967.5440000000001,959.5379999999999,943.5459999999999,944.7896000000001,957.694653170075,948.7720715559556,64.48873605165271,53.39437953899585,8.922581614119395,5.011506481945297,3.9110751321740977,943.5459999999999,19.750553729745988,983.0471074594919,904.0448925405079,0.8190290300724794,0.08372905498926421,16.389285714285727,17389192.3,0.9427858853003837,11979148.0,-0.012960151609320736,0.01057032258063426,-0.014736991985665018,0.021629545262802585,0.05248576767632862,0.008610278194236098,69.8034682072855,79.60695365192834,0,0,-0.045883870967741935,ICICIBANK.NS,IN,Banking
2024-07-24,963.01,1001.73,977.68,988.37,15267800,971.6899999999999,963.743,946.6789999999999,944.7142,962.4147340343178,951.7598668962261,74.14721723518848,67.65413343461194,10.654867138091731,6.140188922994806,4.514678215096925,946.6789999999999,21.650765611842747,989.9805312236854,903.3774687763143,0.9814032993851054,0.09148091639011699,17.381428571428582,17583404.55,0.8683073342410623,27246948.0,0.02025290322580653,0.02433299270513647,0.02633409829594052,0.04443528616112946,0.06768858497801689,0.021423256583026795,83.91717828236526,79.40977233630167,0,0,-0.06834485061262474,ICICIBANK.NS,IN,Banking
2024-07-25,983.99,976.36,963.86,969.42,10201771,974.6120000000001,966.7969999999999,948.9385,944.9457999999998,963.4926212127332,953.0905473067857,65.02570305412758,50.98039215686273,10.402073905947532,6.992572148382747,3.409501757564785,948.9385,21.542425772366038,992.023351544732,905.853648455268,0.737687949069498,0.09080641484076499,18.75071428571429,17573311.3,0.5805263587104179,17045177.0,-0.019172981778079135,0.012894307936691121,-0.014807061047353371,0.03252811860940685,0.04889475563441992,0.015301473591604609,56.67158374605504,70.13074341190193,0,0,-0.03290627385446965,ICICIBANK.NS,IN,Banking
2024-07-26,962.78,962.4,957.75,959.82,11590915,973.566,968.0260000000001,950.6129999999999,944.6692000000002,962.9275342711401,953.5969616781612,57.51102709514808,52.86122215876648,9.33057259297891,7.460174970911144,1.8703976220677667,950.6129999999999,20.987000763630757,992.5870015272615,908.6389984727384,0.6096750329297365,0.08830933624349208,18.368571428571435,17408496.05,0.6658193965113145,5454262.0,-0.009902828495388927,0.00484465837343995,-0.0030744302955990448,0.012970565575760151,0.036153422646357125,-0.005419408320812336,43.79777390312737,61.46217864384922,0,0,-0.014200579275280734,ICICIBANK.NS,IN,Banking
2024-07-29,971.58,938.53,921.23,928.92,27799242,963.0559999999999,964.473,950.366,944.1162,957.6950708407604,951.7421232721039,44.55283635953535,33.30560946308107,5.952947568656555,7.158728080651829,-1.2057805119952745,950.366,21.222298203838296,992.8105964076766,907.9214035923234,0.24736477884887337,0.08932263234928849,20.237142857142867,18244161.95,1.5237334853995042,-22344980.0,-0.0321935362880541,0.018623778150950922,-0.04390786142155682,-0.036839649541189345,-0.005289872143576235,-0.053542135775928035,9.552795030937158,36.674050893373185,1,1,0.0060177410325970015,ICICIBANK.NS,IN,Banking
2024-07-30,936.78,928.99,920.55,924.3,11209796,954.1659999999999,960.8549999999999,950.668,943.5083999999999,952.5569230347204,949.6816894302762,43.884692290602075,20.350586038792642,2.8752336044442472,6.3020259801072145,-3.4267923756629672,950.668,20.77973445957703,992.227468919154,909.108531080846,0.18276784225182588,0.08743214017745482,20.371428571428584,18367121.6,0.6103185699865693,-33554776.0,-0.00497351763338072,0.009131234447680324,-0.013322231473757655,-0.037668665667166534,0.006577657743993992,-0.045883870967741935,4.61936437540503,19.323311103156517,1,1,0.012495942875689892,ICICIBANK.NS,IN,Banking
2024-07-31,920.86,929.08,914.22,920.82,15222694,940.656,956.1730000000001,950.336,942.6343999999999,947.6739619751223,947.5168543766213,44.871649250340774,22.507743489732718,0.1571075985010566,5.073038625235903,-4.915931026734847,950.336,21.218459292249488,992.7729185844989,907.8990814155011,0.15223676712788464,0.08930929394330904,19.549285714285727,17298932.65,0.8799787494415877,-48777470.0,-0.0037650113599480006,0.016137790230429265,-4.343765610398995e-05,-0.0483857633004009,-0.007159338408125437,-0.06834485061262474,7.541995200462351,7.238051535601508,1,1,0.0068960274537910315,ICICIBANK.NS,IN,Banking
2024-08-01,916.25,939.92,935.61,937.52,21345429,934.2760000000001,954.4439999999998,951.425,942.0405999999999,946.1117171934295,946.7677171866218,47.28181176342801,19.821958456973235,-0.6559999931922675,3.9272281578792816,-4.583228151071549,951.425,19.865184434874646,991.1553688697493,911.6946311302506,0.3250079171689715,0.08351760542282906,20.16714285714286,17508923.2,1.2191171060070043,-27432041.0,0.018136009209183124,0.00459723525897618,0.023214188267368915,-0.018108314743247256,0.023784043505798547,-0.03290627385446965,26.625528510723004,12.928962695530123,0,0,-0.024447478453792915,ICICIBANK.NS,IN,Banking
2024-08-02,936.17,961.8,933.7,946.19,14311396,931.55,952.558,952.7479999999999,941.8586,946.1237613335062,946.7244619640923,44.80896065499205,34.29768825199409,-0.6007006305860614,3.021640665425221,-3.622341296011282,952.7479999999999,18.475746719472863,989.6994934389456,915.7965065610542,0.4112620439651944,0.07756824142146071,20.745714285714282,17763891.05,0.8056452921306736,-13120645.0,0.009247802713542086,0.029698052188218232,0.010703184250712363,-0.019543028858608258,0.028769312733084806,-0.014200579275280734,36.53296766042132,23.56683045720222,0,0,-0.023039770025047868,ICICIBANK.NS,IN,Banking
2024-08-05,949.58,947.43,924.18,934.51,14385309,932.668,947.8620000000001,952.6744999999999,941.1,944.3369495634499,945.8106624530272,42.927174682716924,33.359631821170254,-1.473712889577314,2.122568576600747,-3.596281466178061,952.6744999999999,18.54874360194063,989.771987203881,915.5770127961187,0.25517883596230956,0.07788071834365728,21.564285714285713,17942439.2,0.8017476351962427,-27505954.0,-0.01234424375653942,0.024879348535569574,-0.015870174182253397,-0.047846597450762696,-0.0015705463791961805,0.0060177410325970015,23.185921608693985,28.78147259327943,0,0,-0.028977753047051413,ICICIBANK.NS,IN,Banking
2024-08-06,929.9,948.68,925.58,935.85,25736049,934.9779999999998,944.5720000000001,952.0550000000001,940.396,943.031216007578,945.0660264223498,41.05867131687013,57.45321574532164,-2.034810414771755,1.2910917589386346,-3.3259021737103893,952.0550000000001,18.90806747897523,989.8711349579505,914.2388650420496,0.2857396053522539,0.0794410721185451,22.145714285714273,18372162.6,1.4008175389859907,-1769905.0,0.0014339065392559025,0.02468344285940613,0.0063985374771412485,-0.03396129032258066,-0.013066312325993423,0.012495942875689892,24.717175179696977,28.145354816270753,0,0,-0.02412779825826794,ICICIBANK.NS,IN,Banking
2024-08-07,934.62,960.92,900.17,927.17,11110561,936.2479999999999,938.452,951.0974999999999,939.6594,940.5909514305865,943.7290749297767,42.04008754751759,52.83877349159248,-3.1381234991902147,0.40524783847967577,-3.5433713376698903,951.0974999999999,19.682776567879333,990.4630531357585,911.7319468642412,0.19608581495504437,0.08277921692721782,25.176428571428566,17817148.4,0.6235880246926594,-12880466.0,-0.00927499065021109,0.06552196468817421,-0.007971154051905667,-0.061920131124983624,-0.02023628370952757,0.0068960274537910315,26.585269790994616,24.829455526461857,0,0,-0.02558322637703969,ICICIBANK.NS,IN,Banking
2024-08-08,917.69,922.06,908.63,914.6,8133441,931.664,932.97,949.8835000000001,938.9102,936.5922360627352,941.5543160631565,35.66354077863032,44.7853789403085,-4.962080000421338,-0.6682185715827598,-4.293861428838579,949.8835000000001,21.168679016787905,992.220858033576,907.5461419664243,0.08330536388097597,0.08914221172076625,25.069999999999986,17147219.1,0.4743300052467396,-21013907.0,-0.013557384298456543,0.014684014869872366,-0.003367150126945553,-0.0565492768872109,-0.02586059986366729,-0.024447478453792915,14.208349743853852,21.83693157151514,1,0,0.0050076536190684084,ICICIBANK.NS,IN,Banking
2024-08-09,916.0,926.05,923.07,924.39,6000820,927.3040000000001,929.427,948.7265,938.747,934.7149262893955,940.2735883803526,33.144342074179065,37.54978190783239,-5.558662090957114,-1.6463078894142458,-3.9123542015428683,948.7265,21.9230148894287,992.5725297788574,904.8804702211426,0.2224777234909699,0.09243133775394956,23.75785714285712,16673919.4,0.35989256611780396,-15013087.0,0.010704132954296952,0.003223747552436397,0.009159388646278195,-0.03691317121960369,-0.02442139035175661,-0.023039770025047868,23.847971642144085,21.54719705899751,0,0,-0.017070716905202343,ICICIBANK.NS,IN,Banking
2024-08-12,923.36,910.15,905.25,907.43,14407202,921.8879999999999,927.278,945.8755000000001,937.9436000000001,930.517164556569,937.8242672607118,32.33463931781516,18.239921337266424,-7.307102704142835,-2.7784674208944082,-4.528635283248427,945.8755000000001,23.42666215526338,992.7288243105269,899.0221756894733,0.08972494944769445,0.09906869204346076,23.89142857142855,16825721.8,0.8562605108411746,-29420289.0,-0.01834723439241015,0.005399865554361854,-0.017252209322455827,-0.0231343926279981,-0.05912177925242379,-0.028977753047051413,7.148483654911876,15.068268346969932,0,1,-0.007130026558522351,ICICIBANK.NS,IN,Banking
2024-08-13,912.14,923.93,904.75,913.27,9175360,917.372,926.175,943.515,937.4909999999999,927.8637114264161,935.9940423108696,26.498936037050953,30.753896339253373,-8.130330884453542,-3.8488405436120576,-4.281490340841485,943.515,24.24192703387659,991.9988540677532,895.0311459322468,0.1880920403117854,0.102772831524039,22.905714285714257,16531826.75,0.5550118316469878,-20244929.0,0.006435758130103775,0.02100145630534119,0.0012388449141565513,-0.011933354971329635,-0.04915250707979346,-0.02412779825826794,17.19385746138348,16.063437586146474,0,0,-0.017125275110317806,ICICIBANK.NS,IN,Banking
2024-08-14,909.09,904.64,902.5,903.45,13872073,912.6279999999999,924.4379999999999,940.3055,936.8538000000001,924.1077040817196,933.5694005944048,28.1048788582808,24.552309142318563,-9.461696512685194,-4.971412098207273,-4.49028441447792,940.3055,25.113343376108297,990.5321867522166,890.0788132477835,0.13310838935133773,0.10683057102646562,21.924285714285684,15574325.9,0.890701286101809,-34117002.0,-0.010752570433716135,0.002368697769658108,-0.006204006203999364,-0.018863621554701226,-0.06633665412756806,-0.02558322637703969,5.27076972512836,9.871036947141233,0,0,-0.0026343461176601135,ICICIBANK.NS,IN,Banking
2024-08-15,907.06,922.26,916.71,919.18,5375084,913.5440000000001,922.604,938.524,936.9616000000001,923.3495869247378,932.4978014264282,37.03916315856611,44.350162636119336,-9.148214501690404,-5.80677279368356,-3.341441708006844,938.524,25.293385530192555,989.1107710603851,887.9372289396149,0.3088037683091292,0.10780069781983456,22.434285714285686,15513033.05,0.34648824869948636,-28741918.0,0.017411035475123127,0.006037990382725817,0.013361850373720199,-0.01956224933868078,-0.037316324713817406,0.0050076536190684084,30.845367515319715,17.76999823394385,0,0,-0.006027111120781581,ICICIBANK.NS,IN,Banking
2024-08-16,931.26,912.58,905.44,908.61,7939017,910.3880000000001,918.8459999999999,935.702,936.9313999999999,921.0819358015037,930.7195494029203,42.557713448149514,45.64110027652451,-9.637613601416547,-6.572941112821839,-3.0646724885947076,935.702,25.326600037780263,986.3552000755606,885.0487999244394,0.23257365813197597,0.10826780337224122,20.659285714285677,13809245.05,0.5749058979219216,-36680935.0,-0.011499379882068728,0.00785815696502584,-0.02432188647636069,-0.039717181538591606,-0.05848401637220868,-0.017070716905202343,13.69462923878486,16.603588826410974,1,0,0.0071537843519222655,ICICIBANK.NS,IN,Banking
2024-08-19,905.34,902.8,899.49,900.96,12715121,909.0939999999998,915.491,931.6764999999999,936.242,917.986227535214,928.5050080686963,41.63320906223117,32.40198287516898,-10.5187805334823,-7.362109126811889,-3.1566714066704105,931.6764999999999,24.034515153924307,979.7455303078485,883.6074696921513,0.18049594714660744,0.10318824250219259,20.7078571428571,13609668.3,0.9342711214886021,-49396056.0,-0.00841945389110832,0.0036738589948457994,-0.004837961428850109,-0.03590116745674199,-0.08203001620018946,-0.007130026558522351,2.359171882485054,15.633056212196538,1,1,0.0383035872846742,ICICIBANK.NS,IN,Banking
2024-08-20,899.69,904.96,891.77,897.63,16757149,905.966,911.6689999999999,928.1205,935.8531999999999,914.8544781069668,926.2082422882122,41.678030574894116,40.744238760861364,-11.353764181245424,-8.160440242791196,-3.1933239384542276,928.1205,23.516307326261174,975.1531146525224,881.0878853474776,0.17585791024547445,0.10135023340713134,20.588571428571388,13627811.45,1.2296286774918157,-66153205.0,-0.0036960575386255634,0.014694250414965365,-0.002289677555600006,-0.04083987818560675,-0.07341419354838707,-0.017125275110317806,8.3678423531577,8.140547824809198,1,1,0.0498089413232623,ICICIBANK.NS,IN,Banking
2024-08-21,897.17,911.14,893.01,901.07,6550104,905.49,909.059,923.7555,935.4945999999999,912.7337764958311,924.3388186911266,35.54374553819311,37.930352196280204,-11.605042195295482,-8.849360705843846,-2.7556814894516357,923.7555,19.5043588852934,962.7642177705868,884.7467822294132,0.20922525403649161,0.0844568021961322,20.51928571428568,13191926.65,0.4965236448973399,-59603101.0,0.0038323139823759345,0.02012052337773966,0.004347002240373334,-0.028150177421616185,-0.08832724586946183,-0.0026343461176601135,13.280022847161604,8.002345694268115,1,1,0.04895291153850412,ICICIBANK.NS,IN,Banking
2024-08-22,900.12,916.85,911.07,913.64,9730219,904.382,908.963,920.9664999999999,935.5936,912.8731962013691,923.5434252660114,37.477879510656265,59.560893225745886,-10.670229064642285,-9.213534408285106,-1.456694656357179,920.9664999999999,16.36666486136437,953.6998297227286,888.2331702772711,0.38808807318949967,0.07108473483605147,19.639285714285684,13168349.05,0.7389095037005035,-49872882.0,0.013950081569689354,0.00632634297972248,0.015020219526268678,-0.0010496391865296717,-0.057539559736749735,-0.006027111120781581,31.62689804726499,17.758254415861426,1,1,0.049275425769449654,ICICIBANK.NS,IN,Banking
2024-08-23,913.58,921.66,909.87,915.11,13340645,905.682,908.0350000000001,918.731,935.4298,913.2173213348975,922.9166195620028,41.90046760187041,44.78606200358706,-9.69929822710526,-9.31068717859722,-0.3886110485080394,918.731,13.600003057275527,945.931006114551,891.530993885449,0.4334375149552574,0.05921212218706323,18.820714285714253,13255835.55,1.006397819532559,-36532237.0,0.0016089488201043167,0.012883697041871556,0.0016747301823576456,-0.010039052780752677,-0.046581650726177815,0.0071537843519222655,33.75271149625815,26.219877463561577,1,1,0.06260449563440451,ICICIBANK.NS,IN,Banking
2024-08-26,915.02,938.18,933.3,935.47,16102961,912.5840000000001,910.8389999999999,919.0584999999999,935.1428,916.6408227531275,923.8494036134268,49.86309266464909,77.50921753379761,-7.208580860299321,-8.89026589226857,1.6816850319692485,919.0584999999999,13.933063393465371,946.9246267869306,891.1923732130691,0.794470417878503,0.06064059423181535,18.8185714285714,12671021.5,1.270849373047834,-20429276.0,0.02224869141414687,0.0052166290741496564,0.022349238267991626,0.030900455131525284,0.007051199242130712,0.0383035872846742,63.19595083061186,42.85852012471167,1,1,0.05880466503468851,ICICIBANK.NS,IN,Banking
2024-08-27,934.73,943.65,941.29,942.34,6977625,921.5260000000001,913.7459999999999,919.9604999999999,934.5228,920.5945544399138,925.2230371488738,55.537708987369534,93.06827643630301,-4.62848270895995,-8.037909218839662,3.4094265098797116,919.9604999999999,14.84438170345615,949.6492634069123,890.2717365930876,0.8769018549609355,0.06454356117872471,15.063571428571395,12459412.95,0.5600283470796795,-13451651.0,0.00734390199578816,0.0025044039306381023,0.008141388422316468,0.031830674389830005,0.019517472682029746,0.0498089413232623,97.47494217236954,64.80786816641317,1,1,0.05657193794171955,ICICIBANK.NS,IN,Banking
2024-08-28,939.6,954.1,938.04,945.18,5916751,930.348,917.9189999999999,921.1785,934.3915999999999,924.3769404830508,926.7052870210317,62.01666142722413,100.0,-2.328346537980906,-6.895996643261957,4.567650105281051,921.1785,15.881753275544613,952.9420065510892,889.4149934489108,0.8778156539568063,0.06896276139978243,14.886428571428544,11994115.8,0.49330443405386876,-7534900.0,0.003013774221618526,0.016991472523734175,0.005938697318001265,0.04618960650838444,0.02645468169674836,0.04895291153850412,85.68907428067229,82.11998909455123,1,1,0.06914026957828145,ICICIBANK.NS,IN,Banking
2024-08-29,937.5,965.71,953.02,958.66,8128862,939.3520000000001,921.867,922.2355,934.3272000000001,929.6512688986629,929.078167187709,63.0871458031009,100.0,0.5731017109538925,-5.4021769311789285,5.975278642132821,922.2355,17.63346832021451,957.502436640429,886.968563359571,1.0164114531743533,0.07648141204798718,15.534999999999984,11333287.45,0.7172553699539872,593962.0,0.014261833724793282,0.013237226962621595,0.022570666666642557,0.04295132618203179,0.022548852291151,0.049275425769449654,90.46524208695601,91.20975284666595,1,1,0.058894707195460416,ICICIBANK.NS,IN,Banking
2024-08-30,961.9,973.3,971.68,972.4,15441369,950.8100000000001,928.2459999999999,923.5459999999999,935.076,936.2280089645693,932.2945520695021,75.43653590165222,100.0,3.933456895067252,-3.5350501246930985,7.4685070197603505,923.5459999999999,20.28242132332456,964.1108426466491,882.9811573533508,1.1021716936566677,0.08784585206715252,15.213571428571413,11389786.1,1.3557205999048043,16035331.0,0.014332505789330874,0.001665981077744075,0.010915895623234311,0.07020613904755613,0.027700567539288956,0.06260449563440451,98.8961118594518,91.68347607569336,1,1,0.03499588646647478,ICICIBANK.NS,IN,Banking
2024-09-02,974.54,999.1,983.59,990.48,6294836,961.8119999999999,937.1980000000001,926.3445000000002,936.5623999999999,944.5744822292468,936.6137369406704,77.58485173276175,100.0,7.9607452885763905,-1.2358910014165756,9.196636289992966,926.3445000000002,25.151618860737347,976.6477377214749,876.0412622785254,1.1374887870436479,0.10860589709642667,15.750714285714277,10985262.45,0.5730254926202977,22330167.0,0.01859317153434814,0.01565907438815961,0.016356434830775236,0.09936068193926473,0.05989235000160509,0.05880466503468851,91.96869467910213,93.77668287516998,1,1,0.022716258783620047,ICICIBANK.NS,IN,Banking
2024-09-03,987.83,997.93,993.82,995.65,6340649,972.4739999999999,947.0,929.3344999999999,938.0666,952.4322646338688,940.995389807329,84.07243163340726,100.0,11.436874826539793,1.2986622000000403,10.138212626539753,929.3344999999999,29.516784248431104,988.3680684968622,870.3009315031377,1.0616761927788863,0.12704482292823246,15.513571428571415,10015492.45,0.6330840344166967,28670816.0,0.005219691462725162,0.00412795661125473,0.007916341880679894,0.10919866760246433,0.06389912913394236,0.05657193794171955,96.7856144591746,95.8834736659095,1,1,0.012594787324863299,ICICIBANK.NS,IN,Banking
2024-09-04,992.45,1018.95,1003.79,1010.53,8214286,985.5440000000001,957.9460000000001,933.5025000000002,939.763,961.3703878153974,946.155475328116,83.97173670509486,100.0,15.214912487281367,4.081912288928799,11.133000198352569,933.5025000000002,34.63657192150652,1002.7756438430132,864.2293561569871,1.0559694257092167,0.14841555077343405,15.834285714285711,9870678.7,0.8321905126756368,36885102.0,0.014945010796966862,0.01500202863842249,0.018217542445444816,0.12147779861719954,0.0899079996117218,0.06914026957828145,93.3794621788537,94.04459043904347,0,1,-0.0016427023443142952,ICICIBANK.NS,IN,Banking
2024-09-05,1007.54,1034.76,999.41,1015.12,8137530,996.836,968.094,938.5285,941.5808000000001,969.6395667867765,951.272565628674,91.45325756986065,100.0,18.36700115810254,6.938930088608864,11.428071069493676,938.5285,38.79300564670485,1016.1145112934097,860.9424887065903,0.9935909110558455,0.16533544009228707,17.37785714285715,9870883.15,0.8243972754963393,45022632.0,0.004542170940001755,0.03482346914647057,0.007523274510185717,0.11107219473753349,0.10990596982287326,0.058894707195460416,86.26477375979955,92.14328346594262,1,0,0.003152336669556277,ICICIBANK.NS,IN,Banking
2024-09-06,1017.81,1006.64,1006.27,1006.43,8129097,1003.642,977.226,942.6305,943.1828,975.2996379907775,955.364674622688,90.71886340823096,86.66155026861084,19.934963368089484,9.53813676331546,10.396826604774024,942.6305,41.46478334239298,1025.5600666847859,859.700933315214,0.8846607582167669,0.17595349754691356,17.358571428571434,9977297.0,0.8147593667143148,36893535.0,-0.008560564268263904,0.0003676360998774251,-0.01118086872794413,0.09979128192239184,0.0887504191953612,0.03499588646647478,80.18742569354367,86.61055387739897,1,1,0.004361952644496014,ICICIBANK.NS,IN,Banking
2024-09-09,1013.96,1027.84,1001.09,1012.98,4510789,1008.142,984.9770000000001,947.908,944.7651999999999,981.0966207095921,959.63863978054,93.4528742560084,85.00690131124908,21.457980929052155,11.922105610265035,9.53587531878712,947.908,43.41972248935549,1034.747444978711,861.0685550212891,0.8746684471272128,0.18322336129375286,18.327142857142853,9482476.35,0.47569731342411276,41404324.0,0.006508152578917681,0.02640723410133811,-0.0009665075545377053,0.08285674580692048,0.11631751209459695,0.022716258783620047,84.63492063432359,83.69570669588893,0,1,-0.023435803273509803,ICICIBANK.NS,IN,Banking
2024-09-10,1012.89,1009.35,1007.27,1008.19,8400533,1010.65,991.5620000000001,952.6539999999999,946.5638,985.2648353102253,963.2398452819356,89.94630071599045,69.82314752630401,22.02499002828972,13.942682503228642,8.08230752506108,952.6539999999999,44.605765428627016,1041.8655308572538,863.4424691427458,0.8112602119116826,0.18729051860835175,17.439999999999998,9443735.0,0.8895349255845356,33003791.0,-0.00472862248020689,0.002063103184913536,-0.004640187976972121,0.06987923679351393,0.10393421441632822,0.012594787324863299,78.72527824422517,81.18254152403081,0,1,-0.008966563842133013,ICICIBANK.NS,IN,Banking
2024-09-11,1015.5,1040.92,983.23,1008.87,4646773,1010.318,997.9310000000002,957.925,948.192,988.8964008795188,966.6240407139363,88.96800065471805,66.4509706321553,22.272360165582427,15.608618041872269,6.663742123710158,957.925,44.713914059566854,1047.3528281191336,868.4971718808663,0.7848386294887285,0.1867115444717286,20.433571428571433,8982470.0,0.5173156695969294,37650564.0,0.0006744760412222828,0.05718278866448886,-0.006528803545045265,0.06738399035104425,0.11668603685870815,-0.0016427023443142952,75.54368561560055,79.63462816471643,1,0,0.01673159078969544,ICICIBANK.NS,IN,Banking
2024-09-12,1010.03,1034.83,1005.12,1018.32,7888978,1010.958,1003.8970000000002,962.8820000000002,950.2436,993.4231103042881,970.4577596697272,89.64431128524237,61.20863309352526,22.965350634560878,17.079964564771473,5.885386069789405,962.8820000000002,45.67752650230128,1054.2370530046028,871.5269469953976,0.8034205453112889,0.18975337165822545,21.71357142857143,9108164.7,0.866143443130377,45539542.0,0.009366915459871006,0.029175504752897662,0.00820767699968503,0.06223269981015167,0.10785700298091783,0.003152336669556277,79.0001858383293,77.75638323271833,0,0,-0.011371670987508908,ICICIBANK.NS,IN,Banking
2024-09-13,1019.49,1015.34,1007.2,1010.82,10624229,1011.836,1007.7389999999999,967.9925000000001,952.0654000000001,996.0995558072939,973.4507276489508,82.11576165714771,44.29102496017001,22.64882815834312,18.19373728612703,4.455090872216093,967.9925000000001,44.99856709706976,1057.9896341941396,877.9953658058605,0.7379381320458251,0.18594593283325353,20.860000000000007,9242425.3,1.1495064883557686,34915313.0,-0.007365071883101537,0.008052867968571985,-0.00850425212605465,0.03951048951048963,0.11249050747845613,0.004361952644496014,70.742612752034,75.09549473532128,0,1,-0.014394254169881937,ICICIBANK.NS,IN,Banking
2024-09-16,1021.83,996.24,983.64,989.24,2941062,1007.0880000000001,1007.615,972.4064999999998,953.1306,995.044239217487,974.6214523701035,67.76246023329796,32.99703264094964,20.422786847383463,18.639547199224076,1.7832396481593875,972.4064999999998,42.327658031997245,1057.0618160639942,887.7511839360053,0.5994237620392067,0.17411507649096838,22.21714285714287,8753722.35,0.33597840397823403,31974251.0,-0.021349003779110087,0.012737050665144238,-0.03189375923584954,-0.0012519182618528912,0.09798437222518208,-0.023435803273509803,49.7667185065147,66.503172365626,1,1,0.04650034369819256,ICICIBANK.NS,IN,Banking
2024-09-17,992.41,1003.89,995.36,999.15,26741663,1005.28,1007.9649999999999,977.4825000000001,954.1488,995.6758948803844,976.4400344371325,69.40110719677905,37.173066221480205,19.23586044325191,18.75880984821065,0.47705059504125913,977.4825000000001,38.83118414164217,1055.1448682832845,899.8201317167158,0.6394980637232508,0.158902831064914,22.116428571428578,9252948.05,2.8900691936696656,58715914.0,0.010017791435849688,0.008537256668159372,0.006791547848160758,0.0035152915181038136,0.11309782427057913,-0.008966563842133013,52.48009101191712,57.66314075682194,1,0,0.031186508532252466,ICICIBANK.NS,IN,Banking
2024-09-18,1011.79,1025.85,1025.67,1025.75,3881547,1008.6560000000002,1009.4869999999999,983.7165000000001,955.7374000000001,1000.3026812620311,980.0957004411044,72.03863083897247,61.59535129424191,20.206980820926674,19.04844404310552,1.1585367778211548,983.7165000000001,35.8086895180488,1055.3338790360976,912.0991209639025,0.7934587984434629,0.14560572895956259,22.557142857142853,9119520.2,0.42563056928909826,62597461.0,0.026622629234849704,0.0001754813551056893,0.013797329485353917,0.015061403421966713,0.1383688281709523,0.01673159078969544,78.09069901678083,60.11250284507088,0,1,-0.043421886424567346,ICICIBANK.NS,IN,Banking
2024-09-19,1032.45,1007.31,1006.28,1006.74,11844952,1006.3399999999999,1008.649,988.3715,957.0945999999999,1001.2930381681967,982.0708911226087,60.90297180594361,48.86762360446571,19.22214704558803,19.083184643635764,0.1389624019522664,988.3715,32.07636271462239,1052.5242254292448,924.2187745707552,0.6431622731259939,0.12981500463981388,22.902142857142856,9225256.85,1.283969748336086,50752509.0,-0.018532780892030254,0.0010231042771708184,-0.024901932296939447,-0.008255181653400556,0.10190009193993266,-0.011371670987508908,40.75229675783056,57.107695595509504,1,1,0.0001589288197547667,ICICIBANK.NS,IN,Banking
2024-09-20,997.33,1008.54,986.45,996.27,64342480,1003.4300000000001,1007.633,992.4295,958.0694,1000.5202629483691,983.1234362554334,51.93167411756854,38.40328179236349,17.396826692935747,18.745913053233675,-1.3490863602979282,992.4295,27.0620724057629,1046.5536448115258,938.3053551884742,0.5354786206122802,0.1090740346018962,22.572857142857135,11775348.6,5.464167280434714,-13589971.0,-0.010399904642708124,0.022172704186593742,-0.001062837776863221,-0.010095088580427847,0.08868879151140296,-0.014394254169881937,22.603570809107154,47.148855527906186,1,0,0.019874130506790433,ICICIBANK.NS,IN,Banking
2024-09-23,993.48,1043.31,1028.77,1035.24,11949565,1012.6299999999999,1009.859,997.418,959.4852000000001,1005.861761640775,986.9865027897159,60.777481352425546,59.64912280701752,18.875258851059016,18.771782212814824,0.10347663824419229,997.418,25.136900030789615,1047.6918000615792,947.1441999384208,0.8761601465653736,0.1008078860849289,25.40071428571428,11567678.8,1.0330131198825194,-1640406.0,0.03911590231563733,0.014045052354995865,0.04203406208475053,0.021974767517621174,0.10665227105091546,0.04650034369819256,86.56790945262047,49.97459233985273,0,0,-0.0007244696881882895,ICICIBANK.NS,IN,Banking
2024-09-24,1040.11,1043.96,1019.39,1030.31,17229097,1018.8619999999999,1012.0709999999999,1001.8165000000001,960.8817999999999,1009.6230294884774,990.1976367250419,55.693069306930674,68.68686868686865,19.425392763435525,18.902504323003978,0.5228884404315473,1001.8165000000001,22.556096917638698,1046.9286938352775,956.7043061647228,0.8158070753910256,0.09006079224135824,25.491428571428564,12080252.4,1.4262198340971888,-18869503.0,-0.004762180750357503,0.023847191621915932,-0.009422080356876228,0.02194030887035181,0.09335271770273978,0.031186508532252466,77.52346451379002,62.23164825850588,1,0,0.013500791024060765,ICICIBANK.NS,IN,Banking
2024-09-25,1031.67,982.61,980.1,981.21,7407787,1009.9540000000001,1009.3050000000001,1003.618,961.1532,1005.2517937815161,989.531504390171,42.230674059478545,43.9830963241213,15.72028939134509,18.266061336418986,-2.545771945073895,1003.618,18.944238563131968,1041.506477126264,965.7295228737361,0.2042900414612964,0.07550378157072944,26.55285714285713,12154804.2,0.6094533707541443,-26277290.0,-0.04765555997709414,0.002558066061289054,-0.048910988978986616,-0.02741681286984443,0.03811972322732182,-0.043421886424567346,1.738177262735095,55.27651707638186,1,1,0.055716920944548054,ICICIBANK.NS,IN,Banking
2024-09-26,982.76,1010.3,1004.19,1006.9,8529730,1009.9860000000001,1008.1629999999999,1006.03,962.195,1005.50536398866,990.8187421646619,50.099902223355876,43.63906323817236,14.686621823998053,17.55017343370694,-2.863551609708889,1006.03,15.714549409954733,1037.4590988199095,974.6009011800905,0.5138406768274085,0.06248143458918371,27.998571428571406,12174847.6,0.7006025520514482,-17747560.0,0.02618195900979403,0.006068129903658587,0.024563474296853172,-0.011214549454002687,0.05032023866647206,0.0001589288197547667,41.966802379549456,40.40948138535819,1,1,0.0415532823517728,ICICIBANK.NS,IN,Banking
2024-09-27,1007.03,1020.41,1012.6,1016.07,22884257,1013.9459999999999,1008.6879999999999,1008.2134999999998,963.2153999999999,1007.1306927125531,992.6901244863202,50.64956905612782,53.372370418564316,14.440568226232926,16.92825239205378,-2.487684165820852,1008.2134999999998,13.700682762472416,1035.6148655249447,980.812134475055,0.6433596437411977,0.054356275778726725,27.05285714285713,12546992.0,1.8238837783682513,5136697.0,0.009107160591915964,0.007686478293810721,0.008976892446095052,0.005193803050988377,0.0449095022624435,0.019874130506790433,56.32633886538797,33.34377283589084,1,1,0.007440432253683182,ICICIBANK.NS,IN,Banking
2024-09-30,1012.88,1048.12,1023.59,1034.49,32457481,1013.7959999999999,1013.2130000000001,1010.414,964.2757999999999,1011.339817144573,995.78781975753,55.2290440591697,63.0639868744873,15.551997387043002,16.653001390995552,-1.10100400395255,1010.414,14.226733323312345,1038.8674666466247,981.9605333533752,0.9230767431274131,0.056320412517238655,28.934285714285686,13855124.25,2.342633531948764,37594178.0,0.01812867223714898,0.02371216734813884,0.021335202590611602,0.04574218592050472,0.04443300218076085,-0.0007244696881882895,79.96177594707508,59.41830573067083,0,1,-0.0028903131011416283,ICICIBANK.NS,IN,Banking
2024-10-01,1034.9,1051.97,1038.01,1044.22,4593507,1016.5780000000001,1017.72,1012.8425000000001,965.7851999999999,1016.3983070525437,999.3768993837208,56.78424749548996,53.83629528366372,17.021407668822917,16.726682646573032,0.29472502224988517,1012.8425000000001,15.648300016968843,1044.1391000339377,981.5458999660624,1.0012924721051704,0.061799539482015685,26.062142857142824,13767767.15,0.333642094343374,42187685.0,0.009405600827461003,0.01336883032309922,0.009005701033907557,0.04510834209077719,0.04878220258122834,0.013500791024060765,89.21664115640438,75.16825198962248,0,0,-0.012257953304859126,ICICIBANK.NS,IN,Banking
2024-10-02,1039.92,1049.11,1025.31,1035.88,15132198,1027.5120000000002,1018.733,1014.1099999999999,966.7354,1019.3954907021954,1002.0818870093384,53.38447305527717,52.3121627231217,17.313603692856987,16.844066855845124,0.4695368370118622,1014.1099999999999,16.4569041662415,1047.023808332483,981.1961916675169,0.8307122618454997,0.06491171240289628,25.63999999999997,14113662.75,1.07216653790551,27055487.0,-0.007986822700197238,0.022975634243326423,-0.003884914224167319,0.009875700706799995,0.025085846041186466,0.055716920944548054,77.61235564105185,82.26359091484376,1,0,0.00705680194617142,ICICIBANK.NS,IN,Banking
2024-10-03,1033.25,1052.04,1046.1,1048.74,14544149,1035.88,1022.9330000000002,1015.7909999999999,968.3218,1023.9100307461832,1005.5392912075282,57.16066168139587,90.0961881011757,18.370739538655016,17.149401392438946,1.2213381462160697,1015.7909999999999,18.19118609599061,1052.1733721919811,979.4086278080188,0.9528154434953164,0.07163357854508529,25.99999999999996,14433993.7,1.0076315879484146,41599636.0,0.012414565393674915,0.005663939584639082,0.014991531575112526,0.04171881518564868,0.033119237134525914,0.0415532823517728,95.41284403537101,87.41394694427574,0,0,-0.01814558422487933,ICICIBANK.NS,IN,Banking
2024-10-04,1048.07,1029.44,1018.99,1023.63,3634446,1037.392,1025.669,1016.6510000000001,969.5979999999998,1023.8669490916967,1006.8797916264755,56.4086318064925,60.00239148630876,16.98715746522123,17.116952606992694,-0.12979514177146356,1016.6510000000001,18.131820502554525,1052.9146410051092,980.387358994891,0.5962258588212426,0.07133940950252038,26.183571428571383,14209261.15,0.2557800652583498,37965190.0,-0.023943017335087857,0.010208766839570779,-0.023319053116658835,0.027462434882110198,0.01709011058891341,0.007440432253683182,60.508757296907035,77.8446523244433,1,1,0.008284243330109353,ICICIBANK.NS,IN,Banking
2024-10-07,1023.06,1034.04,1029.48,1031.5,13005769,1036.794,1025.295,1017.577,971.6496,1025.0412646443626,1008.7040751795655,56.07466105832427,59.37082472974613,16.33718946479712,16.96099997854317,-0.6238105137460508,1017.577,18.405323057260357,1054.3876461145207,980.7663538854792,0.6891164848885749,0.07234960325259823,25.88071428571424,14634010.15,0.8887357585483321,50970959.0,0.007688324883014408,0.004420746485696098,0.008249760522346496,-0.0036126888450986883,0.01828269067503796,-0.0028903131011416283,71.44842924560125,75.79001019262643,1,0,0.005428986912263678,ICICIBANK.NS,IN,Banking
2024-10-08,1035.6,1036.51,1027.36,1031.42,4933181,1034.234,1025.406,1018.7385,973.7920000000001,1026.0226085652494,1010.3872184505041,51.18248175182484,47.60118768557591,15.635390114745292,16.695878005769437,-1.0604878910241453,1018.7385,18.514423474117738,1055.7673469482356,981.7096530517646,0.6712381162861597,0.07269548946702059,24.62714285714282,14460642.55,0.34114532890204596,46037778.0,-7.755695588940181e-05,0.008871264858148202,-0.004036307454611626,0.001077345653250017,0.02304129181999426,-0.012257953304859126,71.33722546467435,67.76480400239421,1,1,0.004741036629113182,ICICIBANK.NS,IN,Banking
2024-10-09,1031.64,1046.23,1040.76,1043.19,11412358,1035.696,1031.604,1020.4545000000002,976.2394,1028.6637457546472,1012.8176988098649,57.83837254311644,49.22005149174619,15.846046944782302,16.52591179356475,-0.6798648487824472,1020.4545000000002,19.131799231701127,1058.7180984634024,982.190901536598,0.7970904581929023,0.07499324754482384,24.294285714285675,14798921.8,0.7711613983147476,57450136.0,0.01141145217273265,0.005243531859004384,0.01119576596486057,0.06316690616687559,0.034018258051086825,0.00705680194617142,87.69808173356006,76.82791214794521,0,0,-0.013612093674210901,ICICIBANK.NS,IN,Banking
2024-10-10,1038.35,1044.41,1017.94,1029.71,21899728,1031.89,1033.885,1021.024,978.0831999999999,1028.824707948591,1014.0692877740327,57.09918478260872,45.66530841646755,14.755420174558253,16.17181346975135,-1.416393295193096,1021.024,19.23416735094673,1059.4923347018935,982.5556652981065,0.6128980506525488,0.07535245929940097,24.607142857142826,15499459.3,1.4129348749001278,35550408.0,-0.012921903009039615,0.025706266812961242,-0.008320893725614247,0.022653689542159183,0.011185089166470208,-0.01814558422487933,68.96024464735954,75.99851728186466,1,1,0.010973963543133403,ICICIBANK.NS,IN,Banking
2024-10-11,1024.71,1051.57,1016.55,1032.11,9082930,1033.586,1035.489,1022.0885000000001,979.8015999999999,1029.330137501208,1015.4059407968375,49.213370193515935,36.30373908746487,13.924196704370388,15.722290116662869,-1.7980934122924808,1022.0885000000001,19.2288506581021,1060.5462013162044,983.6307986837959,0.630292498724396,0.0752531729222403,23.7485714285714,15422394.35,0.5889441810995981,44633338.0,0.002330753318895429,0.033930491904899725,0.007221555366877109,0.015786313935063356,0.02106210799153141,0.008284243330109353,72.29635807516952,76.3182281520297,0,0,-0.024396624390811028,ICICIBANK.NS,IN,Banking
2024-10-14,1032.0,1038.06,1036.33,1037.1,20532059,1034.706,1035.7500000000002,1024.4815,981.8534000000001,1030.525500975061,1017.0132465881186,51.70594442490327,66.59275683665925,13.512254386942459,15.280282970709118,-1.7680285837666592,1024.4815,17.854702248103603,1060.1909044962074,988.7720955037929,0.6766831480018562,0.0697121509684116,22.418571428571397,16301944.2,1.2594852177518054,65165397.0,0.0048347559853116895,0.0016681130074229584,0.004941860465111403,0.002522982339123514,0.04838057498685844,0.005428986912263678,79.23269391049153,73.49643221100688,0,1,-0.037277022466493004,ICICIBANK.NS,IN,Banking
2024-10-15,1044.25,1063.14,1014.85,1036.31,5740185,1035.684,1034.959,1026.3395,983.8626,1031.4154239098493,1018.4429144691012,68.28135368281356,57.17696210086538,12.972509440748127,14.818728264708842,-1.8462188239607151,1026.3395,16.9925722085614,1060.3246444171227,992.3543555828772,0.6466890926955989,0.06622593092653967,22.281428571428552,15251870.3,0.3763593913882554,59425212.0,-0.0007617394658181453,0.04659802568724945,-0.007603543212824947,-0.007575032081362232,0.037191612870940194,0.004741036629113182,54.4868532645547,68.67196841673858,0,0,-0.05358435217261237,ICICIBANK.NS,IN,Banking
2024-10-16,1035.05,1036.88,1022.68,1028.99,7750303,1032.8439999999998,1034.27,1026.5014999999999,985.8989999999999,1031.0422817670787,1019.2243211280796,58.34655784780476,47.01840490797536,11.817960638999125,14.218574739558496,-2.4006141005593715,1026.5014999999999,17.00209809808359,1060.505696196167,992.4973038038327,0.5365910722474901,0.06625259913625857,21.217857142857138,15445308.1,0.5017900871922337,51674909.0,-0.007063523463056387,0.013799939746728695,-0.005854789623683968,-0.006651349577171173,0.0031586643919083723,-0.013612093674210901,32.42975860640219,55.383101927149475,0,0,-0.06199282791863858,ICICIBANK.NS,IN,Banking
2024-10-17,1017.63,1048.42,1035.09,1041.01,2617982,1035.104,1033.4969999999998,1028.2150000000001,988.4272,1032.5757768895512,1020.8383449084128,59.22473738718747,47.341463414634056,11.737431981138457,13.72234618786893,-1.9849142067304726,1028.2150000000001,16.628468771484247,1061.4719375429686,994.9580624570317,0.6923658782889458,0.06468868387046696,21.64071428571429,14983959.6,0.17471895915156105,54292891.0,0.011681357447594243,0.012804872191417325,0.022974951603212387,-0.007370749661498532,0.03404056658124244,0.010973963543133403,54.17270656338414,47.02977281144701,0,0,-0.032987195127808566,ICICIBANK.NS,IN,Banking
2024-10-18,1040.66,1018.07,998.03,1006.93,11951266,1030.0679999999998,1031.827,1028.748,990.078,1028.6302727315465,1019.8079376594195,40.864492177141294,31.509740259740127,8.822335072126975,12.742343964711761,-3.920008892584786,1028.748,15.695289135681712,1060.1385782713635,997.3574217286366,0.152475341302387,0.061026759267250916,22.421428571428585,12364398.9,0.9665868215731197,42341625.0,-0.03273743768071391,0.019902078595314645,-0.03241212307570938,-0.01631448863358831,0.010699910666787105,-0.024396624390811028,13.669175241688324,33.42388013715822,0,0,-0.010278768136811833,ICICIBANK.NS,IN,Banking
2024-10-21,1012.27,1005.1,993.12,998.44,11507827,1022.336,1028.521,1026.908,991.8982,1023.9856153671634,1018.2249006017606,34.69919786096253,25.12926577042404,5.760714765402781,11.346018124839958,-5.585303359437177,1026.908,16.99723928048053,1060.902478560961,992.9135214390388,0.08128494383241505,0.06620744713436455,22.159285714285723,12342312.0,0.9323881998455232,30833798.0,-0.008431569225268776,0.011998718000068125,-0.013662362808328079,-0.03205041202132808,-0.03554731270043654,-0.037277022466493004,7.597829191551077,25.146570332207844,1,1,0.009554905652818357,ICICIBANK.NS,IN,Banking
2024-10-22,1002.58,983.31,978.76,980.78,6681768,1011.2299999999999,1023.457,1024.4315,993.2484000000001,1017.3385975928567,1015.4508361650504,32.664233576642246,14.95769039323045,1.8877614278062538,9.454366785422371,-7.566605357616117,1024.4315,19.845156448708035,1064.121812897416,984.7411871025838,-0.04990118259803153,0.0774874901784597,21.865000000000016,11814945.55,0.5655351864456805,24152030.0,-0.017687592644525574,0.004639164746421538,-0.02174390073607924,-0.049097360919896915,-0.048072910095019905,-0.05358435217261237,2.3939322113961126,7.886978881545171,1,1,0.01766960990232258,ICICIBANK.NS,IN,Banking
2024-10-23,977.45,986.16,948.44,965.2,9630276,998.472,1015.658,1023.631,994.4834,1009.3172748602128,1011.728094618016,24.15862410294477,12.6326852338413,-2.4108197578032105,7.081329476766371,-9.492149234569581,1023.631,21.89716513735614,1067.4253302747122,979.8366697252877,-0.1671069021184699,0.08556663538847391,23.405000000000022,11926070.0,0.8074977920222007,14521754.0,-0.015885315769081698,0.039079983423084164,-0.012532610363688646,-0.07476106941209171,-0.016316588701705048,-0.06199282791863858,14.612031386097527,8.201264263014906,1,1,0.036189390799834076,ICICIBANK.NS,IN,Banking
2024-10-24,962.35,1023.06,993.55,1006.67,14554437,991.6039999999999,1013.354,1023.6195000000001,996.2331999999999,1008.9100018036763,1011.3533783141672,45.235955056179755,41.36890951276099,-2.443376510490907,5.176388279307925,-7.6197647897988325,1023.6195000000001,21.906472841798028,1067.4324456835961,979.8065543164041,0.30656972801245824,0.08560396843466386,25.412857142857156,12227305.35,1.1903224294367991,29076191.0,0.04296518856195597,0.029314472468605083,0.046053930482624704,-0.022375231861397893,-0.00022842387526067487,-0.032987195127808566,50.767218831292254,22.5910608095953,1,0,0.008900632779361706,ICICIBANK.NS,IN,Banking
2024-10-25,999.13,998.97,994.68,996.58,12567435,989.534,1009.801,1022.6450000000001,997.9925999999999,1007.0130784448537,1010.2589387116982,40.31184108312061,32.558687289000545,-3.2458602668444883,3.491938570072498,-6.737798836916986,1022.6450000000001,22.679835815798842,1068.0046716315978,977.2853283684024,0.21268530985070278,0.08871049412367611,25.525714285714304,11711464.25,1.0730881859552117,16508756.0,-0.010023145618723084,0.004304722149747911,-0.002552220431773045,-0.034424625282188814,-0.019181749288926908,-0.010278768136811833,41.970357453862476,35.78320255708409,1,1,0.015583294868450004,ICICIBANK.NS,IN,Banking
2024-10-28,999.77,1011.99,1004.77,1007.98,15323602,991.442,1006.8889999999999,1021.3195,1000.133,1007.1618356074765,1010.0901119706641,43.88117364519158,50.50148056165826,-2.9282763631875923,2.207895583417464,-5.136171946605057,1021.3195,22.725760128564787,1066.7710202571295,975.8679797428704,0.35325573352784895,0.08900548801248791,25.97285714285715,10854770.3,1.4116927548717677,31832358.0,0.01143912179654416,0.0071628405325431695,0.008211888734400737,-0.028078295246359963,-0.025626153950255692,0.009554905652818357,51.90932868306961,48.21563498940812,1,1,0.004890970058929689,ICICIBANK.NS,IN,Banking
2024-10-29,1014.05,1000.47,996.22,998.11,6584693,994.908,1003.0690000000001,1019.0139999999999,1002.1426000000001,1005.7692455117001,1009.2026161212762,38.11432187302253,49.84444234939189,-3.433370609576059,1.0796423448166397,-4.513012954392699,1019.0139999999999,22.618907647318117,1064.2518152946361,973.7761847053637,0.26895435970857556,0.08878742646242707,25.755000000000013,10954329.6,0.601104096675702,25247665.0,-0.009791860949622033,0.004258047710167959,-0.015719145998702454,-0.03686155687004844,-0.04415736147555116,0.01766960990232258,43.30427201357184,45.72798605016797,1,1,0.02575868391259495,ICICIBANK.NS,IN,Banking
2024-10-30,997.33,1008.49,993.45,1000.13,26791128,1001.894,1000.183,1017.2265000000001,1004.1238000000001,1004.9016692779088,1008.5305142825856,41.699405095970334,60.69888311401088,-3.628845004676805,0.13794487491653556,-3.7667898795933406,1017.2265000000001,22.628492815591436,1062.483485631183,971.9695143688173,0.31111755719175155,0.08898113769379452,24.938571428571436,11537276.1,2.322136130369964,52038793.0,0.002023825029305426,0.01503804505412789,0.002807496014355476,-0.028046919795138958,-0.03451171950418974,0.036189390799834076,45.06538796822081,46.759662888287416,1,1,0.02148720666313375,ICICIBANK.NS,IN,Banking
2024-10-31,999.84,1019.27,1012.71,1015.63,10702858,1003.686,997.6450000000001,1015.5709999999999,1006.1636,1006.5521816986594,1009.0564428332289,45.692179004600604,77.90813503043722,-2.5042611345694468,-0.3904963269812962,-2.1137648075881508,1015.5709999999999,21.378247158711506,1058.3274943174229,972.8145056825769,0.5006899536601555,0.08420188114347674,23.804285714285722,11345211.55,0.9433810034700495,62741651.0,0.015497985261915925,0.006459045124694511,0.015792526804272854,-0.02438016925870068,-0.03157121879588842,0.008900632779361706,58.578901481616505,48.98285382113639,0,1,-0.011588866024044187,ICICIBANK.NS,IN,Banking
2024-11-01,1018.85,1018.92,1006.66,1012.11,26148308,1006.792,998.1629999999999,1014.9949999999999,1008.1036,1007.4072306689588,1009.2826484695127,43.417101311838174,55.19083969465655,-1.8754178005538051,-0.6874806216960836,-1.1879371788577215,1014.9949999999999,21.30475002632557,1057.604500052651,972.3854999473488,0.46614604727934933,0.08396001961114913,24.255000000000003,12470904.65,2.0967449144320964,36593343.0,-0.0034658290913028855,0.012113307842021004,-0.00661530156548402,0.0051443496568779334,-0.011254066410714803,0.015583294868450004,55.51002615470343,53.05143853484691,0,1,-0.018160081414075546,ICICIBANK.NS,IN,Banking
2024-11-04,1022.74,1021.16,1006.3,1012.91,15801529,1007.7779999999999,999.61,1014.0654999999999,1009.6524000000001,1008.2538105667645,1009.551359012206,43.83626593615003,68.9399211319879,-1.297548445441521,-0.809494186445265,-0.4880542589962559,1014.0654999999999,20.949322178458434,1055.964144356917,972.1668556430831,0.4862107710378048,0.08263498631375508,21.867142857142856,12610692.65,1.2530261568918535,52394872.0,0.0007904279179140605,0.014670602521433635,-0.009611435946565529,0.014492608469211854,-0.018022297624818218,0.004890970058929689,64.4828965786708,59.52394140499691,1,0,0.0004738821810428284,ICICIBANK.NS,IN,Banking
2024-11-05,1013.03,1027.11,1021.18,1023.82,4978242,1012.9200000000001,1003.914,1013.6854999999999,1011.2820000000002,1010.6486089428378,1010.6083603471062,48.663461041311216,68.5828249648053,0.040248595731554815,-0.6395456300097965,0.6797942257413513,1013.6854999999999,20.685224188701703,1055.0559483774034,972.3150516225966,0.6224847735142393,0.0816238337775624,21.86714285714284,12612945.7,0.394693018087518,57373114.0,0.010770947073283965,0.005792033755927954,0.010651214672802806,0.043883439711250416,-0.007368482286556399,0.02575868391259495,75.39507901504905,65.12933391614109,0,0,-0.016829130120529,ICICIBANK.NS,IN,Banking
2024-11-06,1032.79,1025.69,1018.37,1021.62,5345610,1017.2180000000001,1009.5559999999999,1012.607,1012.8108,1012.3365152603557,1011.424083780661,44.71921128601775,83.63376251788263,0.9124314796946464,-0.3291502080687551,1.2415816877634016,1012.607,19.599770433671885,1051.8065408673438,973.4074591326562,0.6149630811989125,0.07742300984943828,21.00214285714284,12309608.3,0.4342631735679864,52027504.0,-0.0021488152214257372,0.007165090738232302,-0.010815364207621244,0.058454206382096974,-0.02067696201075553,0.02148720666313375,93.02148213940495,77.63315257770826,0,0,-0.025009298956559123,ICICIBANK.NS,IN,Banking
2024-11-07,1025.44,1010.79,998.32,1003.86,7283839,1014.8639999999999,1009.275,1011.3145000000001,1013.7148,1011.0324359888574,1010.8637517523811,49.08232199438036,53.67922667192742,0.1686842364763379,-0.2295833191596973,0.3982675556360352,1011.3145000000001,19.261982319967558,1049.8384646399352,972.790535360065,0.40324853542363936,0.07618592364669352,19.59642857142855,11578813.85,0.6290660222449278,44743665.0,-0.017384154578023114,0.012422050883576884,-0.021044624746429822,-0.0027913814854917396,-0.02510415553893819,-0.011588866024044187,70.44616753437856,79.62090956294418,0,1,-0.01975375052298134,ICICIBANK.NS,IN,Banking
2024-11-08,1009.98,993.77,993.7,993.73,13323857,1011.1879999999999,1008.99,1009.3955,1014.1414,1008.3705227586378,1009.5945230295653,48.605766384465085,25.83848190644312,-1.2240002709274904,-0.4284667095133185,-0.7955335614141719,1009.3955,18.991086406383964,1047.377672812768,971.4133271872321,0.29377825384666073,0.07525726598291813,19.335714285714264,11790860.2,1.1300155920756663,31419808.0,-0.010091048552587023,7.044166926616474e-05,-0.016089427513400176,-0.00285978044913604,-0.03718595886097398,-0.018160081414075546,57.56959450797554,73.67908139391969,0,1,-0.015064454127378668,ICICIBANK.NS,IN,Banking
2024-11-11,993.45,1020.98,1007.31,1013.39,10337826,1011.284,1009.531,1008.21,1014.5996,1009.1427500268256,1009.8756821735825,59.54010882920838,51.04132769280831,-0.7329321467568661,-0.4893597969620434,-0.24357234979482273,1008.21,17.87805829560518,1043.9661165912105,972.4538834087897,0.5724351592574907,0.07092989871390867,19.876428571428544,11281148.55,0.9163805474061816,41757634.0,0.01978404596822081,0.013489377238759592,0.02007146811614059,0.005367169983531372,-0.02286182624626354,0.0004738821810428284,82.56006101331441,70.19194101855616,0,0,-0.03522829315465903,ICICIBANK.NS,IN,Banking
2024-11-12,1015.25,1010.82,1003.21,1006.59,3869076,1007.838,1010.3789999999999,1006.7239999999999,1014.8184,1008.7500192533448,1009.6322881276958,62.764448282242654,45.31574266231846,-0.8822688743509843,-0.5679416124398473,-0.314327261911137,1006.7239999999999,16.609643489313957,1039.9432869786278,973.504713021372,0.49798309938765245,0.06599482475553362,17.90928571428569,11187593.1,0.34583628664182586,37888558.0,-0.006710151077077842,0.0075601784241771264,-0.008529918739218358,0.008496057548767144,-0.028678677229786342,-0.016829130120529,39.03743315392059,59.72236289173684,0,0,-0.02282955324412128,ICICIBANK.NS,IN,Banking
2024-11-13,1001.24,996.79,995.49,996.07,9539189,1002.7280000000001,1009.973,1005.0780000000001,1014.5292,1006.7992470600054,1008.6276352806028,45.959749961884455,29.31265841657968,-1.8283882205973896,-0.8200309340713964,-1.0083572865259933,1005.0780000000001,15.90311376329883,1036.8842275265977,973.2717724734024,0.3583925114535271,0.06329106303504005,14.5692857142857,11277037.4,0.8458948760873245,28349369.0,-0.010451127072591548,0.0013051291575879702,-0.005163597139541763,-0.0040594722686050355,-0.03199253637061583,-0.025009298956559123,7.783719548194234,43.12707123847641,0,0,-0.022207274589135295,ICICIBANK.NS,IN,Banking
2024-11-14,1002.11,988.83,980.2,984.03,8187371,998.762,1006.8129999999999,1002.2289999999999,1013.9074,1003.2962859730652,1006.8055228772805,45.286562007060745,25.56234559875176,-3.5092369042152995,-1.3578721281002466,-2.151364776115053,1002.2289999999999,14.132540241733386,1030.4940804834666,973.9639195165331,0.17806566107563007,0.05640443548019178,14.846428571428557,11555506.85,0.7085254154364146,20161998.0,-0.012087503890288898,0.008770057823431425,-0.018041931524465378,-0.031113692978742336,-0.05473530513635794,-0.01975375052298134,8.16457045388679,18.32857438533387,0,0,-0.009196874079042239,ICICIBANK.NS,IN,Banking
2024-11-15,983.74,983.5,974.96,978.76,6371582,995.768,1003.4780000000001,1000.8205,1013.3539999999999,999.5214727457235,1004.7280077522236,38.49606299212598,30.518472524060826,-5.206535006500076,-2.1276047037802917,-3.078930302719784,1000.8205,15.015539836414481,1030.851579672829,970.7894203271711,0.13270551308063125,0.060012918745767044,14.393571428571411,11276522.65,0.5650306954306791,13790416.0,-0.00535552777862458,0.008725325922586987,-0.005062313212835664,-0.03295096382804241,-0.02797612545062711,-0.015064454127378668,7.286673058345346,7.74498768680879,1,0,0.023948669745392115,ICICIBANK.NS,IN,Banking
2024-11-18,982.08,982.77,973.62,977.69,4872881,988.628,999.9560000000001,999.783,1012.6482000000001,996.1627846304574,1002.7251307820926,41.362098138747896,35.51300578034683,-6.562346151635211,-3.0145529933513484,-3.5477931582838624,999.783,15.880619469556114,1031.5442389391123,968.0217610608878,0.152201854554454,0.06353626524771977,14.20714285714284,10944775.35,0.4452243558179241,8917535.0,-0.001093219992643668,0.00935879470997005,-0.0044701042684867996,-0.03477110503401082,-0.020782420576098692,-0.03522829315465903,7.608898859457785,7.68671412389664,1,0,0.017633401180333186,ICICIBANK.NS,IN,Banking
2024-11-19,978.37,1006.37,965.41,983.61,4948664,984.0319999999999,995.9350000000001,999.9245000000001,1012.1566,994.2315869947399,1001.3091548574603,43.23505323505323,14.223930802498742,-7.077567862720343,-3.827155967225201,-3.250411895495142,999.9245000000001,15.714121867054299,1031.3527437341086,968.4962562658915,0.2404484301085109,0.06286123349128282,16.058571428571415,10858120.15,0.4557569336017217,13866199.0,0.0060550890364021726,0.04164252091780116,0.005355846969954775,-0.039274481842511366,0.002885458512612349,-0.02282955324412128,29.497568881207602,14.797713599670246,1,1,0.014314616565508809,ICICIBANK.NS,IN,Banking
2024-11-20,984.95,974.9,973.19,973.95,14994129,979.608,991.168,1000.3620000000001,1011.4581999999999,991.1113428413444,999.282497371242,32.074660244280054,13.309352517985559,-8.171154529897649,-4.695955679759736,-3.4751988501379127,1000.3620000000001,14.791168275270588,1029.9443365505413,970.7796634494589,0.05358495846112547,0.05914326323973044,15.43571428571427,11126312.8,1.3476277291406251,-1127930.0,-0.00982096562662027,0.0017557369474800215,-0.011168079597937796,-0.04666118517648432,0.00906547865727303,-0.022207274589135295,13.841166936566735,16.982544892410708,1,1,0.026633810770573474,ICICIBANK.NS,IN,Banking
2024-11-21,974.06,983.75,967.97,974.98,4529458,977.798,988.28,998.7774999999999,1010.5914,988.6295977885883,997.4822684418493,33.68198997978375,19.862817947985008,-8.852670653261043,-5.527298674460032,-3.3253719788010114,998.7774999999999,15.74640606447613,1030.2703121289521,967.2846878710477,0.12217569039754983,0.0630627184311234,15.687142857142842,10625063.85,0.42629932748128124,3401528.0,0.0010575491555007144,0.016184947383519444,0.0009445003387872701,-0.028768951845874913,-0.03148002821182705,-0.009196874079042239,15.510534845777887,19.616423554517407,1,1,0.031969886561775684,ICICIBANK.NS,IN,Banking
2024-11-22,977.12,1009.52,996.34,1002.2,9576398,982.4860000000001,989.1270000000001,999.0585000000001,1010.419,990.7173519751311,997.83173793657,46.18018403595123,68.10843133346634,-7.11438596143887,-5.84471613185581,-1.2696698295830604,999.0585000000001,15.755269886946673,1030.5690397738933,967.5479602261067,0.5498484002811801,0.06308046981004968,17.092857142857124,10475512.0,0.9141698358829777,12977926.0,0.027918521405567276,0.01315106765115426,0.025667267070548522,0.008523441981222346,0.005639286359349072,0.023948669745392115,59.62722852415534,29.659643435499987,1,0,0.01816004789463177,ICICIBANK.NS,IN,Banking
2024-11-25,995.4,1012.61,980.79,994.93,7900200,985.934,987.2810000000002,998.4060000000002,1010.5328,991.36545167131,997.6167898878343,39.421457341633065,65.49741230592292,-6.251338216524346,-5.926040548789519,-0.3252976677348265,998.4060000000002,15.636122618037948,1029.678245236076,967.1337547639242,0.44442356194440025,0.06264434555891003,18.35142857142856,10104341.9,0.7818618269575947,5077726.0,-0.007254041109559073,0.03198214949792254,-0.000472171991158886,-0.0182160866004204,-0.012946685450108242,0.017633401180333186,48.971466488902166,41.369743286278464,1,1,0.02132813363754238,ICICIBANK.NS,IN,Banking
2024-11-26,1001.92,998.48,997.06,997.69,10568788,988.75,986.391,998.385,1010.5036,992.3384591065504,997.6222129641802,41.27343009262638,68.5666542888971,-5.28375385762979,-5.797583210557571,0.5138293529277806,998.385,15.636823105800852,1029.6586462116018,967.1113537883983,0.48888840789803634,0.06264846970170904,18.08214285714285,10303546.65,1.0257426237068938,15646514.0,0.0027740645070508663,0.0014232877948046482,-0.0042218939635855985,-0.008841732979663952,-0.0004207953031228895,0.014314616565508809,58.08889688576421,55.56253063294057,1,1,0.04030310016137273,ICICIBANK.NS,IN,Banking
2024-11-27,994.55,1011.82,990.35,999.89,8989060,993.9379999999999,986.7730000000001,998.3729999999999,1009.9864,993.5002346286776,997.7902002027765,48.36692719045659,66.23454327881925,-4.289965574098915,-5.496059683265835,1.2060941091669202,998.3729999999999,15.635505512505219,1029.6440110250103,967.1019889749895,0.5242556916094361,0.06264394374643363,17.95142857142857,9413443.25,0.9549172185302951,24635574.0,0.0022050937666007187,0.021472361959794132,0.005369262480513461,0.003835071832300807,-0.00023996880405552368,0.026633810770573474,62.04786755331926,56.36941030932854,1,1,0.027783056136175155,ICICIBANK.NS,IN,Banking
2024-11-28,1004.0,1006.97,1005.5,1006.15,7615991,1000.1719999999999,988.985,997.8990000000001,1009.9746,995.4463523781939,998.4094549188108,55.27702243371854,84.44587077449705,-2.9631025406168874,-4.989468254736038,2.0263657141191507,997.8990000000001,15.223070753231648,1028.3451415064635,967.4528584935368,0.6355015708248732,0.06102048705617066,17.731428571428573,9259099.9,0.8225410957558524,32251565.0,0.006260688675754356,0.001461014759229306,0.0021414342629460514,0.022478989461703458,-0.009334107893622656,0.031969886561775684,73.31293863463532,64.48323435790626,1,1,0.00012920538687066774,ICICIBANK.NS,IN,Banking
2024-11-29,1009.87,1028.89,1013.61,1020.4,8991529,1003.8120000000001,993.149,998.3135,1010.4572000000001,999.285375089378,1000.0384092387211,53.12193818473323,87.87525016677772,-0.7530341493430797,-4.142181433657437,3.3891472843143573,998.3135,15.734645071507577,1029.782790143015,966.8442098569848,0.8509214840686741,0.06304490551912525,17.409285714285723,8401260.95,1.0702593316948057,41243094.0,0.014162898176216299,0.01497451979614378,0.010427084674254652,0.04254362662961286,0.008190809299384316,0.01816004789463177,86.62570888332331,73.99550502375929,1,1,0.003057624460995667,ICICIBANK.NS,IN,Banking
2024-12-02,1013.26,1024.62,1009.37,1016.15,12760198,1008.0559999999999,996.9949999999999,998.4755000000001,1010.0754,1001.8799327680135,1001.2318774029891,54.35654393000361,68.85644768856432,0.6480553650244474,-3.1841340739210517,3.832189438945499,998.4755000000001,15.908554625205893,1030.292609250412,966.6583907495883,0.7777515056461852,0.06373137698497348,17.771428571428576,8249194.4,1.5468415259020292,28482896.0,-0.00416503332026652,0.015007626826733138,0.0028521800919775126,0.03933762235473415,0.0031987047220385367,0.02132813363754238,79.9306868292385,79.95644478239905,1,0,0.0061014613984156085,ICICIBANK.NS,IN,Banking
2024-12-03,1017.79,1043.35,1033.53,1037.9,9688722,1016.098,1002.4240000000002,999.1795000000002,1010.2272,1007.4214815730761,1003.9480704496551,67.29226953286482,91.74276277443172,3.4734111234209877,-1.8526250344526352,5.326036157873623,999.1795000000002,17.3365984871677,1033.8526969743357,964.5063030256648,1.0583635686608561,0.06940333938856978,18.92142857142857,8484718.4,1.1419024652718628,38171618.0,0.021404320228312956,0.009461412467473238,0.019758496349915375,0.055194640152092855,0.013752417417124185,0.04030310016137273,93.00744162056723,86.52127911104303,0,0,-0.026755949513440735,ICICIBANK.NS,IN,Banking
2024-12-04,1046.87,1035.4,1021.49,1027.67,7360332,1021.6540000000001,1007.7959999999999,999.482,1011.1564000000002,1010.5366382542088,1005.7052718713953,68.3145878798053,75.43264336613504,4.831366382813485,-0.5158267509994039,5.347193133812889,999.482,17.7954721029936,1035.0729442059871,963.8910557940128,0.8959996092821031,0.07121877973980835,18.960000000000004,8585454.5,0.8573024459797154,30811286.0,-0.009856440890259166,0.013535473449635141,-0.018340386103318923,0.05515683556650752,0.0059219670719055095,0.027783056136175155,79.88196048139766,84.27336297706779,0,0,-0.02137845806533223,ICICIBANK.NS,IN,Banking
2024-12-05,1029.13,1008.11,1004.83,1006.28,8601554,1021.6800000000001,1010.926,999.6029999999998,1011.1440000000001,1009.8817708304723,1005.7478448066682,60.173000147863355,54.089338282349914,4.133926023804065,0.4141238039612939,3.719802219842771,999.6029999999998,17.83499047555564,1035.272980951111,963.9330190488886,0.5935941066040649,0.07136829511531194,19.94357142857144,8651340.25,0.994245140890726,22209732.0,-0.020814074557007678,0.0032595301506506275,-0.022203220195677834,0.03210322263020782,0.002410694718387063,0.00012920538687066774,52.437772644952084,75.10905824897233,0,1,-0.023790595063004294,ICICIBANK.NS,IN,Banking
2024-12-06,998.61,1035.15,1014.22,1023.52,14537080,1022.3040000000001,1013.058,1001.0925,1011.293,1011.979959933509,1007.064314527616,65.13240441127908,59.74638087756703,4.915645405892974,1.314428124347633,3.601217281545341,1001.0925,18.54838533900492,1038.1892706780097,963.9957293219901,0.8022837242877899,0.0741125733695393,21.352142857142876,8712001.4,1.6686267212231254,36746812.0,0.01713240847477837,0.02044903861182939,0.024944673095577876,0.02127319896228297,0.029977961820615295,0.003057624460995667,74.5573518081274,68.95902831149237,0,0,-0.020712834141003555,ICICIBANK.NS,IN,Banking
2024-12-09,1020.6,1023.34,1021.56,1022.35,17482212,1023.5440000000001,1015.8,1001.5405000000001,1011.0502,1013.57535071299,1008.1965985002548,63.205617671120784,51.282388530843114,5.378752212735208,2.12729294202515,3.2514592707100576,1001.5405000000001,18.964576528220686,1039.4696530564415,963.6113469435587,0.7743206520886387,0.07574162613774188,18.56642857142859,9069220.7,1.9276419276419279,19264600.0,-0.0011431139596685957,0.0017410867119854701,0.0017146776406018864,0.027559727820047675,0.008841610830973234,0.0061014613984156085,72.14115149811445,66.37875865039797,0,0,-0.03969286447889675,ICICIBANK.NS,IN,Banking
2024-12-10,1015.71,1019.18,1002.89,1010.13,8218492,1017.99,1017.0440000000001,1001.7175,1010.3684000000001,1013.0452967571396,1008.3398147114636,62.12141517019562,46.41666666666669,4.705482045675922,2.6429307627553054,2.0625512829206163,1001.7175,19.03058974526627,1039.7786794905326,963.6563205094674,0.6105128652342743,0.07599184299065276,19.212142857142883,9286691.5,0.8849751405034677,11046108.0,-0.011952853719372047,0.016126637165497348,-0.00549369406621432,0.012468802934779255,0.003516824128990015,-0.026755949513440735,55.929954894455726,67.54281940023252,0,0,-0.030392127745933695,ICICIBANK.NS,IN,Banking
2024-12-11,1008.3,1027.42,988.33,1005.7,8085991,1013.5959999999999,1017.625,1002.199,1009.7647999999999,1011.9152511021845,1008.1442712560632,60.06289308176099,25.85482903419316,3.770979846121236,2.8685405794284917,0.9024392666927441,1002.199,19.001984356210965,1040.2029687124218,964.195031287578,0.5460609788670538,0.07584116270797314,20.87714285714289,9214031.6,0.8775735175931546,2960117.0,-0.0043855741340222965,0.03886844983589655,-0.002578597639588744,0.005810639170308773,0.009667995221219305,-0.02137845806533223,39.81777493542508,55.962960442665086,0,0,-0.030874018096848088,ICICIBANK.NS,IN,Banking
2024-12-12,1009.9,985.66,979.69,982.34,10837797,1008.808,1015.244,1002.1145,1008.4368000000001,1007.365212471043,1006.2328290485298,43.32571582201909,21.601303094850266,1.1323834225132714,2.5213091480454475,-1.388925725532176,1002.1145,19.09058364606411,1040.2956672921282,963.9333327078718,0.2410437998274879,0.07620120713170017,20.267857142857174,9346552.9,1.1595500454985874,-7877680.0,-0.02322760266481061,0.0060773255695521266,-0.02728983067627751,-0.02366446354917251,-0.0017174273142078755,-0.023790595063004294,4.162739553814571,33.30348979456512,0,0,-0.04122808803469269,ICICIBANK.NS,IN,Banking
2024-12-13,983.22,1012.08,994.5,1002.32,13032384,1004.568,1013.436,1003.2924999999999,1008.0106000000001,1006.5890259370311,1005.9429877948363,52.28806737259276,47.47448979591841,0.6460381421948114,2.14625494687532,-1.5002168046805084,1003.2924999999999,18.2834598461935,1039.8594196923868,966.7255803076129,0.4867024621069057,0.07289383642826104,20.119285714285745,9679593.0,1.3463771311069452,5154704.0,0.020339190097115045,0.017539308803558244,0.019425967738634888,-0.01771854174833387,0.024071273856716813,-0.020712834141003555,35.54822494446209,26.50957981123391,0,0,-0.061706840130896334,ICICIBANK.NS,IN,Banking
2024-12-16,1003.66,984.59,979.51,981.77,7934563,996.452,1009.9980000000002,1003.4965,1007.0160000000001,1002.7707142543892,1004.1523842944962,45.56001784917446,24.452331415983366,-1.3816700401069966,1.4406699494788557,-2.8223399895858523,1003.4965,18.00337812598986,1039.5032562519798,967.4897437480203,0.19829967675852844,0.07176259459189721,21.49500000000003,9832677.1,0.8069584826538764,-2779859.0,-0.0205024343523027,0.005174327999424373,-0.021810174760355277,-0.03383358756089161,0.004173101903466314,-0.03969286447889675,3.540100250571104,14.417021582949252,0,0,-0.041302952830092554,ICICIBANK.NS,IN,Banking
2024-12-17,978.44,983.75,975.98,979.43,11451288,990.3119999999999,1004.1510000000001,1003.2875,1005.9762,999.1798351383121,1002.32108538353,44.29829450451455,24.107142857142847,-3.1412502452178614,0.5242859105395119,-3.6655361557573736,1003.2875,18.268697379599086,1039.8248947591983,966.7501052408019,0.17351941541798657,0.07283534332713562,20.516428571428598,10157808.3,1.127338352374857,-14231147.0,-0.0023834502989499295,0.00793318562836757,0.0010118147254802375,-0.056334907023798175,-0.0042496517928855004,-0.030392127745933695,5.120973727102164,14.736432974045114,0,0,-0.028383855916196077,ICICIBANK.NS,IN,Banking
2024-12-18,984.69,980.38,970.07,974.65,7490891,984.1020000000001,998.8490000000002,1003.3225,1004.6054,995.4060143477872,1000.2713637629362,41.148701809598755,26.4846235418876,-4.865349415149012,-0.5536411545981933,-4.311708260550819,1003.3225,18.210109648792756,1039.7427192975856,966.9022807024145,0.10636563215302702,0.07259922766119421,20.747142857142876,9782646.4,0.7657324948663692,-21722038.0,-0.004880389614367542,0.010578156261211068,-0.010196102326610284,-0.0515924372609885,0.0007187227270393226,-0.030874018096848088,6.249999999914623,4.97035799252929,0,0,-0.018293746473092787,ICICIBANK.NS,IN,Banking
2024-12-19,974.73,955.85,930.63,941.84,12343684,976.0020000000001,992.4050000000001,1001.6655000000001,1002.8480000000001,987.1650890634838,995.9430919300275,30.010178117048383,19.24484685031787,-8.778002866543716,-2.1985134969872986,-6.579489369556417,1001.6655000000001,22.031605640653304,1045.7287112813067,957.6022887186934,-0.17885996344984445,0.08797989205231213,22.267142857142865,10173357.7,1.213334196109688,-34065722.0,-0.03366336633663358,0.02677737195274489,-0.03374267745936438,-0.06403784235004173,-0.03399044082955549,-0.04122808803469269,9.944996451295772,7.1053233927708455,1,1,0.027870975961946876,ICICIBANK.NS,IN,Banking
2024-12-20,943.98,944.97,936.88,940.47,9353726,963.632,984.1,998.579,1001.0152,979.9812292075424,991.8339540854199,30.45656440450371,24.4164731760968,-11.852724877877563,-4.1293557731653525,-7.72336910471221,998.579,25.931605568657446,1050.4422111373149,946.715788862685,-0.06021405853648564,0.10387402726727277,21.755714285714305,10162224.1,0.92044074087672,-43419448.0,-0.0014545995073472762,0.008602081937745414,-0.003718299116502757,-0.08114155072690321,-0.061594492117341915,-0.061706840130896334,8.729595457694058,8.308197302968145,1,1,0.04381851627377786,ICICIBANK.NS,IN,Banking
2024-12-23,945.57,944.1,938.91,941.22,15005276,955.5219999999999,975.9869999999999,995.8934999999999,999.0975999999999,974.0179631755981,988.0847554692431,21.996292434248645,1.1980830670926395,-14.066792293644994,-6.116843077261281,-7.949949216383713,995.8934999999999,28.936424555439423,1053.7663491108788,938.020650889121,0.027641192372624464,0.11622296783907266,20.183571428571458,10517477.9,1.4266989401804266,-28414172.0,0.0007974736036238106,0.005514119971945497,-0.004600399758870758,-0.07935638479972607,-0.05398369734554187,-0.041302952830092554,10.107855301993837,9.594149070327882,1,1,0.04922334842013543,ICICIBANK.NS,IN,Banking
2024-12-24,949.32,955.21,948.76,951.63,8250125,949.9619999999999,970.1370000000001,993.5905,997.404,970.5736611485759,985.3843919869715,27.997685185185176,21.27335112466639,-14.81073083839567,-7.85562062948816,-6.95511020890751,993.5905,30.57258015986852,1054.735660319737,932.445339680263,0.15687799507974703,0.12307919675092595,20.010714285714307,10401544.75,0.7931633622819955,-20164047.0,0.011060113469751887,0.006777844330247331,0.0024333206927037374,-0.057913337887202654,-0.046166644949834135,-0.028383855916196077,20.091848449865157,12.97643306985101,1,1,0.03216586278280431,ICICIBANK.NS,IN,Banking
2024-12-25,950.26,957.04,956.64,956.82,5407340,946.3960000000001,965.249,991.4370000000001,995.9606,968.4577132795605,983.2685029549215,34.20817369093234,29.560658108841153,-14.81078967536098,-9.246654438662725,-5.564135236698254,991.4370000000001,31.604967314448793,1054.6469346288977,928.2270653711025,0.22617437271956578,0.12751175239341248,18.765714285714303,10222458.75,0.5289666217565689,-14756707.0,0.005453800321553626,0.00041805146213452814,0.006903373813475423,-0.04860296311027146,-0.04307473822120422,-0.018293746473092787,25.05740528104617,18.419036344301713,1,1,0.05924834347108132,ICICIBANK.NS,IN,Banking
2024-12-26,960.45,968.77,967.55,968.09,13614079,951.6460000000001,963.824,989.534,994.5022,968.4011420057818,982.1441653956567,31.600610768107302,44.692556634304246,-13.743023389874907,-10.145928228905163,-3.5970951609697437,989.534,31.817561420335956,1053.169122840672,925.8988771593281,0.3315081432778684,0.128616344341089,17.55714285714286,10522363.15,1.2938232136738965,-1142628.0,0.011778599945653223,0.001260213409908962,0.007954604612412965,-0.014506179123317753,-0.03782736172538881,0.027870975961946876,38.702345283203826,27.95053300470504,1,1,0.025803386048817822,ICICIBANK.NS,IN,Banking
2024-12-27,967.99,982.63,980.93,981.68,9495404,959.8879999999999,961.76,987.5980000000002,993.9972,970.4440432356641,982.1097826602958,37.52836553204536,96.78252700798495,-11.665739424631624,-10.449890468050455,-1.2158489565811692,987.5980000000002,31.00831851039516,1049.6146370207905,925.5813629792099,0.452286996806449,0.12559085178529625,18.455714285714286,10547556.9,0.900246681746113,8352776.0,0.014037951016950823,0.0017317252057679833,0.014142708085812661,-0.020592226035597516,-0.0379459035672286,0.04381851627377786,52.74305196763352,38.83426751062783,1,1,0.007487164860239703,ICICIBANK.NS,IN,Banking
2024-12-30,977.84,1002.07,975.93,987.55,6517659,969.1540000000001,962.338,986.168,993.7794,973.0757288917187,982.5127629537967,42.79514996809188,100.0,-9.437034062078055,-10.247319186855975,0.8102851247779199,986.168,30.273045262637428,1046.714090525275,925.6219094747252,0.5114127930267567,0.12279062091897833,18.93285714285715,10235429.95,0.6367742630318853,14870435.0,0.005979545269334308,0.02646954584575326,0.009930049905904844,0.005887325952106837,-0.02814545096688481,0.04922334842013543,58.807728070474056,50.08437510710379,0,1,-0.0029061819654701004,ICICIBANK.NS,IN,Banking
2024-12-31,986.43,993.49,973.24,982.24,25405448,975.2760000000001,962.619,983.3849999999999,993.8086,974.4856167545324,982.4925582333902,42.55616194948596,89.71727343144858,-8.006941478857811,-9.799243645256343,1.7923021663985317,983.3849999999999,27.71757536673323,1038.8201507334663,927.9498492665334,0.48967261759605624,0.11274353530592818,17.587142857142858,11021266.25,2.305129475923016,-10535013.0,-0.005376942939597895,0.02061614269422889,-0.004247640481327305,0.002869015651960849,-0.05362751710184033,0.03216586278280431,63.36402700965788,58.30493568258848,0,1,-0.007482896237172243,ICICIBANK.NS,IN,Banking
2025-01-01,986.68,1022.83,1006.06,1013.51,4183555,986.6139999999999,966.5049999999999,982.677,994.7747999999999,980.4893680230706,984.7901525311466,59.41748746147803,92.67586206896559,-4.300784508076049,-8.699551817820284,4.398767309744235,982.677,26.68859880765192,1036.0541976153038,929.2998023846961,0.7888218319499322,0.10863630188810669,18.628571428571433,10862427.4,0.385139937953469,-6351458.0,0.03183539664440471,0.016546457361035955,0.027192200105376464,0.03987072282357773,-0.013778742203236494,0.05924834347108132,89.89154012917683,70.68776506976958,0,0,-0.04750816469497088,ICICIBANK.NS,IN,Banking
2025-01-02,1016.13,1002.14,985.81,993.07,15759278,991.6099999999999,971.6279999999999,982.0165000000001,994.5028,982.4248498656764,985.4034760535195,47.21301596866526,70.65527065527071,-2.9786261878431333,-7.555366691824854,4.57674050398172,982.0165000000001,26.233297899505903,1034.4830957990118,929.5499042009883,0.6053384523148616,0.10685481516646277,18.48285714285715,11220313.6,1.4045308497856202,-22110736.0,-0.0201675365807934,0.016443956619355733,-0.022693946640663352,0.054393527563068034,-0.013127558929920013,0.025803386048817822,67.72234273245422,73.65930329042963,0,0,-0.03670436122327736,ICICIBANK.NS,IN,Banking
2025-01-03,989.92,996.06,983.42,989.03,6689570,993.0799999999999,976.484,980.292,994.3518,983.441026809419,985.6721080602762,52.429068522483945,63.00298062593143,-2.231081250857187,-6.49050960363132,4.259428352774133,980.292,24.433263693924573,1029.158527387849,931.4254726121509,0.5894068032505962,0.0996979010086775,17.756428571428575,10827938.1,0.6178063930928462,-28800306.0,-0.004068192574541607,0.012780198780610505,-0.0008990625505082101,0.05163375758929045,-0.03369743629826483,0.007487164860239703,63.34056399063616,73.65148228408907,0,0,-0.0363285239072626,ICICIBANK.NS,IN,Banking
2025-01-06,985.91,992.74,978.24,984.68,6030377,992.506,980.8300000000002,978.4084999999999,993.8858,983.6316380695085,985.5986184215071,51.733245295477055,52.10437710437711,-1.9669803519985862,-5.585803753304774,3.618823401306188,978.4084999999999,22.386709937865273,1023.1819198757304,933.6350801242694,0.5700359724233339,0.09152295769238461,18.23714285714286,10255346.35,0.5880226962765918,-34830683.0,-0.004398248789217796,0.014725596132738834,-0.0012475783793640097,0.04617411444720676,-0.03684648114637856,-0.0029061819654701004,58.622559652292516,63.22848879179429,0,0,-0.031197952634358317,ICICIBANK.NS,IN,Banking
2025-01-07,980.25,983.12,968.31,974.89,7893414,991.0360000000001,983.156,976.6465000000001,993.4214,982.2867706741991,984.8053858999722,50.076696919340414,41.582446808510646,-2.5186152257730328,-4.972366047798427,2.453750822025394,976.6465000000001,21.10894579007752,1018.8643915801551,934.428608419845,0.47919720840222,0.08645480545952267,18.67000000000001,10239092.45,0.7709094597627684,-42724097.0,-0.00994231628549369,0.015191457497753457,-0.005467992858958986,0.02444227273204924,-0.03488659875461575,-0.007482896237172243,48.00433839427323,56.6558206790673,0,0,-0.03830175712131634,ICICIBANK.NS,IN,Banking
2025-01-08,967.05,972.2,959.88,965.36,2634116,981.406,984.01,974.6295,992.7260000000001,979.6826521089368,983.3649843764033,58.83015467787958,39.3729539158902,-3.6823322674664496,-4.714359291732031,1.0320270242655818,974.6295,20.089376211793073,1014.8082524235862,934.4507475764138,0.3846467418567337,0.08244928441740156,16.59785714285715,9966498.7,0.2642970028885869,-45358213.0,-0.009775461846977529,0.012762078395611262,-0.0017475828550728436,0.008925398716582045,-0.04011136521825598,-0.04750816469497088,33.13554392049872,46.587480655688154,0,0,-0.04106240159111629,ICICIBANK.NS,IN,Banking
2025-01-09,975.34,965.1,949.84,956.62,34384156,974.116,982.8629999999999,973.3435,991.5458,976.134551784484,981.3838711522053,55.74528637495553,0.0,-5.249319367721341,-4.821351306929894,-0.42796806079144734,973.3435,20.390777139884367,1014.1250542797687,932.5619457202312,0.2949624493763934,0.08379683899820956,17.128571428571433,11143816.65,3.085491622343623,-79742369.0,-0.009053617303389383,0.015951997658405676,-0.01919330694935185,-0.011848071976779062,-0.026182380845735764,-0.03670436122327736,21.103431839596027,34.08110471812265,0,0,-0.05120110388660071,ICICIBANK.NS,IN,Banking
2025-01-10,962.43,953.81,952.52,953.1,10409659,966.9300000000001,980.0049999999999,970.8825,990.3656,972.5907745868702,979.2887663829995,54.14457158805471,0.0,-6.6979917961292585,-5.1966794047697675,-1.501312391359491,970.8825,19.666861488033188,1010.2162229760664,931.5487770239337,0.27395351043817795,0.0810267421156028,17.05071428571429,11012680.4,0.945242908779691,-90152028.0,-0.0036796220024669646,0.0013534781240149094,-0.00969421152706195,-0.029113356694645875,-0.04910607390853228,-0.0363285239072626,5.859322262645383,20.03276600758004,0,0,-0.04804322736334077,ICICIBANK.NS,IN,Banking
2025-01-13,958.61,956.71,951.76,953.96,7737734,960.7860000000001,976.6460000000001,969.492,989.1866,969.724501573505,977.4125588103788,50.87089780967334,2.3375917368850594,-7.68805723687376,-5.694954971190566,-1.993102265683194,969.492,19.83893954084422,1009.1698790816884,929.8141209183116,0.3042738125149395,0.08185292726839925,16.405000000000005,11002838.95,0.7032488007789298,-82414294.0,0.0009023187493442109,0.005188896809085136,-0.004850773515814697,-0.03401346767252278,-0.028326390091365505,-0.031197952634358317,5.64460885045014,10.869120984230513,0,0,-0.035504633317958834,ICICIBANK.NS,IN,Banking
2025-01-14,959.2,937.82,937.34,937.55,5262019,953.318,972.177,967.3979999999999,987.4612,964.7745782545034,974.4597728068107,43.354714118215014,1.76049129989768,-9.685194552307394,-6.493002887413933,-3.1921916648934605,967.3979999999999,20.91576806345442,1009.2295361269088,925.566463873091,0.14323566902264748,0.08648257723680561,17.205714285714294,10693375.5,0.49208208464370445,-87676313.0,-0.017201979118621424,0.0005119726947890845,-0.022570892410318514,-0.04549804528424828,-0.04275956423634153,-0.03830175712131634,0.24564276523273626,3.9165246261094153,0,0,-0.029065116527118517,ICICIBANK.NS,IN,Banking
2025-01-15,938.89,928.37,923.6,925.72,35791433,945.39,963.3979999999999,964.9514999999999,985.5432000000001,958.7661815999636,970.849414884845,35.444864307798,1.6899194340735022,-12.08323328488143,-7.6110489669074335,-4.472184317973997,964.9514999999999,22.799670652053617,1010.5508413041072,919.3521586958926,0.06982382992738545,0.09451115689039298,17.348571428571436,12108402.6,2.9559167485959916,-123467746.0,-0.012617993707002229,0.005152745970698299,-0.01402720233465681,-0.08661976694852536,-0.050202636843995285,-0.04106240159111629,2.1364506701387076,2.67556742860719,0,0,-0.007486064900834033,ICICIBANK.NS,IN,Banking
2025-01-16,923.42,909.72,905.98,907.64,4002477,935.594,954.8550000000001,963.2414999999999,983.6188000000001,950.9006151999683,966.167230744071,25.32657957877899,1.4468371467025776,-15.266615544102706,-9.142162282346488,-6.1244532617562175,963.2414999999999,25.71980524502694,1014.6811104900537,911.801889509946,-0.04045413126437173,0.1068052206845333,17.72000000000001,11691342.25,0.3423453502658901,-127470223.0,-0.01953074363738505,0.004120576439993707,-0.017088648718874277,-0.08602616129779372,-0.03631190011042218,-0.05120110388660071,1.4206247325509298,1.2675727226407865,1,1,0.036060552642016575,ICICIBANK.NS,IN,Banking
2025-01-17,895.52,924.29,893.74,907.31,12606878,926.436,946.683,961.5835000000001,981.8903999999999,944.1943667076647,961.8074313387535,22.235294117647058,1.6852831667646768,-17.613064631088832,-10.836342752094959,-6.7767218789938735,961.5835000000001,28.212978960792423,1018.009457921585,905.1575420784152,0.01907329534889732,0.11736049531117411,18.035,11853999.85,1.063512493336796,-140077101.0,-0.00036358027411753646,0.03367096141337171,0.01316553510807888,-0.08262641173675223,-0.03525896626155012,-0.04804322736334077,10.5120458593964,4.689707087362008,1,1,0.04225678103404573,ICICIBANK.NS,IN,Banking
2025-01-20,909.26,929.82,912.31,920.09,5441209,919.662,940.2239999999999,960.527,980.0244,940.4860025987929,958.7172482630706,29.551885240508028,22.623984076961435,-18.231245664277708,-12.31532333453151,-5.9159223297461985,960.527,29.38688037023916,1019.3007607404784,901.7532392595217,0.1559944481117195,0.12237815436821067,18.19642857142858,11375796.5,0.47831450937835346,-134635892.0,0.014085593678015318,0.019030746992121504,0.01191078459405245,-0.06559491408376317,-0.022449586706614788,-0.035504633317958834,20.412115578120613,10.781595390022643,1,1,0.022160875566520577,ICICIBANK.NS,IN,Banking
2025-01-21,914.32,913.02,908.12,910.3,8131386,914.2119999999999,933.765,958.4604999999999,978.0986,935.8420021989783,955.1307822301171,10.452908268832914,18.462872002311528,-19.2887800311388,-13.71001467385297,-5.57876535728583,958.4604999999999,31.427755496158607,1021.3160109923172,895.6049890076827,0.11689516766474582,0.13115931432177264,16.152142857142866,11369859.55,0.7151702489438183,-142767278.0,-0.010640263452488474,0.005382840821701191,-0.004396710123365669,-0.06625362861451034,-0.04343074514254497,-0.029065116527118517,15.276752767386698,15.400304734967898,1,1,0.05086235307041642,ICICIBANK.NS,IN,Banking
2025-01-22,911.0,919.61,918.13,918.79,16678666,912.826,929.108,956.559,976.553,933.2186172452891,952.4388702123044,18.66880377931504,34.698205546492716,-19.220252967015313,-14.81206233248544,-4.408190634529873,956.559,32.658613581299555,1021.8762271625991,891.2417728374008,0.21088025593776624,0.13656706415920156,14.838571428571438,11933425.85,1.397642622663749,-126088612.0,0.009326595627815015,0.001610814223052501,0.008551042810089367,-0.04824107068865502,-0.039746242762484174,-0.007486064900834033,24.482017200698934,20.05696184873541,1,1,0.03815888287856861,ICICIBANK.NS,IN,Banking
2025-01-23,913.76,940.41,940.34,940.37,7641508,919.372,927.483,955.173,975.6798,934.3188299767831,951.5448791426332,32.120811287478006,60.30964109781838,-17.2260491658501,-15.294859699158371,-1.9311894666917286,955.173,32.73161647157252,1020.636232943145,889.709767056855,0.38693653418214646,0.13707094514412888,15.48000000000001,11634797.3,0.6567804445737576,-118447104.0,0.023487412792912554,7.44387847335218e-05,0.029121432323554207,-0.01698689134661624,-0.028633701412058787,0.036060552642016575,47.10101010053433,28.95326002287332,1,1,0.019375352254963563,ICICIBANK.NS,IN,Banking
2025-01-24,938.39,949.52,942.56,945.65,8841719,927.04,926.7379999999999,953.3714999999999,975.0176000000001,936.0620869034319,951.1082211192132,35.756514123056746,82.62660944205996,-15.046134215781308,-15.245114602482959,0.19898038670165086,953.3714999999999,32.18284444512262,1017.7371888902451,889.0058111097546,0.44001850882380517,0.1350275079340587,15.097857142857151,11602113.05,0.7620782696925824,-109605385.0,0.005614811191339442,0.007360016919571381,0.007736655335193528,-0.007816598468156633,-0.03670238774346013,0.04225678103404573,58.077869768873555,43.22029902336894,1,1,0.022037751810923822,ICICIBANK.NS,IN,Banking
2025-01-27,943.39,946.57,935.6,940.48,13721307,931.118,925.39,951.018,974.2733999999999,936.7417658413655,950.3209449646547,37.004305461137584,76.28784276430495,-13.579179123289236,-14.911927506644215,1.3327483833549785,951.018,31.25970646728893,1013.5374129345779,888.4985870654222,0.4157221772744171,0.1314789266544106,14.712142857142867,11962295.45,1.1470462262285768,-123326692.0,-0.005467139004917243,0.011664256549834513,-0.0030846203584910625,-0.014130571512432355,-0.04766340944762282,0.022160875566520577,59.57175630818795,54.916878725865274,1,1,0.003880996937733805,ICICIBANK.NS,IN,Banking
2025-01-28,944.03,963.25,951.28,956.6,8148809,940.3779999999999,927.2950000000001,949.7360000000001,973.7332000000001,939.7968787888478,950.7860604347784,46.84846740538208,77.48005419238292,-10.989181645930557,-14.127378334501486,3.138196688570929,949.7360000000001,30.42652122218745,1010.589042444375,888.8829575556252,0.5563981661698988,0.12814727975839768,15.26642857142858,11099463.5,0.7341623553100242,-115177883.0,0.017140183735964598,0.012513067112677728,0.01331525481180337,0.02031891632446281,-0.02610359993484279,0.05086235307041642,88.08856502118711,68.57939703274953,1,1,0.008247961530420289,ICICIBANK.NS,IN,Banking
2025-01-29,948.35,974.64,937.22,953.85,21670725,947.39,930.108,946.7529999999999,973.3312000000001,941.9588974367175,951.0130190486482,48.95856831340703,86.66442161980137,-9.054121611930668,-13.112726989987321,4.058605378056653,946.7529999999999,26.51863974045849,999.7902794809169,893.715720519083,0.5669057695727655,0.11204037268614078,16.830714285714294,11973822.0,1.8098417689989237,-136848608.0,-0.0028747647919715735,0.03923048697380167,0.005799546580897559,0.03038715810396231,-0.05886473739775633,0.03815888287856861,74.30160692120768,73.98730941686091,1,0,0.019248309482623016,ICICIBANK.NS,IN,Banking
2025-01-30,953.9,964.14,954.16,958.59,14643922,951.034,935.2029999999999,945.0289999999999,973.0033999999999,944.5175286002996,951.5742771889729,52.04530213843976,85.76563623292603,-7.056748588673372,-11.901531309724533,4.8447827210511605,945.0289999999999,24.383917672364415,993.7968353447287,896.261164655271,0.6390363125972423,0.10320918266990164,17.272857142857145,11918054.2,1.2287174169154713,-122204686.0,0.004969334801069314,0.010411124672685514,0.004916657930595595,0.05613459080692795,-0.034720613854008264,0.019375352254963563,80.16069221161735,80.85028805133737,1,1,0.04219739408923506,ICICIBANK.NS,IN,Banking
2025-01-31,952.73,976.97,958.11,966.49,10284939,955.202,941.1209999999999,943.902,972.2891999999999,947.8979088156381,952.6791460777243,54.435398230088474,81.12488083889426,-4.781237262086279,-10.477472500196882,5.696235238110603,943.902,22.70638366071055,989.3147673214212,898.4892326785789,0.7486965817275414,0.0962234793895405,18.266428571428573,12097822.65,0.8501478693649167,-111919747.0,0.008241271033497144,0.019513911163054454,0.014442706747961697,0.06522577729772627,-0.02279000636987749,0.022037751810923822,87.4083863980847,80.62356184363658,1,1,0.07353412865109821,ICICIBANK.NS,IN,Banking
2025-02-03,962.7,951.48,938.24,944.13,14799199,955.932,943.525,941.8745000000001,971.2732000000001,947.3182305363091,952.0458757153557,52.23505434782609,48.71273712737129,-4.72764517904659,-9.327507035966823,4.599861856920233,941.8745000000001,20.584880623000306,983.0442612460007,900.7047387539995,0.5273926776742188,0.08742090638605644,19.09714285714286,12536263.75,1.180511044966564,-126718946.0,-0.02313526265145016,0.014023492527497258,-0.019289498286050442,0.026127878794465653,-0.041180891254011365,0.003880996937733805,60.54307341030222,76.03738400666809,1,1,0.12865812970671398,ICICIBANK.NS,IN,Banking
2025-02-04,941.68,965.56,963.64,964.49,6258763,957.51,948.9440000000001,941.3545,970.6092,949.9600412230309,952.9676630802003,62.44782636614651,66.1727064529166,-3.007621857169397,-8.063530000207338,5.055908143037941,941.3545,19.824278701951485,981.003057403903,901.7059425960971,0.7917571472213362,0.08423725048079299,19.631428571428575,12454531.2,0.5025289508665769,-120460183.0,0.021564826877654486,0.0019906893798774155,0.024222665873731883,0.059529825332307995,-0.010667870221255704,0.008247961530420289,85.005406703292,77.6522888372263,1,1,0.11152007796866736,ICICIBANK.NS,IN,Banking
2025-02-05,964.84,972.64,971.87,972.21,15439626,961.182,954.2859999999998,941.6969999999999,970.0556,953.383111804103,954.3930219157651,72.20884639196531,61.856296521342855,-1.009910111662066,-6.652806022498283,5.642895910836217,941.6969999999999,20.313970069880863,982.3249401397616,901.0690598602382,0.8755174381738126,0.08628665088604623,18.803571428571427,13094806.7,1.179064737239326,-105020557.0,0.00800423021493235,0.0007920099566957651,0.00763857219849132,0.058141686348349486,0.007095798458606195,0.019248309482623016,94.28090832519187,79.94312947959536,1,1,0.09747893973524246,ICICIBANK.NS,IN,Banking
2025-02-06,968.2,1003.63,995.37,999.04,22307093,969.2719999999999,960.153,943.818,969.9133999999999,960.4072484496256,957.7002066488751,76.68586722522835,75.13068624179733,2.707041800750517,-4.780836457848523,7.48787825859904,943.818,23.859281676221467,991.536563352443,896.099436647557,1.0786217786048902,0.10111814640617664,18.865714285714287,12490953.55,1.7858597524077933,-82713464.0,0.027596918361259215,0.008267937219722656,0.031852922949770775,0.062390335718919054,0.04434362651836676,0.04219739408923506,95.19422049947443,91.49351184265277,1,1,0.04331157911595129,ICICIBANK.NS,IN,Banking
2025-02-07,997.71,1052.05,1025.96,1037.56,2943885,983.4860000000001,969.344,948.0409999999999,970.2565999999999,972.2769025342986,963.6157488370362,79.72268609888161,81.92254830624947,8.66115369726242,-2.092438426826334,10.753592124088755,948.0409999999999,31.756287052620515,1011.553574105241,884.5284258947589,1.2047344660481036,0.13398697757834108,21.044285714285706,12117664.85,0.24294158928305487,-79769579.0,0.038557014734144746,0.025145533752240618,0.0399414659570015,0.09719240733886747,0.08861609484838939,0.07353412865109821,89.93260612735405,93.13591165067344,1,1,0.00247696518755558,ICICIBANK.NS,IN,Banking
2025-02-10,1043.63,1065.81,1065.44,1065.6,7500744,1007.78,981.856,953.6229999999999,971.2456000000001,986.6343021444067,971.1701401059319,85.97238951172056,84.45386915108112,15.464162038474797,1.4188816662338934,14.045280372240903,953.6229999999999,41.245531190153244,1036.1140623803064,871.1319376196934,1.1787220140442394,0.17300560573773918,22.20714285714285,12105815.35,0.619598363558522,-72268835.0,0.027024943135818713,0.000347222222221794,0.02105152209114221,0.1330384484518543,0.11702796762966994,0.12865812970671398,99.85780064937798,94.99487575873547,0,0,-0.020476726726726624,ICICIBANK.NS,IN,Banking
2025-02-11,1059.78,1077.15,1067.97,1072.05,4293473,1029.292,993.4009999999998,960.348,971.9286,999.7751787375751,978.6427244212525,85.83855579459359,100.0,21.132454316322537,5.361596196251623,15.770858120070914,960.348,48.76624345848917,1057.8804869169783,862.8155130830216,1.0726399660761774,0.20311905042104894,22.367142857142856,12057388.05,0.35608646135541255,-67975362.0,0.006052927927927998,0.008563033440596522,0.011577874653218974,0.12068785281204253,0.1434590155191724,0.11152007796866736,96.39703284990173,95.39581320887793,0,0,-0.023030642227508058,ICICIBANK.NS,IN,Banking
2025-02-12,1079.66,1075.01,1060.56,1066.98,10213853,1048.2459999999999,1004.7140000000002,967.4110000000001,972.7148,1010.1143820087174,985.1862280194289,82.08403020627442,95.498535026192,24.92815398928849,9.274907754858999,15.65324623442949,967.4110000000001,53.48799628249121,1074.3869925649824,860.4350074350176,0.9653801175929806,0.221159347092129,21.855,10778509.05,0.9476126990297699,-78189215.0,-0.004729257030921974,0.013542896774059966,-0.011744438063824091,0.11860355401792733,0.1525947370695242,0.09747893973524246,92.81525962491826,96.35669770806597,0,0,-0.01758233518903818,ICICIBANK.NS,IN,Banking
2025-02-13,1060.73,1052.12,1034.45,1042.31,10875503,1056.9,1013.086,974.1445,973.4354,1015.0675540073764,989.41761955646,72.3027226580526,77.04892730359622,25.649934450916476,12.549913094070495,13.10002135684598,974.1445,54.041327506679664,1082.2271550133594,866.0618449866406,0.8153396814260305,0.22190271569207326,23.525000000000002,11122160.35,0.9778228041980348,-89064718.0,-0.023121333108399478,0.01695272999393932,-0.01736539930046544,0.0873366089777694,0.148373804592129,0.04331157911595129,75.38678911991947,88.19969386491316,0,1,-0.004873789947328455,ICICIBANK.NS,IN,Banking
2025-02-14,1048.47,1048.51,1033.43,1040.13,15528345,1057.4140000000002,1020.45,980.7855,973.7675999999999,1018.9233149293185,993.1740930203106,73.31430443123864,69.5797198132089,25.74922190900793,15.189774857057984,10.559447051949945,980.7855,53.55470134898474,1087.8949026979694,873.6760973020305,0.7770274994743677,0.21841555100041807,23.818571428571424,11268233.7,1.3780636819714096,-104593063.0,-0.0020915082844833455,0.014498187726520173,-0.007954447909803774,0.07619323531541977,0.14638877561142305,0.00247696518755558,73.54391481402457,80.5819878529541,0,1,-0.008027842673512087,ICICIBANK.NS,IN,Banking
2025-02-17,1045.86,1052.26,1036.99,1043.78,10040063,1053.05,1030.415,986.9699999999999,974.1962000000001,1022.747420324808,996.9226794971793,71.66070363744785,54.43905224093638,25.824740827628716,17.31676805117213,8.507972776456587,986.9699999999999,53.31802163976968,1093.6060432795393,880.3339567204605,0.7663733492544823,0.21608770941250774,23.282857142857136,11498176.4,0.8731873453265732,-94553000.0,0.0035091767375230454,0.01462951963055946,-0.0019887939112289777,0.10554690561681124,0.1344325011683638,-0.020476726726726624,76.15236189468905,75.02768860954436,1,0,0.009762593650002982,ICICIBANK.NS,IN,Banking
2025-02-18,1046.19,1058.35,1038.56,1047.36,24653227,1048.1119999999999,1038.702,993.823,974.9408,1026.5339710440683,1000.6587780271001,73.13802147770576,29.999999999999844,25.875193016968183,19.028453044331343,6.84673997263684,993.823,51.729462347262434,1097.2819246945248,890.3640753054751,0.7587355327600579,0.20820392503377513,22.023571428571422,12324268.45,2.000380395772668,-69899773.0,0.0034298415374887092,0.018895126794971233,0.0011183437042972377,0.08592105672427897,0.1505657475557507,-0.023030642227508058,78.55445972155661,76.08357881009006,1,0,0.00767644362969766,ICICIBANK.NS,IN,Banking
2025-02-19,1042.97,1052.75,1044.61,1048.22,7888708,1044.3600000000001,1046.303,1000.2945,975.7912,1029.8702831911348,1004.1818321307697,72.6121398657854,20.219945013746482,25.688451060365082,20.360452647538093,5.3279984128269895,1000.2945,49.912705109178255,1100.1199102183564,900.4690897816434,0.7400465968255409,0.19959204058056237,21.870000000000005,11884770.55,0.6637660611995524,-62011065.0,0.0008211121295449431,0.007765545400767334,0.0050337018322626405,0.07818269715390702,0.14087005735804703,-0.01758233518903818,79.17356561745606,77.96012907790056,1,1,0.007183606494819861,ICICIBANK.NS,IN,Banking
2025-02-20,1051.94,1042.5,1033.02,1037.23,28742097,1043.3439999999998,1050.1219999999998,1005.1375,976.8889999999999,1031.0025473155756,1006.6298449671253,67.57253577106522,17.61376006967113,24.372702348450275,21.16290258772053,3.2097997607297444,1005.1375,48.47054285852388,1102.0785857170479,908.1964142829523,0.6655257920929738,0.1928911929302236,21.608571428571434,12939800.0,2.2212163077314715,-90753162.0,-0.010484440289252217,0.009139727929187238,-0.013983687282531373,0.038226697629724526,0.10300200984718777,-0.004873789947328455,71.26196818032346,76.3299978397787,1,1,0.01678509105984216,ICICIBANK.NS,IN,Banking
2025-02-21,1029.39,1039.58,1025.54,1031.78,6837230,1041.674,1049.544,1009.4440000000001,977.4781999999999,1031.1221554208716,1008.4928196969884,73.77013613928516,30.28828154249335,22.629335723883287,21.456189214953085,1.173146508930202,1009.4440000000001,46.700962618276755,1102.8459252365535,916.0420747634465,0.6195692698132899,0.18505617990985326,20.593571428571433,12839575.55,0.5325121099885494,-97590392.0,-0.00525437945296614,0.013607551997505627,0.002321763374423251,-0.005570762172789956,0.09108020937979178,-0.008027842673512087,60.02995330754966,70.15516236844304,1,1,0.021428986799511662,ICICIBANK.NS,IN,Banking
2025-02-24,1027.34,1061.16,1048.22,1053.97,1932976,1043.712,1048.3809999999999,1015.1184999999999,978.9222,1034.6372084330453,1011.861500193228,74.02792696025782,64.81164383561634,22.775708239817277,21.720093019925926,1.0556152198913509,1015.1184999999999,44.733803687685885,1104.5861073753717,925.6508926246281,0.7171260702003406,0.17627027263375397,21.161428571428587,12250159.0,0.15779189822826803,-95657416.0,0.021506522708329312,0.012277389299494082,0.025921311347727325,-0.01091403903903898,0.12067242259271871,0.009762593650002982,77.98252279561181,69.75814809449497,0,1,-0.0012239437555148225,ICICIBANK.NS,IN,Banking
2025-02-25,1052.56,1061.77,1050.31,1055.4,5450238,1045.3200000000002,1046.716,1020.0584999999999,980.4416,1037.8314840587307,1015.0865746729859,73.11989327997335,63.05617977528097,22.74490938574479,21.9250562930897,0.8198530926550909,1020.0584999999999,43.365802106826294,1106.7901042136525,933.3268957863472,0.7037406105866384,0.17005221605146692,21.397857142857163,12115230.45,0.44986660159926206,-90207178.0,0.0013567748607645758,0.010858442296749267,0.0026981834764739756,-0.0155309920246256,0.10328245870792396,0.00767644362969766,73.40425531825139,70.47224380713762,1,0,0.023033920788326556,ICICIBANK.NS,IN,Banking
2025-02-26,1058.11,1059.26,1052.94,1055.75,11650552,1046.826,1045.593,1025.1535,982.0636,1040.588178818926,1018.0986806159706,68.48074040278958,60.16476859704393,22.489498202955474,22.037944675062857,0.45155352789261727,1025.1535,41.104744414982704,1107.3629888299654,942.9440111700345,0.6860886160148554,0.16038474009967338,19.605000000000018,11614221.8,1.0031279923440077,-78556626.0,0.0003316278188363331,0.005986265687893867,-0.0022303919252229633,-0.01052503327147647,0.10683021439429674,0.007183606494819861,58.53516760204342,69.9739819053022,1,0,0.017314705185886847,ICICIBANK.NS,IN,Banking
2025-02-27,1057.02,1060.63,1049.85,1054.64,7247467,1050.308,1046.826,1029.9560000000001,984.3196,1042.7499974621683,1020.8054453169979,57.360799862092826,57.731213872832456,21.944552145170405,22.019266169084368,-0.07471402391396254,1029.9560000000001,38.44331047139412,1106.8426209427885,953.0693790572119,0.6605220758609412,0.14930078749522044,16.588571428571463,11244399.05,0.6445401237747673,-85804093.0,-0.001051385271134131,0.010221497382983745,-0.0022516130252952927,0.01182949410444123,0.10019925098321503,0.01678509105984216,56.384421622623954,62.774614847639576,1,1,0.00987066676780679,ICICIBANK.NS,IN,Banking
2025-02-28,1055.05,1056.32,1051.94,1053.89,9620810,1054.73,1048.202,1034.326,986.5880000000001,1044.4638440064502,1023.2561533246477,43.401329877155504,76.63043478260886,21.207690681802546,21.856951071628007,-0.6492603898254607,1034.326,35.720287232887735,1105.7665744657754,962.8854255342245,0.6369249907749245,0.13813937668724635,14.883571428571454,11211192.6,0.8581432399847239,-95424903.0,-0.0007111431388909795,0.004156031464380272,-0.0010994739585789821,0.013229115591320229,0.09043032002400442,0.021428986799511662,54.931214879772824,56.616934701480055,1,1,0.018294129368340073,ICICIBANK.NS,IN,Banking
2025-03-03,1055.85,1058.87,1047.72,1052.68,7203258,1054.4720000000002,1049.092,1039.7535,988.8172,1045.7278680054578,1025.4356977314521,38.3998083602827,88.64644970414223,20.292170274005684,21.543994912103546,-1.2518246380978617,1039.7535,28.88747247601695,1097.5284449520339,981.9785550479661,0.6118694272242068,0.1111320037912415,14.855000000000002,10831395.55,0.6650350180374478,-102628161.0,-0.0011481274136769803,0.010592012767402507,-0.0030023204053576205,0.008526701028952477,0.11497357355448945,-0.0012239437555148225,54.86153224065387,55.39238958101688,1,1,0.0030303606034121078,ICICIBANK.NS,IN,Banking
2025-03-04,1052.35,1093.61,1068.6,1079.71,13512962,1059.334,1052.327,1045.5145,991.3788000000001,1050.9558883123104,1029.4560167743377,56.03603603603606,90.37013801756603,21.499871537972695,21.535170237277377,-0.03529869930468266,1045.5145,24.19588948887604,1093.906278977752,997.1227210222479,0.853319310857202,0.09257026847108434,16.74642857142856,11194105.5,1.207149672910473,-89115199.0,0.02567731884333324,0.023163627270264078,0.02599895472036312,0.030887183012526798,0.11946209914047845,0.023033920788326556,79.57984427678026,63.12419713240231,0,0,-0.02454362745552041,ICICIBANK.NS,IN,Banking
2025-03-05,1084.03,1100.1,1053.17,1074.03,12438621,1062.9900000000002,1054.908,1050.6055000000001,993.7230000000001,1054.505751648878,1032.757793580536,68.34374277122375,75.7818986991419,21.747958068342086,21.577727803490323,0.17023026485176374,1050.6055000000001,17.836389024156823,1086.2782780483137,1014.9327219516865,0.8283245836285366,0.06790898781375054,17.774999999999977,11044055.25,1.1262728764171226,-101553820.0,-0.005260671847070131,0.04369524128744648,-0.009224836950998381,0.024622693709335675,0.10473045946863335,0.017314705185886847,65.034871243763,66.4920825870657,0,0,-0.015306835004608832,ICICIBANK.NS,IN,Banking
2025-03-06,1078.79,1075.08,1057.03,1065.05,15181416,1065.072,1057.69,1053.9060000000002,995.6622,1056.1279437028968,1035.1498090526288,63.36049753377646,60.388739946380646,20.978134650267975,21.457809172845856,-0.4796745225778807,1053.9060000000002,13.33056535303694,1080.567130706074,1027.2448692939263,0.7089933867049378,0.05059489310441081,17.987142857142835,10687771.4,1.4204471644624468,-116735236.0,-0.008361032745826447,0.01694756114734802,-0.012736491810257116,0.02682143786816793,0.06607343049327352,0.00987066676780679,52.99087982761549,65.86853178271957,1,0,0.005154687573353467,ICICIBANK.NS,IN,Banking
2025-03-07,1067.59,1082.65,1065.58,1073.17,11330419,1068.9279999999999,1061.8290000000002,1055.6865,997.492,1058.7497985178359,1037.9661196913262,65.0363245676865,67.89646513424753,20.783678826509686,21.322983103578625,-0.5393042770689398,1055.6865,13.410290343809624,1082.5070806876192,1028.8659193123808,0.8259344046798504,0.05081163903790341,18.153571428571418,11107098.1,1.0201060509129698,-105404817.0,0.007624055208675706,0.015906147208722063,0.005226725615634212,0.04011514082459455,0.034320906742742796,0.018294129368340073,63.88143776738375,60.635729612920734,0,0,-0.003811138962140359,ICICIBANK.NS,IN,Banking
2025-03-10,1072.85,1072.06,1042.92,1055.87,9268450,1069.566,1062.019,1055.2,998.8584000000001,1058.306752592015,1039.2923331339227,53.817855540601144,51.44906323184996,19.014419458092334,20.861270374481368,-1.8468509163890339,1055.2,13.206665781060785,1081.6133315621216,1028.7866684378785,0.5126829892304836,0.050063175818985124,18.90071428571428,11195483.4,0.8278739596117878,-114673267.0,-0.016120465536681228,0.027598094462360213,-0.01582700284288036,0.0018027078569597954,-0.009131006006006026,0.0030303606034121078,40.67864806812388,52.516988554374365,1,1,0.0064212450396357035,ICICIBANK.NS,IN,Banking
2025-03-11,1056.76,1063.02,1045.36,1053.21,14475892,1064.266,1061.8000000000002,1054.2580000000003,1000.2778,1057.522636808628,1040.323271482486,52.203090507726266,50.379819406621735,17.199365326142015,20.1288893648135,-2.9295240386714845,1054.2580000000003,12.599487708884268,1079.4569754177687,1029.0590245822318,0.4792055037336863,0.0478041910381416,19.580714285714276,11704604.35,1.2367689099402228,-129149159.0,-0.00251924952882443,0.01676778610152136,-0.003359324728411934,-0.002075042637862512,-0.01757380719182866,-0.02454362745552041,37.11105150164831,47.22371244571864,1,1,0.013055326098309061,ICICIBANK.NS,IN,Banking
2025-03-12,1056.26,1059.8,1055.83,1057.59,8617771,1060.9779999999998,1061.984,1053.7884999999999,1001.1594,1057.5330003765314,1041.602288481146,59.54613653413348,26.528013582342894,15.930711895385457,19.289253870927894,-3.358541975542437,1053.7884999999999,12.2711451337985,1078.330790267597,1029.2462097324028,0.5774479471551534,0.046579157520837994,18.965714285714267,11624800.25,0.7413263086971057,-120531388.0,0.00415871478622476,0.0037538176419938483,0.0012591596765935168,0.0017428368458440868,-0.008800539841421706,-0.015306835004608832,42.98551502088267,40.25840486355161,1,1,0.0032715891791714746,ICICIBANK.NS,IN,Banking
2025-03-13,1051.67,1072.12,1069.28,1070.54,8407192,1062.076,1063.574,1055.2,1002.7088,1059.5340772416805,1043.745822778582,66.97914841422812,46.7916896488325,15.78825446309861,18.58905398936204,-2.800799526263429,1055.2,12.502734858717051,1080.2054697174342,1030.194530282566,0.8067328902943569,0.047394749274849234,19.00071428571427,11501384.7,0.7309720949537412,-112124196.0,0.012244820771754705,0.0026528667775115975,0.017942890830756744,0.015076234544489031,0.027084072876591536,0.005154687573353467,48.30360265742731,42.80005639331943,0,0,-0.03531862424570775,ICICIBANK.NS,IN,Banking
2025-03-14,1069.43,1071.04,1067.52,1069.08,10456576,1061.258,1065.093,1056.6475,1004.3098,1061.0026807429604,1045.6224285885478,58.087999143560594,54.29912524002556,15.380252154412574,17.947293622372147,-2.567041467959573,1056.6475,12.340974914572834,1081.3294498291457,1031.9655501708544,0.7518540894319284,0.046717471681184675,17.153571428571404,11247796.25,0.9296554487590892,-122580772.0,-0.0013637977095671827,0.00329255060425477,-0.0003272771476392182,0.01441326893698558,0.027833059329122056,-0.003811138962140359,45.7502623286856,45.67979333566518,0,0,-0.018782504583380044,ICICIBANK.NS,IN,Banking
2025-03-17,1057.24,1080.33,1048.5,1062.65,5155339,1062.614,1066.09,1057.591,1005.8692,1061.2561144748126,1046.8837302305046,53.68356874301393,38.357680389552876,14.372384244308023,17.232311746759322,-2.859927502451299,1057.591,12.022669770939553,1081.636339541879,1033.545660458121,0.605197100473127,0.04547190651557411,18.608571428571395,11003560.05,0.4685155084407879,-127736111.0,-0.006014517154936838,0.029953418340911843,0.00511709734780652,0.009471064331040724,0.018078522293970112,0.0064212450396357035,34.50507170278948,42.85297889630078,0,0,-0.012130052227920851,ICICIBANK.NS,IN,Banking
2025-03-18,1061.93,1071.48,1063.35,1066.96,5511425,1065.364,1064.815,1058.5710000000001,1007.7106,1062.1336353248414,1048.3708613855933,55.47523688580641,67.2258465361918,13.762773939248063,16.538404185257072,-2.7756302460090083,1058.5710000000001,11.94338394258559,1082.4577678851713,1034.684232114829,0.675599311712075,0.04513021400576545,18.78785714285711,10046469.95,0.5485931355825998,-122224686.0,0.004055897990871804,0.00761977956061379,0.004736658725146889,-0.011808726417278703,0.018713718301252902,0.013055326098309061,42.04267226229382,40.76600209792296,1,0,0.002333733223363499,ICICIBANK.NS,IN,Banking
2025-03-19,1062.53,1069.18,1054.54,1061.05,6622356,1066.056,1063.517,1059.2125,1009.6243999999999,1061.9669221979427,1049.3100568742134,52.99057572081732,61.06094808126405,12.656865323729335,15.762096412951525,-3.1052310892221904,1059.2125,11.700237908063007,1082.6129758161262,1035.812024183874,0.5392620221464539,0.04418466703537585,19.063571428571386,9983152.35,0.6633531277970403,-128847042.0,-0.005539101747019659,0.013797653267976348,-0.001392901847475954,-0.012085323501205725,0.01223979698918165,0.0032715891791714746,31.70689052060662,36.08487816189663,1,0,0.008501013147353964,ICICIBANK.NS,IN,Banking
2025-03-20,1061.43,1033.43,1032.18,1032.73,13416080,1058.4940000000001,1060.2849999999999,1058.9875,1011.1466,1057.46893416749,1048.0819044699335,42.14784028499329,29.067025934658176,9.3870296975565,14.487083069872522,-5.100053372316022,1058.9875,12.17870396483834,1083.3449079296765,1034.6300920703234,-0.03900439808230404,0.04600131338595325,20.8128571428571,9216851.5,1.45560320076729,-142263122.0,-0.026690542387257876,0.0012103841275055336,-0.027038994563911897,-0.030345993145861616,-0.0043384784474032045,-0.03531862424570775,0.8097762072907214,24.853112996730378,1,1,0.06325951604001046,ICICIBANK.NS,IN,Banking
2025-03-21,1023.25,1052.84,1045.93,1049.0,25073404,1054.478,1057.868,1059.8485,1013.0646,1056.1660212186455,1048.149911548451,48.771695594125475,32.822966507177014,8.01610967019451,13.192888389936922,-5.176778719742412,1059.8485,10.66911789132349,1081.186735782647,1038.510264217353,0.245796697750705,0.04026657731294016,21.452857142857106,10128660.2,2.47549044290276,-117189718.0,0.01575435980362716,0.006587225929450207,0.02516491570972376,-0.022522060810496125,0.016689604373025357,-0.018782504583380044,24.76442873932911,19.093698489075475,1,1,0.08829361296472826,ICICIBANK.NS,IN,Banking
2025-03-24,1048.14,1062.38,1039.66,1049.76,13842604,1051.9,1057.257,1059.638,1014.9806,1055.1804794927,1048.2691773632757,37.87743867886341,34.41935483870968,6.911302129424257,11.93657113783439,-5.025269008410133,1059.638,10.831499677476307,1081.3009993549526,1037.9750006450472,0.2720075637168504,0.040887547171642155,20.15214285714283,10724141.6,1.290788878544006,-103347114.0,0.0007244995233555152,0.021643042219153315,0.001545595054094248,-0.005786697225984128,-0.003994421093579503,-0.012130052227920851,25.883392225767274,17.15253239079569,1,1,0.07637936290199665,ICICIBANK.NS,IN,Banking
2025-03-25,1057.09,1093.17,1050.48,1069.45,15642056,1052.3980000000001,1058.8809999999999,1060.3405,1017.6186,1057.375790339977,1049.8381272320553,48.33502980950998,54.51767207015676,7.537663107921617,11.056789531851836,-3.519126423930219,1060.3405,10.99653269516358,1082.3335653903273,1038.3474346096727,0.7070993705884073,0.041483024349832025,19.90071428571428,11233732.5,1.3924182908558407,-87705058.0,0.018756668190824666,0.039917714713133046,0.011692476515706738,0.015419526969929986,0.013312488156149271,0.002333733223363499,61.10837842169027,37.252066462262206,1,1,0.06880172051054267,ICICIBANK.NS,IN,Banking
2025-03-26,1071.24,1089.76,1054.32,1070.07,6637055,1054.202,1060.1290000000001,1061.0565,1020.5056,1059.328745672288,1051.3367845128964,51.94302523610466,52.1726980578454,7.9919611593916215,10.443823857359794,-2.4518626979681724,1061.0565,11.147074799200013,1083.3506495984,1038.7623504015999,0.702149446416757,0.04202254940878086,21.142857142857142,10983057.65,0.6042993314981524,-81068003.0,0.0005797372481179952,0.03311932864202056,-0.0010921922258307947,0.01180041414915034,0.01356381719156996,0.008501013147353964,62.12493851349175,49.70556972031642,1,1,0.05429551337762972,ICICIBANK.NS,IN,Banking
2025-03-27,1060.17,1104.23,1093.13,1098.06,13841987,1067.268,1062.8809999999999,1063.2275,1024.3139999999999,1065.2874001842438,1054.7977635207724,58.34954713183493,69.75974372664177,10.489636663471401,10.452986418582116,0.03665024488928559,1063.2275,13.754828769333995,1090.737157538668,1035.7178424613319,1.1330958491559862,0.05174745299315943,22.32571428571428,11312783.65,1.2235702727709927,-67226016.0,0.02615716728812134,0.01010873722746462,0.035739551204018345,0.0257066527173202,0.04117044678752935,0.06325951604001046,91.43650242759966,71.55660645426055,1,1,0.030417281387173922,ICICIBANK.NS,IN,Banking
2025-03-28,1094.18,1156.87,1129.41,1141.62,8418478,1085.792,1070.135,1067.614,1029.0002,1077.0308770789754,1061.2290404396567,74.45667674405347,100.0,15.801836639318708,11.522756462729436,4.279080176589272,1067.614,22.086049991126593,1111.7860999822533,1023.4419000177469,1.3377007209120135,0.08274919583709435,24.36571428571428,11252667.05,0.7481317286347925,-58807538.0,0.039669963389978635,0.024053537954814876,0.0433566689209787,0.06785273319115492,0.08324398181973436,0.08829361296472826,87.76966877786693,80.44370323965278,0,0,-0.019148227956763075,ICICIBANK.NS,IN,Banking
2025-03-31,1147.88,1130.93,1129.15,1129.94,10342358,1101.828,1076.864,1071.477,1033.1972,1085.1707421437486,1066.3187412523573,70.8132154288505,88.8015340364335,18.8520008913913,12.98860534846181,5.863395542929489,1071.477,25.783643346326105,1123.0442866926523,1019.9097133073478,1.0668613160449976,0.09625458445231046,23.994999999999973,11409622.05,0.9064592190887497,-69149896.0,-0.010231075138837697,0.0015753048834437203,-0.01562881137399765,0.0633228250129394,0.07339362389330084,0.07637936290199665,78.40243804572629,85.86953641706428,0,1,-0.009876630617554949,ICICIBANK.NS,IN,Banking
2025-04-01,1134.08,1143.56,1142.6,1143.03,7725556,1116.5439999999999,1084.471,1074.643,1037.8518000000001,1094.0721664293258,1072.001056823199,72.13012847078332,89.9854239903971,22.07110960612681,14.805106199994812,7.266003406131999,1074.643,30.33385065878541,1135.3107013175709,1013.9752986824292,1.063619508517045,0.11290763782486722,24.497142857142826,11120251.75,0.6947284539013738,-61424340.0,0.01158468591252615,0.0008398729692127036,0.007891859480805723,0.07129601859488632,0.05864537699937933,0.06880172051054267,88.90047317275729,85.02419333211682,0,0,-0.006167817117660901,ICICIBANK.NS,IN,Banking
2025-04-02,1141.24,1139.68,1118.95,1128.17,7954176,1128.164,1091.183,1077.35,1042.0394000000001,1099.3179869786602,1076.1617193539971,64.78071300333426,76.26118067978547,23.156267624663087,16.475338484928468,6.680929139734619,1077.35,32.60684009610035,1142.5636801922005,1012.1363198077992,0.8896421720820816,0.12106312747415447,25.17928571428568,10896029.5,0.7300067671433188,-69378516.0,-0.013000533669282444,0.018374890309068352,-0.01145245522413207,0.06325809339804911,0.05040827537405845,0.05429551337762972,76.98291763511934,81.42860961786762,1,0,0.024464398096031514,ICICIBANK.NS,IN,Banking
2025-04-03,1119.07,1135.27,1128.41,1131.46,4999408,1134.844,1101.056,1080.6705,1045.8612,1104.2629120588663,1080.2578883575177,65.85018802723863,76.81488599633106,24.00502370134859,17.981275528212493,6.023748173136099,1080.6705,34.60833645768676,1149.8871729153734,1011.4538270846265,0.8668877588296543,0.1280994954804622,25.434999999999963,10386929.1,0.4813171891856671,-64379108.0,0.002916227164345697,0.0060629628974898245,0.011071693459738022,0.09560097992698968,0.06235388009952603,0.030417281387173922,79.62146122319663,81.8349506770244,1,1,0.031030703692574102,ICICIBANK.NS,IN,Banking
2025-04-04,1135.38,1120.61,1119.09,1119.76,7934636,1130.4720000000002,1108.132,1083.0,1049.3434,1106.6470794344255,1083.1839707455754,64.13264043553576,61.05113057649223,23.46310868885007,19.07764216034001,4.385466528510062,1083.0,35.62982355156733,1154.2596471031347,1011.7403528968654,0.757929989086523,0.1315967628865538,24.044999999999977,10217139.95,0.7766004246031274,-72313744.0,-0.010340621851413268,0.0013574337357993003,-0.013757508499345029,0.06745471877979026,0.0434134386909808,-0.019148227956763075,70.2381907124049,75.61418985690695,1,1,0.041830392226905655,ICICIBANK.NS,IN,Banking
2025-04-07,1120.81,1138.67,1102.87,1118.78,8256674,1128.24,1115.034,1086.1455,1052.9094,1108.51368259836,1085.8207136901647,63.038446054750416,29.460431654676213,22.692968908195326,19.800707509911074,2.8922613982842513,1086.1455,35.884676611700854,1157.9148532234017,1014.3761467765984,0.7273567932101104,0.13215421547727366,25.971428571428564,10166551.15,0.8121410167556166,-80570418.0,-0.0008751875401872278,0.03199914192242281,-0.001811190121428397,0.06574836153025454,0.059581198442990146,-0.009876630617554949,69.45224155850951,73.103964498037,1,1,0.0628452421387582,ICICIBANK.NS,IN,Banking
2025-04-08,1123.32,1136.09,1135.9,1135.98,7195148,1126.8300000000002,1121.687,1090.2839999999999,1056.497,1112.73926989092,1089.5362164278672,67.83962668444366,54.94109947643977,23.20305346305281,20.48117670053942,2.7218767625133893,1090.2839999999999,36.651040683150214,1163.5860813663003,1016.9819186336995,0.8116964699190421,0.1344641971563981,26.16214285714284,9802513.95,0.73401040821672,-73375270.0,0.01537388941525597,0.00016725646578254894,0.011270163444066528,0.062209546963392315,0.07858831572051161,-0.006167817117660901,83.2464511983059,74.3122944897401,1,1,0.07809996654870677,ICICIBANK.NS,IN,Banking
2025-04-09,1141.31,1172.79,1142.15,1155.77,10216539,1132.35,1130.257,1095.1929999999998,1060.5354,1119.359382215394,1094.4424226771873,80.53404804447098,59.392509584193476,24.916959538206584,21.368333268072856,3.5486262701337274,1095.1929999999998,38.56657253169053,1172.3261450633809,1018.0598549366186,0.8926781408260405,0.14085762977541072,26.7292857142857,9882452.35,1.0338059425294428,-63158731.0,0.017421081357066104,0.026510464884858892,0.012669651540762253,0.08008821852775982,0.09283370682400549,0.024464398096031514,87.21550364240055,79.97139879973865,1,1,0.06276335257014809,ICICIBANK.NS,IN,Banking
2025-04-10,1150.96,1167.43,1165.88,1166.57,13836013,1139.372,1137.108,1099.9945,1064.695,1126.6225541822564,1099.7852062418615,79.99081679506153,80.11292346298609,26.83734794039492,22.46213620253727,4.375211737857651,1099.9945,41.222150085016494,1182.4388001700331,1017.550199829967,0.9037604774483552,0.14989947707912737,26.125714285714285,10153893.4,1.3626311693767468,-49322718.0,0.009344419737491005,0.001328681519324709,0.013562591228180246,0.06239185472560704,0.08970239318474782,0.031030703692574102,95.32787500867325,88.59660994979322,1,1,0.07681493609470502,ICICIBANK.NS,IN,Banking
2025-04-11,1168.19,1174.81,1160.03,1166.6,6657294,1148.74,1139.606,1104.8705,1068.6972,1132.7729304619093,1104.7344502747924,79.91601802539948,79.04132231404948,28.038480187116875,23.577404999453194,4.461075187663681,1104.8705,43.09788509587094,1191.066270191742,1018.6747298082581,0.8580773155215443,0.1560287295057003,25.558571428571423,9963929.3,0.6681393586223701,-42665424.0,2.57164165029522e-05,0.012669295388297022,-0.0013610799613066233,0.021881186384260953,0.0912186178770531,0.041830392226905655,93.39660580637496,91.97999481914958,1,1,0.0721926967255273,ICICIBANK.NS,IN,Banking
2025-04-14,1172.81,1199.5,1180.76,1189.09,12960177,1162.8020000000001,1145.521,1111.1925,1073.5964,1141.437095006231,1110.9830095731365,80.19991922455579,98.6253331463038,30.454085433094406,24.95274108618144,5.5013443469129655,1111.1925,45.76951765151884,1202.7315353030378,1019.6534646969624,0.9254878792484352,0.16475819500753533,24.807857142857138,10354171.2,1.251686445778833,-29705247.0,0.019278244471112593,0.01575995088679936,0.013881191326801521,0.052347912278527975,0.11898555498047325,0.0628452421387582,92.82959085209508,93.85135722238108,1,1,0.07713461554634216,ICICIBANK.NS,IN,Banking
2025-04-15,1178.78,1230.31,1220.22,1224.7,4775370,1180.5459999999998,1153.688,1119.0794999999998,1078.8006,1154.24677269758,1119.4064904196905,83.1724374651393,100.0,34.8402822778894,26.930249324523036,7.910032953366365,1119.0794999999998,51.03428635679592,1221.1480727135918,1017.010927286408,1.017399710757971,0.18241523093489015,25.22071428571428,10317368.45,0.46284763021644054,-24929877.0,0.029947270601888842,0.008238752347506883,0.03895553029399983,0.0714504431204781,0.1478405938366949,0.07809996654870677,95.91048257693613,94.04555974513539,1,1,0.0345064097329959,ICICIBANK.NS,IN,Banking
2025-04-16,1222.4,1230.05,1226.93,1228.31,36863973,1195.054,1163.702,1127.4424999999999,1083.9226,1165.6411153594906,1127.473417121059,81.2065743447219,100.0,38.16769823843174,29.177739107304777,8.989959131126962,1127.4424999999999,54.604102976261736,1236.6507059525234,1018.2342940474764,0.9618128240422189,0.19372731816021949,23.162857142857124,11829449.3,3.1162879140715436,11934096.0,0.0029476606515881354,0.0025400753881327605,0.004834751308896449,0.08876321830929723,0.15763630366146741,0.06276335257014809,98.43063402308199,95.72356915070439,1,1,0.04811488956370957,ICICIBANK.NS,IN,Banking
2025-04-17,1229.65,1264.14,1249.82,1256.18,26750051,1212.976,1176.174,1138.615,1089.0654000000002,1179.5701745349536,1137.0072381470484,79.67875647668401,100.0,42.56293638790521,31.854778563424865,10.708157824480345,1138.615,57.01197671957878,1252.6389534391576,1024.5910465608424,1.0155276433285416,0.2002853527119482,21.52142857142857,12496147.85,2.140663601330261,38684147.0,0.022689711880551355,0.0113996401789463,0.021575244988393767,0.11022926130839794,0.21636826663309883,0.07681493609470502,95.06417808584942,96.46843156195585,1,1,0.05164864907895361,ICICIBANK.NS,IN,Banking
2025-04-18,1251.88,1267.85,1237.2,1250.82,12782654,1229.8200000000002,1189.28,1148.706,1093.3306000000002,1190.5316861449605,1145.4378131580656,82.37625883865434,94.35611245656511,45.093872986894894,34.50259744811888,10.591275538776017,1148.706,58.16469017503677,1265.0353803500734,1032.3766196499264,0.9389003005593531,0.20253986720705253,22.82,11881610.35,1.0758350549818312,25901493.0,-0.004266904424525264,0.024503925424901554,-0.000846726523308405,0.11704293777237984,0.19239275500476638,0.0721926967255273,89.6775366705681,94.39078292649982,1,1,0.05108648726435461,ICICIBANK.NS,IN,Banking
2025-04-21,1236.59,1290.56,1273.02,1280.81,9839222,1248.164,1205.483,1160.2585000000001,1097.6348,1204.4206575072742,1155.465382618684,83.83927694272519,95.70959737452965,48.95527488859011,37.39313293621313,11.562141952376983,1160.2585000000001,60.38100226456852,1281.0205045291373,1039.496495470863,0.9991284322790218,0.20816396437351337,24.685714285714294,11681441.25,0.8422951369724916,35740715.0,0.023976271565852914,0.01369445897516905,0.035759629303135455,0.14482740127639038,0.22009792714525211,0.07713461554634216,94.80526399864243,93.18232625168663,1,1,0.020143502939546032,ICICIBANK.NS,IN,Banking
2025-04-22,1282.79,1273.89,1261.42,1266.96,6740613,1256.616,1218.5810000000001,1170.134,1101.5330000000001,1214.0420948138474,1163.7242432149562,84.25729377499133,83.4809527904377,50.31785159889114,39.978076668748734,10.339774930142404,1170.134,60.896789164343325,1291.9275783286866,1048.3404216713134,0.8975004319923846,0.20817030926130264,24.350714285714293,11236369.1,0.599892397634713,29000102.0,-0.010813469601267833,0.009842457536141776,-0.012340289525165919,0.11530132572756568,0.18468371592874844,0.0345064097329959,87.42607491029136,90.63629185983397,1,1,0.022037001957441404,ICICIBANK.NS,IN,Banking
2025-04-23,1278.3,1294.11,1282.05,1287.41,10749271,1268.4360000000001,1231.7450000000001,1181.001,1105.9416,1225.3294648424862,1172.8861511758128,85.48673371865468,81.00464748343714,52.443313666673475,42.47112406833369,9.972189598339789,1181.001,61.48982884655913,1303.9806576931182,1058.0213423068817,0.9326284606540336,0.20826342686079713,25.782857142857146,11441979.9,0.9394589183416658,39749373.0,0.0161409989265644,0.009367645116932895,0.0071266525854595955,0.11389809391141847,0.20310820787425143,0.04811488956370957,96.4965488386505,92.90929591586142,0,1,-0.0026176587101235382,ICICIBANK.NS,IN,Banking
2025-04-24,1292.1,1334.59,1310.23,1321.06,5734189,1281.412,1247.194,1192.151,1111.5166,1240.0572394821036,1183.8619918858649,91.64597815292947,85.3548829762903,56.19524759623869,45.21594877391469,10.979298822323997,1192.151,65.73064893543872,1323.6122978708775,1060.6897021291227,0.9902925883389091,0.22054470930405143,28.269285714285697,11036590.0,0.5195616110083268,45483562.0,0.02613774943491176,0.01843973778630907,0.022413125919029196,0.1324309728520363,0.20308544159699826,0.05164864907895361,94.16105644703023,92.69456006532403,0,0,-0.024359226681604063,ICICIBANK.NS,IN,Banking
2025-04-25,1307.82,1343.01,1292.09,1314.72,6785599,1294.1919999999998,1262.0059999999999,1200.806,1117.0084000000002,1251.5438180233184,1193.5551777182238,89.65754533678758,76.69646114556733,57.98864030509458,47.77048708015067,10.218153224943904,1200.806,69.9855034914202,1340.7770069828405,1060.8349930171596,0.9069199845545807,0.23312842704437498,29.34928571428569,10954946.05,0.6194095662014176,38697963.0,-0.004799176418936235,0.038730680296915954,0.005275955406703381,0.12696725527173003,0.1516266358332896,0.05108648726435461,86.34059195554856,92.33273241374309,0,0,-0.02922295241572359,ICICIBANK.NS,IN,Banking
2025-04-28,1310.68,1320.07,1295.83,1306.61,9239884,1299.352,1273.758,1209.6395,1122.265,1260.0155383274232,1201.9296090352545,85.85417104433702,74.8198238277427,58.08592929216866,49.83357552255428,8.25235376961438,1209.6395,71.69868430672928,1353.0368686134586,1066.2421313865414,0.8381181291427846,0.23709108145582233,29.844285714285693,10899822.35,0.847709518154714,29458079.0,-0.006168613849336868,0.0185518249515781,-0.00310525833918047,0.0988318798408867,0.15635343469564744,0.020143502939546032,81.87792492242414,87.45985777500097,0,0,-0.024215335869157473,ICICIBANK.NS,IN,Banking
2025-04-29,1301.36,1298.64,1291.87,1294.88,9827840,1304.9360000000001,1280.776,1217.232,1127.2154,1265.3793016616657,1208.8148232088813,80.25577450084828,57.47370657601201,56.56447845278444,51.179756108600316,5.3847223441841265,1217.232,72.31128670728664,1361.8545734145732,1072.6094265854267,0.7684504851695831,0.23762532272312006,28.267857142857128,11004936.55,0.8930391431435246,19630239.0,-0.008977430143654042,0.005228283701960784,-0.004979406159705856,0.0573038295092676,0.13284865664068324,0.022037001957441404,73.69657886067503,80.6383652462159,0,0,-0.023384406277029646,ICICIBANK.NS,IN,Banking
2025-04-30,1287.62,1286.7,1281.91,1284.04,8142233,1304.2620000000002,1286.349,1225.0255000000002,1131.9318,1268.250178329102,1214.3870585477916,75.54473100508851,59.37225636523263,53.86311978131039,51.71642884314234,2.1466909381680495,1225.0255000000002,70.58627333942228,1366.1980466788448,1083.8529533211556,0.7090154969490764,0.23048099272828088,28.36142857142855,11014339.4,0.739239273919662,11488006.0,-0.008371432101816456,0.0037304133827577284,-0.002780323387332557,0.04537128249383304,0.13816180185610305,-0.0026176587101235382,67.7724341454379,74.44897930951235,0,0,-0.04455468676988261,ICICIBANK.NS,IN,Banking
2025-05-01,1284.48,1290.24,1287.8,1288.88,17509581,1297.826,1289.619,1232.8964999999998,1136.9648,1271.4239970477017,1219.9050542302189,76.04583794836843,50.97338100913789,51.518942817482866,51.67693163801045,-0.157988820527585,1232.8964999999998,68.34504535039576,1369.5865907007915,1096.2064092992082,0.704782584137137,0.2217381437950076,27.748571428571413,11639848.05,1.5042790438936147,28997587.0,0.0037693529796580805,0.0018931165042503268,0.003425510712503632,0.026031301246636662,0.13912997366234792,-0.024359226681604063,66.6379044680023,69.36897249137174,0,0,-0.06330302277946753,ICICIBANK.NS,IN,Banking
2025-05-02,1297.04,1283.04,1270.9,1276.3,5331854,1290.1419999999998,1292.167,1240.7235,1141.8552,1272.1741513480554,1224.0824576341024,69.39465373838009,8.890521675239029,48.091693713952964,50.95988405319896,-2.8681903392459986,1240.7235,63.4982871111728,1367.7200742223456,1113.7269257776545,0.640068738929416,0.2047137403655902,26.682857142857124,11509708.95,0.46324833754824557,23665733.0,-0.0097604121407735,0.009511870249933684,-0.015990254733843228,0.020370636862218294,0.13979781381724643,-0.02922295241572359,45.67147161783796,60.02727007709271,0,0,-0.06014259970226432,ICICIBANK.NS,IN,Banking
2025-05-05,1278.34,1275.33,1274.68,1274.97,4553000,1283.8139999999999,1291.583,1248.533,1146.2752,1272.604281909893,1227.851905228065,63.19076357911308,9.791624519522799,44.752376681827855,49.718382578924746,-4.966005897096892,1248.533,56.9817406672875,1362.4964813345748,1134.569518665425,0.6159889101745242,0.18255581764275935,23.854285714285684,11324525.25,0.4020477236299399,19112733.0,-0.001042074747316435,0.0005098159172367614,-0.0026362313625461573,-0.004559614618873886,0.13960742952144312,-0.024215335869157473,41.38525155029819,51.231542545379476,0,0,-0.04145979905409547,ICICIBANK.NS,IN,Banking
2025-05-06,1271.05,1268.62,1261.37,1264.6,15154992,1277.758,1291.347,1254.9640000000002,1150.4592,1271.3728539237554,1230.5739863298409,59.196188738533245,9.36351325207994,40.798867593914565,47.934479581922716,-7.135611988008151,1254.9640000000002,50.49975095301093,1355.963501906022,1153.9644980939784,0.5477032055485688,0.1609599987026581,24.443571428571413,11722517.45,1.2928102493197613,3957741.0,-0.00813352471038542,0.005733038114814382,-0.005074544667790387,-0.0018627265264886672,0.11322382436310496,-0.023384406277029646,25.895473017428337,37.65073206185482,0,0,-0.048473825715641294,ICICIBANK.NS,IN,Banking
2025-05-07,1269.43,1229.77,1224.48,1226.83,7120908,1266.316,1285.289,1258.517,1153.8808,1264.5201071662545,1230.296654008399,42.9178128468703,6.226682104721618,34.2234531578556,45.1922742971093,-10.968821139253699,1258.517,45.39526303829662,1349.3075260765934,1167.7264739234067,0.32549390685547075,0.14428176349865943,24.749999999999968,11567735.9,0.6155835027679442,-3163167.0,-0.029867151668511727,0.0043119258576947515,-0.03355836871664178,-0.04705571651610607,0.061482820976491714,-0.04455468676988261,1.9826204336286875,23.087781667118396,0,0,-0.019122453803705475,ICICIBANK.NS,IN,Banking
2025-05-08,1228.37,1236.29,1184.09,1207.29,4261680,1249.998,1273.9119999999998,1260.553,1156.9337999999998,1255.715475294523,1228.5924574111275,40.16893265278469,5.599907439546612,27.123017883395505,41.57842301436654,-14.455405130971037,1260.553,41.82728712720211,1344.2075742544043,1176.898425745596,0.18164920762012235,0.13272678618723346,26.289285714285693,11089019.25,0.38431528700653245,-7424847.0,-0.015927227081176665,0.043237333200769335,-0.017160953132999642,-0.08612023677955583,0.03490574933351631,-0.06330302277946753,14.598540145893564,14.158877865650188,0,0,-0.02230615676432346,ICICIBANK.NS,IN,Banking
2025-05-09,1210.41,1206.69,1193.82,1199.54,14560959,1234.6460000000002,1262.394,1262.2,1159.8468,1247.073094479981,1226.4404235240781,29.59578207381371,0.0,20.632670955902768,37.38927260267379,-16.756601646771024,1262.2,38.444823619809384,1339.089647239619,1185.3103527603812,0.09253292055808875,0.12183433249811113,24.412857142857124,11484202.5,1.2679119627234052,-21985806.0,-0.006419335867935638,0.010729112826574677,-0.008980428119390238,-0.08760800778873068,0.028235899194239744,-0.06014259970226432,9.721872640261024,8.767677739927748,0,1,-0.020266102005768838,ICICIBANK.NS,IN,Banking
2025-05-12,1197.16,1241.23,1206.81,1222.11,11804493,1224.074,1253.944,1263.8509999999999,1163.2354,1243.2326184061376,1226.1196514105288,39.2120075046904,22.722239001308722,17.11296699560876,33.33401148126079,-16.22104448565203,1263.8509999999999,35.75479708706518,1335.3605941741303,1192.3414058258695,0.2081440575752244,0.11316143148848053,26.00571428571428,11426418.3,1.0330876795322923,-10181313.0,0.018815545959284252,0.02816440418617957,0.02084099034379613,-0.06467117196409033,0.027769134380072114,-0.04145979905409547,23.9239869115031,16.081466565885886,0,0,-0.02507957548829476,ICICIBANK.NS,IN,Banking
2025-05-13,1229.71,1221.39,1188.82,1203.3,6011889,1211.8139999999999,1244.786,1262.7810000000002,1165.7072,1237.0891386513472,1224.4293068584066,29.607719536439873,19.32197585823127,12.659831792940622,29.199175543596755,-16.539343750656133,1262.7810000000002,37.27594792469497,1337.33289584939,1188.2291041506103,0.10107654324267551,0.11807573260815747,26.444285714285716,11488244.25,0.5233078567851779,-16193202.0,-0.015391413211576666,0.027067231779251306,-0.021476608306005972,-0.07072470035833445,-0.01747366702049491,-0.048473825715641294,12.087842939767903,15.24456749717733,0,0,-0.00427989695005393,ICICIBANK.NS,IN,Banking
2025-05-14,1198.74,1208.01,1199.67,1203.37,13129472,1207.1219999999998,1236.7189999999998,1261.534,1168.2939999999999,1231.9015788588322,1222.8693581994987,15.916594265855778,21.256220073232484,9.032220659333461,25.165784566744097,-16.133563907410636,1261.534,38.87276578789267,1339.2795315757855,1183.7884684242147,0.12593348568574286,0.12325554693844763,23.67000000000001,10301519.2,1.2745179104730582,-3063730.0,5.817335660251999e-05,0.006930536742641905,0.0038623888416137106,-0.06282514563409247,-0.020304320570540102,-0.019122453803705475,12.131890259173575,16.047906703481516,0,0,-0.0012797393985224392,ICICIBANK.NS,IN,Banking
2025-05-15,1205.0,1195.26,1168.44,1180.36,33144729,1201.7359999999999,1225.867,1257.743,1170.6001999999999,1223.9721051882425,1219.720516846286,14.515106697654758,24.67574931880101,4.251588341956449,20.98294532178657,-16.73135697983012,1257.743,42.909860123167775,1343.5627202463354,1171.9232797536645,0.04915373891961926,0.13646622600367045,22.527857142857133,10621253.1,3.1206040913756126,-36208459.0,-0.01912130101298848,0.02272188145987429,-0.020448132780066103,-0.08419713239401672,-0.0603575920648316,-0.02230615676432346,7.861241179134237,10.693658126025229,1,1,0.012216611881121109,ICICIBANK.NS,IN,Banking
2025-05-16,1191.38,1182.78,1169.18,1175.23,8308991,1196.8739999999998,1215.7599999999998,1253.9635,1172.6414,1216.4733197746668,1216.4249230008766,14.747236234839548,29.273338505301226,0.04839677379027307,16.79603561218731,-16.747638838397037,1253.9635,46.71224377702865,1347.3879875540574,1160.5390124459427,0.07862492981552704,0.14900670961153628,21.767857142857128,10397569.95,0.7991280886619004,-44517450.0,-0.004346131688637289,0.011572202887935415,-0.013555708506090865,-0.07918984564757492,-0.0604323563742184,-0.020266102005768838,5.2150537634007765,8.40272840056952,1,1,0.03219795274116555,ICICIBANK.NS,IN,Banking
2025-05-19,1176.46,1209.11,1177.35,1191.46,13636876,1190.744,1207.409,1249.4959999999999,1175.3532,1212.6251167324103,1214.5756694426875,22.904003353594646,45.292472617105595,-1.9505527102771794,13.046717947694411,-14.99727065797159,1249.4959999999999,48.25667255744143,1346.0093451148828,1152.982654885117,0.199336915889108,0.15448363998733194,23.134999999999973,10587452.65,1.2880222620856527,-30880574.0,0.013810062711128834,0.026656371174838715,0.012750114751021922,-0.06549958038228354,-0.0697605421569163,-0.02507957548829476,18.899835796232342,10.658710246255774,1,1,0.024952579188558532,ICICIBANK.NS,IN,Banking
2025-05-20,1192.84,1203.53,1193.85,1198.15,8510861,1189.714,1200.764,1246.0555,1178.252,1210.3981756966548,1213.3589531861087,26.996625421822316,32.87103231341159,-2.9607774894539034,9.84521886026475,-12.805996349718653,1246.0555,49.38575444237365,1344.8270088847473,1147.2839911152525,0.2574933270678471,0.15853468627146725,23.070714285714253,10675965.05,0.7971982076507258,-22369713.0,0.005614959797223706,0.008079121979712042,0.004451560980513499,-0.05254625968685733,-0.0543111069015596,-0.00427989695005393,24.392446633625717,16.169112064419604,1,1,0.0052747986479155795,ICICIBANK.NS,IN,Banking
2025-05-21,1196.77,1207.68,1197.15,1201.83,3678254,1189.406,1198.264,1241.7765,1181.1368,1209.0799948202464,1212.5049566527873,26.54018218077931,48.65900383141759,-3.42496183254093,7.191182721703613,-10.616144554244542,1241.7765,49.321504573779656,1340.4195091475592,1143.1334908524407,0.2975198630622577,0.1588740150058885,23.379999999999963,10322414.2,0.35633656743433456,-18691459.0,0.0030714017443558284,0.008761638501278228,0.00422804716026949,-0.02037772144469896,-0.06647454967725908,-0.0012797393985224392,29.13612565419593,24.14280269468465,1,1,0.019952905152974987,ICICIBANK.NS,IN,Banking
2025-05-22,1206.69,1211.15,1181.68,1194.78,15277311,1192.29,1197.0130000000001,1235.4625,1183.6216,1206.8799956171315,1211.1919968992813,27.355555555555497,43.049037061013145,-4.312001282149822,4.890545920932926,-9.202547203082748,1235.4625,46.64821944760465,1328.7589388952094,1142.1660611047907,0.28197184971884776,0.1510307903236785,24.20071428571425,10799570.3,1.4146219859671652,-33968770.0,-0.005866054267242404,0.024665628818674033,-0.009869974889980202,-0.010362050542951584,-0.09558990507622667,0.012216611881121109,24.642155486718615,26.05690925818008,1,1,0.02456519191817752,ICICIBANK.NS,IN,Banking
2025-05-23,1196.93,1234.88,1195.63,1213.07,6348406,1199.8579999999997,1198.366,1230.38,1186.5014,1207.8323039837264,1211.3311082402172,34.28614947197394,78.6577886805679,-3.4988042564907573,3.212675885448189,-6.711480141938946,1230.38,42.949240419731176,1316.2784808394624,1144.4815191605378,0.39924152423166553,0.1396291890950641,26.949285714285697,10777710.65,0.5890309748637597,-27620364.0,0.015308257587170804,0.03235592340093123,0.013484497840296749,0.011279323740767344,-0.07731684313009624,0.03219795274116555,44.54981034094076,32.77603049395176,0,1,-0.0021433223144582403,ICICIBANK.NS,IN,Banking
2025-05-26,1206.35,1223.07,1219.68,1221.19,7296347,1205.804,1198.274,1226.109,1189.6722,1209.8873341400763,1212.06139651941,38.85265266293463,88.26173826173833,-2.174062379333691,2.1353282324918132,-4.3093906118255045,1226.109,39.03892940993602,1304.186858819872,1148.0311411801279,0.4684993923064883,0.1273587565539579,26.69214285714283,10680533.8,0.6831443496630899,-20324017.0,0.006693760459000719,0.0027759808056052673,0.012301570854219625,-0.0007527963931232007,-0.06537528413221994,0.024952579188558532,72.4687457058323,47.22023717783055,1,1,0.014264774523210733,ICICIBANK.NS,IN,Banking
2025-05-27,1214.75,1209.88,1200.14,1204.47,23177119,1207.068,1198.391,1221.5885,1192.4224,1209.0538981185261,1211.4990708508133,43.56213290337442,60.74318744838976,-2.4451727322871193,1.2192280395360264,-3.6644007718231455,1221.5885,35.75267355111929,1293.0938471022387,1150.0831528977615,0.38029916157246085,0.11706945031355495,25.329999999999977,11347997.75,2.0423970349838116,-43501136.0,-0.013691563147421815,0.00808654428918273,-0.008462646635103117,0.0009723261032161812,-0.06982114172741882,0.0052747986479155795,49.49855749348125,55.505704513418095,1,1,0.013317060615872567,ICICIBANK.NS,IN,Banking
2025-05-28,1202.32,1234.82,1218.59,1225.81,20453661,1211.864,1200.635,1218.677,1195.7176000000002,1211.631759946445,1212.559139677538,55.277556138151155,68.39095744680846,-0.9273797310929695,0.7899064854102272,-1.7172862165031968,1218.677,32.63426857252091,1283.9455371450417,1153.408462854958,0.5546434799327141,0.10711375884666449,23.76928571428568,11963569.15,1.7096619774490978,-23047475.0,0.017717336255780536,0.013240224830917335,0.019537228025800515,0.018647631235613416,-0.04534905454658733,0.019952905152974987,78.81577139608704,66.92769153180019,0,1,-0.006395770959610303,ICICIBANK.NS,IN,Banking
2025-05-29,1233.71,1236.06,1214.58,1224.13,12494697,1217.734,1205.0120000000002,1215.4395,1199.5456,1213.5545661085305,1213.4162404428082,57.25839778027045,65.23224043715864,0.13832566572227734,0.6595903214726373,-0.52126465575036,1215.4395,28.215859757277773,1271.8712195145556,1159.0077804854443,0.5770001346244782,0.09285812994313453,24.341428571428537,11712824.95,1.0667534080449645,-35542172.0,-0.0013705223484877793,0.01754715593930585,-0.0077651960347181765,0.03708190721474813,-0.05023741543045124,0.02456519191817752,76.5077620541764,68.27403031458155,1,0,0.003994673768308754,ICICIBANK.NS,IN,Banking
2025-05-30,1231.44,1216.7,1205.49,1210.47,7924719,1217.2140000000002,1208.536,1212.148,1202.775,1213.0800174764488,1213.198000409856,46.37337986041877,59.82959528881097,-0.11798293340712007,0.5040756704966858,-0.6220586039038059,1212.148,24.312197631733493,1260.772395263467,1163.523604736533,0.4827452866879831,0.08022847913526551,22.69499999999997,11842468.2,0.669177927859842,-43466891.0,-0.011158945536830278,0.0092608656141753,-0.017028844279853666,0.02998561983611725,-0.051578782417926794,-0.0021433223144582403,62.156166813632765,72.49323342129873,1,1,0.02850958718514285,ICICIBANK.NS,IN,Banking
2025-06-02,1213.48,1244.5,1233.9,1238.61,10184213,1220.6979999999999,1213.251,1210.3300000000002,1206.552,1217.0077070954567,1215.0803707510775,60.39691419822156,64.24269462413562,1.9273363443792277,0.7887278052731943,1.1386085391060334,1210.3300000000002,20.41427183950228,1251.1585436790047,1169.5014563209957,0.8463263375433105,0.06746679612828031,22.74785714285711,12124028.85,0.8400023033595551,-33282678.0,0.023247168455228007,0.00855798031663829,0.020709035171555503,0.03957329662766673,-0.02851831807807248,0.014264774523210733,92.25611359331755,76.97334748704223,1,0,0.0029307045801343357,ICICIBANK.NS,IN,Banking
2025-06-03,1234.69,1225.67,1216.39,1220.51,27668184,1223.906,1215.4869999999999,1208.1254999999999,1209.5732,1217.5465213884634,1215.4825655104964,54.5623935264055,49.658771577679616,2.0639558779669187,1.0437734198119393,1.0201824581549794,1208.1254999999999,16.188544512132754,1240.5025890242655,1175.7484109757343,0.6912540684251611,0.05359888359982273,23.739285714285675,12749688.45,2.170106504045085,-60950862.0,-0.014613155068988526,0.007603378915365191,-0.01148466416670466,0.01866210407711888,-0.03486477937687804,0.013317060615872567,68.45911122707781,74.29046387800936,1,1,0.032756798387559405,ICICIBANK.NS,IN,Banking
2025-06-04,1222.0,1222.92,1214.02,1217.97,15519743,1222.3380000000002,1217.101,1207.6825000000001,1212.5312,1217.6116719440845,1215.666819917228,61.23558582780674,57.89843201497781,1.9448520268565517,1.2239891412208619,0.7208628856356898,1207.6825000000001,15.765454197481334,1239.2134083949627,1176.1515916050375,0.6631335810321963,0.05221721502950729,21.879999999999978,13169630.2,1.1784493251413146,-76470605.0,-0.0020810972462330657,0.007307240736629624,-0.003297872340422811,0.013429519982027571,-0.007221864480001172,-0.006395770959610303,64.77695167200244,75.16405883079926,1,1,0.04341650451160528,ICICIBANK.NS,IN,Banking
2025-06-05,1224.78,1259.58,1204.58,1229.02,28310317,1223.316,1220.525,1208.769,1215.1504,1219.3667993373022,1216.6559443683088,65.52022621039879,52.135160303312524,2.710854968993317,1.521362306775353,1.189492662217964,1208.769,16.470015147158193,1241.7090302943163,1175.8289697056837,0.8073919455788541,0.05450177874232228,24.837142857142844,14372062.05,1.9698158087331796,-48160288.0,0.009072473049418273,0.04475110250439802,0.0034618462091122876,0.028657995614255416,0.017998989472289173,0.003994673768308754,62.835947950105435,65.35733694972855,1,1,0.057126816487933496,ICICIBANK.NS,IN,Banking
2025-06-06,1231.84,1253.97,1237.78,1244.98,11353733,1230.218,1223.716,1211.041,1217.2176,1223.3072917469478,1218.754022564241,65.46642006704431,61.654555617663476,4.553269182706799,2.127743681961643,2.4255255007451564,1211.041,18.17573422828076,1247.3924684565613,1174.6895315434385,0.9668174552506599,0.06003342323923202,24.19928571428571,14211700.75,0.7989003146649908,-36806555.0,0.012985956290377798,0.013004224967458955,0.010666969736320817,0.02630515963629465,0.03788118778865246,0.02850958718514285,81.25802310550382,69.6236409092039,1,1,0.055824189946826364,ICICIBANK.NS,IN,Banking
2025-06-09,1238.5,1247.36,1238.15,1242.24,35454246,1230.944,1225.8210000000001,1212.0475,1219.4636,1226.2200160935713,1220.4937245972812,63.038977938132156,70.22793836750292,5.7262914962900595,2.8474532448273266,2.878838251462733,1212.0475,19.340961407286617,1250.7294228145731,1173.3655771854267,0.8902662768839268,0.06382905424835465,23.994999999999987,15394188.4,2.3030927500476253,-72260801.0,-0.002200838567687824,0.0074140262751097976,0.0030197819943455708,0.017237284943374842,0.016471512384319098,0.0029307045801343357,77.74069319540776,73.94488808367232,1,1,0.06613053838227723,ICICIBANK.NS,IN,Banking
2025-06-10,1252.74,1266.13,1255.97,1260.49,8784424,1238.94,1231.423,1214.907,1221.8128,1231.492321309945,1223.4564116653505,65.97146591156616,65.93822843822855,8.03590964459454,3.8851445247807703,4.150765119813769,1214.907,22.02152681260208,1258.9500536252042,1170.8639463747957,1.0174822843448017,0.07250440342374852,24.94928571428571,15532815.15,0.5655396880494205,-63476377.0,0.01469120298815052,0.008060357480021279,0.006186439324994662,0.04651008327314088,0.047527632344386284,0.032756798387559405,93.32149200599963,84.10673610230373,1,1,0.07279708684717856,ICICIBANK.NS,IN,Banking
2025-06-11,1266.99,1280.56,1263.09,1270.85,15518067,1249.516,1235.9270000000001,1218.281,1224.6664,1237.5473488007228,1226.9670478396054,70.34501203530358,91.33004926108377,10.580300961117473,5.224175812048111,5.356125149069362,1218.281,25.11326403569585,1268.5075280713916,1168.0544719286083,1.0233190707931819,0.08245475070423061,24.277857142857133,15652244.9,0.9914274985930294,-47958310.0,0.008219025934358859,0.013746704961235616,0.0030465907386773797,0.03674305153327184,0.05607585364434886,0.04341650451160528,88.56705522090459,86.54308014077066,1,1,0.05309045127277012,ICICIBANK.NS,IN,Banking
2025-06-12,1263.78,1301.24,1297.62,1299.23,7066164,1263.558,1243.437,1224.2244999999998,1228.0218,1247.0369874467654,1232.3198591126065,71.86358099878203,96.84113442471754,14.717128334158815,7.122766316470253,7.594362017688562,1224.2244999999998,29.371557218188386,1282.9676144363766,1165.481385563623,1.1384195042986558,0.09596787915342134,23.584285714285702,14348316.65,0.49247334582113883,-40892146.0,0.022331510406421007,0.002786265711226905,0.028050768329908684,0.06134969325153361,0.10070656409908851,0.057126816487933496,98.01186943523234,93.30013888737885,1,1,0.01569391100882811,ICICIBANK.NS,IN,Banking
2025-06-13,1312.82,1327.46,1304.1,1314.48,14584595,1277.458,1253.838,1231.187,1231.9162,1257.4128355318783,1238.4057954765947,72.84615761375328,96.98702441170002,19.007040055283596,9.499621064232924,9.507418991050672,1231.187,33.37754147232996,1297.94208294466,1164.43191705534,1.123870095914091,0.10844020111421868,24.88642857142856,14662096.85,0.9947140681508956,-26307551.0,0.011737721573547466,0.017771285983797666,0.0012644536189262941,0.08592530174229851,0.1184874450107638,0.055824189946826364,89.80521520507534,92.12804662040408,0,1,-0.002868054287627042,ICICIBANK.NS,IN,Banking
2025-06-16,1321.44,1332.91,1317.57,1324.39,19982550,1293.8880000000001,1262.416,1237.8335000000002,1236.0284,1267.71701468082,1244.7749958135598,80.38102959059593,96.77229355636706,22.94201886726023,12.188100624838388,10.753918242421843,1237.8335000000002,37.96964899759105,1313.7727979951824,1161.894202004818,1.0699058477234107,0.12269711232588361,24.69928571428571,14979380.55,1.3340036725347983,-6325001.0,0.007539102915221196,0.01158269089919779,0.00223241312507402,0.06925505203413529,0.11156899937891329,0.06613053838227723,93.36086651528593,93.7259837185312,1,0,0.009755434577428002,ICICIBANK.NS,IN,Banking
2025-06-17,1323.16,1355.54,1349.62,1352.25,16120133,1312.2400000000002,1275.5900000000001,1245.5385,1240.3537999999999,1280.7220893453095,1252.7361072369742,81.00843633509913,100.0,27.985982108335293,15.34767692153777,12.638305186797522,1245.5385,44.55700397126141,1334.652507942523,1156.4244920574772,1.098735835491365,0.14309314074587232,24.756428571428565,15359844.15,1.0494984059132915,9795132.0,0.02103609963832409,0.004377888704008648,0.021985247437934893,0.10793848473179235,0.12861494804490237,0.07279708684717856,97.82061473173148,93.66223215069756,0,0,-0.01004991680532441,ICICIBANK.NS,IN,Banking
2025-06-18,1354.54,1347.81,1330.73,1338.32,7118923,1325.734,1287.625,1252.363,1244.0048,1289.583306369108,1259.0756548506702,76.41697126729281,86.8199451225281,30.507651518437797,18.379671840917776,12.12797967752002,1252.363,47.84168146358806,1348.0463629271762,1156.6796370728239,0.9491742209378232,0.15280451902060307,24.759285714285706,15531877.6,0.458342688823231,2676209.0,-0.010301349602514387,0.012762269113505862,-0.01197454486393023,0.0988119576015829,0.11356847474268417,0.05309045127277012,88.59300476888848,93.25816200530194,1,0,0.017200669496084675,ICICIBANK.NS,IN,Banking
2025-06-19,1346.42,1323.9,1316.19,1319.62,13808281,1329.8120000000001,1296.685,1258.605,1247.0658,1294.2043361584758,1263.560421159089,74.67558891350544,71.38472331842493,30.64391499938688,20.8325204726116,9.811394526775281,1258.605,48.07677746666486,1354.7585549333298,1162.4514450666702,0.8172789609364349,0.152793854995417,25.008571428571404,15458426.1,0.8932526518173379,-11132072.0,-0.013972741945125211,0.005842591048933931,-0.019904635997668094,0.07371727067094103,0.10448785550477901,0.01569391100882811,76.20561738158312,87.53974562740102,1,1,0.028136887891968998,ICICIBANK.NS,IN,Banking
2025-06-20,1318.37,1312.49,1309.29,1310.71,27291964,1329.058,1303.258,1263.4869999999999,1249.948,1296.743669057172,1267.052982555477,67.85183717936025,56.070219966159065,29.690686501694927,22.604153678428265,7.086532823266662,1263.4869999999999,48.166908503007626,1359.8208170060152,1167.1531829939845,0.7451008455125698,0.15248881390301464,23.315714285714257,16505604.0,1.6534967364116613,-38424036.0,-0.006751943741379995,0.0024414248765917738,-0.005810205025898681,0.05279602885186918,0.08048999645527477,-0.002868054287627042,70.3033916264554,78.36733792564233,1,1,0.008438174729726633,ICICIBANK.NS,IN,Banking
2025-06-23,1314.68,1340.15,1335.04,1337.31,9161162,1331.6419999999998,1312.7649999999999,1269.2930000000001,1252.9124,1302.9846430483763,1272.2572060709417,77.75137806500666,60.77801907279764,30.727436977434536,24.228810338229522,6.498626639205014,1269.2930000000001,49.77188850408856,1368.8367770081773,1169.749222991823,0.8416436569087129,0.15684917037768065,23.831428571428564,16598844.75,0.551915605336594,-29262874.0,0.020294344286684307,0.0038211035586336053,0.017213314266576404,0.07653110510046357,0.09508757850948646,0.009755434577428002,87.9239533645474,78.14432079086197,0,1,-0.015314325025611142,ICICIBANK.NS,IN,Banking
2025-06-24,1341.96,1367.32,1315.72,1338.66,7834334,1328.9239999999998,1320.5819999999999,1276.0025,1255.1916,1308.4731595024723,1277.175931548092,78.83870967741936,57.32922444786851,31.297227954380332,25.642493861459688,5.654734092920645,1276.0025,49.61800838989017,1375.2385167797804,1176.7664832202197,0.8156993903646432,0.15554204130431185,26.88142857142855,15831705.5,0.49485088673163563,-21428540.0,0.001009489198465774,0.038546008695233565,-0.0024590896897057255,0.06201556537537001,0.11140999775835025,-0.01004991680532441,82.38908688655295,80.20547729251858,0,0,-0.009292874964516806,ICICIBANK.NS,IN,Banking
2025-06-25,1344.62,1371.24,1353.42,1361.34,7356274,1333.5279999999998,1329.6309999999999,1282.779,1257.8521999999998,1316.6065195790152,1283.4103069900582,79.95291561028614,54.931105565802284,33.196212588956996,27.153237606959156,6.0429749819978404,1282.779,51.61689400105408,1386.0127880021082,1179.5452119978918,0.8805004229696342,0.16095334894323612,25.279999999999973,15176836.15,0.4847040214831586,-14072266.0,0.01694231544977809,0.013090043633469117,0.012434739926512764,0.07120431207459577,0.1105636273158157,0.017200669496084675,92.5820470546037,87.63169576856801,0,0,-0.03669913467612784,ICICIBANK.NS,IN,Banking
2025-06-26,1348.59,1357.26,1356.35,1356.75,15806595,1340.954,1335.383,1289.41,1259.8636,1322.782439643782,1288.842876843521,76.67414443224669,61.12519618495722,33.939562800261,28.510502645619525,5.429060154641476,1289.41,52.2012157551532,1393.8124315103064,1185.0075684896938,0.8225020673609973,0.16193829970331444,23.854285714285684,15342431.05,1.030253544450275,-29878861.0,-0.003371677905593007,0.0006707204717150626,0.00605076413142173,0.044272376715439155,0.10833816669798124,0.028136887891968998,89.11263055008556,88.02792149708073,0,0,-0.043206191265892646,ICICIBANK.NS,IN,Banking
2025-06-27,1363.78,1335.85,1310.51,1321.77,7816362,1343.166,1336.112,1294.975,1261.2826,1322.626679698585,1291.2819230036237,66.4488107549121,51.084653415397085,31.344756694961234,29.077353455487867,2.267403239473367,1294.975,49.18848447821324,1393.3519689564264,1196.5980310435734,0.6361853301824741,0.15193647592633142,26.499285714285698,15337013.2,0.5096403966294821,-37695223.0,-0.025782200110558318,0.01917126277641401,-0.030804088635974416,0.005545919298886259,0.09194775583037984,0.008438174729726633,57.083369479855236,79.59268236151483,1,0,0.005371585071532792,ICICIBANK.NS,IN,Banking
2025-06-30,1323.21,1319.24,1314.91,1316.83,6494014,1339.0700000000002,1335.356,1298.886,1262.003,1321.7348828218796,1293.1743731517645,62.33146559271581,53.216312802186195,28.560509670115152,28.97398469841332,-0.4134750282981692,1298.886,47.55348372871444,1393.992967457429,1203.779032542571,0.5943358855776659,0.1464439026324954,25.282857142857114,15152503.25,0.4285769462826582,-44189237.0,-0.0037374127117426603,0.0032881996916812642,-0.004821608059185834,-0.005708288344068002,0.06315143588377303,-0.015314325025611142,49.69024502959137,65.29541501984404,0,0,-0.025272814258484377,ICICIBANK.NS,IN,Banking
2025-07-01,1315.14,1328.35,1324.51,1326.22,6299835,1336.5819999999999,1332.753,1304.1715,1263.1881999999998,1322.4249008492827,1295.6221973630577,62.170835714599754,42.8846400615938,26.802703486225028,28.539728455975663,-1.7370249697506353,1304.1715,44.13553435009809,1392.442568700196,1215.9004312998038,0.6248908635866909,0.1353672714058365,24.67214285714283,14084085.8,0.44730163122823124,-37889402.0,0.0071307609942059536,0.0028954472108677462,0.00842495855953853,-0.01924939914956547,0.08661133460602533,-0.009292874964516806,38.84813909211031,48.5405845338523,0,1,-0.055805220853252124,ICICIBANK.NS,IN,Banking
2025-07-02,1321.66,1326.15,1299.57,1311.38,4528085,1326.5900000000001,1330.059,1308.842,1263.6676,1320.7256853340086,1296.7894420029695,52.839713925115724,35.07985123605337,23.936243331039122,27.619031430988354,-3.6827880999492315,1308.842,39.199862325218156,1387.2417246504365,1230.4422753495637,0.5161862813345334,0.11980013576944579,24.404999999999973,13534502.9,0.3345586239034591,-42417487.0,-0.011189697033674562,0.020268724549695652,-0.007778097241342096,-0.020129714866399584,0.0766931862032727,-0.03669913467612784,16.47830333449892,35.00556248540019,0,0,-0.05995973707087199,ICICIBANK.NS,IN,Banking
2025-07-03,1316.33,1309.44,1289.09,1298.13,4053604,1314.866,1327.91,1312.2975,1263.2089999999998,1317.2494260518533,1296.888742595353,46.14259425281935,11.452616172704097,20.360683456500283,26.16736183609074,-5.806678379590458,1312.2975,34.56522482359301,1381.4279496471859,1243.167050352814,0.3975306824076616,0.10535789277527892,23.98071428571427,12321667.25,0.3289817513143969,-46471091.0,-0.010103860055819092,0.015676396046608938,-0.013826320147672691,-0.0162849911338111,0.056231794437844984,-0.043206191265892646,11.004260498953302,22.110234308520834,0,0,-0.04670564581359349,ICICIBANK.NS,IN,Banking
2025-07-04,1299.06,1338.22,1321.38,1328.87,4236785,1316.286,1329.726,1316.492,1263.492,1319.0372066592606,1299.2577246255673,50.96236466746859,37.109302755687004,19.779482033693284,24.889785875611253,-5.110303841917968,1316.492,30.85745318140127,1378.2069063628026,1254.7770936371974,0.600283713683638,0.0937565991479716,25.52785714285712,11965819.85,0.3540739121127658,-42234306.0,0.023680216927426168,0.012672420929050432,0.022947361938614845,0.013855086174668685,0.06738260855596057,0.005371585071532792,48.423615337207174,25.302059723553125,0,0,-0.06909629986379395,ICICIBANK.NS,IN,Banking
2025-07-07,1318.62,1295.37,1274.1,1283.55,6172606,1309.6299999999999,1324.35,1318.5575000000001,1263.0307999999998,1313.5776364039898,1298.0941894680086,36.27208056909917,33.87069547602967,15.483446935981192,23.008518087685243,-7.525071151704051,1318.5575000000001,26.732550604878142,1372.0226012097564,1265.0923987902438,0.17261354408710436,0.08109635144423472,27.214999999999982,10501737.85,0.5877699006007944,-48406912.0,-0.03410416368794533,0.016571228234181303,-0.02659598671336196,-0.04020010319222922,0.03325444358578045,-0.025272814258484377,9.728227300702855,23.052034378954435,0,0,-0.037178138755794454,ICICIBANK.NS,IN,Banking
2025-07-08,1276.62,1257.6,1247.91,1252.21,19702451,1294.828,1315.7050000000002,1318.1435,1262.1774,1304.1364615726068,1294.695360618231,33.912491125808,27.6987852015461,9.44110095437577,20.29503466102335,-10.853933706647581,1318.1435,27.724855137018956,1373.5932102740378,1262.693789725962,-0.09453421554463963,0.08413304055893131,28.223571428571404,11047639.2,1.7834080983194947,-68109363.0,-0.02441665692805106,0.007738318652615846,-0.01912080337138752,-0.06457950487801234,-0.00656887400931383,-0.055805220853252124,3.4865807183694892,20.54614111875983,1,0,0.023614250005989268,ICICIBANK.NS,IN,Banking
2025-07-09,1241.18,1239.89,1227.05,1232.75,12603927,1279.102,1302.846,1316.2385,1261.1516000000001,1293.153929022975,1290.1068153868812,33.81646112001191,19.838657631493945,3.0471136360938544,16.84545045603745,-13.798336819943597,1316.2385,32.107941676234496,1380.454383352469,1252.0226166475309,-0.15006113473201788,0.09757484430431154,28.43999999999999,10901932.2,1.1561185313445144,-80713290.0,-0.015540524352944063,0.010415737172978893,-0.00679192381442923,-0.09445840128109062,-0.029979934689381094,-0.05995973707087199,3.9531174144951193,5.7226418111891455,1,1,0.027742851348610875,ICICIBANK.NS,IN,Banking
2025-07-10,1239.17,1257.48,1221.52,1237.5,42816955,1266.9759999999999,1290.921,1313.152,1260.124,1284.5917860963634,1286.2100142468214,36.14653900011351,24.499516774816968,-1.6182281504579805,13.152714734738364,-14.770942885196344,1313.152,36.49615056846484,1386.1443011369297,1240.1596988630704,-0.018219036950641667,0.11117113805084874,30.270714285714284,12689471.75,3.374210721245294,-37896335.0,0.003853173798418208,0.029058585858562407,-0.0013476762671778084,-0.08789386401326704,-0.04751275755639883,-0.04670564581359349,10.67325674585445,6.037651626239676,1,1,0.017947474747474823,ICICIBANK.NS,IN,Banking
2025-07-11,1236.91,1246.41,1229.56,1237.05,4781128,1248.612,1282.449,1309.2805,1259.339,1277.2776651584613,1282.5685317097684,28.94405241935482,26.87414811449331,-5.29086655130709,9.463998477529273,-14.754865028836363,1309.2805,40.26059304541714,1389.8016860908344,1228.7593139091657,0.051481395725034414,0.12300066500764788,29.371428571428574,12199298.4,0.3919182440919517,-42677463.0,-0.0003636363636364548,0.013621114748786642,0.00011318527621230282,-0.06409587144510775,-0.05890542267664789,-0.06909629986379395,10.372695698568156,8.3330232863059,1,1,0.01528636675962991,ICICIBANK.NS,IN,Banking
2025-07-14,1248.13,1243.26,1229.89,1235.83,17209086,1239.068,1274.349,1304.8525,1258.5562,1270.901101287929,1279.106418249564,28.392519436856418,4.6323385995709145,-8.205316961635162,5.930135389696385,-14.135452351331548,1304.8525,43.269003719695355,1391.3905074393906,1218.3144925606093,0.10120124068928261,0.13264029066783306,26.64071428571429,12060625.2,1.4268816323981586,-59886549.0,-0.0009862172102986788,0.010818640104212613,-0.009854742695064077,-0.06151135681902753,-0.0668685206019376,-0.037178138755794454,9.557841303703157,10.201264582708577,1,1,0.04409182492737673,ICICIBANK.NS,IN,Banking
2025-07-15,1239.76,1287.81,1276.95,1281.78,6210872,1244.982,1269.9050000000002,1301.329,1258.8998,1272.5747780128631,1279.3044613422007,34.77145700941735,49.142192497819146,-6.729683329337604,3.398171645889587,-10.12785497522719,1301.329,42.058507606732086,1385.446015213464,1217.2119847865358,0.3837987775078907,0.12927863009799903,28.02642857142858,11565162.15,0.5370328044183276,-53675677.0,0.037181489363423914,0.008472592800629926,0.03389365683677977,-0.033508769284130824,-0.05211314475873541,0.023614250005989268,44.39369382610583,21.441410276125705,1,0,0.02251556429340451,ICICIBANK.NS,IN,Banking
2025-07-16,1281.83,1267.18,1266.76,1266.95,10542428,1251.8220000000001,1265.462,1297.7604999999999,1259.7022,1271.709427549346,1278.3893160575433,33.45980991674648,58.50450034618047,-6.679888508197337,1.382559615072202,-8.062448123269538,1297.7604999999999,41.7816006439282,1381.3237012878562,1214.1972987121435,0.3156455262276259,0.12878062059646905,28.74285714285715,11736337.4,0.8982723265716333,-64218105.0,-0.011569848179874831,0.000331504794979866,-0.011608403610454019,-0.03388033979472016,-0.05332805308147526,0.027742851348610875,38.92887746324829,30.960137531019083,1,1,0.05482457871265645,ICICIBANK.NS,IN,Banking
2025-07-17,1271.23,1267.27,1253.67,1259.71,19423493,1256.264,1261.6200000000001,1294.7649999999999,1260.7506,1269.8633617725236,1277.0056630161735,37.26817659609388,68.10854379365934,-7.142301243649854,-0.3224125566722097,-6.819888686977644,1294.7649999999999,42.27658509587433,1379.3181701917485,1210.2118298082512,0.2927044017344635,0.13060774764792588,26.41142857142857,12017098.0,1.6163212935168463,-83641598.0,-0.005714511227751684,0.01079613561850673,-0.009062089472393602,-0.02959641946492264,-0.045399433170154935,0.017947474747474823,32.72493573236743,38.68250234057384,1,1,0.07063530495113945,ICICIBANK.NS,IN,Banking
2025-07-18,1259.16,1261.76,1251.32,1255.96,10534623,1260.0459999999998,1254.329,1292.0275,1261.8790000000001,1267.7243830382893,1275.446725014902,37.451036985115245,62.56808278867104,-7.7223419766128245,-1.8023984406603333,-5.919943535952491,1292.0275,42.95688791960058,1377.9412758392011,1206.1137241607987,0.29009478021432217,0.1329906303683702,26.667142857142867,11179230.95,0.942338708698141,-94176221.0,-0.002976875630105291,0.008312366635873548,-0.002541376790874475,-0.05486616448561554,-0.04177125374796864,0.01528636675962991,29.511568123140467,33.721793772918716,1,1,0.09458899964967027,ICICIBANK.NS,IN,Banking
2025-07-21,1251.95,1294.12,1287.27,1290.32,13755744,1270.944,1255.0059999999999,1289.6779999999999,1263.2432000000001,1271.2006318016295,1276.5484490879203,43.2897196261682,74.81136469492316,-5.3478172862908195,-2.511482209786431,-2.8363350765043887,1289.6779999999999,41.61388806636898,1372.9057761327379,1206.450223867262,0.503856885461365,0.12906752868960072,28.57,11408960.05,1.205696464359478,-80420477.0,0.02735755915793492,0.0053087606175170506,0.030648188825407756,0.005274434186436139,-0.03513770180436848,0.04409182492737673,58.954584403950626,40.397029419819496,1,1,0.07169539339078668,ICICIBANK.NS,IN,Banking
2025-07-22,1288.27,1327.74,1296.95,1310.64,23595410,1276.716,1260.849,1288.277,1265.39,1277.268226909071,1279.0737491555833,49.86445893472049,79.58086200079089,-1.8055222465122824,-2.3702902171316014,0.5647679706193189,1288.277,40.32989685085108,1368.9367937017023,1207.6172062982978,0.6386254475312989,0.12522119653093183,29.339285714285715,12197013.85,1.9345233477353683,-56825067.0,0.015748031496063186,0.023492339620320202,0.01736437237534271,0.04666150246364431,-0.020931379140334383,0.02251556429340451,76.36675235581525,54.94430162763543,1,1,0.05624732954892253,ICICIBANK.NS,IN,Banking
2025-07-23,1307.9,1338.88,1334.44,1336.41,5182770,1290.608,1271.215,1287.0305,1268.0508,1286.3669612307524,1283.3208788479208,56.704028021015766,75.70339700762214,3.046082382831628,-1.2870156971389553,4.333098079970583,1287.0305,38.28633086776635,1363.6031617355327,1210.4578382644675,0.8224355721740806,0.11899121541482213,29.764285714285702,12088338.65,0.42874126224605213,-51642297.0,0.019662149789415828,0.003322333714950301,0.02179830262250798,0.08408842019874263,-0.018312838820573774,0.05482457871265645,97.89536468900906,77.73890048292496,1,1,0.037795287374383646,ICICIBANK.NS,IN,Banking
2025-07-24,1340.21,1352.58,1345.57,1348.69,9014608,1308.404,1282.334,1286.6275,1271.4174,1295.9551210414058,1288.1630359704643,53.711054523666895,89.40416505977632,7.792085070941539,0.5288044564771441,7.263280614464395,1286.6275,37.549165366717965,1361.725830733436,1211.5291692665642,0.9132082523869923,0.1167367100942231,28.055714285714267,11748739.3,0.7672829401123114,-42627689.0,0.009188796851265613,0.005197636224777223,0.006327366606721104,0.08985050505050518,-0.005940667035194358,0.07063530495113945,97.03189378836397,90.4313369443961,1,1,0.03879319932675407,ICICIBANK.NS,IN,Banking
2025-07-25,1358.54,1382.88,1368.27,1374.76,2863045,1332.164,1296.105,1289.277,1275.4080000000001,1308.0789485734972,1294.5776258987833,68.404697526131,96.94002447980417,13.501322674713947,3.1233081001245058,10.378014574589441,1289.277,41.78944831565265,1372.8558966313053,1205.6981033686948,1.011391053510092,0.1296523503191951,26.58571428571427,11501073.45,0.2489371764739772,-39764644.0,0.0193298682425167,0.010627309494013137,0.011939287764797569,0.11132128854937151,0.0400901821042996,0.09458899964967027,94.96777392107722,96.63167746615007,1,1,0.00806686257965028,ICICIBANK.NS,IN,Banking
2025-07-28,1384.65,1387.96,1378.73,1382.83,69404244,1350.666,1310.8049999999998,1292.577,1279.2354,1319.579110331421,1301.1148387953633,79.08872260823087,100.0,18.464271536057595,6.191500787311125,12.27277074874647,1292.577,46.42821160277299,1385.433423205546,1199.720576794454,0.9859814587044284,0.1436764281052102,24.982857142857142,14646584.95,4.738595344807982,29639600.0,0.005870115511070972,0.006674717788877406,-0.0013144115841540094,0.11894839905164956,0.05012036481550397,0.07169539339078668,96.91780821859572,96.30582530934562,1,1,0.005900942270561149,ICICIBANK.NS,IN,Banking
2025-07-29,1378.1,1398.4,1373.13,1384.36,8301048,1365.41,1321.0629999999999,1295.484,1282.9596,1329.545401049664,1307.2811470329127,86.69345079626312,100.0,22.264254016751238,9.406051433199151,12.858202583552087,1295.484,50.30394589524626,1396.0918917904924,1194.8761082095075,0.9416949725183347,0.15532093301100558,24.99071428571428,14746645.6,0.5629108925686197,37940648.0,0.0011064266757301322,0.01825392239011654,0.004542486031489332,0.08002933420711811,0.0438388804270784,0.05624732954892253,92.06241519622299,94.64933244529864,1,1,0.015400618336270933,ICICIBANK.NS,IN,Banking
2025-07-30,1383.48,1407.2,1370.7,1386.92,12793190,1375.512,1333.06,1299.261,1286.6614,1338.3722624266386,1313.1803213269209,86.55088062622309,100.0,25.191941099717724,12.563229366502867,12.628711733214857,1299.261,54.24204874061479,1407.7450974812295,1190.7769025187704,0.9040177410069861,0.166993540914637,25.029285714285702,15159900.85,0.8438834318706357,50733838.0,0.0018492299690833214,0.026317307414972516,0.002486483360798543,0.09469197679466435,0.0576034406503072,0.037795287374383646,88.58365233005753,92.52129191495874,1,1,0.01204827964121935,ICICIBANK.NS,IN,Banking
2025-07-31,1384.73,1410.29,1393.58,1401.01,9917998,1385.976,1347.19,1304.4050000000002,1290.7859999999998,1348.008837437925,1319.6862234510054,87.59860576041095,100.0,28.322613986919578,15.715106290586212,12.607507696333366,1304.4050000000002,58.8146787532023,1422.0343575064048,1186.7756424935956,0.9106330343334115,0.18035710918972933,25.494999999999973,15453120.55,0.6418119451082684,60651836.0,0.010159201684307506,0.011927109727973468,0.01175680457561273,0.11216867374236927,0.0792524631585434,0.03879319932675407,94.85587583095979,91.83398111908008,0,1,-0.014489546826931932,ICICIBANK.NS,IN,Banking
2025-08-01,1386.52,1391.31,1381.48,1385.85,12733329,1388.194,1360.179,1307.254,1294.2416,1353.8305547551672,1324.5872439362226,82.33468402448486,77.53408417308822,29.243310818944565,18.420747196257885,10.82256362268668,1307.254,61.38599963818483,1430.0259992763695,1184.4820007236303,0.8200892730526202,0.18783189690186552,25.934999999999977,15877947.75,0.8019505038394836,47918507.0,-0.010820765019521672,0.007093119745999087,-0.00048322418717334733,0.10341889869104093,0.042878535898921655,0.00806686257965028,84.62603006803403,89.35518607635044,1,1,0.02148140130605758,ICICIBANK.NS,IN,Banking
2025-08-04,1390.97,1401.04,1382.95,1390.99,7819043,1389.826,1370.246,1312.626,1297.6376,1359.5473924851417,1329.505966607713,78.56358215201129,67.43286788399566,30.041425877428765,20.74488293249206,9.296542944936704,1312.626,63.853965165592484,1440.333930331185,1184.918069668815,0.8068094510496405,0.19458388045199126,23.514285714285684,15960269.6,0.48990666862502946,55737550.0,0.003708915106252597,0.013005125845611337,1.4378455322521284e-05,0.07801940603881219,0.08370534844766464,0.005900942270561149,87.8593445298619,89.1137501429519,1,0,0.03937483375150075,ICICIBANK.NS,IN,Banking
2025-08-05,1393.89,1420.42,1393.89,1405.68,18425660,1394.0900000000001,1379.75,1320.2995,1301.6618,1366.6447167181968,1335.1484875998397,86.31105062032138,71.48768102313335,31.496229118357178,22.895152169665085,8.601076948692093,1320.2995,65.41388485112365,1451.1272697022473,1189.4717302977529,0.826308780595635,0.1981789278904493,24.543571428571404,15896430.05,1.1591067165985034,74163210.0,0.010560823586079016,0.018873427807168844,0.008458343197807219,0.07251419154001093,0.12255931513084861,0.015400618336270933,91.28326434008704,87.92287964599431,1,1,0.03859342097774743,ICICIBANK.NS,IN,Banking
2025-08-06,1405.39,1414.85,1394.65,1403.63,9819206,1397.432,1386.472,1328.8435,1305.2182,1372.3347603000125,1340.2211922221613,88.72148084373654,67.94561370832568,32.11356807785114,24.7388353513023,7.374732726548842,1328.8435,64.53053494073265,1457.9045698814652,1199.7824301185346,0.789732992558861,0.1942457029460101,25.01499999999997,15757194.0,0.623156976860412,64344004.0,-0.0014583689033065284,0.014391256955170113,-0.0012523214196762027,0.05029893520700979,0.13861691340498883,0.01204827964121935,90.070963926138,89.73785759869564,1,1,0.03524433077092959,ICICIBANK.NS,IN,Banking
2025-08-07,1410.6,1396.98,1367.7,1380.71,7317063,1393.372,1389.674,1336.0040000000001,1308.3498,1373.6232587153952,1343.220363168716,80.42534510511679,45.806887238352445,30.402895546679247,25.871647390377692,4.5312481563015545,1336.0040000000001,61.746788742413734,1459.4975774848276,1212.5104225151726,0.6810053644482504,0.18487007147394025,26.835714285714257,13982199.4,0.523312696905703,57026941.0,-0.01632908957488799,0.021206480723670262,-0.021189564724215713,0.023741556621610593,0.11572525252525256,-0.014489546826931932,70.17649267690442,83.8435736477098,1,1,0.05424020974715904,ICICIBANK.NS,IN,Banking
2025-08-08,1365.37,1426.82,1406.67,1415.62,9177185,1399.3259999999998,1393.7599999999998,1344.9325000000001,1312.4528,1380.0842958361038,1348.5832992303717,80.47771940066157,57.700010540739896,31.500996605732098,26.99751723344858,4.503479372283518,1344.9325000000001,59.55674144306464,1464.0459828861294,1225.8190171138708,0.7967233359584458,0.17712931003755317,27.403571428571404,14202002.25,0.6461894733054648,66204126.0,0.02528409296666201,0.014234045859754477,0.036803210851244134,0.029721551398062207,0.14435148134675235,0.02148140130605758,91.37599137528775,83.87448265944339,1,1,0.029315776832765872,ICICIBANK.NS,IN,Banking
2025-08-11,1413.24,1446.82,1444.92,1445.76,21840473,1410.28,1400.053,1355.4289999999999,1316.5957999999998,1390.188250322857,1355.781573361554,81.36781502460764,77.26900318616295,34.40667696130299,28.479349179019465,5.927327782283527,1355.4289999999999,57.78927353574994,1471.0075470714996,1239.8504529285,0.890777537388614,0.17054164706733368,26.959285714285688,14433571.6,1.5131716592467204,88044599.0,0.021291024427459337,0.001314187693668762,0.023010953553520258,0.045508124642942516,0.1698696422647128,0.03937483375150075,99.05677166667509,86.86975190628908,1,1,0.004475154935812409,ICICIBANK.NS,IN,Banking
2025-08-12,1446.02,1485.05,1439.84,1459.93,12699050,1421.1299999999999,1407.6100000000001,1364.3365,1321.3842000000002,1400.9177502731868,1363.4962716311666,80.30719403278042,78.99562584118439,37.42147864202025,30.26777507161962,7.153703570400626,1364.3365,59.542914755929004,1483.422329511858,1245.2506704881419,0.9013638750762535,0.1745695867724286,28.171428571428546,14757980.5,0.8604869168591924,100743649.0,0.009801073483842515,0.03096723815523283,0.00961950733737463,0.05458840186078784,0.13898640952425545,0.03859342097774743,81.99024949754819,90.80767084650365,1,0,0.0027124588165186037,ICICIBANK.NS,IN,Banking
2025-08-13,1464.81,1453.24,1452.99,1453.1,4157491,1431.0240000000001,1414.228,1373.644,1326.0868,1408.9457886926964,1370.133584843751,76.32229113094328,71.3565123401188,38.8122038489455,31.9766608270848,6.835543021860701,1373.644,58.04900501436814,1489.7420100287363,1257.5459899712637,0.8421936344106628,0.16903653352491885,27.512142857142845,14438733.65,0.2879401208470854,96586158.0,-0.004678306494147133,0.0001720459706832482,-0.007994210853279294,0.04771724396504462,0.1469276609179524,0.03524433077092959,72.7737537275434,84.60692496392221,1,0,0.019730231917968633,ICICIBANK.NS,IN,Banking
2025-08-14,1435.21,1476.08,1439.21,1455.6,6337512,1446.002,1419.687,1383.4385,1330.6184,1416.1233596630507,1376.4644304109493,73.12886243991753,73.3112048084685,39.658929252101416,33.51311451208812,6.145814740013293,1383.4385,54.21266003580836,1491.8638200716166,1275.0131799283834,0.8327705186920517,0.15674758230530414,27.703571428571404,13784434.6,0.4597585410025783,102923670.0,0.0017204597068336547,0.02532976092331311,0.014206980163171706,0.03896474686119289,0.15550404458168932,0.05424020974715904,74.90413293502418,76.55604538670524,1,1,0.015038472107721912,ICICIBANK.NS,IN,Banking
2025-08-15,1452.04,1474.1,1443.53,1457.12,8187236,1454.302,1426.8139999999999,1393.4965,1334.8612,1422.4305350995044,1382.4389170472355,72.08251590274054,92.41700899300528,39.991618052268905,34.80881522012428,5.182802832144624,1393.4965,47.5705381263636,1488.6375762527273,1298.3554237472727,0.8343639913750804,0.1365501474207636,28.944285714285684,13667065.25,0.5990485339163407,111110906.0,0.0010442429238801676,0.020979740858665698,0.003498526211396676,0.051426922105566986,0.16016433644383565,0.029315776832765872,76.1994034931725,74.62576338524667,0,1,-0.015640441418688922,ICICIBANK.NS,IN,Banking
2025-08-18,1457.19,1473.23,1435.43,1452.23,8126487,1455.596,1432.9379999999999,1401.592,1339.0610000000001,1427.0150681611192,1387.6086268956367,69.77909891006584,80.48293089092425,39.4064412654825,35.728340429195924,3.678100836286575,1401.592,42.60569354095169,1486.8033870819036,1316.3806129180966,0.7971316494973293,0.12159228517548996,29.839285714285683,13385602.4,0.607106512658219,102984419.0,-0.003355934995058707,0.026028934810583673,-0.003403811445313674,0.044026197168922865,0.12548050096100205,0.004475154935812409,72.03238176334018,74.37863939717893,1,1,0.0016319728968550162,ICICIBANK.NS,IN,Banking
2025-08-19,1441.18,1472.08,1457.34,1463.89,9879993,1456.388,1438.759,1409.2545,1343.1290000000001,1432.68813459787,1393.2590989774903,71.30126750428956,71.80659129179702,39.429035620379636,36.468479467432665,2.960556152946971,1409.2545,39.016969111970184,1487.2884382239404,1331.2205617760596,0.8500752444555475,0.11074499066546886,28.64999999999996,12699831.55,0.7779624621901018,112864412.0,0.008029031214063842,0.010069062566169547,0.015757920592836618,0.041410562859256705,0.11692760788622358,0.0027124588165186037,81.96847038703062,76.73341854784776,0,0,-0.011865645642773814,ICICIBANK.NS,IN,Banking
2025-08-20,1466.09,1487.74,1476.99,1481.77,28523566,1462.122,1446.5729999999999,1416.5224999999998,1347.3473999999999,1440.2391908135821,1399.8154620162475,71.8909248617586,74.11660777385151,40.42372879733466,37.25952933341306,3.164199463921598,1416.5224999999998,38.264903374546435,1493.0523067490926,1339.992693250907,0.9262881534053223,0.10805307610579966,28.684285714285675,13866871.35,2.0569574219813167,141387978.0,0.012214032475117653,0.0072548371204658926,0.010695114215354698,0.055669941508802,0.10876901549674112,0.019730231917968633,95.0266577799481,83.00916997677295,0,0,-0.03756318456980512,ICICIBANK.NS,IN,Banking
2025-08-21,1470.05,1500.96,1458.71,1477.49,10149442,1466.5,1456.2509999999997,1422.9625,1350.9126,1445.9700845345697,1405.5691314965682,76.39705035142298,78.5396676807866,40.40095303800149,37.88781407433075,2.513138963670741,1422.9625,37.06762651595765,1497.0977530319153,1348.8272469680849,0.8677568887210656,0.10419846346177516,30.30714285714282,13923613.05,0.7289373264407598,131238536.0,-0.002888437476801342,0.028595794218554037,0.005061052345154923,0.07009437173628053,0.09550007785332437,0.015038472107721912,82.38781329669526,86.46098048789132,0,0,-0.01919471536186368,ICICIBANK.NS,IN,Banking
2025-08-22,1488.6,1449.8,1421.96,1434.33,4624771,1461.942,1458.122,1425.941,1353.3095999999998,1444.1793022984818,1407.6995662005406,60.241020793950824,37.246672262861246,36.47973609794121,37.60619847905284,-1.1264623811116294,1425.941,35.34378496694547,1496.628569933891,1355.253430066109,0.559338579663201,0.0991451538792157,32.98142857142854,14011699.35,0.3300649374791975,126613765.0,-0.02921170363251191,0.019409759260407652,-0.03645707376055591,0.013216823723880777,0.04333119962757137,-0.015640441418688922,49.99999999962471,75.80482369208934,1,0,0.02721828310082053,ICICIBANK.NS,IN,Banking
2025-08-25,1432.95,1463.67,1447.34,1454.6,9124513,1462.416,1459.0059999999999,1429.5295,1355.9137999999998,1445.7824865602538,1411.17367240793,61.26254719587435,48.76639906011358,34.6088141523237,37.006721613707015,-2.397907461383312,1429.5295,34.36622645548499,1498.2619529109702,1360.79704708903,0.6823774573547632,0.09616094373837268,32.97499999999997,10997712.8,0.8296736181659864,135738278.0,0.01413203377186556,0.01122645400796709,0.015108691859440145,0.006114431164231826,0.05190081210271691,0.0016319728968550162,65.2108659757975,65.86622642403914,0,0,-0.002186168018699197,ICICIBANK.NS,IN,Banking
2025-08-26,1451.49,1446.73,1446.36,1446.52,14280955,1458.942,1457.665,1432.6375,1357.7992,1445.8959501663687,1413.791918896247,59.607544464853696,47.289471185797,32.10403127012182,36.026183544989976,-3.9221522748681537,1432.6375,32.84325852078866,1498.3240170415775,1366.9509829584226,0.6056723710179907,0.09170012238480643,32.12071428571427,11296708.15,1.2641694860312482,121457323.0,-0.005554791695311367,0.00025578630091520506,-0.0034240676821725284,-0.00918537190139257,0.044901615186801136,-0.011865645642773814,59.14753114168428,58.11946570570215,1,1,0.0010991897796088779,ICICIBANK.NS,IN,Banking
2025-08-27,1433.29,1426.13,1426.1,1426.11,11067383,1447.81,1454.966,1434.5970000000002,1359.555,1442.8519578330813,1414.7043693483818,60.285455369279525,33.441444600280406,28.147588484699554,34.450464532931896,-6.302876048232342,1434.5970000000002,31.094625208262322,1496.7862504165248,1372.4077495834756,0.43176473471227955,0.08669926176686726,31.012857142857133,11210417.8,0.9872408156598038,110389940.0,-0.01410972540994948,2.1036245451037475e-05,-0.00500945377418042,-0.018574082994976315,0.028256856920370277,-0.03756318456980512,20.61724467047795,48.325213929319894,1,1,0.02240360140522113,ICICIBANK.NS,IN,Banking
2025-08-28,1420.5,1452.03,1446.81,1449.13,13664765,1442.138,1454.319,1437.003,1362.1452000000002,1443.8178104741455,1417.2544160633292,58.02404099420529,36.3110216406644,26.563394410816272,32.87305050850877,-6.309656097692496,1437.003,30.20803606920003,1497.4190721384,1376.5869278615999,0.6003623669180239,0.08408621573978346,29.570714285714285,11397756.15,1.1988994694451793,124054705.0,0.01614181234266665,0.0036021612967755997,0.020154875043984482,-0.004444902445726706,0.034346649916845884,-0.01919471536186368,34.392405062855886,38.052393625006026,1,0,0.00995079806504573,ICICIBANK.NS,IN,Banking
2025-08-29,1443.72,1480.34,1467.8,1473.37,10567653,1449.946,1455.944,1441.3790000000001,1365.3984,1448.3643011704307,1421.4111259845834,56.80350894485237,48.519902284810996,26.953175185847385,31.689075443976492,-4.7359002581291065,1441.3790000000001,28.709915012068407,1498.798830024137,1383.9591699758632,0.7785710092295075,0.07967346551336887,29.571428571428555,11289472.35,0.9360625312074456,134622358.0,0.016727277745957725,0.00851110040247287,0.020537223284279035,0.011152135719775913,0.06315257784031458,0.02721828310082053,65.07594936626468,40.02853303319949,0,0,-0.01612629549943323,ICICIBANK.NS,IN,Banking
2025-09-01,1480.18,1471.19,1435.61,1451.42,8695082,1449.31,1455.863,1444.4005,1367.6806,1448.834408682672,1423.6340055412904,47.980445203854,57.243366957701184,25.200403141381457,30.391340983457486,-5.190937842076028,1444.4005,26.197736237078903,1496.7959724741577,1392.0050275258423,0.5669857496074231,0.07254978445953382,29.039285714285693,11333274.3,0.7672170462496397,125927276.0,-0.014897819285040304,0.02451392429481173,-0.019430069315880878,-0.0005577628887986075,0.04344387810120853,-0.002186168018699197,37.29113924003433,45.58649788971828,0,1,-0.024727508233316375,ICICIBANK.NS,IN,Banking
2025-09-02,1458.71,1457.55,1440.56,1448.11,10463379,1449.628,1454.2849999999999,1446.522,1369.8696,1448.7229611930302,1425.4470421678689,48.79567504947627,46.78744678744678,23.27591902516133,28.968256591798255,-5.692337566636926,1446.522,24.56417408384087,1495.6503481676816,1397.3936518323183,0.5161617483460236,0.06792616796377479,29.757142857142835,10935160.25,0.9568563975222587,115463897.0,-0.0022805252786927133,0.011732534130686397,-0.007266694545175443,-0.010779498459583814,0.03018467930112112,0.0010991897796088779,33.10126582236563,45.1561181428882,0,1,-0.034403463825261826,ICICIBANK.NS,IN,Banking
2025-09-03,1463.73,1464.22,1453.13,1458.06,4278049,1456.018,1451.914,1449.2435,1371.8039999999999,1450.159428701795,1427.8628168221098,50.57310595471066,55.6084758942457,22.296611879685088,27.63392764937562,-5.337315769690534,1449.2435,22.48958221395142,1494.2226644279028,1404.2643355720973,0.59800648935502,0.06207261157682853,28.274285714285707,10658102.4,0.4013893316141031,119741946.0,0.006871024991195407,0.007605997009719979,-0.003873665225141385,-0.01600113377919654,0.038778025548043216,0.02240360140522113,45.69620253106702,38.69620253115564,0,0,-0.04866740737692554,ICICIBANK.NS,IN,Banking
2025-09-04,1463.43,1473.93,1455.24,1463.55,12364475,1458.902,1450.52,1453.3854999999999,1373.94,1452.2195165938265,1430.5063118723328,51.47079006358939,71.2824010914052,21.71320472149364,26.449783063799224,-4.7365783423055845,1453.3854999999999,15.85220704375508,1485.0899140875101,1421.6810859124896,0.6603010226160279,0.0436283616253065,27.42571428571429,10910473.0,1.1332665290252284,132106421.0,0.003765277149088586,0.012770318745507351,8.19991390089098e-05,-0.00943492003329971,0.05999811691086454,0.00995079806504573,52.64556961958666,43.81434599100643,0,0,-0.057340029380615554,ICICIBANK.NS,IN,Banking
2025-09-05,1466.02,1456.95,1443.73,1449.61,8758114,1454.15,1452.048,1455.0849999999998,1376.4968,1451.8180525024686,1431.921399881794,49.424529959585286,50.3042596348883,19.89665262067456,25.139156975174295,-5.2425043544997365,1455.0849999999998,13.188536290046216,1481.4620725800924,1428.7079274199073,0.39621668621922346,0.036255026448729,26.141428571428573,10889519.45,0.8042699437696543,123348307.0,-0.009524785623996501,0.009119694262588495,-0.011193571711155979,0.01065305752511625,0.024010680832426745,-0.01612629549943323,34.999999999556785,44.447257383403475,0,0,-0.03801022343940774,ICICIBANK.NS,IN,Banking
2025-09-08,1445.4,1423.4,1409.24,1415.53,38493944,1446.972,1448.141,1453.5735,1378.4707999999998,1446.2352751943965,1430.7072221127685,40.33032072302644,17.403065825067685,15.528053081628059,23.21693619646505,-7.68888311483699,1453.5735,15.789340266547365,1485.1521805330947,1421.9948194669053,-0.1023605064820194,0.04344971965032795,27.607142857142858,11722193.0,3.283851470125814,84854363.0,-0.023509771593738904,0.010003320311113208,-0.02066555970664138,-0.026859617764333765,-0.020909417884019454,-0.024727508233316375,6.857828172624709,31.50113259725603,0,0,-0.010667382535163417,ICICIBANK.NS,IN,Banking
2025-09-09,1411.93,1403.71,1393.95,1398.29,4068443,1437.008,1443.318,1450.4915,1379.9122,1438.859079010643,1428.3059464007051,33.26517520647903,18.37876443280564,10.553132609937848,20.68417547915961,-10.131042869221762,1450.4915,19.950791904878447,1490.393083809757,1410.5899161902432,-0.1541281700587725,0.05501801811279742,27.445,11290662.65,0.360336923153317,80785920.0,-0.012179183768623814,0.006979954086772423,-0.009660535578952524,-0.03334208998147281,-0.0422212023864158,-0.034403463825261826,4.05569572933311,15.304507967171515,1,0,0.005335087857311516,ICICIBANK.NS,IN,Banking
2025-09-10,1408.13,1402.74,1374.58,1387.1,8254907,1422.816,1439.417,1447.1915,1381.4266,1430.8961437782364,1425.2536540747192,32.36843131900284,16.80269887909462,5.642489703517185,17.675838324031126,-12.03334862051394,1447.1915,24.448146905347464,1496.0877938106948,1398.295206189305,-0.11447908743895309,0.06757404781697676,26.438571428571436,11495533.45,0.7180968432485538,72531013.0,-0.008002631785967163,0.02030134813638511,-0.01493470063132329,-0.02735413116800245,-0.04542013626040875,-0.04866740737692554,11.838124054350985,7.583882652102916,1,1,0.020755533126667336,ICICIBANK.NS,IN,Banking
2025-09-11,1375.63,1414.16,1352.0,1379.63,8290112,1406.032,1432.467,1443.393,1383.0566000000001,1423.0090447354307,1421.8741241432506,37.604242204496046,6.140252768146752,1.1349205921801513,14.367654777660931,-13.23273418548078,1443.393,28.6189183105048,1500.6308366210096,1386.1551633789904,-0.05700043681016951,0.07931012083468596,26.91214285714287,11593163.45,0.7150862075453437,64240901.0,-0.005385336313171174,0.045055558374314145,0.0029077586269542622,-0.047959810368980005,-0.05219153613630101,-0.057340029380615554,21.528751752988033,12.474190512224025,1,1,0.014467647122779148,ICICIBANK.NS,IN,Banking
2025-09-12,1378.76,1409.7,1382.36,1394.51,11434793,1395.012,1424.581,1440.2625,1384.3694,1418.624576314595,1419.8471519844868,36.0418118466899,15.060728744939198,-1.2225756698917394,11.249608688150397,-12.472184358042137,1440.2625,30.40682383160903,1501.076147663218,1379.448852336782,0.12383032626575691,0.08444800536454404,26.964285714285715,11755541.3,0.9727150571352203,75675694.0,0.01078550046026816,0.019605452811367823,0.011423307899843756,-0.05352355484365767,-0.04296832107170301,-0.03801022343940774,33.12295465144833,22.16327681959576,1,1,0.008949380068984825,ICICIBANK.NS,IN,Banking
2025-09-15,1389.4,1414.86,1388.89,1400.43,4743498,1391.992,1419.482,1437.6725000000001,1386.707,1415.8254107277342,1418.4088444300776,39.185320756487876,22.912535800837205,-2.5834337023434273,8.483000210051632,-11.066433912395059,1437.6725000000001,31.519558485255722,1500.7116169705116,1374.6333830294886,0.20460801332586864,0.08769607399524945,28.23071428571427,11586391.85,0.4094024828443479,80419192.0,0.004245218750672297,0.018544304249395724,0.007938678566281873,-0.03513111297901361,-0.03566928103675038,-0.010667382535163417,37.73570204115844,30.795802815198247,1,0,0.03358254250480197,ICICIBANK.NS,IN,Banking
2025-09-16,1393.79,1407.23,1404.57,1405.75,5288677,1393.484,1415.246,1434.7655,1389.7778,1414.2753475388522,1417.4711522500702,44.85858585858588,42.1154466301193,-3.1958047112179884,6.147239225797707,-9.343043937015695,1434.7655,31.655085643628546,1498.0756712872571,1371.4553287127428,0.27084645792049095,0.08825159412769967,27.25785714285712,11356826.05,0.4656826221545744,85707869.0,0.0037988332155123317,0.001892228347855728,0.008580919650730351,-0.029251921470053954,-0.039716098887211504,0.005335087857311516,41.88094124947891,37.57986598069521,1,1,0.002020273875155576,ICICIBANK.NS,IN,Banking
2025-09-17,1403.16,1418.54,1413.76,1415.89,32335456,1399.242,1411.029,1431.4715,1393.4406,1414.523755609798,1417.3540298611758,41.02203975799479,66.02330662782245,-2.8302742513778867,4.351736530362588,-7.182010781740475,1431.4715,29.884600201620966,1491.240700403242,1371.7022995967582,0.3696527651763223,0.08350735645550775,26.31999999999997,11547420.55,2.800231710602095,118043325.0,0.00721323137115415,0.0033759684721246684,0.009072379486295893,-0.02892199223625902,-0.04446034134852228,0.020755533126667336,49.78182951496208,43.13282426853312,1,1,0.006215172082576936,ICICIBANK.NS,IN,Banking
2025-09-18,1417.1,1402.1,1397.58,1399.59,10536464,1403.234,1404.633,1427.5765,1396.6824,1412.226254746752,1416.038175797383,29.1793656168868,60.40313176744962,-3.811921050631099,2.71900501416385,-6.530926064794949,1427.5765,28.620938650063987,1484.8183773001278,1370.334622699872,0.2555417351747742,0.08019447966548603,25.398571428571422,11566771.65,0.9109251403847727,107506861.0,-0.011512193743864363,0.0032295172157537225,-0.012356220450206503,-0.04370195756892492,-0.05272455312726321,0.014467647122779148,39.03059132256999,43.564454029003635,1,1,0.04986460320522457,ICICIBANK.NS,IN,Banking
2025-09-19,1392.22,1424.1,1393.31,1406.99,11683762,1405.73,1400.371,1426.2095,1400.0811999999999,1411.4206770934056,1415.3679405531316,36.34015864231693,72.81521014009321,-3.9472634597259457,1.3857513193858908,-5.333014779111837,1426.2095,28.93261217217458,1484.074724344349,1368.3442756556508,0.3339287523888193,0.08114547595470172,24.90071428571428,11919721.2,0.9802042198600904,119190623.0,0.005287262698361772,0.021883595476853483,0.010608955481166318,-0.02940101130648931,-0.019061164446117607,0.008949380068984825,45.099647338267026,44.637356058599686,1,1,0.02336192865620923,ICICIBANK.NS,IN,Banking
2025-09-22,1405.72,1480.26,1421.21,1447.46,3023281,1415.136,1403.5639999999999,1425.8525,1404.3138000000001,1416.965188309805,1417.7451301417916,49.83732919565547,80.94681472822899,-0.7799418319866618,0.9526126891113803,-1.732554521098042,1425.8525,28.606071470934314,1483.0646429418687,1368.6403570581313,0.6888366602634154,0.08024973542751243,28.920714285714276,11614659.6,0.2602986952541687,122213904.0,0.02876353065764503,0.040795600569244854,0.029692968727748282,0.02255692214223659,-0.004908565928777531,0.03358254250480197,74.4269452668453,52.852394642560746,0,1,-0.002825639395907409,ICICIBANK.NS,IN,Banking
2025-09-23,1463.49,1445.41,1379.13,1408.59,8245895,1415.7040000000002,1404.5939999999998,1423.956,1406.8499999999997,1415.6766978006042,1417.0669723535098,39.1849940973285,53.44303797468348,-1.3902745529055665,0.48403524070799087,-1.8743097936135573,1423.956,28.42048305082638,1480.7969661016527,1367.115033898347,0.36483340226057487,0.07983528437902987,32.650714285714265,11312906.6,0.7288926323414858,113968009.0,-0.026853937241789194,0.047054146344893064,-0.03751306807696846,0.007366140071086713,-0.02622155241545232,0.002020273875155576,44.12131607637511,54.54930289382912,1,1,0.0455419958966059,ICICIBANK.NS,IN,Banking
2025-09-24,1406.01,1446.98,1406.85,1424.69,12129678,1417.464,1408.353,1423.8849999999998,1410.0047999999997,1417.0633596774342,1417.6316410680652,41.881163296005376,57.325185643564346,-0.5682813906310002,0.27357191444019263,-0.8418533050711929,1423.8849999999998,28.41659216947944,1480.7181843389587,1367.0518156610408,0.507082129999017,0.07982833492721543,34.182142857142836,11366021.35,1.0671875900367203,126097687.0,0.01142986958589809,0.0281675311822024,0.013285823002671943,0.027099704419292214,-0.000995715618009707,0.006215172082576936,56.67394355171786,58.40740163164606,1,1,0.038675080192883904,ICICIBANK.NS,IN,Banking
2025-09-25,1415.06,1469.76,1469.08,1469.38,9989528,1431.422,1417.328,1424.8975,1414.1982,1425.1120735732134,1421.4648528408054,53.66016218017555,66.32484892876758,3.647220732407959,0.9483016780337461,2.6989190543742128,1424.8975,29.695412878975684,1484.2883257579515,1365.5066742420486,0.8744896575475725,0.08336154110440895,35.985714285714266,11182259.5,0.893337085109044,136087215.0,0.031368227474046995,0.00046278022022866846,0.03838706485941358,0.06505367381109428,0.013973901582328807,0.04986460320522457,91.51723062457894,64.10416341755729,1,1,0.013937851338659657,ICICIBANK.NS,IN,Banking
2025-09-26,1464.27,1446.3,1434.7,1439.86,19626910,1437.9959999999999,1421.8629999999998,1423.222,1417.8762,1427.3809853311807,1422.8274563340804,54.581748333396085,61.372493645862704,4.553528997100329,1.6693471418470631,2.8841818552532663,1423.222,27.69446127411334,1478.6109225482267,1367.8330774517733,0.6501924864566841,0.07783595608863235,35.57928571428571,11635222.35,1.6868528785053363,116460305.0,-0.020090106031115273,0.008056338810712051,-0.016670422804526085,0.03252038350388298,-0.022743777869781545,0.02336192865620923,68.50148136544121,72.23088518057932,1,1,0.0420804800466712,ICICIBANK.NS,IN,Banking
2025-09-29,1437.46,1454.25,1434.66,1443.37,18670810,1437.1779999999999,1426.157,1422.8195,1420.9372,1429.8408337417684,1424.3491262352609,58.95225990944471,60.504735504735436,5.49170750650751,2.4338192147791524,3.057888291728357,1422.8195,27.31902662113937,1477.457553242279,1368.1814467577212,0.6880603240765707,0.07680250831850481,35.43714285714285,12134008.75,1.5387172406054808,135131115.0,0.0024377370022086176,0.013572403472419649,0.004111418752518848,0.030662010953778296,-0.005546292596216196,-0.002825639395907409,71.23811008832647,77.08560735944886,1,1,0.027061668179330534,ICICIBANK.NS,IN,Banking
2025-09-30,1445.47,1492.76,1456.71,1472.74,14351743,1450.008,1432.856,1424.051,1424.1792,1436.440705473804,1427.9336354030224,65.86160912727809,57.79958040232009,8.507070070781538,3.64846938597963,4.858600684801908,1424.051,29.021199311432497,1482.093398622865,1366.008601377135,0.9194261535902506,0.08151730327470609,36.95357142857142,12328426.95,1.1641178468338294,149482858.0,0.020348212862952852,0.024478183521854147,0.01886583602563949,0.04765427707629377,0.0170083764354918,0.0455419958966059,85.77720943388907,75.17226696255223,1,1,9.50609068810504e-05,ICICIBANK.NS,IN,Banking
2025-10-01,1469.84,1491.3,1470.58,1479.79,11808980,1461.028,1439.2459999999999,1425.1374999999998,1427.0467999999998,1443.1098277086035,1431.7748475953945,68.57980262669724,77.33415233415225,11.334980113208985,5.185771531425502,6.149208581783483,1425.1374999999998,30.718573650244064,1486.5746473004879,1363.7003526995118,0.9447838351913616,0.08621925575664798,33.99357142857142,12704973.5,0.9294768753766487,161291838.0,0.0047869956679387204,0.01400198676838337,0.006769444293251835,0.045130624554167165,0.014903364744935033,0.038675080192883904,88.5857608018253,81.86702677468026,0,1,-0.013049148865717397,ICICIBANK.NS,IN,Banking
2025-10-02,1468.26,1501.26,1480.74,1489.86,14941442,1465.124,1448.273,1426.453,1429.8701999999998,1450.30216190728,1436.0774514772204,68.0089147433233,76.23379760083718,14.224710430059531,6.993559311152309,7.231151118907222,1426.453,32.933629924443565,1492.3202598488872,1360.5857401511128,0.9813241065780409,0.09235111125125194,33.37928571428571,12833821.85,1.164223799458164,176233280.0,0.006805019631163756,0.013773106197888534,0.014711290915767778,0.06449745997042,0.017976837142564372,0.013937851338659657,90.66568410635652,88.34288478069027,0,0,-0.02334447531982864,ICICIBANK.NS,IN,Banking
2025-10-03,1495.03,1503.72,1497.84,1500.45,4885896,1477.242,1457.6190000000001,1428.995,1432.3840000000002,1458.0172139215447,1440.8457884048369,68.56347438752776,67.2400399511707,17.171425516707814,9.02913255226341,8.142292964444403,1428.995,36.575753904525534,1502.146507809051,1355.8434921909488,0.9884041500930663,0.10238175474231873,32.514285714285734,12640210.95,0.3865359235530857,181119176.0,0.007108050420844947,0.003918824352691652,0.0036253453107940627,0.06642548987554986,0.0350715019901906,0.0420804800466712,97.37539128262802,92.20894539693658,0,0,-0.04069445832916785,ICICIBANK.NS,IN,Banking
2025-10-06,1497.26,1487.78,1478.14,1482.43,6106112,1485.054,1461.116,1432.34,1434.376,1461.7730271643838,1443.926100374851,63.59092520382839,77.07670779799014,17.846926789532745,10.79269139971728,7.0542353898154655,1432.34,38.298098207561075,1508.9361964151221,1355.7438035848777,0.8269744605052217,0.1069525341958875,33.622142857142876,11020819.35,0.5540524031861204,175013064.0,-0.012009730414209052,0.006502836558888696,-0.009904759360425059,0.024159562267696444,0.04726144977499591,0.027061668179330534,82.91195119927033,90.31767552941828,0,0,-0.022739690912893074,ICICIBANK.NS,IN,Banking
2025-10-07,1487.7,1476.71,1469.82,1472.88,19238190,1485.0819999999999,1467.545,1436.0695,1436.1464,1463.481792216017,1446.0708336804191,60.12219814571415,67.43059657412888,17.410958535597956,12.116344826893416,5.29461370870454,1436.0695,38.439321900341795,1512.9481438006837,1359.1908561993164,0.7394065385355646,0.10706813813764604,33.60928571428575,11779306.7,1.6332190727983107,155774874.0,-0.006442125429193979,0.004677909945138383,-0.00996168582374805,0.04564138606691803,0.053343726980812356,9.50609068810504e-05,75.2468095346718,85.17805067219003,0,0,-0.007753516919233094,ICICIBANK.NS,IN,Banking
2025-10-08,1467.99,1467.26,1455.06,1460.48,4810615,1481.22,1471.124,1439.7385,1437.6176,1463.0199780289377,1447.138179333722,60.96682396167284,40.94267139479907,15.881798695215593,12.869435600557852,3.0123630946577418,1439.7385,36.99408007762422,1513.7266601552483,1365.7503398447516,0.640167696803369,0.10277999811104165,33.57428571428574,11607092.1,0.41445476128730285,150964259.0,-0.008418880017381003,0.008353418054332611,-0.005115838663747625,0.025121254448336128,0.05290173743782001,-0.013049148865717397,65.29416486021913,74.48430853138707,1,0,0.02675147896581942,ICICIBANK.NS,IN,Banking
2025-10-09,1467.49,1456.92,1453.61,1455.08,3091609,1474.264,1469.694,1443.511,1438.6989999999998,1461.7984429475625,1447.7264623460394,58.7242843147926,31.288808117522365,14.071980601523137,13.109944600750913,0.9620360007722244,1443.511,34.29007220142802,1512.0911444028561,1374.9308555971438,0.5843465707177324,0.09501852691501297,31.865714285714326,11347166.95,0.27245644143303616,147872650.0,-0.0036974145486415866,0.0022747890150355294,-0.008456616399424613,-0.009731995807755744,0.054688575922529736,-0.02334447531982864,60.959948631021966,67.16697434197094,1,1,0.03106358413283128,ICICIBANK.NS,IN,Banking
2025-10-10,1464.95,1448.41,1432.17,1439.39,27660721,1462.0520000000001,1469.6470000000002,1445.755,1439.7698,1458.350990186399,1447.1089466167027,48.391340748714285,14.780181437543803,11.242043569696307,12.736364394539994,-1.4943208248436868,1445.755,32.32690414467716,1510.4088082893545,1381.1011917106457,0.45077629478557096,0.08943950847731418,28.26857142857146,12158463.35,2.2750176505637407,120211929.0,-0.010782912279737045,0.011282557194359225,-0.017447694460549844,-0.0003264206242271639,0.03218334755577246,-0.04069445832916785,48.36664258729943,58.20691869284682,1,1,0.03940558153106499,ICICIBANK.NS,IN,Banking
2025-10-13,1433.14,1459.76,1439.88,1448.72,15276327,1455.31,1470.182,1448.1695,1440.9244,1456.8692993884915,1447.2282839043546,59.06728727009806,13.254723682341165,9.641015484136915,12.117294612459379,-2.4762791283224637,1448.1695,30.516074534582547,1509.2016490691651,1387.1373509308348,0.5045099181979622,0.0842886817725729,24.842857142857174,12685104.8,1.2042727306223964,135488256.0,0.006481912476812957,0.013722458446066982,0.010871233794318109,0.0037066032964521156,0.03448226616110772,-0.022739690912893074,43.22287601896133,50.84982241242756,1,1,0.05100364459660933,ICICIBANK.NS,IN,Banking
2025-10-14,1450.79,1468.14,1456.12,1461.46,10225920,1453.026,1469.054,1450.955,1442.04,1457.5755610210313,1448.282485096625,58.43619510852107,33.89648287513434,9.293075924406367,11.552450874848777,-2.2593749504424103,1450.955,28.94225512255643,1508.8395102451127,1393.0704897548871,0.5907410286009659,0.0797881536575192,23.363571428571454,12931966.95,0.790747397421442,145714176.0,0.008793969849246297,0.008224652060263014,0.0073546136932241876,-0.007659193068701886,0.0396300906989151,-0.007753516919233094,40.93640810564726,44.175308903969324,1,1,0.03844785351634661,ICICIBANK.NS,IN,Banking
2025-10-15,1466.72,1503.44,1496.44,1499.55,6890872,1460.84,1471.0300000000002,1455.1380000000001,1443.9584,1464.0331670177957,1452.0800787931726,57.13812520702215,64.23918846769882,11.953088224623116,11.632578344803646,0.3205098798194701,1455.1380000000001,29.64473728035463,1514.4274745607095,1395.8485254392908,0.8745352807406794,0.08148983060117813,23.142857142857174,11659737.75,0.5909971181815716,152605048.0,0.026062978117772584,0.004668067086789592,0.022383276971731172,0.01335324606869892,0.059086510957772065,0.02675147896581942,94.17190775549714,59.44373062670189,1,1,0.025707712313694175,ICICIBANK.NS,IN,Banking
2025-10-16,1498.86,1505.33,1496.24,1500.28,8788524,1469.88,1472.0720000000001,1460.1725000000001,1446.3497999999997,1469.6096028612117,1455.6504433270127,66.54979730470035,74.27421322273729,13.959159534198989,12.097894582682716,1.8612649515162722,1460.1725000000001,28.23090372269709,1516.6343074453944,1403.7106925546059,0.8551737166573504,0.07733580442770367,21.315000000000023,11572340.75,0.759442141431746,161393572.0,0.00048681271047978925,0.006058869011113832,0.0009473866805432966,0.006993945739868224,0.0719424974456806,0.03106358413283128,93.09732093913212,76.06854560009215,1,1,0.03539339323326329,ICICIBANK.NS,IN,Banking
2025-10-17,1513.23,1501.0,1492.19,1496.11,8374536,1481.224,1471.638,1464.6285,1447.9596,1473.68658703641,1458.6474475250127,64.39410480349346,75.405572755418,15.039139511397252,12.686143568425626,2.352995942971626,1464.6285,26.366547241177486,1517.361594482355,1411.895405517645,0.7984985075144355,0.07200883293247264,20.545000000000023,11406879.45,0.7341653168636479,153019036.0,-0.0027794811635162286,0.005888604447529966,-0.01131354784136503,-0.0028924655936553023,0.06334089083788785,0.03940558153106499,87.39748496326678,91.55557121929866,1,1,0.03741035084318667,ICICIBANK.NS,IN,Banking
2025-10-20,1492.41,1525.91,1519.98,1522.61,13514478,1496.002,1475.6560000000002,1468.386,1449.4966,1481.2132659538852,1463.3854143750132,63.82742749403868,95.44560943643503,17.827851578872014,13.714485170514905,4.113366408357109,1468.386,29.01308441666642,1526.4121688333328,1410.3598311666672,0.9672374644858858,0.07903394452588527,19.145714285714316,11931439.3,1.1326778377292805,166533514.0,0.017712601346157708,0.0038946283027145295,0.02023572610742328,0.02710414657015825,0.051918533154629465,0.05100364459660933,96.47962449224985,92.32481013154957,1,1,0.01901997228443264,ICICIBANK.NS,IN,Banking
2025-10-21,1527.05,1517.7,1517.6,1517.65,8865341,1507.24,1480.133,1473.839,1450.651,1486.818917345595,1467.4050133101985,60.62051166965894,89.5286156669344,19.413904035396627,14.854368943491249,4.559535091905378,1473.839,27.386222217907527,1528.611444435815,1419.066555564185,0.8999365050289113,0.0743262248261552,18.023571428571454,11962411.6,0.7410997510652659,157668173.0,-0.0032575643139082233,6.589134517185816e-05,-0.0061556596051168646,0.03039623051436635,0.07742494267316968,0.03844785351634661,91.18839342765962,91.68850096105872,1,1,0.010377886864560315,ICICIBANK.NS,IN,Banking
2025-10-22,1515.86,1540.71,1536.0,1538.1,6961791,1514.95,1487.895,1479.5095000000001,1452.351,1494.708314677042,1472.6416789909258,62.787615311207745,90.37934668071664,22.066635686116115,16.296822292016223,5.7698133940998915,1479.5095000000001,28.396495980095157,1536.3024919601905,1422.7165080398097,1.0158250866590506,0.07677273036793887,18.13714285714288,11704017.25,0.5948205865109617,164629964.0,0.013474780087635363,0.0030622196216091115,0.014671539588078939,0.053146910604732645,0.07960328211751322,0.025707712313694175,97.59535654968114,95.0877914898635,1,1,0.006742084389831593,ICICIBANK.NS,IN,Banking
2025-10-23,1547.43,1564.23,1544.7,1553.38,15111776,1525.5700000000002,1497.725,1483.7095,1454.3066000000001,1503.7347278036507,1478.6222953619697,63.690445398582625,87.33527535025678,25.112432441680994,18.059944321949178,7.052488119731816,1483.7095,32.70466142133876,1549.1188228426774,1418.3001771573224,1.0325731636645978,0.08816998589364486,19.01357142857145,11960129.65,1.263512618902704,179741740.0,0.009934334568623804,0.012572583656276892,0.003845085076543818,0.06755642301454223,0.05716696838122193,0.03539339323326329,91.7840375579905,93.5225958451104,0,0,-0.006450449986481255,ICICIBANK.NS,IN,Banking
2025-10-24,1559.6,1570.75,1537.14,1552.08,10023553,1536.764,1508.994,1489.3205,1456.2058000000002,1511.1724619877043,1484.0636068166398,69.72082224361512,85.64547206165696,27.108855171064533,19.86972649177225,7.239128679292282,1489.3205,34.36980230177868,1558.0601046035574,1420.5808953964427,0.9565017529632073,0.09231002272984389,19.820714285714303,11479961.8,0.8731346237463417,169718187.0,-0.00083688472878507,0.021654811607635074,-0.004821749166449833,0.07829010900450872,0.0779381328740294,0.03741035084318667,86.52763746509933,91.96901052425699,0,0,-0.006604041028812957,ICICIBANK.NS,IN,Banking
2025-10-27,1559.65,1585.46,1524.46,1551.57,17946495,1542.556,1519.279,1494.7305000000001,1458.1925999999999,1517.3874678357497,1489.0640803857784,73.48254252461948,90.18840579710148,28.32338744997128,21.560458683412058,6.76292876655922,1494.7305000000001,35.26036443000884,1565.2512288600178,1424.2097711399824,0.9029985290702408,0.09435912207581301,23.277142857142866,11443746.05,1.5682359039909046,151771692.0,-0.00032859130972628936,0.03931501640271511,-0.005180649504693343,0.07099370478767453,0.07496345358432,0.01901997228443264,77.89157805415942,85.40108435908307,0,0,-0.008771760217070379,ICICIBANK.NS,IN,Banking
2025-10-28,1547.54,1543.77,1525.09,1533.4,10431678,1545.706,1526.473,1497.7635,1459.5828,1519.8509343225574,1492.348222579425,71.03623355642748,58.892368551178684,27.502711743132295,22.748909295356107,4.753802447776188,1497.7635,35.872830251645155,1569.5091605032903,1426.0178394967097,0.7483529996745755,0.09580372402350892,23.895714285714284,11247742.8,0.9274462670460185,141340014.0,-0.011710718820291621,0.012182079040033834,-0.009137082078647878,0.04922474785488484,0.04118853293860436,0.010377886864560315,66.03822819449388,76.8191479045842,1,1,0.017875309769140424,ICICIBANK.NS,IN,Banking
2025-10-29,1525.95,1553.87,1544.15,1548.47,9119983,1547.7800000000002,1531.365,1501.1975,1460.9168000000002,1524.2538675037024,1496.5053912772462,75.51778785726005,71.77168691720821,27.748476226456205,23.74882268157613,3.9996535448800756,1501.1975,37.31980874817271,1575.8371174963454,1426.5578825036546,0.816671638902075,0.09944010364565048,24.86714285714283,11113292.95,0.8206372512984775,150459997.0,0.009827833572453315,0.006277163910178126,0.014758019594341377,0.032623120269414274,0.04641199089059933,0.006742084389831593,75.86926740116205,73.26635788327177,0,0,-0.008363093892681195,ICICIBANK.NS,IN,Banking
2025-10-30,1549.03,1546.87,1540.55,1543.36,11775290,1545.776,1535.673,1503.8725,1462.2342,1527.193272503133,1499.9761030344878,80.15196334319351,54.743867243867214,27.217169468645125,24.442492038989933,2.774677429655192,1503.8725,38.36707701512323,1580.6066540302463,1427.1383459697536,0.7573006798490137,0.10204874951858665,23.79642857142856,10954985.35,1.074879477143301,138684707.0,-0.0033000316441391675,0.004094961642128759,-0.003660355190019827,0.028714639933878905,0.03590941430738459,-0.006450449986481255,71.08119247100497,70.99622935555361,0,1,-0.005092784573916598,ICICIBANK.NS,IN,Banking
2025-10-31,1550.17,1544.51,1539.69,1541.83,14209994,1543.7259999999999,1540.2450000000001,1505.9415000000001,1464.3841999999997,1529.4450767334201,1503.0763916986002,78.28199987850068,36.147757255936476,26.36868503481992,24.827730638155934,1.5409543966639845,1505.9415000000001,39.277730703424204,1584.4969614068486,1427.3860385931516,0.7284277843738984,0.10432737447875146,22.68571428571428,11421190.25,1.244177922333627,124474713.0,-0.0009913435620982902,0.0031261552830057857,-0.005380055090728608,0.03055925032250295,0.027578393148721903,-0.006604041028812957,66.2672027209968,71.07255419772126,1,0,0.01261487972085118,ICICIBANK.NS,IN,Banking
2025-11-03,1553.03,1550.04,1528.3,1537.96,15662370,1541.004,1541.78,1508.718,1466.0514,1530.7550649282784,1505.6603626838894,74.56016437652501,34.04880253050162,25.094702244389055,24.881124959402563,0.2135772849864921,1508.718,39.490356664303114,1587.6987133286063,1429.7372866713938,0.6851211439282076,0.10469910656405494,22.85142857142856,11899003.15,1.3162756985844062,108812343.0,-0.002510004345485539,0.014135608208266712,-0.00970361164947891,0.01008137343114801,0.03745876702441264,-0.008771760217070379,49.072584967845245,62.14032671994898,0,0,-0.021443990740981578,ICICIBANK.NS,IN,Banking
2025-11-04,1541.09,1566.87,1555.96,1560.81,15889486,1546.486,1546.096,1513.1145,1468.3372,1535.3789010931587,1509.745521003602,71.80071174377227,56.93693693693697,25.633380089556567,25.031575985433367,0.6018041041232003,1513.1145,40.17914298881914,1593.472785977638,1432.7562140223617,0.7967677783251613,0.10621573711386026,21.91785714285712,11731567.95,1.354421225986146,124701829.0,0.014857343493978936,0.0069899603411003675,0.012796137798562856,0.028438704576153828,0.059699364510346964,0.017875309769140424,73.57135198806067,62.97037989230089,0,1,-0.04338132123704996,ICICIBANK.NS,IN,Banking
2025-11-05,1557.83,1538.34,1533.27,1535.52,8688775,1543.896,1545.838,1516.8664999999999,1470.5254,1535.4006086172883,1511.6547416700023,60.674906094753446,51.43787303309815,23.745866947286004,24.774434177803897,-1.0285672305178934,1516.8664999999999,38.472801640286285,1593.8121032805725,1439.9208967194272,0.6212122538786344,0.10145336228405324,23.235714285714266,11925475.95,0.7285893081198737,116013054.0,-0.01620312530032486,0.0033018130665811154,-0.014321203212151279,-0.0016773941876340182,0.05138036809815949,-0.008363093892681195,46.45652406940642,56.36682034177076,0,0,-0.03913332291341043,ICICIBANK.NS,IN,Banking
2025-11-06,1528.53,1553.13,1521.4,1535.5,6827630,1542.324,1544.05,1520.8875,1472.2528,1535.4158995992439,1513.421057101854,62.23976135728053,38.94665075847958,21.994842497389754,24.21851584172107,-2.223673344331317,1520.8875,35.783883298875644,1592.4552665977512,1449.3197334022489,0.602088556720848,0.09411316300213413,24.87285714285713,12112277.0,0.5636949548218758,109185424.0,-1.3024903615654893e-05,0.020664278736554447,0.004559936671177842,-0.011510383808211788,0.055268438848723234,-0.005092784573916598,26.37783672227568,48.80190425991424,0,0,-0.046688375122110104,ICICIBANK.NS,IN,Banking
2025-11-07,1530.14,1569.02,1555.09,1561.28,18568111,1546.214,1544.97,1526.982,1474.011,1539.394991968591,1516.9661639831984,62.070041825332474,61.29316864129075,22.428827985392672,23.860578270455395,-1.4317502850627228,1526.982,31.268020252751832,1589.5180405055037,1464.4459594944963,0.7742258681712288,0.08190802577301207,25.1385714285714,11657646.5,1.5927837070043507,127753535.0,0.01678931943992179,0.008922166427540955,0.020351078986223167,0.005927529508788165,0.08468170544466735,0.01261487972085118,64.36781609100545,45.73405896089583,0,0,-0.049728427956548416,ICICIBANK.NS,IN,Banking
2025-11-10,1561.46,1512.18,1499.22,1504.98,6162047,1539.618,1540.3110000000001,1529.795,1475.0822,1534.100377819577,1516.0782999844428,47.00515293339004,36.261278055327715,18.02207783513427,22.692878183391173,-4.670800348256904,1529.795,25.932077981165257,1581.6591559623305,1477.9308440376697,0.26076926790937976,0.06780536733653399,29.213571428571395,11201932.5,0.5500878040384725,121591488.0,-0.036060155769624846,0.008611410118401192,-0.0361712756010169,-0.03002764941317504,0.03883428129659294,-0.021443990740981578,6.679035250386363,32.474896021222484,0,0,-0.027262820768382268,ICICIBANK.NS,IN,Banking
2025-11-11,1511.11,1493.83,1492.52,1493.1,9873171,1526.0759999999998,1536.281,1531.377,1475.9820000000002,1527.792627385796,1514.3762036892986,38.914071738273556,34.21756262313532,13.416423696497532,20.837587286012447,-7.421163589514915,1531.377,22.24714886523131,1575.8712977304626,1486.8827022695373,0.0698662305904442,0.058110181530000284,28.456428571428546,11184295.05,0.8827708919597134,111718317.0,-0.00789379260853973,0.0008773692317989875,-0.011918391116456165,-0.02628146602321646,0.021649583293418928,-0.04338132123704996,0.6240585323796926,23.89030329125715,0,0,-0.026160337552742607,ICICIBANK.NS,IN,Banking
2025-11-12,1495.87,1485.37,1467.48,1475.43,17332214,1514.058,1528.977,1530.1709999999998,1476.3294,1519.7368385572122,1511.4912997123133,31.02020939858774,18.825763107930484,8.245538844898874,18.319177597789732,-10.073638752890858,1530.1709999999998,24.59332085194067,1579.3576417038812,1480.9843582961184,-0.05646206066985476,0.06428907841522188,28.41999999999996,11706362.15,1.4805805849274374,94386103.0,-0.01183443841671683,0.012125278732293465,-0.013664289009062395,-0.04716914115223414,-0.016084825447634232,-0.03913332291341043,6.738430242356891,4.6805080083742965,0,0,-0.021661481737527355,ICICIBANK.NS,IN,Banking
2025-11-13,1473.46,1481.89,1449.35,1463.81,4325099,1499.72,1521.022,1528.3475,1476.3346,1511.1327095484103,1507.9593515854751,29.53586497890292,20.91344203780318,3.1733579629351425,15.290013670818814,-12.116655707883671,1528.3475,28.037197636639345,1584.4218952732788,1472.2731047267214,-0.07546318319975646,0.0733791173450305,28.34357142857141,11483190.9,0.3766460612750014,90061004.0,-0.007875670143619229,0.022229660953250737,-0.006549210701338035,-0.05154338585942353,-0.02430879569147093,-0.046688375122110104,10.623760193882731,5.995416322873086,0,0,-0.013218928686099862,ICICIBANK.NS,IN,Banking
2025-11-14,1456.99,1510.73,1461.96,1483.64,20639186,1484.1919999999998,1515.203,1527.724,1477.0151999999998,1506.9030619255777,1506.157918134699,35.54619345504065,31.877271456527865,0.7451437908787284,12.381039694830797,-11.635895903952068,1527.724,28.916698581309216,1585.5573971626184,1469.8906028373815,0.11887073764522761,0.07571183952412947,27.469999999999978,12096423.4,1.7062220469050342,110700190.0,0.013546840095367774,0.03287185570621384,0.018291134462132066,-0.037740866373076054,-0.008334948633455963,-0.049728427956548416,28.653797944107655,15.338662793449075,0,0,-0.03844598420101919,ICICIBANK.NS,IN,Banking
2025-11-17,1492.9,1465.49,1462.73,1463.95,7659217,1475.986,1507.8020000000001,1524.791,1477.9836000000003,1500.2948985524122,1503.0314056802767,35.317745549871034,14.475509161252731,-2.73650712786457,9.357530330291723,-12.094037458156293,1524.791,32.24597402859494,1589.2829480571897,1460.2990519428101,0.028305456472830032,0.08459119716360801,27.07214285714284,11803660.35,0.6488848479205142,103040973.0,-0.013271413550457023,0.001885310290650709,-0.019391787795552718,-0.04812218783323363,-0.0385259521479564,-0.027262820768382268,12.200217264041218,17.15925846734385,0,0,-0.052064619693295566,ICICIBANK.NS,IN,Banking
2025-11-18,1456.8,1465.46,1444.9,1454.04,6768193,1468.174,1497.125,1521.6105,1479.0985999999998,1493.1787603135795,1499.4024126669226,29.591527987897123,21.887417218543135,-6.223652353343141,6.24129379356475,-12.464946146907891,1521.6105,35.915582672210704,1593.4416653444214,1449.7793346555786,0.029657498412856944,0.09441465518853107,27.078571428571422,11698802.95,0.5785371760161858,96272780.0,-0.006769356876942578,0.014139913619973183,-0.001894563426687326,-0.06840678878274742,-0.041913484663789524,-0.026160337552742607,7.363841443704675,16.07261888395116,0,0,-0.04250226953866465,ICICIBANK.NS,IN,Banking
2025-11-19,1457.9,1444.6,1442.57,1443.47,12274519,1461.782,1487.92,1516.879,1480.226,1485.5312587268747,1495.2592709878913,28.9092521430683,22.20853399036858,-9.728012261016602,3.047432582648479,-12.775444843665081,1516.879,39.66633517626735,1596.2116703525346,1437.5463296474652,0.03733436884308931,0.10459986637362956,27.33214285714285,11964439.35,1.0259166865251663,83998261.0,-0.007269401116888119,0.0014063333494970913,-0.009897798202887829,-0.059947118891320206,-0.06152395813016054,-0.021661481737527355,0.7117437722364359,6.758600826660757,0,0,-0.04467013516041207,ICICIBANK.NS,IN,Banking
2025-11-20,1440.76,1445.18,1443.88,1444.46,10325175,1457.9119999999998,1478.816,1511.433,1481.5226,1479.2126035381248,1491.496362025825,29.394336987345014,28.673736399945,-12.283758487700197,-0.018805631421257026,-12.26495285627894,1511.433,41.81032044590991,1595.05364089182,1427.81235910818,0.09954265307089354,0.11065080740167058,27.109999999999996,11725109.3,0.8806036562402316,94323436.0,0.0006858472985236119,0.0008999903077960307,0.0025680890641033047,-0.059290133507000964,-0.07011806512250707,-0.013218928686099862,1.4946619216964434,3.1900823792124995,0,0,-0.030371211386954422,ICICIBANK.NS,IN,Banking
2025-11-21,1450.09,1436.22,1418.9,1426.6,21000769,1446.5040000000001,1465.348,1505.159,1482.1644000000001,1471.1183568399515,1486.6892240979857,27.751138815631734,26.404565630944916,-15.57086725803424,-3.129217956743855,-12.441649301290386,1505.159,44.70438149961774,1594.5677629992356,1415.7502370007646,0.06067505373755916,0.11880308060367852,27.382857142857137,12273970.1,1.7110003623847543,73322667.0,-0.012364482228653051,0.012140754240843822,-0.016198994545155,-0.08626255380200865,-0.08084634812638525,-0.03844598420101919,5.12922994933955,2.4452118810907906,1,0,0.010002803869339605,ICICIBANK.NS,IN,Banking
2025-11-24,1427.21,1391.59,1384.63,1387.73,10063525,1431.2599999999998,1453.623,1496.967,1481.9103999999998,1458.2893788645742,1479.3589112018383,17.500375544539622,1.011339258351228,-21.069532337264036,-6.7172808328478935,-14.352251504416142,1496.967,50.40079605678973,1597.7685921135796,1396.1654078864206,-0.041841640144304394,0.13467443452462508,28.315714285714275,11879821.6,0.8471107135892754,63259142.0,-0.027246600308425517,0.0050153848371043315,-0.027662362231186968,-0.07790801206660558,-0.10559626700696711,-0.052064619693295566,1.6812191550426265,2.768370342026188,1,1,0.047221001203404,ICICIBANK.NS,IN,Banking
2025-11-25,1387.84,1398.23,1387.45,1392.24,14209375,1418.9,1443.5369999999998,1489.9089999999999,1481.6401999999998,1448.127935962332,1472.9056585202204,20.8187372708758,6.649740055616007,-24.77772255788841,-10.329369177855998,-14.448353380032412,1489.9089999999999,54.728342690825514,1599.365685381651,1380.4523146183487,0.05384634725826196,0.14693069896426922,27.118571428571418,12068706.45,1.1773733897245144,77468517.0,0.0032499117263444788,0.007742917887714927,0.0031703942817593676,-0.06755073337351813,-0.0920568670927352,-0.04250226953866465,4.1271218612498695,3.6458569885439958,1,1,0.03777365971384228,ICICIBANK.NS,IN,Banking
2025-11-26,1383.42,1392.89,1367.86,1378.99,12357369,1406.0040000000001,1433.893,1481.435,1480.9022,1437.4913304296656,1465.948943074278,19.75418389827236,6.391632771644396,-28.45761264461248,-13.955017871207296,-14.502594773405185,1481.435,58.1948174125879,1597.8246348251757,1365.0453651748242,0.0599049685397743,0.15713093699702954,26.640000000000004,12230575.75,1.0103668250967806,65111148.0,-0.009517037292420816,0.0181509655617387,-0.0032022090182279145,-0.0653639955809493,-0.10944997319935168,-0.04467013516041207,5.532909127035581,3.7804167144426732,1,1,0.01833225766684321,ICICIBANK.NS,IN,Banking
2025-11-27,1381.12,1403.37,1398.38,1400.59,17706770,1397.23,1427.571,1474.2965,1480.9222,1431.8142026712555,1461.1075398835906,18.436456491848375,27.915121549237668,-29.293337212335018,-17.02268173943284,-12.270655472902178,1474.2965,58.95053388223254,1592.197567764465,1356.3954322355348,0.18742225410785351,0.15994213886336314,25.987142857142853,12527149.75,1.4134714551910377,82817918.0,0.015663637879897552,0.003562784255204035,0.014097254402214095,-0.0431886651956197,-0.092505961020112,-0.030371211386954422,22.678769401173223,10.77960012981954,1,1,0.011802169085885161,ICICIBANK.NS,IN,Banking
2025-11-28,1402.19,1441.47,1440.38,1440.87,7175207,1400.084,1423.294,1469.2485,1481.5997999999997,1433.2074022602928,1459.6084628551762,36.56143881272795,48.68372809268895,-26.401060594883347,-18.898357510522942,-7.502703084360405,1469.2485,57.15862261931351,1583.565745238627,1354.9312547613729,0.3758783071568147,0.15561322028036678,24.47428571428572,12175410.4,0.5893194705519355,89993125.0,0.02875930857709963,0.0007564873999730453,0.027585419950200935,-0.02882774797120613,-0.06548063016026417,0.010002803869339605,51.10240078357172,26.438026437260152,0,0,-0.004462581634706697,ICICIBANK.NS,IN,Banking
2025-12-01,1449.46,1459.23,1448.49,1453.26,10436352,1413.19,1422.225,1465.0135,1481.7158000000002,1436.292417297171,1459.138206347385,41.666666666666686,60.183346065699055,-22.84578905021408,-19.68784381846117,-3.157945231752908,1465.0135,54.89258029384347,1574.798660587687,1355.228339412313,0.44647045221080306,0.1498759712284044,24.8957142857143,11914109.5,0.8759656879126646,100429477.0,0.008598971454746085,0.007390281160970934,0.0026216659997497917,-0.0073021619590832865,-0.05507295378293331,0.047221001203404,59.77462028375606,44.51859682283364,1,0,0.0035781622008450586,ICICIBANK.NS,IN,Banking
2025-12-02,1458.71,1446.79,1443.27,1444.83,7555286,1423.7079999999999,1421.304,1459.2145,1482.4406000000004,1437.6058915591445,1458.0783392105416,43.342036553524785,78.41927135178175,-20.472447651397033,-19.844764585048345,-0.6276830663486876,1459.2145,50.16213097494606,1559.5387619498922,1358.8902380501079,0.42830996350806505,0.13750447511290959,23.779285714285738,11497399.5,0.6571299312396746,92874191.0,-0.005800751414062222,0.0024362727794948512,-0.009515256630852323,-0.006334076091441765,-0.0743075710688681,0.03777365971384228,53.87415132600352,54.91705746444374,0,0,-0.024106642303938774,ICICIBANK.NS,IN,Banking
2025-12-03,1442.56,1411.98,1398.1,1404.27,7383285,1428.764,1417.384,1452.652,1482.0322,1432.4772928577377,1454.092536306057,38.494241323336176,54.40627060288623,-21.615243448319234,-20.198860357702525,-1.4163830906167085,1452.652,48.20110771821998,1549.05421543644,1356.24978456356,0.2490617835844841,0.13272582206388536,24.79285714285715,11432125.0,0.6458365661820032,85490906.0,-0.028072506800107977,0.009884139090054067,-0.026543090062093377,-0.0271567819213423,-0.08547592997811815,0.01833225766684321,25.484706376247782,46.37782599533577,1,1,0.03480812094540231,ICICIBANK.NS,IN,Banking
2025-12-04,1404.95,1422.97,1412.44,1417.12,21238420,1432.07,1414.65,1446.733,1480.987,1430.1146324180856,1451.3538299130155,36.789005401970094,64.00705311880094,-21.23919749492984,-20.40692778514799,-0.8322697097818512,1446.733,44.628070951391166,1535.9891419027822,1357.4768580972177,0.3341122562042362,0.12338993014290896,22.645000000000014,12152664.5,1.747634706147388,106729326.0,0.00915066190974656,0.007430563396178548,0.008662229972590614,-0.018927488473201137,-0.07709540866167375,0.011802169085885161,50.455802519200425,43.271553407150556,1,0,0.020922716495427318,ICICIBANK.NS,IN,Banking
2025-12-05,1418.8,1443.17,1427.45,1434.44,18954104,1430.784,1415.434,1440.391,1480.8785999999998,1430.780073584534,1450.1009536231625,44.08356389590602,62.83850413411215,-19.320880038628502,-20.189718235844094,0.8688381972155916,1440.391,35.59073872734599,1511.572477454692,1369.2095225453081,0.4581983950512539,0.09883632632339766,23.01214285714288,12171964.15,1.5571934167097086,125683430.0,0.012221971322118108,0.010958980508065215,0.01102340005637798,0.005495583905790191,-0.08124103299856522,-0.004462581634706697,68.21721311405521,48.052574003167784,1,1,0.03182426591561849,ICICIBANK.NS,IN,Banking
2025-12-08,1434.0,1459.85,1457.35,1458.46,14300153,1431.8239999999998,1422.507,1438.065,1481.1804000000002,1435.0385238022982,1450.7201422436688,50.838709677419374,57.61010642900411,-15.681618441370574,-19.28809827694939,3.606479835578817,1438.065,32.536503629329445,1503.138007258659,1372.9919927413412,0.6567086020650247,0.09050078718084877,23.358571428571445,12578869.45,1.1368391984671407,139983583.0,0.016745210674548927,0.0017141368292570834,0.0170571827057064,0.050968127805841146,-0.030910709776874046,0.0035781622008450586,98.48896619090688,72.38732727472082,1,0,0.03521522702028168,ICICIBANK.NS,IN,Banking
2025-12-09,1458.53,1416.07,1405.15,1410.0,9932904,1424.8579999999997,1424.283,1433.91,1479.9256,1431.1864432173293,1447.7038354108042,44.447393742327215,35.73595357425482,-16.51739219347496,-18.733957060254507,2.216564866779546,1433.91,30.37257228765363,1494.6551445753073,1373.1648554246929,0.30319414689464214,0.08472657917897895,26.347142857142867,12581856.1,0.7894624713230927,130050679.0,-0.033226828298342115,0.007744680851058228,-0.033273227153343916,0.012756421306671317,-0.0556560176813341,-0.024106642303938774,45.80932710027395,70.83850213507866,1,1,0.04575177304964528,ICICIBANK.NS,IN,Banking
2025-12-10,1405.28,1462.73,1445.49,1453.15,5770615,1434.634,1431.699,1432.7959999999998,1479.3928,1434.5654519531247,1448.107255010004,51.26473584631059,52.232238677827894,-13.541803056879417,-17.69552625957949,4.153723202700075,1432.7959999999998,29.15369172254104,1491.1033834450818,1374.4886165549178,0.6745405023919189,0.08138965134609716,29.991428571428578,12003776.15,0.48073326652852766,135821294.0,0.03060283687943266,0.011863881911700886,0.03406438574516542,0.05377849005431523,-0.015100682512894537,0.03480812094540231,89.90197111742495,78.06675480286857,0,1,-0.010074665382101,ICICIBANK.NS,IN,Banking
2025-12-11,1450.86,1449.1,1444.9,1446.77,10584534,1440.5639999999999,1436.317,1431.944,1478.531,1436.4430747295671,1448.008199083337,53.03701026891922,63.96372716519908,-11.565124353769988,-16.46944587841759,4.904321524647603,1431.944,28.439875157034297,1488.8237503140685,1375.0642496859314,0.6303275763123616,0.07944409881116701,28.755000000000013,12316747.9,0.8593610282986284,125236760.0,-0.004390462099576831,0.0029030184479889097,-0.0028190176860600604,0.03297181901912771,-0.011640855028999586,0.020922716495427318,83.1769790230507,72.96275908024984,0,1,-0.019947883906909825,ICICIBANK.NS,IN,Banking
2025-12-12,1460.26,1492.17,1470.42,1480.09,13431906,1449.694,1440.239,1431.7665,1478.1237999999998,1443.1579863096338,1450.3846287808678,64.14308465025111,68.23631624674194,-7.226642471234072,-14.620885196980888,7.394242725746816,1431.7665,28.10940492077923,1487.9853098415583,1375.5476901584416,0.9297805319541665,0.07853069595009955,29.000000000000032,11956383.9,1.1234086316508596,138668666.0,0.02303061302072895,0.014695052327889051,0.013579773464990034,0.027219665896298872,-0.0023927637432262783,0.03182426591561849,90.2823586188537,87.78710291977643,0,0,-0.053192711254045344,ICICIBANK.NS,IN,Banking
2025-12-15,1473.66,1524.75,1497.87,1509.82,5907938,1459.966,1445.895,1434.06,1478.6716000000001,1453.4136807235361,1454.787248871174,66.71405015067945,70.36636766454117,-1.3735681476377977,-11.97142178711227,10.597853639474472,1434.06,32.41507332935853,1498.890146658717,1369.229853341283,1.0842960713766108,0.09041483153936629,31.42000000000004,11868819.95,0.49776957836742836,144576604.0,0.02008661635441089,0.01780344676847724,0.024537545973952822,0.038919395015344804,0.03133303733050985,0.03521522702028168,90.48377844291868,87.981038694941,0,0,-0.06359698507106804,ICICIBANK.NS,IN,Banking
2025-12-16,1514.68,1475.96,1473.35,1474.51,10094480,1472.868,1448.8629999999998,1435.0835000000002,1478.7042,1456.6592683045305,1456.2481933992349,62.776886035313,54.08708938120701,0.4110749052956635,-9.494922448630684,9.905997353926347,1435.0835000000002,33.38771729323452,1501.8589345864693,1368.308065413531,0.7952170977498488,0.09306139271536829,32.237142857142885,12035134.3,0.8387508530959348,134482124.0,-0.02338689380191017,0.0017700795518500094,-0.026520453165007493,0.020542209118027843,0.014078017110946028,0.04575177304964528,60.331622581442325,80.36591988107155,0,0,-0.0379380268699433,ICICIBANK.NS,IN,Banking
2025-12-17,1482.28,1438.59,1438.45,1438.51,17402217,1469.94,1452.287,1434.8355,1478.2648000000002,1453.8670731807565,1454.9342531474397,54.88408037094282,57.75191690684647,-1.0671799666831703,-7.809373952241181,6.742193985558011,1434.8355,33.340532543189504,1501.516565086379,1368.154434913621,0.5275527992445274,0.0929459371284479,33.071428571428605,12291519.2,1.4157904569037767,117079907.0,-0.024414890370360376,9.732292441468975e-05,-0.029528833958476438,0.024382775392196576,-0.0034361642431086636,-0.010074665382101,31.906829845780486,60.907410290047146,0,0,-0.019916441317752498,ICICIBANK.NS,IN,Banking
2025-12-18,1441.4,1446.48,1395.05,1417.91,8935791,1464.1680000000001,1452.366,1433.508,1477.5213999999999,1448.3352157683325,1452.191715877259,46.884836643872816,39.078963679186806,-3.8565001089264115,-7.018799183578227,3.1622990746518154,1433.508,33.46547908706282,1500.4389581741257,1366.5770418258744,0.3834769408215842,0.09338065525142371,33.82500000000003,12222050.0,0.7311204150596328,108144116.0,-0.01432037316389867,0.03627169566472046,-0.01629665602884953,0.0005574686688496477,-0.018380571286155334,-0.019947883906909825,17.625289128622875,36.621247185281874,0,1,-0.010296845356898676,ICICIBANK.NS,IN,Banking
2025-12-19,1416.47,1405.21,1398.29,1401.36,6013074,1448.422,1449.058,1432.2459999999999,1476.7607999999998,1441.1082594962813,1448.4264035900546,43.03692175593002,36.76170485685963,-7.318144093773299,-7.078668165617241,-0.23947592815605745,1432.2459999999999,34.20737692062635,1500.6607538412525,1363.8312461587473,0.2742738352027026,0.09553492045529167,33.91500000000003,11472665.25,0.5241217576602998,102131042.0,-0.011672108949087212,0.004938060170116983,-0.01066736323394739,-0.0230612643261483,-0.017692415533436145,-0.053192711254045344,4.865073245914644,18.132397406772643,1,1,0.016755152137923224,ICICIBANK.NS,IN,Banking
2025-12-22,1397.11,1426.72,1403.47,1413.8,6427310,1429.218,1444.592,1433.5494999999999,1476.0623999999998,1436.9069888045458,1445.861484805606,45.881228596458634,27.995751178384154,-8.954496001060306,-7.453833732705854,-1.5006622683544526,1433.5494999999999,32.89324558325498,1499.3359911665098,1367.76300883349,0.3498969951873363,0.09178126205821846,35.01285714285718,11290854.5,0.5692491591979013,108558352.0,0.008877090826054701,0.016445041731492117,0.011946088711689208,-0.03062134031786956,0.018786075101064226,-0.06359698507106804,14.456437933581674,12.315600102706375,0,0,-0.015009195077097193,ICICIBANK.NS,IN,Banking
2025-12-23,1422.76,1430.35,1409.15,1418.57,14187166,1418.03,1445.449,1434.866,1475.2046000000003,1434.0859136038464,1443.839893338524,52.09738926371369,13.694596960292841,-9.753979734677614,-7.913862933100207,-1.8401168015774072,1434.866,31.656539758381747,1498.1790795167635,1371.5529204832364,0.3713062125176155,0.08824946652400908,33.18928571428574,11289744.05,1.2566418406410338,122745518.0,0.0033738859810439337,0.014944627335968528,-0.0029449801793676443,0.006078014184397018,0.018911969200712475,-0.0379380268699433,18.134155743884836,12.485222307793693,0,1,-0.010496485897770191,ICICIBANK.NS,IN,Banking
2025-12-24,1431.19,1424.14,1398.43,1409.86,9083339,1412.3,1441.1200000000001,1436.4095,1473.4108,1430.3588499724854,1441.3228642023369,48.92208100724552,17.371555465832245,-10.9640142298515,-8.523893192450467,-2.440121037401033,1436.4095,29.46551820170576,1495.3405364034115,1377.4784635965884,0.27474093770784375,0.08205325348150444,33.69000000000002,11126042.55,0.8164033296454245,113662179.0,-0.006139986042282053,0.018235853205269888,-0.014903681551705399,-0.029790455217974854,0.0223859491366869,-0.019916441317752498,11.418658442471669,14.669750706646035,0,0,-0.01749109840693397,ICICIBANK.NS,IN,Banking
2025-12-25,1413.63,1405.63,1401.44,1403.31,9828234,1409.3799999999999,1436.774,1436.5455,1471.4714000000001,1426.1974884382569,1438.5070964836452,45.22531365992821,24.719908072392997,-12.309608045388359,-9.281036163038046,-3.028571882350313,1436.5455,29.297286469466766,1495.1400729389334,1377.9509270610665,0.21639438318925847,0.08157705125092472,32.43071428571428,10732115.75,0.9157777751532566,103833945.0,-0.0046458513611280505,0.0029857978636203468,-0.007300354406735046,-0.03003932898802164,0.001942038712257066,-0.010296845356898676,6.368542791007173,11.9737856591212,0,1,-0.0004845686270317229,ICICIBANK.NS,IN,Banking
2025-12-26,1413.98,1439.28,1413.28,1424.84,6905493,1414.0759999999998,1431.249,1435.7440000000001,1470.046,1425.9886440631403,1437.494718966338,44.803709428129814,54.911410347271314,-11.506074903197714,-9.72604391106998,-1.7800309921277346,1435.7440000000001,29.391869874799735,1494.5277397495995,1376.9602602504008,0.4072532638544676,0.08188610190891749,33.18500000000001,10718630.05,0.6442513943979814,110739438.0,0.015342297852933395,0.018247662895470196,0.007680448096855839,-0.03732881108581232,-0.011125222955575387,0.016755152137923224,22.968388588874536,13.585196607451103,1,0,0.0010738047780802784,ICICIBANK.NS,IN,Banking
2025-12-29,1424.67,1398.5,1387.84,1392.58,16156015,1409.8319999999999,1419.525,1432.7099999999998,1467.4454,1420.848852668811,1434.1677027466092,47.16563618613732,44.91073498724787,-13.31885007779806,-10.444605144415597,-2.874244933382464,1432.7099999999998,30.595816535500568,1493.901633071001,1371.5183669289986,0.1720956935925474,0.08542082217749371,32.02000000000002,11004613.2,1.4681128030821835,94583423.0,-0.022641138654164727,0.0076548564534837694,-0.0225245144489444,-0.0776516405929184,-0.041754400451399,-0.015009195077097193,3.462128405496593,10.93301992845941,1,1,0.03774289448362045,ICICIBANK.NS,IN,Banking
2025-12-30,1388.2,1429.46,1383.06,1403.68,7012182,1406.854,1412.442,1430.6525,1465.1659999999997,1418.2074907197634,1431.9093543950084,41.013623978201636,44.041450777202144,-13.701863675245022,-11.096056850581483,-2.6058068246635386,1430.6525,31.117059270308776,1492.8866185406175,1368.4183814593823,0.2832981278373909,0.08700102721041497,31.56785714285716,10977458.0,0.6387800674090425,101595605.0,0.007970816757385757,0.03305596717198153,0.011151130960948615,-0.04803629680368393,-0.028480859339853004,-0.010496485897770191,14.552897169775273,13.661138054715444,1,1,0.042260344238002956,ICICIBANK.NS,IN,Banking
2025-12-31,1408.39,1385.49,1384.97,1385.2,14724196,1401.922,1407.111,1429.699,1462.108,1413.1294152244152,1428.4494022176004,39.28658430485473,33.0832403933895,-15.319986993185239,-11.940842879102236,-3.3791441140830027,1429.699,32.23994447886553,1494.178888957731,1365.219111042269,0.15493892189139966,0.09020064916837162,32.31500000000002,11344503.55,1.297914416191935,86871409.0,-0.013165393821953697,0.00037539705457667225,-0.016465609667765026,-0.03705917928968161,-0.013580009542324412,-0.01749109840693397,1.5103394734878932,6.5084550162532295,1,1,0.03968380017326023,ICICIBANK.NS,IN,Banking
2026-01-01,1376.69,1421.93,1387.18,1402.63,8321113,1401.786,1405.583,1428.9745,1459.0929999999998,1411.514120574505,1426.5368539051856,35.7327046342003,46.632510479739274,-15.022733330680694,-12.55722096941793,-2.465512361262764,1428.9745,32.69706883290138,1494.368637665803,1363.5803623341972,0.2985713938538939,0.09152596867999689,31.695714285714303,10698638.2,0.777773027433246,95192522.0,0.012583020502454634,0.024774887176215555,0.01884229565114965,-0.010776424455712919,-0.010224963305859647,-0.0004845686270317229,13.811842755213522,9.958359799492206,1,1,0.034763266150018124,ICICIBANK.NS,IN,Banking
2026-01-02,1409.33,1438.5,1416.66,1426.37,20388770,1402.092,1408.084,1428.571,1456.5788,1413.7996404861194,1426.5244943566533,34.28259313670094,59.258069696483034,-12.724853870533934,-12.590747549641133,-0.13410632089280128,1428.571,32.67585893044647,1493.9227178608928,1363.219282139107,0.48316035084825004,0.09149243245291576,31.067857142857147,10770371.5,1.8930422322904803,115581292.0,0.016925347383130118,0.015311595168143335,0.012090851681286763,0.017846948678426733,-0.005625888848610039,0.0010738047780802784,46.62002152802336,20.64740125224157,0,1,-0.0013951499260358435,ICICIBANK.NS,IN,Banking
2026-01-05,1422.44,1456.34,1436.18,1445.14,7064338,1412.604,1411.218,1427.905,1454.4502000000002,1418.6212342574856,1427.903420700605,44.10075121520109,58.33470192149784,-9.282186443119372,-11.929035328336782,2.646848885217411,1427.905,32.16636990137236,1492.2377398027447,1363.5722601972552,0.6339520130202106,0.09010787104562236,30.60357142857143,10408580.75,0.6787032248653857,122645630.0,0.01315927844808873,0.0139502055164108,0.015958493855617168,0.022167208940444327,-0.009132921026287932,0.03774289448362045,84.71615720408435,48.382673829107055,0,1,-0.0029754902639191894,ICICIBANK.NS,IN,Banking
2026-01-06,1449.99,1469.02,1458.18,1463.0,8060896,1424.468,1415.661,1430.5549999999998,1453.0422,1425.4487366794108,1430.503167315375,55.30568915464274,82.79009126466754,-5.054430635964309,-10.554114389862288,5.49968375389798,1430.5549999999998,32.79076546834995,1496.1365309366997,1364.9734690633,0.7473638502779778,0.09168683613933622,29.733571428571427,10314980.35,0.7814746073195761,130706526.0,0.012358664212463788,0.007409432672585447,0.008972475672239822,0.03132027323290365,0.0375886524822695,0.042260344238002956,92.99674266992793,74.7776404673452,0,0,-0.031756664388243316,ICICIBANK.NS,IN,Banking
2026-01-07,1467.52,1443.24,1437.71,1440.17,13419504,1435.462,1418.692,1429.906,1450.8762,1427.7135464210396,1431.219228995718,54.77641404171316,65.31777348669299,-3.5056825746783034,-9.144428026825492,5.638745452147189,1429.906,32.44667031818788,1494.7993406363757,1365.0126593636242,0.579083615504821,0.09076588340258789,27.866428571428564,10697424.8,1.2544610498723907,117287022.0,-0.015604921394395066,0.003839824465164621,-0.01863688399475392,0.02149858851233466,-0.008932319443966552,0.03968380017326023,66.43787808205644,81.38359265202288,0,1,-0.006443683731781613,ICICIBANK.NS,IN,Banking
2026-01-08,1425.74,1461.27,1443.49,1451.39,16190485,1445.214,1423.5,1430.1370000000002,1449.0367999999999,1431.3560777408795,1432.7133601812202,60.98642891650933,79.58873491282974,-1.3572824403406685,-7.5869989095285275,6.229716469187859,1430.1370000000002,32.58918323939491,1495.31536647879,1364.9586335212102,0.6630372249836375,0.09114982198033385,27.972142857142835,10977722.35,1.4748490633078306,133477507.0,0.007790746925710135,0.01225032554998155,0.017990657483119014,0.03426185233483703,0.0031933202927902915,0.034763266150018124,79.49046067846116,79.64169381014848,0,0,-0.03720571314395171,ICICIBANK.NS,IN,Banking
2026-01-09,1455.57,1435.08,1415.82,1424.38,8980486,1444.816,1423.4540000000002,1427.3515000000002,1446.6878,1430.2828350115135,1432.0960742418706,52.18360439197559,58.95577699085894,-1.8132392303571123,-6.4322469736942445,4.619007743337132,1427.3515000000002,30.402305188748592,1488.1561103774975,1366.546889622503,0.4755651752225077,0.08519921039415264,28.70142857142855,10755151.35,0.8349938436715869,124497021.0,-0.018609746518854386,0.013521672587361847,-0.021428031630205624,-0.0003228432666122494,-0.037639602997114885,-0.0013951499260358435,48.06886924094864,64.66573600048874,1,1,0.01115573091450317,ICICIBANK.NS,IN,Banking
2026-01-12,1424.6,1461.19,1424.57,1440.84,6436730,1443.956,1428.2800000000002,1423.9025000000001,1444.7454,1431.9070142405114,1432.7437724461765,54.384721401850754,56.338151554971546,-0.8367582056650917,-5.313149220088414,4.4763910144233225,1423.9025000000001,23.73613409640341,1471.3747681928069,1376.4302318071934,0.6783936247845836,0.06667909943661646,29.81642857142856,10781590.95,0.5970110935240877,130933751.0,0.011555905025344204,0.025415729713205288,0.011399691141365022,0.03465510060463317,-0.04568756540514762,-0.0029754902639191894,67.21731037613748,64.9255467651824,0,0,-0.015824102606812662,ICICIBANK.NS,IN,Banking
2026-01-13,1434.27,1427.77,1407.56,1416.54,8654831,1434.664,1429.566,1421.004,1441.86,1429.54285820351,1431.543493005719,51.239148178377995,38.0514705882352,-2.000634802209106,-4.650646336512553,2.650011534303447,1421.004,20.55767045988391,1462.1193409197676,1379.8886590802322,0.4457136934708059,0.05786801574061551,30.35714285714284,10709608.5,0.8081369353383053,122278920.0,-0.016865161988839805,0.01426715800470567,-0.012361689221686054,0.009161632280861642,-0.03931475541027185,-0.031756664388243316,38.948348068416145,51.411509228500734,1,1,0.015135470936225026,ICICIBANK.NS,IN,Banking
2026-01-14,1422.24,1434.48,1428.03,1430.89,15227067,1432.808,1434.1349999999998,1420.623,1439.7674,1429.7501107875853,1431.4950861164066,54.97223624432108,36.179736592924186,-1.7449753288212833,-4.069512134974299,2.3245368061530156,1420.623,20.284954523004036,1461.192909046008,1380.053090953992,0.6265346686842496,0.05711565847656897,31.037142857142857,10600851.0,1.4364003006550794,137505987.0,0.010130317534273736,0.004507684028818105,0.006081955225555468,0.032984406583886905,-0.005297147743150821,-0.006443683731781613,55.64215914314066,53.93593919589807,0,0,-0.0018869375004367805,ICICIBANK.NS,IN,Banking
2026-01-15,1435.73,1409.71,1387.55,1397.39,9810062,1422.008,1433.611,1419.5970000000002,1437.0051999999998,1424.7716322048798,1428.9687834411172,45.255953821160716,33.13623462630085,-4.19715123623746,-4.095039955226931,-0.10211128101052847,1419.5970000000002,20.93783608686299,1461.472672173726,1377.7213278262743,0.23484604726932212,0.05899656335381997,31.563571428571436,10644564.55,0.9216028548952849,127695925.0,-0.023412002320234215,0.015858135524072895,-0.026704185327306118,-0.003735839102257943,-0.014472004570106667,-0.03720571314395171,16.67054443908032,37.08701721687902,1,1,0.026384903283979355,ICICIBANK.NS,IN,Banking
2026-01-16,1394.37,1449.17,1433.15,1440.27,8464960,1425.186,1435.0010000000002,1421.5425,1434.585,1427.1559964810522,1429.8059105936272,57.95018837728804,46.49211356466873,-2.649914112575061,-3.806014786696557,1.1561006741214959,1421.5425,20.961809854322272,1463.4661197086446,1379.6188802913555,0.7233526127923425,0.05898328007585429,32.619285714285716,10767158.85,0.7861831827452622,136160885.0,0.030685778487036464,0.011122914453532227,0.03291809204154362,0.009745017071306927,0.027765884569275645,0.01115573091450317,66.55421126027741,46.28897161416611,0,0,-0.008102647420275444,ICICIBANK.NS,IN,Banking
2026-01-19,1442.21,1432.65,1406.35,1418.04,11860185,1420.626,1432.291,1421.7545,1432.8462,1425.7535354839672,1428.9343616607662,52.30823635311514,47.937809003382725,-3.1808261767989734,-3.680977064717041,0.5001508879180676,1421.7545,20.90073568965366,1463.5559713793073,1379.9530286206927,0.45556974577820264,0.05880265739166341,31.727857142857147,11038802.6,1.074408552752945,124300700.0,-0.01543460601137292,0.018546726467505596,-0.01675900180971101,-0.018752508407489987,0.0029990097609280397,-0.015824102606812662,39.345627602149314,40.85679443383566,1,1,0.011678090886011683,ICICIBANK.NS,IN,Banking
2026-01-20,1415.42,1444.27,1432.95,1437.98,8501767,1424.9140000000002,1429.789,1422.725,1431.7438,1427.6345300248952,1429.6044089451539,58.4442595673877,49.0903307888041,-1.9698789202586795,-3.3387574358253684,1.368878515566689,1422.725,21.193671721836516,1465.112343443673,1380.337656556327,0.6799475829334761,0.05958613708712956,32.265,10754532.65,0.790528653002076,132802467.0,0.0140616625765142,0.007872153993791335,0.015938731966472146,-0.017101845522898174,0.013682793235441304,0.015135470936225026,62.0723362651262,55.99072504251762,1,0,0.007753932599897206,ICICIBANK.NS,IN,Banking
2026-01-21,1431.69,1441.67,1417.41,1428.19,5685699,1424.374,1428.591,1423.6415000000002,1430.799,1427.719986944142,1429.4996379121792,54.1918131723957,54.08227626322801,-1.779650968037231,-3.0269361422677408,1.2472851742305098,1423.6415000000002,21.003535109728656,1465.6485702194575,1381.6344297805429,0.5541396957188758,0.059013551121441465,31.374285714285715,10584650.65,0.537164489489836,127116768.0,-0.006808161448698891,0.016986535404941223,-0.0024446633000143572,-0.00831846240374401,0.013001290908317253,-0.0018869375004367805,49.88339265926261,50.43378550884602,1,1,0.022945126348735023,ICICIBANK.NS,IN,Banking
2026-01-22,1430.48,1442.34,1427.79,1434.26,15625459,1431.748,1426.8780000000002,1425.1889999999999,1430.208,1428.7261427988894,1429.8522573260918,51.37355941645488,51.253626962279554,-1.1261145272023896,-2.646771819254671,1.5206572920522814,1425.1889999999999,20.562240278323248,1466.3134805566463,1384.0645194433534,0.6102871072972595,0.05771091491250291,29.851428571428578,10874511.9,1.4368881754694502,142742227.0,0.004250134785987791,0.010144604186123722,0.0026424696605316608,-0.011802479002887,0.022054998539168036,0.026384903283979355,57.333987970328565,56.42990563157244,1,1,0.026299276281845696,ICICIBANK.NS,IN,Banking
2026-01-23,1442.25,1441.92,1417.95,1428.6,29277775,1429.414,1427.3,1425.377,1429.1072,1428.706736214445,1429.759497524159,46.98285297336734,64.64295768039779,-1.0527613097140147,-2.32796971734654,1.2752084076325252,1425.377,20.576065579628754,1466.5291311592575,1384.2248688407424,0.5391595758065102,0.057742100734372324,29.422857142857147,11993126.0,2.441212787957636,113464452.0,-0.003946285889587675,0.01677866442669974,-0.009464378575136507,0.002962692539911993,0.0026388927879621438,-0.008102647420275444,50.386645390322904,52.53467533997133,1,1,0.009071818563628709,ICICIBANK.NS,IN,Banking
2026-01-26,1422.62,1435.57,1433.83,1434.6,9858286,1432.726,1426.676,1427.478,1428.5202,1429.6133921814535,1430.1180532631101,44.58511287370345,45.93198450279805,-0.5046610816566499,-1.963307990208562,1.458646908551912,1427.478,19.14659722414139,1465.7711944482828,1389.1848055517173,0.5929930252884169,0.053651537114065395,28.215000000000014,11678239.55,0.8441584978312507,123322738.0,0.004199916001679904,0.0012128816394805495,0.008421082228558292,-0.0043308070292329415,0.030174209022102882,0.011678090886011683,63.822571892785824,57.18106841781241,1,1,0.015739578976718294,ICICIBANK.NS,IN,Banking
2026-01-27,1439.04,1470.07,1432.37,1449.13,8944733,1434.956,1429.935,1429.7505,1428.422,1432.6159472304605,1431.526345613991,51.764196266834695,75.07662526213907,1.0896016164695084,-1.3527260688729479,2.4423276853424563,1429.7505,18.868562959542935,1467.487625919086,1392.0133740809142,0.756769686711116,0.05278840737465661,29.101428571428592,11774867.1,0.7596461314076206,132267471.0,0.010128258748083319,0.026015609365601447,0.0070116188570110176,0.023006762957629157,0.03237917474068164,0.007753932599897206,74.62433349400621,62.94451692570496,1,0,0.01358746282252099,ICICIBANK.NS,IN,Banking
2026-01-28,1441.76,1464.04,1458.49,1460.96,16466846,1441.51,1432.9419999999998,1433.5385,1428.7718,1436.9765707334664,1433.7066163092509,51.87978786093104,71.32516703786189,3.2699544242154843,-0.42818997025526123,3.6981443944707455,1433.5385,16.962400610586485,1467.463301221173,1399.6136987788273,0.9041512258291685,0.04733015711981114,28.659285714285733,11861999.6,1.3882014135119838,148734317.0,0.008163518800935687,0.0037988719745894175,0.013317056930409172,0.021014892828938647,0.05469246318221188,0.022945126348735023,88.9602520590287,75.80238581527355,0,0,-0.0005270507063848129,ICICIBANK.NS,IN,Banking
2026-01-29,1469.2,1474.63,1469.86,1471.98,15289961,1449.054,1440.401,1437.0059999999999,1429.3222,1442.3617136975483,1436.5416817678247,59.97652582159623,89.72963164579919,5.820031929723655,0.8214544097405223,4.998577519983132,1437.0059999999999,17.394312561122526,1471.794625122245,1402.2173748777548,1.002664303002792,0.04841820440863975,27.09500000000001,12210442.0,1.2522036260273275,164024278.0,0.007542985434235039,0.0032405331594158675,0.0018921862237939562,0.053378083426960155,0.04944283239343217,0.026299276281845696,96.95682131262099,86.84713562188529,0,0,-0.0057745349800948365,ICICIBANK.NS,IN,Banking
2026-01-30,1471.94,1456.92,1429.27,1441.56,15163046,1451.646,1440.53,1437.7655,1429.6214000000002,1442.2383731286948,1436.9134090442822,50.142562965309686,54.59350616662468,5.324964084412613,1.722156344674941,3.6028077397376723,1437.7655,17.236371725612617,1472.2382434512251,1403.2927565487748,0.5550362347112539,0.04795322109370571,27.516428571428587,11949155.8,1.2689636811862741,148861232.0,-0.02066604165817476,0.019180609894822908,-0.02063942823755008,0.0008956653960714434,0.010649410741953469,0.009071818563628709,62.02342673332529,82.64683336832498,0,1,-0.006680263048364221,ICICIBANK.NS,IN,Banking
2026-02-02,1440.25,1461.9,1453.4,1457.18,16364743,1456.162,1444.444,1438.3675,1431.0104000000001,1444.5370849550493,1438.4146380039651,58.33333333333334,65.980764929546,6.122446951084157,2.6022144659567843,3.520232485127373,1438.3675,17.711205455432747,1473.7899109108655,1402.9450890891346,0.7655451664000645,0.04925363081526913,26.592142857142886,12414176.05,1.3182301923106534,165225975.0,0.010835483781459043,0.005833184644308985,0.011754903662550466,0.027601478096527687,0.00833137273897333,0.015739578976718294,79.96095544235229,79.64706782943283,0,1,-0.018762266844178588,ICICIBANK.NS,IN,Banking
2026-02-03,1473.35,1489.61,1452.19,1468.82,9057789,1460.1,1447.528,1438.6585,1432.5420000000001,1448.2729180388878,1440.6668870407084,57.86505204661382,67.99915842625708,7.606030998179449,3.6029777724013177,4.003053225778132,1438.6585,18.178863167232752,1475.0162263344655,1402.3007736655345,0.9147880387461604,0.050543928714757845,27.983571428571445,12464020.7,0.7267147970385835,174283764.0,0.007988031677623741,0.02547623262208737,-0.0030746258526466205,0.021446751693347643,0.003978127136021747,0.01358746282252099,79.62962962884943,73.87133726817565,0,0,-0.04338857041706945,ICICIBANK.NS,IN,Banking
2026-02-04,1476.94,1460.78,1459.72,1460.19,15379936,1459.946,1450.728,1439.6595,1434.1660000000002,1450.1063152636743,1442.1130435562113,64.51955978914269,56.20233288470164,7.993271707463009,4.481036559413656,3.5122351480493528,1439.6595,18.80681720603975,1477.2731344120796,1402.0458655879204,0.7729130050861797,0.05225351468462295,25.537857142857142,12562042.3,1.2243180215753595,158903828.0,-0.005875464658705587,0.000725932926536423,-0.011341015884185315,0.022405982397300184,0.013901136671365277,-0.0005270507063848129,64.66490511572604,74.75183006230924,0,0,-0.032803950170868235,ICICIBANK.NS,IN,Banking
2026-02-05,1449.4,1467.02,1460.64,1463.48,12405466,1458.246,1453.65,1440.264,1435.4238,1452.163805223109,1443.695781070566,56.568743985962534,51.56288762093773,8.468024152542966,5.278434078039519,3.189590074503448,1440.264,19.389001602925166,1479.0420032058503,1401.4859967941495,0.7993449646692768,0.0538484655671786,22.327142857142853,12372791.35,1.0026407660514889,171309294.0,0.002253131441798617,0.00435947194358346,0.009714364564640688,0.020372875210910246,0.00832994577611812,-0.0057745349800948365,68.61638241570256,70.97030572009265,1,0,0.011452155137070541,ICICIBANK.NS,IN,Banking
2026-02-06,1466.03,1441.35,1424.39,1431.93,4944128,1456.3200000000002,1453.983,1440.6415,1435.245,1449.0509121118614,1442.8242417320055,53.73407172428628,30.202669303015327,6.226670379855932,5.4680813384028015,0.7585890414531304,1440.6415,19.135305279985335,1478.9121105599706,1402.3708894400293,0.3861855105925864,0.05312995711971941,22.696428571428555,12170973.45,0.4062228558864488,166365166.0,-0.02155820373356654,0.0118441543930136,-0.02326009699663489,0.0023309533809325877,0.005300551819036992,-0.006680263048364221,20.110803323821205,51.13069695174991,1,0,0.029435796442563333,ICICIBANK.NS,IN,Banking
2026-02-09,1434.95,1431.8,1428.28,1429.84,12732440,1450.852,1453.507,1440.0915,1434.7766000000001,1446.095387171575,1441.862446048153,47.57939812061375,41.95276023070581,4.2329411234220515,5.2210532954066515,-0.9881121719846,1440.0915,19.286784751559082,1478.665069503118,1401.517930496882,0.36711756090477277,0.05357099809712267,21.083571428571418,12485758.95,1.0197569111522122,153632726.0,-0.0014595685543288273,0.002461813909246853,-0.003561099689882272,-0.0033179980482364035,-0.007634435468199086,-0.018762266844178588,17.216066481755824,35.31441740709318,1,1,0.054670452638057476,ICICIBANK.NS,IN,Banking
2026-02-10,1435.33,1408.36,1402.48,1405.09,7069653,1438.106,1449.103,1439.519,1433.9818,1439.7868660682557,1439.1385611556973,43.69197160021842,18.218425869432423,0.6483049125583875,4.306503618836999,-3.658198706278611,1439.519,20.172281633869044,1479.863563267738,1399.174436732262,0.07331301653220654,0.05605283885479808,21.304999999999982,12406500.05,0.5698345546023228,146563073.0,-0.01730962904940414,0.004184785316240025,-0.02106832575085795,-0.03039064818201276,-0.00808307566323585,-0.04338857041706945,2.9955239297256377,13.440797911767538,1,1,0.09614330754613598,ICICIBANK.NS,IN,Banking
2026-02-11,1408.15,1416.8,1408.69,1412.29,13253979,1428.526,1444.2359999999999,1438.589,1434.1422,1435.5565789808315,1437.1497788478678,44.03734462356837,13.533737582247454,-1.593199867036219,3.1265629216623547,-4.719762788698574,1438.589,21.002705063880267,1480.5944101277605,1396.5835898722394,0.18695699053767326,0.05839806939679279,21.102142857142844,12307845.65,1.0768722894349678,159817052.0,0.00512422691784864,0.00574244666463273,0.002940027695910899,-0.03331371153214324,-0.012998902780786858,-0.032803950170868235,11.259038218624317,10.490209543368573,1,1,0.08283001366574849,ICICIBANK.NS,IN,Banking
2026-02-12,1424.51,1491.78,1471.02,1480.24,3445780,1431.878,1445.062,1442.7314999999999,1435.4045999999998,1442.430951445319,1440.341647081359,60.47379522959599,57.32660966162389,2.0893043639598545,2.919111210121855,-0.8298068461620005,1442.7314999999999,20.616039814472547,1483.963579628945,1401.4994203710548,0.9548460850943136,0.05715835500772868,25.06785714285713,11989631.55,0.2873966308500422,163262832.0,0.04811334782516341,0.014024752742788985,0.03912222448418116,0.005611489286539317,0.05928910325678571,0.011452155137070541,87.07726763620298,33.77727659485095,1,1,0.053862887099389356,ICICIBANK.NS,IN,Banking
2026-02-13,1482.4,1479.18,1470.0,1474.08,5340538,1440.3079999999998,1448.3139999999999,1444.422,1436.1974000000002,1447.3000358383467,1442.8407843345917,58.00227014755958,53.79384395132423,4.459251503755013,3.2271392688484872,1.2321122349065257,1444.422,21.758137642834846,1487.9382752856698,1400.9057247143303,0.8407690548474601,0.060254240499853375,25.301428571428556,11833410.45,0.4513100911402857,157922294.0,-0.004161487326379554,0.006227613155319818,-0.005612520237449103,0.022558894530924745,0.023474765148201238,0.029435796442563333,80.17917133168886,59.50515906217203,1,1,0.059141973298599826,ICICIBANK.NS,IN,Banking
2026-02-16,1460.91,1515.43,1502.07,1508.01,12180492,1455.9419999999998,1453.397,1448.9205,1437.1884,1456.640030324755,1447.6681336431402,61.06434155141308,76.77364864864855,8.97189668161468,4.376090751401726,4.595805930212954,1448.9205,25.065816831321985,1499.0521336626439,1398.788866337356,1.0893434512482465,0.06919859807713306,25.56214285714285,11849425.8,1.0279393430237485,170102786.0,0.023017746662324923,0.008859357696561208,0.03224017906645014,0.03488244417299158,0.06344672928831341,0.054670452638057476,93.43072155738435,86.89572017509204,1,1,0.019018441522271168,ICICIBANK.NS,IN,Banking
2026-02-17,1509.91,1545.8,1535.69,1540.18,10470058,1482.96,1460.533,1454.0305,1439.7920000000001,1469.4923333517156,1454.520864484389,63.82934152642971,82.04577137546467,14.971468867326621,6.495166374586706,8.476302492739915,1454.0305,32.137834806547886,1518.3061696130958,1389.7548303869044,1.1701563789020215,0.0884103457431622,27.196428571428573,11947840.35,0.8763137786391849,180572844.0,0.0213327497828264,0.006564167824535662,0.020047552503116035,0.04858321645947106,0.07107192033268883,0.09614330754613598,96.07870499514326,89.89619929473879,1,1,0.016283810983131808,ICICIBANK.NS,IN,Banking
2026-02-18,1537.71,1537.0,1523.08,1529.27,6951626,1506.3560000000002,1467.441,1459.0845,1441.3144,1478.6888974514516,1460.0578374855454,60.00488980475706,89.2180394138453,18.63105996590616,8.922345092850598,9.708714873055563,1459.0845,35.619598903594586,1530.323697807189,1387.8453021928108,0.9926045081877988,0.09764917358403895,27.441428571428577,12011136.7,0.5787649907635312,173621218.0,-0.007083587632614408,0.009102382182342536,-0.005488681220772815,0.04730891185393671,0.07077489689747152,0.08283001366574849,88.4663689639376,92.65859850548838,1,1,0.0460284972568612,ICICIBANK.NS,IN,Banking
2026-02-19,1525.1,1568.67,1553.0,1559.97,11615819,1522.3020000000001,1477.09,1465.3700000000001,1443.5783999999999,1491.1936824589206,1467.458738412542,70.65843190620747,90.6115938840611,23.734944046378587,11.884864883556197,11.85007916282239,1465.3700000000001,41.59822794809139,1548.566455896183,1382.1735441038172,1.068533833442247,0.11355010119782187,27.20500000000001,11810654.7,0.9835033121827437,185237037.0,0.020074937715380603,0.010045064969191733,0.022864074486903977,0.06593188837565256,0.08764798572085963,0.053862887099389356,94.76502797945263,93.10336731284447,1,1,0.030724949838778937,ICICIBANK.NS,IN,Banking
2026-02-20,1569.2,1562.52,1560.25,1561.26,8943058,1539.738,1490.023,1472.003,1445.2018000000003,1501.973115926779,1474.4069800116129,69.11408212737821,85.1771448419589,27.566135915166115,15.021119089878184,12.54501682528793,1472.003,45.79172771766459,1563.586455435329,1380.4195445646708,0.9872987133688181,0.12443378910948813,25.93428571428571,10793918.85,0.8285273676550415,194180095.0,0.0008269389795958482,0.0014539538577805924,-0.005059903135352406,0.09031866082839235,0.09286014279714405,0.059141973298599826,95.54124796861694,92.92421497066904,1,1,0.048838758438696894,ICICIBANK.NS,IN,Banking
2026-02-23,1560.07,1550.73,1525.46,1536.69,9806207,1545.4740000000002,1500.708,1477.1075,1445.7391999999998,1507.3141750149668,1479.0205370477895,61.899084820645896,73.43714906041778,28.293637967177347,17.675622865338017,10.61801510183933,1477.1075,47.075006987732245,1571.2575139754645,1382.9574860245357,0.8164232137804612,0.12747889232896137,25.81857142857143,10791314.9,0.9087128104553032,184373888.0,-0.01573728911263972,0.016444435767775892,-0.014986507015701152,0.07472864096682152,0.07116269343370996,0.019018441522271168,80.75696491918433,90.35441362241795,1,1,0.07841529521243706,ICICIBANK.NS,IN,Banking
2026-02-24,1541.08,1568.04,1563.04,1565.26,10218658,1550.49,1516.725,1482.914,1447.5542,1516.2289173203567,1485.40864541462,67.21725166322548,72.32665158723968,30.820271905736718,20.30455267341776,10.515719232318958,1482.914,50.481306222155446,1583.876612444311,1381.951387555689,0.9078044238629062,0.13616785928818914,27.407857142857146,10855011.15,0.941376928813479,194592546.0,0.018591908582733074,0.003194357486933037,0.01569029511769952,0.11399269797664213,0.0801377378151027,0.016283810983131808,97.94813165594827,91.41544818124983,1,1,0.06599542568007877,ICICIBANK.NS,IN,Banking
2026-02-25,1573.74,1620.9,1582.67,1599.66,8267349,1564.568,1535.462,1489.849,1450.7772,1529.06446850184,1493.8717087172406,70.25041636926004,72.79975467647961,35.1927597845995,23.282194095654113,11.91056568894539,1489.849,56.47759182096044,1602.8041836419209,1376.893816358079,0.9860821631131412,0.15163306300416368,30.89428571428573,10445036.3,0.7915097632059197,202859895.0,0.021977179510113354,0.023898828501041545,0.016470319112422385,0.13267105197940943,0.09493757529295799,0.0460284972568612,90.27561578568687,89.66023745360646,1,1,0.03026268081967398,ICICIBANK.NS,IN,Banking
2026-02-26,1606.44,1632.91,1587.89,1607.9,13217846,1574.154,1548.228,1496.645,1454.5770000000002,1541.1930118092494,1502.31824881226,78.11651167992838,80.77013383423343,38.874762996989375,26.400707875921167,12.474055121068208,1496.645,62.11096788474013,1620.8669357694803,1372.4230642305197,0.9478073832527822,0.16600053555705901,31.31785714285716,10341430.55,1.2781447071513032,216077741.0,0.005151094607604101,0.02799925368491323,0.0009088419113064463,0.08624277144246895,0.09233821111699902,0.030724949838778937,89.1463785093558,92.4567086503303,1,1,0.03757696374152619,ICICIBANK.NS,IN,Banking
2026-02-27,1604.71,1655.23,1623.33,1637.51,8955761,1589.404,1564.5710000000001,1506.4424999999999,1459.3,1556.0110099924418,1512.3324526039444,80.49933911000146,80.60467319229558,43.67855738849744,29.856277778436425,13.822279610061013,1506.4424999999999,68.12776123810359,1642.6980224762071,1370.1869775237926,0.9809621570454363,0.18089707702234478,34.43785714285715,10031066.3,0.89280240398746,225033502.0,0.0184153243360905,0.019480797063822886,0.02043983024968967,0.11086915228481509,0.13592913232886605,0.048838758438696894,92.98911968311378,90.80370465938546,1,1,0.012146490708453861,ICICIBANK.NS,IN,Banking
2026-03-02,1632.12,1660.93,1654.2,1657.19,12984961,1613.504,1579.489,1516.443,1464.1678,1571.577008455143,1523.0626412999484,87.58423281054324,83.06334872820021,48.51436715519458,33.58789565378806,14.926471501406517,1516.443,74.8627727104399,1666.1685454208798,1366.7174545791202,0.9700166548179504,0.1974694009874174,34.15642857142859,9862077.2,1.3166556517469108,238018463.0,0.012018247216810884,0.004061091365501817,0.015360390167380342,0.09892507344115753,0.1372582659657695,0.07841529521243706,98.51728512488694,93.55092777245216,1,1,0.0024801018591711355,ICICIBANK.NS,IN,Banking
2026-03-03,1665.06,1684.22,1656.04,1668.56,15681508,1634.1640000000002,1592.327,1526.4299999999998,1469.1675999999998,1586.497468692813,1533.840223425878,87.73671035193637,100.0,52.65724526693498,37.401765576417446,15.255479690517532,1526.4299999999998,81.22777856451911,1688.885557129038,1363.9744428709616,0.9374427151364513,0.21285687143063461,35.332857142857165,10193263.15,1.5384186821058687,253699971.0,0.0068610117125977865,0.016888814306937224,0.0021020263534034197,0.08335389370073609,0.13598671042060984,0.06599542568007877,92.68975819207965,94.73205433336011,1,0,0.01964568250467469,ICICIBANK.NS,IN,Banking
2026-03-04,1675.67,1663.94,1635.39,1648.07,4883556,1643.846,1604.2069999999999,1535.824,1473.9317999999998,1595.9701658169959,1542.3016883572946,78.72915882091134,83.44777445674124,53.66847745970131,40.65510795307422,13.013369506627086,1535.824,83.98141883460833,1703.7868376692168,1367.8611623307834,0.8341393892743739,0.21872667397971035,32.024285714285725,9668444.15,0.5051025189918981,248816415.0,-0.01228004986335518,0.017323293306705803,-0.016471023530876403,0.0776841237976289,0.12866818701675808,0.03026268081967398,83.1248249459288,91.44395608763178,1,1,0.012851395875175253,ICICIBANK.NS,IN,Banking
2026-03-05,1651.7,1673.82,1663.93,1668.32,6210970,1655.9299999999998,1615.042,1546.066,1479.2319999999997,1607.100909537458,1551.636378108606,81.7199033248416,81.31156512221814,55.46453142885184,43.61699264822975,11.847538780622095,1546.066,87.12612149244336,1720.3182429848866,1371.8137570151134,0.8507960583605014,0.22541371841147,33.13214285714287,9358719.35,0.6636559024867112,255027385.0,0.012287099455726924,0.005928119305645167,0.010062359992728599,0.06945646390635707,0.1399677481072512,0.03757696374152619,91.27093055124195,89.02850456308344,0,1,-0.027680540903423756,ICICIBANK.NS,IN,Banking
2026-03-06,1661.96,1675.81,1642.66,1657.4,19792431,1659.908,1624.656,1557.3395,1483.8832,1614.8392311470798,1559.4707204709316,76.37814740262037,72.03525641025647,55.36851067614816,45.96729625381344,9.401214422334725,1557.3395,86.16222670209586,1729.6639534041917,1385.0150465958084,0.7903258882374492,0.22130621281240348,32.546428571428564,10101134.5,1.9594263437016561,235234954.0,-0.006545506857197569,0.020001206709291577,-0.00274374834532552,0.06157846867273875,0.15745881432751596,0.012146490708453861,83.35608787338124,85.9172811235173,0,1,-0.028834318812598125,ICICIBANK.NS,IN,Banking
2026-03-09,1651.78,1678.62,1647.45,1661.3,8454813,1660.73,1637.117,1568.9125,1489.2576000000001,1621.9870417398365,1567.0136300656775,73.75833660258927,63.73397990994115,54.973411674159024,47.76851933788256,7.204892336276465,1568.9125,83.64323780356273,1736.1989756071252,1401.6260243928746,0.7761355921449301,0.21325150460209696,32.07357142857141,9887253.15,0.855122450756462,243689767.0,0.0023530831422708953,0.018762414976212054,0.005763479397979282,0.08108987499105202,0.16187825211212448,0.0024801018591711355,85.7763435516583,86.80112065876047,0,0,-0.053518329019442534,ICICIBANK.NS,IN,Banking
2026-03-10,1663.62,1727.82,1680.16,1701.34,3632604,1667.286,1650.725,1583.725,1495.2108,1634.195189164477,1576.963731542294,80.2908143505968,70.63662709170798,57.231457622182916,49.66110699474264,7.570350627440277,1583.725,79.21943591263418,1742.1638718252682,1425.2861281747316,0.8711683838825822,0.20008381736118108,35.6035714285714,9715400.7,0.3739015752688847,247322371.0,0.0241016071751039,0.028013213114352124,0.022673447061214314,0.08693763336442495,0.2108405867239822,0.01964568250467469,86.91440996201366,85.34894712901773,0,0,-0.08977041626012439,ICICIBANK.NS,IN,Banking
2026-03-11,1698.48,1669.94,1668.69,1669.25,9368454,1671.5220000000002,1657.684,1596.5729999999999,1500.8917999999999,1639.5882369853266,1583.7997514280498,69.1437180295705,50.27018560576399,55.78848555727677,50.886582707249474,4.901902850027298,1596.5729999999999,70.28580968558336,1737.1446193711665,1456.0013806288332,0.7585052385551048,0.17609169060366,35.121428571428524,9521124.45,0.9839649786360078,237953917.0,-0.018861603206883903,0.0007488392990859674,-0.017209504969138763,0.043502994386307,0.18194563439520217,0.012851395875175253,71.0565329112915,81.24909547498781,0,0,-0.044013778643103185,ICICIBANK.NS,IN,Banking
2026-03-12,1673.79,1626.67,1618.52,1622.14,7536729,1662.286,1659.1080000000002,1603.6680000000001,1505.2820000000002,1636.9038928337377,1586.6397698407868,59.189711387513626,41.598081783423005,50.26412299295089,50.76209076438976,-0.49796777143887283,1603.6680000000001,64.87856264226619,1733.4251252845324,1473.9108747154678,0.5711791354768506,0.16182542182602808,38.562857142857105,9725671.9,0.7749313674738125,230417188.0,-0.02822225550396884,0.005024227255350997,-0.030858112427466413,0.00885627215622864,0.09586283305409937,-0.027680540903423756,47.77624036347221,68.58239441225909,1,0,0.0064606014277435175,ICICIBANK.NS,IN,Banking
2026-03-13,1620.41,1612.05,1607.66,1609.61,11190377,1652.7279999999998,1656.318,1610.4445,1508.9468000000002,1632.704832397778,1588.341268371099,61.42230576441102,29.9747595333924,44.363564026679114,49.482385416847634,-5.11882139016852,1610.4445,57.26171150952556,1724.967923019051,1495.921076980949,0.4963566405085635,0.14222585505924598,37.039999999999964,10018163.85,1.1170086705051574,219226811.0,-0.007724364111605819,0.002727368741494614,-0.006664979850774505,-0.017038063889686206,0.09194209269510467,-0.028834318812598125,28.261924990725408,49.031566088496355,1,0,0.018383335093594244,ICICIBANK.NS,IN,Banking
2026-03-16,1611.35,1580.09,1566.23,1572.39,6168968,1634.9460000000001,1647.8379999999997,1613.6635,1511.4918,1623.4256274135046,1587.1596929362029,51.08738752478269,25.4150037596159,36.2659344773017,46.839095228938454,-10.573160751636756,1613.6635,52.8390044604225,1719.3415089208452,1507.985491079155,0.3047204881044863,0.13097899149454587,37.899285714285675,9717587.65,0.6348249779023112,213057843.0,-0.02312361379464578,0.008814607063127523,-0.024178483879961295,-0.051170958067572214,0.042692024588696365,-0.053518329019442534,3.812117086429831,26.616760813542466,1,1,0.049523337085582986,ICICIBANK.NS,IN,Banking
2026-03-17,1574.07,1576.18,1526.55,1548.61,5521694,1604.4,1635.843,1614.085,1513.204,1611.91553088835,1584.3041601261139,41.95378747281148,20.770866836125933,27.61137076223622,42.99355033559801,-15.382179573361789,1614.085,52.25233678985207,1718.5896735797041,1509.580326420296,0.18673649819952742,0.12949091724368836,37.46999999999996,9470169.45,0.58306173359319,207536149.0,-0.015123474456082864,0.032048094743006995,-0.016174630099032358,-0.07188833485160862,0.005473386227583754,-0.08977041626012439,10.960401450733018,14.344814509296066,1,1,0.077521131853727,ICICIBANK.NS,IN,Banking
2026-03-18,1544.06,1598.37,1593.72,1595.78,5308544,1589.7060000000001,1630.614,1617.4105,1516.3162,1609.4331415209117,1585.154222338994,48.29851752021562,23.596798399199628,24.278919181917672,39.25062410486194,-14.97170492294427,1617.4105,48.55606477107424,1714.5226295421485,1520.2983704578514,0.3886313166935519,0.1200834661851008,37.80857142857139,9388015.35,0.565459603188697,212844693.0,0.03045957342390926,0.002913935504892247,0.033496107664188264,-0.031728021261232864,0.04349133900488478,-0.044013778643103185,34.39658170599496,16.389700081052585,1,1,0.042330396420559246,ICICIBANK.NS,IN,Banking
2026-03-19,1589.07,1649.04,1619.48,1632.62,14524235,1591.8020000000001,1627.044,1621.0430000000001,1519.9407999999999,1613.0003505176944,1588.6702058694389,49.327169157103924,41.05057415098947,24.330144648255555,36.26652821354067,-11.936383565285112,1621.0430000000001,46.71534956803042,1714.473699136061,1527.6123008639393,0.5619550110749921,0.11527232668843852,38.232142857142826,9533436.15,1.5235045630945392,227368928.0,0.02308588903232267,0.018105866643788413,0.027405967012134488,-0.021398772417761558,0.04657140842452079,0.0064606014277435175,52.700352759712295,32.68577863881341,1,1,0.034637576410922355,ICICIBANK.NS,IN,Banking
2026-03-20,1626.74,1654.69,1626.82,1639.2,10121800,1597.72,1625.224,1624.94,1524.2372,1617.0310658226647,1592.4131535828137,47.432127665648466,55.19741652449425,24.617912239850966,33.93680501880273,-9.318892778951763,1624.94,44.671957057739704,1714.2839141154795,1535.5960858845206,0.5798039807221158,0.10996580072547234,38.54999999999997,9592373.25,1.0551923576167808,237490728.0,0.004030331614215177,0.017002196193254708,0.007659490760657743,-0.010981054663931511,0.04992121747819067,0.018383335093594244,55.9695930836391,47.688842516448766,1,1,0.060694241093216306,ICICIBANK.NS,IN,Banking
2026-03-23,1633.44,1655.96,1645.7,1650.26,11208266,1613.2939999999999,1624.12,1630.6185,1528.4256,1622.143209542255,1596.6981051692717,47.385564889422255,62.49615739317555,25.445104372983224,32.23846488963883,-6.7933605166556035,1630.6185,39.81815498052045,1710.254809961041,1550.982190038959,0.623320003205733,0.0976762007311853,37.73428571428568,9662476.2,1.1599785197940753,248698994.0,0.006747193753050329,0.006217202137841173,0.010297286707800495,-0.006645398182146489,0.07390560230104959,0.049523337085582986,61.464699160026534,56.71154833445929,1,1,0.0678135566516791,ICICIBANK.NS,IN,Banking
2026-03-24,1642.33,1686.36,1654.5,1668.66,7663476,1637.304,1620.8519999999999,1635.7885,1533.4679999999998,1629.2996388434462,1602.0286158974739,52.95926873437008,83.46659250504058,27.27102294597239,31.24497650090554,-3.97395355493315,1635.7885,37.53248982373177,1710.8534796474637,1560.7235203525365,0.7189536329301578,0.09177834377417092,37.943571428571396,9534717.1,0.8037443707958183,256362470.0,0.011149758219916928,0.019093164575156595,0.0160321007349218,-0.019208388681862476,0.06605931282981747,0.077521131853727,70.60664778620465,62.680313343290074,1,1,0.04367576378651128,ICICIBANK.NS,IN,Banking
2026-03-25,1678.66,1664.95,1662.03,1663.33,12170081,1650.8139999999999,1620.2599999999998,1638.9720000000002,1538.1168,1634.5350790213774,1606.5694591643278,49.250683244736756,95.7489232732492,27.96561985704966,30.589105172134367,-2.6234853150847073,1638.9720000000002,37.00330022266292,1712.978600445326,1564.9653995546744,0.6645664025422315,0.0903085598110043,36.57785714285712,9729853.7,1.2507978150999521,244192389.0,-0.0031941797610058886,0.0017555145401082872,-0.009132284083728105,-0.0035465029204733156,0.039802207969193315,0.042330396420559246,67.95846375481712,66.67660356701607,1,1,0.030601263729987505,ICICIBANK.NS,IN,Banking
2026-03-26,1664.05,1701.02,1679.69,1689.17,16069514,1662.1240000000003,1626.963,1643.0355,1543.9524,1642.940451479627,1612.6880177447479,54.5660984794044,94.87746275828916,30.252433734879105,30.521770884683313,-0.2693371498042083,1643.0355,37.86386257648087,1718.7632251529617,1567.3077748470382,0.8046077239611309,0.0921802665285268,36.90214285714285,9872437.1,1.6277148397618215,260261903.0,0.015535101272748042,0.012627503448431655,0.015095700249382544,0.0413219574142798,0.05054418807139749,0.034637576410922355,80.79693943418899,73.12068365840356,0,1,-0.0006216070614563085,ICICIBANK.NS,IN,Banking
2026-03-27,1690.49,1752.56,1727.6,1738.69,7706626,1682.0220000000002,1639.8709999999999,1648.0945,1549.9207999999999,1657.6711512519921,1622.0214979118034,59.833295214861124,95.43390730746155,35.649653340188706,31.547347375784398,4.102305964404309,1648.0945,43.436070564137474,1734.966641128275,1561.222358871725,1.0214301087917579,0.10542131064477463,39.20357142857142,9809980.35,0.7855902804545087,267968529.0,0.029316173031725734,0.014355635564698526,0.028512443137771612,0.0801933387590783,0.061788935640087805,0.060694241093216306,93.86310340208907,80.87283553036504,0,0,-0.013797744278738588,ICICIBANK.NS,IN,Banking
2026-03-30,1728.9,1765.19,1759.76,1762.17,21465730,1704.404,1658.8490000000002,1653.3434999999997,1556.8034,1673.747897213224,1632.402868436855,58.068709377901584,96.01137469131173,41.34502877636896,33.50688365590131,7.838145120467651,1653.3434999999997,50.38097168731454,1754.1054433746287,1552.5815566253707,1.040017869615454,0.12188869811332986,36.34499999999999,10234018.8,2.097487636285402,289434259.0,0.013504419994363692,0.003081428012051608,0.01924344959221513,0.12069524736229553,0.06334819785299217,0.0678135566516791,98.73449547394095,91.131512770073,0,0,-0.01683152022790091,ICICIBANK.NS,IN,Banking
2026-03-31,1756.54,1743.86,1739.68,1741.54,5906261,1718.98,1678.1419999999998,1656.9924999999998,1562.8745999999999,1684.1774514881126,1640.4871004044953,59.889463460012564,81.87150837988814,43.690351083617315,35.543577141444516,8.1467739421728,1656.9924999999998,54.050356917367615,1765.093213834735,1548.8917861652646,0.8910589347650638,0.13047821741458693,35.619285714285716,9745256.45,0.60606515839148,283527998.0,-0.01170715651724863,0.0024001745581482114,-0.008539515183253134,0.12458269028354474,0.043738313276118435,0.04367576378651128,90.08967482362513,94.22909123321837,0,0,-0.006339217014825982,ICICIBANK.NS,IN,Banking
2026-04-01,1735.21,1719.61,1709.92,1714.23,8620419,1729.1599999999999,1689.9869999999999,1660.3005,1568.5954000000002,1688.8009204899413,1645.9495374115697,63.31973733692032,64.97929130234692,42.851383078371555,37.00513832882992,5.846244749541633,1660.3005,55.48116972878072,1771.2628394575615,1549.3381605424386,0.7430081244812019,0.1336653689588055,34.25428571428571,9932099.6,0.8679351274392045,274907579.0,-0.015681523249537754,0.005652683712217249,-0.012090755585772285,0.07422702377520718,0.040143925925476553,0.030601263729987505,78.64565873248975,89.15660967668526,0,1,-0.02471663662402368,ICICIBANK.NS,IN,Banking
2026-04-02,1706.06,1696.4,1681.5,1688.12,6711852,1728.95,1695.5369999999998,1661.2904999999998,1573.6725999999999,1688.6961634914887,1649.073275381083,60.92632282127646,57.16929839782519,39.62288811040571,37.52868828514508,2.094199825260631,1661.2904999999998,55.80749520261201,1772.9054904052239,1549.6755095947758,0.6201877091149405,0.1343714304092594,35.55785714285714,9957143.7,0.67407396419578,268195727.0,-0.01523132835150487,0.008826386749751952,-0.010515456666230695,0.03399443838737737,0.011868226719094599,-0.0006216070614563085,67.70449212174104,78.81327522595195,0,1,-0.002262872307655761,ICICIBANK.NS,IN,Banking
2026-04-03,1694.29,1715.49,1714.07,1714.7,11329373,1724.152,1703.0870000000002,1664.1555,1579.3946000000003,1692.6967537235673,1653.9345142417435,70.4098901414106,57.35184011979494,38.762239481823826,37.77539852448083,0.9868409573429986,1664.1555,57.05414238155564,1778.2637847631113,1550.0472152368889,0.7214760308780772,0.13713656537870728,34.414285714285725,9533990.8,1.1883136924871278,279525100.0,0.015745326161647366,0.0008281332011426166,0.01204634389625627,0.046059053196681354,0.03457222155182804,-0.013797744278738588,78.8426081123079,75.06425298884622,0,0,-0.011553041348340787,ICICIBANK.NS,IN,Banking
2026-04-06,1721.26,1742.74,1724.33,1732.51,3560080,1718.22,1711.312,1667.716,1585.3528,1698.821868535326,1659.7549205942069,76.8341796533006,47.822717023675295,39.066947941119224,38.03370840780851,1.033239533310713,1667.716,59.05348542679523,1785.8229708535903,1549.6090291464095,0.7743021835669072,0.14163918899083486,32.87214285714286,9289254.15,0.3832470895150296,283085180.0,0.01038665655799842,0.01062620129176135,0.00653590974053511,0.049840631173269756,0.04286402215132723,-0.01683152022790091,80.94127252533418,75.82945758646103,0,0,-0.021546773178798384,ICICIBANK.NS,IN,Banking
2026-04-07,1730.47,1732.2,1729.14,1730.5,28004361,1716.012,1717.4959999999999,1669.1740000000002,1590.9802,1703.695427222199,1664.9952968464877,72.64201680672264,36.853466168534666,38.700130375711296,38.16699280138907,0.5331375743222253,1669.1740000000002,60.27468294574937,1789.723365891499,1548.6246341085014,0.754360525025251,0.14444194061425183,29.558571428571423,10507842.0,2.6650913037052417,255080819.0,-0.0011601664636856635,0.0017682750650090593,1.7336330592241057e-05,0.037059676626754356,0.01713943127182116,-0.006339217014825982,76.19243703193881,78.65877255652696,0,0,-0.02019069633054038,ICICIBANK.NS,IN,Banking
2026-04-08,1737.56,1674.89,1669.43,1671.86,9308536,1707.5379999999998,1718.3490000000002,1669.3044999999997,1595.1982,1698.7976691880147,1665.5037933763774,56.144691512683984,28.013378770667686,33.293875811637236,37.192369403438704,-3.8984935918014685,1669.3044999999997,60.277681518208794,1789.8598630364172,1548.7491369635823,0.5105988648498268,0.14443783388392625,30.116428571428564,10504846.1,0.8861181806253992,245772283.0,-0.033886160069344196,0.003265823693369523,-0.03781164391443302,0.0051282667901138,0.0015635764564922994,-0.02471663662402368,32.55040832526879,63.228039294180576,1,1,0.007817640233033885,ICICIBANK.NS,IN,Banking
2026-04-09,1671.97,1709.26,1664.34,1684.3,10196631,1706.774,1717.8619999999999,1672.4125,1599.4445999999998,1696.5672585437046,1666.8961049781271,56.93504736129903,39.57796503934815,29.67115356557747,35.688126235866456,-6.016972670288986,1672.4125,59.31262427750345,1791.0377485550068,1553.787251444993,0.5501052690900693,0.14186123166974177,31.334285714285702,10637841.2,0.9585243706660737,255968914.0,0.007440814422260189,0.026669833165097315,0.007374534232069087,-0.002883072751706517,0.038319750453104984,-0.002262872307655761,32.3039584899798,47.015601282395785,1,1,0.036460250549189555,ICICIBANK.NS,IN,Banking
2026-04-10,1682.88,1697.81,1692.56,1694.89,11139217,1702.812,1713.482,1676.6765,1604.5112,1696.3092187677498,1668.969726831599,56.87270935353722,52.64308581244639,27.339491936150807,34.01839937592333,-6.678907439772523,1676.6765,57.60080895585147,1791.878117911703,1561.4748820882971,0.5790505390878316,0.1374166309501376,31.102142857142844,10635283.2,1.0473831061326975,267108131.0,0.006287478477706054,0.0030975461534358583,0.007136575394557457,-0.02519137971691332,0.052981778194718165,-0.011553041348340787,36.48929442554448,33.78122041359767,1,0,0.02977774368838082,ICICIBANK.NS,IN,Banking
