Date,Open,High,Low,Close,Volume,sma5,sma10,sma20,sma50,ema12,ema26,rsi,rsi_6,macd,macd_sig,macd_hist,bb_mid,bb_std,bb_upper,bb_lower,bb_pos,bb_width,atr,vol_sma20,vol_ratio,obv,daily_ret,hlpct,co_pct,mom10,mom20,roc5,stoch_k,stoch_d,target,target_3d,ret_5d,symbol,market,sector
2024-07-22,1646.69,1651.65,1644.29,1647.56,6593408,1640.1420000000003,1648.852,1623.9755,1566.5996,1638.8921349726907,1619.3192501737421,65.13228780079004,33.20046290343322,19.572884798948508,21.33780433851152,-1.7649195395630137,1623.9755,34.45831356031449,1692.892127120629,1555.058872879371,0.6711089252673916,0.08487397392459016,25.422142857142894,11955883.4,0.5514780654787863,18978069.0,-0.0030738696872882887,0.0044672121197380735,0.0005283325944770191,0.005744284711412195,0.03192428864016428,0.0027326894167625237,44.429074446121284,57.20160803895107,0,1,-0.0008193935273980157,INFY.NS,IN,IT Services
2024-07-23,1646.5,1655.45,1653.96,1654.62,51669708,1645.312,1650.503,1625.8545,1570.1126000000002,1641.3122893062111,1621.9867826323805,63.1375775218326,60.653016048699406,19.32550667383066,20.935340210247364,-1.609833536416705,1625.8545,35.079236244910085,1696.0129724898202,1555.6960275101796,0.7050037506408705,0.08630350685104617,24.7571428571429,13704908.05,3.7701605907410234,70647777.0,0.004285124669207718,0.0009005088781708844,0.004931673246276926,0.010078688244379297,0.023239994063226632,0.015870871884919202,52.59798289221738,53.59910711628809,1,0,0.007185939974133193,INFY.NS,IN,IT Services
2024-07-24,1659.95,1637.62,1630.34,1633.57,11306771,1646.6619999999998,1646.9,1627.8285,1573.6029999999998,1640.1209667825476,1622.8607748899606,54.948301329394326,53.9370078740157,17.260191892587045,20.20030383260987,-2.940111940022824,1627.8285,34.299850740045045,1696.4282014800901,1559.22879851991,0.5418478497397281,0.08428369632310519,26.030000000000037,13067981.6,0.8652269708409315,59341006.0,-0.012721954285576098,0.0044564971198023445,-0.015892044941103176,-0.021580019166267395,0.024766481189895106,0.004149199050909047,22.960805084441624,39.99595414092676,1,1,0.00204460170056997,INFY.NS,IN,IT Services
2024-07-25,1626.48,1676.67,1663.06,1669.11,7235334,1651.5,1647.477,1633.398,1577.4217999999998,1644.581455131288,1626.3456261929405,59.47465249386748,72.36382866208349,18.235828938347595,19.807405982653158,-1.5715770443055632,1633.398,31.222199693232678,1695.8423993864653,1570.9536006135345,0.7859503842625994,0.07645950268878399,27.0078571428572,13135475.3,0.5508238783849809,66576340.0,0.021756031268938658,0.008154046168312439,0.02620997491513801,0.0034689239722485166,0.0715083583699252,0.014705882352941124,70.02118643975064,48.526658138803214,0,0,-0.02823660513686932,INFY.NS,IN,IT Services
2024-07-26,1671.34,1656.98,1634.78,1644.65,9410633,1649.902,1644.5729999999999,1637.7835,1580.9198,1644.5920017703174,1627.7230930357155,51.5185496682553,49.86621742146468,16.868908734601973,19.219703097328008,-2.3507943627260346,1637.7835,25.56500368513441,1688.913507370269,1586.653492629731,0.5671474575556747,0.06243805407764542,28.655000000000054,12687947.05,0.7416985759174826,57165707.0,-0.014654516478841861,0.013498312710902956,-0.015969222300659267,-0.01735088337744739,0.0563348619728441,-0.004834688740439574,37.63241525373908,43.53813559264378,0,0,-0.008603654272945627,INFY.NS,IN,IT Services
2024-07-29,1644.66,1677.3,1621.33,1646.21,13557070,1649.632,1644.887,1641.6555,1583.8573999999999,1644.840950032774,1629.112657338395,51.879001577433456,46.60686015831131,15.728292694378979,18.521417750993635,-2.793125056614656,1641.6555,19.76987859691403,1681.1952571938282,1602.115742806172,0.5575939297896509,0.04817059022895367,31.48428571428576,12909736.6,1.0501429556554271,70722777.0,0.0009485300823883769,0.03399930750023753,0.0009424440309845269,0.0019110567413440638,0.04936351409065698,-0.0008193935273980157,39.69809321981335,49.117231637767695,1,0,0.02197775496443355,INFY.NS,IN,IT Services
2024-07-30,1647.87,1678.83,1656.65,1666.51,6921092,1652.0099999999998,1648.661,1645.131,1587.79,1648.1749385150556,1631.9205577931211,49.243944213359455,58.615986178048615,16.254380721934467,18.06800864877695,-1.8136279268424822,1645.131,17.484074528128026,1680.0991490562562,1610.162850943744,0.8056924740969281,0.04251108155670873,31.075714285714316,13097485.35,0.5284290294373928,77643869.0,0.012331355051907078,0.013309251069592458,0.011311571907971375,0.023170858991754528,0.043525360050094,0.007185939974133193,66.57838982962686,47.96963276772643,0,0,-0.000894084043900123,INFY.NS,IN,IT Services
2024-07-31,1665.0,1641.75,1633.05,1636.91,15863785,1652.6779999999999,1649.67,1646.3215,1590.9279999999999,1646.4417441518967,1632.294801976357,44.196056041108555,43.317485472794544,14.146942175539834,17.28379300685028,-3.136850831310447,1646.3215,15.929810609436052,1678.181121218872,1614.461878781128,0.3522973651240816,0.038704009172998904,31.90571428571432,12948070.45,1.2251851606827517,61780084.0,-0.01776166959694203,0.005314892083251205,-0.01687087087086069,0.0062022842109146215,0.014760399231293908,0.00204460170056997,27.38347457590868,44.55331920844963,1,1,0.030844701296955934,INFY.NS,IN,IT Services
2024-08-01,1649.3,1647.74,1601.36,1621.98,10964182,1643.252,1647.3759999999997,1646.613,1593.7615999999998,1642.678165733341,1631.5218386544102,38.868558143539836,45.41498536276606,11.156327078930872,16.05829688678618,-4.901969807855309,1646.613,15.392937922781554,1677.3988758455632,1615.827124154437,0.099930173764245,0.03739297071691341,32.8971428571429,13259736.7,0.8268777443463305,50815902.0,-0.009120843540573409,0.02859468057557523,-0.016564603164969,-0.013945966977117474,0.003607338427744855,-0.02823660513686932,26.616754872510576,40.19287309268203,1,1,0.026066905880467006,INFY.NS,IN,IT Services
2024-08-02,1622.44,1644.83,1619.04,1630.5,18200785,1640.422,1645.1619999999998,1646.5364999999997,1596.4542,1640.8045035539135,1631.4453308761936,47.00956368653948,30.57260742678875,9.359172677719926,14.718469478373521,-5.3592968006535955,1646.5364999999997,15.47282176659844,1677.4821435331967,1615.5908564668027,0.24089244608796995,0.03758877320141787,32.180714285714316,13995312.6,1.300491401636045,69016687.0,0.005252839122553921,0.01581723397729785,0.004967826237022618,-0.013396747022945132,-0.0009374827668608976,-0.008603654272945627,37.614560474537164,30.53826330765214,1,1,0.03841153020545862,INFY.NS,IN,IT Services
2024-08-05,1611.93,1696.4,1671.18,1682.39,3840090,1647.658,1648.645,1648.7485000000001,1600.5141999999998,1647.2025560349066,1635.2566501036438,60.82095576364226,64.88170347003155,11.945905931262814,14.163955919161822,-2.2180499878990076,1648.7485000000001,17.268829928664235,1683.2861598573286,1614.2108401426717,0.9870263378871432,0.04189560731343499,34.881428571428614,13569674.7,0.2829905507616516,72856777.0,0.031824593682919344,0.01499057887884797,0.04371157556466864,0.021140353006870782,0.027006073924854324,0.02197775496443355,85.25883838294133,49.830051243329684,1,0,0.007584448314600145,INFY.NS,IN,IT Services
2024-08-06,1675.41,1681.55,1651.8,1665.02,5310535,1647.3600000000001,1649.685,1650.0939999999998,1604.1013999999998,1649.9438041466292,1637.48168913403,57.25739037920816,56.5949091929037,12.46211501259927,13.823587320558625,-1.361472307959355,1650.0939999999998,17.443765105403585,1684.981530210807,1615.2064697891926,0.7139159738321427,0.04228550641452676,35.36500000000006,13326441.55,0.39849607125646597,67546242.0,-0.01032459774487493,0.017867653241391775,-0.0062014671035710055,0.006285431095961691,0.016427468240838516,-0.000894084043900123,66.9823232316184,63.28524069636563,1,1,0.0005825755846777803,INFY.NS,IN,IT Services
2024-08-07,1664.95,1715.79,1664.68,1687.4,15965719,1657.458,1655.068,1650.984,1607.4908000000003,1655.7064788297157,1641.2109169885236,57.9413744111269,57.21888174718365,14.495561841192057,13.957982356499578,0.5375794846924791,1650.984,18.885841926242552,1688.755683852485,1613.212316147515,0.9820542306405846,0.04575657165964314,35.87000000000004,13369610.7,1.194179708300728,83511961.0,0.013441279984624854,0.030289202323082617,0.013483888405049138,0.03295236812625113,0.01066123622424553,0.030844701296955934,75.19007253276958,75.81041138244309,0,1,-0.020096005689226093,INFY.NS,IN,IT Services
2024-08-08,1693.87,1699.8,1635.83,1664.26,8755821,1665.914,1654.5829999999999,1651.03,1610.87,1657.022440526778,1642.9317473879619,52.053874434389115,59.89293206973878,14.09069313881605,13.984524533788864,0.10616860502718595,1651.03,18.918613223903396,1688.8672264478068,1613.192773552193,0.6748278248879421,0.045834692825428916,37.41000000000003,12422317.0,0.7048459876812041,74756140.0,-0.013713405238829024,0.038437503755399755,-0.017480680335552563,-0.002905740184888872,0.0005531039955752881,0.026066905880467006,54.96810276977224,65.71349951138673,0,1,-0.008634468172040388,INFY.NS,IN,IT Services
2024-08-09,1665.17,1702.15,1685.91,1693.13,26543236,1678.44,1659.431,1652.002,1614.9858000000002,1662.5775759906405,1646.6773258026253,57.42981054553758,73.37845830321346,15.900250188015207,14.367669905138381,1.5325802828768254,1652.002,20.571317947694183,1693.1446358953883,1610.8593641046116,0.9998221322471262,0.04980942625416127,39.52000000000003,13545484.35,1.9595633020266787,101299376.0,0.017347049138956683,0.009591702940701786,0.016791078388382716,0.029477396406530243,0.01161505416176234,0.03841153020545862,80.19750065472184,70.11855865242121,0,0,-0.03750450349352974,INFY.NS,IN,IT Services
2024-08-12,1696.54,1714.69,1679.51,1695.15,14616462,1680.9919999999997,1664.325,1654.6060000000002,1618.6956,1667.5888145625047,1650.2921910013415,56.71849617080532,72.19056772156239,17.296623561163187,14.95346093050893,2.3431626306542572,1654.6060000000002,22.57939941394799,1699.7647988278961,1609.4472011721043,0.9489047655316039,0.05458556155105035,41.46928571428574,14059993.25,1.039578092288338,115915838.0,0.001193056646565882,0.020753325664383274,-0.0008193146050190702,0.02972889242563226,0.03169676276725886,0.007584448314600145,81.9627719996334,72.37612514137582,0,0,-0.05512196560776339,INFY.NS,IN,IT Services
2024-08-13,1691.33,1670.08,1662.72,1665.99,12393965,1681.1860000000001,1664.273,1656.4669999999999,1622.0434,1667.3428390868548,1651.4622736343174,55.23342157938917,43.330079713681464,15.88056545253744,15.138881909404638,0.741683543132801,1656.4669999999999,21.860305795517576,1700.187611591035,1612.7463884089648,0.6089074426550785,0.05278778459336492,42.05142857142861,14086292.1,0.8798599398730387,103521873.0,-0.017202017520573487,0.004417793624208718,-0.014982292042348293,-0.00031202933075713535,0.022851599673373135,0.0005825755846777803,56.47994407011734,72.88007224149085,0,0,-0.020444300385956682,INFY.NS,IN,IT Services
2024-08-14,1660.48,1671.3,1639.25,1653.49,23866294,1674.404,1665.931,1657.8005,1624.4881999999998,1665.2116037147996,1651.613346137507,47.27589815137777,45.11730329465574,13.598257577292543,14.830756943954674,-1.2324993666621307,1657.8005,20.74144071405334,1699.2833814281066,1616.3176185718935,0.44804483377175036,0.050045685748172405,41.26214285714288,14345151.2,1.6637184232872761,79655579.0,-0.007503046236772115,0.019383243926471023,-0.004209626132200207,0.010128840314983734,0.01639394647225889,-0.020096005689226093,45.55623525259505,61.33298377411526,0,0,-0.014805048715141877,INFY.NS,IN,IT Services
2024-08-15,1649.42,1661.47,1640.63,1649.89,4278307,1671.53,1668.7220000000002,1658.0490000000002,1627.0608,1662.854406436709,1651.485006094781,50.98555522118568,31.110887299828832,11.369400341927985,14.13848544555935,-2.7690851036313653,1658.0490000000002,20.608344732933578,1699.2656894658674,1616.832310534133,0.40102310367311456,0.049717094568185,40.29857142857145,13675925.35,0.31283489618968296,75377272.0,-0.0021772130463443284,0.012631145106635768,0.00028494864861572085,0.01720736383925825,0.003021423534275147,-0.008634468172040388,42.41020711314871,48.148795478620364,0,0,-0.0335658740885757,INFY.NS,IN,IT Services
2024-08-16,1646.52,1637.37,1623.43,1629.63,13216903,1658.8300000000004,1668.6350000000002,1656.8985,1629.3594,1657.7429088784877,1649.8580791073175,47.08652562029945,32.04024478788516,7.884829771170189,12.887754053420993,-5.002924282250804,1656.8985,21.547112219502967,1699.992724439006,1613.804275560994,0.18361769639481068,0.05201794127881699,38.19071428571431,14025505.0,0.9423476771533233,62160369.0,-0.012279606519222441,0.008554088964974425,-0.010257998688135957,-0.0005335786568536616,-0.013923177461516167,-0.03750450349352974,24.70505986170859,37.557167409150786,0,0,-0.032743628921902634,INFY.NS,IN,IT Services
2024-08-19,1631.81,1609.15,1595.76,1601.71,11938331,1640.1420000000003,1660.5670000000002,1654.6060000000002,1630.6646000000003,1649.1223894160198,1646.2751649340212,38.91018619934285,2.116069557930004,2.847224481998637,10.879647808701725,-8.032423326703087,1654.6060000000002,24.788298045647636,1704.1825960912954,1605.029403908705,-0.03347752942294431,0.05992556063650829,38.28000000000004,14292751.15,0.8352716729926644,50222038.0,-0.017132723378926573,0.008359815447235604,-0.01844577493702175,-0.0479555869923145,-0.027829032023112932,-0.05512196560776339,4.957094059777119,24.02412034487814,0,0,-0.007223529852470101,INFY.NS,IN,IT Services
2024-08-20,1600.62,1650.65,1616.96,1631.93,7451421,1633.3300000000002,1657.2580000000003,1653.4715,1632.4688,1646.4773877510167,1645.2080402271206,49.14953207186283,24.437975092996936,1.2693475238961582,8.95758749871989,-7.688239974823732,1653.4715,25.301543176358308,1704.0745863527168,1602.8684136472834,0.28715231072925734,0.061208295822076236,39.38571428571432,12081836.8,0.6167456576846281,57673459.0,0.018867335535146745,0.020644267830102644,0.019561170046594828,-0.019873635151529623,-0.013713118419939163,-0.020444300385956682,30.134133133132334,19.93209568487268,0,0,-0.03668049487416747,INFY.NS,IN,IT Services
2024-08-21,1628.33,1647.86,1613.92,1629.01,10176045,1628.434,1651.4189999999999,1653.2435,1633.7193999999997,1643.7900812706075,1644.0034612322986,51.25191437831676,31.020324368712792,-0.2133799616910892,7.123393813474554,-7.336773775165643,1653.2435,25.510007587320008,1704.2635151746401,1602.22348482536,0.26250987071140647,0.06172111388867911,38.497142857142876,12025300.5,0.8462195313772383,47497414.0,-0.0017892924328862803,0.020834740118218422,0.0004176057678723883,-0.03460353206115929,-0.002791432261855853,-0.014805048715141877,27.701407981107216,20.93087839133889,0,0,-0.024229439966605537,INFY.NS,IN,IT Services
2024-08-22,1633.59,1596.23,1593.12,1594.51,14748995,1617.3580000000002,1644.444,1649.5135000000002,1633.9368,1636.2084919738923,1640.3239172763836,44.133659331703356,25.305643945737742,-4.115425302491303,4.875629800907639,-8.991055103398942,1649.5135000000002,28.362381919679546,1706.2382638393594,1592.788736160641,0.015172067037760265,0.06877756846406506,39.21857142857146,12400983.55,1.1893406479568591,32748419.0,-0.021178507191484397,0.001950442455674895,-0.023922771319594274,-0.041910518789131546,-0.04469447789540526,-0.0335658740885757,1.1331213825619695,19.656220832267174,1,0,0.002834726655837727,INFY.NS,IN,IT Services
2024-08-23,1594.43,1583.75,1570.29,1576.27,10471670,1606.6860000000001,1632.7580000000003,1646.0945,1634.1276,1626.987146066558,1635.5631754133185,30.571219333577474,22.542145308071014,-8.576029346760606,2.185297790045971,-10.761327136806578,1646.0945,32.76008072655509,1711.61466145311,1580.5743385468897,-0.03284743544120645,0.07960680441259038,36.24142857142859,12454035.4,0.8408253889477952,22276749.0,-0.011439250929752731,0.008539146212255195,-0.011389650219820684,-0.06902009887013993,-0.041577235278022706,-0.032743628921902634,4.109965635710597,10.981498333126595,1,1,0.00582387535130402,INFY.NS,IN,IT Services
2024-08-26,1577.63,1606.36,1577.15,1590.14,13180849,1604.372,1622.257,1643.291,1633.9252000000001,1621.3183338433169,1632.1879878453278,36.11275964391696,34.534346361713816,-10.869654002010975,-0.42569270914974655,-10.443961292861228,1643.291,35.06755539031083,1713.4261107806217,1573.1558892193782,0.12108137130934365,0.08535933170762704,36.20571428571429,12435224.35,1.05996060618234,35457598.0,0.008799253934922424,0.018369451746375436,0.007929615942896661,-0.06194732029613903,-0.034060053091646836,-0.007223529852470101,13.642611683755128,6.295232900675899,0,1,-0.014388670179984242,INFY.NS,IN,IT Services
2024-08-27,1588.85,1593.41,1555.0,1572.07,17106439,1592.4,1612.865,1638.569,1633.0508,1613.7416438906669,1627.7219293980243,28.26340985336803,37.421490409098624,-13.980285507357394,-3.136611385729232,-10.843674121628162,1638.569,38.01128542946029,1714.5915708589205,1562.5464291410794,0.06263646934889441,0.09279141843751972,35.29857142857145,12944491.7,1.3215225498949064,18351159.0,-0.011363779289873976,0.024432754266652028,-0.0105610976492365,-0.05637488820461112,-0.05666932691673021,-0.03668049487416747,10.68946083029184,9.480679383252522,0,1,-0.01830707284026789,INFY.NS,IN,IT Services
2024-08-28,1576.87,1598.04,1582.73,1589.54,6412073,1584.5059999999999,1606.47,1636.2005,1632.1438,1610.0183044112457,1624.8860690323388,35.609737308373795,29.82773389169128,-14.867764621093102,-5.482842113767452,-9.38492250732565,1636.2005,39.56420052136329,1715.3289010427266,1557.0720989572733,0.20515959260310318,0.09672213282257068,32.584285714285734,12471906.1,0.5141212926449716,24763232.0,0.011112736710197302,0.009631717352183848,0.008034904589466499,-0.038675770642701224,-0.02893867103261638,-0.024229439966605537,21.629406975880556,15.320493163309175,0,0,-0.034475382815154054,INFY.NS,IN,IT Services
2024-08-29,1580.21,1613.11,1587.76,1599.03,9995287,1585.41,1601.384,1635.053,1631.2122,1608.3277923329122,1622.9660595039961,30.41541791541792,36.57291293443214,-14.638267171083953,-7.31392717578149,-7.324339995302463,1635.053,40.3238740959394,1715.700748191879,1554.4052518081212,0.2766645640584404,0.09864848196581956,31.688571428571436,12423461.35,0.8045492245565504,34758519.0,0.005970280710142495,0.015853361100157004,0.011909809455697678,-0.030826297510743172,-0.014149372988569553,0.002834726655837727,27.572171081297665,19.963679629156687,0,0,-0.03682857732500322,INFY.NS,IN,IT Services
2024-08-30,1591.98,1588.26,1583.2,1585.45,3842034,1587.2459999999999,1596.966,1632.8004999999998,1630.7233999999999,1604.8081254427143,1620.180718285033,28.21683876092139,45.006613756613795,-15.372592842318682,-8.925660344685003,-6.446932497633679,1632.8004999999998,41.822012772801074,1716.444525545602,1549.1564744543978,0.21695228863416183,0.10245467899544475,30.30642857142857,11705523.8,0.3282239853099111,30916485.0,-0.008492648668255054,0.0031915229114741895,-0.004101810324247711,-0.027110448383989016,-0.027629561484207255,0.00582387535130402,26.182287188081027,25.127955081753083,0,0,-0.0425242044845312,INFY.NS,IN,IT Services
2024-09-02,1590.73,1575.59,1560.59,1567.26,7758288,1582.6699999999998,1593.5210000000002,1627.044,1630.1368,1599.0314816889081,1616.2523414499674,29.50213843790229,45.03143266791664,-17.220859761059273,-10.584700257272555,-6.636159503786718,1627.044,42.55413090220542,1712.152261804411,1541.9357381955892,0.14877675367439774,0.10461703777446528,29.76571428571429,11901433.7,0.6518783823600697,23158197.0,-0.011473083351729807,0.009570843382712779,-0.014754232333573437,-0.021508263043871878,-0.0684324086567325,-0.014388670179984242,10.541702493460514,21.43205358761307,0,0,-0.006272092696808396,INFY.NS,IN,IT Services
2024-09-03,1558.51,1550.95,1537.16,1543.29,10381225,1576.914,1584.657,1620.9575,1628.6618000000003,1590.4558577277646,1610.8370994274314,28.160919540229912,26.753994244318733,-20.381241699666816,-12.54400857344579,-7.837233126221026,1620.9575,45.44393502177273,1711.8453700435455,1530.0696299564545,0.07272901233761284,0.11214096611846938,29.62642857142857,12154968.2,0.8540725055889077,12776972.0,-0.015294207725584763,0.008935456071114975,-0.009765737788009227,-0.054316055222956905,-0.0731102329101152,-0.01830707284026789,4.931220336216372,13.885070005919303,1,0,0.00846244063008239,INFY.NS,IN,IT Services
2024-09-04,1534.88,1546.42,1525.39,1534.74,6063202,1565.9540000000002,1575.23,1613.3245000000002,1627.4747999999997,1581.884177671788,1605.1900189326773,27.619047619047635,29.545205479452093,-23.305841260889338,-14.696375135273074,-8.609466125616263,1613.3245000000002,46.50493527573135,1706.3343705514628,1520.3146294485375,0.07754752514897514,0.11530212372204723,29.640000000000004,11659842.35,0.5200071577290959,6713770.0,-0.0055401123573664,0.013702646702364095,-9.121234233295686e-05,-0.05786950356351406,-0.09047054640274987,-0.034475382815154054,7.464473894240192,7.64579890797236,1,1,0.03263093422990204,INFY.NS,IN,IT Services
2024-09-05,1535.23,1542.44,1538.3,1540.14,25316878,1554.176,1569.7930000000001,1607.1185,1627.1231999999998,1575.4619903824077,1600.3633805629472,31.540080036305156,18.80525385198294,-24.901390180539465,-16.737378162789792,-8.164012017749673,1607.1185,47.61839994604007,1702.3552998920802,1511.8817001079199,0.14835809227081043,0.11851870274907657,28.300000000000004,12487895.2,2.027313295573357,32030648.0,0.0035185112787834427,0.0026880673185537755,0.0031982178566057748,-0.034098249619005094,-0.07457969307680279,-0.03682857732500322,11.775506945459242,8.057067058638602,1,1,0.04260002337449831,INFY.NS,IN,IT Services
2024-09-06,1555.38,1539.0,1501.26,1518.03,4521216,1540.6920000000002,1563.9689999999998,1598.3635,1626.345,1566.6262924424586,1594.255098498175,32.31465043537074,5.882352941176549,-27.628806055716268,-18.915663757139352,-8.713142298576916,1598.3635,47.06574933844644,1692.494998676893,1504.232001323107,0.07329108146987792,0.11778484515798077,28.657857142857146,11386794.2,0.39705781307105625,27509432.0,-0.01435583778098104,0.02486116875158933,-0.024013424372163795,-0.03694798479955841,-0.10341793010578049,-0.0425242044845312,11.2256509805795,10.155210606759645,1,1,0.09442501136341175,INFY.NS,IN,IT Services
2024-09-09,1511.68,1566.23,1550.39,1557.43,9019637,1538.726,1560.6979999999999,1591.4775000000002,1626.1182000000001,1565.2114772569505,1591.5233741369054,34.8429361979167,38.08876041489547,-26.31189687995493,-20.39491039026672,-5.91698648968821,1591.4775000000002,41.957431670306455,1675.3923633406132,1507.5626366593872,0.29713069505876805,0.10545529338688141,28.605,11106952.95,0.8120711619588555,36529069.0,0.025954691277511044,0.010170601567961159,0.03026434165959048,-0.02057051580364,-0.08124354776863407,-0.006272092696808396,38.31514324666914,20.438767057569294,1,1,0.058570850696339605,INFY.NS,IN,IT Services
2024-09-10,1562.65,1565.63,1548.92,1556.35,9838422,1541.3380000000002,1559.126,1585.9955,1625.3051999999998,1563.8481722779118,1588.914455501631,35.10577238438836,44.572679335389495,-25.06628322371921,-21.329184961284483,-3.7370982624347278,1585.9955,38.749449907810586,1663.4943998156211,1508.4966001843788,0.30873599450547756,0.09772902863289622,27.37428571428573,10979175.8,0.896098330432205,26690647.0,-0.0006934501069070231,0.010736659491752691,-0.004031612965152882,-0.009999554727206816,-0.06581071915197578,0.00846244063008239,49.253464460891756,32.931419562713465,1,1,0.06549940566068058,INFY.NS,IN,IT Services
2024-09-11,1552.03,1615.16,1560.56,1584.82,6291086,1551.354,1558.654,1582.5620000000001,1624.7395999999999,1567.0746088853919,1588.610787068097,47.96334440287527,69.77430720883716,-21.536178182705044,-21.37058360572199,-0.1655945769830538,1582.5620000000001,35.34713069573099,1653.2562613914622,1511.867738608538,0.5159701788733629,0.08934153782463802,29.011428571428592,10100415.4,0.6228541231230823,32981733.0,0.01829280046262083,0.03445186204109343,0.021127168933576565,-0.002969412534443938,-0.04153033885901947,0.03263093422990204,73.36259877020741,53.643735492589435,1,1,0.04580330889312356,INFY.NS,IN,IT Services
2024-09-12,1584.17,1607.38,1604.44,1605.75,19941578,1564.476,1559.326,1580.355,1624.5316,1573.0246715119342,1589.8818133999766,56.12686008812036,80.2453360592894,-16.857141888042406,-20.467895259510257,3.610753371467851,1580.355,32.15601777191027,1644.6670355438205,1516.0429644561796,0.6974358281817957,0.08138935308051642,28.892857142857174,10883578.95,1.8322627381443548,52923311.0,0.013206547115760747,0.001830920130778903,0.013622275387102586,0.004202547794600386,-0.026753298704762174,0.04260002337449831,91.73836698778098,71.45147673962673,1,1,0.027065234314183506,INFY.NS,IN,IT Services
2024-09-13,1610.27,1661.49,1661.28,1661.37,9317959,1593.144,1566.9180000000001,1581.942,1625.1184,1586.6162652553692,1595.1828534719805,62.61467077533377,86.16431000536947,-8.566588216611308,-18.087633845285865,9.521045628674557,1581.942,35.34135293630475,1652.6247058726094,1511.2592941273906,1.061863040034787,0.08936194357639499,30.72500000000004,10688631.75,0.8717634161394496,62241270.0,0.0346380196170013,0.00012640170461721952,0.03173380861592663,0.04788545838720859,0.01947681375526944,0.09442501136341175,99.92510765711829,88.34202447170223,1,0,0.008896272353539736,INFY.NS,IN,IT Services
2024-09-16,1670.69,1671.61,1630.28,1648.65,11711199,1611.3880000000001,1575.057,1584.289,1625.3283999999999,1596.15991957393,1599.1472736693236,63.82410282330856,91.27796738718243,-2.9873540953935844,-15.067577889577947,12.080223794184363,1584.289,38.16875863568927,1660.6265172713786,1507.9514827286214,0.9215554965605987,0.09636817180619245,30.933571428571458,10677275.15,1.0968339523559105,50530071.0,-0.007656331822531892,0.02506899584507012,-0.013192154139898347,0.05193139619463283,0.029306179021171053,0.058570850696339605,86.5218667444291,92.72844712977614,1,1,0.03304521881539446,INFY.NS,IN,IT Services
2024-09-17,1650.09,1678.04,1642.48,1658.29,4199351,1631.7759999999998,1586.557,1585.607,1625.7319999999997,1605.718395874973,1603.5322011066528,62.77168864945198,89.25735637552548,2.18619476832032,-11.61682335276105,13.80301812108137,1585.607,40.29625111203569,1666.1995022240712,1505.0144977759287,0.9509290442240432,0.1016550787477861,31.61857142857145,10514671.65,0.3993800986281774,54729422.0,0.005847208321960284,0.021443776420275406,0.00496942591009889,0.07451613112247202,0.016152653606466005,0.06549940566068058,88.82792171009827,91.75829870388189,1,1,0.022215655886485663,INFY.NS,IN,IT Services
2024-09-18,1664.74,1678.83,1640.28,1657.41,4198947,1646.2939999999999,1598.824,1587.027,1625.4882,1613.6709520378215,1607.526510077162,61.20365394948954,89.39653828161568,6.144441960659606,-8.064570285763889,14.209012246423494,1587.027,42.35407867018269,1671.7351573403655,1502.3188426596346,0.9154440505433201,0.10675074506018119,32.5614285714286,10215816.75,0.4110240709805145,50530475.0,-0.0005306671330104207,0.023259181494003713,-0.004403089972004952,0.07992884788302912,0.017433901572120547,0.04580330889312356,87.93715154537409,87.76231333330048,1,1,0.03195346956999168,INFY.NS,IN,IT Services
2024-09-19,1663.45,1674.58,1628.91,1649.21,5170662,1654.986,1609.731,1589.7620000000002,1625.2056,1619.1384988567006,1610.6165834598821,62.494121335632535,79.81294564311527,8.521915396818486,-4.7472731460252096,13.269188542843695,1589.7620000000002,44.57082909612302,1678.9036581922462,1500.6203418077541,0.8334467924691213,0.1121446583730017,34.692857142857164,9736900.1,0.5310377446475245,45359813.0,-0.004947478294447416,0.027692046494971624,-0.008560521807082538,0.07081823730310233,0.034305209750957966,0.027065234314183506,83.31925437808577,86.6947758778527,1,1,0.019209197130747535,INFY.NS,IN,IT Services
2024-09-20,1647.59,1677.65,1674.96,1676.15,8653298,1657.9420000000002,1625.5430000000001,1594.756,1625.2548000000002,1627.909500360863,1615.4744149767948,70.63013906255921,80.87719298245631,12.435085384068088,-1.3108014373361798,13.745886821404268,1594.756,48.40980168258669,1691.5756033651735,1497.9363966348267,0.9203384292542847,0.12142246633981962,34.94857142857144,9645981.5,0.8970882955676106,54013111.0,0.016335093772169795,0.0016048682993756223,0.01733440965287653,0.1041613143350264,0.06336477887671532,0.008896272353539736,98.49073604720125,89.91571399022037,1,1,0.016012886674820148,INFY.NS,IN,IT Services
2024-09-23,1672.01,1707.61,1699.55,1703.13,13182220,1668.8380000000002,1640.113,1600.4055,1626.4560000000001,1639.4818864036224,1621.9717611699502,79.94155552225388,74.46110590440509,17.51012523367217,2.4533838992055106,15.05674133446666,1600.4055,54.101244510931274,1708.6079890218625,1492.2030109781376,0.9746864001357203,0.13521884175203702,35.04571428571429,9646050.05,1.3665923943041955,67195331.0,0.016096411419025847,0.0047324631707475135,0.018612328873620076,0.09355155608919818,0.07105663652257044,0.03304521881539446,97.82893142671283,93.21297395066661,0,0,-0.009858319681997352,INFY.NS,IN,IT Services
2024-09-24,1705.93,1711.51,1682.02,1695.13,10618610,1676.2060000000001,1653.991,1606.5585,1627.7832,1648.0431355774863,1627.394243621346,80.1066186132072,78.8194444444445,20.648891956140233,6.0924855124022645,14.556406443737968,1606.5585,57.59412920328068,1721.7467584065614,1491.3702415934388,0.8844640991380349,0.14339752758021523,35.65000000000001,9321658.6,1.13913299301339,56576721.0,-0.004697233916377441,0.017396895813290195,-0.006330857655351406,0.08917017380409309,0.07827895704389776,0.022215655886485663,92.2092746725698,96.17631404882798,0,1,-0.013845545769351042,INFY.NS,IN,IT Services
2024-09-25,1702.85,1718.64,1703.76,1710.37,17863782,1686.798,1666.5459999999998,1612.6,1629.4542000000001,1657.6318848299063,1633.544117723421,80.81532167553671,80.19480519480523,24.087767106485217,9.69154183265077,14.396225273834446,1612.6,61.8920088371245,1736.384017674249,1488.8159823257508,0.8949217428715124,0.15352104387222165,36.77928571428572,9894244.05,1.8054719596822597,74440503.0,0.008990460908602671,0.008699871957524636,0.004416125906565796,0.07922035310003661,0.07601570265611435,0.03195346956999168,96.19560217087029,95.41126942338433,1,0,0.00039757479375812643,INFY.NS,IN,IT Services
2024-09-26,1709.66,1683.5,1678.8,1680.89,13074839,1693.134,1674.06,1616.693,1630.1736,1661.2100566723127,1637.053080704563,78.71500105790261,60.22291884360854,24.15697596774976,12.584628660591399,11.57234730715836,1616.693,63.629735112809215,1743.9524702256185,1489.4335297743814,0.7522287727798682,0.15743183180175807,36.25714285714285,10048221.65,1.3012091247798931,61365664.0,-0.01723603664704121,0.00279613776035151,-0.01682790730319663,0.04679433286626189,0.051193536081249436,0.019209197130747535,77.7574829125751,88.72078658533842,1,0,0.011993646223131815,INFY.NS,IN,IT Services
2024-09-27,1682.92,1715.86,1692.71,1702.99,28192497,1698.502,1678.2220000000002,1622.5700000000002,1631.1806,1667.6377406834074,1641.9396960929423,77.33213159080674,70.8870591890633,25.698044590465088,15.207311847233948,10.49073274323114,1622.5700000000002,65.97702359234766,1754.5240471846955,1490.6159528153048,0.8047272960359894,0.16264820277043704,35.31214285714283,11265744.8,2.502497171558762,89558161.0,0.013147796702936976,0.013593738072440983,0.011925700568053152,0.025051614029385494,0.07413668043773058,0.016012886674820148,90.77893000182189,88.24400502842242,1,1,0.0032119977216542583,INFY.NS,IN,IT Services
2024-09-30,1702.02,1693.03,1680.99,1686.34,12059286,1695.1440000000002,1681.991,1628.524,1631.9561999999999,1670.5150115074227,1645.2301032954267,73.06013837147425,54.301392992823914,25.284908211996026,17.222831120596933,8.062077091399093,1628.524,66.09594289643158,1760.715885792863,1496.3321142071368,0.7186821061387824,0.16234564033785434,35.689999999999976,11480794.7,1.050387648654004,77498875.0,-0.009776921767009839,0.007139722713090376,-0.009212582695850138,0.022861128802353248,0.07597973533427771,-0.009858319681997352,79.56730769180426,82.70124020206708,1,1,0.029264561120533328,INFY.NS,IN,IT Services
2024-10-01,1683.44,1690.54,1656.55,1671.66,8545680,1690.45,1683.3280000000002,1634.9424999999999,1632.2969999999998,1670.6911635914882,1647.1886978354578,66.19786614936963,35.17663683466783,23.50246575603046,18.478758047888306,5.023707708142155,1634.9424999999999,63.56792329759035,1762.0783465951806,1507.8066534048191,0.6444026251552394,0.15552332463692514,33.91714285714282,11389017.45,0.7503438542590122,68953195.0,-0.008705243307992383,0.020333082086057976,-0.006997576391194801,0.00806252223676207,0.0831794413234066,-0.013845545769351042,58.86164623416058,76.40262797592892,1,1,0.03997822523718941,INFY.NS,IN,IT Services
2024-10-02,1660.79,1720.15,1703.77,1711.05,9586724,1690.586,1688.6920000000002,1643.7580000000003,1633.8466,1676.900215593735,1651.921009041752,68.37568058076232,55.78740729969461,24.979206551982998,19.77884774887674,5.200358803106258,1643.7580000000003,61.118644894042774,1765.9952897880858,1521.5207102119148,0.7752515215114963,0.14872905839912093,35.769285714285665,11565193.55,0.8289289002924728,78539919.0,0.023563404041491598,0.009573069168049172,0.030262706302404116,0.03236374825782384,0.11487939325227714,0.00039757479375812643,90.02630425153397,76.15175272583294,1,1,0.01454077905379747,INFY.NS,IN,IT Services
2024-10-03,1709.43,1718.33,1687.22,1701.05,7707753,1694.618,1693.8759999999997,1651.8035,1634.4854,1680.6155671659596,1655.5615073110641,58.23578248235788,46.47770219198792,25.054059854895513,20.833890170190532,4.220169684704981,1651.8035,57.22778505098708,1766.2590701019742,1537.3479298980258,0.7151336975361211,0.1385825494399363,34.00999999999994,10684737.3,0.721379671039767,70832166.0,-0.00584436457146198,0.01828870403573182,-0.004902218868274926,0.031433231668495765,0.10447751503110103,0.011993646223131815,79.06619903464401,75.98471650677952,1,1,0.010763939919461452,INFY.NS,IN,IT Services
2024-10-04,1702.99,1719.55,1699.6,1708.46,9102872,1695.712,1697.107,1661.325,1635.7616,1684.8993261855594,1659.4812239139153,62.69366271913073,62.505669962805044,25.418102271644102,21.750732590557746,3.667369681086356,1661.325,49.057859877794606,1759.4407197555893,1563.2092802444108,0.740201061138191,0.11811743007001058,32.48285714285709,10913820.1,0.8340682806317945,79935038.0,0.004356132976691018,0.011677182960085906,0.003211997721652397,0.019276317751991234,0.12544547867960443,0.0032119977216542583,87.18763700035956,85.42671342884586,1,1,0.005285461760883958,INFY.NS,IN,IT Services
2024-10-07,1720.9,1756.84,1718.76,1735.69,8611029,1705.5819999999999,1700.363,1670.238,1637.5511999999999,1692.7132761915525,1665.1280655127246,65.28556758037766,64.17302357836343,27.585210678827934,22.917628208289678,4.667582470538257,1670.238,45.232702143004175,1760.7034042860084,1579.7725957139917,0.8617515475430271,0.10832636341162662,33.39857142857137,10893389.7,0.7904819754605883,88546067.0,0.015938330426231717,0.02193940162124457,0.008594340170835824,0.019117742039656438,0.11445779264557632,0.029264561120533328,83.46752130005896,83.24045244502084,1,0,0.0013654512038439037,INFY.NS,IN,IT Services
2024-10-08,1727.59,1739.48,1737.7,1738.49,17482162,1718.9479999999999,1704.699,1679.345,1638.9908000000003,1699.755849228828,1670.5638400784255,65.8918071344571,75.68712442123939,29.192009150402555,24.17250439677926,5.019504753623295,1679.345,39.00273910758778,1757.3504782151756,1601.3395217848245,0.8791079892874404,0.09289988443724086,30.915714285714234,11275576.7,1.5504449053639178,106028229.0,0.001613191295680716,0.0010238770427203774,0.006309367384618909,0.02557915912053943,0.11703023098917353,0.03997822523718941,85.65621824368287,85.43712551470047,0,0,-0.0028530506358966923,INFY.NS,IN,IT Services
2024-10-09,1740.21,1745.55,1728.24,1735.93,6217483,1723.9240000000002,1707.2549999999999,1686.9005000000002,1640.9712,1705.3211032896884,1675.4070625233423,67.38154413533238,85.9492113211769,29.914040766346034,25.320811670741673,4.593229095604361,1686.9005000000002,34.04968080459112,1754.9998616091825,1618.8011383908179,0.8599850192467068,0.08073903779048254,28.889999999999954,11271896.55,0.551591510872098,99810746.0,-0.0014725422636885366,0.009971600237330984,-0.002459473281958794,0.014944134894788963,0.09534836763796517,0.01454077905379747,79.15046365461026,82.75806773278403,0,1,-0.01883140449211662,INFY.NS,IN,IT Services
2024-10-10,1728.23,1726.15,1713.93,1719.36,11382414,1727.586,1711.102,1692.5810000000001,1642.9188000000001,1707.4809335843597,1678.663635495216,59.03634614580282,56.241550247859344,28.817298089143605,26.020108954445956,2.79718913469765,1692.5810000000001,28.883694526037942,1750.348389052076,1634.8136109479242,0.7317830218631428,0.06825952678429192,28.42999999999995,10843938.35,1.0496567375213142,88428332.0,-0.009545315767340967,0.007107295737944887,-0.005132418717413183,0.02288668502995428,0.07075198505371305,0.010763939919461452,62.62837770403199,75.81168653410838,0,1,-0.020804252745207474,INFY.NS,IN,IT Services
2024-10-11,1722.48,1741.11,1698.6,1717.49,19826840,1729.3919999999998,1712.5520000000001,1695.387,1644.6586000000002,1709.0207899750274,1681.540316683287,53.35545378072716,64.0657084188912,27.48047329174028,26.31218182191281,1.168291469827473,1695.387,28.414180503473837,1752.2153610069477,1638.5586389930522,0.6944715596900931,0.06703880707698502,29.21928571428568,11369382.4,1.7438799715382982,68601492.0,-0.001087613995905401,0.024751235815041274,-0.0028969857414873393,0.008514436373672218,0.033779350776768746,0.005285461760883958,60.76378502282624,67.51420879382283,0,0,-0.002212531077327884,INFY.NS,IN,IT Services
2024-10-14,1717.15,1744.17,1733.18,1738.06,7447966,1729.866,1717.7240000000002,1699.8575,1645.7720000000002,1713.4883607948195,1685.72784163957,59.47472964025601,70.67039106145248,27.76051915524954,26.601849288586493,1.1586698666630468,1699.8575,27.69844929632022,1755.2543985926404,1644.4606014073597,0.8448072091551203,0.06517828534757503,29.018571428571395,11156220.75,0.6676064860399534,76049458.0,0.011976780068588377,0.006323141893832023,0.01217715400517583,0.03066997165458929,0.0542322506293027,0.0013654512038439037,81.27430451609061,68.22215574764961,0,0,-0.032754910647503466,INFY.NS,IN,IT Services
2024-10-15,1741.9,1746.35,1723.28,1733.53,10603637,1728.8740000000003,1723.911,1703.6195,1647.1422,1716.5716899305921,1689.2694327554864,55.36508524833213,47.791411042944695,27.30225717510575,26.74193086589279,0.5603263092129609,1703.6195,26.85223218693021,1757.3239643738605,1649.9150356261396,0.7784731246084247,0.06304748727498004,28.98714285714282,11476435.05,0.9239485981364397,65445821.0,-0.002606354211016848,0.013308105426491973,-0.004805097881620824,0.03701111470035756,0.045372039872398684,-0.0028530506358966923,76.75740352899837,72.9318310226384,0,0,-0.023183907979671514,INFY.NS,IN,IT Services
2024-10-16,1732.19,1707.36,1699.95,1703.24,11291015,1722.336,1723.1299999999999,1705.911,1647.4589999999998,1714.5206606951444,1690.304476440549,55.15808908377566,26.927608325697037,24.21618425459542,26.236781543626243,-2.0205972890308246,1705.911,24.558857100952707,1755.0287142019056,1656.7932857980945,0.47281021680392815,0.0575853185797814,29.130714285714248,11831038.45,0.9543552827896284,54154806.0,-0.017473017484554654,0.004350531927382814,-0.01671294719400489,-0.00456444873031181,0.027651576857868454,-0.01883140449211662,46.554990527006204,68.19556619069839,0,0,-0.001960968507080607,INFY.NS,IN,IT Services
2024-10-17,1713.35,1694.83,1674.6,1683.59,23337457,1715.182,1721.384,1707.6299999999999,1647.8455999999999,1709.7620974811286,1689.807024664488,45.47152194211015,22.004706889174088,19.955072816640723,24.98043979821507,-5.025366981574347,1707.6299999999999,21.37846456993975,1750.3869291398794,1664.8730708601204,0.21887597538200343,0.05007750992879543,28.678571428571413,12739378.2,1.8319147765065351,30817349.0,-0.01153683567788455,0.012015989641176297,-0.017369480841615912,-0.010264248552364741,0.02084634461348145,-0.020804252745207474,26.961810748559532,50.09140160152137,1,1,0.021638284855576506,INFY.NS,IN,IT Services
2024-10-18,1691.94,1737.84,1694.37,1713.69,24232394,1714.422,1721.907,1709.507,1648.2567999999999,1710.3663901795792,1691.5764077992385,56.0070283329673,47.35071488645928,18.78998238034069,23.7423483146291,-4.952365934288412,1709.507,20.077490433443312,1749.6619808668868,1669.3520191331133,0.5520856928473519,0.04697843397758913,30.98214285714284,13518333.0,1.7925577219796462,55049743.0,0.01787846209587851,0.025366314794376264,0.012855065782466958,0.0030612364351521038,0.022396563553381155,-0.002212531077327884,56.97477315727428,43.49719147761334,1,0,0.01643237691764554,INFY.NS,IN,IT Services
2024-10-21,1710.74,1695.52,1669.62,1681.13,12765559,1703.036,1716.4510000000002,1708.407,1647.9764000000002,1705.868483977703,1690.8024889059325,51.92848124465443,36.79738562091508,15.06599507177043,22.00707766604493,-6.941082594274498,1708.407,21.025541885494746,1750.4580837709893,1666.3559162290105,0.17566828778151974,0.04922841427243601,31.702142857142853,13497499.95,0.9457720393788897,42284184.0,-0.018999935811027657,0.015406304093071138,-0.017308299332442448,-0.03143418467583492,-0.012917393270038158,-0.032754910647503466,13.196514560729476,32.37769948885443,1,1,0.042043149548220526,INFY.NS,IN,IT Services
2024-10-22,1688.3,1707.21,1682.24,1693.34,6551750,1694.998,1711.9360000000001,1708.3174999999999,1648.5234,1703.9410248968125,1690.990477635257,45.944584382871525,32.71223132828203,12.950547261555357,20.19577158513663,-7.245224323581272,1708.3174999999999,21.08874777919457,1750.494995558389,1666.1400044416107,0.32244678350344397,0.04937898904432519,30.10142857142856,13294156.95,0.4928292581328929,48835934.0,0.007262971929594908,0.014746004936979746,0.002985251436354308,-0.025970813752164257,-0.0010559662090814381,-0.023183907979671514,27.195597339747838,32.455628352583865,1,1,0.029621930622320436,INFY.NS,IN,IT Services
2024-10-23,1690.1,1704.27,1696.41,1699.9,11829150,1694.33,1708.333,1707.7940000000003,1649.4516,1703.3193287568222,1691.6505233499697,49.73244614024479,37.2002740351679,11.66880540685247,18.49037834947198,-6.8215729426195075,1707.7940000000003,21.16492988039066,1750.1238597607817,1665.464140239219,0.4067561285931688,0.049572559407933925,28.66,12992425.35,0.9104650418126096,60665084.0,0.003874000496061125,0.004623801400079578,0.005798473463105369,-0.020755445208044065,-0.006121482486245555,-0.001960968507080607,34.7168080711454,25.03630665720757,1,1,0.0023648449908817426,INFY.NS,IN,IT Services
2024-10-24,1696.66,1734.88,1708.14,1720.02,6566950,1701.616,1708.399,1709.7505,1650.8542000000002,1705.888662801295,1693.752205156111,52.53931991916351,56.922442244224406,12.13645764518401,17.219594208609724,-5.083136563425715,1709.7505,20.339516755366873,1750.4295335107338,1669.0714664892664,0.6262259585968766,0.047584759894159875,29.733571428571427,12667030.9,0.5184284725769105,67232034.0,0.011835990352373704,0.015546330856608913,0.013768226987131264,0.0003838637632607167,0.023279334162259246,0.021638284855576506,57.784911716833555,39.899105709242264,1,1,0.001529051987767538,INFY.NS,IN,IT Services
2024-10-25,1715.65,1755.54,1730.9,1741.85,20019394,1707.248,1710.8349999999998,1711.6935,1653.0986000000003,1711.4211762293448,1697.315380101553,51.38601386013857,73.60998541092562,14.105796127791791,16.59683459244431,-2.4910384646525188,1711.6935,21.483643049630818,1754.6607860992617,1668.7262139007385,0.8509239556052287,0.050204415801352896,28.815000000000005,12258375.75,1.6331194911267513,87251428.0,0.012691712887059392,0.014145879381109583,0.015271180019225684,0.014183488695712843,0.0228186894814415,0.01643237691764554,84.06657355581854,58.85609778126584,0,0,-0.02025432729569132,INFY.NS,IN,IT Services
2024-10-28,1742.23,1755.49,1748.86,1751.81,15939913,1721.384,1712.2099999999998,1714.9669999999999,1656.1006,1717.6348414370557,1701.352412354384,52.90347894323828,68.46183649748158,16.282429082671797,16.533953490489658,-0.2515244078178611,1714.9669999999999,22.38609650747173,1759.7391930149433,1670.1948069850564,0.9114495797290034,0.05221347467900824,29.518571428571445,12452407.1,1.2800667045276166,103191341.0,0.0057180583861986545,0.003784657011888461,0.005498699942025122,0.007911119293925406,0.03882372475301543,0.042043149548220526,95.65875232663338,79.17007919976182,0,0,-0.0298091688025528,INFY.NS,IN,IT Services
2024-10-29,1749.67,1749.06,1739.05,1743.5,14911584,1731.416,1713.2069999999999,1718.559,1658.332,1721.6140966072105,1704.4747378542456,51.60974779908985,89.479680972275,17.13935875296488,16.65503454298493,0.4843242099799525,1718.559,20.777259304591933,1760.1135186091838,1677.0044813908162,0.8000997344448579,0.048359723011150164,29.19357142857145,12770702.3,1.1676399999050953,88279757.0,-0.004743665123500773,0.005741324921132348,-0.0035263792600870713,0.005751270528920882,0.04297524616249704,0.029621930622320436,85.9869646172488,88.57076349990024,0,0,-0.01961571551476915,INFY.NS,IN,IT Services
2024-10-30,1740.39,1725.26,1686.85,1703.92,13368564,1732.22,1713.275,1718.2025,1659.8302,1718.891927894574,1704.43364272503,47.00937475788335,54.97367431365183,14.45828516954407,16.215684668296095,-1.7573994987520258,1718.2025,20.973126884551945,1760.148753769104,1676.2562462308963,0.32975237694707094,0.048825739421377155,31.668571428571454,12959794.3,1.0315412929400203,74911193.0,-0.022701462575279607,0.022542138128537455,-0.020955073288159015,0.00039923909725003703,-0.004167031939452337,0.0023648449908817426,39.920856610336294,73.85552451807281,1,0,0.002183201089253073,INFY.NS,IN,IT Services
2024-10-31,1700.63,1724.3,1721.33,1722.65,9013835,1732.7459999999999,1717.181,1719.2825,1662.3929999999998,1719.4700928345594,1705.7831070046927,50.93818181818183,59.59672656711383,13.686985829866671,15.709944900609603,-2.0229590707429317,1719.2825,20.596132716955903,1760.474765433912,1678.0902345660882,0.5408753920667697,0.04791797210044063,30.08785714285716,13025098.4,0.6920357936001624,83925028.0,0.010992300107986352,0.0017240878878462271,0.01294814274709198,0.023200422905814477,0.012698039446224385,0.001529051987767538,61.72020484099505,62.54267535619338,0,0,-0.018622471192639378,INFY.NS,IN,IT Services
2024-11-01,1717.64,1716.28,1698.8,1706.57,4973454,1725.69,1716.4690000000003,1719.188,1664.999,1717.4854631657022,1705.8413995536673,44.17951277217108,44.12612455236263,11.64406361203487,14.896768642893875,-3.252705030859005,1719.188,20.652660743574867,1760.4933214871498,1677.8826785128504,0.3472593900004756,0.0480521286643761,29.885714285714307,12818627.5,0.3879864370825631,78951574.0,-0.00933445563521329,0.010242767656755818,-0.006444889499542231,-0.00415477711838208,-0.0011062594383246527,-0.02025432729569132,43.00512104233003,48.21539416455379,1,1,0.02161059903783613,INFY.NS,IN,IT Services
2024-11-04,1700.43,1712.43,1689.32,1699.59,4930151,1715.2459999999999,1718.315,1717.3830000000003,1667.1879999999999,1714.7323149840138,1705.3783021801316,43.78297186400937,28.793657165796887,9.354012803882142,13.788217475090676,-4.4342046712085335,1717.3830000000003,20.71196021117268,1758.8069204223457,1675.9590795776548,0.2852327855635864,0.04824074818758692,29.888571428571463,12634583.6,0.3902107711558637,74021423.0,-0.004090075414427741,0.013597397019273197,-0.0004939926959649333,0.010980709403793698,-0.020798644919311715,-0.0298091688025528,34.88128491579514,46.53553693304007,1,0,0.041857153784147894,INFY.NS,IN,IT Services
2024-11-05,1703.56,1712.92,1706.41,1709.3,6624631,1708.4059999999997,1719.911,1715.9235,1669.9326,1713.8965742166388,1705.6688161705124,51.20057056819081,28.61454874735891,8.227758046126382,12.676125589297131,-4.448367543170749,1715.9235,20.167648996656993,1756.2587979933141,1675.588202006686,0.41789449526918143,0.047012932678281445,28.44214285714291,12091707.05,0.5478656094413394,80646054.0,0.005713142581446062,0.00380857661030608,0.003369414637580502,0.009425159743465583,-0.016790433076980582,-0.01961571551476915,46.182495343969045,41.3563004340314,1,1,0.016714444509448256,INFY.NS,IN,IT Services
2024-11-06,1723.95,1724.76,1693.94,1707.64,4017849,1709.15,1720.685,1714.509,1672.2946,1712.9340243365677,1705.8148380975135,55.13033832501391,30.666379124433945,7.1191862390542155,11.564737719248,-4.445551480193785,1714.509,19.676712631934475,1753.862425263869,1675.155574736131,0.4127267835727735,0.04590635017237708,28.597857142857183,11981725.35,0.3353313940440645,76628205.0,-0.0009711577838880103,0.018048300578565674,-0.009460831230598616,0.004553209012294834,-0.016296740075924743,0.002183201089253073,44.25046554883342,41.77141526953253,1,1,0.004737532500995512,INFY.NS,IN,IT Services
2024-11-07,1690.89,1702.63,1680.91,1690.57,11290633,1702.734,1717.7400000000002,1713.0695,1674.1254,1709.493405206086,1704.685531323596,44.77773762197322,40.49551473729169,4.807873882489957,10.213364951895858,-5.405491069405901,1713.0695,20.344904567036867,1753.7593091340739,1672.3796908659262,0.2235241393479224,0.047505146912078064,26.6321428571429,11977136.3,0.9426821048465395,65337572.0,-0.009996252137452921,0.012847737745249934,-0.00018924944851526383,-0.017121893931465904,-0.01674460264284383,-0.018622471192639378,24.383147113310283,38.272036002037574,0,1,-0.006772863590386646,INFY.NS,IN,IT Services
2024-11-08,1696.98,1751.96,1736.64,1743.45,31490428,1710.1100000000001,1717.9,1714.3674999999998,1677.2854,1714.7174967151275,1707.557113553795,62.89308176100628,59.96359455834446,7.160383161332447,9.602768593782983,-2.4423854324505356,1714.3674999999998,21.440401575916727,1757.2483031518334,1671.4866968481663,0.8391086204260793,0.050025217057379535,27.869285714285752,12560315.7,2.507136464162564,96828000.0,0.03127939097464183,0.00878717485445017,0.027383940883199946,0.0009185635961765914,0.015115080728272057,0.02161059903783613,83.80008039550054,50.811231019214745,0,0,-0.04011586222719321,INFY.NS,IN,IT Services
2024-11-11,1741.88,1782.46,1761.35,1770.73,7942674,1724.3380000000002,1719.792,1716.0009999999997,1681.3548,1723.33480491599,1712.2367980352635,65.07108081791627,77.7556670704274,11.098006880726416,9.901816251171747,1.1961906295546694,1716.0009999999997,24.383078666626275,1764.7671573332523,1667.2348426667472,1.061137097853932,0.05683698008710264,28.792857142857184,12585051.1,0.6311196756984423,104770674.0,0.015647136424904673,0.011921636839037124,0.016562564585380937,0.010800258018849096,0.018796819442366886,0.041857153784147894,88.44903988096058,65.54408912992379,0,0,-0.049962444867371114,INFY.NS,IN,IT Services
2024-11-12,1774.8,1742.19,1734.43,1737.87,7403600,1730.0520000000001,1719.229,1716.218,1685.2463999999998,1725.570988775769,1714.1356331646589,56.70729553082491,63.53032659409017,11.435355611110026,10.208524123159464,1.2268314879505624,1716.218,24.56591725391182,1765.3498345078237,1667.0861654921764,0.720345934730278,0.05725593660921286,30.605000000000036,12425049.25,0.595860769255239,97367074.0,-0.018557318168213155,0.004465236179918824,-0.02080797836374761,-0.0032291367938056537,0.002503562095839129,0.016714444509448256,56.09059576508018,76.11323868051376,0,0,-0.053939592719823515,INFY.NS,IN,IT Services
2024-11-13,1736.04,1734.18,1700.97,1715.73,9368635,1731.67,1720.4099999999999,1716.8425,1688.8662,1724.0569905021725,1714.253738986136,49.24755323253938,52.0891545909416,9.803251516036426,10.127469601734843,-0.32421808569841737,1716.8425,24.37666180569438,1765.5958236113888,1668.0891763886111,0.4885905214446891,0.056794171406358424,30.74214285714288,12328930.25,0.7598902784051131,87998439.0,-0.012739733121579833,0.019356192407885088,-0.011699039192638561,0.006931076576365047,0.007333082830370374,0.004737532500995512,34.28852781847077,59.609387821503844,0,0,-0.013020696729671877,INFY.NS,IN,IT Services
2024-11-14,1725.59,1706.28,1657.4,1679.12,12147999,1729.3799999999999,1716.057,1716.6190000000001,1691.6458000000002,1717.1436073464417,1711.6511464665123,39.53976988494248,42.448633764033005,5.492460879929467,9.20046785737365,-3.7080069774441817,1716.6190000000001,24.71572095054056,1766.0504419010813,1667.187558098919,0.12069688281436934,0.05759162854547496,32.37142857142859,11769457.35,1.0321629627076254,75850440.0,-0.021337856189493798,0.029110486445263456,-0.02692991962167902,-0.025269207325922416,-0.0026550407165639722,-0.006772863590386646,17.36766352137065,35.91559570164053,1,0,0.007104912096812743,INFY.NS,IN,IT Services
2024-11-15,1674.63,1685.23,1664.13,1673.51,10452630,1715.3919999999998,1712.7510000000002,1714.61,1694.7554,1710.4307446764844,1708.8257825388034,36.75126903553301,45.1911151200812,1.6049621376810137,7.681366713434964,-6.07640457575395,1714.61,26.532557557198416,1767.6751151143967,1661.544884885603,0.11273993365028963,0.061897592005605774,32.90428571428572,11080469.15,0.9433381308283204,65397810.0,-0.003341035780646928,0.012608230605127725,-0.0006688044523264538,-0.019372191003006023,-0.02344648098547586,-0.04011586222719321,12.881816727867495,21.51266935590297,1,1,0.014860980812782865,INFY.NS,IN,IT Services
2024-11-18,1688.14,1684.52,1680.45,1682.26,8655971,1697.6979999999999,1711.018,1714.6665,1697.2519999999997,1706.0967839563295,1706.857886289639,39.65330810299386,27.03939962476545,-0.761102333309509,5.992872904085931,-6.75397523739544,1714.6665,26.45861102989555,1767.5837220597912,1661.749277940209,0.19380006414945808,0.06172304883749728,32.77928571428572,10874989.75,0.7959520333385112,74053781.0,0.0052285316490490175,0.002419364426424879,-0.0034831234376275816,-0.010196576821468684,0.0006721669353351167,-0.049962444867371114,19.878458339837778,16.709312863025303,1,1,0.010093564609513495,INFY.NS,IN,IT Services
2024-11-19,1686.11,1653.23,1636.86,1644.13,71191656,1678.95,1704.5010000000002,1712.2060000000001,1699.0076000000001,1696.5634325771375,1702.2112439097496,39.848551733505396,6.072172102706446,-5.6478113326120365,3.6647360567461837,-9.31254738935822,1712.2060000000001,30.522296319761313,1773.2505926395227,1651.1614073604776,-0.05759238497946419,0.07130519650028896,31.975714285714293,14106985.05,5.046553228852169,2862125.0,-0.02266593748885426,0.0099566335995269,-0.02489754523724721,-0.038126718539753024,-0.029060909209018715,-0.053939592719823515,4.993131868097714,12.584468978600993,1,1,0.02547852055494393,INFY.NS,IN,IT Services
2024-11-20,1655.71,1706.13,1683.2,1693.39,3978890,1674.482,1703.0759999999998,1711.8805,1701.1789999999999,1696.0752121805988,1701.5578012102,45.49873853916682,36.1433021806854,-5.482589029601286,1.8352710394765934,-7.317860069077879,1711.8805,30.694664455770948,1773.269828911542,1650.491171088458,0.34939972200223185,0.07172151199982253,34.94857142857144,13714472.05,0.2901234327774628,6841015.0,0.029961134460170458,0.013540885442802025,0.022757608518386256,-0.00834485020261877,-0.003829637037472744,-0.013020696729671877,38.82554945028289,21.232379886072792,0,1,-0.009879590643620206,INFY.NS,IN,IT Services
2024-11-21,1699.51,1700.98,1683.11,1691.05,15266815,1676.868,1703.1240000000003,1710.432,1702.885,1695.3021026142776,1700.7794265668888,47.5070675918787,41.22956645344703,-5.4773239526111865,0.37275204105897597,-5.8500759936701625,1710.432,30.972637601595064,1772.37727520319,1648.48672479681,0.3435554613586938,0.0724323155824421,34.52142857142859,14149465.3,1.0789675508821135,-8425800.0,-0.0013818435209845825,0.010567398953306852,-0.004977905396258368,0.00028392790597253637,-0.016842827408983685,0.007104912096812743,37.21840659315098,27.012362637177194,0,0,-0.007640223529759571,INFY.NS,IN,IT Services
2024-11-22,1686.45,1714.73,1685.31,1698.38,13308782,1681.842,1698.6169999999997,1708.2585,1703.6252000000002,1695.7756252890433,1700.6016872488258,49.8058595128839,58.64297253634904,-4.826061959782464,-0.6670107591093468,-4.159051200673117,1708.2585,30.16660689099017,1768.5917137819802,1647.9252862180197,0.4181338156780871,0.07063710062844111,34.97214285714286,13813934.7,0.963431587422258,4882982.0,0.004334585021140702,0.017322389571228315,0.00707403124906934,-0.02585104247325698,-0.02495622470361958,0.014860980812782865,42.25274725245716,39.43223443196367,1,0,0.007984078945818984,INFY.NS,IN,IT Services
2024-11-25,1699.5,1704.17,1695.3,1699.24,5926915,1685.238,1691.468,1705.6299999999999,1704.6369999999997,1696.3086060138428,1700.5008194159886,48.33872778915384,62.060560607481015,-4.192213402145853,-1.3720512877166668,-2.8201621144291864,1705.6299999999999,28.411338729824156,1762.4526774596482,1648.8073225403516,0.4437724489049165,0.0666295473925939,34.65357142857143,13313284.8,0.44518799408632836,10809897.0,0.0005063648888941064,0.005219980697249887,-0.00015298617240355275,-0.040373179423175753,-0.030008962159138175,0.010093564609513495,42.84340659311238,40.77152014624017,1,0,0.021939219886537575,INFY.NS,IN,IT Services
2024-11-26,1704.95,1695.94,1678.07,1686.02,15916384,1693.616,1686.2830000000001,1702.756,1705.1916,1694.7257435500815,1699.4281453424358,46.561048546160194,51.691560194349464,-4.702401792354294,-2.0381213886442064,-2.664280403710088,1702.756,27.262946591332835,1757.2818931826657,1648.2301068173344,0.34653162907134927,0.06404428254269387,33.96428571428573,13363524.8,1.19103178593781,-5106487.0,-0.0077799486829406295,0.010598925279646457,-0.011102964896324796,-0.02983537318671703,-0.0329681674792085,0.02547852055494393,33.7637362635044,39.61996336969131,1,1,0.044228419591701096,INFY.NS,IN,IT Services
2024-11-27,1677.34,1690.87,1665.29,1676.66,5713062,1690.27,1682.3759999999997,1701.393,1705.5766,1691.9463983883918,1697.7415858006343,47.7317940188501,69.74626684472497,-5.795187412242512,-2.7895345933638804,-3.005652818878632,1701.393,27.87621870830851,1757.1454374166171,1645.640562583383,0.27818906987458075,0.0655374007258574,33.88214285714287,12980749.7,0.4401179971817809,-10819549.0,-0.005551535568973032,0.01525652189471012,-0.0004054037941022279,-0.02277164821970823,-0.015998403680923978,-0.009879590643620206,27.335164834977196,34.64743589719799,1,1,0.021053761645175584,INFY.NS,IN,IT Services
2024-11-28,1684.16,1691.11,1667.75,1678.13,7247406,1687.6860000000001,1682.277,1699.1670000000001,1706.1550000000002,1689.8207986362418,1696.288851609561,37.2031972415955,27.935222672064896,-6.468052973319345,-3.5252382693549826,-2.9428147039643626,1699.1670000000001,27.86697103627543,1754.900942072551,1643.4330579274492,0.31127299435479844,0.06560148834401576,31.16571428571428,12892428.25,0.5621443297817593,-3572143.0,0.0008767430486802397,0.013920256475950002,-0.0035804199125952355,-0.0005895945495257848,-0.025843903288538028,-0.007640223529759571,28.34478021958566,29.81456043935575,1,1,0.006566833320422072,INFY.NS,IN,IT Services
2024-11-29,1675.98,1712.63,1711.39,1711.94,13395640,1690.398,1686.1200000000001,1699.4355,1706.8708,1693.2237526923261,1697.4482137667078,38.76981852913086,65.8137774413324,-4.224461074381679,-3.6650828303603227,-0.5593782440213566,1699.4355,27.967741469316177,1755.3709829386323,1643.5000170613678,0.6117760975900317,0.06582830938696922,30.843571428571426,13313537.55,1.0061667639817664,9823497.0,0.020147426003944924,0.0007243244506228517,0.02145610329477594,0.022963711002623288,0.0031466626039367007,0.007984078945818984,71.28073673149837,42.3202272620204,1,1,0.00817785670058524,INFY.NS,IN,IT Services
2024-12-02,1711.62,1740.43,1733.39,1736.52,6155084,1697.854,1691.5459999999998,1701.282,1707.5385999999999,1699.884713816785,1700.3424613727598,49.7336962954196,72.89315726290516,-0.45774755597471994,-3.0236157754831967,2.5658682195084768,1701.282,29.171671297948546,1759.625342595897,1642.9386574041027,0.8019881826386484,0.06858750353658347,30.285714285714285,13374784.2,0.46020058699709065,15978581.0,0.01435797983574183,0.004054085181855614,0.014547621551504157,0.03225422942945788,0.02172876987979455,0.021939219886537575,96.22477551321586,65.2834308214333,0,0,-0.011073871881694397,INFY.NS,IN,IT Services
2024-12-03,1736.35,1761.11,1760.16,1760.59,6791910,1712.768,1703.1920000000002,1703.8465,1708.8478,1709.2239886144414,1704.8053008613401,58.78230227094752,78.80011266547744,4.418687753101267,-1.5351550697662941,5.953842822867561,1703.8465,32.02824333795951,1767.9029866759192,1639.790013324081,0.9429176726951884,0.0751904431248725,29.406428571428574,13383148.15,0.507497146140675,22770491.0,0.013861055444221781,0.0005395918413709487,0.013960319060089297,0.07083381484432483,0.03000643538290526,0.044228419591701096,99.58148893280016,89.02900039250478,0,0,-0.027025031381525455,INFY.NS,IN,IT Services
2024-12-04,1748.38,1724.83,1701.66,1711.96,14207120,1719.828,1705.0489999999998,1704.0625,1708.8796,1709.6449134429981,1705.3352850463068,56.14015406476707,59.13895152198426,4.309628396691323,-0.3661983764747644,4.675826773166087,1704.0625,32.069713680138676,1768.2019273602773,1639.9230726397227,0.5615650959516482,0.07527825694214814,29.44928571428571,13892611.7,1.0226384559039785,8563371.0,-0.027621422364093817,0.013534194724167802,-0.02083071185896615,0.010966168454992653,0.002529807219320279,0.021053761645175584,60.44265593512733,85.41630679371445,1,1,0.005058529404892598,INFY.NS,IN,IT Services
2024-12-05,1720.56,1690.41,1688.15,1689.15,16834663,1722.032,1704.859,1703.9915,1709.0448,1706.4918498363254,1704.1363614886209,52.74752301314035,54.01943747184142,2.3554883477045223,0.17813896836109527,2.177349379343427,1703.9915,32.102712178417015,1768.1969243568342,1639.786075643166,0.3844217591499754,0.07535885520179698,29.642857142857142,14169813.2,1.1880651900149828,-8271292.0,-0.01332390943713635,0.0013379510404633412,-0.018255684195832518,-0.001123562283788071,-0.0008399533885019572,0.006566833320422072,42.08450704191497,67.36955063661415,1,1,0.02982565195512521,INFY.NS,IN,IT Services
2024-12-06,1696.46,1728.41,1723.97,1725.94,6738784,1724.8319999999999,1707.6150000000002,1703.116,1709.5038,1709.4838729384755,1705.751462729549,56.98522356553447,62.536053280192995,3.732410208926467,0.8889932164741721,2.843416992452295,1703.116,31.195927433253416,1765.507854866507,1640.724145133493,0.6829084906046725,0.07326788646982392,31.660714285714285,12932231.0,0.5210843727517416,-1532508.0,0.021780185300299015,0.002572511211280509,0.017377362272015043,0.01622722829990919,-0.01004330494135186,0.00817785670058524,71.69416498936273,58.07377598880168,1,0,0.018164014971551623,INFY.NS,IN,IT Services
2024-12-09,1738.86,1729.46,1707.55,1717.29,7390421,1720.986,1709.42,1700.4440000000002,1710.1228000000003,1710.684815563341,1706.6061774783661,62.91757892506531,51.616021265027456,4.078638084974955,1.5269221901743302,2.5517158948006244,1700.4440000000002,27.122518785373266,1754.6890375707467,1646.1989624292537,0.6552768765011353,0.06380102793236894,29.982857142857142,12904618.35,0.5726957765708913,-8922929.0,-0.005011761706664286,0.012758474107452629,-0.012404678927566068,0.010622395894635206,-0.030179643423898672,-0.011073871881694397,54.26841995351425,56.015697328263975,1,1,0.04559509459671918,INFY.NS,IN,IT Services
2024-12-10,1712.64,1737.19,1693.67,1713.01,20087193,1711.47,1712.119,1699.2009999999998,1710.9498,1711.0425362459082,1707.080538959374,54.11838790931988,41.905942298423184,3.9619972865341424,2.0139372094462935,1.948060077087849,1699.2009999999998,25.85718609267742,1750.9153721853547,1647.4866278146449,0.6335122076883423,0.06086904631685657,28.662857142857142,13538798.0,1.4836761370044713,-29010122.0,-0.0024922989128218775,0.025405572646963286,0.00021604073243628247,0.016008113782754574,-0.014304867452686332,-0.027025031381525455,49.80171154195579,58.58809882827759,1,1,0.03532962446220389,INFY.NS,IN,IT Services
2024-12-11,1706.73,1721.63,1719.82,1720.62,7454936,1713.202,1716.5149999999999,1699.4454999999998,1711.1412,1712.51599220809,1708.0834703335524,56.07261674949686,34.4800807641531,4.432521874537542,2.497654142464544,1.9348677320729983,1699.4454999999998,26.044150262477512,1751.5338005249548,1647.3571994750448,0.7032558154700432,0.061300348289985596,28.002142857142854,13443113.05,0.5545542477935014,-21555186.0,0.004442472606698056,0.0010519463914165366,0.00813836986517594,0.02621879212243372,0.0028500987917678966,0.005058529404892598,57.74368607746037,53.937939190976806,1,1,0.04102590926526495,INFY.NS,IN,IT Services
2024-12-12,1726.54,1744.77,1735.34,1739.53,22298283,1723.2779999999998,1722.655,1702.466,1711.9107999999999,1716.6719934068785,1710.4128608243136,58.06704567731816,63.917213528520925,6.2591325825649164,3.2499498304846197,3.0091827520802967,1702.466,27.046578030458047,1756.559156060916,1648.3728439390839,0.8425941717785751,0.0635468268510317,27.625714285714285,13950627.25,1.5983712418112783,743097.0,0.010990224453975905,0.005421004524207483,0.007523717956139149,0.03658834536060973,0.03597717852208304,0.02982565195512521,77.47860571824803,61.6746677792214,1,1,0.01753347168488051,INFY.NS,IN,IT Services
2024-12-13,1745.75,1765.63,1750.62,1757.29,16828833,1729.548,1727.19,1706.655,1712.8874000000003,1722.9209174981697,1713.8852662424213,60.672917815774966,86.24468085106376,9.035651255748462,4.40709011553739,4.6285611402110725,1706.655,28.759526476589322,1764.1740529531787,1649.1359470468212,0.940158498787153,0.06740560095994216,28.856428571428573,14269437.4,1.1793619712461845,17571930.0,0.010209654331917228,0.008541561153817342,0.006610339395671404,0.026490414383681715,0.05006244360655154,0.018164014971551623,91.68825991537072,75.6368505703597,1,1,0.012456680456839786,INFY.NS,IN,IT Services
2024-12-16,1762.2,1801.15,1791.14,1795.59,21991047,1745.2079999999999,1733.0969999999998,1712.3215,1714.0854000000002,1734.1007763446687,1719.9375086669982,68.44426488906846,86.4621505601507,14.163267677670547,6.358325627964022,7.804942049706525,1712.3215,34.32601488130113,1780.9735297626023,1643.6694702373977,1.1064532999740482,0.08018591107167924,30.477142857142862,14936191.2,1.4723328881640931,39562977.0,0.021794922864182942,0.005574769295882923,0.018947906026546887,0.034016308479027035,0.06736770772651068,0.04559509459671918,95.90755189094713,88.3581391748553,0,0,-0.01368909383545236,INFY.NS,IN,IT Services
2024-12-17,1790.91,1777.28,1770.53,1773.53,6115428,1757.312,1734.391,1718.7915,1714.7862,1740.1668107532105,1723.9073470873136,65.63781357956931,75.8171134777819,16.259463665896874,8.338553235550593,7.9209104303462805,1718.7915,32.96442456808504,1784.7203491361702,1652.86265086383,0.915133137589186,0.07671535394040728,30.440000000000005,11682379.8,0.5234744616439827,33447549.0,-0.012285655411313212,0.0038059688869070125,-0.009704563601739007,0.0073498088708898734,0.07870423871591647,0.03532962446220389,79.29535232324359,88.96372137652048,0,1,-0.014349912321753866,INFY.NS,IN,IT Services
2024-12-18,1774.63,1802.6,1782.1,1791.21,10960352,1771.4299999999998,1742.316,1723.6825000000001,1715.8918000000003,1748.019609098902,1728.892756979495,67.34675093575505,81.96533682145196,19.126852119406976,10.49621301232187,8.630639107085106,1723.6825000000001,36.104510415848466,1795.891520831697,1651.4734791683031,0.96758354580395,0.08378459586571783,30.84785714285715,12031452.9,0.9109748573279244,44407901.0,0.009968819247489602,0.011444777552597716,0.009342792582110402,0.046291969438538194,0.057765783428507245,0.04102590926526495,90.04805591882885,88.41698671100653,0,0,-0.02828814041904637,INFY.NS,IN,IT Services
2024-12-19,1792.32,1770.15,1769.94,1770.03,5667476,1777.53,1750.404,1727.6315,1716.9052000000001,1751.4058230836981,1731.9399761231653,59.270371197855155,68.18014570608582,19.465846960532872,12.290139801964072,7.1757071585688,1727.6315,36.66239752618608,1800.956295052372,1654.3067049476278,0.7891143437150274,0.08488476281235861,29.90285714285715,11551485.95,0.49062739927174487,38740425.0,-0.011824409198251451,0.00011864205691424311,-0.012436395286549013,0.047882070864043946,0.046704710091363344,0.01753347168488051,71.54215814703765,80.29518879637004,0,0,-0.017304791444212708,INFY.NS,IN,IT Services
2024-12-20,1760.75,1800.55,1762.09,1779.18,10147467,1781.9080000000001,1755.7279999999998,1731.6715,1718.139,1755.6787733785263,1735.4392541179332,57.160601584530696,65.71791009276146,20.23951926059317,13.880015693689892,6.359503566903278,1731.6715,37.70638788196137,1807.0842757639227,1656.2587242360771,0.814989731633198,0.08709824671004779,30.61500000000001,11393420.2,0.8906426631537154,48887892.0,0.005169403908408476,0.021616699827998527,0.01046713048416277,0.030846958758705467,0.047574747700749986,0.012456680456839786,79.53691568300982,80.37570991629211,0,0,-0.026506592924830596,INFY.NS,IN,IT Services
2024-12-23,1777.23,1793.42,1753.09,1771.01,33593640,1776.9919999999997,1761.1,1735.2600000000002,1718.7980000000002,1758.0374236279897,1738.0741360126049,51.84764876941629,55.886390938733484,19.963287615384843,15.09667007802888,4.866617537355962,1735.2600000000002,37.87224424575566,1811.0044884915114,1659.515511508489,0.735990767851514,0.08730044891424635,31.73928571428574,12776756.45,2.629277430636362,15294252.0,-0.004592003057588334,0.02277231636183725,-0.0034998283846190575,0.03128184523289601,0.042236529271909795,-0.01368909383545236,72.39842726018003,74.49250036340918,0,0,-0.028238124008334253,INFY.NS,IN,IT Services
2024-12-24,1774.82,1779.34,1723.07,1748.08,8117083,1771.902,1764.607,1738.3629999999998,1719.089,1756.5055123006034,1738.8153142038273,57.04697986577179,26.51971928437291,17.690198096776157,15.615375681778337,2.0748224149978203,1738.3629999999998,36.12772183881503,1810.6184436776298,1666.1075563223699,0.5672406084916285,0.08313044361573318,31.54928571428575,12386791.4,0.6553014483394426,7177169.0,-0.012947414187384654,0.03218960230651217,-0.015066316584208508,0.02047273512705705,0.03680857878316979,-0.014349912321753866,52.363477500634595,68.09960681460815,0,0,-0.0004576449590407705,INFY.NS,IN,IT Services
2024-12-25,1750.31,1752.96,1730.6,1740.54,12125178,1761.768,1766.5989999999997,1741.557,1719.835,1754.0492796389678,1738.9430691989808,60.66138334508938,30.963646855164512,15.10621043998708,15.513542633420087,-0.40733219343300675,1741.557,33.080825914077735,1807.7186518281555,1675.3953481718445,0.49231427894867363,0.07597988676582798,31.445714285714335,12707397.2,0.9541825800343614,-4948009.0,-0.004313303738959329,0.012846587840547923,-0.005581868354745388,0.011577222164103729,0.03809955506781337,-0.02828814041904637,43.02763242409775,55.92984572830412,0,0,-0.01732795569191159,INFY.NS,IN,IT Services
2024-12-26,1750.66,1756.98,1725.33,1739.4,32177654,1755.6420000000003,1766.586,1744.6204999999998,1720.9512,1751.7955443098924,1738.9769160456099,53.27717179587067,13.050919982884139,12.818628264282552,14.97455975959258,-2.1559314953100284,1744.6204999999998,29.546081310202286,1803.7126626204044,1685.528337379595,0.455827475514893,0.06774213947431068,30.902142857142913,13953909.6,2.3059954246804475,-37125663.0,-0.0006549691475058461,0.0181959296308968,-0.006431859984230838,-7.47328301322625e-05,0.03651087817987886,-0.017304791444212708,41.98108877222094,45.79073289898443,0,1,-0.004829251466022866,INFY.NS,IN,IT Services
2024-12-27,1733.71,1733.1,1731.17,1732.02,8517280,1746.2099999999998,1764.059,1745.6245,1721.3178,1748.7531528775976,1738.4615872305737,53.60870204321623,16.249334043686844,10.291565647023845,14.037960937078832,-3.7463952900549877,1745.6245,28.70635790111619,1803.0372158022324,1688.2117841977674,0.3815201492362391,0.06577899863596047,29.92500000000005,13709991.6,0.6212461412998866,-45642943.0,-0.004242842359434396,0.0011143058394237492,-0.0009747881710315334,-0.014380096626054883,0.011729383039125185,-0.026506592924830596,35.20609565743863,40.07160561791911,0,0,-0.00307155806514936,INFY.NS,IN,IT Services
2024-12-30,1746.48,1730.41,1713.47,1721.0,14393964,1736.2079999999999,1756.6,1744.8484999999996,1722.1152,1744.4834370502704,1737.1681323724717,51.89489161883982,0.0,7.315304677798622,12.69342968522279,-5.378125007424169,1744.8484999999996,29.17143091865251,1803.1913618373046,1686.5056381626946,0.29561767070323713,0.06687441555787976,28.141428571428623,14121935.6,1.0192627546564683,-60036907.0,-0.006362513134952286,0.009843114468326678,-0.014589345426220413,-0.041540663514499365,-0.008937415060005005,-0.028238124008334253,8.448333894216873,28.545172774625485,1,1,0.010098779779198264,INFY.NS,IN,IT Services
2024-12-31,1720.97,1753.04,1742.68,1747.28,15852245,1736.048,1753.975,1744.1830000000002,1723.194,1744.9136775040754,1737.9171617232598,55.80827886710241,34.44750294927249,6.996515780815571,11.554046904341348,-4.557531123525777,1744.1830000000002,28.94435207154789,1802.071704143096,1686.2942958569045,0.5267496055173172,0.06637916335965041,29.814285714285752,14574952.35,1.08763607123312,-44184662.0,0.01527019174898303,0.005929215695248598,0.015287889969020179,-0.014800990115757862,-0.007559965693318738,-0.0004576449590407705,37.93335577204157,27.195928441232358,0,0,-0.02013415136669572,INFY.NS,IN,IT Services
2025-01-01,1737.21,1733.7,1691.72,1710.38,7532307,1730.016,1745.8919999999998,1744.104,1723.4036,1739.6008040419058,1735.8773666225604,44.11087316659261,29.115887436295196,3.723437419345373,9.987925007342154,-6.264487587996781,1744.104,29.038931291043223,1802.1818625820865,1686.0261374179136,0.20966562386361462,0.06659908191490092,32.05785714285717,14241211.7,0.5289091005571457,-51716969.0,-0.021118538528455577,0.024544253323808437,-0.015444304373095068,-0.04512592046717023,-0.0009229187597841193,-0.01732795569191159,16.829004328852644,21.070231331703695,0,1,-0.0031104199066874783,INFY.NS,IN,IT Services
2025-01-02,1705.91,1739.85,1723.91,1731.0,15943418,1728.336,1741.989,1746.1965,1723.6232,1738.2776034200733,1735.5160793297564,44.749350908727784,45.384168763305595,2.761524090316925,8.542644823937108,-5.781120733620183,1746.1965,26.243929277967776,1798.6843585559357,1693.7086414440644,0.35523795008553705,0.06011678359898853,32.298571428571435,14196649.45,1.1230408226329192,-35773551.0,0.012055800465393673,0.009208549971109543,0.014707692668420497,-0.02205047372078439,0.024775774797975325,-0.004829251466022866,35.42568542536594,30.062681842086718,1,0,0.004962449451184181,INFY.NS,IN,IT Services
2025-01-03,1727.68,1741.02,1715.26,1726.7,6777913,1727.2720000000002,1736.741,1746.2344999999998,1723.3201999999999,1736.4964336631379,1734.863034949786,34.079038594869445,44.03755868544598,1.6333987133518804,7.1607956018200625,-5.527396888468182,1746.2344999999998,26.213587773270834,1798.6616755465416,1693.807324453458,0.31369871830142876,0.06004597383285207,31.00571428571428,14198605.9,0.4773646490628598,-42551464.0,-0.0024841132293471624,0.014918630914452466,-0.000567234673087291,-0.029496734450702,0.00044033975688617666,-0.00307155806514936,31.547619047334575,27.93410293385105,1,0,0.042352464238142096,INFY.NS,IN,IT Services
2025-01-06,1732.03,1767.82,1714.83,1738.38,4651346,1730.748,1733.4780000000003,1747.289,1723.0516,1736.7862130995784,1735.123551421179,41.46720396174204,52.8700361010831,1.662661678399445,6.061168817135939,-4.398507138736494,1747.289,25.399503911434373,1798.0880078228688,1696.4899921771312,0.4123112794695026,0.05814608553346326,33.00071428571429,14061652.15,0.3307823020794678,-37900118.0,0.006764348178606605,0.0304824031569447,0.003666218252568645,-0.01842451482487384,0.012280977586779152,0.010098779779198264,42.08152958115018,36.35161135128356,1,1,0.04546186679552222,INFY.NS,IN,IT Services
2025-01-07,1746.99,1721.14,1704.87,1712.1,20401105,1723.712,1729.8799999999999,1747.2435,1722.4235999999999,1732.98833416118,1733.4180998839543,31.565456494384108,46.469934951610306,-0.4297657227741638,4.762981909153918,-5.192747631928082,1747.2435,25.464873282924298,1798.1732465658486,1696.3137534341515,0.1549806118245937,0.05829725114538342,33.317857142857164,14077347.75,1.4492150022212102,-58301223.0,-0.015117523211265804,0.00950294959406034,-0.019971493826513104,-0.020582582032858898,-0.0005312286559915336,-0.02013415136669572,18.72645410255686,30.7852009103472,1,1,0.05962268559079509,INFY.NS,IN,IT Services
2025-01-08,1711.77,1718.63,1694.21,1705.06,9474297,1722.648,1726.3319999999999,1746.4654999999998,1722.4463999999998,1728.691667367151,1731.3174961474954,33.79234645512149,30.237783186669134,-2.6258287803443636,3.2852197712542615,-5.9110485515986255,1746.4654999999998,26.53623827602003,1799.53797655204,1693.3930234479596,0.10991550903499239,0.06077701111417289,33.542857142857166,14178315.8,0.6682243833062046,-67775520.0,-0.0041119093510892935,0.014322076642455838,-0.003919919148014112,-0.020384478380272797,-0.009043251851076906,-0.0031104199066874783,12.257649545049482,24.35521107625217,1,1,0.07901774717605248,INFY.NS,IN,IT Services
2025-01-09,1701.61,1756.72,1725.88,1739.59,5810020,1724.366,1726.351,1746.4685000000002,1722.7852000000003,1730.3683339260513,1731.9302752222097,41.23378061201892,63.98276687410234,-1.5619412961584658,2.315787557771716,-3.877728853930182,1746.4685000000002,26.53541630884686,1799.5393326176938,1693.3976673823065,0.43519510000920747,0.06077502413317306,34.485714285714316,13353902.65,0.4350802695809476,-61965500.0,0.020251486751199366,0.01772831529267367,0.022320038081568457,0.00010923306887411499,3.44920754455913e-05,0.004962449451184181,47.06981317554491,26.017972274383748,1,1,0.046545450364741114,INFY.NS,IN,IT Services
2025-01-10,1741.55,1828.51,1776.89,1799.83,13525693,1738.9919999999997,1733.132,1748.5955000000001,1724.6503999999998,1741.0547440912767,1736.9598921527981,55.1856916654671,73.88769348233492,4.094851938478541,2.6716004339130817,1.4232515045654597,1748.5955000000001,29.035640798483225,1806.6667815969665,1690.5242184030337,0.9411345728052187,0.06642048615238137,37.956428571428596,13188745.65,1.0255480189999706,-48439807.0,0.0346288493265654,0.028680486490374763,0.03346444259422153,0.03915081811988319,0.02420772894627521,0.042352464238142096,79.03355508385818,46.12033926815085,1,1,0.04173171910680451,INFY.NS,IN,IT Services
2025-01-13,1794.12,1831.82,1805.89,1817.41,7637738,1754.798,1742.773,1749.6865000000003,1727.0067999999999,1752.8017065387749,1742.9191678347909,62.71970058342203,78.82427708929133,9.882538703983982,4.113788087927263,5.768750616056719,1749.6865000000003,31.22199549827541,1812.130490996551,1687.2425090034494,1.0422739555732299,0.07137734788090912,36.222142857142885,12471080.2,0.6124359129343172,-40802069.0,0.009767589161198575,0.01426755657775932,0.012981294450754247,0.056019755955839745,0.012151994609014505,0.04546186679552222,89.71448964960956,71.93928596967088,1,1,0.038191712381905996,INFY.NS,IN,IT Services
2025-01-14,1817.31,1829.37,1802.02,1814.18,31254999,1775.214,1749.4630000000002,1751.7189999999998,1729.1044,1762.2445209174266,1748.1977549124786,63.72753709641341,75.45332437877764,14.04676600494804,6.10038367133142,7.94638233361662,1751.7189999999998,34.050832728044554,1819.820665456089,1683.6173345439106,0.9585864353002896,0.07775409806715615,36.578571428571436,13728058.75,2.276723700885699,-72057068.0,-0.001777254444511711,0.015075681575138538,-0.0017223258552465784,0.03828808204752532,0.022920390407830782,0.05962268559079509,87.40899357539331,85.38567943628702,1,1,0.05141716918938588,INFY.NS,IN,IT Services
2025-01-15,1822.95,1853.25,1829.02,1839.79,23378406,1802.1599999999999,1762.404,1754.148,1731.7474,1774.1745946224398,1754.9823738919938,67.14954388602274,93.07157795318088,19.192220730446024,8.718751083154343,10.473469647291681,1754.148,38.46302812612593,1831.0740562522517,1677.2219437477481,1.0566514401707452,0.08770760078648772,37.10857142857143,14348961.45,1.6292750142363082,-48678662.0,0.014116570571828468,0.013169981356560721,0.009237773937842881,0.07566154889556698,0.027121331390512537,0.07901774717605248,91.66718256613837,89.59688859704708,1,1,0.028497817685714244,INFY.NS,IN,IT Services
2025-01-16,1834.79,1821.33,1819.94,1820.56,4825490,1818.354,1771.36,1756.6744999999999,1734.3472,1781.3108108343731,1759.8399812834227,64.5366782688645,85.99925196359554,21.470829550950384,11.269166776713552,10.201662774236832,1756.6744999999999,41.12838557172414,1838.9312711434482,1674.4177288565515,0.8883297332915079,0.09365055523194706,37.93857142857142,14306862.15,0.33728497640658567,-53504152.0,-0.010452279879768933,0.0007635013402464677,-0.00775565596062343,0.0517388792605431,0.02854753874228111,0.046545450364741114,79.76227326143895,86.27948313432353,1,1,0.03770817770356372,INFY.NS,IN,IT Services
2025-01-17,1810.15,1883.58,1868.03,1874.94,7035847,1833.3760000000002,1786.184,1761.4625,1736.9769999999999,1795.7153014752403,1768.365917465072,72.12417361310722,87.54091085593831,27.34938401016825,14.485210223404493,12.864173786763757,1761.4625,48.75344520889152,1858.9693904177832,1663.955609582217,1.0818947743729006,0.11071128726013496,41.114999999999995,14151281.15,0.49718795268314253,-46468305.0,0.029869930131388278,0.008293598728488198,0.035792613871758784,0.08585162448601369,0.05382254746568638,0.04173171910680451,95.49671635517835,88.97539072758521,1,1,0.006202865158351667,INFY.NS,IN,IT Services
2025-01-20,1880.08,1893.06,1881.83,1886.82,7312361,1847.2580000000003,1801.0279999999998,1767.253,1739.2988,1809.7314089405893,1777.140302400775,70.92053973013492,82.9732393298461,32.59110653981429,18.106389486686453,14.484717053127838,1767.253,56.2484246422632,1879.7498492845264,1654.7561507154735,1.0314237721296549,0.12731267032446716,40.12071428571427,12837217.2,0.5696219294613221,-39155944.0,0.006336202758488119,0.005951813103525544,0.0035849538317499386,0.08538984571842745,0.06539206441522061,0.038191712381905996,96.90076487485398,90.71991816382376,1,1,0.011262335569900639,INFY.NS,IN,IT Services
2025-01-21,1878.44,1911.46,1904.26,1907.46,13195363,1865.914,1820.5639999999999,1775.2220000000002,1742.6906,1824.766576795884,1786.7936219435312,81.0616567898121,83.35926502185669,37.972954852352814,22.079702559819726,15.893252292533088,1775.2220000000002,64.12738963229455,1903.4767792645894,1646.967220735411,1.0155285469954214,0.14449435537022062,37.912142857142854,13091131.2,1.007961939304226,-25960581.0,0.010939040290011803,0.0037746532037349514,0.015448989587095958,0.11410548449272828,0.09117431696489864,0.05141716918938588,98.15880322164254,96.85209481722495,0,0,-0.015659568221614184,INFY.NS,IN,IT Services
2025-01-22,1909.77,1910.75,1877.39,1892.22,11248633,1876.4,1839.28,1782.806,1746.2204000000002,1835.1440265195947,1794.6029897300475,75.84813698454433,76.54782963668525,40.541036789547206,25.77196940576523,14.769067383781977,1782.806,68.6215669949438,1920.0491339898877,1645.5628660101124,0.898613747800175,0.1539630604673875,38.190000000000005,13047303.95,0.8621422618009706,-37209214.0,-0.007989682614576443,0.017630085296626328,-0.009189588275023048,0.10976739821472559,0.08714536867868605,0.028497817685714244,91.14384349785435,95.40113719811696,1,1,0.01574341249960365,INFY.NS,IN,IT Services
2025-01-23,1885.49,1905.14,1876.47,1889.21,13589033,1890.1300000000003,1854.2419999999997,1790.2965,1750.4222,1843.4618685935038,1801.610921775203,76.16318382329263,69.86653802862197,41.85094681830083,28.987764888272352,12.863181930028475,1790.2965,71.73967861026901,1933.775857220538,1646.8171427794618,0.8446959267008642,0.1602855808749645,38.397857142857156,12117872.9,1.1214040608229139,-50798247.0,-0.0015907241229877744,0.015175655432686095,0.0019729619356231294,0.08600877218195091,0.08612740025296084,0.03770817770356372,89.75834292248673,93.02032988066121,1,0,0.030256032944987465,INFY.NS,IN,IT Services
2025-01-24,1898.23,1894.7,1880.06,1886.57,7017706,1892.4560000000001,1862.916,1798.0240000000001,1754.6834,1850.093888809888,1807.9041912844827,74.57301097734879,80.61972353650611,42.189697525405336,31.628151415698948,10.561546109706388,1798.0240000000001,73.43568596146544,1944.895371922931,1651.1526280770693,0.8014406376133735,0.16336975693633585,35.65857142857145,12042894.2,0.5827258216114013,-57815953.0,-0.001397409499208746,0.007760114917544719,-0.006142564388927548,0.04819344049160201,0.08923107123474328,0.006202865158351667,88.54315304907455,89.81511315647187,1,1,0.00909057177841266,INFY.NS,IN,IT Services
2025-01-27,1897.81,1915.17,1902.39,1908.07,4268105,1896.7060000000001,1871.982,1807.3775,1759.1996000000001,1859.013290531444,1815.3238856829396,83.01937657961244,72.11320250967817,43.68940484850441,34.040402102260046,9.649002746244363,1807.3775,75.00556673200215,1957.3886334640044,1657.3663665359957,0.8356167561500552,0.16599867317582673,35.30785714285715,11536601.25,0.3699620484012093,-53547848.0,0.011396343628913952,0.006697867478652919,0.005406231393023846,0.04988417583264093,0.10869843114468325,0.011262335569900639,96.78674873236423,91.69608156797517,0,1,-0.015748898101222708,INFY.NS,IN,IT Services
2025-01-28,1897.34,1881.34,1874.59,1877.59,9656486,1890.732,1878.3229999999999,1813.893,1763.8688,1861.8712458342989,1819.9361932467905,76.94181579687059,45.064698962677795,41.93505258750838,35.61933219930972,6.315720388198663,1813.893,75.16995362089664,1964.2329072417933,1663.5530927582067,0.7118432862168907,0.16576491252980238,35.955000000000005,11226813.3,0.8601269907884732,-63204334.0,-0.015974256709659462,0.003595034059617065,-0.010409309875926082,0.03495243029908823,0.07457877386566536,-0.015659568221614184,80.1468645988686,88.49225546010246,1,1,0.019375902087250152,INFY.NS,IN,IT Services
2025-01-29,1869.75,1937.03,1909.99,1922.01,11363761,1896.69,1886.5449999999996,1824.4744999999998,1768.4412,1871.1233618597914,1827.4972202187569,77.63269510421713,56.20257481456216,43.626141641034565,37.220694087654685,6.405447553379879,1824.4744999999998,74.72577878835125,1973.9260575767023,1675.0229424232973,0.826311420170767,0.16382970282853568,36.51071428571429,11418386.0,0.9952159617641266,-51840573.0,0.023657987100485167,0.01406860526219213,0.02795026073002917,0.04468988308448241,0.12373273775418325,0.01574341249960365,90.62070688091283,89.18477340404856,1,0,0.0017169525652831474,INFY.NS,IN,IT Services
2025-01-30,1907.75,1959.38,1935.96,1946.37,6687065,1908.122,1899.1260000000002,1835.243,1773.5476,1882.6997677275162,1836.3026158959565,74.90482664853837,71.41840044300287,46.39715183155977,39.05598563643571,7.34116619512406,1835.243,76.05286153998611,1987.3487230799722,1683.1372769200277,0.865295262232532,0.16576085355442233,32.828571428571436,10955568.35,0.6103804180656298,-45153508.0,0.012674231663726943,0.012032655661558717,0.02024374262874048,0.06910511051544588,0.12441941074523388,0.030256032944987465,91.73233350221307,87.4999683273315,1,0,0.0007244254689500185,INFY.NS,IN,IT Services
2025-01-31,1941.25,1910.25,1898.5,1903.72,7428822,1911.5520000000001,1902.0039999999997,1844.0940000000003,1777.6544000000001,1885.9336496155906,1841.2964986062532,63.51677263757947,54.36916591388135,44.63715100933746,40.17221871101606,4.464932298321401,1844.0940000000003,72.99510793989629,1990.0842158797927,1698.1037841202078,0.7042123153252656,0.1583327269431095,33.962857142857146,10988113.8,0.6760779383193193,-52582330.0,-0.02191258599341328,0.006172126153002452,-0.019332904056654547,0.015349824527718159,0.10251925638501191,0.00909057177841266,64.62887646120595,82.32730561477729,1,1,0.02222490702414226,INFY.NS,IN,IT Services
2025-02-03,1909.27,1880.29,1876.2,1878.02,15030514,1905.5420000000001,1901.1239999999998,1851.0759999999998,1781.23,1884.716165059346,1844.0167591824127,59.3404342482589,47.73941092485856,40.69940587693327,40.277656144199504,0.42174973273376537,1851.0759999999998,68.91565671929578,1988.9073134385912,1713.2446865614083,0.5977426657528259,0.14892021012483228,33.97500000000001,11507072.2,1.306197826220485,-67612844.0,-0.013499884436786957,0.0021778255822609664,-0.016367512190514508,-0.004663931906594088,0.08032766138588787,-0.015748898101222708,41.65232357973564,66.00451118105154,1,1,0.0466022726062556,INFY.NS,IN,IT Services
2025-02-04,1868.7,1937.66,1895.03,1913.97,11640411,1912.818,1901.775,1861.1695,1785.789,1889.2167550502159,1849.1984828650634,60.53453760508976,51.44920416584794,40.018272185152455,40.2257793523901,-0.20750716723764384,1861.1695,61.91749131961772,1985.0044826392354,1737.3345173607645,0.7131889506259669,0.13307222436126204,35.44428571428573,11069037.5,1.051618982082319,-55972433.0,0.019142501144822743,0.02227307638049595,0.02422539733503278,0.00341291560504553,0.11790783248642023,0.019375902087250152,67.43402180100803,57.90507394731654,1,1,0.021619983594309167,INFY.NS,IN,IT Services
2025-02-05,1916.53,1940.29,1913.32,1925.31,10876102,1913.4779999999998,1905.084,1872.182,1790.7619999999997,1894.7695619655672,1854.8363751797378,65.21688602225515,62.937859234356374,39.93318678582932,40.16726083907795,-0.2340740532486265,1872.182,51.38096284770261,1974.9439256954051,1769.420074304595,0.7585004107295402,0.10977770932030137,35.95285714285717,11139127.75,0.9763871344067192,-45096331.0,0.0059248577563910665,0.014008133755076336,0.004581196224424033,0.017487395757364244,0.12917433990592708,0.0017169525652831474,62.70388615147547,57.26341051073971,1,1,0.02860318598043965,INFY.NS,IN,IT Services
2025-02-06,1928.29,1989.55,1914.37,1947.78,17752981,1913.7599999999998,1910.941,1882.5914999999998,1796.1549999999997,1902.9250139708645,1861.7210905677657,61.66261047777635,57.930694897519544,41.20392340309877,40.37459335188211,0.8293300512166581,1882.5914999999998,43.60548544378945,1969.8024708875787,1795.3805291124208,0.8737402492810167,0.09264991463897783,36.821428571428605,11736275.8,1.5126586823514592,-27343350.0,0.011670847811521279,0.03859778825122009,0.010107400857749561,0.03100237665479222,0.11967762518754421,0.0007244254689500185,63.66562282477677,64.60117692575342,1,1,0.01598743184548579,INFY.NS,IN,IT Services
2025-02-07,1947.2,1951.88,1941.35,1946.03,7832972,1922.2220000000002,1916.887,1889.9015000000004,1800.8368000000003,1909.5565502830393,1867.9661970181596,59.79811351977496,49.87844987844991,41.590353264879695,40.61774533448163,0.9726079303980626,1889.9015000000004,41.188644484526506,1972.2787889690535,1807.5242110309473,0.8406794560831253,0.0871762776726824,36.27928571428577,11451639.75,0.6840043423471872,-35176322.0,-0.0008984587581759573,0.005411016274155481,-0.0006008627773210106,0.031517515915126415,0.08122989393442714,0.02222490702414226,62.14335420961952,62.83762106195726,1,1,0.039033313977687945,INFY.NS,IN,IT Services
2025-02-10,1951.56,1970.61,1961.49,1965.54,5385198,1939.726,1922.634,1897.3080000000002,1805.4172,1918.1693887010333,1875.1938883225857,59.64719952162646,76.48217957505138,42.97550037844758,41.089296343274825,1.886204035172753,1897.3080000000002,40.78352642142934,1978.8750528428588,1815.7409471571416,0.9182571125288325,0.08598187836958009,36.27500000000004,11339012.75,0.47492648996920034,-29791124.0,0.01002553917462734,0.0046399462743038815,0.0071634999692517035,0.03011944006247158,0.08150609933916941,0.0466022726062556,79.11447459917264,68.30781721118964,1,1,0.016611211168432227,INFY.NS,IN,IT Services
2025-02-11,1956.52,1991.2,1926.68,1955.35,6658987,1948.002,1930.4099999999999,1904.3665,1809.3124000000003,1923.8894827470283,1881.1313797458163,60.66493225664762,88.20274676415369,42.75810300121202,41.423057674862264,1.335045326349757,1904.3665,37.742050717566975,1979.850601435134,1828.8823985648662,0.8377101868462594,0.07927476295670423,38.50071428571433,10109212.15,0.6587047776314816,-36450111.0,-0.005184325935875145,0.032996650216056966,-0.0005980005315557596,0.04141479236681067,0.07781477030945094,0.021619983594309167,69.25649601175485,70.171441606849,1,1,0.008520213772470475,INFY.NS,IN,IT Services
2025-02-12,1954.86,1981.64,1979.36,1980.38,2322561,1959.016,1936.2469999999998,1911.396,1814.6807999999999,1932.5803315551782,1888.4831313081381,64.33535645775024,86.77594417986485,44.097200247040064,41.957886189297824,2.13931405774224,1911.396,38.17165928579119,1987.7393185715823,1835.0526814284176,0.9518011614491606,0.07988226256782208,38.33071428571434,9056419.9,0.25645462215652987,-34127550.0,0.012800777354437853,0.0011512941960629013,0.013054643299257826,0.030369248859267284,0.07641633012463389,0.02860318598043965,90.72120744283754,79.69739268458834,1,1,0.0166331714115473,INFY.NS,IN,IT Services
2025-02-13,2003.05,2015.95,1949.3,1978.92,10324897,1965.244,1939.502,1919.3139999999999,1820.4762,1939.70951131592,1895.1821602334076,64.5749818503204,83.33540604402432,44.527351082512496,42.47177916794076,2.055571914571736,1919.3139999999999,34.59453339837889,1988.5030667967576,1850.124933203242,0.930747246339957,0.07209770448891813,42.04571428571434,9331390.25,1.1064691987917665,-44452447.0,-0.0007372322483564231,0.033679987063633905,-0.012046628890935242,0.016723439017247488,0.08698422463417854,0.01598743184548579,73.80447085403368,77.92739143620868,1,0,0.024594223111596092,INFY.NS,IN,IT Services
2025-02-14,1966.29,2024.7,2019.82,2021.99,5539738,1980.4360000000001,1951.3290000000002,1926.6665,1826.3972,1952.3680480365476,1904.5753356459045,66.83314616703115,86.73398673398667,47.792712390643146,43.535965812481244,4.256746578161902,1926.6665,39.88864569680463,2006.4437913936092,1846.8892086063909,1.0974350490830198,0.08281380445818493,43.272857142857184,9256584.8,0.598464500809791,-38912709.0,0.021764396741656977,0.0024134639637177708,0.02832745932694146,0.062125732775828446,0.07842917640031155,0.039033313977687945,98.19465725069485,87.57344518252201,1,0,0.012962477559236074,INFY.NS,IN,IT Services
2025-02-17,2026.55,2019.6,1981.06,1998.19,8065614,1986.966,1963.3460000000002,1932.235,1832.0151999999998,1959.4175791078483,1911.5097566607317,68.1790774796503,71.19291402567853,47.90782244711659,44.41033713940832,3.497485307708267,1932.235,41.762915241546054,2015.760830483092,1848.7091695169079,0.894817983955613,0.08645514700132106,43.80500000000005,9294247.45,0.8678070145628612,-46978323.0,-0.01177058244600615,0.01928745514689828,-0.013994226641329306,0.0639876039658791,0.05902523823152195,0.016611211168432227,82.14814814759497,84.7157587507745,1,1,0.008757925922960208,INFY.NS,IN,IT Services
2025-02-18,1995.21,1973.2,1971.05,1972.01,15119343,1990.298,1969.15,1935.4625,1837.1951999999999,1961.3548746297176,1915.9912570248725,57.97549926625407,52.493640638248685,45.3636176048451,44.60099323249568,0.7626243723494213,1935.4625,42.23904129131472,2019.9405825826295,1850.9844174173707,0.7163135033488471,0.08729498255077098,41.49785714285719,9390446.45,1.610076951125476,-62097666.0,-0.013101857180748633,0.0010902581629905531,-0.01162784869762502,0.030324404248760484,0.03384081448628007,0.008520213772470475,64.51851851808402,81.62044130545793,1,1,0.039198584185678564,INFY.NS,IN,IT Services
2025-02-19,1965.88,2015.93,2011.23,2013.32,14475635,1996.886,1977.9509999999998,1941.5175,1843.0492000000002,1969.3495093020688,1923.2007948188955,60.13135195665991,68.01989431147031,46.14871448317331,44.91053748263121,1.2381770005420947,1941.5175,44.34150460079134,2030.2005092015827,1852.8344907984172,0.9048267004330166,0.09135432382302719,41.965714285714334,9551796.55,1.515488045493594,-47622031.0,0.020948169634028124,0.0023344525460422144,0.024131686572921893,0.04571211908731576,0.06399890076206782,0.0166331714115473,92.33670033607848,79.66778900058581,1,1,0.017433890290664333,INFY.NS,IN,IT Services
2025-02-20,2015.75,2035.79,2021.03,2027.59,9066399,2006.6200000000001,1985.932,1948.4364999999998,1848.8104,1978.3095847940583,1930.9333298045408,70.50624110187727,65.72723032846953,47.37625498951752,45.40368098400848,1.9725740055090384,1948.4364999999998,46.49400700202208,2041.4245140040439,1855.4484859959557,0.9256113051066566,0.09544885245579866,40.15142857142863,9325664.85,0.9721985696066947,-38555632.0,0.0070877952834125235,0.0072795782184725275,0.005873744263918663,0.040974853422871105,0.07324754791685417,0.024594223111596092,94.8618334476166,83.90568410059304,1,1,0.006603899210392727,INFY.NS,IN,IT Services
2025-02-21,2025.86,2067.95,2032.39,2048.2,5688209,2011.8619999999999,1996.1490000000001,1956.518,1854.6285999999998,1989.061956364203,1939.6197511384748,78.65562066410719,70.46797447411954,49.44220522572823,46.211385832352434,3.2308193933757963,1956.518,49.14599106634761,2054.809982132695,1858.2260178673048,0.9663757816749587,0.10047644042390091,41.06857142857148,9259190.0,0.6143311008488754,-32867423.0,0.010164776902628292,0.0173615857826298,0.011027415517355045,0.052501759993422326,0.08567400096471367,0.012962477559236074,88.57853342534942,91.9256890696815,0,1,-0.011058490381798625,INFY.NS,IN,IT Services
2025-02-24,2050.33,2025.45,2007.88,2015.69,9613508,2015.3619999999999,2001.164,1961.8990000000001,1859.0306,1993.1585784620179,1945.2545851799987,67.32879045996594,48.014872699773136,47.9039932820192,46.54990732228579,1.3540859597334105,1961.8990000000001,49.45293029473182,2060.8048605894637,1862.9931394105365,0.7719302965397702,0.10082665885390958,39.68857142857145,9526460.15,1.0091373752151396,-42480931.0,-0.015872473391270292,0.0087166181307598,-0.01689484131821852,0.025514616848296257,0.05640254288364699,0.008757925922960208,66.20319472245887,83.2145205318083,1,1,0.004236762597423116,INFY.NS,IN,IT Services
2025-02-25,2020.13,2059.02,2041.54,2049.31,10166096,2030.8220000000001,2010.5600000000002,1970.485,1864.5462,2001.7972586986305,1952.9623946889612,69.63392235100387,65.16913946587539,48.83486400966922,47.006898659762484,1.8279653499067336,1970.485,48.94924412081079,2068.3834882416213,1872.5865117583783,0.9025853790742457,0.0993648652403564,40.857142857142875,9551940.65,1.0642962836775705,-32314835.0,0.01667915205215076,0.008529700240564623,0.014444614950515754,0.048052778274989105,0.09145766647670683,0.039198584185678564,87.86300299460964,80.88157704747265,0,0,-0.013048294303936503,INFY.NS,IN,IT Services
2025-02-26,2047.78,2069.9,2031.24,2048.42,6629733,2037.8419999999999,2017.364,1976.8055,1869.6903999999997,2008.9699881296103,1960.0333292683324,67.10401087695449,76.6776063124085,48.93665886127792,47.39285070006558,1.5438081612123398,1976.8055,50.497319207102166,2077.8001384142044,1875.8108615857957,0.8545460487983354,0.10217964125874121,38.248571428571445,9315239.25,0.7117082138595405,-38944568.0,-0.0004342925179694479,0.01887308266858418,0.00031253357294230215,0.03435704258778616,0.06576968902347025,0.017433890290664333,85.00209467892051,79.68943079866301,0,0,-0.004808584177073083,INFY.NS,IN,IT Services
2025-02-27,2058.68,2066.23,2020.78,2040.98,7444218,2040.52,2023.5699999999997,1981.536,1875.1094,2013.8946053404395,1966.029379621619,65.83080462836375,62.64861898664726,47.86522571882051,47.48732570381657,0.377900015003938,1981.536,51.907863657372495,2085.351727314745,1877.7202726852552,0.7862957354187455,0.10478308475313343,40.74285714285715,9353096.9,0.7959093425077909,-46388786.0,-0.0036320676423780007,0.02226871404912237,-0.008597742242597791,0.03136054009257583,0.048608435189609445,0.006603899210392727,79.80728948415157,84.22412905256057,0,0,-0.00972082039020472,INFY.NS,IN,IT Services
2025-02-28,2046.38,2042.32,2012.13,2025.55,16196257,2035.9900000000002,2023.9260000000002,1987.6274999999998,1880.0367999999999,2015.6877429803717,1970.4383149202563,60.143335248977394,49.07692307692309,45.249428060115406,47.039746175076345,-1.7903181149609395,1987.6274999999998,49.382436028982596,2086.392372057965,1888.8626279420346,0.6919837448736398,0.09937965947635115,41.14357142857143,9791468.65,1.6541191035607203,-62585043.0,-0.0075600936804868235,0.014904593814018378,-0.010178950146106772,0.0017606417440243494,0.06399575567835591,-0.011058490381798625,69.03365451704339,77.9476795600385,1,1,0.012446002320357641,INFY.NS,IN,IT Services
2025-03-03,2033.77,2049.2,2004.25,2024.23,7573008,2037.6979999999999,2026.53,1994.938,1885.1012,2017.0019363680067,1974.422884566833,62.00250923538025,36.859993421773986,42.57905180117359,46.1476073002958,-3.568555499122212,1994.938,42.66820924293208,2080.2744184858643,1909.601581514136,0.6716266074851761,0.08555295300988947,39.74571428571427,9418593.35,0.8040486423539411,-70158051.0,-0.0006516748537434003,0.02220597461749782,-0.004690795911039731,0.01303179377336483,0.07785327099817896,0.004236762597423116,62.131011608108345,70.32398520310109,1,0,0.009381345005261332,INFY.NS,IN,IT Services
2025-03-04,2034.31,2034.84,2012.75,2022.57,11460852,2032.35,2031.586,2000.368,1890.5910000000001,2017.8585615421594,1977.9893378779823,58.0035664149941,55.69913850231933,39.86922366417707,44.89193057307206,-5.022706908894989,2000.368,38.53157141602308,2077.431142832046,1923.3048571679537,0.644050704288973,0.07704896582229637,39.44571428571425,9409615.4,1.2179935411607214,-81618903.0,-0.0008200649135721161,0.010921748072990798,-0.005770998520380001,0.025638815218989697,0.056740701264910154,-0.013048294303936503,60.75456053017608,63.973075551775935,1,1,0.011381559105494432,INFY.NS,IN,IT Services
2025-03-05,2025.49,2046.76,2032.03,2038.57,15668151,2030.3799999999999,2034.111,2006.0310000000002,1896.5516,2021.0449366895193,1982.476794699733,60.72417388802991,37.4356574637342,38.56814198978623,43.627172856414894,-5.059030866628667,2006.0310000000002,35.08880161741002,2076.20860323482,1935.8533967651802,0.7318332238448624,0.06996661889550564,36.412857142857106,9649217.85,1.6237740322368168,-65950752.0,0.007910727440830323,0.007225653276557976,0.006457696656114555,0.012541473784594581,0.05882689021508214,-0.004808584177073083,68.30551340345659,63.730361847247,0,1,-0.0059796818357965575,INFY.NS,IN,IT Services
2025-03-06,2042.14,2045.39,2001.74,2021.14,8889096,2026.4120000000003,2033.466,2009.699,1902.1864,2021.0595618142086,1985.340736050709,49.83166316790115,26.99055330634279,35.71882576349958,42.04550343783183,-6.326677674332252,2009.699,32.41123455318742,2074.5214691063748,1944.8765308936252,0.5882487211389389,0.06450962965731936,36.26071428571426,9206023.6,0.965573783063756,-74839848.0,-0.008550111107295755,0.021596722641666826,-0.010283330232006482,-0.003181116497911196,0.03766339114273687,-0.00972082039020472,50.67273646888553,59.91093680083941,1,1,0.034252946357006264,INFY.NS,IN,IT Services
2025-03-07,2027.6,2052.43,2049.43,2050.76,11487322,2031.4540000000002,2033.7220000000002,2014.9355,1908.5611999999999,2025.628859996638,1990.186607795308,60.17654574315697,56.00294623127928,35.44225220133012,40.72485319053149,-5.28260098920137,2014.9355,29.95006361031154,2074.8356272206233,1955.035372779377,0.7990352580325314,0.05945612375244116,35.57214285714281,9388741.1,1.2235208803956816,-63352526.0,0.014655095639094728,0.001462872300999891,0.011422371276380395,0.001249877941607469,0.053817258726741146,0.012446002320357641,80.63732928598257,66.53852638610823,1,0,0.03459692991866414,INFY.NS,IN,IT Services
2025-03-10,2056.5,2054.0,2034.6,2043.22,24300225,2035.252,2036.475,2018.8195,1915.0056,2028.3351892279245,1994.1150074738002,64.85708324640103,62.00897104798153,34.22018175412427,39.42391890325005,-5.203737149125779,2018.8195,28.192485276242746,2075.2044705524854,1962.4345294475145,0.7163741486445462,0.055859348052124065,35.019285714285665,10334492.45,2.3513706905489404,-87652751.0,-0.003676685716514916,0.00949481700452746,-0.00645757354728593,0.013657854134316194,0.039520945897819404,0.009381345005261332,60.856807510844185,64.0556244219041,1,1,0.018309335264925064,INFY.NS,IN,IT Services
2025-03-11,2054.52,2045.94,2045.32,2045.59,4525226,2039.8560000000002,2036.1029999999998,2023.3314999999998,1920.9718,2030.9897755005516,1997.9279701131502,58.03896168601465,64.31251675154104,33.061805387401364,38.15149620008032,-5.089690812678953,2023.3314999999998,24.476226548451944,2072.2839530969036,1974.379046903096,0.7273481571517058,0.04838797112275435,32.076428571428515,10227804.4,0.4424434981917039,-83127525.0,0.001159933829935067,0.00030309103974883293,-0.004346514027605337,-0.0018152451312880569,0.04615030557189259,0.011381559105494432,64.33392018684934,68.60935232789203,1,1,0.040868404714532236,INFY.NS,IN,IT Services
2025-03-12,2058.32,2039.77,2015.67,2026.38,4751382,2037.4180000000001,2033.8990000000001,2025.6315,1927.2918,2030.2805792696977,2000.0355280002595,49.70581084366647,52.06683302593045,30.245051269438136,36.57020721395188,-6.325155944513746,2025.6315,22.29147778503274,2070.2144555700656,1981.0485444299345,0.5083944636455888,0.044018821360196615,32.60857142857136,10349245.45,0.4591041505248916,-87878907.0,-0.009390933667059342,0.011893129620302222,-0.015517509425154754,-0.010759512209410182,0.02322786535917354,-0.0059796818357965575,36.15023474125377,53.78032081298243,1,1,0.056943909829350714,INFY.NS,IN,IT Services
2025-03-13,2023.87,2128.79,2059.64,2090.37,17274140,2051.264,2038.8380000000002,2031.2040000000002,1934.4791999999998,2039.525105535898,2006.7269707166622,58.466851383367505,68.47888127853885,32.798134819235884,35.815792735008685,-3.0176579157728014,2031.2040000000002,23.87394933479972,2078.9518986696,1983.4561013304008,1.1195665322184143,0.04701438030801043,37.040714285714216,10696707.6,1.61490236351769,-70604767.0,0.03157847985076834,0.033080268086495224,0.03285784165977417,0.02419915922742999,0.05631859802316397,0.034252946357006264,69.75993703211516,56.74803065340609,1,1,0.020742739323660553,INFY.NS,IN,IT Services
2025-03-14,2074.74,2122.46,2121.1,2121.71,7171735,2065.454,2048.4539999999997,2036.1899999999998,1942.3794,2052.1689354534524,2015.244232552905,71.3870733478577,82.6377620562082,36.924702900547345,36.03757476811642,0.8871281324309237,2036.1899999999998,31.152070134786673,2098.494140269573,1973.8858597304265,1.1863107301440308,0.061196784454832495,36.452857142857106,10778307.45,0.6653859493137813,-63433032.0,0.01499256112554237,0.0006409924070676418,0.022638981269931472,0.04747352570906682,0.04931775132419047,0.03459692991866414,94.42739079028398,66.77918752121764,0,1,-0.014615569517040572,INFY.NS,IN,IT Services
2025-03-17,2133.57,2103.55,2062.29,2080.63,24174713,2072.936,2054.094,2040.3120000000004,1949.2244,2056.5475607683056,2020.0876229489163,56.13347955506819,59.022533679695506,36.459937819389324,36.122047378371,0.3378904410183239,2040.3120000000004,31.31308278791232,2102.938165575825,1977.6858344241757,0.8218942085026956,0.061388812667664605,37.60214285714283,11583762.4,2.086948098404703,-87607745.0,-0.019361741237021057,0.019830532098441524,-0.024812872321965176,0.027862446461123458,0.041257337890791224,0.018309335264925064,62.0936639113571,75.42699724458542,1,1,0.03284582073698816,INFY.NS,IN,IT Services
2025-03-18,2074.65,2158.6,2105.66,2129.19,12487623,2089.656,2064.756,2048.171,1957.5662,2067.7233206501046,2028.169280840036,63.32882273342355,70.81094166061493,39.554039810068616,36.80844586471053,2.745593945358088,2048.171,32.950147336121155,2114.071294672242,1982.2707053277575,1.1147089356871385,0.06435038351017573,40.409999999999954,11452176.4,1.0904147363277834,-75120122.0,0.023339084796431875,0.02486391538565144,0.02628877160001623,0.05271510998383255,0.0797054781669464,0.040868404714532236,81.25079688842766,79.25728386335625,1,0,0.03725360348301465,INFY.NS,IN,IT Services
2025-03-19,2115.79,2157.6,2129.09,2141.77,3848391,2112.734,2075.076,2054.5935,1966.3004,2079.1151174731654,2036.5841492458294,66.35510985622952,72.18582764347671,42.53096822733596,37.95295033723561,4.578017890100348,2054.5935,37.9402178329132,2130.4739356658265,1978.7130643341736,1.074433312315485,0.07386418351444167,39.19999999999993,10920814.2,0.35239045158460336,-71271731.0,0.005908350123756012,0.013311419993737167,0.012279101423103305,0.05062372153028849,0.06380009139133369,0.056943909829350714,89.27068723645758,77.53838267874744,1,1,0.035601395107784706,INFY.NS,IN,IT Services
2025-03-20,2130.68,2138.2,2130.15,2133.73,10648904,2121.406,2086.335,2059.9004999999997,1974.1831999999997,2087.5174070926782,2043.780138443858,67.98563543259962,76.10778734374242,43.73726864882019,39.10981399955253,4.627454649267662,2059.9004999999997,41.24372621825986,2142.3879524365193,1977.41304756348,0.9475195791497517,0.08008877364365866,37.87357142857137,10999939.45,0.9680874226914565,-81920635.0,-0.0037539044808733157,0.0037727360068968213,0.001431467888185345,0.055706185618017434,0.05234786125400115,0.020742739323660553,84.14509753867056,84.88886055451859,1,1,0.06439896331775796,INFY.NS,IN,IT Services
2025-03-21,2135.26,2101.45,2082.09,2090.7,16839148,2115.204,2090.3289999999997,2062.0255,1980.0006,2088.0070367707276,2047.2556838575797,59.7050664330559,50.08936792503925,40.75135291314791,39.43812178227161,1.3132311308763036,2062.0255,41.70147611609813,2145.4284522321964,1978.622547767804,0.6719033873015496,0.08089420061212214,38.351428571428514,11557486.4,1.4569903835672795,-98759783.0,-0.020166562779733277,0.009260056440422066,-0.02086865299775181,0.019475706567321227,0.020749926764964455,-0.014615569517040572,56.71299247700673,76.70959241737829,1,1,0.08103984311474632,INFY.NS,IN,IT Services
2025-03-24,2094.42,2181.87,2122.65,2148.97,7233541,2128.8720000000003,2100.904,2068.6894999999995,1986.6317999999999,2097.385954190616,2054.7900778732615,65.83721746103342,56.44261675174886,42.595876317354396,40.06967268928817,2.5262036280662272,2068.6894999999995,44.464911473731036,2157.6193229474616,1979.7596770525374,0.9513699529486134,0.08597696555951882,43.285714285714235,11438488.05,0.6323860580169895,-91526242.0,0.027871047974362684,0.027557387957939036,0.026045396816289798,0.051756541145838275,0.06612127856962124,0.03284582073698816,81.73541331215374,74.19783444261034,1,1,0.043304466791067586,INFY.NS,IN,IT Services
2025-03-25,2153.97,2211.48,2206.14,2208.51,14182838,2144.736,2117.196,2076.6495,1994.5184,2114.4819612382134,2066.1767390896857,69.1979213737009,77.79758281888529,48.30522214852772,41.71678258113608,6.588439567391639,2076.6495,54.03332981886347,2184.716159637727,1968.5828403622731,1.1100887195039046,0.1040779001344953,46.022857142857106,11639325.15,1.2185274144929772,-77343404.0,0.027706296504837358,0.0024179197739642236,0.025320686917633534,0.07964450354176567,0.07768468411318952,0.03725360348301465,98.58396109421874,79.01078896112641,1,1,0.017197114796853707,INFY.NS,IN,IT Services
2025-03-26,2220.21,2227.29,2210.6,2218.02,10855457,2159.986,2136.3599999999997,2085.1295,2002.083,2130.4108902784883,2077.4243883369895,72.64654458452193,73.25757972456402,52.98650194149877,43.97072645320862,9.015775488290153,2085.1295,62.07928694948222,2209.2880738989643,1960.9709261010355,1.0351644104220554,0.11908955669075215,44.24642857142851,11850611.35,0.9160249849873792,-66487947.0,0.004306070608690815,0.007524729263033034,-0.0009863931790231862,0.09457258756995235,0.08279552044990779,0.035601395107784706,95.61950666243447,91.97962702293565,1,1,0.015234308076572889,INFY.NS,IN,IT Services
2025-03-27,2220.37,2273.58,2269.19,2271.14,5528534,2187.468,2154.437,2096.6375,2011.0946000000001,2152.061522543336,2091.7736932483476,74.04950019642932,77.94047773314323,60.28782929498857,47.23414702156462,13.053682273423952,2096.6375,73.70816064758935,2244.0538212951788,1949.221178704821,1.0918696738114002,0.14062165853191935,45.979999999999954,11754827.15,0.47032027431213447,-60959413.0,0.023949288103804145,0.0019329499722597198,0.022865558442951905,0.0864775135502327,0.11276935589765702,0.06439896331775796,99.05393354232461,97.75246709965927,0,0,-0.01284377008903026,INFY.NS,IN,IT Services
2025-03-28,2273.3,2264.21,2256.87,2260.13,15236090,2221.354,2168.279,2108.3665,2018.7984,2168.687442152054,2104.244531062109,73.49290588107878,76.95325827362677,64.44291108994457,50.675899835240614,13.76701125470396,2108.3665,80.18069791840409,2268.7278958368083,1948.0051041631918,0.9731921270923238,0.15211908919699887,45.613571428571376,11706818.8,1.3014713013691386,-76195503.0,-0.004847785693528284,0.003247600801722422,-0.005793340078297751,0.06523983013701207,0.11581052059934338,0.08103984311474632,94.78500251989156,96.48614757488355,0,0,-0.013308968953113287,INFY.NS,IN,IT Services
2025-03-31,2243.15,2248.61,2236.77,2242.03,24925999,2239.966,2184.4190000000003,2119.2565,2025.9026,2179.9709125901995,2114.4508623041525,70.57480413926018,86.10832736817002,65.52005028604708,53.64472992540191,11.87532036064517,2119.2565,82.89660035406324,2285.0497007081262,1953.4632992918735,0.8702609620742798,0.15646355286209873,47.0878571428571,12574468.35,1.9822704486531673,-101121502.0,-0.00800838889798372,0.005280928444309337,-0.0004992978623807555,0.07757265828138604,0.1075964687807216,0.043304466791067586,87.76705052115956,93.86866219445858,1,0,0.008577048478387805,INFY.NS,IN,IT Services
2025-04-01,2238.73,2271.14,2226.77,2246.49,8718653,2247.562,2196.149,2130.4525000000003,2032.6832000000002,2190.2046183455536,2124.2315393564977,73.78898904091824,81.3085912418134,65.97307898905592,56.11039973813271,9.862679250923208,2130.4525000000003,84.26092200794893,2298.974344015898,1961.9306559841025,0.8442802939784131,0.1582028644298042,48.119999999999955,12437358.4,0.7010051506592307,-92402849.0,0.0019892686538536264,0.01975081126556546,0.003466250954780745,0.05509137277556242,0.11071063053441899,0.017197114796853707,87.33757128125947,89.96320810743687,0,0,-0.026352220575208363,INFY.NS,IN,IT Services
2025-04-02,2252.11,2255.16,2249.13,2251.81,11457639,2254.32,2207.1530000000002,2141.1145,2039.875,2199.6823693693145,2133.681795866853,69.98217645311419,71.32584712371953,66.00057350246152,58.08843449099847,7.912139011463047,2141.1145,85.5046445937488,2312.1237891874976,1970.1052108125025,0.8236534708877944,0.15973857464177432,41.42428571428569,12226832.8,0.9370896167738862,-80945210.0,0.0023681387408802657,0.0026778458218042677,-0.0001332084134434147,0.05137806580538529,0.1046027362317703,0.015234308076572889,89.69662549060679,88.2670824310086,0,1,-0.03180996620496401,INFY.NS,IN,IT Services
2025-04-03,2247.06,2277.62,2213.44,2241.97,5242362,2248.486,2217.977,2152.156,2046.9301999999998,2206.188158697112,2141.7031444519316,65.72190555875122,61.75748649975451,64.48501424518054,59.36775044183489,5.117263803345644,2152.156,83.42961025539078,2319.0152205107815,1985.2967794892184,0.769131066668945,0.1550623844281772,43.71642857142852,12044496.1,0.4352495547530997,-86187572.0,-0.004369818057473829,0.028626609633479135,-0.0022651820601131615,0.05072806774990268,0.1092601205260395,-0.01284377008903026,83.44401616085334,86.8260709775732,0,0,-0.019496246604548517,INFY.NS,IN,IT Services
2025-04-04,2245.75,2232.64,2227.98,2230.05,4511661,2242.4700000000003,2231.9120000000003,2161.1205,2053.7998000000002,2209.859211205249,2148.2473560727976,71.14633455986419,16.12530915086542,61.61185513245118,59.816571379958155,1.7952837524930274,2161.1205,81.5728859412699,2324.26627188254,1997.9747281174602,0.7112512607709994,0.15098257767899972,40.4714285714285,11695713.05,0.3857533606509472,-90699233.0,-0.00531675267733267,0.0020896392457558192,-0.006990982967824926,0.0666523174056537,0.08742612494879953,-0.013308968953113287,75.67125249283666,82.93729804809892,0,0,-0.008990829802022482,INFY.NS,IN,IT Services
2025-04-07,2230.0,2286.33,2241.21,2261.26,10606034,2246.316,2243.141,2172.0225,2060.8635999999997,2217.7670248659797,2156.6186631473747,69.65619883911302,50.69882498453934,61.148361718604974,60.082929447687526,1.065432270917448,2172.0225,79.53115846700071,2331.0848169340015,2012.9601830659985,0.7805111283404929,0.14646470460957772,38.92214285714278,11011003.5,0.9632212937520823,-80093199.0,0.013995201901302767,0.019953477264878842,0.014017937219724753,0.0522529397804532,0.1067139123540295,0.008577048478387805,87.72522522479584,82.28016462616195,0,0,-0.014332717157691022,INFY.NS,IN,IT Services
2025-04-08,2267.43,2194.04,2181.89,2187.29,5147372,2234.476,2241.0190000000002,2179.1075,2067.0576,2213.0782518096753,2158.89061405475,55.7280918105401,29.980983031012173,54.18763775492516,58.90387110913506,-4.716233354209898,2179.1075,73.77878498912523,2326.6650699782504,2031.5499300217496,0.5277264663570915,0.13542936268925024,42.554999999999964,11042110.8,0.46615829410457515,-85240571.0,-0.03271185091497675,0.005554818976904999,-0.03534397974798099,-0.009608287940738425,0.06927096827810075,-0.026352220575208363,51.508029768647106,71.63483582875986,1,1,0.02125461187131128,INFY.NS,IN,IT Services
2025-04-09,2183.94,2192.11,2170.64,2180.18,9963367,2220.15,2237.235,2186.7975,2072.221,2208.0169823004944,2160.4676056251474,55.85883302641203,26.210805768816897,47.54937667534705,56.63297222237746,-9.083595547030413,2186.7975,64.44729065186742,2315.692081303735,2057.9029186962653,0.47432979752313736,0.11788433204599504,43.25857142857142,11302710.05,0.8815024073361585,-95203938.0,-0.0032505977716718037,0.009847810731219628,-0.0017216590199357568,-0.017060260953463025,0.07589889359350166,-0.03180996620496401,48.02683117876985,62.420028724070924,1,1,0.03696483776568904,INFY.NS,IN,IT Services
2025-04-10,2188.7,2202.5,2194.87,2198.26,4316483,2211.408,2229.947,2192.192,2077.2588,2206.5159081004185,2163.2670422765677,64.47800570720945,32.3999211200948,43.24886582385079,53.95615094267213,-10.70728511882134,2192.192,60.335346068958536,2312.8626921379173,2071.5213078620827,0.5251428076360903,0.11009135343789435,41.164285714285725,10654827.2,0.4051199061097954,-90887455.0,0.008292893247346722,0.0034709270059031403,0.004367889614838047,-0.03208961138459088,0.05161287236230927,-0.019496246604548517,46.19379276609132,48.576217904502755,1,1,0.013210448263626606,INFY.NS,IN,IT Services
2025-04-11,2209.82,2224.29,2198.57,2210.0,13359336,2207.398,2224.934,2196.6065000000003,2083.3844,2207.0519222388157,2166.728742884238,59.39125350075405,39.62215152892302,40.32317935457786,51.22955662505328,-10.906377270475417,2196.6065000000003,58.09537623369573,2312.797252467392,2080.4157475326087,0.5576358260662821,0.10579113962135564,36.51142857142856,10964207.25,1.2184496769294764,-77528119.0,0.005340587555612064,0.011638009049768399,8.145459811195247e-05,-0.022180140080437893,0.0416126614853114,-0.008990829802022482,34.02195522487673,42.74752638991263,1,1,0.013615384615384585,INFY.NS,IN,IT Services
2025-04-14,2216.99,2231.34,2226.86,2228.85,15403030,2200.916,2223.6159999999995,2204.0175,2090.401,2210.405472663613,2171.330317529178,53.57796228539258,49.627236580516815,39.075155134435136,48.79867632692965,-9.723521192494516,2204.0175,51.614470826329324,2307.2464416526586,2100.788558347341,0.6202787687339433,0.09367343195107286,33.57071428571427,10525623.1,1.463384009694969,-62125089.0,0.008529411764705896,0.0020100051596105653,0.005349595622891749,-0.005878601089191582,0.07123803847872989,-0.014332717157691022,50.31549831402615,43.510415434998066,0,0,-0.010045539179397434,INFY.NS,IN,IT Services
2025-04-15,2230.14,2239.06,2229.56,2233.78,7773071,2210.2140000000004,2222.3450000000003,2209.2470000000003,2096.7972,2214.001553792288,2175.9562199751686,52.81770721590507,39.798039798039845,38.04533381711963,46.64800782496765,-8.602674007848023,2209.2470000000003,48.85893584163209,2306.9648716832644,2111.529128316736,0.6255297499667918,0.08846260439255534,32.95857142857143,10289895.5,0.7554080840366082,-54352018.0,0.002211902999304627,0.004252880767128252,0.0016321845265313817,-0.005657714924170443,0.04912196656944667,0.02125461187131128,54.576886506573196,46.30478001515869,0,1,-0.050089982003599376,INFY.NS,IN,IT Services
2025-04-16,2236.6,2288.07,2238.93,2260.77,9644440,2226.332,2223.241,2215.1969999999997,2103.5064,2221.1966993627057,2182.238722250467,47.954877134855856,91.89281641961219,38.957977112238495,45.110001682421824,-6.152024570183329,2215.1969999999997,47.43424291638251,2310.065485832765,2120.3285141672345,0.7401904046386729,0.08565241451006149,32.86785714285715,10579697.95,0.9115987180334655,-44707578.0,0.012082658095246446,0.02173595721810648,0.010806581418219292,0.003979021320626552,0.05556152154526406,0.03696483776568904,76.7521076379395,60.54816415284628,0,0,-0.043520570425120586,INFY.NS,IN,IT Services
2025-04-17,2249.0,2276.59,2187.86,2227.3,16747701,2232.1400000000003,2221.7740000000003,2219.8755,2109.0968000000003,2222.13566869152,2185.576594701564,44.05232073625857,70.6557951955113,36.55907398995623,43.39981614392871,-6.840742153972478,2219.8755,43.420819584835,2306.71713916967,2133.03386083033,0.5427473506398898,0.07824009875295346,38.18642857142858,10884637.8,1.5386547323922222,-61455279.0,-0.014804690437328794,0.03983747137788361,-0.009648732770115681,-0.006543352498026067,0.04385278362304512,0.013210448263626606,48.25002128886798,59.859671811126894,0,0,-0.03422529520046691,INFY.NS,IN,IT Services
2025-04-18,2232.62,2243.98,2236.99,2240.09,6282033,2238.1580000000004,2222.7780000000002,2227.345,2114.978,2224.897873508209,2189.614624751904,49.641643268804486,69.2286476050382,35.283248756305056,41.776502666403985,-6.493253910098929,2227.345,31.143497673930796,2289.6319953478614,2165.058004652138,0.6023086755768159,0.05592936464520197,37.709285714285706,10356782.05,0.6065621892118325,-55173246.0,0.005742378664751024,0.003120410340654668,0.0033458447922158313,0.0045021412075962886,0.07145453675802371,0.013615384615384585,59.14161628153681,61.38124840278143,0,0,-0.026079309313465138,INFY.NS,IN,IT Services
2025-04-21,2250.2,2238.52,2180.81,2206.46,8965042,2233.6800000000003,2217.298,2230.2195,2119.7964,2222.061277583869,2190.862430333915,43.324995831249005,48.64533904791062,31.198847249953815,39.660971583113955,-8.46212433316014,2230.2195,25.70758550245669,2281.6346710049133,2178.804328995087,0.26894465645170545,0.04610772258505509,38.774285714285725,10443357.1,0.8584443733668388,-64138288.0,-0.015012789664700987,0.026155017539395177,-0.019438272153577615,-0.024234276465333604,0.026752351126353657,-0.010045539179397434,30.50327854866307,45.964972039689286,0,0,-0.021863074789481907,INFY.NS,IN,IT Services
2025-04-22,2206.02,2128.53,2116.59,2121.89,9888351,2211.302,2210.758,2225.8885,2123.1272,2206.6503118017354,2185.7533613896653,32.86467950408864,22.767084224462792,20.896950412070055,35.908167348905174,-15.011216936835119,2225.8885,35.127996073724574,2296.144492147449,2155.632507852551,-0.24013971492633912,0.0631262456744059,44.574285714285715,10228632.75,0.9667323360756758,-74026639.0,-0.03832836307932175,0.005627058895604592,-0.038136553612370686,-0.029900013258415736,-0.0392210132623354,-0.050089982003599376,3.0907394448150334,30.91187809167164,1,1,0.008572546173458484,INFY.NS,IN,IT Services
2025-04-23,2109.16,2176.5,2151.08,2162.38,15519585,2191.6240000000003,2208.978,2223.1065,2126.7672000000002,2199.8394946014682,2184.0220012771174,40.287980475899985,34.60808829869792,15.817493324350835,31.890032543994305,-16.07253921964347,2223.1065,37.87942911740988,2298.8653582348197,2147.34764176518,0.09921188482096076,0.06815585149410142,43.8907142857143,10461839.15,1.4834469631998726,-58507054.0,0.019082044780832197,0.0117555656267577,0.02523279409811253,-0.008164463484666262,-0.025085436560535967,-0.043520570425120586,26.702822486431614,20.098946826636574,1,0,0.014428546323957736,INFY.NS,IN,IT Services
2025-04-24,2150.79,2172.79,2133.69,2151.07,9602080,2176.3779999999997,2204.259,2217.103,2130.2102,2192.3364954320114,2181.581112281083,40.34804712323412,24.637011005271503,10.755383150928537,27.663102665381153,-16.907719514452616,2217.103,39.35223649095238,2295.807472981905,2138.398527018095,0.0805003356336421,0.07099757925713819,45.68428571428574,10665516.45,0.9002919966156917,-68109134.0,-0.005230348042434718,0.018177000283571308,0.00013018472282280924,-0.021466978428393402,-0.05286772281761565,-0.03422529520046691,20.10730114287319,16.633621024706613,1,0,0.018093320998386675,INFY.NS,IN,IT Services
2025-04-25,2163.49,2191.39,2173.9,2181.67,22825001,2164.6940000000004,2201.4260000000004,2213.18,2133.4038,2190.6954961347788,2181.5876965565894,40.25897730888797,39.30830873049346,9.107799578189315,23.952042047942786,-14.844242469753471,2213.18,38.74324932706089,2290.666498654122,2135.693501345878,0.296674255853602,0.0700227714456908,44.54428571428574,11044962.0,2.0665529617437377,-45284133.0,0.014225478482801535,0.008016794473954248,0.008403089452686118,-0.012819004524886823,-0.03471481728927095,-0.026079309313465138,37.95194774878727,28.254023792697353,0,1,-0.005321611426109429,INFY.NS,IN,IT Services
2025-04-28,2187.48,2165.51,2152.39,2158.22,7756535,2155.0460000000003,2194.3630000000003,2208.9895,2136.6044,2185.6992659601974,2179.8567560632896,45.94005754029215,31.729524659674155,5.8425098969078135,20.33013561773579,-14.487625720827978,2208.9895,39.97158286303802,2288.9326657260763,2129.046334273924,0.18246503913703138,0.0723798512632495,40.96642857142859,10186488.8,0.7614531749690654,-53040668.0,-0.010748646678920393,0.006079083689333927,-0.013376122295969262,-0.03168898759449945,-0.037381301766702624,-0.021863074789481907,24.276883601444414,27.445377497701624,0,1,-0.0037762600661654933,INFY.NS,IN,IT Services
2025-04-29,2150.37,2149.71,2132.38,2140.08,13935718,2158.684,2184.993,2203.6690000000003,2139.9658,2178.6809173509364,2176.9103296762105,44.56698460871452,34.086114307633295,1.7705876747259026,16.618226029133815,-14.847638354407913,2203.6690000000003,41.75927163356914,2287.1875432671386,2120.150456732862,0.11931208619906675,0.07579953547206987,41.278571428571404,10447342.05,1.3339006801351276,-66976386.0,-0.008405074552177205,0.008097828118571189,-0.004785223008131242,-0.04194683451369441,-0.04736722620621492,0.008572546173458484,13.698390482775132,25.309073944335605,1,1,0.004425068221748818,INFY.NS,IN,IT Services
2025-04-30,2126.8,2198.7,2189.48,2193.58,20598858,2164.924,2178.274,2200.7575,2143.571,2180.973083912331,2178.1451200752294,49.42145082331995,70.19550397205475,2.827963837101379,13.860173590727328,-11.03220975362595,2200.7575,40.22803027410921,2281.2135605482185,2120.301439451782,0.45539490778227915,0.07311669781716687,43.871428571428524,10904403.0,1.8890402446571128,-46377528.0,0.024999065455497016,0.004203174718950572,0.031399285311250864,-0.029719962667586697,-0.025859197712062798,0.014428546323957736,44.89736412383415,27.624212736017896,0,0,-0.03046161981783191,INFY.NS,IN,IT Services
2025-05-01,2187.29,2221.41,2164.85,2189.99,8350400,2172.7079999999996,2174.543,2198.1585,2146.819,2182.3603017719724,2179.022518591244,47.47546112891421,59.8193328117219,3.3377831807283656,11.755695508727536,-8.41791232799917,2198.1585,39.088271800710736,2276.3350436014216,2119.9819563985784,0.44775606835411796,0.07112912340159823,46.052142857142826,11059804.9,0.7550222920277471,-54727928.0,-0.0016365940608503715,0.025826601947942285,0.0012344042170899074,-0.016751223454406827,-0.023184966792597628,0.018093320998386675,42.80382551876114,33.79986004179014,0,0,-0.020890506349344085,INFY.NS,IN,IT Services
2025-05-02,2196.76,2196.32,2149.05,2170.06,13707659,2170.3859999999995,2167.54,2195.159,2149.2562,2180.4679476532074,2178.3586283230757,42.60298447369084,56.36351450975129,2.1093193301317115,9.826420273008372,-7.717100942876661,2195.159,38.81296906146516,2272.7849381229303,2117.53306187707,0.33833367681437126,0.07072466105908028,47.90428571428567,11519604.8,1.1899416731777401,-68435587.0,-0.009100498175790728,0.02178280784862087,-0.012154263551770843,-0.03126213678914691,-0.026900742135826605,-0.005321611426109429,31.181478889484477,39.627556177359914,1,0,0.00413813442946287,INFY.NS,IN,IT Services
2025-05-05,2175.3,2181.47,2124.96,2150.07,9569443,2168.756,2161.9010000000003,2189.5995,2151.9438,2175.7913403219445,2176.2631743669344,39.852103285246685,38.60028860028863,-0.47183404498991877,7.766769409408714,-8.238603454398632,2189.5995,36.75523571365415,2263.109971427308,2116.0890285726914,0.23113014219123917,0.06714512989912068,51.211428571428506,11467775.25,0.8344636999697304,-78005030.0,-0.009211726864694847,0.02628286520902737,-0.011598400220653894,-0.02555677419939628,-0.049171700733219526,-0.0037762600661654933,19.524142757059,31.169815721768202,1,0,0.021603947778444432,INFY.NS,IN,IT Services
2025-05-06,2151.25,2177.49,2127.21,2149.55,13149622,2170.65,2164.6670000000004,2187.7125,2153.9486,2171.7542110416452,2174.28442070463,35.592517747033554,46.252269387049516,-2.5302096629848165,5.707373594930008,-8.237583257914824,2187.7125,37.833021621301484,2263.378543242603,2112.046456757397,0.24782281215703386,0.06917366266597488,50.92499999999992,11867887.75,1.1080001065901464,-91154652.0,-0.00024185259084585908,0.023390942290235795,-0.000790238233584673,0.013035548496859173,-0.017254227834443414,0.004425068221748818,20.599999999871272,23.76854054880491,1,1,0.01138377800004653,INFY.NS,IN,IT Services
2025-05-07,2159.21,2130.23,2123.98,2126.76,15058834,2157.286,2161.105,2185.0415000000003,2155.5154,2164.832024727546,2170.7640932359773,36.60538236077806,44.464760638297975,-5.932068508431257,3.3794851742577547,-9.311553682689013,2185.0415000000003,40.20421348366342,2265.449926967327,2104.6330730326736,0.13759084589591683,0.07359899294113169,46.41357142857136,12122661.1,1.2422052083758073,-106213486.0,-0.010602219069107521,0.002938742500327757,-0.015028644735799106,-0.016472590386518493,-0.02450256400847617,-0.03046161981783191,7.983358191318195,16.03583364941615,1,1,0.022790535838552506,INFY.NS,IN,IT Services
2025-05-08,2119.73,2154.93,2135.68,2144.24,16133442,2148.136,2160.422,2182.3405,2157.5806,2161.664020923308,2168.7993455841906,37.387825995420876,20.73546856464972,-7.135324660882816,1.27652320722964,-8.411847868112456,2182.3405,41.074593565570936,2264.4896871311416,2100.191312868858,0.26810178328700324,0.07528539852612753,47.23428571428563,12713509.05,1.268999822751546,-90080044.0,0.008219075024920253,0.00897753982762705,0.011562793374622335,-0.003175163988154872,-0.024573981239707998,-0.020890506349344085,22.67694578838096,17.086767993190136,1,1,0.034100660373838965,INFY.NS,IN,IT Services
2025-05-09,2157.31,2197.57,2164.22,2179.04,14088062,2149.932,2160.159,2180.7925,2160.6504,2164.337248473568,2169.5579125796266,46.403085318501404,45.260150636308595,-5.220664106058848,-0.022914255428058014,-5.19774985063079,2180.7925,40.55745876950388,2261.907417539008,2099.677582460992,0.4891974247545374,0.07439031227314898,46.80928571428564,12749945.35,1.1049506886748586,-75991982.0,0.01622952654553611,0.015304904912248082,0.010072729464003758,-0.0012054985401092067,-0.014009049773755722,0.00413813442946287,59.578324746617255,30.07954290877213,1,0,0.005548314854247893,INFY.NS,IN,IT Services
2025-05-12,2186.33,2210.07,2185.67,2196.52,20824588,2159.222,2163.989,2179.176,2164.0962,2169.288441016096,2171.5551042444713,61.881109306842454,61.70175128250494,-2.2666632283753643,-0.47166405001751943,-1.7949991783578447,2179.176,39.16148166647557,2257.498963332951,2100.853036667049,0.6107210405565221,0.07188310015612795,42.60642857142852,13021023.25,1.599304908751706,-55167394.0,0.008021881195388714,0.01110848068762815,0.0046607785649903696,0.017746105587011618,-0.014505238127285325,0.021603947778444432,74.45345376091096,52.236241431969724,1,1,0.017545936299236953,INFY.NS,IN,IT Services
2025-05-13,2198.49,2178.24,2170.64,2174.02,22348525,2164.116,2167.383,2176.188,2167.1252000000004,2170.016373167466,2171.7376891155964,51.96568495001349,60.361685558535896,-1.7213159481302682,-0.7215944296400694,-0.9997215184901989,2176.188,36.99590014266917,2250.1798002853384,2102.196199714662,0.48534972799604215,0.0680012942680543,40.55428571428566,13749795.95,1.6253712750281741,-77515919.0,-0.01024347604392406,0.003495828005260491,-0.011130366751719896,0.015859220216066783,-0.02675285838354724,0.01138377800004653,51.35995073333311,61.7972430802871,1,1,0.03477428910497604,INFY.NS,IN,IT Services
2025-05-14,2166.46,2182.49,2169.41,2175.23,21751920,2173.81,2165.5480000000002,2171.911,2169.8584,2170.8184696032404,2171.99637881119,54.22407161339952,61.044211250645056,-1.1779092079495967,-0.8128573853019749,-0.3650518226476218,2171.911,31.19225981921688,2234.2955196384337,2109.5264803615664,0.5266011505635494,0.05744666299715311,38.69571428571424,14355169.95,1.5152672215303713,-55763999.0,0.0005565726166272267,0.006013157229347661,0.004048078432094723,-0.00836532061743811,-0.03783666626857218,0.022790535838552506,52.60186800726066,59.471757500501575,1,1,0.032116144039940675,INFY.NS,IN,IT Services
2025-05-15,2184.24,2224.64,2211.53,2217.36,2712797,2188.434,2168.285,2171.4139999999998,2173.7828,2177.978705048896,2175.3566470528426,55.998117710329076,83.40707964601768,2.6220579960531722,-0.12587430903094537,2.7479323050841176,2171.4139999999998,30.33055995800895,2232.0751199160177,2110.752880083982,0.8787104496482379,0.05587245906675557,39.34499999999996,13653424.75,0.1986898416318703,-53051202.0,0.01936806682511749,0.005912436410864162,0.015163168882533598,0.012497773962438341,-0.004462802496295937,0.034100660373838965,92.76773296152649,65.57651723404008,1,1,0.0009290327235991214,INFY.NS,IN,IT Services
2025-05-16,2220.9,2232.94,2157.67,2191.13,14778763,2190.852,2170.3920000000003,2168.9660000000003,2176.5902,2180.0019811952193,2176.5250435691996,55.47970295381138,66.24177346726714,3.4769376260196623,0.5946880779791764,2.8822495480404857,2168.9660000000003,26.188977271445435,2221.3439545428914,2116.5880454571093,0.7115775634302272,0.04829762618949944,42.629999999999946,14078261.25,1.0497576147936867,-67829965.0,-0.011829382689324208,0.03435213793794326,-0.013404475663013452,0.009709408956434462,-0.02185626470365032,0.005548314854247893,61.62812041059452,68.99924045979388,1,1,0.008009565840456645,INFY.NS,IN,IT Services
2025-05-19,2183.15,2250.74,2222.51,2235.06,11902348,2198.56,2178.891,2170.3959999999997,2180.427,2188.472445626724,2180.8609662738,64.56391069676155,68.24993484493092,7.611479352924107,1.998046332968163,5.613433019955944,2170.3959999999997,28.97649399441701,2228.348987988834,2112.4430120111656,1.057900483158877,0.0534031466965544,45.0421428571428,14225126.55,0.836712919315792,-55927617.0,0.020049015804630477,0.012630533408493254,0.02377756910884551,0.039528945569213825,0.012961939033565129,0.017545936299236953,87.63016724449655,80.67534020553917,1,0,0.010196594274874071,INFY.NS,IN,IT Services
2025-05-20,2236.48,2273.61,2230.44,2249.62,6871457,2213.68,2188.898,2176.7825,2184.5076,2197.879761684151,2185.954228037847,59.75830605279656,67.63416578108394,11.925533646304302,3.9835437956353914,7.941989850668911,2176.7825,31.673473356605438,2240.1294467132107,2113.435553286789,1.0749093190606382,0.05820236676211956,43.938571428571386,14074281.85,0.48822786022095616,-49056160.0,0.006514366504702274,0.019189907628835486,0.005875304049217519,0.046553929892303,0.0601963343999925,0.03477428910497604,83.96711889270875,77.74180218259994,0,0,-0.00025782132093421506,INFY.NS,IN,IT Services
2025-05-21,2248.43,2246.78,2243.73,2245.09,15172157,2227.652,2200.731,2180.918,2188.8818,2205.142875271205,2190.334655595815,59.56331574562631,76.80066370012834,14.808219675389864,6.148478971586287,8.659740703803578,2180.918,34.92654300548039,2250.771086010961,2111.0649139890393,0.9593354686503849,0.06405842494851142,40.31928571428567,14056910.45,1.0793378797303301,-64228317.0,-0.0020136734203998197,0.0013585201484122343,-0.001485480980060845,0.05563862401023156,0.038249521360723016,0.032116144039940675,80.93965113893648,84.17897909204726,0,1,-0.0031312775879809296,INFY.NS,IN,IT Services
2025-05-22,2252.49,2242.19,2201.21,2219.42,4389461,2228.064,2208.249,2184.3355,2191.4628,2207.3393559987117,2192.4891255540565,58.39970049690291,64.0687679083095,14.850230444655153,7.888829266200062,6.961401178455091,2184.3355,35.195184699763864,2254.7258693995277,2113.9451306004726,0.7492137795165925,0.06445014458584347,40.07714285714282,13796279.5,0.3181626381110474,-68617778.0,-0.01143384006877235,0.01846428346143657,-0.014681530217663576,0.03506137372682172,0.03177488412743412,0.0009290327235991214,63.78400053422586,76.23025685529036,1,1,0.0012841192744050822,INFY.NS,IN,IT Services
2025-05-23,2210.83,2220.31,2199.37,2208.68,4535293,2231.574,2211.2129999999997,2185.686,2193.2022,2207.545608921987,2193.6884495883137,60.297993463822564,46.54623587458209,13.85715933367328,9.082495279694706,4.774664053978574,2185.686,35.60336492077768,2256.8927298415556,2114.4792701584447,0.6614594579087045,0.06515732803478895,37.53642857142855,12881794.1,0.35206995335611263,-73153071.0,-0.004839102107757953,0.009480775848013554,-0.0009724854466418125,0.013602320287833036,0.012380424170474802,0.008009565840456645,56.606295528592995,67.10998240058511,0,1,-0.0004482315229004108,INFY.NS,IN,IT Services
2025-05-26,2195.53,2263.28,2253.51,2257.85,7520834,2236.132,2217.3460000000005,2190.6675,2196.7466,2215.284746010912,2198.441157030709,66.25052517856068,72.44952893674288,16.843588980203094,10.634714019796386,6.208874960406709,2190.6675,38.41692826905087,2267.501356538102,2113.833643461898,0.9371933352437345,0.07014652523768829,37.84500000000003,12870009.05,0.584368929843998,-65632237.0,0.02226216563739425,0.00432712536262181,0.02838494577617765,0.027921439367727174,0.046163041765899804,0.010196594274874071,89.46735280298411,69.95254962193432,0,0,-0.03184888278672182,INFY.NS,IN,IT Services
2025-05-27,2254.44,2256.75,2242.88,2249.04,4686289,2236.016,2224.8480000000004,2196.1155,2199.1436000000003,2220.4778620092334,2202.1892194761595,69.1517353715073,56.15967571378217,18.288642533073926,12.165499722451894,6.123142810622031,2196.1155,38.59096341929501,2273.2974268385897,2118.93357316141,0.8428555243887471,0.07028949692177361,37.087857142857146,12407537.6,0.37769691081194784,-70318526.0,-0.0039019421130721543,0.006167075730086492,-0.002395273327299771,0.034507502230890275,0.05091398452394302,-0.00025782132093421506,82.18661639902706,76.08675491020138,0,0,-0.04126649592715115,INFY.NS,IN,IT Services
2025-05-28,2241.78,2243.67,2233.57,2238.06,3890894,2234.6099999999997,2231.131,2198.3395,2201.0694,2223.182806315505,2204.846314331931,64.99968024557143,44.740673339399486,18.33649198357398,13.399698174676313,4.936793808897665,2198.3395,39.702827351897945,2277.745154703796,2118.9338452962043,0.7501112807860966,0.0722414847240471,36.1807142857143,11572139.4,0.336229415260119,-74209420.0,-0.004882083022089478,0.004512837010623217,-0.0016593956588062142,0.028884301889914976,0.02027735482635684,-0.0031312775879809296,69.33758840719895,80.33051920307004,0,0,-0.034543309830835645,INFY.NS,IN,IT Services
2025-05-29,2220.39,2242.78,2205.86,2222.27,8708364,2235.18,2231.6220000000003,2199.9535,2202.8402,2223.042374574658,2206.1369577157197,57.35879889694618,40.582700561241296,16.905416858938224,14.100841911528697,2.8045749474095274,2199.9535,40.00054621663738,2279.9545924332747,2119.9524075667255,0.6394762203902006,0.07272980309196375,35.00857142857142,11590037.6,0.7513662637844882,-82917784.0,-0.007055217465126051,0.016613642806672213,0.0008466981025852497,0.0022143449868310405,0.014739793332389839,0.0012841192744050822,55.718475072833094,69.0808932930197,0,0,-0.03211580951009552,INFY.NS,IN,IT Services
2025-05-30,2228.02,2228.75,2190.83,2207.69,12764339,2234.982,2233.278,2201.835,2205.18,2220.6804707939414,2206.2519978850055,51.920365849465334,44.67157263559553,14.428472908935873,14.166368111010131,0.26210479792574226,2201.835,39.40094942748495,2280.63689885497,2123.0331011450303,0.537150120013216,0.07157838698624916,35.50071428571427,11542871.6,1.1058199672064302,-95682123.0,-0.006560858941532688,0.017176324574547555,-0.009124693674199874,0.0075577441776617516,0.01734053436310523,-0.0004482315229004108,43.143005002215396,56.066356160749145,0,0,-0.028251249043117377,INFY.NS,IN,IT Services
2025-06-02,2205.43,2190.45,2182.34,2185.94,7698711,2220.6,2228.366,2203.6285,2205.9194,2215.335782979489,2204.747405448111,52.05460562603422,40.60951437066411,10.588377531378228,13.450769995083752,-2.8623924637055236,2203.6285,37.700317222563974,2279.029134445128,2128.2278655548716,0.38270324162023445,0.06843316325332872,35.46285714285711,11449335.0,0.6724155007766389,-103380834.0,-0.009851926674487865,0.0037100743844734815,-0.008837278897988576,-0.02197703864773204,0.01668317775700312,-0.03184888278672182,24.383301707569547,41.081593927539345,0,0,-0.004478622469052174,INFY.NS,IN,IT Services
2025-06-03,2188.77,2164.02,2150.0,2156.23,22213426,2202.038,2219.027,2203.9625,2204.8738,2206.242585598029,2201.1535235609244,47.01801745244523,0.0,5.089062037104668,11.778428403487935,-6.6893663663832665,2203.9625,37.22256458751099,2278.407629175022,2129.517370824978,0.17941153082050923,0.06755571310763064,37.095714285714266,11902525.2,1.866278269566002,-125594260.0,-0.013591406900463898,0.006502089294738261,-0.014866797333655476,-0.04151367786559501,0.003107627177781236,-0.04126649592715115,5.040045303737247,24.188784004507394,1,0,0.007986161031058758,INFY.NS,IN,IT Services
2025-06-04,2147.22,2174.58,2149.69,2160.75,10889392,2186.576,2210.593,2205.662,2203.7284,2199.2437262752555,2198.160669962168,39.92597074420754,4.643994657351257,1.0830563130875817,9.639353985407865,-8.556297672320284,2205.662,34.162302338255316,2273.9866046765105,2137.337395323489,0.17133362708199162,0.061953830347967864,35.3442857142857,11694053.1,0.9311904927821396,-114704868.0,0.0020962513275484262,0.011519148443821984,0.006301170816215339,-0.03756642272692856,0.01598205721378987,-0.034543309830835645,8.925112976041548,12.78281999578278,0,1,-0.022191368737706774,INFY.NS,IN,IT Services
2025-06-05,2168.86,2183.18,2125.08,2150.9,4342256,2172.302,2203.7410000000004,2205.995,2201.3235999999997,2191.806229925216,2194.659879592812,42.397671869685155,4.698544698544694,-2.8536496675960734,7.140753254807077,-9.99440292240315,2205.995,33.55921075224384,2273.1134215044876,2138.876578495512,0.08956871477970062,0.06085092804331589,34.11785714285712,11104493.8,0.39103588935896477,-119047124.0,-0.004558602337151441,0.02701194848666739,-0.0082808480030946,-0.030872930765695528,0.0031059955975079045,-0.03211580951009552,17.383693529809666,10.44961726986282,0,1,-0.01847133757961783,INFY.NS,IN,IT Services
2025-06-06,2167.27,2167.41,2127.65,2145.32,5211237,2159.828,2197.405,2204.309,2199.0274000000004,2184.6545022444134,2191.00507369532,30.16707920792082,5.256425165716948,-6.3505714509065,4.442488313664361,-10.793059764570861,2204.309,35.759594649148696,2275.8281892982977,2132.7898107017027,0.08760019108961134,0.06489034822093008,32.69999999999998,10660652.55,0.48882903618981216,-124258361.0,-0.0025942628667069423,0.018533365651735512,-0.010127948986508229,-0.028686817465635395,-0.015474704457008492,-0.028251249043117377,13.626876725149089,13.311894410333432,0,0,-0.013121585590960883,INFY.NS,IN,IT Services
2025-06-09,2140.97,2176.59,2175.8,2176.15,6863480,2157.8700000000003,2189.2349999999997,2203.2905,2197.7098,2183.346117283734,2189.904697865555,34.85217104449303,34.57550860719873,-6.558580581820934,2.2422745345673016,-8.800855116388234,2203.2905,36.27942544006045,2275.849350880121,2130.731649119879,0.3129759521333006,0.06586408000224044,31.849999999999973,9962597.15,0.6889247058509531,-117394881.0,0.014370816474931436,0.0003630264457871013,0.016431804275624535,-0.03618486613371119,-0.009273760311765855,-0.004478622469052174,36.95369030364004,22.65475351953293,0,0,-0.027617581508627587,INFY.NS,IN,IT Services
2025-06-10,2184.88,2180.56,2167.76,2173.45,5378818,2161.314,2181.676,2203.2619999999997,2196.249,2181.823637701621,2188.6858313565017,35.11716802393214,42.49308811155173,-6.862193654880684,0.4213808966777039,-7.283574551558388,2203.2619999999997,36.30384532333876,2275.869690646677,2130.6543093533223,0.29470494285952864,0.06590926603068037,32.343571428571394,9114111.8,0.5901636415998713,-122773699.0,-0.001240723295728774,0.005889254411186749,-0.005231408589943182,-0.033609895777754084,-0.0002621871003947174,0.007986161031058758,34.9999999997466,28.52685567617858,0,0,-0.039614437875267416,INFY.NS,IN,IT Services
2025-06-11,2175.17,2116.64,2109.74,2112.8,10463308,2151.7239999999997,2169.15,2200.1405000000004,2193.4688,2171.2046165167562,2183.064658661317,30.66095915257928,30.973451327433636,-11.860042144560794,-2.0349037115699966,-9.825138432990798,2200.1405000000004,41.19537512043744,2282.531250240875,2117.7497497591257,-0.030038261240640487,0.07489589891267147,33.759999999999955,8549681.2,1.2238242024949186,-133237007.0,-0.027904943753019218,0.0032658084059053504,-0.028673620912375224,-0.05596811524266543,-0.028700413289629023,-0.022191368737706774,1.992966002331941,24.64888543523953,0,1,-0.0055518742900416695,INFY.NS,IN,IT Services
2025-06-12,2100.45,2117.81,2105.85,2111.17,15692928,2143.778,2158.04,2194.831,2190.8528,2161.9685216680246,2177.7391283882575,31.708872631776416,27.71485077310318,-15.77060672023299,-4.782044313302596,-10.988562406930395,2194.831,45.47963256109859,2285.7902651221975,2103.8717348778027,0.040118316217443654,0.0828849830553295,33.118571428571386,9198687.75,1.70599619429454,-148929935.0,-0.0007714880726997775,0.00566510513127525,0.00510366826156069,-0.04999392513060963,-0.04789028394126349,-0.01847133757961783,3.379279679836347,13.457415227304963,1,0,0.0005731419070942323,INFY.NS,IN,IT Services
2025-06-13,2119.03,2130.57,2106.45,2117.17,10374931,2138.148,2148.9880000000003,2191.133,2188.5951999999997,2155.076441411405,2173.2525262839795,18.511057390992903,34.29555824564669,-18.176084872574393,-7.460852425156958,-10.715232447417435,2191.133,48.68998168863831,2288.5129633772763,2093.7530366227234,0.12023501840123312,0.08888548835441028,30.941428571428528,8978496.15,1.1555309119856434,-138555004.0,0.0028420259855910235,0.0113925664920573,-0.0008777601072185148,-0.041002133451707445,-0.03375427290941202,-0.013121585590960883,7.501656726259205,4.291300802809165,0,0,-0.004241511073744708,INFY.NS,IN,IT Services
2025-06-16,2122.49,2145.03,2092.85,2116.05,33661004,2126.1279999999997,2141.999,2185.1825,2185.6910000000003,2149.072373501958,2169.015302113533,19.17103250034772,35.78159914505002,-19.9429286115751,-9.957267662440586,-9.985660949134513,2185.1825,50.28512314003414,2285.752746280068,2084.6122537199317,0.15629745099939552,0.09204745716206512,33.599285714285706,10066428.95,3.343886975540917,-172216008.0,-0.0005290080626496607,0.024659152666513376,-0.003034172128017831,-0.03197251525659439,-0.05324689270086702,-0.027617581508627587,15.382575255169357,8.754503887088303,0,0,-0.017405070768649278,INFY.NS,IN,IT Services
2025-06-17,2116.08,2092.98,2082.85,2087.35,9721069,2108.9080000000004,2135.111,2177.069,2183.6922,2139.576623732426,2162.9660204738243,17.715607728889054,5.952380952380949,-23.389396741398286,-12.643693478232128,-10.745703263166158,2177.069,52.388079992123124,2281.845159984246,2072.292840015754,0.07185394075540723,0.09625433092308783,34.86571428571431,10208909.55,0.9522141419879518,-181937077.0,-0.01356300654521414,0.004853043332452754,-0.013576991418087428,-0.031944644124235366,-0.07213218232412588,-0.039614437875267416,2.8137310072981023,8.565987662908888,0,1,-0.017352145064315927,INFY.NS,IN,IT Services
2025-06-18,2088.11,2116.65,2088.61,2101.07,11903066,2106.5620000000004,2129.143,2169.868,2182.11,2133.652527773591,2158.3811300671846,23.804789487334716,17.63548560186034,-24.728602293593667,-15.060675241304438,-9.66792705228923,2169.868,52.44426170002913,2274.756523400058,2064.979476599942,0.1720422894229929,0.09667733097129394,34.321428571428605,10045455.0,1.1849204257128796,-170034011.0,0.006572927395980699,0.013345581061072033,0.006206569577270273,-0.02762003933819268,-0.06414887599160835,-0.0055518742900416695,12.488005483122251,10.22810391519657,0,0,-0.009214352686964355,INFY.NS,IN,IT Services
2025-06-19,2094.98,2129.0,2099.08,2112.38,9702818,2106.804,2125.291,2164.516,2180.3923999999997,2130.379831193038,2154.973638950291,29.10509931161488,49.663892445582526,-24.593807757252762,-16.9673017444941,-7.626506012758661,2164.516,52.582868172639486,2269.681736345279,2059.350263654721,0.2521245901370401,0.09717251925624994,33.750000000000036,10311122.85,0.9410048934675536,-160331193.0,0.005382971533551828,0.014164118198423534,0.008305568549576505,-0.017908782370170573,-0.048228816537653985,0.0005731419070942323,27.444237917960763,14.24865813612704,0,0,-0.015068311572728366,INFY.NS,IN,IT Services
2025-06-20,2105.11,2119.31,2099.3,2108.19,5783631,2105.0080000000003,2121.578,2159.4915,2178.3562,2126.9660110094937,2151.508184212473,31.53294380314476,47.70910209102091,-24.542173202979484,-18.482276036191177,-6.059897166788307,2159.4915,52.940607165986755,2265.3727143319734,2053.610285668027,0.25774031151829124,0.09806124667026868,33.36857142857145,10373539.75,0.5575368275292117,-166114824.0,-0.001983544627387146,0.0094915543665373,0.0014631064409928525,-0.017307441314116323,-0.045497763369976574,-0.004241511073744708,25.256653044700087,21.729632148594366,0,0,-0.0497488366798059,INFY.NS,IN,IT Services
2025-06-23,2100.36,2081.59,2077.33,2079.22,14640929,2097.642,2111.885,2150.5600000000004,2175.3636,2119.620470854187,2146.1535038993525,31.644181722839292,28.439950005681183,-26.533033045165666,-20.092427437986075,-6.440605607179592,2150.5600000000004,50.48456522853223,2251.5291304570646,2049.590869542936,0.14672370814125366,0.09390031476175253,33.00571428571431,10729544.5,1.3645432604764107,-180755753.0,-0.01374164567709757,0.0020488452400410587,-0.010064941248162344,-0.0445419663166603,-0.0791150873618709,-0.017405070768649278,1.7855455833557097,18.162145515338853,0,1,-0.05852194572964853,INFY.NS,IN,IT Services
2025-06-24,2074.72,2062.04,2042.4,2051.13,4082679,2090.398,2099.653,2140.6645,2171.7106,2109.083475338158,2139.1147258314118,26.510671123682215,21.76900330492269,-30.031250493253538,-22.08019204903957,-7.951058444213967,2140.6645,49.55312475938588,2239.7707495187715,2041.558250481228,0.048290342764463194,0.09259391139407921,33.857857142857156,10699364.0,0.38158143029983554,-184838432.0,-0.013509873895018232,0.009575209762418909,-0.011370208992051132,-0.05627918746693028,-0.08799754561946427,-0.017352145064315927,6.201164938157425,11.08112118873774,0,0,-0.04909976452004505,INFY.NS,IN,IT Services
2025-06-25,2068.31,2089.13,2075.77,2081.71,8194945,2086.5260000000003,2096.5440000000003,2132.8469999999998,2168.1294,2104.8721714399803,2134.8625239172343,36.38367379068761,47.58685606708888,-29.990352477253964,-23.662224134682454,-6.32812834257151,2132.8469999999998,45.55055885032824,2223.9481177006564,2041.7458822993433,0.21933933802960018,0.08542677247886404,32.42214285714288,10914566.55,0.750826357751572,-176643487.0,0.014908855118885622,0.006417800750341647,0.006478719340908091,-0.0147150700492239,-0.06985961055557044,-0.009214352686964355,28.45251881855491,12.146409780022681,0,0,-0.06763189877552589,INFY.NS,IN,IT Services
2025-06-26,2090.72,2100.88,2064.29,2080.55,8664399,2080.16,2093.482,2125.761,2165.1944,2101.1302989107526,2130.8393739967914,37.027838974564396,40.16299137104504,-29.709075086038865,-24.87159432495374,-4.837480761085125,2125.761,41.77413590398531,2209.3092718079706,2042.2127281920293,0.2294318660226554,0.07860551756094063,32.19571428571434,10912368.3,0.7939979633937059,-185307886.0,-0.0005572341968861361,0.01758669582561465,-0.004864352950177333,-0.014503805946465609,-0.06377262888847879,-0.015068311572728366,27.6129125649421,20.755532107218144,0,0,-0.0671072552930716,INFY.NS,IN,IT Services
2025-06-27,2087.96,2018.15,1991.43,2003.31,8825588,2059.184,2082.0960000000005,2115.542,2160.4588,2086.081022155252,2121.3927536993247,20.809970951834103,17.96393115197081,-35.3117315440727,-26.959621768777534,-8.352109775295165,2115.542,45.50871363640705,2206.559427272814,2024.5245727271858,-0.1165412677699687,0.08604643847559733,36.327857142857205,10715430.75,0.8236334480876144,-194133474.0,-0.03712479873110486,0.013337925732905386,-0.04054196440542901,-0.053779337511867364,-0.09257640338996875,-0.0497488366798059,6.28139375029719,20.78227504459807,0,0,-0.028343092182438023,INFY.NS,IN,IT Services
2025-06-30,1998.1,1964.82,1951.71,1957.54,4099910,2034.8480000000004,2066.245,2104.1220000000003,2155.4804,2066.3054802852134,2109.2555126828847,18.16707457317257,14.437467541664674,-42.95003239767129,-30.15770389455629,-12.792328503115005,2104.1220000000003,54.65212612995762,2213.4262522599156,1994.817747740085,-0.17052286150437912,0.10389535612465754,39.099285714285784,10535490.7,0.389152221533239,-198233384.0,-0.02284718790401885,0.006697181155937147,-0.020299284320093914,-0.07490843789135426,-0.10448594197461969,-0.05852194572964853,3.015725222413493,12.303343845884262,0,0,-0.026752965456644517,INFY.NS,IN,IT Services
2025-07-01,1970.52,1971.66,1933.42,1950.42,6077602,2014.7060000000001,2052.552,2093.8315,2152.051,2048.476944856719,2097.4899191493155,21.572128851540626,16.098125921246577,-49.01297429259648,-33.92875797416433,-15.084216318432155,2093.8315,63.054452764413135,2219.940405528826,1967.7225944711736,-0.06860179460977817,0.12045754926197833,37.28000000000007,9728699.5,0.6247085106587462,-204310986.0,-0.003637218141136267,0.019606033572246183,-0.010200353206255054,-0.06559992334778542,-0.09544900126609868,-0.04909976452004505,8.03364680304317,5.776921925251284,0,0,-0.008126454814860407,INFY.NS,IN,IT Services
2025-07-02,1947.86,1951.84,1932.18,1940.92,9869019,1986.548,2036.5369999999998,2082.84,2147.6218000000003,2031.92972257107,2085.892147359105,20.99362796878728,17.844430180311576,-53.96242478803492,-37.93549133693845,-16.026933451096475,2082.84,69.5962022557243,2222.032404511449,1943.6475954885516,-0.009797932215178344,0.13365635815653804,37.830000000000055,9677680.85,1.0197709692223453,-214180005.0,-0.004870745788086661,0.010129217072310927,-0.0035628843962072555,-0.07622306729428341,-0.10173782251533026,-0.06763189877552589,4.106178059647142,5.051850028367935,1,0,0.015420522226572864,INFY.NS,IN,IT Services
2025-07-03,1939.14,1941.21,1940.71,1940.93,11111680,1958.6240000000003,2019.3919999999998,2072.3415,2143.419,2017.9297652524438,2075.154210516513,19.347432864894984,0.007102272727266268,-57.224445264069345,-41.79328212236463,-15.431163141704715,2072.3415,74.45624305059468,2221.253986101189,1923.4290138988106,0.058762655030950246,0.14371423445519713,36.142857142857174,10016152.05,1.109376019369033,-203068325.0,5.1521958659428435e-06,0.00025760846604449536,0.0009230896170462372,-0.08116437383425334,-0.09761960109721513,-0.0671072552930716,4.110876203880144,5.416900355523485,1,0,0.007728253981338806,INFY.NS,IN,IT Services
2025-07-04,1925.96,1958.47,1936.98,1946.53,12913540,1947.268,2003.226,2062.402,2138.7162,2006.945185982837,2065.626491218027,20.968625839156047,3.862572294133784,-58.68130523518971,-45.17088674492965,-13.510418490260058,2062.402,77.41131065187355,2217.224621303747,1907.579378696253,0.1257911181700119,0.15013816055615925,33.9507142857143,10401267.2,1.2415351428011443,-190154785.0,0.002885214819699833,0.011040158641268807,0.01068038796236124,-0.07668189299825923,-0.09266216694945284,-0.028343092182438023,7.290925718893916,5.169326660807067,1,1,0.015114074789497334,INFY.NS,IN,IT Services
2025-07-07,1953.41,1931.38,1884.21,1905.17,17563796,1936.7939999999999,1985.821,2048.853,2133.6551999999997,1991.2874650624008,2053.74082520076,20.097170244895295,5.129846378931887,-62.45336013835913,-48.62738142361555,-13.825978714743577,2048.853,80.1214524200204,2209.095904840041,1888.6100951599592,0.05167125763390205,0.15642206135819667,36.030714285714275,10936283.0,1.6060113288937998,-207718581.0,-0.021248067073202037,0.02475894539593596,-0.024695276465245553,-0.08370927559373209,-0.12452266617650443,-0.026752965456644517,8.56244127616096,6.65474773297834,1,1,0.012870242550533595,INFY.NS,IN,IT Services
2025-07-08,1907.47,1946.1,1925.36,1934.57,25312798,1933.6239999999998,1974.1650000000002,2036.909,2129.545,1982.5617012066468,2044.9133566666023,24.008741804558156,37.649209592429216,-62.35165545995551,-51.372236230883544,-10.979419229071965,2036.909,78.3556347955236,2193.6202695910474,1880.1977304089528,0.17347913054614125,0.1538716453125499,36.86142857142853,11932982.0,2.1212464645260956,-182405783.0,0.015431693759611953,0.010720728637366075,0.01420730077012257,-0.056827212317113074,-0.1099082104488256,-0.008126454814860407,20.572735814287423,12.142034269780765,1,1,0.0024449877750611915,INFY.NS,IN,IT Services
2025-07-09,1935.16,1992.59,1953.46,1970.85,18777827,1939.61,1963.0790000000002,2029.8114999999998,2125.0903999999996,1980.7599010210088,2039.427182098264,29.504445796043612,58.36266884977482,-58.66728107725521,-52.83124520015789,-5.8360358770973235,2029.8114999999998,77.54433776029816,2184.9001755205963,1874.7228244794035,0.3099103632086936,0.152810914235652,38.868571428571386,12348707.95,1.5206307862653126,-163627956.0,0.01875352145438014,0.019854377552822402,0.01844291944851143,-0.05325429574724627,-0.06718572510412735,0.015420522226572864,36.85240323251016,21.99586010765285,0,0,-0.02237613212573253,INFY.NS,IN,IT Services
2025-07-10,1966.09,1971.87,1943.18,1955.93,5589427,1942.61,1950.6169999999997,2022.0494999999999,2120.4092,1976.939916248546,2033.2422056460796,28.615168539325808,55.883044602963096,-56.302289397533514,-53.52545403963301,-2.7768353579005023,2022.0494999999999,76.73730297682438,2175.524105953649,1868.5748940463511,0.2845914000253131,0.1518010374657722,39.48857142857139,11843532.9,0.47193912283224854,-169217383.0,-0.007570337671562899,0.014668214097633943,-0.0051676169453049895,-0.059897623224628105,-0.07353268566718929,0.007728253981338806,33.101029214782386,30.17538942052666,0,0,-0.019008860235284475,INFY.NS,IN,IT Services
2025-07-11,1956.35,2004.86,1952.82,1975.95,5548557,1948.494,1947.8809999999999,2014.9885000000002,2116.527,1976.7876214410776,2028.9983385608916,35.12174038323006,61.86475132131728,-52.210717119814035,-53.26250665566922,1.0517895358551854,2014.9885000000002,73.97145952288938,2162.931419045779,1867.0455809542214,0.36806228965818816,0.14684244505187535,41.00142857142852,11602214.2,0.47823255338342635,-163668826.0,0.010235540126691589,0.026336698803094017,0.010018657193237468,-0.013657397007951766,-0.06670224875659492,0.015114074789497334,42.34088706308052,37.43143983679102,0,0,-0.03601811786735498,INFY.NS,IN,IT Services
2025-07-14,1984.14,1940.71,1920.87,1929.69,8284419,1953.398,1945.0960000000002,2005.6704999999997,2112.1194,1969.5418335270658,2021.6421653336886,33.37440446853948,45.526986825329374,-52.10033180662276,-53.03007168585993,0.929739879237168,2005.6704999999997,72.2895000364885,2150.249500072977,1861.0914999270226,0.23723535243055602,0.14417024139598708,42.30571428571427,10333384.95,0.8017138854665542,-171953245.0,-0.023411523570940562,0.010281444169783677,-0.027442619976399147,-0.01422704006048403,-0.08806975260508976,0.012870242550533595,20.990446300729268,32.14412085953072,0,0,-0.00873197249299118,INFY.NS,IN,IT Services
2025-07-15,1921.57,1941.66,1937.41,1939.3,16974973,1954.3439999999998,1943.984,1998.268,2107.9144,1964.8892437536708,2015.54274567898,29.3159041394335,60.90485015016933,-50.65350192530923,-52.5547577337498,1.901255808440574,1998.268,71.05491831563323,2140.3778366312663,1856.1581633687335,0.29252667725846004,0.14223301041821743,40.446428571428555,10696080.15,1.5870273198142293,-154978272.0,0.004980074519741473,0.002191512401380812,0.009226830144096126,-0.005701336122476253,-0.07092725225764729,0.0024449877750611915,25.425762680456753,29.585698681422183,0,0,-0.02034239158459239,INFY.NS,IN,IT Services
2025-07-16,1941.96,1953.35,1905.46,1926.75,11005592,1945.5240000000001,1942.5670000000002,1989.5520000000001,2103.9142,1959.0216677915678,2008.9655052579544,28.377010460015683,47.19994270982529,-49.94383746638664,-52.03257368027718,2.0887362138905416,1989.5520000000001,68.42376738500414,2126.3995347700084,1852.704465229992,0.27054025815730487,0.137566180496855,41.25357142857139,10651206.45,1.0332717723942182,-165983864.0,-0.006471407208786695,0.024855326326703005,-0.007832293147125689,-0.007300661541949194,-0.08296725002022787,-0.02237613212573253,31.760489771302332,26.058899584162788,0,0,-0.0038199039833917148,INFY.NS,IN,IT Services
2025-07-17,1927.62,1925.41,1913.41,1918.75,8244402,1938.0880000000002,1940.3490000000002,1979.8705000000002,2099.4044,1952.826026592865,2002.2828752385074,35.237430167597736,26.607399425287326,-49.45684864564237,-51.517428673350224,2.060580027707857,1979.8705000000002,63.66276433594491,2107.19602867189,1852.5449713281105,0.2599833252694985,0.12862005739448656,35.840714285714235,10578285.65,0.779370258415147,-174228266.0,-0.0041520695471649605,0.006254071661234525,-0.0046015293470680375,-0.011427511553739778,-0.09166437856825005,-0.019008860235284475,28.628263572079337,28.604838674612807,1,0,0.011627361563517846,INFY.NS,IN,IT Services
2025-07-18,1919.39,1914.42,1897.07,1904.78,4385338,1923.854,1936.1739999999998,1969.7,2093.9192000000003,1945.4343301939628,1995.0604400353157,39.63864886095834,26.83633728828903,-49.6261098413529,-51.13916490695077,1.513055065597868,1969.7,58.08791494930144,2085.875829898603,1853.5241701013972,0.22059592749678536,0.11796296887703099,33.70357142857139,10508371.0,0.41731849614764305,-178613604.0,-0.007280781758957633,0.009108663467692346,-0.007611793330168707,-0.021448423605081812,-0.09648561087947483,-0.03601811786735498,17.04931620375422,25.8126898490453,0,1,-0.0062579405495648555,INFY.NS,IN,IT Services
2025-07-21,1909.53,1948.87,1884.01,1912.84,6059370,1920.484,1936.941,1961.381,2088.2456,1940.41981785643,1988.9700370694716,42.64694372700942,17.948197054342174,-48.5502192130416,-50.62137576816894,2.071156555127338,1961.381,53.293736859226605,2067.9684737184534,1854.793526281547,0.2722950065948097,0.10868614891079181,35.604999999999954,10079293.05,0.6011700789699651,-172554234.0,0.0042314598011319315,0.03390769745507517,0.0017334108393155447,0.004025887453612986,-0.08002039226248303,-0.00873197249299118,23.856019859132303,23.17786654498862,0,1,-0.0016153990924488992,INFY.NS,IN,IT Services
2025-07-22,1907.7,1912.69,1889.58,1899.85,13835928,1912.5940000000003,1933.4690000000003,1953.8170000000002,2082.7622,1934.1783074169791,1982.368552841837,42.07234683241318,27.109542804541107,-48.19024542485795,-50.13514969950675,1.944904274648799,1953.8170000000002,50.55019622013564,2054.9173924402717,1852.716607559729,0.23310192622587259,0.10349013489003275,35.86214285714282,10566955.5,1.3093579026278759,-186390162.0,-0.006790949582819228,0.012164118219853127,-0.004114902762486775,-0.01794714070827108,-0.07375446704987021,-0.02034239158459239,13.107157633321355,18.00416456540263,1,0,0.007300576361291666,INFY.NS,IN,IT Services
2025-07-23,1885.43,1923.94,1915.74,1919.39,4329452,1911.122,1928.3229999999999,1945.7010000000002,2077.6454,1931.903183198982,1977.7034748533786,46.13368753589891,36.74610571162307,-45.80029165439646,-49.268178090484696,3.4678864360882358,1945.7010000000002,41.07908558659873,2027.8591711731976,1863.5428288268029,0.3398759391511169,0.08445097286084054,37.54714285714283,10373680.85,0.41734960283170824,-182060710.0,0.010285022501776542,0.004272190643900288,0.018011806325337998,-0.02611056143288415,-0.07797435761945704,-0.0038199039833917148,29.27596193604251,22.07971314283206,0,0,-0.03603228108930445,INFY.NS,IN,IT Services
2025-07-24,1926.17,1942.74,1939.72,1941.06,14127828,1915.584,1926.836,1938.7265,2072.1194,1933.3119242452924,1974.9891433826642,49.07171706886603,58.494598124183746,-41.67721913737182,-47.74998629986213,6.072767162490308,1938.7265,26.083617821992664,1990.8937356439853,1886.5592643560146,0.5223655707521339,0.05381598244410281,37.679999999999964,10646852.3,1.3269486863315754,-167932882.0,0.01129004527480082,0.0015558509268123737,0.007730366478551811,-0.007602521562632636,-0.06704477181514512,0.011627361563517846,47.20728175385016,29.863467107738014,0,0,-0.06353229678629202,INFY.NS,IN,IT Services
2025-07-25,1944.19,1897.19,1889.4,1892.86,5984332,1913.2,1918.527,1933.2040000000002,2066.154,1927.0885512844784,1968.905503131902,47.958337479682854,39.59656031503654,-41.816951847423525,-46.56337940937441,4.746427561950888,1933.2040000000002,23.22600004078048,1979.6560000815612,1886.7519999184392,0.06574528621771353,0.048057008035920626,36.91857142857139,10504789.5,0.5696764728435089,-173917214.0,-0.024831792937879293,0.004115465486087639,-0.02640174057060974,-0.04205065917659867,-0.05513375363772954,-0.0062579405495648555,7.323127844374583,27.935457178089084,0,0,-0.035982587196094706,INFY.NS,IN,IT Services
2025-07-28,1895.64,1912.93,1907.2,1909.75,14046581,1912.5819999999999,1916.533,1930.8145,2059.6478,1924.421081856097,1964.5236140108907,45.70528792912515,51.95131527287005,-40.10253215479361,-45.27120995845826,5.16867780366465,1930.8145,23.04817551289683,1976.9108510257936,1884.7181489742063,0.2715166219069636,0.047748088721904426,35.42857142857141,11002123.05,1.27671538115406,-159870633.0,0.008923005399237294,0.0030003927215588523,0.007443396425477652,-0.010333265964999616,-0.024413294236643956,-0.0016153990924488992,21.29913115414732,25.27651358412402,0,0,-0.06799842911375831,INFY.NS,IN,IT Services
2025-07-29,1895.92,1914.79,1912.85,1913.72,15145048,1915.3560000000002,1913.975,1928.9795000000001,2052.9298,1922.7747615705437,1960.7603833433143,38.87005649717516,50.356969008599755,-37.98562177277063,-43.814092321320736,5.828470548550108,1928.9795000000001,22.865339541936503,1974.710179083873,1883.2488209161272,0.33315904873896146,0.04741437540818782,31.644285714285697,11455495.35,1.3220769783580788,-144725585.0,0.0020788061264562785,0.0010137324164449558,0.009388581796695307,-0.013190326406435249,-0.018816460044503214,0.007300576361291666,24.584195283205805,17.735484760575904,0,0,-0.08248333089480187,INFY.NS,IN,IT Services
2025-07-30,1912.75,1865.59,1837.94,1850.23,12408707,1901.524,1906.3229999999999,1924.4449999999997,2045.0326,1911.6140290212293,1952.572947539898,32.68462092916583,35.721685082872966,-40.958918518668725,-43.24305756079034,2.284139042121616,1924.4449999999997,28.636860402003947,1981.7187208040077,1867.1712791959917,-0.14789749083892448,0.059522325453809546,35.007857142857134,11582479.75,1.0713341353923684,-157134292.0,-0.033176222226867,0.014944088032290536,-0.032685923408687645,-0.03971454521863238,-0.046725264307647896,-0.03603228108930445,7.362808530988706,17.748711656113947,0,0,-0.05278262702474834,INFY.NS,IN,IT Services
2025-07-31,1856.51,1826.74,1810.53,1817.74,6473650,1876.86,1896.2220000000002,1918.2855,2036.9990000000003,1897.1718707102707,1942.5853217959673,25.09994019327017,22.77864067270096,-45.41345108569658,-43.677136265771594,-1.736314819924985,1918.2855,36.94714481881986,1992.1797896376397,1844.3912103623602,-0.1803333552083059,0.07704201448387243,34.12642857142857,11350578.25,0.5703365315034473,-163607942.0,-0.017559979029634132,0.008917666993074433,-0.020883270222072113,-0.05264364820846901,-0.06346957386407548,-0.06353229678629202,5.04831256123061,12.33177212514171,0,0,-0.024480948870575503,INFY.NS,IN,IT Services
2025-08-01,1815.21,1840.45,1812.2,1824.75,7490792,1863.2379999999998,1888.2190000000003,1912.1965,2029.3204,1886.030044447152,1933.8567794405205,31.15572475219078,16.198779424585922,-47.82673499336852,-44.507056011290985,-3.3196789820775336,1912.1965,41.76775276832014,1995.7320055366404,1828.6609944633597,-0.023409174567219245,0.08737125660108327,32.20999999999999,11079440.85,0.6760983180754724,-156117150.0,0.0038564371142186804,0.015481572818185789,0.0052555902622807875,-0.042015350854166855,-0.06256261141621244,-0.035982587196094706,9.956588712995707,7.4559032684050095,0,0,-0.04653240169886286,INFY.NS,IN,IT Services
2025-08-04,1831.99,1801.14,1762.89,1779.89,8287276,1837.266,1874.9240000000002,1905.9325000000001,2019.7612000000001,1869.7008068398977,1922.4518328150668,24.591156874621475,16.51947128208174,-52.751025975169114,-46.155850004066615,-6.595175971102499,1905.9325000000001,51.20507919656094,2008.342658393122,1803.5223416068782,-0.11538084686894637,0.10746462258560385,35.77357142857141,10615614.85,0.7806684150123989,-164404426.0,-0.02458418961501574,0.021490092084330215,-0.02843901986362997,-0.0695039836055289,-0.06575791136748954,-0.06799842911375831,8.925758689441752,7.976886654556026,0,0,-0.029484968172190373,INFY.NS,IN,IT Services
2025-08-05,1776.06,1761.0,1751.76,1755.87,11741921,1805.696,1860.5259999999998,1896.9975,2009.8978,1852.188375018375,1910.1124377914982,23.723705252798624,6.244313011828936,-57.924062773123296,-48.509492557877955,-9.414570215245341,1896.9975,60.66265892752898,2018.322817855058,1775.6721821449419,-0.08160779009257224,0.12791299709672166,34.36214285714285,9937071.0,1.1816278477201332,-176146347.0,-0.01349521599649428,0.005262348579333748,-0.01136785919393978,-0.07578493038924128,-0.09237194828825013,-0.08248333089480187,2.0851301303734213,6.989159177603629,0,0,-0.007830875862108289,INFY.NS,IN,IT Services
2025-08-06,1754.15,1775.28,1734.41,1752.57,10239187,1786.164,1843.8439999999998,1886.0835,2000.1879999999999,1836.862471169394,1898.4426275845187,24.071647007426833,4.001826796825938,-61.58015641512475,-51.12362532932732,-10.45653108579743,1886.0835,66.07093821476151,2018.225376429523,1753.9416235704768,-0.00518996554132962,0.1401230395467147,36.32857142857142,9510139.0,1.0766599650478332,-186385534.0,-0.0018794102069059626,0.023320038571912432,-0.0009007211469938453,-0.0869130296604651,-0.11075424309308168,-0.05278262702474834,8.467779539268486,6.492889453027889,0,0,-0.026349874755359215,INFY.NS,IN,IT Services
2025-08-07,1753.44,1774.88,1771.93,1773.24,13614325,1777.264,1827.0620000000004,1876.949,1991.2074,1827.0743986817947,1889.168358874406,29.89668663650815,20.914242538723116,-62.09396019261135,-53.317692301984124,-8.776267890627224,1876.949,68.4906250903224,2013.9302501806449,1739.9677498193553,0.12144819140081332,0.1459616112963877,36.37357142857143,9911383.9,1.3736047118904644,-172771209.0,0.011794108081274901,0.0016636213936062699,0.01129208869421746,-0.08645791474761211,-0.09340313814911583,-0.024480948870575503,18.10594050164082,9.552950057094245,0,0,-0.023657260156549564,INFY.NS,IN,IT Services
2025-08-08,1781.58,1748.87,1732.61,1739.84,9447958,1760.282,1811.7599999999998,1865.1434999999997,1981.8503999999998,1813.6537219615186,1878.1069989576195,25.460992907801455,20.771424283355856,-64.45327699610084,-55.544809240807474,-8.908467755293366,1865.1434999999997,70.83659181339021,2006.81668362678,1723.4703163732192,0.057772696312968795,0.15191665802304702,34.64285714285716,10106353.95,0.9348531737449021,-182219167.0,-0.01883557781236611,0.009345686959715058,-0.023428641991926593,-0.0808406326933846,-0.11949188997697313,-0.04653240169886286,3.4407271688790786,10.00481573659613,0,0,-0.009179004965973903,INFY.NS,IN,IT Services
2025-08-11,1750.12,1750.64,1708.83,1727.41,16620642,1749.786,1793.5260000000003,1855.0295,1972.6798000000001,1800.385457044362,1866.9442582939391,25.501505938512295,14.904816844534224,-66.55880124957707,-57.7476076425614,-8.811193607015674,1855.0295,75.42756668172717,2005.8846333634544,1704.1743666365458,0.0770130682507033,0.1626444575284361,35.96785714285717,10523165.1,1.5794335889081899,-198839809.0,-0.007144335111274547,0.024203865903274824,-0.012976253056925716,-0.09547846576777064,-0.10482512735206173,-0.029484968172190373,7.943226027070547,9.829964565863483,0,1,-0.006379492998188074,INFY.NS,IN,IT Services
2025-08-12,1739.42,1758.31,1729.16,1742.12,22725085,1747.036,1776.366,1845.1704999999997,1964.3975999999998,1791.4215405759987,1857.698016938715,24.464867045028925,32.59928130470827,-66.27647636271627,-59.453381386592376,-6.82309497612389,1845.1704999999997,76.70863496819872,1998.587769936397,1691.7532300636024,0.16414960961407435,0.16629061643497361,36.454285714285724,10810670.7,2.1020974117639706,-176114724.0,0.008515639020267196,0.01673248685508641,0.0015522415517806314,-0.08966829003197962,-0.10167586242458626,-0.007830875862108289,14.23196956088138,8.53864091894367,0,0,-0.00014350331779666714,INFY.NS,IN,IT Services
2025-08-13,1742.47,1744.5,1675.91,1706.39,9280009,1737.8,1761.982,1834.1525000000001,1955.3103999999998,1778.339765102768,1846.4900156838635,17.512528726084668,29.42448436460414,-68.1502505810954,-61.19275522549299,-6.957495355602418,1834.1525000000001,80.12390561696309,1994.4003112339262,1673.904688766074,0.10135960979336987,0.17473771808378932,39.6857142857143,10724391.55,0.8653179149060521,-185394733.0,-0.020509494179505317,0.040195969268432025,-0.020706238844846236,-0.07774168616874655,-0.1143687556766575,-0.026349874755359215,12.759544541138832,11.644913376363588,1,1,0.030004864069761217,INFY.NS,IN,IT Services
2025-08-14,1706.62,1733.95,1729.16,1731.29,13800124,1729.4099999999999,1753.337,1824.7794999999999,1946.9182,1771.1013397023423,1837.9566811886696,26.089916239973945,42.498589960518885,-66.85534148632723,-62.32527247765984,-4.530069008667397,1824.7794999999999,80.66952046043208,1986.118540920864,1663.4404590791357,0.21027006400122883,0.1768312729519109,37.96428571428573,11002177.65,1.2543083001110875,-171594609.0,0.014592209283926794,0.002766723079320736,0.014455473391842132,-0.04755905685081474,-0.09769902280130294,-0.023657260156549564,23.1831882115573,16.724900771192505,0,1,-0.0032519104251742537,INFY.NS,IN,IT Services
2025-08-15,1746.73,1743.17,1708.42,1723.87,15228062,1726.216,1743.2489999999998,1815.734,1938.4891999999998,1763.8349797481358,1829.5058159153493,21.699147381242327,30.803328408118702,-65.67083616721357,-62.99438521557058,-2.676450951642984,1815.734,81.3666441679773,1978.4672883359544,1653.0007116640454,0.21774674702520216,0.17924793866928185,39.01285714285715,11544313.85,1.319096212972743,-186822671.0,-0.0042858215550254375,0.020158132573790278,-0.013087311719605801,-0.055284285518564236,-0.09497684771994674,-0.009179004965973903,20.077026121818093,18.673252958171407,1,1,0.012570553464008372,INFY.NS,IN,IT Services
2025-08-18,1713.55,1724.43,1709.96,1716.39,9538309,1724.012,1736.8990000000001,1805.9114999999997,1929.2939999999999,1756.535752094576,1821.1268665882083,20.273568135940423,38.57991623648583,-64.59111449363218,-63.31373107118291,-1.2773834224492688,1805.9114999999997,80.88331747029423,1967.6781349405883,1644.1448650594111,0.22330048148340007,0.17915233934830033,39.68642857142858,11718260.8,0.8139696110902728,-196360980.0,-0.004339074292144862,0.008430484913097603,0.0016573779580394434,-0.03567636202237212,-0.10270069634679313,-0.006379492998188074,21.34120624197946,21.533806858451623,1,1,0.01837577706698368,INFY.NS,IN,IT Services
2025-08-19,1722.66,1757.17,1729.62,1741.87,8267043,1723.962,1735.4989999999998,1798.0125,1920.6624000000002,1754.2794825415647,1815.2559875816235,31.565158217080565,56.24783961285859,-60.97650504005878,-62.84628586495809,1.8697808248993084,1798.0125,78.91671084958018,1955.8459216991605,1640.1790783008396,0.3221463508934973,0.1755643208254366,37.18642857142858,11439816.55,0.7226551440936223,-188093937.0,0.01484511095963037,0.015816335317781677,0.011151358944880972,-0.007973255423237458,-0.0831539332052531,-0.00014350331779666714,40.08751671301747,27.168583025605006,1,1,0.010500209544914485,INFY.NS,IN,IT Services
2025-08-20,1751.19,1794.08,1728.4,1757.59,5257839,1734.202,1736.0009999999997,1789.9225,1913.5582000000002,1754.7887929197855,1810.9844329459136,39.14769241872042,56.62640280990324,-56.1956400261281,-61.5161566971921,5.320516671063999,1789.9225,73.95646542143618,1937.8354308428723,1642.0095691571275,0.3907042818496463,0.1652730001916728,39.04214285714285,11486235.9,0.45775122398877216,-182836098.0,0.009024783709461692,0.03736935235177855,0.003654657689911551,0.0028643649041122377,-0.08429761538822234,0.030004864069761217,49.64142457730853,37.02338251076849,1,0,0.011623871323801271,INFY.NS,IN,IT Services
2025-08-21,1768.0,1729.88,1722.29,1725.66,10153780,1733.0759999999998,1731.243,1779.1525000000001,1905.8480000000002,1750.3074401628953,1804.6641045795027,33.59708657507031,58.53183387939435,-54.35666441660737,-60.08425824107517,5.727593824467796,1779.1525000000001,66.04977539904077,1911.2520507980817,1647.0529492019186,0.29752959159542247,0.14849716457471437,39.545714285714276,11287533.5,0.8995569404461178,-192989878.0,-0.018166921750806364,0.004398317165603738,-0.023947963800891387,-0.026832239290789706,-0.11097029458131114,-0.0032519104251742537,39.72690249908386,43.15194792980329,1,1,0.033801559982847174,INFY.NS,IN,IT Services
2025-08-22,1736.86,1763.67,1731.04,1745.54,14558766,1737.4099999999999,1731.813,1771.7865000000002,1898.4154,1749.5739878301422,1800.2845412772874,43.80120547154144,56.60272449263278,-50.71055344714523,-58.209517282289184,7.498963835143954,1771.7865000000002,60.69948809938131,1893.185476198763,1650.3875238012374,0.3918998297093564,0.13703567128284838,37.84214285714285,11716255.2,1.242612465234415,-178431112.0,0.011520229941007987,0.018693355637786253,0.004997524267928944,0.0032761633253632905,-0.07782931648405056,0.012570553464008372,58.923584665660265,49.43063724735089,1,1,0.03028862128624965,INFY.NS,IN,IT Services
2025-08-25,1750.16,1773.25,1727.67,1747.93,5280087,1743.718,1733.8650000000002,1763.6955000000003,1891.053,1749.321066625505,1796.406427108575,48.44581897901663,61.693234836703105,-47.08536048306996,-55.98468592244535,8.899325439375389,1763.6955000000003,51.416794765407495,1866.5290895308153,1660.8619104691852,0.42334459940397556,0.1166115007162594,39.08857142857141,11277930.5,0.4681786726581909,-173151025.0,0.0013692037993973116,0.026076559129927315,-0.0012741692188135622,0.011879055927660476,-0.08473360387485274,0.01837577706698368,60.94609460894526,53.198860591229796,1,1,0.035945375386886136,INFY.NS,IN,IT Services
2025-08-26,1755.47,1789.33,1736.82,1760.16,20839502,1747.3759999999997,1735.6689999999999,1756.0175,1884.5091999999997,1750.9885948369658,1793.7215065819978,51.43548814161974,70.33355012542977,-42.73291174503197,-53.33433108696267,10.6014193419307,1756.0175,37.385730725008166,1830.7889614500164,1681.2460385499835,0.5277010768489636,0.08516026913168445,39.919999999999995,11562653.2,1.8023112720952947,-152311523.0,0.006996847699850761,0.0298325152258716,0.0026716491879652643,0.010355199412210414,-0.08024162364400222,0.010500209544914485,71.29559109696805,63.72175679052452,1,1,0.008959412780656262,INFY.NS,IN,IT Services
2025-08-27,1756.45,1779.63,1776.74,1778.02,11385435,1751.462,1742.8319999999999,1752.4070000000004,1878.0482000000002,1755.1472725543556,1792.558432020362,50.913748279553445,68.07319268073202,-37.41115946600644,-50.14969676277143,12.738537296764989,1752.4070000000004,30.696789665862607,1813.8005793317257,1691.013420668275,0.7085967317599889,0.0700677175241713,39.71714285714284,11511489.6,0.9890495849425444,-140926088.0,0.010146804835923895,0.0016254035387669851,0.012280452048158306,0.0419775080725977,-0.03902758035487486,0.011623871323801271,86.4094101710552,72.88369862565618,1,1,0.029527226915332827,INFY.NS,IN,IT Services
2025-08-28,1786.69,1795.56,1774.74,1783.99,11982467,1763.128,1748.102,1750.7195,1871.4804000000001,1759.584615238301,1791.923733352184,59.42852261564095,64.62441834699766,-32.33911811388293,-46.58758103299373,14.2484629191108,1750.7195,27.697327341150643,1806.1141546823012,1695.3248453176986,0.8003042458700422,0.06328215877217297,38.302142857142826,11786930.45,1.0165891819112938,-128943621.0,0.0033576675178006443,0.011670469004864526,-0.0015111742943647382,0.030439729912377533,-0.01856701178386344,0.033801559982847174,90.33012954374989,82.67837693725772,1,0,0.054120258521628495,INFY.NS,IN,IT Services
2025-08-29,1787.93,1806.14,1792.24,1798.41,6827708,1773.702,1755.556,1749.4024999999997,1865.2848,1765.5577513554856,1792.4041975483208,65.03472810435377,100.0,-26.846446192835174,-42.63935406496203,15.792907872126854,1749.4024999999997,24.424832030898312,1798.2521640617963,1700.552835938203,1.0016155273555465,0.055847255347775814,36.897857142857106,11753776.25,0.580894792778211,-122115913.0,0.008083004949579253,0.007729049549319878,0.005861527017273695,0.04323991948348782,-0.014434854089601323,0.03028862128624965,94.06434769182167,90.26796246887558,1,1,0.020112210230147642,INFY.NS,IN,IT Services
2025-09-01,1805.05,1814.04,1808.15,1810.76,10408606,1786.268,1764.993,1750.946,1859.9156,1772.5119434546416,1793.7638866188213,64.68172484599597,100.0,-21.251943164179693,-38.361871884805566,17.109928720625874,1750.946,27.26331956466334,1805.4726391293266,1696.4193608706732,1.0484841992286038,0.06228249086984468,35.80714285714282,11859842.75,0.8776343280239253,-111707307.0,0.006867177117565015,0.0032527778391375,0.003163347275697002,0.054981676658568235,0.01734376843512786,0.035945375386886136,97.62542532326343,94.00663418627835,1,1,0.004141907265457601,INFY.NS,IN,IT Services
2025-09-02,1804.11,1803.21,1754.12,1775.93,8981495,1789.422,1768.3990000000001,1751.949,1854.4116000000001,1773.0377983077738,1792.4428579803848,64.93171862921932,64.3354495187385,-19.40505967261106,-34.570509442366664,15.165449769755604,1751.949,27.817372061749314,1807.5837441234987,1696.3142558765014,0.7155217964699466,0.06351183067939409,34.95357142857141,11721821.45,0.7662200172636126,-120688802.0,-0.019235017340785032,0.027641855253288418,-0.015619890139727742,0.01955369803716711,0.011424535985010476,0.008959412780656262,63.91781859435796,85.20253053648102,1,1,0.043948804288457266,INFY.NS,IN,IT Services
2025-09-03,1776.31,1837.18,1825.19,1830.52,9355213,1799.922,1775.6919999999998,1755.8465,1849.3878,1781.8812139527317,1795.2633870188852,68.89735288516479,75.12498214540781,-13.382173066153427,-30.332842167124017,16.95066910097059,1755.8465,32.9045860305645,1821.655672061129,1690.0373279388712,1.0673487270860182,0.07496005153194367,37.35999999999998,11677622.75,0.801123002443027,-111333589.0,0.030738824165366774,0.006550051351524954,0.030518321689327606,0.04149431892534672,0.04447753870030868,0.029527226915332827,94.82758620616002,85.45694337459379,1,0,0.029816664117299885,INFY.NS,IN,IT Services
2025-09-04,1832.53,1900.05,1864.94,1880.54,6379194,1819.232,1791.1799999999998,1761.2115,1845.3875999999998,1797.0594887292348,1801.5801731656563,75.67098148451589,79.77116970612153,-4.520684436421561,-25.170410620983528,20.649726184561967,1761.2115,43.0677522875985,1847.347004575197,1675.0759954248028,1.1926789399290776,0.09781392476161795,39.8442857142857,11315866.2,0.5637388533509832,-104954395.0,0.027325568690863777,0.01867016920670724,0.026198752544282382,0.08975116766918156,0.06051070357086452,0.054120258521628495,89.73644063291212,82.82728181114338,1,0,0.01511799802184477,INFY.NS,IN,IT Services
2025-09-05,1869.8,1840.85,1829.57,1834.58,8518883,1826.466,1800.084,1765.9485,1842.013,1802.8318750785832,1804.0246047830228,67.19727614003435,61.92204364424752,-1.192729704439671,-20.37487443767476,19.182144733235088,1765.9485,45.72181723549976,1857.3921344709995,1674.5048655290004,0.8752666896725901,0.1035631950432844,42.45142857142855,11269412.45,0.7559295821203543,-113473278.0,-0.02443978857136786,0.006148546261266243,-0.018836239169954642,0.051010002635287544,0.05445328306051134,0.020112210230147642,63.16944194383904,82.57782292763706,1,1,0.0640419060493409,INFY.NS,IN,IT Services
2025-09-08,1849.0,1820.15,1816.74,1818.26,18072028,1827.966,1807.1170000000002,1770.491,1839.2274000000002,1805.2054327588012,1805.0790785028018,61.419559302777564,54.636333909468846,0.12635425599933114,-16.274628698939942,16.400982954939273,1770.491,46.201958138049726,1862.8949162760994,1678.0870837239006,0.7584793043647067,0.1043822490778515,40.81285714285712,11341981.75,1.5933746681108292,-131545306.0,-0.008895769058858138,0.001875419356966664,-0.016625202812322003,0.04023616506381833,0.052593188646586464,0.004141907265457601,53.98852385208155,68.96480214294424,1,1,0.058077502667385206,INFY.NS,IN,IT Services
2025-09-09,1831.07,1859.95,1849.2,1853.98,4122886,1843.5760000000002,1816.4990000000003,1776.084,1837.2986,1812.70921233437,1808.7013689840855,63.59635512173107,59.10124663072777,4.007843350284475,-12.218134289095058,16.225977639379533,1776.084,49.25639914612817,1874.5967982922564,1677.5712017077437,0.8953597976580251,0.11093258910299383,39.099285714285706,10411871.8,0.395979290104274,-127422420.0,0.019645155258323888,0.005798336551631734,0.012511810034563163,0.053301972547950216,0.06420912451495897,0.043948804288457266,74.08303330291362,63.7469996996114,1,1,0.03934238772802301,INFY.NS,IN,IT Services
2025-09-10,1850.67,1903.5,1870.39,1885.1,8556208,1854.4919999999997,1827.2069999999999,1785.0194999999999,1836.1822,1823.846256590621,1814.3605268371305,72.54142396652152,73.35386984982671,9.485729753490432,-7.87736148057796,17.363091234068392,1785.0194999999999,52.07688430277627,1889.1732686055525,1680.8657313944473,0.9804458894715603,0.11669762555030269,40.114999999999995,10375681.75,0.8246404796831321,-118866212.0,0.016785510091802402,0.017564054957287325,0.018604073119454702,0.06022429443988253,0.10472986831849673,0.029816664117299885,89.53534664113323,72.53563459870946,1,1,0.013845419341149023,INFY.NS,IN,IT Services
2025-09-11,1885.98,1910.55,1907.7,1908.97,16715805,1860.1779999999999,1839.705,1793.9035,1835.543,1836.9422171151407,1821.3686359603223,72.84775618621559,69.32170829023202,15.573581154818385,-3.18717295349869,18.760754108317073,1793.9035,57.32015070269294,1908.5438014053857,1679.263198594614,1.0018588515050453,0.12781100143382507,39.21785714285714,10521465.8,1.588733331364026,-102150407.0,0.012662458225027873,0.001492951696463756,0.012189948992029511,0.07005644650474507,0.1026286757273478,0.01511799802184477,99.13604549377118,87.58480847927268,1,1,0.004939836665845965,INFY.NS,IN,IT Services
2025-09-12,1912.25,1955.73,1949.13,1952.07,6459506,1883.676,1855.071,1805.3134999999997,1835.6538,1854.6541837128113,1831.0502184818008,75.62255246510693,68.23907389464021,23.603965231010534,2.171054683403156,21.432910547607378,1805.3134999999997,64.8620327087093,1935.0375654174184,1675.5894345825811,1.065648707996893,0.14371361585380796,39.30214285714286,10083038.0,0.6406308653571606,-95690901.0,0.022577620392148612,0.003381026295161817,0.020823637076731134,0.08544214055749233,0.13237657131918312,0.0640419060493409,98.32808003244102,95.66649072244847,0,0,-0.017863088926114323,INFY.NS,IN,IT Services
2025-09-15,1944.97,1930.37,1918.65,1923.86,13530318,1904.7959999999998,1866.381,1815.687,1836.0276000000001,1865.301232372379,1837.9250171127924,69.75430805618574,75.03083996859931,27.376215259586616,7.2120867986398505,20.164128460946763,1815.687,66.46260373916915,1948.6122074783382,1682.7617925216616,0.9068942304142018,0.14641863655824497,37.93857142857142,10282638.45,1.3158409439319592,-109221219.0,-0.014451326028267486,0.00609191937042909,-0.010853637845308295,0.06245996156310052,0.12087579163243767,0.058077502667385206,84.19225236801645,93.88545929807621,0,0,-0.04189494038027708,INFY.NS,IN,IT Services
2025-09-16,1930.38,1933.1,1921.98,1926.92,10502812,1919.384,1881.48,1824.9395,1835.8745999999999,1874.7810427766285,1844.5172380674126,68.63392901837113,82.91131572570875,30.263804709215947,11.822430380755073,18.441374328460874,1824.9395,68.49507546455459,1961.9296509291091,1687.9493490708908,0.8722183649972823,0.15013116975004828,37.34214285714284,10394426.9,1.0104271347151295,-98718407.0,0.001590552327092487,0.005770867498388163,-0.0017923932075540794,0.08502024291497978,0.106236401109153,0.03934238772802301,85.71003422406774,89.41012220817508,0,0,-0.05910987482614749,INFY.NS,IN,IT Services
2025-09-17,1918.31,1921.88,1902.66,1911.2,7677116,1924.604,1889.548,1832.6200000000001,1834.6816000000001,1880.383959272532,1849.4567019142794,65.54032593026949,69.72015439757374,30.92725735825252,15.643395776254565,15.283861581997954,1832.6200000000001,69.15468892273499,1970.92937784547,1694.3106221545302,0.7840732899796989,0.15094168768800348,37.587857142857125,10515390.75,0.7300836889885723,-106395523.0,-0.008158096859236519,0.010056508999576167,-0.0037063873930679577,0.044074907676507236,0.08739808487758816,0.013845419341149023,77.91280194396157,82.60502951201526,0,0,-0.06254185851820848,INFY.NS,IN,IT Services
2025-09-18,1911.64,1937.74,1902.92,1918.4,5922937,1926.4900000000002,1893.334,1842.257,1833.931,1886.2325809229117,1854.5636128836002,64.9215310766782,63.742159128425264,31.668968039311494,18.84851022886595,12.820457810445543,1842.257,66.85624027875569,1975.9694805575114,1708.5445194424888,0.7847266002460604,0.14516159315170327,38.49285714285712,10303848.6,0.5748275867691237,-100472586.0,0.0037672666387609244,0.01815054211842253,0.003536230671044995,0.020132515128633344,0.11169059953872718,0.004939836665845965,81.48405336996443,81.70229651266457,0,0,-0.07725187656380317,INFY.NS,IN,IT Services
2025-09-19,1918.63,1939.25,1899.57,1917.2,10410974,1919.516,1901.596,1850.8399999999997,1832.756,1890.9967992424638,1859.2033452625994,63.614038677990386,54.178089146106196,31.793453979864353,21.437498979065634,10.35595500079872,1850.8399999999997,64.77259727612342,1980.3851945522465,1721.2948054477529,0.7561268298241685,0.13998529808322366,40.210714285714275,10096459.0,1.0311509182426315,-110883560.0,-0.0006255212677230837,0.020696849572282166,-0.0007453234860287384,0.045034830860469555,0.0983420603366294,-0.017863088926114323,80.88884479896392,80.0952333709633,0,0,-0.09765282703943257,INFY.NS,IN,IT Services
2025-09-22,1910.75,1852.69,1835.73,1843.26,5011006,1903.396,1904.096,1855.6064999999999,1831.0274,1883.6526762820847,1858.0223567246273,57.828523591377326,7.93319415448866,25.63031955745737,22.276063094743982,3.354256462713387,1855.6064999999999,60.14320439146713,1975.8929087829342,1735.3200912170655,0.4486787404937464,0.12964646198735513,41.9842857142857,10083004.95,0.49697540840983045,-115894566.0,-0.038566659712080176,0.00920108937425585,-0.035321208949346955,0.013749408775422634,0.05453879732025868,-0.04189494038027708,19.080509389027394,60.484469185985255,0,0,-0.0663552618729859,INFY.NS,IN,IT Services
2025-09-23,1842.39,1819.25,1808.04,1813.02,7778086,1880.616,1900.0,1858.2495,1828.5018,1872.7861107002257,1854.6888488190953,47.843127588246894,7.810596833130475,18.097261881130407,21.44030285202127,-3.3430409708908613,1858.2495,56.79638716039758,1971.842274320795,1744.6567256792048,0.3009138333369291,0.1222578284786128,40.124999999999986,9429934.15,0.8248292142284774,-123672652.0,-0.01640571595976692,0.006183053689420885,-0.015941250223885376,-0.02209301071208969,0.030031360785383043,-0.05910987482614749,3.37192768634728,34.447093958112866,0,0,-0.04767735601372303,INFY.NS,IN,IT Services
2025-09-24,1821.45,1804.25,1781.61,1791.67,2293058,1856.7099999999998,1890.657,1858.932,1825.8002,1860.3067090540371,1850.0207859436011,38.21384048168486,4.811226194453752,10.285923110435988,19.209426903704212,-8.923503793268225,1858.932,55.8557839063204,1970.6435678126409,1747.2204321873592,0.1989479186568726,0.12018897712512427,37.40214285714285,8975315.3,0.2554849236900988,-125965710.0,-0.01177593187058057,0.012636255560447774,-0.016349611573188188,-0.04956235743461879,0.007677078997986531,-0.06254185851820848,5.777624626661147,9.410020567345274,0,0,-0.061864070950565786,INFY.NS,IN,IT Services
2025-09-25,1806.84,1778.29,1763.74,1770.2,15390817,1827.0700000000002,1876.78,1858.2424999999998,1822.8292,1846.4441384303393,1844.1081351329578,40.86860319981847,4.633204633204656,2.336003297381467,15.834742182439664,-13.498738885058197,1858.2424999999998,56.9048418876922,1972.0521837753843,1744.4328162246154,0.11320294952284432,0.12249174558791244,35.756428571428565,9145732.8,1.68284112970793,-141356527.0,-0.01198323351956554,0.008219410236126842,-0.02027849726593367,-0.07269365155031249,-0.007729863956636551,-0.07725187656380317,3.364758581158596,4.171436964722341,0,0,-0.04392159078070279,INFY.NS,IN,IT Services
2025-09-26,1777.11,1744.02,1718.75,1729.98,16563528,1789.6259999999997,1854.571,1854.8210000000004,1819.3332,1828.5265786718255,1835.6541991971746,38.27373678338028,0.0,-7.12762052534913,11.242269640881904,-18.369890166231034,1854.8210000000004,62.47621323351881,1979.773426467038,1729.8685735329627,0.00044587556315378466,0.13473259841997717,38.15714285714286,9632523.8,1.7195416927449798,-157920055.0,-0.022720596542763594,0.014607105284445702,-0.02652058679540004,-0.113771534832255,-0.038050277745341754,-0.09765282703943257,4.738796522893337,4.627059910237694,0,0,-0.046567012335402724,INFY.NS,IN,IT Services
2025-09-29,1733.26,1726.81,1716.25,1720.95,20161944,1765.164,1834.28,1850.3305,1815.4954,1811.9763357992372,1827.157591849228,30.9810425185143,0.0,-15.181256049990907,5.957564502707341,-21.13882055269825,1850.3305,68.72487035273431,1987.7802407054687,1712.8807592945313,0.029353422800303248,0.14856777284425068,36.160000000000004,10120190.7,1.9922492179668891,-178081999.0,-0.005219713522699676,0.006136145733457572,-0.007102223555607839,-0.10547025251317654,-0.04959795886809959,-0.0663552618729859,1.9625856021297894,3.3553802353939077,0,0,-0.05064063453325207,INFY.NS,IN,IT Services
2025-09-30,1718.57,1731.9,1722.31,1726.58,11464903,1747.8760000000002,1814.2459999999999,1847.863,1812.03,1798.83843798397,1819.7073998603903,25.55514433752778,4.400500234484824,-20.86896187642037,0.5922592268817974,-21.46122110330217,1847.863,72.32820990748499,1992.51941981497,1703.2065801850301,0.08078943141543926,0.15656617380714008,33.40500000000001,10244361.1,1.1191426941068396,-166617096.0,0.003271448909032637,0.005554332842958097,0.004660851754653771,-0.10396902829385768,-0.027788257420056084,-0.04767735601372303,4.31351261063838,3.6716315785538356,0,0,-0.039337881824184184,INFY.NS,IN,IT Services
2025-10-01,1720.76,1690.25,1673.3,1680.83,17805450,1725.708,1791.209,1840.3785000000003,1807.2588,1780.6832936787437,1809.4201850559089,17.043222003929273,3.9247124433599794,-28.736891377165193,-5.2735708939276025,-23.46332048323759,1840.3785000000003,81.39407635726839,2003.1666527145371,1677.5903472854634,0.009950517468576458,0.17690725327909274,35.392857142857146,10666872.95,1.669228499695546,-184422546.0,-0.026497468984929773,0.010084303588102283,-0.023204862967512528,-0.12053683549602345,-0.0817745777156218,-0.061864070950565786,2.666147363939139,2.9807485255691026,0,0,-0.010982669276488388,INFY.NS,IN,IT Services
2025-10-02,1685.65,1710.64,1677.89,1692.45,8415002,1710.1580000000001,1768.614,1830.9740000000002,1802.2866000000001,1767.108940805091,1800.7557269036129,8.743325705568324,12.900089739754705,-33.64678609852194,-10.948213934846473,-22.698572163675472,1830.9740000000002,87.17070979587155,2005.3154195917432,1656.6325804082571,0.10272206018373084,0.19043571300482454,34.39214285714286,10768663.35,0.7814341432231565,-176007544.0,0.006913251191375869,0.019350645513888532,0.004034052146053997,-0.11778044203502924,-0.10001914343752327,-0.04392159078070279,7.20060161681823,4.726753863798582,0,0,-0.003728322845578891,INFY.NS,IN,IT Services
2025-10-03,1693.47,1654.96,1644.99,1649.42,8713941,1694.0459999999998,1741.836,1821.716,1797.4178,1749.0029499119998,1789.5456730588933,8.35002731742857,11.108964451313753,-40.54272314689342,-16.86711577725587,-23.675607369637554,1821.716,96.13875955316556,2013.993519106331,1629.4384808936688,0.051960102249991404,0.21109494466341133,35.39500000000002,10778416.25,0.8084620216386594,-184721485.0,-0.025424680197347005,0.006044548992975702,-0.026011680159656766,-0.139672438973503,-0.10092773277807443,-0.046567012335402724,1.5054713518606027,3.790740110872657,0,1,-0.005147263886699616,INFY.NS,IN,IT Services
2025-10-06,1644.57,1636.47,1631.67,1633.8,16799360,1676.616,1720.89,1812.493,1791.8988,1731.2794191563075,1778.008956536005,7.148704754107953,13.200183654729102,-46.729537379697376,-22.83960009774417,-23.889937281953205,1812.493,104.93350406203557,2022.360008124071,1602.6259918759288,0.07427086420741073,0.23157828264600788,35.86857142857145,10714782.85,1.5678673723315473,-201520845.0,-0.009469995513574525,0.0029379360998880014,-0.0065488243127342916,-0.11363562384036985,-0.10144863770857859,-0.05064063453325207,0.692502763506391,3.1328585773950746,1,1,0.01334312645366631,INFY.NS,IN,IT Services
2025-10-07,1639.58,1666.08,1652.73,1658.66,5837534,1663.032,1705.4540000000002,1802.727,1786.7975999999999,1720.1072008245678,1769.1682930888883,14.042032122109617,28.742065388028166,-49.06109226432045,-28.083898531059432,-20.977193733261018,1802.727,109.8433551687916,2022.4137103375833,1583.0402896624169,0.17210806748667118,0.24372709826552924,36.441428571428595,10800515.25,0.5404865716488321,-195683311.0,0.015216060717346158,0.00804866579045245,0.011637126581190621,-0.0851397116413497,-0.10535172979212282,-0.039337881824184184,8.774952857764571,3.657642324377188,0,0,-0.0010249237336162897,INFY.NS,IN,IT Services
2025-10-08,1660.08,1672.03,1654.64,1662.37,3910119,1659.3400000000001,1692.5240000000001,1791.5904999999998,1783.0404,1711.224554543865,1761.257308415633,13.179164149912253,27.795836503215995,-50.03275387176791,-32.47366959920113,-17.55908427256678,1791.5904999999998,112.31535361486473,2016.2212072297293,1566.9597927702703,0.2123712479165668,0.25076121717502314,35.19642857142859,10568210.8,0.3699887051847314,-191773192.0,0.00223674532453888,0.010460968376468182,0.001379451592693475,-0.07216730759570689,-0.11815288313617311,-0.010982669276488388,9.981143117205285,6.482866246158749,0,0,-0.00133544277146469,INFY.NS,IN,IT Services
2025-10-09,1655.09,1712.27,1665.24,1686.14,13224944,1658.078,1684.118,1780.449,1780.4084,1707.3653923063473,1755.6930633478053,18.79591616248922,52.16540249571819,-48.32767104145796,-35.6444698876525,-12.683201153805463,1780.449,111.10432152758895,2002.657643055178,1558.2403569448222,0.28779178275061656,0.24960966930819475,35.92642857142859,10393667.75,1.2724038371917519,-178548248.0,0.014298862467441165,0.027892108603065034,0.0187603091070464,-0.04748615975595971,-0.11672786895551002,-0.003728322845578891,24.644828522194185,14.466974832388013,0,0,-0.010805745667619604,INFY.NS,IN,IT Services
2025-10-10,1687.59,1641.93,1640.13,1640.93,34081580,1656.3799999999999,1675.2130000000002,1764.8920000000003,1776.7319999999997,1697.1445627207556,1747.1920956924082,20.37714854616266,33.50832266325229,-50.04753297165257,-38.52508250445251,-11.52245046720006,1764.8920000000003,107.53472235319929,1979.9614447063989,1549.8225552936017,0.2118093642510716,0.24371966636630082,33.39357142857144,11774771.45,2.8944576334466663,-212629828.0,-0.026812720177446736,0.0010969389309713744,-0.027648895762579898,-0.051474583521196715,-0.15938977598139403,-0.005147263886699616,4.936560400869298,13.187510680089588,1,1,0.016484554490441283,INFY.NS,IN,IT Services
2025-10-13,1658.62,1665.66,1647.56,1655.6,17301045,1660.7400000000002,1668.6779999999999,1751.479,1774.2462,1690.753091532947,1740.407496011486,25.851383690249733,52.41708385481846,-49.654404478538936,-40.7509468992698,-8.903457579269137,1751.479,103.31004908068448,1958.099098161369,1544.858901838631,0.2679823965493734,0.23593785384951924,32.64428571428573,11963307.8,1.4461755764425306,-195328783.0,0.00894005228742234,0.010932592413619959,-0.0018207907778744748,-0.037973212469856854,-0.13943842067510115,0.01334312645366631,13.866033143968703,14.482474022344062,1,1,0.017588789562696272,INFY.NS,IN,IT Services
2025-10-14,1643.48,1657.42,1656.6,1656.96,8577165,1660.4,1661.716,1737.9809999999998,1772.2679999999998,1685.5541543740324,1734.2262000106327,27.984964863539815,60.19545694664555,-48.67204563660039,-42.33516664673592,-6.336878989864466,1737.9809999999998,96.59920871965801,1931.1794174393158,1544.7825825606837,0.29031660539937165,0.22232512028521012,30.530714285714307,11867025.45,0.722772889749479,-186751618.0,0.0008214544575986249,0.0004948821938970578,0.008202107722632352,-0.04032248722908871,-0.14009922570734645,-0.0010249237336162897,17.248670031255966,12.01708785869799,1,1,0.025782155272305873,INFY.NS,IN,IT Services
2025-10-15,1659.33,1670.88,1651.57,1660.15,13164526,1659.9560000000001,1659.648,1725.4285,1770.4196,1681.6458229318735,1728.7390740839173,30.872179928390196,50.81057556305081,-47.09325115204388,-43.28678354779752,-3.8064676042463574,1725.4285,88.91103562284768,1903.2505712456953,1547.6064287543047,0.31644995038292634,0.20611931615316684,29.915000000000028,12141395.95,1.0842678197750548,-173587092.0,0.0019252124372344248,0.01163147908320847,0.0004941753599342323,-0.012303445321656503,-0.13135726245290913,-0.00133544277146469,25.349354694923495,18.821352623382722,1,1,0.036502725657320045,INFY.NS,IN,IT Services
2025-10-16,1670.27,1681.14,1657.35,1667.92,20162427,1656.312,1657.1950000000002,1712.9044999999999,1768.3132,1679.5341578654313,1724.2339574851069,37.84186192304681,52.89152860268843,-44.69979961967556,-43.56938676217313,-1.130412857502428,1712.9044999999999,77.16369786472748,1867.231895729455,1558.5771042705449,0.3542562719090572,0.1801938120068748,27.939285714285752,12853370.45,1.5686489010632305,-153424665.0,0.0046802999728940975,0.014263274017930073,-0.0014069581564648244,-0.014493781204762302,-0.13056713928273567,-0.010805745667619604,36.1668163220975,26.25494701609232,1,1,0.036074871696484045,INFY.NS,IN,IT Services
2025-10-17,1670.04,1685.57,1653.91,1667.98,5232851,1661.7220000000002,1659.051,1700.4435,1766.876,1677.7565951169033,1720.066997671394,39.24467005076143,37.434265153611896,-42.310402554490565,-43.31758992063662,1.0071873661460558,1700.4435,60.83044513668668,1822.1043902733734,1578.7826097266268,0.36658202185015737,0.14309312867296295,29.220000000000027,12594464.3,0.41548814303374987,-148191814.0,3.597294834278841e-05,0.01898104293815326,-0.0012335033891396087,0.011252440251724893,-0.12999165449614025,0.016484554490441283,36.226678638768504,32.58094988526317,1,1,0.07633784577752722,INFY.NS,IN,IT Services
2025-10-20,1674.82,1687.75,1682.31,1684.72,13944295,1667.5459999999998,1664.143,1692.5165000000002,1766.0222,1678.827888175841,1717.4487015475863,41.8674230649674,100.0,-38.62081337174527,-42.37823461085836,3.7574212391130857,1692.5165000000002,50.73172331258165,1793.9799466251634,1591.053053374837,0.46157975970762966,0.11989655241187103,29.850000000000023,13041128.75,1.0692551387275324,-134247519.0,0.010036091559850746,0.003229023220473922,0.005911082982048328,0.031166605459664654,-0.08601065503510086,0.017588789562696272,65.81885855997744,46.070784506947824,1,1,0.03659361793057592,INFY.NS,IN,IT Services
2025-10-21,1685.23,1707.75,1693.21,1699.68,27958052,1676.0900000000001,1668.2450000000001,1686.8494999999998,1765.1734000000004,1682.0359053795578,1716.1325014329498,54.15986229421373,100.0,-34.09659605339198,-40.72190689936508,6.625310845973104,1686.8494999999998,42.17031363850216,1771.1901272770042,1602.5088727229954,0.5760635794021564,0.09999780926153091,27.689285714285738,14050127.05,1.989878803987128,-106289467.0,0.008879813856308427,0.008554551444972823,0.00857449724962852,0.02473080679584716,-0.0625144786047589,0.025782155272305873,84.37965260441224,62.14172993438606,1,1,0.023969217735103188,INFY.NS,IN,IT Services
2025-10-22,1690.73,1725.5,1716.95,1720.75,20406579,1688.2099999999998,1674.0829999999999,1683.3035,1765.4605999999999,1687.9919199365488,1716.4745383638426,55.99525463943732,100.0,-28.4826184272938,-38.27404920495083,9.791430777657027,1683.3035,35.31720622483547,1753.9379124496709,1612.669087550329,0.7650726374054339,0.08392356155574907,27.194285714285733,14955803.1,1.364458832407413,-85882888.0,0.012396451096676975,0.004968763620511397,0.017755644011747722,0.03511853558473743,-0.039583182170823905,0.036502725657320045,94.93765320158863,81.71205478865944,0,1,-0.010042132790934133,INFY.NS,IN,IT Services
2025-10-23,1711.1,1737.34,1720.69,1728.09,8098073,1700.244,1678.2779999999998,1681.1979999999999,1765.3966,1694.160855330926,1717.3349429294842,69.63510208156536,100.0,-23.174087598558117,-35.254056883672284,12.079969285114167,1681.1979999999999,30.834842151818606,1742.8676843036371,1619.5283156963626,0.8801868010888632,0.0733639753361598,24.993571428571435,14591165.9,0.5549983120267098,-77784815.0,0.0042655818683712265,0.009634914848179337,0.009929285255093262,0.02487931014032041,-0.023788272511580666,0.036074871696484045,91.24633292238812,90.18787957612967,0,1,-0.024732508144830412,INFY.NS,IN,IT Services
2025-10-24,1723.27,1810.24,1783.37,1795.31,19947978,1725.7099999999998,1693.716,1684.4645,1766.8254000000002,1709.7222622030913,1723.110873082857,82.05453895923469,100.0,-13.388610879765793,-30.880967682890986,17.492356803125194,1684.4645,38.725366971876404,1761.9152339437528,1607.0137660562473,1.2155871504024993,0.09195887944650277,29.59357142857144,14760388.4,1.3514533701936076,-57836837.0,0.038898437002702346,0.014966774540321812,0.04180424425653447,0.09408079564637117,0.03776344235193463,0.07633784577752722,91.22332608258638,92.46910406885438,0,0,-0.07366415827907158,INFY.NS,IN,IT Services
2025-10-27,1803.03,1746.41,1746.34,1746.37,12501446,1738.0400000000002,1702.7930000000001,1685.7355,1767.425,1715.360375710308,1724.833771373016,65.88891706822213,72.2357746638679,-9.473395662707844,-26.59945327885436,17.126057616146515,1685.7355,40.36818529422139,1766.4718705884427,1604.9991294115573,0.8755092008545411,0.0957877087934552,30.785714285714302,14377363.5,0.8695227835393615,-70338283.0,-0.027259916114765748,4.0083143892831206e-05,-0.031424879231054755,0.05482604493839083,0.014770911415206589,0.03659361793057592,62.453706424887024,81.64112180995384,0,0,-0.04105659167301301,INFY.NS,IN,IT Services
2025-10-28,1749.35,1742.84,1738.48,1740.42,21569664,1746.1879999999996,1711.139,1686.4274999999998,1767.3959999999997,1719.215702524107,1725.9883068268668,64.02515723270443,66.82982837805176,-6.7726043027598735,-22.634083483635465,15.861479180875591,1686.4274999999998,41.21494451430221,1768.8573890286043,1603.9976109713953,0.8275055967892697,0.0977568131788122,30.107142857142872,14882601.55,1.4493207036560953,-91907947.0,-0.003407067230884575,0.002505142436881554,-0.00510475319404049,0.0503693511008112,0.008015846355222456,0.023969217735103188,58.955969666339705,70.87766739127103,0,0,-0.024942255317682016,INFY.NS,IN,IT Services
2025-10-29,1726.27,1707.36,1700.35,1703.47,10331386,1742.732,1715.471,1687.5595,1766.3136,1716.7932867511672,1724.3202840989504,52.97326973887382,51.010828399210524,-7.526997347783208,-19.612666256465015,12.085668908681807,1687.5595,41.363757143194974,1770.28701428639,1604.83198571361,0.5961620818457332,0.0980439673817024,29.405000000000022,14508898.35,0.7120723461356151,-102239333.0,-0.02123050757863043,0.004115129705833314,-0.013207667398487343,0.02609402764810409,0.013469535884057304,-0.010042132790934133,37.23473046830146,52.88146885317607,1,0,0.009087333501617278,INFY.NS,IN,IT Services
2025-10-30,1700.01,1706.02,1668.81,1685.35,6620641,1734.184,1717.214,1687.2044999999998,1765.5074,1711.9558580202183,1721.4335963879166,58.40205795566314,40.40754389768044,-9.477738367698294,-17.58568067871167,8.107942311013378,1687.2044999999998,41.35004110926684,1769.9045822185335,1604.5044177814661,0.48878779832655905,0.0980320787651819,28.776428571428596,14419180.3,0.4591551255410042,-108859974.0,-0.010637111308094749,0.022078500014820635,-0.008623478685414474,0.010450141493596687,-0.004195101775532617,-0.024732508144830412,23.22965330696315,39.806784480534766,1,1,0.027116029311418988,INFY.NS,IN,IT Services
2025-10-31,1677.18,1678.03,1651.09,1663.06,15442155,1707.734,1716.7219999999998,1687.8865,1763.8578,1704.4334183248,1717.1096262851074,51.371525224297706,33.6993031533564,-12.676207960307465,-16.60378613503083,3.927578174723365,1687.8865,40.80291401811435,1769.4923280362289,1606.2806719637713,0.3478877023995987,0.09669587147735399,29.45714285714288,14755591.0,1.0465290040548696,-124302129.0,-0.013225739460646091,0.016199054754479008,-0.008418893619046077,-0.0029496756555834613,0.008269573547065034,-0.07366415827907158,7.521206409000823,22.661863394755144,1,1,0.029902709463278443,INFY.NS,IN,IT Services
2025-11-03,1666.14,1675.77,1673.78,1674.67,8561577,1693.3939999999998,1715.7169999999999,1689.9299999999998,1762.3926,1699.8544308902156,1713.9659502639881,53.13773431132845,8.070346169887486,-14.11151937377258,-16.10533278277918,1.9938134090065986,1689.9299999999998,38.93211811671477,1767.7942362334293,1612.0657637665704,0.4020089277273987,0.09215084202704653,30.235000000000014,14343701.85,0.5968875045400149,-115740552.0,0.006981107115798579,0.0011882938131087442,0.005119617799221466,-0.0059653829716510565,0.025015301750520358,-0.04105659167301301,14.816211121490406,15.189023612484794,1,1,0.0373446708903844,INFY.NS,IN,IT Services
2025-11-04,1673.56,1700.14,1694.51,1697.01,6889946,1684.712,1715.45,1691.8474999999999,1761.1296000000002,1699.4168261378748,1712.709953948137,56.115609238120506,28.952754562510705,-13.293127810262149,-15.542891788275773,2.2497639780136236,1691.8474999999999,38.24936461462125,1768.3462292292425,1615.3487707707573,0.5337423905696264,0.09043218047631053,30.675000000000004,14396322.45,0.47859066406291395,-108850606.0,0.013339941600434724,0.003317599778431943,0.014012046177003534,-0.0015708839310929479,0.023121073637755618,-0.024942255317682016,28.8532830661084,17.063566865533208,1,1,0.025044048061001467,INFY.NS,IN,IT Services
2025-11-05,1696.11,1738.33,1703.45,1718.95,7914799,1687.8079999999998,1715.27,1694.6765,1759.9482,1702.421929808971,1713.1721795816084,58.086394320666805,41.943714821763606,-10.75024977263729,-14.584363385148077,3.8341136125107873,1694.6765,38.046247242161705,1770.7689944843235,1618.5840055156766,0.6594999622751317,0.08980179342107891,31.927142857142844,14596556.45,0.5422373752928983,-100935807.0,0.012928621516667516,0.02029145699408336,0.01346610774064576,-0.0010460554990555648,0.034035744148414704,0.009087333501617278,42.63901979238059,28.76950465999313,1,1,0.026894325023997245,INFY.NS,IN,IT Services
2025-11-06,1709.88,1741.27,1722.87,1731.05,16725090,1696.9479999999999,1715.566,1696.922,1758.8894,1706.8262482998985,1714.4964625755633,59.626949964892994,62.72140221402209,-7.6702142756648755,-13.201533563251438,5.531319287586562,1696.922,38.83306778617121,1774.5881355723425,1619.2558644276576,0.719709656903758,0.09153766121518453,31.25999999999999,14771563.75,1.1322490394932603,-84210717.0,0.007039180895313857,0.010629386788359355,0.01238098580016578,0.001712873750788546,0.026634799008385945,0.027116029311418988,50.24191014734375,40.578071001944245,1,1,0.008405303139712883,INFY.NS,IN,IT Services
2025-11-07,1733.67,1726.78,1701.59,1712.79,16861963,1706.8939999999998,1707.3139999999999,1700.515,1757.1770000000001,1707.7437485614523,1714.3700579403364,54.264790786714876,62.64050119771516,-6.626309378884116,-11.886488726377975,5.2601793474938585,1700.515,36.64239154170855,1773.7997830834172,1627.230216916583,0.5837486274977711,0.08619128097473294,31.952142857142853,13910582.9,1.2121678803144993,-101072680.0,-0.010548511019323525,0.014706998522869323,-0.012043814566779183,-0.04596420673866908,0.04379223976647384,0.029902709463278443,38.768457429853804,43.883129123192724,1,1,0.02871922418977224,INFY.NS,IN,IT Services
2025-11-10,1706.86,1748.61,1728.09,1737.21,15156606,1719.402,1706.398,1704.5955000000001,1755.7060000000001,1712.2770180135362,1716.0619055003115,55.542755870624724,83.50049697298276,-3.784887486775233,-10.266168478457427,6.481280991682194,1704.5955000000001,35.91421687051196,1776.423933741024,1632.7670662589762,0.7270305664527217,0.084276221239563,32.865714285714276,13803360.95,1.0980372792441337,-85916074.0,0.01425743961606507,0.011812043448971724,0.017781188849690283,-0.005245165686538322,0.049293307562213284,0.0373446708903844,54.11247250987053,47.70761336235603,1,1,0.04424335572555993,INFY.NS,IN,IT Services
2025-11-11,1737.88,1741.3,1738.08,1739.51,17381885,1727.902,1706.307,1708.723,1754.9776000000002,1716.466707549915,1717.7988013891772,52.9332666208018,81.98500394632991,-1.3320938392621429,-8.47935355061837,7.147259711356227,1708.723,34.88020462580359,1778.483409251607,1638.9625907483928,0.7206624095928028,0.08165209838173457,31.313571428571418,14243596.95,1.2203296569459825,-68534189.0,0.0013239619850218265,0.001851095998297323,0.0009379243676197112,-0.0005228622976063413,0.04982015256855932,0.025044048061001467,55.55765001535938,49.47952665169456,1,1,0.04026996108099401,INFY.NS,IN,IT Services
2025-11-12,1750.89,1770.3,1761.09,1765.18,11797541,1737.148,1712.4779999999998,1713.9744999999998,1753.6707999999999,1723.9610602345435,1721.3085198047938,55.48490136346161,82.5580284649919,2.652540429749706,-6.252974754544755,8.905515184294462,1713.9744999999998,35.08818686727252,1784.1508737345448,1643.7981262654548,0.8648343258147652,0.08188730198086851,32.32357142857143,14175247.7,0.8322634226516252,-56736648.0,0.01475702927836009,0.005217598205279245,0.008161563547676783,0.03622605622640851,0.06326536758726609,0.026894325023997245,71.68708765270702,60.452403392645635,1,1,0.021890118854734242,INFY.NS,IN,IT Services
2025-11-13,1765.65,1750.89,1741.36,1745.6,11597419,1740.0580000000002,1718.503,1717.8584999999998,1750.9720000000002,1727.2901278907675,1723.1078887081426,41.443178297242405,63.02159679468378,4.182239182624926,-4.165931967110819,8.348171149735744,1717.8584999999998,34.00455267895416,1785.8676053579081,1649.8493946420915,0.7039543076864654,0.07917893744783837,28.157142857142862,13746997.3,0.8436328241926093,-68334067.0,-0.011092353187777015,0.00545944087992366,-0.011355591425247826,0.035749250897439744,0.04657297712120467,0.008405303139712883,79.28026172234475,68.84166646347039,1,1,0.046327910174152276,INFY.NS,IN,IT Services
2025-11-14,1745.32,1771.67,1754.24,1761.98,13417712,1749.896,1728.395,1722.5584999999999,1749.52,1732.6270312921877,1725.9873043593916,53.026249466868315,64.50614388894098,6.639726932796066,-2.004800187129441,8.644527119925506,1722.5584999999999,33.235146626978974,1789.0287932539577,1656.088206746042,0.79653472302724,0.07717623901181789,26.521428571428583,14156240.35,0.947830124413639,-54916355.0,0.009383593033913895,0.009892280275593465,0.009545527467736884,0.059480716270008394,0.05635559179366667,0.02871922418977224,91.96384143231077,80.97706360245418,1,1,0.047276359550051605,INFY.NS,IN,IT Services
2025-11-17,1766.46,1817.56,1811.28,1814.07,11776336,1765.268,1742.3349999999998,1729.0259999999998,1749.4361999999999,1745.1567187856972,1732.5119484809186,62.1114948199309,86.05810310452854,12.644770304778604,0.9251139112521688,11.719656393526435,1729.0259999999998,37.76168754593405,1804.549375091868,1653.5026249081318,1.0630309814377863,0.08735944409375496,29.92785714285716,14047842.4,0.838302055673542,-43140019.0,0.029563332160410294,0.003461828926114489,0.026952209503737955,0.0832402801746015,0.07677833705304149,0.04424335572555993,97.90352616028171,89.71587643831242,1,1,0.032903912197434604,INFY.NS,IN,IT Services
2025-11-18,1819.87,1826.73,1795.82,1809.56,12409794,1779.2779999999998,1753.5899999999997,1734.5199999999998,1748.5478,1755.0649158955898,1738.2192115564067,69.5298405802437,80.01327470339325,16.845704339183158,4.109231996838368,12.73647234234479,1734.5199999999998,41.11205009676386,1816.7441001935274,1652.295899806472,0.95631390202158,0.09480905402472183,29.27357142857144,13270429.5,0.935146301395422,-55549813.0,-0.0024861223657300924,0.01708150047524426,-0.005665239824819509,0.06632253198272253,0.06464746305186853,0.04026996108099401,90.22432247728177,93.3638966899581,1,1,0.050631092641305164,INFY.NS,IN,IT Services
2025-11-19,1811.85,1809.83,1799.02,1803.82,20145298,1787.0059999999999,1762.077,1738.6735,1746.9221999999997,1762.5656980654992,1743.0785292188953,72.85036454114106,75.93772686940382,19.487168846603936,7.184819366791483,12.302349479812452,1738.6735,43.75870346812651,1826.1909069362532,1651.156093063747,0.8721916718041005,0.10067146814649533,27.387857142857147,13257365.45,1.5195550395304944,-75695111.0,-0.0031720418223214475,0.005992837422799367,-0.004431934210886962,0.04937316385002477,0.04827546128141802,0.021890118854734242,86.95627419672647,91.69470761142998,1,1,0.05571509352374404,INFY.NS,IN,IT Services
2025-11-20,1807.45,1838.55,1816.81,1826.47,10119621,1803.1799999999998,1771.619,1743.5925,1745.2722,1772.3971291323453,1749.2556752026812,81.474633075234,75.33691608102515,23.141453929664067,10.376146279366,12.765307650298066,1743.5925,47.84511313934434,1839.2827262786886,1647.9022737213113,0.9330510190126116,0.10976214485739505,27.421428571428578,13358442.85,0.757544899213691,-65575490.0,0.012556685256843947,0.011902741353533376,0.010523112672543893,0.0551226134427083,0.056929905271137615,0.046327910174152276,92.66856830677514,89.94972166026112,1,1,0.055763302983350416,INFY.NS,IN,IT Services
2025-11-21,1829.27,1861.36,1832.41,1845.28,13930007,1819.8400000000001,1784.868,1746.0909999999997,1743.1364,1783.6098784966,1756.3685881506308,81.97458675362641,91.47112664336828,27.24129034596922,13.749175092686647,13.492115253282572,1746.0909999999997,51.82700981454211,1849.7450196290838,1642.4369803709155,0.9784619079605407,0.11872693877813331,29.00571428571428,13057544.3,1.0668166703584019,-51645483.0,0.01029855404140223,0.015688675973285427,0.00875212516467839,0.07735332410861817,0.02783363318869725,0.047276359550051605,90.36260113820585,89.99581454723584,1,1,0.034926948755744425,INFY.NS,IN,IT Services
2025-11-24,1850.94,1884.7,1865.02,1873.76,8491078,1831.7779999999998,1798.523,1752.4605,1742.1344,1797.4791279586616,1765.0642482876212,82.38009746088737,92.25128515270637,32.41487967104035,17.48231600835739,14.932563662682963,1752.4605,59.17086102529266,1870.8022220505852,1634.1187779494146,1.012496767400165,0.1350577910891775,30.002142857142854,12857025.9,0.6604231340606435,-43154405.0,0.015433972080117986,0.010502945948248207,0.012328870735943687,0.07860304741510804,0.07294559572141068,0.032903912197434604,94.02544918303735,92.35220620933944,1,1,0.036045171206557924,INFY.NS,IN,IT Services
2025-11-25,1887.1,1908.76,1895.12,1901.18,10642928,1850.102,1814.6899999999998,1760.4985000000001,1741.6196,1813.4331082727138,1775.1468965626125,82.72691354477206,90.47486293095439,38.28621171010127,21.64309514870617,16.6431165613951,1760.4985000000001,67.74680114996865,1895.9921022999374,1625.0048977000629,1.0191444378589893,0.1539264047085076,29.55071428571429,12310689.1,0.8645273265387454,-32511477.0,0.014633677738878026,0.007174491631509339,0.007461183827032322,0.09293996585245279,0.0923685087507613,0.050631092641305164,96.34116908772346,93.57640646965557,0,1,-0.0007679441189156755,INFY.NS,IN,IT Services
2025-11-26,1906.05,1916.14,1894.87,1904.32,10151681,1870.202,1828.6039999999998,1770.541,1741.4820000000002,1827.4157069999885,1784.715274595012,82.15253293746517,94.59713855421685,42.70043240497648,25.85456259996024,16.845869805016243,1770.541,73.49124193435111,1917.5234838687022,1623.5585161312977,0.955084838947708,0.16603115530068974,29.475714285714307,12301703.85,0.8252255377432502,-22359796.0,0.0016516058447910709,0.01116934128717287,-0.0009076362110118363,0.07882482239771571,0.11790639107234058,0.05571509352374404,94.49079468611276,94.95247098562453,1,1,0.012261594689968236,INFY.NS,IN,IT Services
2025-11-27,1906.85,1934.23,1923.59,1928.32,9175136,1890.5720000000001,1846.8760000000002,1782.6895,1741.6803999999997,1842.9394443846056,1795.3526616620484,89.16021657763723,100.0,47.586782722557246,30.201006624479646,17.3857760980776,1782.6895,78.573892642535,1939.83728528507,1625.5417147149299,0.963355241484502,0.17630415760566487,29.50785714285717,12429428.6,0.7381783633900626,-13184660.0,0.012602923878339833,0.005517756388978273,0.011259406875207158,0.10467461044912918,0.1441659002581066,0.055763302983350416,97.13301639615241,95.98832672332954,0,0,-0.00885226518420179,INFY.NS,IN,IT Services
2025-11-28,1936.92,1927.78,1895.3,1909.73,11982407,1903.462,1861.6510000000003,1795.023,1741.531,1853.2149144792816,1803.8250570944895,82.024057024057,84.56492859515116,49.389857384792094,34.038776776542136,15.351080608249958,1795.023,78.16616660073056,1951.355333201461,1638.6906667985388,0.8668690847571294,0.17418421179157484,29.30785714285717,12256441.2,0.9776415377702349,-25167067.0,-0.009640516096913299,0.01700763982342164,-0.014037750655672932,0.08385452729315879,0.14832297090904722,0.034926948755744425,87.50955901051486,93.04445669759333,1,1,0.004880271033077976,INFY.NS,IN,IT Services
2025-12-01,1900.72,1954.44,1930.78,1941.3,20991578,1916.97,1874.3740000000003,1808.3545,1743.4918,1866.7664660978535,1814.0083861986016,83.78595586511734,86.04354354354358,52.758079899251925,37.782637401084095,14.97544249816783,1808.3545,79.28847420553981,1966.9314484110796,1649.7775515889202,0.9191829308458052,0.17538259053851665,32.20928571428575,12877941.25,1.6300413212367062,-4175489.0,0.016531132673205162,0.012187709266979804,0.021349804284680845,0.07013511055251453,0.159213456979584,0.036045171206557924,93.83330204573944,92.82529248413557,0,0,-0.00961726677999275,INFY.NS,IN,IT Services
2025-12-02,1948.03,1903.87,1896.41,1899.72,15832112,1916.6779999999999,1883.39,1818.4899999999998,1745.2258,1871.8362405443374,1820.3573946283352,71.38678705411075,58.872180451127846,51.47884591600223,40.52187910406772,10.956966811934507,1818.4899999999998,77.23582152289292,1972.9616430457856,1664.018356954214,0.7629285168383964,0.16989001099340764,33.2164285714286,13325049.55,1.1881464869940024,-20007601.0,-0.021418636995827467,0.003926894489712106,-0.024799412740037448,0.049824266672561235,0.11945127017519042,-0.0007679441189156755,74.31950441113986,85.2207884891314,1,1,0.009264523192891616,INFY.NS,IN,IT Services
2025-12-03,1907.51,1941.94,1916.26,1927.67,10957997,1921.348,1895.775,1828.9260000000002,1747.9458000000002,1880.4260496913623,1828.306476507718,78.1920659007154,59.02063610978685,52.119573183644434,42.841417919983066,9.278155263661368,1828.9260000000002,77.17919316008957,1983.2843863201792,1674.567613679821,0.8198530457372092,0.1687967542919666,34.5307142857143,13477209.45,0.8130760472023348,-9049604.0,0.01471269450234769,0.013321782255254655,0.010568751933142953,0.06865984410861392,0.12142296169173039,0.012261594689968236,86.62837162793895,84.92705936160608,1,0,0.006287383213931852,INFY.NS,IN,IT Services
2025-12-04,1930.51,1938.85,1889.18,1911.25,5475574,1917.934,1904.253,1837.9360000000001,1750.7667999999999,1885.168195892691,1834.45044121085,73.11038860504723,52.164137155705475,50.71775468184114,44.416685272354684,6.301069409486459,1837.9360000000001,75.65498448810223,1989.2459689762045,1686.6260310237958,0.7422642754318034,0.16465205423488305,36.21642857142857,12914733.65,0.4239788232892574,-14525178.0,-0.008518055476300468,0.025988227599724713,-0.009976638297646744,0.04641740625359292,0.10409866843823123,-0.00885226518420179,72.77140335346884,77.90642646418256,0,1,-0.0035840418574231148,INFY.NS,IN,IT Services
2025-12-05,1912.2,1958.72,1887.31,1919.05,2984928,1919.798,1911.6299999999999,1848.2489999999998,1754.5481999999997,1890.3807811399693,1840.7170751952315,68.83657503768035,46.779237023139466,49.663705944737785,45.46608940683131,4.197616537906477,1848.2489999999998,71.64997417269284,1991.5489483453855,1704.949051654614,0.7470377722279652,0.15506563059989015,37.34714285714286,12220881.9,0.24424814675214668,-11540250.0,0.004081098757357626,0.03721112008543961,0.0035822612697397377,0.039977672765108885,0.12042340275223462,0.004880271033077976,75.6476365863987,78.34913718926883,1,1,0.01215705687710078,INFY.NS,IN,IT Services
2025-12-08,1913.33,1939.52,1909.11,1922.63,27711709,1916.0639999999999,1916.5170000000003,1857.5199999999998,1758.5818,1895.3421994261278,1846.784699254844,70.35610124941493,55.003878975950386,48.557500171283664,46.08437155972179,2.473128611561876,1857.5199999999998,68.45071296387846,1994.4214259277567,1720.6185740722428,0.7377988379522841,0.14740237082527588,37.31142857142858,12848637.05,2.156781823268809,16171459.0,0.0018655063703396646,0.015816875841937483,0.004860635645704255,0.026081248398941215,0.10673436141859649,-0.00961726677999275,77.40137758248346,75.27347250745034,1,0,0.01673748979262779,INFY.NS,IN,IT Services
2025-12-09,1916.48,1927.64,1909.07,1917.32,11244562,1919.584,1918.131,1866.4105000000004,1762.3965999999998,1898.7233995144159,1852.009536347078,70.46520014424809,38.31839438815279,46.71386316733788,46.21026988124501,0.5035932860928654,1866.4105000000004,63.698864773409525,1993.8082295468193,1739.0127704531815,0.6998053661568214,0.136516301796149,37.86571428571431,12541770.9,0.8965688492548648,4926897.0,-0.0027618418520465315,0.009685394196060376,0.0004383035565200158,0.00848946443787546,0.10221844082528975,0.009264523192891616,70.82658022640524,74.62519813176247,0,1,-0.002216635720693416,INFY.NS,IN,IT Services
2025-12-10,1904.84,1945.26,1935.41,1939.79,16081982,1922.0080000000003,1921.6780000000003,1875.141,1767.5758,1905.0413380506598,1858.5117929139612,70.44601616628174,73.98539446905288,46.529545136698516,46.27412493233572,0.25542020436279955,1875.141,61.002962128252875,1997.1469242565058,1753.1350757434943,0.7649420525814657,0.13012986677422198,37.38071428571431,12755992.95,1.2607392307519871,21008879.0,0.011719483445642886,0.005077869253885643,0.018347997732083378,0.018626071248529774,0.09891909040437796,0.006287383213931852,85.01306309805226,77.74700696898032,0,1,-0.032921089396274805,INFY.NS,IN,IT Services
2025-12-11,1949.31,1909.52,1900.3,1904.4,13218899,1920.6380000000001,1919.2859999999996,1883.0809999999997,1771.8147999999999,1904.9426706582506,1861.9109193647791,60.0646918624447,37.21006925360014,43.031751293471416,45.62565020456286,-2.5938989110914434,1883.0809999999997,53.074036064826196,1989.229072129652,1776.9329278703474,0.6004210419071971,0.11273872141410374,37.70928571428575,12837066.95,1.0297444129366007,7789980.0,-0.018244242933513344,0.004841419869772729,-0.023038921464506323,-0.012404580152671651,0.09097158570119168,-0.0035840418574231148,42.027748131888806,65.95579715211544,0,1,-0.02745221592102509,INFY.NS,IN,IT Services
2025-12-12,1891.73,1943.09,1941.81,1942.38,4923910,1925.304,1922.551,1892.101,1777.674,1910.7022597877503,1867.8715920044253,61.31596306068604,63.831867057673534,42.830667783325,45.066653720315294,-2.2359859369902964,1892.101,46.307850863312915,1984.7167017266258,1799.4852982733744,0.7714388546535952,0.09789720710107629,37.65714285714288,12412376.85,0.39669353120764045,12713890.0,0.0199432892249527,0.0006589853684651375,0.02677443398369393,0.017096657642703406,0.10238481708078417,0.01215705687710078,77.11805069210043,68.05295397401382,0,0,-0.031234876800626088,INFY.NS,IN,IT Services
2025-12-15,1939.39,1962.96,1948.29,1954.81,12913041,1931.7400000000002,1923.902,1899.1380000000001,1784.0941999999998,1917.48806597425,1874.3114740781718,59.30397973699731,65.26118129054282,43.17659189607821,44.68864135546788,-1.5120494593896723,1899.1380000000001,44.48365656117384,1988.1053131223478,1810.1706868776525,0.8128789554576462,0.09369231000833089,36.62714285714287,12469212.1,1.0355938980624206,25626931.0,0.00639936572658284,0.007504565661109043,0.007950953650370423,0.006959254108071855,0.07758245271681918,0.01673748979262779,89.22670191554217,69.45750024651046,0,0,-0.040602411487561385,INFY.NS,IN,IT Services
2025-12-16,1943.97,1919.79,1907.7,1913.07,4813181,1930.89,1925.2370000000003,1904.3135000000002,1789.1824000000001,1916.8083635166731,1877.1824759983074,51.338698326244604,46.92248261653355,39.625887518365744,43.67609058804746,-4.050203069681714,1904.3135000000002,39.2235729705842,1982.7606459411686,1825.8663540588318,0.5558114632112358,0.08238889861477872,38.47285714285714,12089381.45,0.398132908765741,20813750.0,-0.021352458806738306,0.006319685113453035,-0.01589530702633487,0.0070273513991534475,0.05720175070182809,-0.002216635720693416,34.05155320510171,66.7987686042481,0,0,-0.011750746182837002,INFY.NS,IN,IT Services
2025-12-17,1920.6,1885.1,1868.59,1875.93,5383369,1918.118,1920.063,1907.9189999999999,1793.4535999999998,1910.519384514108,1877.0896999984327,42.294455066921614,38.9420251135453,33.42968451567526,41.626809373573025,-8.197124857897762,1907.9189999999999,32.18202487822864,1972.283049756457,1843.5549502435426,0.25149947741563566,0.06747042170702583,39.51357142857142,11351285.0,0.47425190414548624,15430381.0,-0.0194138217629255,0.00880096805317426,-0.023258356763499213,-0.026840693687197548,0.03997627257708647,-0.032921089396274805,7.777895517561044,43.6853835460683,1,0,0.017068867175214386,INFY.NS,IN,IT Services
2025-12-18,1869.01,1867.63,1839.7,1852.12,5527194,1907.6620000000003,1914.15,1909.2015,1796.7732,1901.53486381963,1875.2400925911413,41.654836747110096,26.744124356729756,26.29477122848857,38.56040174455614,-12.265630516067567,1909.2015,29.13188202404574,1967.4652640480913,1850.9377359519085,0.010145791877653038,0.06103469335013709,39.74285714285713,11121663.65,0.49697542354866814,9903187.0,-0.012692371250526469,0.015080016413615201,-0.009036869786673727,-0.030937867887508186,0.014043482783730354,-0.02745221592102509,10.076261560846246,17.301903427836333,1,1,0.007715482798090978,INFY.NS,IN,IT Services
2025-12-19,1850.0,1885.49,1878.69,1881.71,14191776,1895.5279999999998,1910.416,1911.0230000000004,1801.5888,1898.4848847704563,1875.7193449917972,41.31822022786214,43.790026821391415,22.765539778659104,35.401429351376734,-12.63588957271763,1911.0230000000004,25.882458619889157,1962.7879172397786,1859.2580827602221,0.2168642242347496,0.054175085532462086,38.93285714285714,11134752.1,1.274547883778402,24094963.0,0.015976286633695436,0.0036137343161254075,0.017140540540531296,-0.019457544097339796,0.01974226133703283,-0.031234876800626088,34.08242738898196,17.312194822463084,0,1,-0.02969107885912292,INFY.NS,IN,IT Services
2025-12-22,1870.88,1887.98,1865.41,1875.44,10215370,1879.654,1905.6970000000001,1911.107,1805.9856,1894.939517882694,1875.6986527701824,46.05690528777447,27.831500861041178,19.24086511251153,32.169316503603696,-12.928451391092167,1911.107,25.75758367630497,1962.62216735261,1859.59183264739,0.15382040054319368,0.05391133762011548,37.33857142857143,11220966.7,0.9103822658717751,13879593.0,-0.0033320756120762685,0.012034509235159696,0.0024373556828858655,-0.02454450414276277,0.0008965929468021105,-0.040602411487561385,28.99561901647741,24.384769322101874,0,0,-0.033698758691293795,INFY.NS,IN,IT Services
2025-12-23,1875.92,1900.05,1883.02,1890.59,17197978,1875.1580000000001,1903.0240000000001,1910.5775,1810.6582,1894.2703612853563,1876.8017155279467,43.71695811305407,29.108653220559532,17.468645757409604,29.229182354364877,-11.760536596955273,1910.5775,26.07923531228312,1962.7359706245663,1858.4190293754339,0.30839641422600855,0.05459969106151301,36.08071428571428,11548719.2,1.4891674317297947,31077571.0,0.008078104338181902,0.009007770061193049,0.007820162906729511,-0.013941334779796755,-0.005570224807751045,-0.011750746182837002,41.28671101702662,34.788252474162,0,0,-0.04562067925885571,INFY.NS,IN,IT Services
2025-12-24,1881.38,1911.31,1905.26,1907.95,21277093,1881.562,1899.8399999999997,1910.759,1815.6141999999998,1896.3749210876092,1879.10899585921,49.4426052293764,48.02041447571919,17.265925228399283,26.836530929171758,-9.570605700772475,1910.759,26.04600421925066,1962.8510084385014,1858.6669915614987,0.4730380908254934,0.05452493845479633,34.01285714285715,12104989.8,1.7577124470016119,52354664.0,0.009182318747057883,0.003170942634763376,0.014122612125134642,-0.016414147923228706,0.001906192236599047,0.017068867175214386,55.370760992573665,41.88436367535923,0,0,-0.03224403155218947,INFY.NS,IN,IT Services
2025-12-25,1919.33,1876.41,1858.41,1866.41,14981435,1884.42,1896.041,1907.6635,1819.5839999999998,1891.7649332279768,1878.1683294992683,42.01843765162545,46.44032306311698,13.596603728708487,24.188545489079104,-10.591941760370617,1907.6635,27.48807880843469,1962.6396576168695,1852.6873423831307,0.12480553581407228,0.057637164643387646,32.450714285714284,12395304.75,1.2086377941907565,37373229.0,-0.02177205901622159,0.009644183218044456,-0.027572121521558187,-0.019948540222642253,-0.03210566710919338,0.007715482798090978,21.669641408229225,39.4423711392765,0,0,-0.023103176686794513,INFY.NS,IN,IT Services
2025-12-26,1854.21,1828.78,1823.49,1825.84,13424377,1873.2459999999999,1884.387,1903.4689999999998,1822.7412,1881.6226358082881,1874.292156943767,36.80436264485343,41.267942583732086,7.330478864521183,20.816932164167522,-13.486453299646339,1903.4689999999998,33.00337556898029,1969.4757511379603,1837.4622488620394,-0.08803833442476047,0.06935416456787664,33.34428571428571,12467403.25,1.0767579787107648,23948852.0,-0.021736917397570776,0.002897296586774891,-0.015300316576862824,-0.059998558469506524,-0.04392767564001199,-0.02969107885912292,1.6849501684828703,26.24178418976192,0,1,-0.0016266485562809185,INFY.NS,IN,IT Services
2025-12-29,1812.85,1817.57,1807.97,1812.24,9442162,1860.6059999999998,1870.1299999999999,1897.016,1825.2916,1870.9483841454744,1869.6957008738584,35.9908276450512,24.172800951743625,1.2526832716159788,16.90408238565721,-15.651399114041233,1897.016,37.52469704635721,1972.0653940927145,1821.9666059072856,-0.06480136198837765,0.07912362794270043,33.29428571428569,11889932.45,0.7941307695040127,14506690.0,-0.00744862638566357,0.005297311614352741,-0.00033648674738647074,-0.0729329193118512,-0.06648122392211397,-0.033698758691293795,2.755016452656579,8.703202676456224,0,1,-0.014672449565178991,INFY.NS,IN,IT Services
2025-12-30,1821.82,1806.51,1802.6,1804.34,9153552,1843.3560000000002,1859.257,1892.247,1827.3847999999998,1860.700940430786,1864.8545378461652,31.212028740255775,23.88333823097264,-4.153597415379181,12.692546425449931,-16.846143840829114,1892.247,42.84649283688131,1977.9399856737627,1806.5540143262374,-0.012918293771752895,0.09057272721131795,31.987142857142835,11556004.45,0.7921034685908702,5353138.0,-0.004359246015980256,0.0021669973508307277,-0.009594800803586757,-0.05683534841903326,-0.050207398985113616,-0.04562067925885571,1.0850586181024926,1.841675079747314,0,1,-0.03652859217220694,INFY.NS,IN,IT Services
2025-12-31,1797.26,1848.25,1844.98,1846.43,19490662,1831.0520000000001,1856.307,1888.1850000000002,1829.8984,1858.505411133742,1863.4897572649677,42.105836533485856,36.45897215748812,-4.9843461312257205,9.157167914114801,-14.141514045340521,1888.1850000000002,43.16128180868028,1974.5075636173608,1801.8624363826395,0.2581455053550984,0.09143443425015547,32.30285714285713,11982637.7,1.626575121554821,24843800.0,0.0233270891295434,0.001770985090145963,0.027358312097288492,-0.015725533468732844,-0.04214414292902835,-0.03224403155218947,27.33225243185757,10.390775834205547,0,0,-0.051385646896985104,INFY.NS,IN,IT Services
2026-01-01,1845.41,1839.86,1810.04,1823.29,4228830,1822.4279999999999,1853.4240000000002,1883.7869999999998,1831.8023999999998,1853.0876555747047,1860.5119974675627,33.09965089546732,24.928926794598468,-7.42434189285791,5.840865952720258,-13.265207845578168,1883.7869999999998,45.12412554627196,1974.0352510925438,1793.5387489074558,0.16483007001360767,0.09581577014014443,32.13857142857143,11920300.5,0.35475864431784715,20614970.0,-0.012532292044648341,0.016355050485651532,-0.011986496225764535,-0.015565946051011803,-0.04602223675604977,-0.023103176686794513,12.902220004908342,13.773177018289466,0,0,-0.04018559856084325,INFY.NS,IN,IT Services
2026-01-02,1826.91,1857.64,1795.05,1822.87,5858603,1821.834,1847.5400000000002,1878.9779999999998,1832.3536,1848.4387854862885,1857.7237013588542,30.61530324400566,32.95490134669589,-9.284915872565762,2.815709587663054,-12.100625460228816,1878.9779999999998,46.27857269326998,1971.5351453865399,1786.4208546134598,0.19690076457156883,0.09851860467391398,35.139285714285734,12063984.25,0.4856275002491403,14756367.0,-0.00023035282374173072,0.03433596471496366,-0.0022113842499072093,-0.031269430464843206,-0.050118548240014604,-0.0016266485562809185,22.30238896887679,20.845620468547565,0,0,-0.0775754716463598,INFY.NS,IN,IT Services
2026-01-05,1825.51,1787.7,1784.01,1785.65,23953898,1816.516,1838.5609999999997,1872.1290000000001,1833.1392,1838.7789723345516,1852.384908665606,31.027397260274014,33.84256653533819,-13.605936331054409,-0.46861959608043957,-13.137316734973968,1872.1290000000001,49.50218601233689,1971.133372024674,1773.1246279753263,0.06325666113759565,0.10576661333126178,34.55000000000002,11876093.7,2.0169844216550414,-9197531.0,-0.02041835128122127,0.002066474393077024,-0.02183499405644344,-0.04787676491916559,-0.0712461576070279,-0.014672449565178991,1.2882953652688276,12.164301446351319,0,0,-0.045176826365749156,INFY.NS,IN,IT Services
2026-01-06,1774.49,1761.28,1720.16,1738.43,22884720,1803.334,1823.3449999999998,1863.1844999999998,1833.0994,1823.3406688984667,1843.9438043200055,30.123164103157194,26.640926640926693,-20.60313542153881,-4.495522761172115,-16.107612660366694,1863.1844999999998,56.5648098225674,1976.3141196451347,1750.054880354865,-0.051378588522079625,0.12143684068332919,36.05071428571431,12458101.6,1.836934622773134,-32082251.0,-0.026444151989471587,0.0236535264577672,-0.020321331762917585,-0.08048281224379683,-0.09330210919408333,-0.03652859217220694,9.557938791474976,11.049541041873532,0,0,-0.01853971687096978,INFY.NS,IN,IT Services
2026-01-07,1738.73,1787.64,1722.68,1751.55,2320134,1784.3580000000002,1807.705,1853.7725000000003,1834.0610000000001,1812.2959506063946,1837.0998188148196,34.99806080133658,33.8275840941119,-24.803868208425,-8.557191850622694,-16.246676357802308,1853.7725000000003,58.765421525803625,1971.3033430516075,1736.241656948393,0.06512479045530194,0.12680179801086036,38.10285714285716,11770009.2,0.19712251396349684,-29762117.0,0.007547039570186875,0.03708715138018495,0.007373197678761259,-0.08197279802929847,-0.0970414323199934,-0.051385646896985104,16.421658383382518,9.08929751337544,0,0,-0.018355171134138204,INFY.NS,IN,IT Services
2026-01-08,1756.63,1763.58,1739.18,1750.02,11477291,1769.7040000000002,1796.066,1846.0535,1835.3544,1802.715035128488,1830.6494618655736,28.56119558493147,10.697105584997885,-27.934426737085687,-12.432638827915294,-15.501787909170393,1846.0535,61.82483696745832,1969.7031739349165,1722.4038260650834,0.11167103420483243,0.13396109477309254,37.46214285714286,11682928.8,0.982398353536285,-41239408.0,-0.0008735120321999856,0.013942697797731409,-0.0037628868913751694,-0.06236036026382208,-0.08106490233144303,-0.04018559856084325,15.621239863899405,13.866945679585633,0,0,-0.0022171175186568304,INFY.NS,IN,IT Services
2026-01-09,1738.16,1682.78,1680.41,1681.46,24061247,1741.422,1781.628,1833.0074999999997,1835.7223999999999,1784.0604143394899,1819.598390616272,23.74533051810947,7.806271196525202,-35.53797627678205,-17.053706317688647,-18.4842699590934,1833.0074999999997,67.68042637627168,1968.3683527525432,1697.6466472474563,-0.05979072574619356,0.14769263382988845,40.82214285714286,12639795.65,1.9036102926545104,-65300655.0,-0.03917669512348432,0.0014094893723302852,-0.03262070235189363,-0.07907593217368436,-0.13433004870313747,-0.0775754716463598,0.4547423126874871,10.832546853323137,1,1,0.03642072960403464,INFY.NS,IN,IT Services
2026-01-12,1677.11,1706.83,1703.49,1704.98,22576821,1725.288,1770.902,1820.516,1836.3286,1771.8941967487992,1811.108139459511,25.434765345827074,19.166187163257803,-39.21394271071176,-21.48575359629327,-17.72818911441849,1820.516,67.06893644445093,1954.653872888902,1686.3781271110981,0.06933863079907088,0.14736247623072607,40.87642857142857,13122984.65,1.7204027804450124,-42723834.0,0.013987843897565133,0.0019589672606118306,0.016617872411459893,-0.05918642122456186,-0.1278027020528849,-0.045176826365749156,10.640970116887631,8.905650764491508,1,1,0.005607103895646892,INFY.NS,IN,IT Services
2026-01-13,1702.5,1714.74,1699.37,1706.2,7504853,1718.8419999999999,1761.0880000000002,1810.1725,1836.5123999999998,1761.787397248984,1803.337166166214,22.107009539610132,24.39904620738541,-41.54976891723004,-25.498556660480627,-16.051212256749412,1810.1725,67.98945257789983,1946.1514051557995,1674.1935948442003,0.11768886180915443,0.15023861555263318,40.494285714285716,13257568.25,0.5660806184361435,-35218981.0,0.000715550915553198,0.009008322588202503,0.0021732745961808354,-0.05439107928660891,-0.10813509176350045,-0.01853971687096978,13.15816326523897,8.084625231604697,0,1,-0.008744578595709762,INFY.NS,IN,IT Services
2026-01-14,1715.85,1728.02,1712.52,1719.4,8817474,1712.4120000000003,1748.3849999999998,1802.346,1836.5213999999999,1755.2662592106785,1797.1195983020502,27.946956286940107,42.14609987618655,-41.85333909137171,-28.769513146658845,-13.083825944712864,1802.346,69.02297995671944,1940.3919599134388,1664.3000400865612,0.19957107019933623,0.1531847491140571,38.51428571428572,13429273.5,0.6565860277857899,-26401507.0,0.007736490446606625,0.009014772595086068,0.0020689454206359024,-0.0687976256884908,-0.08344127979188987,-0.018355171134138204,21.999661456739837,15.266264946288814,0,0,-0.02919623124345705,INFY.NS,IN,IT Services
2026-01-15,1721.22,1753.16,1740.52,1746.14,11211525,1711.636,1740.67,1797.047,1836.8231999999998,1753.8622193321125,1793.3433317611575,37.5266057343183,47.99287675298662,-39.48111242904497,-30.911833003136074,-8.569279425908896,1797.047,69.06874486222092,1935.1844897244418,1658.9095102755582,0.3157379285599242,0.15373831594205933,37.86,13713490.05,0.8175544038437973,-15189982.0,0.015551936722112414,0.007238823920185587,0.014478102741070633,-0.04231361988493321,-0.05722091441159305,-0.0022171175186568304,37.08740055274453,24.08174175824111,0,0,-0.031727123827413606,INFY.NS,IN,IT Services
2026-01-16,1751.27,1754.41,1733.33,1742.7,7335997,1723.884,1732.6529999999998,1790.0965,1837.4214000000002,1752.14495481948,1789.5919738529237,38.75921375921377,47.32221246707641,-37.44701903344367,-32.2188702091976,-5.22814882424607,1790.0965,67.06592304944584,1924.2283460988917,1655.9646539011085,0.3233212269166143,0.14985990542835728,38.08928571428573,13370701.1,0.5486620631537367,-22525979.0,-0.0019700596744820498,0.012096172605719893,-0.00489359150787431,-0.043980097319062716,-0.0738742951889505,0.03642072960403464,35.146419906138064,31.41116063854081,0,0,-0.029942043954782838,INFY.NS,IN,IT Services
2026-01-19,1733.67,1715.46,1713.81,1714.54,3131242,1725.7959999999998,1725.542,1782.0515,1836.9679999999998,1746.3595771549446,1784.0325683823369,36.37660052187635,67.17906107187363,-37.67299122739223,-33.30969441283652,-4.36329681455571,1782.0515,65.9304872594137,1913.9124745188274,1650.1905254811727,0.24400500130307826,0.1479878381951962,39.46428571428573,13016494.7,0.24055952325171515,-25657221.0,-0.016158833993228927,0.0009623572503406912,-0.011034395242456219,-0.03982303362921069,-0.08579320052894257,0.005607103895646892,19.25746205484811,30.49709417124357,0,0,-0.018996348874916857,INFY.NS,IN,IT Services
2026-01-20,1716.62,1691.69,1690.96,1691.28,8906944,1722.812,1720.827,1772.086,1836.0034,1737.885796054184,1777.162007761423,25.036202735317758,42.86606956883982,-39.27621170723887,-34.50299787171699,-4.773213835521879,1772.086,63.68606774847833,1899.4581354969566,1644.7138645030434,0.18279561426481075,0.1437538985093102,38.01214285714286,12601943.0,0.7067912696644264,-34564165.0,-0.013566320995718972,0.00043162575091030853,-0.014761566333833439,-0.027122173455359166,-0.10542211690530467,-0.008744578595709762,6.133273147852258,20.179051702946143,0,0,-0.026098576226290082,INFY.NS,IN,IT Services
2026-01-21,1692.96,1670.65,1668.04,1669.2,2104859,1712.7720000000002,1712.592,1760.1485,1834.0838,1727.3187505073868,1769.1648220013178,25.121896089638028,34.17180013689256,-41.84607149393105,-35.97161259615981,-5.874458897771241,1760.1485,59.089055739270165,1878.3266114785404,1641.9703885214597,0.11520581577143302,0.13428197845633277,37.07285714285714,11643331.3,0.18077805784174003,-36669024.0,-0.013055200794664379,0.0015636232925943948,-0.014034590303365676,-0.047015500556649825,-0.1251343064545717,-0.02919623124345705,0.611814345988377,8.66751651622958,0,1,-0.027779774742391683,INFY.NS,IN,IT Services
2026-01-22,1683.37,1723.49,1664.55,1690.74,2848820,1701.6919999999998,1706.664,1751.3649999999998,1832.9866,1721.691250429327,1763.3555759271462,30.029321967292404,38.55614119150292,-41.66432549781916,-37.11015517649168,-4.554170321327483,1751.3649999999998,55.403709594600585,1862.172419189201,1640.5575808107985,0.22643979778686865,0.12653835058841303,36.81214285714285,11036700.55,0.25812240977015455,-33820204.0,0.012904385334291835,0.034860475294820725,0.004378122456736036,-0.03387389858401613,-0.09412187032859876,-0.031727123827413606,21.266747868280444,9.33727845404036,0,0,-0.02696452440943009,INFY.NS,IN,IT Services
2026-01-23,1685.11,1708.18,1676.4,1690.52,7305455,1691.256,1707.5700000000002,1744.5990000000002,1831.5574000000001,1716.8956734402,1757.9603480806911,33.81096627071915,21.823708206686888,-41.06467464049115,-37.90105906929158,-3.1636155711995713,1744.5990000000002,54.076876554545095,1852.7527531090905,1636.4452468909099,0.2499901832084233,0.12398694841511236,36.30642857142857,10730754.45,0.6807959639039207,-41125659.0,-0.0001301205389356852,0.01879894943566546,0.0032104729068113485,0.0053881745625825594,-0.0741138325373526,-0.029942043954782838,21.09838329660331,14.325648503624043,0,0,-0.028026879303409524,INFY.NS,IN,IT Services
2026-01-26,1680.56,1695.09,1671.47,1681.97,9715279,1684.7419999999997,1705.2689999999998,1738.0855000000004,1828.9154,1711.5224929109384,1752.3314334080474,38.93548639962372,20.74944610345821,-40.808940497109006,-38.48263535485506,-2.3263051422539434,1738.0855000000004,53.341223366772994,1844.7679467335463,1631.4030532664544,0.23699750184585894,0.1227585716968291,33.31571428571427,10744410.3,0.9042169671967043,-50840938.0,-0.005057615408276761,0.01404305665379635,0.0008390060456033958,-0.01349575948104964,-0.07188341500022066,-0.018996348874916857,14.152246323713161,18.839125829532303,1,0,0.00015458064055828835,INFY.NS,IN,IT Services
2026-01-27,1666.84,1660.13,1636.74,1647.14,16187930,1675.914,1699.363,1730.2255,1825.6670000000001,1701.617494001563,1744.5394753778214,31.14321834928664,19.496741491672708,-42.92198137625837,-39.370504559135725,-3.551476817122648,1730.2255,54.63094808999186,1839.4873961799838,1620.9636038200163,0.119787396590411,0.1262978683182286,31.90642857142856,11096129.2,1.4588806825644494,-67028868.0,-0.020707860425572377,0.014200371553107749,-0.011818770847824626,-0.03461493377095293,-0.08712326945032522,-0.026098576226290082,8.199306212486679,14.483311944267717,1,0,0.021054676590939403,INFY.NS,IN,IT Services
2026-01-28,1632.16,1630.3,1616.86,1622.83,6040336,1666.6399999999999,1689.7059999999997,1719.0454999999997,1822.0471999999997,1689.4963410782457,1735.5239586831676,28.775489770717215,19.31318927642785,-46.02761760492194,-40.70192716829297,-5.325690436628975,1719.0454999999997,52.43378224761594,1823.9130644952315,1614.177935504768,0.04125233830325186,0.12200673512733762,32.326428571428586,10423612.9,0.5794857770010072,-73069204.0,-0.014758915453452759,0.008281828657340432,-0.0057163513381007,-0.05616494125857863,-0.12109855234154565,-0.027779774742391683,4.340239912727458,8.897264149642433,1,1,0.03486501974945022,INFY.NS,IN,IT Services
2026-01-29,1622.02,1652.57,1639.21,1645.15,8322194,1657.5220000000002,1679.607,1710.1384999999998,1818.4208,1682.6738270662079,1728.8295913733034,42.83515529421052,39.24129909635863,-46.155764307095524,-41.79269459605348,-4.363069711042044,1710.1384999999998,48.79800743074982,1807.7345148614995,1612.5424851385,0.16705351600476148,0.11413814128088769,29.47857142857145,10628281.1,0.7830234389431572,-64747010.0,0.013753751163091632,0.008120840044975703,0.014259996794112186,-0.05783614143195848,-0.09770250481272857,-0.02696452440943009,20.567066521115585,11.035537548776574,0,1,-0.017110901741482554,INFY.NS,IN,IT Services
2026-01-30,1652.89,1659.11,1630.36,1643.14,11467741,1648.0459999999998,1669.6509999999998,1701.152,1814.3780000000002,1676.5916998252526,1722.48221423454,36.665516646541356,24.19774501300965,-45.890514409287334,-42.612258558700255,-3.2782558505870796,1701.152,43.16975629938643,1787.491512598773,1614.8124874012271,0.1640472116761261,0.10150711117962669,29.720000000000027,10908738.0,1.0512435030300018,-76214751.0,-0.001221773090599676,0.017496987475189272,-0.005898759143073103,-0.05712974120617431,-0.09859726694717663,-0.028026879303409524,19.10577971632796,14.671028716723669,0,1,-0.02300473483695864,INFY.NS,IN,IT Services
2026-02-02,1635.68,1702.23,1666.24,1682.23,7776278,1648.098,1666.42,1695.9810000000002,1810.5474,1677.4591306213676,1719.5005687356852,45.55699721964782,46.838532529936714,-42.04143811431754,-42.49809446982372,0.4566563555061762,1695.9810000000002,38.45179797317022,1772.8845959463406,1619.0774040536598,0.41059585815723376,0.09068921874277486,32.842857142857156,10099857.0,0.7699393397412122,-68438473.0,0.02378981705758476,0.021394220766469872,0.02845911180669293,-0.01884470470213584,-0.05791728502226079,0.00015458064055828835,47.52453653182464,29.06579425642273,0,0,-0.04642052513627737,INFY.NS,IN,IT Services
2026-02-03,1686.51,1696.96,1669.72,1681.82,24253885,1655.034,1665.4739999999997,1693.1505000000002,1806.1602000000003,1678.1300336026954,1716.7094154960048,42.68757783312576,49.9390095145157,-38.579381893309346,-41.71435195452085,3.1349700612115043,1693.1505000000002,37.226657324119365,1767.603814648239,1618.6971853517614,0.42390869329353503,0.08794648160124552,33.23000000000002,10168315.25,2.3852410176561927,-92692358.0,-0.0002437241043139471,0.016196739246758757,-0.0027808907151438615,-0.005593396717279209,-0.032563865096667755,0.021054676590939403,47.226463103982326,37.952259784044976,0,0,-0.059144260384583425,INFY.NS,IN,IT Services
2026-02-04,1693.19,1687.72,1672.77,1679.41,11199588,1666.35,1666.4950000000001,1689.5434999999998,1801.662,1678.326951509973,1713.9464958296342,35.657481838112034,67.81888459414684,-35.619544319661145,-40.49539042754891,4.875846107887767,1689.5434999999998,34.67802812264275,1758.8995562452853,1620.1874437547142,0.42694581735884496,0.08210034988178112,31.886428571428592,10612287.95,1.055341411524608,-103891946.0,-0.0014329714238145996,0.008901935798876477,-0.008138484163024725,0.006116702612029679,-0.041186377779680816,0.03486501974945022,45.47437295495846,46.74179086358848,0,0,-0.06525505981267243,INFY.NS,IN,IT Services
2026-02-05,1677.17,1634.97,1602.62,1617.0,7707116,1660.72,1659.1209999999999,1682.8925000000004,1795.4356,1668.892035893054,1706.765273916328,28.446502057613174,47.73416245627675,-37.87323802327387,-39.97095994669391,2.097721923420039,1682.8925000000004,35.22049595799973,1753.3334919159997,1612.451508084001,0.03228583096466573,0.08371419079466748,35.86571428571431,10423779.2,0.7393782152083368,-111599062.0,-0.037161860415264925,0.02000618429188629,-0.035875910015063586,-0.04361403882323722,-0.07601055987931571,-0.017110901741482554,11.897079506809899,34.86597185525023,0,0,-0.02764996907854056,INFY.NS,IN,IT Services
2026-02-06,1614.85,1611.59,1600.35,1605.34,8797947,1653.1599999999999,1650.6029999999998,1679.0865,1789.3478,1659.1147996018149,1699.2522906632666,30.152671755725194,33.12992626493764,-40.13749106145178,-40.00426616964549,-0.13322489180629304,1679.0865,39.264158596159206,1757.6148171923182,1600.5581828076815,0.03044645144105862,0.09353695261354504,34.99142857142859,9660614.2,0.9107025606402376,-120397009.0,-0.007210884353741509,0.00700163205301868,-0.005889091866113944,-0.050386863213685795,-0.045270181865759596,-0.02300473483695864,4.052298197141044,20.4745835529698,0,0,-0.008203869585259094,INFY.NS,IN,IT Services
2026-02-09,1614.1,1606.35,1602.36,1604.14,4223054,1637.5420000000001,1642.8200000000002,1674.0445,1782.6046000000001,1650.6571381246124,1692.206935799321,32.78137843819161,33.35893497183818,-41.54979767470854,-40.3133724706581,-1.236425204050441,1674.0445,42.13379572081446,1758.3120914416288,1589.7769085583711,0.0852231041366175,0.10067544971663359,33.59214285714289,8742925.85,0.4830252011087111,-124620063.0,-0.0007475052013902195,0.002487314074829829,-0.006170621398918059,-0.04627312021022967,-0.05914438879048434,-0.04642052513627737,3.077797628690442,6.342391777547128,0,0,-0.02746019674093292,INFY.NS,IN,IT Services
2026-02-10,1596.15,1591.69,1574.87,1582.35,6029681,1617.648,1636.341,1667.852,1776.2572,1640.148347643903,1684.069384999371,32.81899109792283,0.0,-43.921037355468115,-41.034905447620105,-2.8861319078480108,1667.852,46.07593396261845,1760.003867925237,1575.7001320747631,0.03608102621748129,0.11050365131340395,34.022857142857184,8669167.25,0.6955316618754054,-130649744.0,-0.013583602428715813,0.01062975953486241,-0.008645803965787386,-0.039334847068251744,-0.07258820771304664,-0.059144260384583425,5.032969990546147,4.0543552721258775,0,1,-0.02211268050684112,INFY.NS,IN,IT Services
2026-02-11,1589.7,1582.34,1559.81,1569.82,14210335,1595.73,1631.04,1660.373,1769.1002,1629.3286018525332,1675.6064675920104,25.194879789940103,0.0,-46.27786573947719,-42.083497505991524,-4.194368233485669,1660.373,49.29567613152769,1758.9643522630554,1561.7816477369447,0.04076601080370128,0.11875807696583353,31.42285714285718,8938810.3,1.5897343084085462,-144860079.0,-0.007918602079186043,0.014351963919421094,-0.012505504183171418,-0.03266515901234268,-0.08699546353379095,-0.06525505981267243,6.7466468962273485,4.952471505154646,0,0,-0.018639079639703904,INFY.NS,IN,IT Services
2026-02-12,1565.35,1596.58,1552.85,1572.29,17189430,1586.788,1623.7540000000001,1651.6805,1762.3210000000001,1620.553432336759,1667.9533959185283,25.968535306313285,2.204176334106748,-47.39996358176927,-43.14679072114708,-4.253172860622193,1651.6805,48.70029476568419,1749.0810895313684,1554.2799104686314,0.09245369878113419,0.11794119931949251,32.27642857142861,9237705.55,1.8607897866164627,-127670649.0,0.001573428800754284,0.02781293527273735,0.004433513271789454,-0.04428775491596515,-0.09956246349090003,-0.02764996907854056,13.01379033329087,8.264469073354789,0,0,-0.005571491264334205,INFY.NS,IN,IT Services
2026-02-13,1561.43,1603.52,1583.1,1592.17,14319099,1584.154,1618.6570000000002,1644.154,1755.7834,1616.186750438796,1662.339811035674,32.55090937354271,32.14439810153901,-46.15306059687805,-43.74804469629328,-2.4050159005847718,1644.154,45.41425795127094,1734.9825159025418,1553.3254840974582,0.21383436422107704,0.11048662826290788,32.82000000000005,9586860.65,1.4936169439766558,-113351550.0,0.01264397789211924,0.012825263633900429,0.01968708171354484,-0.031019876577771832,-0.08637746026281057,-0.008203869585259094,26.322131476594535,15.360856235370917,0,0,-0.010118266265537024,INFY.NS,IN,IT Services
2026-02-16,1591.1,1564.55,1556.53,1560.09,8205321,1575.3439999999998,1606.443,1636.4315000000001,1748.5326,1607.5564811405197,1654.7657509589574,32.90254154063716,24.84713729849925,-47.20926981843763,-44.440289720722156,-2.7689800977154775,1636.4315000000001,45.944170155932305,1728.3198403118647,1544.5431596881356,0.08459637130790766,0.11230331402421477,32.135000000000055,9840564.6,0.8338261573094945,-121556871.0,-0.020148602222124667,0.005140729060499613,-0.01948966124063887,-0.07260600512415072,-0.09008247110012013,-0.02746019674093292,4.846699692028074,14.727540500637827,1,1,0.016031126409373764,INFY.NS,IN,IT Services
2026-02-17,1555.45,1564.95,1533.28,1547.36,12190163,1568.346,1592.9969999999998,1629.2355000000002,1741.1334,1598.2954840419782,1646.809769406442,34.470554343800174,22.024044146629905,-48.51428536446383,-45.255088849470496,-3.2591965149933344,1629.2355000000002,48.12056923965973,1725.4766384793197,1532.9943615206807,0.07463356474285394,0.1181426975771893,32.23428571428576,10004725.55,1.2184403980536578,-133747034.0,-0.008159785653391816,0.020467118188385126,-0.005201067215272072,-0.07994910275772682,-0.08509531242609147,-0.02211268050684112,8.33382657586066,13.167552581494425,1,1,0.03296582566435746,INFY.NS,IN,IT Services
2026-02-18,1553.81,1546.52,1535.79,1540.56,10431592,1562.4940000000001,1579.1119999999999,1622.8035,1733.1488,1589.4131018816738,1638.939416117076,27.010155185299155,25.841137703780873,-49.5263142354022,-46.109333926656845,-3.4169803087453516,1622.8035,51.00823723727561,1724.8199744745511,1520.7870255254488,0.09691069298511555,0.12572868431019318,30.936428571428614,10421062.2,1.0010103383693134,-144178626.0,-0.00439458173922036,0.006964999740349648,-0.00852742613317682,-0.08267784519563426,-0.07706685837526961,-0.018639079639703904,4.30896715001887,5.829831139302534,1,1,0.021459728929739796,INFY.NS,IN,IT Services
2026-02-19,1533.92,1574.96,1554.39,1563.53,7601334,1560.742,1573.7649999999999,1616.443,1726.3314,1585.4310862075702,1633.353533441737,33.97737793342189,46.755390487981046,-47.92244723416684,-46.47195658815885,-1.4504906460079923,1616.443,50.01253822794438,1716.4680764558886,1516.4179235441113,0.2355013268919105,0.1237594848142827,31.34000000000005,10658687.9,0.7131584448439995,-136577292.0,0.014910162538297689,0.013156127480756225,0.019303483884414177,-0.03306740878169456,-0.07523924435454299,-0.005571491264334205,17.90470553407573,10.18249975331842,0,1,-0.011960115891604284,INFY.NS,IN,IT Services
2026-02-20,1572.31,1577.21,1575.13,1576.06,7144754,1557.52,1570.837,1610.7199999999998,1719.005,1583.9893806371747,1629.1095680016083,26.073827015820086,51.761846901579574,-45.120187364433605,-46.2016027434138,1.0814153789801964,1610.7199999999998,47.57938286365056,1705.878765727301,1515.5612342726986,0.31788330410020377,0.11815680655513329,28.09642857142863,10650652.85,0.6708277351441668,-129432538.0,0.008013917225764722,0.0013197467101497453,0.002385025853678737,-0.018239126913924708,-0.0677069777346615,-0.010118266265537024,26.13636363620393,16.11667877343284,1,0,0.016718906640610154,INFY.NS,IN,IT Services
2026-02-23,1573.56,1601.02,1572.36,1585.1,15235568,1562.522,1568.933,1605.8764999999999,1711.6108000000002,1584.1602451545325,1625.849600001489,29.019522776572686,46.32345293811744,-41.689354846956576,-45.29915316412236,3.609798317165783,1605.8764999999999,44.79355443237203,1695.463608864744,1516.2893911352558,0.38404302659352635,0.11157409534878718,28.197857142857206,10926667.3,1.3943470765008945,-114196970.0,0.005735822240269917,0.018080878178021578,0.007333689214261058,-0.011869288216739271,-0.05759317942650588,0.016031126409373764,33.55348355326625,25.864850907848634,1,0,0.014415494290581199,INFY.NS,IN,IT Services
2026-02-24,1574.84,1602.29,1595.22,1598.37,14026591,1572.724,1570.5349999999999,1603.438,1705.3167999999998,1586.3463612846044,1623.8140740754527,33.21179980112693,74.74786656322732,-37.46771279084828,-43.732865089467545,6.265152298619263,1603.438,43.74419258901504,1690.9263851780302,1515.94961482197,0.47103615531274023,0.10912599698644473,28.357857142857206,10818600.35,1.2965253590751822,-100170379.0,0.008371711563939233,0.004423256192243044,0.0149412003759017,0.010124182386956004,-0.029608897847177684,0.03296582566435746,64.00826039862307,41.23270252936441,1,1,0.00825215688482639,INFY.NS,IN,IT Services
2026-02-25,1601.88,1575.17,1572.39,1573.62,17559335,1579.3359999999998,1570.915,1600.9775,1699.2706,1584.3884595485115,1620.095994514308,39.35198821796759,64.6933751119069,-35.70753496579641,-42.127799064733324,6.4202640989369115,1600.9775,43.9793705078285,1688.936241015657,1513.0187589843429,0.3444867463742189,0.1098812956654321,24.728571428571463,11394550.3,1.5410290881748014,-117729714.0,-0.015484524859700866,0.0017666272670646065,-0.017641770919159097,0.0024206596934679414,-0.030323570552676538,0.021459728929739796,51.51321670218977,49.6916535513597,1,1,0.02187313328503704,INFY.NS,IN,IT Services
2026-02-26,1587.09,1561.7,1531.32,1544.83,12893820,1575.596,1568.1689999999999,1595.9615,1693.1248,1578.302542694894,1614.5207356613964,36.29941584023911,51.91737763807813,-36.21819296650233,-40.945877845087125,4.727684878584796,1595.9615,44.395141065941985,1684.7517821318838,1507.171217868116,0.2120658997103745,0.1112687018224792,26.56071428571431,11623131.6,1.1093240044426578,-130623534.0,-0.018295395330511832,0.01966559427249629,-0.02662734942566166,-0.01746497147472792,-0.060979242014406076,-0.011960115891604284,18.006130880740947,44.50920266051793,1,1,0.03883922502799653,INFY.NS,IN,IT Services
2026-02-27,1547.29,1610.72,1595.77,1602.41,12569650,1580.866,1569.1929999999998,1593.925,1687.5388,1582.0113822802948,1613.6236441309225,49.68796219472601,63.318717456837526,-31.612261850627647,-39.079154646195235,7.466892795567588,1593.925,43.03026358520558,1679.9855271704112,1507.8644728295887,0.5492967001157768,0.10798566704249851,30.98214285714289,11678227.05,1.076331952603032,-118053884.0,0.03727270961853413,0.009329697143671541,0.035623574119889936,0.0064314740260147385,-0.024787906082257116,0.016718906640610154,89.53400503665581,53.01778420652884,0,1,-0.010808719366454334,INFY.NS,IN,IT Services
2026-03-02,1607.02,1613.43,1603.57,1607.95,13468194,1585.4360000000001,1573.979,1590.2109999999998,1682.1889999999999,1586.0019388525573,1613.2033741952987,54.90496627835685,61.47369935957404,-27.201435342741433,-36.70361078550447,9.50217544276304,1590.2109999999998,37.90814367446487,1666.0272873489296,1514.39471265107,0.6169867360936772,0.09535374531918359,29.678571428571445,11962822.85,1.1258373582086976,-104585690.0,0.0034572924532423333,0.006132031468636459,0.0005787109059000417,0.03067771731118074,-0.04415567431326273,0.014415494290581199,93.32602606146234,66.95538732628637,0,0,-0.011561304766939395,INFY.NS,IN,IT Services
2026-03-03,1615.46,1620.88,1604.1,1611.56,18655853,1588.074,1580.399,1586.6979999999999,1676.6084,1589.9339482598562,1613.0816427734248,58.2804316775115,59.9071439269133,-23.147694513568695,-33.992427531117315,10.84473301754862,1586.6979999999999,31.722702579527407,1650.1434051590547,1523.252594840945,0.6959322344697476,0.07997162050877343,29.26714285714289,11682921.25,1.59684816870197,-85929837.0,0.002245094685779936,0.010412271339565259,-0.0024141730528751417,0.04149002171440386,-0.04177617105278808,0.00825215688482639,89.59356855639115,90.81786655150309,0,0,-0.017355853955173917,INFY.NS,IN,IT Services
2026-03-04,1609.85,1618.32,1599.82,1608.04,9500120,1594.958,1587.1470000000002,1583.1295,1670.6102,1592.7194946814166,1612.7081877531712,57.062704966612664,53.905808223604524,-19.988693071754597,-31.191680639244773,11.202987567490176,1583.1295,23.759263561857434,1630.6480271237149,1535.6109728762851,0.7621135534607707,0.06003113090076947,27.465000000000032,11597947.85,0.8191207016747621,-95429957.0,-0.0021842190175977994,0.011504688938078962,-0.001124328353572582,0.04380225372591795,-0.04249706742248771,0.02187313328503704,85.66324251802506,89.52761237862619,0,0,-0.03438969179871143,INFY.NS,IN,IT Services
2026-03-05,1612.64,1623.19,1590.14,1604.83,3545838,1606.958,1591.277,1582.521,1665.3786000000002,1594.582649345814,1612.1246182899736,52.6774384569833,65.26161369193156,-17.541968944159635,-28.46173830022775,10.919769356068116,1582.521,22.989522762421906,1628.5000455248437,1536.5419544751562,0.7425996423436324,0.05810860712093512,27.595000000000027,11389883.95,0.3113146458955233,-98975795.0,-0.0019962189995273993,0.020594081616108473,-0.004842990376026471,0.026414587503917453,-0.007526283240569032,0.03883922502799653,80.01523892369624,85.09068333270415,0,0,-0.02108011440464097,INFY.NS,IN,IT Services
2026-03-06,1606.25,1609.11,1565.87,1585.09,6954077,1603.4940000000001,1592.1799999999998,1581.5085,1660.5636000000002,1593.1222417541503,1610.1220539721976,55.578364869689395,71.59871244635191,-16.999812218047282,-26.169353083791655,9.169540865744374,1581.5085,22.369192695399647,1626.2468853907992,1536.7701146092006,0.5400271485903527,0.056576851013789696,28.137857142857165,11297690.45,0.6155307950103381,-105929872.0,-0.012300368263305161,0.027279208120657334,-0.013173540856022977,0.0057294773041636216,-0.012614150273462355,-0.010808719366454334,58.528355284004164,74.73561224190848,1,0,0.011463071497517463,INFY.NS,IN,IT Services
2026-03-09,1588.84,1613.78,1569.83,1589.36,8171463,1599.776,1592.606,1580.7694999999999,1656.106,1592.5434353304352,1608.5841240483312,59.73935627492812,33.64251692153394,-16.040688717896046,-24.143620210612536,8.10293149271649,1580.7694999999999,21.81956352382514,1624.40862704765,1537.1303729523497,0.5984265793174725,0.05521251143525044,29.01500000000002,11495110.9,0.7108641543541651,-97758409.0,0.0026938533458666925,0.027652640056357525,0.00032728279751243335,0.00268752760078228,-0.009213659655641138,-0.011561304766939395,63.176227276987184,67.23994049489586,1,0,0.011375648059596344,INFY.NS,IN,IT Services
2026-03-10,1577.56,1589.07,1579.21,1583.59,16386796,1594.182,1591.128,1580.8315,1651.691,1591.1659837411373,1606.7327074521586,60.02609627662053,19.6410767696907,-15.566723711021268,-22.428240910694285,6.861517199673017,1580.8315,21.8260516175589,1624.4836032351177,1537.1793967648823,0.5315964156939994,0.055226762922031956,28.91357142857144,12012966.65,1.3640922441008987,-114145205.0,-0.0036303921075149237,0.0062263590954689495,0.003822358579069037,-0.009246920300055694,0.0007836445792650526,-0.017355853955173917,56.89561336609443,59.53339864236193,1,1,0.036253070554878475,INFY.NS,IN,IT Services
2026-03-11,1580.36,1558.43,1548.19,1552.74,12784774,1583.1219999999998,1589.04,1579.9774999999997,1645.8172,1585.2542939348084,1602.7332476408878,47.5749539263721,6.339073634204254,-17.478953706079437,-21.438383469771317,3.9594297636918796,1579.9774999999997,22.60000812183675,1625.1775162436732,1534.7774837563263,0.19870032951580163,0.05721602522016271,28.984999999999996,11941688.6,1.0706000933067295,-126929979.0,-0.0194810525451663,0.006594793719485177,-0.017477030549990138,-0.013268768826018906,-0.010880228306429984,-0.03438969179871143,23.31555458775105,47.79579841027755,1,1,0.0449849942681968,INFY.NS,IN,IT Services
2026-03-12,1535.72,1575.11,1567.72,1571.0,12719002,1576.356,1591.657,1579.913,1640.7714,1583.0613256371455,1600.3826367045258,48.89132340052586,27.44214372716199,-17.321311067380293,-20.614968989293114,3.2936579219128213,1579.913,22.624929915604927,1625.16285983121,1534.66314016879,0.40151350707329697,0.05728145768935545,29.60571428571427,11718167.2,1.0854087245479205,-114210977.0,0.011759856769324006,0.004704010184592724,0.022972937775100278,0.01694037531637793,-0.0008204593300218388,-0.02108011440464097,43.19146620177217,41.13421138520588,1,1,0.0318523233609167,INFY.NS,IN,IT Services
2026-03-13,1575.77,1616.34,1592.8,1603.26,3277611,1579.99,1591.742,1580.4675,1636.3792,1586.1688140006615,1600.5957747264126,53.61148675523031,49.29374718848406,-14.426960725751087,-19.37736733658471,4.950406610833625,1580.4675,23.07260915940964,1626.6127183188194,1534.3222816811806,0.7469649167306853,0.058394390670849214,30.79714285714283,11166092.8,0.2935324616384648,-110933366.0,0.020534691279439743,0.014682584234612777,0.01744543937248619,0.0005304510081689529,0.00696533661606491,0.011463071497517463,78.30630238295079,48.27110772415801,1,1,0.017096416052293506,INFY.NS,IN,IT Services
2026-03-16,1607.92,1621.51,1596.19,1607.44,7049466,1583.606,1591.691,1582.8349999999998,1632.815,1589.441304154406,1601.102754376308,51.87141501258618,61.69055340516799,-11.661450221901987,-17.834183913648168,6.172733691746181,1582.8349999999998,23.299799750703006,1629.4345995014057,1536.235400498594,0.7640044148715688,0.058881184079675374,31.377857142857106,11108300.05,0.6346124369756795,-103883900.0,0.002607187854746007,0.01575175434229843,-0.00029852231454283775,-0.00031717404148134953,0.030350813094116358,0.011375648059596344,82.85620986085932,68.1179928151941,1,1,0.020125167968944258,INFY.NS,IN,IT Services
2026-03-17,1595.42,1652.27,1631.98,1641.0,5006592,1595.088,1594.635,1587.5169999999998,1630.8664,1597.3734112075745,1604.058105903989,63.414828382575486,70.67584881486233,-6.684694696414454,-15.604286070201425,8.919591373786972,1587.5169999999998,25.132283516199276,1637.7815670323985,1537.2524329676012,1.0320149277770068,0.06332476065751358,32.72428571428569,10749121.5,0.46576750799890876,-98877308.0,0.020877917682775138,0.012364411943929067,0.028569279562730414,0.018268013601727473,0.060515975597146276,0.036253070554878475,90.68210004058967,83.94820409479992,0,0,-0.019774527726995728,INFY.NS,IN,IT Services
2026-03-18,1640.28,1639.04,1609.43,1622.59,21565384,1609.058,1596.0900000000001,1591.6185,1628.2872,1601.252886406409,1605.4308387999897,66.14886193719886,64.17975567190227,-4.177952393580654,-13.31901933487727,9.141066941296616,1591.6185,23.719535869064988,1639.05757173813,1544.17942826187,0.8264345070888007,0.059611108740065775,31.957857142857115,11305811.1,1.907459969195844,-120442692.0,-0.011218769043266352,0.018248602542836855,-0.010784744068079395,0.009048282381035166,0.05324687126759109,0.0449849942681968,71.48347424988958,81.6739280504462,0,1,-0.0152903691012517,INFY.NS,IN,IT Services
2026-03-19,1609.03,1637.12,1608.18,1621.04,11753590,1619.066,1597.7109999999998,1594.494,1625.7076000000002,1604.2970577284998,1606.5870729629535,55.042494451361414,81.5560894474219,-2.2900152344536764,-11.113218514792552,8.823203280338875,1594.494,23.620911876904234,1641.7358237538083,1547.2521762461915,0.7809586706215919,0.05925619507352019,29.31857142857138,11513423.9,1.0208595706391415,-132196282.0,-0.0009552628821821729,0.017852736514818866,0.007464124348205147,0.010100758335773952,0.03678215320460754,0.0318523233609167,69.99423520301693,77.38660316449872,0,0,-0.049443567092730456,INFY.NS,IN,IT Services
2026-03-20,1615.0,1640.02,1623.19,1630.67,8492741,1624.548,1602.269,1597.2244999999998,1624.6918000000003,1608.3544334625767,1608.3709934842161,56.016311831373805,79.9578270910734,-0.01656002163940684,-8.893886816161922,8.877326794522515,1597.2244999999998,24.51721210113928,1646.2589242022784,1548.1900757977212,0.8410410190725256,0.06139953926608053,29.887142857142813,11580823.25,0.7333451243766177,-123703541.0,0.005940630706213312,0.010320911036561417,0.009702786377703016,0.02875546498936976,0.03464969607756063,0.017096416052293506,79.24673328132937,73.5748142447453,0,0,-0.04684577504951959,INFY.NS,IN,IT Services
2026-03-23,1632.81,1654.24,1628.22,1639.79,10625679,1631.018,1607.312,1599.959,1623.388,1613.1906744683345,1610.6983273002002,57.26341789739104,73.89143230869846,2.4923471681343017,-6.616640019302677,9.108987187436979,1599.959,26.093000251158784,1652.1450005023175,1547.7729994976826,0.8816253364477458,0.06523417225352007,30.5471428571428,11350328.8,0.9361559696705904,-113077862.0,0.005592793146375286,0.0158678855219169,0.0042748390810907234,0.03172975285649571,0.034502555043845806,0.020125167968944258,86.37435172007186,78.53844006813938,0,0,-0.05891608071765286,INFY.NS,IN,IT Services
2026-03-24,1642.77,1616.1,1602.52,1608.55,71906256,1624.528,1609.808,1600.4679999999998,1621.435,1612.476724550129,1610.5391919446297,50.11483900022518,50.53618007921935,1.9375326054992001,-4.905805494342302,6.843338099841502,1600.4679999999998,26.159578420907348,1652.7871568418145,1548.1488431581852,0.5772374832402072,0.06537982245415964,31.887857142857083,14244312.05,5.048067656727047,-184984118.0,-0.01905121997328929,0.008442385999808203,-0.020830670148577826,0.015761655479006542,0.0063689884069395575,-0.019774527726995728,56.91654879720015,74.17921126620045,0,0,-0.03995523919057531,INFY.NS,IN,IT Services
2026-03-25,1607.13,1599.68,1596.26,1597.78,6893023,1619.566,1614.312,1601.676,1619.0026,1610.2156900039552,1609.5940666153977,48.46478811898438,23.228444003964313,0.6216233885575093,-3.80031971776234,4.4219431063198495,1601.676,25.40138027749082,1652.4787605549816,1550.8732394450183,0.4616556269984075,0.063437000435731,30.40499999999994,13710996.45,0.5027368012529242,-191877141.0,-0.006695471076435311,0.0021404699019877157,-0.005817824320368805,0.029006788000566663,0.015353134810182967,-0.0152903691012517,46.76096181002577,63.350620775765925,0,0,-0.020059081976241955,INFY.NS,IN,IT Services
2026-03-26,1592.42,1545.33,1537.34,1540.89,20363073,1603.536,1611.301,1601.479,1614.8976,1599.5501992341158,1604.5048764957385,41.71539961013648,15.7298657718121,-4.954677261622692,-4.0311912265344105,-0.9234860350882812,1601.479,25.876290895876384,1653.231581791753,1549.7264182082472,-0.08537176216365956,0.06463098397383985,31.633571428571372,14084459.1,1.4457830016501663,-212240214.0,-0.03560565284332007,0.0051853149803002315,-0.0323595533841371,-0.019166136218968788,-0.0025504424435049966,-0.049443567092730456,3.036783575679907,35.571431394301946,1,1,0.021662805261894125,INFY.NS,IN,IT Services
2026-03-27,1565.2,1563.66,1546.77,1554.28,39152505,1588.258,1606.4029999999998,1599.0724999999998,1611.1291999999999,1592.585553198098,1600.7845152738319,43.64216325938815,24.526862026861977,-8.198962075733789,-4.864745396374286,-3.3342166793595025,1599.0724999999998,27.94083992166355,1654.9541798433268,1543.1908201566728,0.09922017264261049,0.06989261567976693,30.120714285714225,15413601.85,2.540126755633904,-173087709.0,0.00868978317725455,0.01086676789252209,-0.0069767441860421,-0.030550253857764775,-0.030036008262554592,-0.04684577504951959,14.49101796394793,21.42958778321787,0,1,-0.005706822451553073,INFY.NS,IN,IT Services
2026-03-30,1545.98,1568.84,1522.65,1543.18,5376331,1568.9360000000001,1599.9769999999999,1595.834,1607.7020000000002,1584.9846988599293,1596.517514142437,42.81497813022298,16.98739717757138,-11.532815282507727,-6.198359373600975,-5.334455908906752,1595.834,30.494627723612687,1656.8232554472254,1534.8447445527747,0.06833380229054926,0.07643558847246908,32.694999999999936,15009008.7,0.3582069108796698,-178464040.0,-0.007141570373420447,0.02993169947768238,-0.0018111489152499666,-0.039976608769223154,-0.04028110326813639,-0.05891608071765286,15.601489474765538,11.043097004797792,1,1,0.005553467515130972,INFY.NS,IN,IT Services
2026-03-31,1544.61,1548.74,1540.72,1544.28,7888027,1556.0819999999999,1590.3049999999998,1592.47,1604.7620000000002,1578.7224374968632,1592.6480686504046,48.31782390837508,11.639489115591473,-13.925631153541417,-7.743813729589064,-6.181817423952353,1592.47,32.324588978567434,1657.119177957135,1527.820822042865,0.12729611169936847,0.08119358977826188,30.73928571428566,14470617.4,0.5451064206074289,-170576013.0,0.0007128138000751516,0.005193358717327679,-0.00021364616310894893,-0.0589396709323583,-0.04174836804090443,-0.03995523919057531,16.43741925665744,15.509975565123638,1,1,0.005588364804310242,INFY.NS,IN,IT Services
2026-04-01,1560.43,1568.2,1563.75,1565.73,10586632,1549.672,1584.619,1590.3545,1602.6926,1576.7236009588844,1590.6541376392636,48.96524641665031,31.333914559720967,-13.930536680379191,-8.98115831974709,-4.949378360632101,1590.3545,32.63498114715924,1655.6244622943184,1525.0845377056814,0.31136422379659673,0.08208228076730997,30.84999999999996,14524943.0,0.728858713672149,-159989381.0,0.013889968140492703,0.0028421247596949685,0.0033964996827775405,-0.03504274031024468,-0.02631153453894175,-0.020059081976241955,32.73805000355086,21.592319578324616,0,0,-0.019486118296258015,INFY.NS,IN,IT Services
2026-04-02,1559.3,1589.57,1562.03,1574.27,15720956,1556.348,1579.942,1588.8265,1600.3632,1576.346123888287,1589.4404978141329,43.72320616637075,39.54832399751041,-13.094373925845957,-9.803801440966865,-3.2905724848790925,1588.8265,32.63697713607542,1654.1004542721507,1523.552545727849,0.38849687319618276,0.08216624568146333,29.57857142857139,15133698.9,1.0388045292215686,-144268425.0,0.0054543248197325145,0.017493822533607623,0.009600461745648962,-0.028851848196219665,-0.01904251540661628,0.021662805261894125,39.227904855693936,29.46779137196741,0,0,-0.030382335939832417,INFY.NS,IN,IT Services
2026-04-03,1567.59,1561.91,1532.21,1545.41,19183089,1554.574,1571.416,1586.8425000000002,1597.4609999999998,1571.586720213166,1586.1789794575302,37.866280661945915,52.67645665561345,-14.592259244364186,-10.76149300164633,-3.8307662427178553,1586.8425000000002,34.05149287633415,1654.9454857526684,1518.739514247332,0.1958099594144988,0.08583458755689405,30.774285714285675,15745149.5,1.2183490402330546,-163451514.0,-0.01833230640233241,0.01921820099519275,-0.014149107866205888,-0.05228525698025965,-0.025033278867445885,-0.005706822451553073,17.29614712351018,29.754033994251657,0,0,-0.010133233252017315,INFY.NS,IN,IT Services
2026-04-06,1539.3,1584.68,1525.41,1551.75,27437755,1556.288,1562.6119999999999,1584.962,1594.8565999999998,1568.5349171034484,1583.6286846828984,30.46105346118476,48.36542188913297,-15.09376757945006,-11.627947917207077,-3.465819662242982,1584.962,34.93226477208492,1654.8265295441697,1515.0974704558303,0.26231143173114035,0.08815924866858088,31.805714285714252,16708464.1,1.6421469498116856,-136013759.0,0.004102471188875301,0.03819558562910378,0.008088091989860298,-0.05368980174290605,-0.023663613026627006,0.005553467515130972,22.11414241186928,26.21273146369113,0,0,-0.004175930401160044,INFY.NS,IN,IT Services
2026-04-07,1550.49,1553.04,1552.81,1552.91,5995930,1558.014,1557.048,1583.428,1592.9719999999998,1566.131083702918,1581.3532265582392,33.499100123141034,57.2127501853225,-15.22214285532118,-12.3467869048299,-2.875355950491281,1583.428,35.661703268377266,1654.7514065367545,1512.1045934632457,0.2860590128672589,0.09008733777185875,29.64285714285711,16188920.8,0.37037241108916835,-130017829.0,0.0007475430965040442,0.00014810903400703845,0.0015607969093631767,-0.03459015883870564,-0.01937370152627882,0.005588364804310242,22.995668363682693,20.801985966354053,0,0,-0.003239080178503606,INFY.NS,IN,IT Services
2026-04-08,1550.78,1541.56,1530.16,1535.22,7727392,1551.912,1550.7920000000001,1582.552,1591.2198,1561.3755323640075,1577.9359505168882,31.12020415346707,44.60970966206571,-16.56041815288063,-13.189513154440048,-3.3709049984405812,1582.552,36.656510098935684,1655.8650201978712,1509.2389798021286,0.17719240134679798,0.09265164139671239,29.200714285714266,15936051.7,0.484900002872104,-137745221.0,-0.011391516572113014,0.007425645835771055,-0.010033660480525872,-0.03915432662819662,-0.01128327987943889,-0.019486118296258015,9.552397598529083,18.220736124693687,1,1,0.009028022042443462,INFY.NS,IN,IT Services
2026-04-09,1540.79,1527.36,1525.71,1526.44,9056372,1542.346,1549.347,1580.324,1588.8455999999999,1556.0008350772373,1574.1214356637854,26.984056882921806,22.474429031806068,-18.120600586548107,-14.17573064086166,-3.944869945686447,1580.324,38.69320835280251,1657.710416705605,1502.9375832943952,0.1518510463849325,0.09793740613387628,28.524285714285693,15752920.2,0.5749011173876754,-146801593.0,-0.005719050038430984,0.0010809465160758253,-0.0093134041627935,-0.009377697304804422,-0.028364099299808987,-0.030382335939832417,2.8801580667004822,11.809408009637421,1,1,0.011012552081968385,INFY.NS,IN,IT Services
2026-04-10,1526.9,1536.44,1524.39,1529.75,8863313,1539.2140000000002,1546.8939999999998,1576.6485,1586.5778,1551.9622450653546,1570.834662651653,25.06119118846881,16.344118536437804,-18.872417586298297,-15.115068029948988,-3.7573495563493093,1576.6485,39.87322439870139,1656.3949487974028,1496.9020512025972,0.20595242354081236,0.10115945158017425,27.526428571428546,16032205.3,0.5528442457729601,-137938280.0,0.00216844422315976,0.007877104101972269,0.0018665269500281894,-0.015782227140540894,-0.045850329952721314,-0.010133233252017315,7.597645799811606,6.676733821680391,1,1,0.0025494361823827916,INFY.NS,IN,IT Services
