Date,Open,High,Low,Close,Volume,sma5,sma10,sma20,sma50,ema12,ema26,rsi,rsi_6,macd,macd_sig,macd_hist,bb_mid,bb_std,bb_upper,bb_lower,bb_pos,bb_width,atr,vol_sma20,vol_ratio,obv,daily_ret,hlpct,co_pct,mom10,mom20,roc5,stoch_k,stoch_d,target,target_3d,ret_5d,symbol,market,sector
2024-07-22,217.39,218.87,216.7,217.66,9080367,216.652,212.07200000000003,205.17649999999998,184.5814,211.04111940437645,202.27022592940943,80.39340101522842,77.59372275501308,8.77089347496701,8.204539930610458,0.5663535443565522,205.17649999999998,8.597301458505349,222.37110291701066,187.9818970829893,0.8630063473808705,0.1676079172510193,3.605714285714291,11755202.05,0.7724551384929076,102740825.0,-0.0002755833180231315,0.009969677478590675,0.0012420074520390462,0.06320828448612748,0.1190170171199425,0.016295466218424703,89.2987434094325,91.31198486320851,1,1,0.00537535605991013,JPM,US,Finance
2024-07-23,218.64,220.01,219.08,219.5,9982055,217.946,213.75799999999998,206.517,185.6436,212.34274530812644,203.5722090831531,85.39114043355323,75.45367717287495,8.770536224973341,8.317740482004842,0.4527957429684992,206.517,8.637949988278299,223.79289997655658,189.2411000234434,0.8757546644962693,0.16730729166579927,3.5578571428571473,11795740.6,0.8462422574600991,112722880.0,0.008453551410456672,0.004236902050094494,0.003933406512971462,0.08320173707066725,0.13913539882713177,0.030371309205276198,96.05328070567073,91.63132596716734,1,0,0.010615034168564907,JPM,US,Finance
2024-07-24,219.42,224.65,222.42,223.41,30674971,219.47599999999997,215.81799999999998,207.9355,186.7182,214.04568732799802,205.06903635648808,85.59033157731638,89.1993957703927,8.97665097150994,8.449523783665306,0.5271271878446342,207.9355,8.976807822617541,225.88911564523508,189.9818843547649,0.9309577609559666,0.17268446845438848,3.6407142857142896,12757412.8,2.404481933477771,143397851.0,0.017813211845102428,0.009981648090909255,0.018184304074295075,0.10157290074453917,0.1454573420836751,0.03545606229143505,94.71215351408473,93.35472587639599,0,0,-0.009220715276845315,JPM,US,Finance
2024-07-25,224.78,224.18,223.87,224.01,31893992,220.45999999999998,217.56799999999998,209.35999999999999,187.792,215.57887749143924,206.49622657807004,84.86328124999999,87.12871287128708,9.082650913369207,8.576150134929184,0.5065007784400226,209.35999999999999,9.161531129215023,227.68306225843003,191.03693774156994,0.8997694215212333,0.17503880644194234,3.4185714285714335,13715145.3,2.325457658442914,175291843.0,0.002685645226265576,0.0013838667916549192,-0.003425571670062215,0.0847416589995642,0.14571399345335512,0.02245652471587012,97.1793741693618,95.98160279637243,0,0,-0.016963528413910023,JPM,US,Finance
2024-07-26,223.01,222.0,217.49,219.49,7389538,220.814,218.38399999999996,210.42649999999998,188.8448,216.18066137508507,207.4740525468739,72.30443974630023,51.62601626016263,8.70660882821116,8.602242026118947,0.10436680209221194,210.42649999999998,9.029681625791397,228.48586325158277,192.36713674841718,0.7509363113468228,0.17164533223236594,3.6121428571428607,13875775.95,0.5325494944627227,167902305.0,-0.02017767063970355,0.020547633149480354,-0.015784045558424276,0.0386125964131927,0.10764029067420267,0.00812970788168288,77.25870427160606,89.71674398501754,0,1,-0.005193858490136316,JPM,US,Finance
2024-07-29,219.93,219.38,218.4,218.83,4842043,221.048,218.85,211.459,189.8772,216.58829361795907,208.32761984368855,75.54433575260342,54.78861087144097,8.260673774270515,8.533928056258128,-0.27325428198761337,211.459,8.731337330497785,228.92167466099556,193.99632533900444,0.7110501438749457,0.16516369282851975,3.5057142857142884,13579317.85,0.3565748071376938,163060262.0,-0.0030069707048157035,0.004478362198946723,-0.0050015914154276035,0.02175841621142105,0.1041982036532445,0.00537535605991013,74.34993388830546,82.92933744309111,0,1,-0.007585797194169075,JPM,US,Finance
2024-07-30,218.25,222.18,221.55,221.83,9906501,221.51399999999998,219.73000000000002,212.62550000000002,190.963,217.39477976902052,209.34141752776085,77.54924681344154,64.34962147281496,8.053362241259663,8.437814533655054,-0.384452292395391,212.62550000000002,8.463221655461378,229.55194331092278,195.69905668907725,0.7718970497862468,0.15921367202751463,3.607857142857146,13717218.5,0.7221945380403076,172966763.0,0.013709272037654818,0.002840012622265498,0.016403207330967284,0.04130873585879935,0.11753148614609588,0.010615034168564907,84.85499462487357,78.82121092826169,0,0,-0.024162647072082266,JPM,US,Finance
2024-07-31,220.46,222.25,220.64,221.35,8758057,221.102,220.28900000000004,213.8445,192.065,218.00331974464694,210.24214790057601,73.70607028753996,57.02353834472284,7.76117184407093,8.30248559067768,-0.5413137466067504,213.8445,7.821021924746475,229.48654384949296,198.20245615050706,0.7399142999302922,0.14629362784097608,3.415000000000004,12483898.55,0.7015481793106866,164208706.0,-0.0021638191407835627,0.007273548678530564,0.004037013517172954,0.025908416759362174,0.12377519419200889,-0.009220715276845315,76.77691765821407,78.66061539046437,0,0,-0.01603794894962718,JPM,US,Finance
2024-08-01,222.25,221.42,219.25,220.21,6665631,220.342,220.40099999999998,214.833,193.21720000000002,218.34283004833293,210.98911173847654,66.07530774800871,34.61538461538464,7.35371830985639,8.112731680143076,-0.7590133702866861,214.833,7.267431385803721,229.36786277160743,200.29813722839256,0.6849690665748331,0.13531312946837573,3.1464285714285745,12638978.05,0.5273868224348389,157543075.0,-0.0051502145922746045,0.009854230053086296,-0.009178852643378237,0.005112054406864797,0.0986330073837558,-0.016963528413910023,67.23247231976148,76.28812820094971,0,0,-0.02956269015939339,JPM,US,Finance
2024-08-02,220.28,220.06,216.98,218.35,4982926,220.11399999999998,220.464,215.621,194.33399999999997,218.34393317564792,211.54024102308324,57.845345345345365,25.728987993138944,6.803692152564679,7.850923273102127,-1.0472311205374476,215.621,6.70253282840047,229.02606565680094,202.21593434319908,0.6017898781425834,0.12433914745538477,3.07571428571429,12134584.8,0.4106383260316969,152560149.0,-0.008446482902683905,0.014105793450817068,-0.008761576175736542,0.0028936248392430475,0.07779258601115546,-0.005193858490136316,53.50553505140176,65.83830834312577,0,0,-0.03966109457293332,JPM,US,Finance
2024-08-05,220.5,218.42,216.17,217.17,7346883,219.782,220.41500000000002,216.24349999999998,195.5108,218.1633200602866,211.96141970583196,57.758620689655146,36.057692307692214,6.2019003544546365,7.521118183947799,-1.3192178294931622,216.24349999999998,6.195806964985667,228.6351139299713,203.85188607002866,0.5373841536985636,0.11460796675889935,2.9264285714285756,11523233.75,0.6375712340668925,145213266.0,-0.005404167620792322,0.010360547036835841,-0.015102040816258098,-0.0022512174951759834,0.060814771395076184,-0.007585797194169075,25.349301394675614,48.69576958861296,0,0,-0.05392089146751389,JPM,US,Finance
2024-08-06,218.5,216.97,216.06,216.47,10406080,218.70999999999998,220.112,216.935,196.67960000000002,217.90279950375242,212.29847071524742,51.4401622718053,35.88516746411477,5.604328788505001,7.137759834863272,-1.5334310463582712,216.935,5.305434651572071,227.54586930314414,206.32413069685586,0.4780885058898847,0.09782533296236412,2.7085714285714317,11083247.4,0.9389016310416718,134807186.0,-0.003223281300363756,0.0042038157712190735,-0.009290617848927738,-0.013804100227790439,0.06824911172522707,-0.024162647072082266,4.772991850433836,27.87594276550374,0,0,-0.04582621148427024,JPM,US,Finance
2024-08-07,218.69,219.07,216.79,217.8,12504584,218.0,219.55100000000002,217.68449999999999,197.87419999999997,217.88698369319795,212.70947132594713,47.15231788079472,19.880418535127163,5.177512367250813,6.745709956819378,-1.5681975895685651,217.68449999999999,4.134595347093457,225.9536906941869,209.41530930581308,0.5069837547448408,0.07597408813350438,2.570000000000001,11208363.95,1.1156474700620809,147311770.0,0.0061440384348872,0.010468319559180591,-0.004069687685746567,-0.025110782865583436,0.07391154282333212,-0.01603794894962718,20.25611175549997,16.79280166686981,0,0,-0.05146923783287427,JPM,US,Finance
2024-08-08,216.49,215.96,211.89,213.7,5973638,216.698,218.51999999999998,218.04399999999995,198.8766,217.24281504536495,212.7834235891663,42.08037825059101,12.900096993210568,4.459391456198659,6.288445897908606,-1.829054441709947,218.04399999999995,3.3499778475302886,224.74395569506052,211.3440443049394,0.17581875180321507,0.06145507966309406,2.8771428571428594,11078091.8,0.539229821219768,141338132.0,-0.018824609733700703,0.01904539073458576,-0.01288743129006944,-0.0460247310387929,0.03481671589753521,-0.02956269015939339,14.18495297694475,13.071352194292857,0,0,-0.04403369209171737,JPM,US,Finance
2024-08-09,211.95,210.49,209.05,209.69,11474656,214.96599999999998,217.54000000000002,217.962,199.74719999999996,216.08081707810777,212.55260558216236,36.41322877599728,10.091047040971247,3.5282114959454134,5.736398670990307,-2.208187175044894,217.962,3.537778964265054,225.0375579285301,210.88644207146987,-0.0845475426440242,0.06492469263906236,3.054285714285714,10859823.7,1.0566152140558955,129863476.0,-0.01876462330369677,0.006867280270843295,-0.010662892191504262,-0.04464895895029386,-0.0077603747693182346,-0.03966109457293332,4.102564102301032,12.84787627824859,0,0,-0.009537889265105681,JPM,US,Finance
2024-08-12,211.23,208.84,202.76,205.46,30215843,212.62399999999997,216.20300000000003,217.5265,200.49040000000002,214.44681378160044,212.02367224989393,27.86885245901641,8.553054662379495,2.4231415317065057,5.073746910370946,-2.65060537866444,217.5265,4.448117608961598,226.4227352179232,208.6302647820768,-0.17818013486825898,0.08179449600745008,3.3814285714285717,11815149.4,2.5573811569931433,99647633.0,-0.02017263579569839,0.029592134721943057,-0.027316195616023605,-0.06109765571448156,-0.040668627725638395,-0.05392089146751389,12.334399268509234,10.207305449251676,1,0,0.027255913559816936,JPM,US,Finance
2024-08-13,205.26,209.01,204.57,206.55,7834528,210.64000000000001,214.675,217.20250000000001,201.23039999999997,213.23189957478723,211.6156758958327,20.83044982698965,15.65329883570513,1.6162236789545261,4.382241986286269,-2.766018307331743,217.20250000000001,4.995233385833314,227.19296677166665,207.21203322833338,-0.033133248096965336,0.09199218951550407,3.3307142857142855,11804374.4,0.6636969542666358,107482161.0,0.005305168889321532,0.021496005809627218,0.006284712072462905,-0.06888157598160749,-0.03041825095057027,-0.04582621148427024,17.693744163506445,11.376902511438908,1,1,0.03345436940208191,JPM,US,Finance
2024-08-14,206.76,206.98,206.28,206.59,19247113,208.398,213.19899999999998,216.74399999999997,201.98059999999998,212.21005479461815,211.2412459674892,19.266055045871582,16.62162162162167,0.968808827128953,3.699555135047712,-2.730746307918759,216.74399999999997,5.5271325010539565,227.79826500210788,205.68973499789206,0.04072025602315277,0.10200296203868998,3.325714285714284,12307837.85,1.5638093116566927,126729274.0,0.00019365770999746346,0.003388353744114431,-0.0008222093248170115,-0.0666817257736616,-0.04250092695587682,-0.05146923783287427,19.65110312880195,16.559748853605882,1,1,0.03678784065056395,JPM,US,Finance
2024-08-15,206.92,206.31,202.66,204.29,8319145,206.516,211.60700000000003,216.00400000000005,202.6966,210.99157062339722,210.72357677437085,20.90352220520674,7.165504121750118,0.267993849026368,3.0132427013855936,-2.7452488523592256,216.00400000000005,6.151940558195883,228.30788111639183,203.70011888360827,0.023971343301662992,0.11392271547133215,3.1407142857142856,12430193.1,0.6692691146311223,118410129.0,-0.01113316230214445,0.01786675803995369,-0.012710226174305459,-0.07229462785522922,-0.0675521475192844,-0.04403369209171737,8.32057171984068,15.22180633738303,1,1,0.024964511234029985,JPM,US,Finance
2024-08-16,204.27,209.41,206.31,207.69,16742675,206.11599999999999,210.541,215.5025,203.50439999999998,210.48363167159266,210.4977517207716,30.699930699930704,30.059721300597232,-0.01412004917892773,2.407770026734184,-2.4218900759131117,215.5025,6.408173132393772,228.31884626478754,202.68615373521246,0.19521344700011026,0.11894382909458655,3.4285714285714284,12712061.3,1.3170699297154955,135152804.0,0.016643007489353323,0.01492609177131816,0.016742546629378983,-0.048820700709869436,-0.0460683446628698,-0.009537889265105681,25.676365491287577,17.882680113310073,1,1,0.021089123212480132,JPM,US,Finance
2024-08-19,206.91,212.42,209.98,211.06,22058411,207.23600000000002,209.93,215.17249999999999,204.34,210.57230446213723,210.53959113297472,31.577146767020196,54.747054747054754,0.03271332916250458,1.932758609056503,-1.9000452798939984,215.17249999999999,6.460943287004717,228.09438657400943,202.25061342599054,0.34087075920428805,0.12010723093285058,3.5271428571428567,13360963.5,1.6509594797591147,157211215.0,0.016226106215994962,0.011560693641563712,0.02005702962631071,-0.028134641064603727,-0.03032252136359459,0.027255913559816936,42.879019905927585,25.62531903901862,1,0,0.016298682839003042,JPM,US,Finance
2024-08-20,211.5,214.86,212.33,213.46,7557292,208.61800000000002,209.629,214.8705,205.15579999999997,211.01656845132723,210.75683788270453,37.33547351524883,81.74603174603169,0.2597305686227003,1.5981529569221324,-1.3384223882994322,214.8705,6.38877838170357,227.64805676340714,202.09294323659284,0.44480556703593627,0.11893262931251784,3.6835714285714283,13239725.35,0.5708042447569167,164768507.0,0.011371174073723234,0.011852337674450243,0.00926713947986166,-0.013904929089481155,-0.027517084282460136,0.03345436940208191,57.56929637219789,42.041560589804355,0,0,-0.0001405415534526666,JPM,US,Finance
2024-08-21,212.57,214.59,213.87,214.19,15123401,210.138,209.26799999999997,214.40949999999998,205.9996,211.50479160681235,211.01214747042786,40.208197787898506,81.2091503267973,0.49264413638448445,1.3770511695298668,-0.8844070331453824,214.40949999999998,6.064577457402841,226.53865491480565,202.2803450851943,0.4909515542495464,0.11314008861313607,3.6092857142857144,12462146.85,1.2135469087698234,179891908.0,0.0034198444673474437,0.0033615014706411942,0.007621018958424913,-0.01657483930211212,-0.04126941497694825,0.03678784065056395,66.26436781228364,55.570894696803045,0,1,-0.01676081983285871,JPM,US,Finance
2024-08-22,213.76,210.49,208.51,209.39,6924207,211.158,208.837,213.67850000000004,206.75,211.17943740694912,210.89155047090907,36.698337292161526,58.235294117646994,0.2878869360400529,1.1592183044795215,-0.8713313684394686,213.67850000000004,5.717661718422351,225.11382343684474,202.24317656315534,0.3124889066760033,0.10703298120111457,3.7842857142857134,11213657.6,0.6174797402874385,172967701.0,-0.02241000980437935,0.009456038970297351,-0.020443488023856482,-0.02016846045858678,-0.06526494352930678,0.024964511234029985,41.011578303411795,54.94841416263112,1,1,0.01953292898419212,JPM,US,Finance
2024-08-23,210.18,215.38,209.43,212.07,10420151,212.03400000000002,209.075,213.30749999999998,207.5176,211.31644762279223,210.9791375263962,42.75156338828882,72.38204833141539,0.33731009639603826,0.9948366517835233,-0.6575265553874851,213.30749999999998,5.55926147594187,224.4260229518837,202.18897704811624,0.44434962243637444,0.10424877654870654,4.051428571428572,11365188.25,0.9168479970538106,183387852.0,0.012799083050766491,0.028056773706662576,0.008992292320824978,0.011350088225475785,-0.03380564034807976,0.021089123212480132,57.34308348218506,54.87300986596017,1,0,0.007497524402320099,JPM,US,Finance
2024-08-26,211.66,215.81,213.45,214.5,20655034,212.72200000000004,209.97899999999998,213.09099999999998,208.26139999999998,211.80622668455848,211.24075664794327,47.33134651855866,70.74954296160875,0.5654700366152099,0.9089633241195799,-0.34349328750437,213.09099999999998,5.415324162916781,223.92164832583353,202.26035167416643,0.5650468908714443,0.1016527992808962,4.239285714285716,12155837.8,1.699186237974791,204042886.0,0.011458480690338169,0.011002331002279774,0.01341774544073791,0.04399883188941889,-0.019787049307681825,0.016298682839003042,72.15112735696829,56.83526304752172,1,0,0.022237762237762304,JPM,US,Finance
2024-08-27,214.77,216.85,210.7,213.43,29180623,212.71599999999998,210.667,212.671,208.90619999999998,212.05603872903552,211.40339164482324,44.03819918144611,58.39829907866761,0.6526470842122762,0.857700073926832,-0.20505298971455577,212.671,5.0126460078482165,222.69629201569643,202.64570798430356,0.5378542589220248,0.09427982203167613,4.4928571428571455,13119543.9,2.2242100028942313,174862263.0,-0.004988344988344995,0.028815068172099473,-0.006239232667475738,0.0333091261195837,-0.037866834963711016,-0.0001405415534526666,75.89852007921795,68.46424363945711,1,1,0.013493885583095055,JPM,US,Finance
2024-08-28,213.05,211.8,209.64,210.6,10094098,211.998,211.06799999999998,212.1335,209.3804,211.83203219014604,211.34372188586667,45.618993781797634,40.165061898211796,0.4883103042793664,0.7838221174479043,-0.2955118131685379,212.1335,4.591706797671881,221.31691359534375,202.95008640465625,0.4165070817896061,0.08658145550137494,4.341428571428573,13186345.95,0.7654961634389577,164768165.0,-0.01325961673616649,0.010256410256361675,-0.011499647969906207,0.01941042644852109,-0.04856562005873055,-0.01676081983285871,55.95489781141966,68.0015150825353,1,1,0.0240265906932573,JPM,US,Finance
2024-08-29,209.69,216.41,211.13,213.48,9461694,212.81599999999997,211.987,211.79700000000003,209.87259999999998,212.08556625536647,211.5023567630089,55.53284671532845,47.87297783103653,0.5832094923575823,0.7436995913221779,-0.16049009896459554,211.79700000000003,4.198434670708504,220.19386934141704,203.400130658583,0.6002159216113117,0.07929167402160908,4.424285714285718,13326149.1,0.7100095623266318,174229859.0,0.013675213675213627,0.024732996065089323,0.01807430015728894,0.04498507024328169,-0.030561736524227,0.01953292898419212,76.2508808966701,69.36809959576924,1,1,0.008338017612891102,JPM,US,Finance
2024-08-30,213.83,216.51,211.39,213.66,24664025,213.13400000000001,212.584,211.5625,210.32539999999997,212.32778728094266,211.66254876406825,63.57615894039731,67.68848384424193,0.6652385168744104,0.7280073760860526,-0.06276885921164221,211.5625,3.935930138179321,219.43436027635863,203.69063972364137,0.6332277203691064,0.07441640438472247,4.2950000000000035,14310204.05,1.723527015428755,198893884.0,0.000843170320404818,0.02396330618728841,-0.0007950240845495061,0.02874476383070923,-0.021479276391115132,0.007497524402320099,77.5193798394983,69.90838618252936,1,1,0.005663203220069413,JPM,US,Finance
2024-09-02,213.77,220.18,218.54,219.27,10971690,214.08800000000002,213.40500000000003,211.66750000000002,210.82059999999998,213.39582168394688,212.22726020747993,68.31797235023038,74.00000000000001,1.168561476466948,0.8161181977190152,0.3524432787479329,211.66750000000002,4.117231920138487,219.901963840277,203.43303615972303,0.9616268980290182,0.07780565122409519,4.443571428571433,14491444.4,0.7571149527982902,209865574.0,0.026256669474866712,0.007479363341964407,0.025728586798775654,0.03889889131052793,0.00966984390109138,0.022237762237762304,94.80593606764809,82.85873226793883,0,0,-0.022574907648105103,JPM,US,Finance
2024-09-03,219.68,219.33,213.9,216.31,5660168,214.664,213.69,211.65949999999998,211.293,213.8441574051547,212.53027987011913,62.9117959617428,55.82743077913715,1.313877535035573,0.9156700665894701,0.3982074684461028,211.65949999999998,4.1075533439848275,219.87460668796965,203.44439331203031,0.7830456241077942,0.07762568359020837,4.781428571428577,14254148.8,0.3970891340008227,204205406.0,-0.013499338714826559,0.025102861633650334,-0.015340495265771413,0.013351447578000553,-0.00073913244329471,0.013493885583095055,77.9109588996626,83.41209160226968,0,0,-0.012343396051962552,JPM,US,Finance
2024-09-04,216.18,218.96,213.02,215.66,8073159,215.67600000000002,213.837,211.5525,211.7054,214.12351811842024,212.76253289464267,65.79605445957208,57.37921906022496,1.3609852237775613,1.004733099034197,0.3562521247433643,211.5525,3.9645612686182945,219.4816225372366,203.62337746276341,0.759013527660306,0.07496127473983161,4.925000000000005,14032577.55,0.5753154326722083,196132247.0,-0.003004946604410308,0.027543355281333833,-0.0024054029049755056,0.006863065502591192,-0.009825528007346263,0.0240265906932573,67.4116798797828,80.0428582823645,0,0,-0.017666697579523327,JPM,US,Finance
2024-09-05,214.82,217.61,213.39,215.26,10862177,216.032,214.42400000000004,211.63049999999998,212.10019999999997,214.29836165113701,212.9478421498226,61.473173688996624,68.37539432176649,1.350519501314409,1.073890380115854,0.276629121198555,211.63049999999998,4.023936897851588,219.67837379570315,203.58262620429682,0.7254943412017927,0.0760558973840268,4.860714285714293,14277004.5,0.7608161949646934,185270070.0,-0.0018547713994250259,0.019604199572518924,0.0020482264221113,0.028033812502984867,0.007299953205428089,0.008338017612891102,57.84061696162455,67.72108524702332,0,0,-0.05333085570937468,JPM,US,Finance
2024-09-06,216.05,217.03,213.15,214.87,8310559,216.27400000000003,214.704,211.8895,212.43439999999998,214.38630608328737,213.09044630674683,56.347884038653774,56.82041216879299,1.2958597765405386,1.1182842597220697,0.17757551681846895,211.8895,4.059015274669057,220.0075305493381,203.7714694506619,0.6835728494246334,0.07662513290464879,4.800000000000007,14118799.65,0.5886164983850806,176959511.0,-0.001811762519743465,0.018057430073914173,-0.005461698680835664,0.01320318762672712,0.02470313319662365,0.005663203220069413,54.49871464828636,59.91700382989791,0,0,-0.049844091776423016,JPM,US,Finance
2024-09-09,213.54,215.27,213.57,214.32,4374070,215.28400000000002,214.68599999999998,212.33249999999998,212.7572,214.37610514044943,213.1816558870149,51.52698863636361,53.12499999999997,1.1944492534345272,1.1335172585527544,0.06093199488177281,212.33249999999998,3.7952905373837478,219.92308107476748,204.74191892523248,0.6309188308373328,0.07149711960940272,4.6500000000000075,12826711.0,0.34101256814684855,172585441.0,-0.00255968725275757,0.007932064203023913,0.0036527114357794723,-0.0008391608391609129,0.04312274895356749,-0.022574907648105103,49.785775488450184,54.041702366120376,0,0,-0.04138671145949979,JPM,US,Finance
2024-09-10,215.24,214.91,212.62,213.64,8746873,214.75,214.70700000000002,212.68699999999998,213.06,214.26285813050157,213.21565269645038,49.02170046246886,0.0,1.0472054340511932,1.1162548935724883,-0.06904945952129515,212.68699999999998,3.5499386206698054,219.7868772413396,205.58712275866037,0.567113836411422,0.06676362204842075,4.73285714285715,12872328.25,0.679509732086755,163838568.0,-0.003172825681224345,0.01071896648562663,-0.007433562534810394,0.0009839291571005493,0.034325829097070715,-0.012343396051962552,43.958868890834616,49.414453009190396,0,0,-0.03346751544654547,JPM,US,Finance
2024-09-11,213.34,214.14,210.02,211.85,4160199,213.988,214.83199999999997,212.95,213.3576,213.89164900633412,213.11436801649296,54.90039840637451,0.0,0.7772809898411595,1.0484601125750193,-0.2711791227338598,212.95,3.2572429413453476,219.4644858826907,206.43551411730928,0.41557276965337214,0.06118324379112577,4.621428571428576,12117982.55,0.343307859994578,159678369.0,-0.00837858079011422,0.019447722445034357,-0.006984156745069021,0.005935422602089346,0.025461058134469194,-0.017666697579523327,22.511627904882523,38.75209076138912,0,0,-0.03762095822515932,JPM,US,Finance
2024-09-12,212.39,205.55,202.36,203.78,3617641,211.692,213.862,212.9245,213.4244,212.33601005579285,212.4221409237112,36.405378812725516,0.0,-0.08613086791834235,0.8215419158036985,-0.9076727837220409,212.9245,3.3297960661430874,219.58409213228617,206.26490786771382,-0.18656607027630404,0.06255355426223758,4.8714285714285745,11882907.35,0.3044407053766429,156060728.0,-0.0380929903233419,0.015654136814134575,-0.04053863176213309,-0.045437511710698875,-0.0024964511234029096,-0.05333085570937468,7.968574634794065,24.81302381017041,1,1,0.011679261949160802,JPM,US,Finance
2024-09-13,203.8,205.53,203.06,204.16,5936311,209.55,212.91199999999998,212.748,213.4558,211.07816191574565,211.809481095561,31.821378340365698,3.204047217537905,-0.7313191798153582,0.5109696959433895,-1.2422888757587476,212.748,3.6953507062391213,220.13870141247824,205.35729858752174,-0.08100033546337415,0.06947845725876166,4.780714285714288,11342589.15,0.5233646743376336,161997039.0,0.0018647561095299636,0.012098354231915657,0.0017664376839951854,-0.04446316577740339,-0.01699648514613128,-0.049844091776423016,10.101010100443174,13.527070880039929,1,0,0.040458463949843315,JPM,US,Finance
2024-09-16,204.56,205.91,205.07,205.45,11237327,207.77599999999998,211.53000000000003,212.46750000000003,213.4704,210.21229059598906,211.33794563992095,36.07815771109558,13.087774294670766,-1.1256550439318858,0.18364474734735406,-1.30929979127924,212.46750000000003,4.028154697023763,220.52380939404756,204.4111906059525,0.06447179118707576,0.07583568681336782,4.466428571428573,10801534.95,1.040345285338795,173234366.0,0.006318573667711602,0.004088586030644512,0.004350801720745188,-0.06302731791854799,-0.02658011939732785,-0.04138671145949979,17.340067339094137,11.803217358110468,1,1,0.05402774397663679,JPM,US,Finance
2024-09-17,206.56,206.63,206.39,206.49,10478866,206.346,210.548,212.119,213.5474,209.6396303611501,210.97851192473652,42.35206550055829,20.452830188679314,-1.3388815635864262,-0.12086051530155263,-1.2180210482848735,212.119,4.234016259322489,220.58703251864497,203.65096748135502,0.1676323580611169,0.0798422821020753,4.280000000000001,10947613.65,0.9571825767542886,183713232.0,0.005062058895108468,0.0011622838878340201,-0.0003388845855908903,-0.04539780870047616,-0.032652487585496104,-0.03346751544654547,23.176206508239254,16.872427982592196,1,1,0.03264080585016216,JPM,US,Finance
2024-09-18,205.71,203.89,203.87,203.88,13317910,204.752,209.36999999999998,211.6035,213.5688,208.75353319508986,210.45225342048013,31.954887218045158,17.852437417654855,-1.6987202253902751,-0.4364324577024545,-1.2622877676878206,211.6035,4.581933945858143,220.76736789171628,202.43963210828372,0.07858951638421782,0.08661357578369898,4.052142857142859,10857339.1,1.2266273209954988,170395322.0,-0.01263983728025575,9.809691975614927e-05,-0.00889601866701238,-0.05462301771306688,-0.04813483355898973,-0.03762095822515932,8.529741862596437,16.348671903309953,1,1,0.04134785167745747,JPM,US,Finance
2024-09-19,204.21,206.43,205.93,206.16,11139048,205.22799999999998,208.45999999999998,211.442,213.5618,208.35452801674174,210.1340608202188,36.93379790940769,31.844288449266145,-1.7795328034770534,-0.7050525271182941,-1.0744802763587593,211.442,4.718935651628147,220.8798713032563,202.00412869674372,0.22016994984887286,0.08927149103027451,3.8685714285714305,11068081.15,1.0064117567107143,181534370.0,0.011183048852265953,0.00242530073727966,0.009548993682926594,-0.04227445879401648,-0.0154257605425282,0.011679261949160802,21.324354656491252,17.676767675775658,1,1,0.02134264648816453,JPM,US,Finance
2024-09-20,206.26,213.81,211.3,212.42,18306278,206.88000000000002,208.21499999999997,211.4595,213.58360000000002,208.97998533965387,210.3035118877744,38.33049403747868,81.16883116883109,-1.323526548120526,-0.8287473314148598,-0.49477921670566627,211.4595,4.722035104307509,220.903570208615,202.01542979138497,0.5508520149804139,0.08932273280292781,3.9492857142857156,11462387.5,1.5970735942164236,199840648.0,0.03036476523088849,0.011816213162546723,0.02986521865592035,-0.011402243216828811,0.0016503984533409177,0.040458463949843315,59.28108426285895,29.711726927315556,1,0,0.003248281706054179,JPM,US,Finance
2024-09-23,213.85,218.05,215.36,216.55,14950624,209.1,208.43800000000002,211.56199999999998,213.63120000000004,210.14460312894187,210.76652397931218,50.393184796854534,85.17887563884153,-0.6219208503703157,-0.7873820351802361,0.16546118480992034,211.56199999999998,4.81288358689978,221.18776717379956,201.9362328262004,0.7590962314576751,0.09099712778054732,3.963571428571431,11177167.0,1.3376039440402077,214791272.0,0.019442613689859778,0.012422073424094092,0.012625672200081326,0.010405001866368169,0.009557109557109644,0.05402774397663679,85.48192770569388,55.36245554168136,0,0,-0.01459247287000709,JPM,US,Finance
2024-09-24,217.06,214.57,212.17,213.23,3957846,210.448,208.39700000000002,211.552,213.6352,210.6192796221107,210.94911661283152,46.33925881289545,69.8065173116089,-0.3298369907208212,-0.6958730262428436,0.36603603552202246,211.552,4.8090042737826515,221.1700085475653,201.9339914524347,0.587232195267571,0.09092807959763871,3.8521428571428618,9916028.15,0.3991361804336769,210833426.0,-0.015331332255830166,0.011255451859441684,-0.017644890813518693,-0.001919116270361343,-0.0009370753877150362,0.03264080585016216,69.27979604402282,71.34760267085856,1,0,0.0018290109271679178,JPM,US,Finance
2024-09-25,214.38,212.41,212.23,212.31,18519628,212.13400000000001,208.44299999999998,211.6375,213.56619999999998,210.8793904733423,211.04998055025075,45.62444378522695,64.90778688524586,-0.17059007690843941,-0.5908164363341651,0.4202263594257257,211.6375,4.806388155908739,221.25027631181746,202.02472368818252,0.5349794886331796,0.09084190005809037,3.6221428571428596,10337304.65,1.7915333673044678,192313798.0,-0.004314589879472863,0.0008478168715517828,-0.009655751469308412,0.0021713476516402874,0.00811965811965809,0.04134785167745747,63.4161886511525,72.72597080028974,1,1,0.02675333239131472,JPM,US,Finance
2024-09-26,211.82,210.75,210.41,210.56,8793347,213.01399999999998,209.121,211.4915,213.39559999999997,210.83025347362894,211.0136664395058,43.855146849158835,67.89924973204715,-0.18341296587686884,-0.5093357422167717,0.32592277633990285,211.4915,4.7918014138182246,221.07510282763644,201.90789717236356,0.4514013666256486,0.09062872812941537,3.480714285714289,10303887.3,0.8534008467463685,183520451.0,-0.00824266402901419,0.0016147416413297335,-0.005948446794419991,0.033271174796349,-0.01367809630878769,0.02134264648816453,52.26258763210557,61.65285744242698,1,1,0.04953457446808507,JPM,US,Finance
2024-09-27,209.38,215.28,211.38,213.11,8399004,213.152,210.01600000000002,211.464,213.3034,211.1809837314939,211.1690266829832,48.36795252225522,68.35710512414158,0.011957048510709,-0.4050771840447283,0.4170342325554373,211.464,4.780265793094379,221.02453158618874,201.90346841381125,0.5860830794069947,0.09042230910361607,3.6964285714285734,9490636.25,0.8849778764855858,191919455.0,0.012110562310030382,0.018300408239790275,0.017814499952154953,0.04383816614420066,-0.0025741832818495514,0.003248281706054179,68.51497768843117,61.39791799056309,1,1,0.03702313359298004,JPM,US,Finance
2024-09-30,212.29,216.4,210.98,213.39,13115195,212.52000000000004,210.81,211.17,213.218,211.5208324070766,211.3336180473607,49.65912189800927,53.745173745173744,0.1872143597159095,-0.28661887526847035,0.47383323498437985,211.17,4.443889950790125,220.05777990158023,202.28222009841974,0.6248905814477017,0.08417653929571585,3.920000000000004,9597811.5,1.3664775176635302,205034650.0,0.001313875463375691,0.025399503256828423,0.005181591219533717,0.03864687271842304,-0.02681625393350673,-0.01459247287000709,70.2995538514785,63.69237305733842,1,1,0.056750550634987684,JPM,US,Finance
2024-10-01,212.99,216.96,210.96,213.62,12610166,212.598,211.523,211.0355,213.1004,211.84378128271493,211.50305099138316,52.520649387638855,33.81215469613258,0.34073029133176647,-0.1611490419279761,0.5018793332597425,211.0355,4.319089176642001,219.673678353284,202.39732164671602,0.6495975131358477,0.08186469435941401,4.05428571428572,9945311.4,1.2679507181694967,217644816.0,0.0010778386990957234,0.028087257747270448,0.002957885346715985,0.03452951716790165,-0.012435855947482755,0.0018290109271679178,71.76545569969623,70.19332907986865,1,1,0.04086696002246981,JPM,US,Finance
2024-10-02,214.03,218.91,217.25,217.99,26164383,213.734,212.93400000000003,211.152,212.99200000000002,212.78935343069583,211.98375308244047,72.62018465456859,73.56435643564367,0.8056003482553535,0.03220083613389684,0.7733995121214567,211.152,4.478860992425453,220.1097219848509,202.19427801514908,0.8816818612300431,0.08484619596128366,3.7542857142857207,10849872.6,2.4114919642934827,243809199.0,0.020456886059357693,0.007615028212268368,0.018502079147696613,0.06920737688836587,0.010804043401650754,0.02675333239131472,94.19558359027165,78.75353104714881,1,1,0.03711179411899623,JPM,US,Finance
2024-10-03,218.82,221.14,220.87,220.99,11308872,215.82000000000002,214.417,211.43849999999998,212.9316,214.05099140691803,212.65112331897225,74.7281810167499,85.63218390804599,1.3998680879457766,0.3057342865248012,1.0941338014209754,211.43849999999998,4.917277033180997,221.27305406636196,201.603945933638,0.9856092068111293,0.09302519707920248,3.8028571428571474,10872207.35,1.040163289365219,255118071.0,0.013762099178861398,0.001221774740932893,0.0099168266154378,0.07193441986806359,0.026618972405463293,0.04953457446808507,99.13144180086108,88.36416036360966,1,1,0.008371419521245205,JPM,US,Finance
2024-10-04,220.09,222.05,220.17,221.0,6875526,217.398,215.275,211.74499999999998,212.9618,215.12006968246828,213.26976534218107,73.74045801526715,100.0,1.8503043402872095,0.6146482973030577,1.2356560429841519,211.74499999999998,5.317205934263326,222.37941186852663,201.11058813147332,0.9351439512351291,0.10044545909916583,3.8121428571428635,10800455.7,0.6365958580251518,261993597.0,4.5250916331118773e-05,0.008506787330278359,0.004134672179544104,0.04039167686658507,0.028528877926187857,0.03702313359298004,94.2244224370613,95.85048260939801,1,1,0.03443438914027164,JPM,US,Finance
2024-10-07,221.77,227.18,224.15,225.5,12878793,219.82000000000002,216.17000000000002,212.304,213.0952,216.71698207751166,214.17598902632687,76.24965479149402,100.0,2.5409930511847847,0.9999172481051196,1.5410758030796652,212.304,6.1280231207476525,224.56004624149531,200.0479537585047,1.0383465327620884,0.11545751602831396,4.169285714285721,11225691.85,1.1472604116368639,274872390.0,0.020361990950226172,0.0134368070952841,0.016819227127127974,0.04132994689448166,0.05216498693542371,0.056750550634987684,92.79279278881195,95.38288567557812,1,0,0.02195121951219514,JPM,US,Finance
2024-10-08,224.52,223.9,221.12,222.35,14392301,221.56599999999997,217.08200000000002,212.7395,213.1056,217.5836002371119,214.78164482399615,75.12925170068024,79.35779816513761,2.8019554131157633,1.3603248811264939,1.4416305319892695,212.7395,6.524628220906491,225.78875644181298,199.690243558187,0.868239372181291,0.1226782655947922,4.295000000000006,11507963.25,1.2506383133750176,260480089.0,-0.013968957871396959,0.012502810883685624,-0.00966506324599301,0.042770717066078934,0.04076951881670099,0.04086696002246981,77.2705882316578,88.0959344858437,1,1,0.03215651000674624,JPM,US,Finance
2024-10-09,224.02,230.45,222.59,226.08,4624297,223.18400000000003,218.459,213.45099999999996,213.2002,218.8907386847348,215.61878207429075,76.07329842931937,83.2089552238806,3.2719566104440503,1.7426512270063381,1.5293053834377122,213.45099999999996,7.166801312484421,227.7846026249688,199.11739737503112,0.9405382348559058,0.1343034478629915,4.691428571428576,11531168.15,0.4010258578159874,265104386.0,0.016775354171351564,0.03476645435228777,0.009195607535000476,0.06485799067401454,0.06717016757139493,0.03711179411899623,78.19361277054934,82.75233126367304,1,1,0.013048478414720455,JPM,US,Finance
2024-10-10,226.22,223.7,222.15,222.84,10555904,223.554,219.68699999999998,214.404,213.25279999999998,219.49831735749595,216.15381851260304,64.80955088118249,63.75496313102663,3.344498844892911,2.0630207505946014,1.2814780942983095,214.404,7.079840468021051,228.5636809360421,200.2443190639579,0.7978880681459813,0.13208411163948483,4.425714285714291,11878081.3,0.8886875619644427,254548482.0,-0.014331210191082855,0.006955663256116619,-0.01494120767387965,0.058320668693009114,0.0935322406516832,0.008371419521245205,62.02594810069736,72.49671636763485,1,1,0.01772572249147375,JPM,US,Finance
2024-10-11,222.23,230.54,227.06,228.61,3899634,225.07600000000002,221.237,215.6265,213.45800000000003,220.9001147044365,217.0767084977207,66.37696903856597,68.67647058823528,3.8234062067158163,2.4150978418284708,1.4083083648873456,215.6265,7.3245781448488305,230.27565628969765,200.97734371030234,0.9431483882859454,0.13587528703224994,4.573571428571431,11776247.45,0.3311439985796156,258448116.0,0.025893017411595887,0.015222431214665882,0.028708995185039443,0.07273239172258461,0.11975901253918497,0.03443438914027164,90.41231991602533,76.87729359575735,0,1,-0.011548051266348835,JPM,US,Finance
2024-10-14,227.18,234.04,227.57,230.45,6873106,226.06599999999997,222.94299999999998,216.8765,213.7236,222.36932784219516,218.06753131602338,74.36332767402376,71.2550607287449,4.301796526171785,2.792437578705387,1.509358947466398,216.8765,7.623593761612861,232.12368752322573,201.62931247677426,0.9451148770348184,0.1406070968791495,4.722857142857143,11558036.4,0.5946603010646081,265321222.0,0.00804864179169762,0.02807550444769765,0.014393872699998186,0.07994751394160926,0.12168410805548802,0.02195121951219514,84.80744815553076,79.08190539075116,0,0,-0.01362551529615963,JPM,US,Finance
2024-10-15,229.95,229.82,229.24,229.5,5128588,227.496,224.531,218.027,213.9842,223.46635433771846,218.9145459888521,74.3002544529262,60.70663811563169,4.551808348866359,3.144311732743738,1.407496616122621,218.027,7.70940922031729,233.44581844063455,202.60818155936542,0.8720453692123439,0.1414395321732065,4.737857142857142,11290522.5,0.4542382822195977,260192634.0,-0.004122369277500537,0.0025272331154573284,-0.001956947162418055,0.07433760883812379,0.11143396774662206,0.03215651000674624,80.78713499446525,85.33563435534046,0,0,-0.013899782135076255,JPM,US,Finance
2024-10-16,229.84,230.31,228.0,229.03,10974923,228.086,225.635,219.28450000000004,214.2088,224.32229983063203,219.66397416972205,77.09005573481959,70.87500000000003,4.658325660909981,3.447114518381225,1.2112111425287555,219.28450000000004,7.321802679236983,233.928105358474,204.64089464152607,0.8327561676444551,0.13355805228739087,4.767142857142856,11173373.15,0.9822389237721892,249217711.0,-0.002047930283224364,0.01008601493249756,-0.0035241907413699884,0.050644524978209926,0.1233568765940749,0.013048478414720455,78.29289427737035,81.29582580912212,0,0,-0.0011352224599396887,JPM,US,Finance
2024-10-17,229.88,227.01,226.61,226.79,6556863,228.87600000000003,226.215,220.31600000000003,214.4706,224.70194601294003,220.19191618231457,70.24866785079925,52.446588559613986,4.510029830625456,3.659697580832452,0.8503322497930039,220.31600000000003,6.81085542196758,233.93771084393518,206.69428915606488,0.7376353482112261,0.12365611979042211,4.6028571428571405,10944263.9,0.5991140620143433,242660848.0,-0.009780378116403976,0.0017637461969143857,-0.013441795719447371,0.02624553147201225,0.10006790842064417,0.01772572249147375,68.58752166080642,75.88918364421401,1,0,0.00930376118876497,JPM,US,Finance
2024-10-18,226.65,228.01,224.34,225.97,6643470,228.348,226.712,220.99349999999998,214.79620000000003,224.89703124276429,220.61998864458377,68.32750582750583,62.944582299421015,4.277042598180515,3.7831665843031708,0.4938760138773439,220.99349999999998,6.656251730911404,234.3060034618228,207.68099653817717,0.6869107494914295,0.12047868794116186,4.477857142857139,10361123.5,0.6411919864489612,236017378.0,-0.0036156797036905886,0.01624109395045248,-0.003000220604443003,0.02248868778280544,0.06378872045946715,-0.011548051266348835,65.03466204224287,70.63835932680655,1,1,0.004469619861043439,JPM,US,Finance
2024-10-21,225.3,229.29,225.73,227.31,15355089,227.71999999999997,226.89299999999997,221.5315,215.2332,225.26825720709982,221.11561606827732,69.31978549252045,41.51436031331581,4.152641138822503,3.857061495207567,0.29557964361493605,221.5315,6.712802595355276,234.95710519071054,208.10589480928945,0.7152044513897619,0.12120718896093728,4.303571428571424,10381346.75,1.479103616387381,251372467.0,0.005929990706730948,0.015661431525160974,0.008921438082516954,0.008026607538802688,0.04968829369660588,-0.01362551529615963,59.91661703038023,64.51293357780985,1,1,0.0038713650961241797,JPM,US,Finance
2024-10-22,228.13,227.27,225.53,226.31,14295194,227.08200000000002,227.28900000000004,222.1855,215.6284,225.4285253296996,221.50043631092828,62.97567061759201,19.648093841642293,3.928089018771317,3.8712669999203992,0.056822018850917644,222.1855,6.495089217814222,235.17567843562844,209.19532156437154,0.6587545552118399,0.11693092875610682,4.05285714285714,10898214.15,1.311700476017855,237077273.0,-0.004399278518323002,0.007688568777306883,-0.007977907333502895,0.01780975938835172,0.061342212634244664,-0.013899782135076255,44.26820475527996,56.406494609301035,0,1,-0.0015023640139631977,JPM,US,Finance
2024-10-23,226.4,229.69,228.04,228.77,16532016,227.03000000000003,227.558,223.0085,216.072,225.9425983575692,222.03898867820095,62.34137055837564,45.61824729891963,3.903609679368259,3.8777355358100007,0.025874143558258123,223.0085,6.2146730235364736,235.43784604707295,210.57915395292704,0.7317700375163763,0.11146970673330586,4.069285714285712,10798833.55,1.5309074255610295,253609289.0,0.010870045512792137,0.007212484154359371,0.01046819787981244,0.011898443029016326,0.07752814281004206,-0.0011352224599396887,62.0043258787309,55.39638255479704,0,0,-0.021637452463172724,JPM,US,Finance
2024-10-24,228.35,229.96,228.05,228.9,8027298,227.452,228.164,223.92549999999997,216.56419999999997,226.3975832268858,222.54726956207614,62.4841972187105,49.18648310387988,3.8503136648096756,3.8722511616099156,-0.02193749680023993,223.92549999999997,5.6042647998972095,235.1340295997944,212.71697040020555,0.7219068948780475,0.10010945247186555,4.071428571428568,10760531.1,0.745994521962348,261636587.0,0.0005682563273157193,0.00834425513320949,0.0024085833150759924,0.02719439956919767,0.08710106382978733,0.00930376118876497,60.2167182615932,55.496416298534704,0,0,-0.04477937964176493,JPM,US,Finance
2024-10-25,228.5,230.32,224.3,226.98,9801893,227.654,228.00100000000003,224.619,216.95,226.48718580757327,222.87565455535022,52.54645560908463,51.23859191655799,3.6115312522230454,3.8201071797323882,-0.20857592750934284,224.619,5.023544460574331,234.66608892114866,214.57191107885134,0.6174967205880252,0.08945894088304131,4.059999999999994,10830675.55,0.9050120696292051,251834694.0,-0.008387942332896525,0.026522160542662175,-0.006652078774588001,-0.007130046804601831,0.06508375956079004,0.004469619861043439,45.356037148192186,55.859027096172106,0,0,-0.030443210855581992,JPM,US,Finance
2024-10-28,228.08,228.65,227.83,228.19,10455838,227.83,227.775,225.35899999999998,217.2926,226.7491572223082,223.26934817139372,60.76696165191739,63.77171215880887,3.479809050914497,3.7520475539686498,-0.27223850305415276,225.35899999999998,4.323701995670741,234.00640399134147,216.7115960086585,0.6636907447698154,0.0767433649537238,3.866428571428567,10697707.7,0.9773904200625692,262290532.0,0.005330866155608405,0.003593496647514789,0.0004822869168690939,-0.00980689954436964,0.06935657715919219,0.0038713650961241797,50.798990744255754,52.123915384680394,0,0,-0.06012533415136512,JPM,US,Finance
2024-10-29,228.07,226.94,225.2,225.97,15044714,227.762,227.42199999999997,225.9765,217.54280000000003,226.6292868802151,223.46941452255965,49.78524014057006,42.50559284116331,3.159872357655445,3.6336125147057867,-0.4737401570503419,225.9765,3.325631360714422,232.62776272142884,219.32523727857114,0.4995113709402458,0.058866853158619746,3.5014285714285682,10819435.1,1.39052662827779,247245818.0,-0.009728734826241259,0.0077001371863181355,-0.009207699390497596,-0.015381263616557783,0.05781293886340233,-0.0015023640139631977,32.1278385170624,42.760955469836794,0,0,-0.024649289728725043,JPM,US,Finance
2024-10-30,225.88,225.08,222.81,223.82,10650098,226.77200000000002,226.90099999999998,226.26799999999997,217.7354,226.1970888980347,223.49538598887722,51.99836867862967,37.66105054509415,2.70170290915749,3.4472305935958465,-0.7455276844383567,226.26799999999997,2.8032267122012966,231.87445342440256,220.66154657559738,0.28168016257599493,0.04955586671007664,3.446428571428567,10043720.85,1.0603736502320602,236595720.0,-0.009514537327963923,0.010142078455856797,-0.009119886665445734,-0.02274811160110035,0.026744346070920688,-0.021637452463172724,8.993766695548123,30.640198652288763,0,0,-0.016129032258064502,JPM,US,Finance
2024-10-31,223.92,220.98,216.79,218.65,19597683,224.72199999999998,226.087,226.151,217.9206,225.03599829695307,223.13644071708285,29.18060200668893,10.468750000000014,1.8995575798702191,3.1376959908503492,-1.23813841098013,226.151,3.0711422527849446,232.2932845055699,220.00871549443013,-0.11060343208519817,0.05432020645977878,3.3985714285714255,10458161.4,1.873912667487359,216998037.0,-0.02309891877401482,0.019163045963781544,-0.023535191139587564,-0.03589223510736794,-0.010588714421467027,-0.04477937964176493,10.782608695027173,17.30140463587924,1,1,0.019528927509718574,JPM,US,Finance
2024-11-01,218.79,220.89,219.42,220.07,15682727,223.33999999999997,225.49699999999999,226.1045,218.0806,224.27199855818972,222.90928067531829,27.914893617021292,18.665720369056032,1.3627178828714364,2.782700369254225,-1.4199824863827888,226.1045,3.159021292475672,232.42254258495134,219.78645741504866,0.022439116317785848,0.05588604017101296,3.096428571428567,10898521.45,1.438977354219241,232680764.0,0.00649439743882918,0.006679692824979867,0.005850358791508528,-0.026109660574412552,-0.004208144796380098,-0.030443210855581992,24.242424240632495,14.672933210402606,1,1,0.03448902621893035,JPM,US,Finance
2024-11-04,220.83,216.82,212.58,214.47,5353601,220.596,224.21300000000002,225.55300000000003,218.08,222.76399877871972,222.2841072750712,23.303730017761993,14.800225098480567,0.47989150364853117,2.322138596132732,-1.8422470924842007,225.55300000000003,4.094425092989744,233.7418501859795,217.36414981402055,-0.1767128319674874,0.07261131694939256,3.5449999999999955,10522261.85,0.5087879932594537,227327163.0,-0.025446448857181836,0.01976966475488512,-0.02880043472341264,-0.05648673617526723,-0.048913525498891386,-0.06012533415136512,10.65388951461922,15.226307483426305,1,1,0.0568844127383783,JPM,US,Finance
2024-11-05,213.52,222.95,218.36,220.4,8637236,219.48199999999997,223.622,225.45549999999997,218.21940000000004,222.40030665865407,222.14453519483249,37.16155905980364,32.68119164072921,0.25577146382158844,1.9088651696702486,-1.65309370584866,225.45549999999997,4.196653397272748,233.84880679454548,217.06219320545446,0.19883741152627823,0.07445643858329722,3.9857142857142804,10234508.6,0.8439325710339849,235964399.0,0.02764955471627739,0.02082577132476928,0.03222180591966923,-0.026114621536829974,-0.008769957274567086,-0.024649289728725043,44.081172489059696,26.325828748103817,1,1,0.032985480943738654,JPM,US,Finance
2024-11-06,222.0,221.43,219.24,220.21,9932140,218.76,222.766,225.16199999999998,218.4116,222.06333640327063,222.00122813601075,39.57541191381499,35.92375366568915,0.06210826725987317,1.5395137891879918,-1.4774055219281186,225.16199999999998,4.353029918767268,233.8680598375345,216.45594016246545,0.2156003925641562,0.07733151986121868,3.96928571428571,10499900.75,0.9459269464116652,226032259.0,-0.0008620689655172153,0.009945052449888981,-0.008063063063026708,-0.037417493552476255,-0.02596426043878275,-0.016129032258064502,43.010146559018615,32.58173618756586,1,1,0.013668770718859191,JPM,US,Finance
2024-11-07,220.78,226.67,219.91,222.92,16475032,219.61399999999998,222.16799999999998,225.166,218.6004,222.19513080283562,222.0692888974994,45.44095665171896,47.85918173168409,0.1258419053362161,1.2567794124175253,-1.1309375070813092,225.166,4.350820128374931,233.86764025674987,216.46435974325013,0.37094387183906335,0.07729088989200167,4.189999999999996,10795857.15,1.5260511736160594,242507291.0,0.012306434766813368,0.03032478019006669,0.009692906966166743,-0.02612494539100052,0.0003590019745107753,0.019528927509718574,58.286358508551984,48.4592258522101,1,1,0.0002242957114659827,JPM,US,Finance
2024-11-08,224.13,229.2,226.42,227.66,43730342,221.132,222.23600000000002,225.11849999999998,218.8804,223.03587991045953,222.4834358522825,50.47489823609226,71.8795531811559,0.5524440581770307,1.115912341569382,-0.5634682833923512,225.11849999999998,4.3162901651154595,233.7510803302309,216.48591966976906,0.6472039588471935,0.07669365538765208,4.38428571428571,12787392.55,3.4198010586762613,286237633.0,0.02126323344697645,0.012211192128559211,0.015749788069353732,0.002995858665961748,-0.004155548751148319,0.03448902621893035,85.00563697378773,62.100714013786124,1,0,0.0036897127295090204,JPM,US,Finance
2024-11-11,227.51,227.25,226.2,226.67,17578940,223.57199999999997,222.08399999999997,224.92950000000002,219.0284,223.59497530905733,222.793565725633,50.48859934853417,66.36904761904762,0.8014095834243449,1.0530117899403588,-0.25160220651601395,224.92950000000002,4.15010903471207,233.22971806942417,216.62928193057587,0.6048466428735574,0.07380284106253067,4.361428571428568,13322684.25,1.3194742403750774,268658693.0,-0.004348590002635544,0.004632284819320507,-0.003692145400185976,-0.006661115736885992,-0.01640269038837061,0.0568844127383783,79.42502818041567,74.23900788758515,1,0,0.002117615917412996,JPM,US,Finance
2024-11-12,227.42,227.85,227.52,227.67,9316788,225.02599999999998,222.254,224.83800000000002,219.25560000000002,224.22190218478337,223.1547981896496,48.44544940644428,92.41645244215934,1.0671039951337775,1.055830230979043,0.011273764154734467,224.83800000000002,4.0633025199238855,232.96460503984778,216.71139496015226,0.6742425025849894,0.07228853698940228,4.204285714285711,13532094.25,0.6884955971618659,277975481.0,0.00441169982794376,0.0014494663328437417,0.0010992876615904526,0.007523122538390048,-0.007973856209150365,0.032985480943738654,85.06200675957932,83.16422397126092,0,1,-0.005885711775815761,JPM,US,Finance
2024-11-13,228.8,224.49,222.21,223.22,13182792,225.628,222.19400000000002,224.54749999999999,219.40679999999998,224.06776338708355,223.15962814045048,42.84634760705289,60.014204545454525,0.9081352466330657,1.0262912341098427,-0.11815598747677702,224.54749999999999,3.954047726197974,232.45559545239593,216.63940454760404,0.4160670221795403,0.0704358360913457,4.457857142857138,13642487.7,0.9663040439241852,264792689.0,-0.01954583388237352,0.010214138518008186,-0.02438811188800535,-0.0026807255830577637,-0.025367855739422795,0.013668770718859191,59.97745208230115,74.82149567409873,1,1,0.02320580593136823,JPM,US,Finance
2024-11-14,222.92,226.28,220.32,222.97,7036231,225.638,222.62600000000003,224.3565,219.56100000000004,223.89887671210974,223.14558110776653,44.72784643702341,59.75954738330974,0.753295604343208,0.9716921081565087,-0.21839650381330078,224.3565,3.9322248623927627,232.22094972478553,216.4920502752145,0.4118501580573283,0.07010672500908564,4.4535714285714265,13666456.1,0.5148540655792935,257756458.0,-0.0011199713287339819,0.02673005337028873,0.00022429571146504162,0.01975760347587463,-0.016843776180607617,0.0002242957114659827,62.51504211416878,69.18483365201642,1,1,0.0033636812127191273,JPM,US,Finance
2024-11-15,223.21,231.89,225.78,228.5,14479734,225.80599999999998,223.469,224.48300000000003,219.83360000000002,224.60674183345796,223.54221790014088,50.36599763872491,66.45047169811323,1.0645239333170764,0.990258473188624,0.07426546012845237,224.48300000000003,4.026429919262917,232.53585983852588,216.43014016147418,0.7494144986873323,0.07174583232128913,4.971428571428567,14058269.3,1.0299797692750294,272236192.0,0.024801542808449595,0.026739606126797575,0.023699655033270428,0.03830599354750763,0.011196176483603937,0.0036897127295090204,82.44432935875487,68.31227451840827,0,0,-0.025382932166302052,JPM,US,Finance
2024-11-18,229.18,227.83,226.6,227.15,8840934,225.902,224.737,224.475,220.0902,224.9980123206811,223.80946923564153,51.422372227579565,48.12085482682391,1.1885430850395835,1.0299153955588192,0.15862768948076433,224.475,4.020672240205191,232.51634448041037,216.43365551958962,0.6663279073449898,0.07164579111593318,4.893571428571424,13732561.55,0.6437934630051985,263395258.0,-0.0059080962800874826,0.0054149240589680975,-0.008857666463003505,0.05912248799365871,-0.0007038845629316892,0.002117615917412996,75.45313308775495,73.47083485355954,0,0,-0.019810697776799446,JPM,US,Finance
2024-11-19,226.84,226.84,225.92,226.33,7682788,225.63400000000001,225.33,224.47599999999997,220.34400000000002,225.20293350214263,223.99618053363432,53.12577833125781,48.731343283582184,1.2067529685083116,1.06528291014872,0.1414700583595916,224.47599999999997,4.021155110294972,232.5183102205899,216.43368977941003,0.6152653869679239,0.07165407634271917,4.755714285714283,13401941.25,0.5732592975469656,255712470.0,-0.0036099493726612364,0.004064861043591,-0.002248280726493311,0.026905626134301253,8.837435376252145e-05,-0.005885711775815761,71.20662868611058,76.36803037754014,1,0,0.005301992665576849,JPM,US,Finance
2024-11-20,227.14,231.43,225.98,228.4,9609626,226.67,226.14899999999997,224.45749999999998,220.675,225.69478988648495,224.32239798208852,63.15789473684212,52.52246026261237,1.3723919043964372,1.1267047089982665,0.24568719539817074,224.45749999999998,4.001161508993528,232.45982301798705,216.45517698201292,0.7463347199551937,0.07130368125771173,4.642857142857141,13055821.75,0.7360413957825829,265322096.0,0.00914593734811997,0.02386164623457161,0.0055472395878950085,0.03719177149084962,-0.001617344931590714,0.02320580593136823,81.92646296831046,76.195408247392,0,0,-0.0013134851138354442,JPM,US,Finance
2024-11-21,227.42,225.75,222.09,223.72,16617165,226.82000000000002,226.22899999999998,224.19850000000002,221.0738,225.3909760577654,224.27777482020528,54.527412552716456,51.70068027210884,1.1132012375601334,1.1240040147106398,-0.01080277715050637,224.19850000000002,3.8637523008215715,231.92600460164317,216.47099539835688,0.4690391643139677,0.06893448976338985,4.933571428571428,13485315.1,1.2322414155349315,248704931.0,-0.020490367775831908,0.01635973538344197,-0.01626945739153865,0.0035887313834559453,-0.022629969418960227,0.0033636812127191273,57.69031589551061,70.27446918331054,1,1,0.04541391024494912,JPM,US,Finance
2024-11-22,222.55,224.65,221.14,222.7,16971775,225.66,225.733,223.98449999999997,221.44459999999998,224.97697974115206,224.16089996999312,61.51693254967813,49.12734324499027,0.8160797711589396,1.0624191660002975,-0.24633939484135792,223.98449999999997,3.8198642508256193,231.6242285016512,216.34477149834873,0.41593287640141374,0.06821658196542285,4.649285714285717,13843809.2,1.225946813399681,231733156.0,-0.00455927051671734,0.015761113605676957,0.000674005841380828,-0.021786875164719333,-0.018856286897524055,-0.025382932166302052,32.07686622083677,57.23121502821929,1,1,0.047283340817242836,JPM,US,Finance
2024-11-25,223.77,225.93,220.03,222.65,10320707,224.76,225.331,223.70750000000004,221.78859999999997,224.61898285787296,224.04897911170613,53.76884422110554,20.720720720720692,0.570003746166833,0.963936082033602,-0.393932335866769,223.70750000000004,3.6977658617629894,231.10303172352602,216.31196827647406,0.4285041265481617,0.06611787019651033,4.465000000000003,13837052.65,0.7458746103799344,221412449.0,-0.00022451728783112745,0.026498989445198774,-0.005005139205411804,-0.017735033308333592,-0.024278013935755238,-0.019810697776799446,26.956521736999505,38.90790128444897,1,1,0.05843251740399724,JPM,US,Finance
2024-11-26,221.92,228.72,226.57,227.53,17034151,225.0,225.317,223.7855,222.2094,225.06683164899582,224.30683750694627,60.59640995946729,51.40532544378697,0.7599941420495497,0.9231476940367906,-0.1631535519872409,223.7855,3.7638648599822573,231.31322971996454,216.2577702800355,0.7487137648765716,0.06727629555919296,4.74214285714286,13936524.5,1.2222666976787004,238446600.0,0.021917808219177992,0.00944930338852264,0.02527937995662732,-0.000614925110906106,0.006903571270522546,0.005301992665576849,63.60601001138523,40.87979932307384,1,1,0.035028347910165625,JPM,US,Finance
2024-11-27,227.57,230.44,226.23,228.1,10001683,224.93999999999997,225.805,223.99950000000004,222.6938,225.53347293378894,224.58781754726337,57.99382716049385,56.66917859834207,0.9456553865255728,0.9276492325345471,0.018006153991025675,223.99950000000004,3.8856327466841205,231.7707654933683,216.2282345066318,0.763824469948644,0.06938645392809853,4.560000000000004,13904103.75,0.7193331163590377,248448283.0,0.0025051641541773417,0.0184568171853641,0.002328953728512863,0.021861840336887317,0.019122509159145817,-0.0013134851138354442,68.04384485092382,52.86879219976952,1,1,0.047829899167032064,JPM,US,Finance
2024-11-28,227.56,234.91,233.05,233.88,20501968,226.97200000000004,226.89600000000002,224.76099999999997,223.2482,226.81755402095249,225.27613879247062,59.30023923444977,66.1366313309776,1.541415228481867,1.0504024317240126,0.49101279675785436,224.76099999999997,4.25672335067822,233.2744467013564,216.24755329864354,1.0355645203905226,0.07575555101924758,4.597857142857147,13949318.0,1.4697468743814661,268950251.0,0.025339763261727377,0.007952796305763779,0.02777289506052127,0.048930349374355364,0.06965469929110446,0.04541391024494912,93.07795698299206,74.90927061510037,1,1,0.01641867624422777,JPM,US,Finance
2024-11-29,234.41,233.77,232.79,233.23,22478154,229.07799999999997,227.369,225.419,223.6644,227.80408417161038,225.86532275885875,59.9093655589124,86.71814671814671,1.9387614127516315,1.228074227929538,0.7106871848220935,225.419,4.503410286718827,234.42582057343768,216.41217942656235,0.9336158323227878,0.07991181376368194,4.571428571428576,14289089.35,1.5730990181610827,246472097.0,-0.002779203010090714,0.0042018608240612975,-0.0050339149353482065,0.02070021881838069,0.05979915481437725,0.047283340817242836,88.70967741339312,83.277159749103,1,1,0.0018007974960341233,JPM,US,Finance
2024-12-02,231.72,238.33,233.52,235.66,12491021,231.68,228.21999999999997,226.4785,224.0466,229.01268660678377,226.59086473915013,61.56964958007532,95.12534818941512,2.421821867633639,1.4668237558703603,0.9549981117632789,226.4785,4.278957417285885,235.03641483457176,217.92058516542824,1.0364332420014677,0.07557375057265016,4.851428571428577,14645960.35,0.8528645338805295,258963118.0,0.010418899798482206,0.02041076126614441,0.0170032798203996,0.03746423068456961,0.09880169720706866,0.05843251740399724,85.40983606090649,89.06582348576391,0,1,-0.0034371552236273084,JPM,US,Finance
2024-12-03,234.48,237.16,234.18,235.5,17753932,233.27399999999997,229.137,227.2335,224.49200000000002,230.01073482115024,227.25080938680165,70.30423280423283,94.40221147201105,2.759925434348588,1.7254440915660076,1.0344813427825805,227.2335,4.4775395910558,236.1885791821116,218.2784208178884,0.9615537077299866,0.07881830084096046,4.674285714285721,15101795.15,1.1756172460320224,241209186.0,-0.0006789442417041158,0.012653927813109707,0.004350051177054164,0.04051606061944946,0.06851179673321228,0.035028347910165625,84.53551912106359,86.2183441984544,0,0,-0.011634819532908791,JPM,US,Finance
2024-12-04,234.04,241.19,237.27,239.01,9704862,235.456,230.198,228.17350000000002,225.02599999999998,231.39523715638782,228.1218711788103,73.9402985074627,93.81679389312976,3.2733659775775266,2.035028468768313,1.2383375088092134,228.17350000000002,4.880699124855658,237.93489824971132,218.4121017502887,1.0550690445021744,0.0855611913712024,4.655000000000006,15090431.25,0.6431135860935991,250914048.0,0.014904458598726134,0.016400987406315997,0.02123568620739516,0.04645359019264439,0.08537305299486841,0.047829899167032064,89.69754252884225,86.54763257027078,0,0,-0.033387724362997306,JPM,US,Finance
2024-12-05,240.3,240.93,235.16,237.72,18442980,236.224,231.598,228.91350000000003,225.56920000000002,232.36827759388441,228.83285172197074,65.75529733424472,84.80463096960929,3.5354258719136737,2.3351079493973868,1.200317922516287,228.91350000000003,5.156435197630889,239.2263703952618,218.60062960473826,0.9269664827320596,0.09010277152912971,4.430000000000007,15188828.65,1.214246286579427,232471068.0,-0.005397263712815348,0.024272253070737583,-0.01073657927586049,0.06257822277847302,0.0663915305939351,0.01641867624422777,83.60113421155005,85.94473195381863,0,0,-0.018887767120982724,JPM,US,Finance
2024-12-06,237.58,233.9,233.46,233.65,14539794,236.308,232.69299999999998,229.21300000000002,225.98,232.5654656563668,229.18968125560662,60.16260162601628,49.050371593724236,3.375784400760182,2.5432432396699465,0.8325411610902353,229.21300000000002,5.2528529591570114,239.71870591831404,218.707294081686,0.7111709595617955,0.09166762721371115,4.598571428571434,13729301.25,1.0590337174636826,217931274.0,-0.01712098266868578,0.0018831585705033794,-0.01654179644744282,0.049169286035024795,0.026311165773521994,0.0018007974960341233,64.36672967559707,79.22180213866312,0,0,-0.01827519794564525,JPM,US,Finance
2024-12-09,234.78,236.65,233.4,234.85,6777964,236.14600000000002,233.91299999999995,229.622,226.40920000000003,232.9169324784688,229.6089681895084,63.164400494437565,56.39810426540288,3.3079642889603917,2.696187449528036,0.611776839432356,229.622,5.361755996725257,240.34551199345051,218.8984880065495,0.7437634238880543,0.09340143360308507,4.742857142857147,13189252.45,0.5139005043534136,224709238.0,0.005135887010485618,0.013838620395938521,0.00029815146094085967,0.0547945205479452,0.036087704592579595,-0.0034371552236273084,70.0378071800549,72.66855702240069,0,0,-0.04109005748350014,JPM,US,Finance
2024-12-10,234.2,233.57,232.11,232.76,15506201,235.598,234.436,229.8765,226.792,232.89278902024256,229.84238004801605,56.732550957381086,38.230519480519426,3.0504089722265064,2.7670317540677303,0.28337721815877615,229.8765,5.384976445239816,240.64645289047962,219.10654710952036,0.6338678092972474,0.09370207820662642,4.549285714285716,13498723.1,1.1487160479115208,209203037.0,-0.00889929742388762,0.00627255542186676,-0.006148590947881508,0.02298597987078632,0.02235692010365886,-0.011634819532908791,60.1606805264574,64.85507246070313,0,0,-0.039912356074926936,JPM,US,Finance
2024-12-11,232.14,231.78,230.43,231.03,8552437,234.002,234.72899999999998,230.267,227.0528,232.6062060940487,229.93035262734335,62.41930003397896,33.9092872570194,2.675853466705348,2.748796096595254,-0.07294262988990585,230.267,5.155136528897859,240.5772730577957,219.95672694220428,0.5370019297833286,0.08955059177173401,4.265000000000001,13267205.35,0.644629831961572,200650600.0,-0.0074325485478604625,0.005843396961408263,-0.0047815973119462556,0.012845243314335786,0.03498790430964971,-0.033387724362997306,51.98487712419732,60.727788276903205,0,0,-0.01575552958490245,JPM,US,Finance
2024-12-12,232.13,233.87,232.72,233.23,11472624,233.10399999999998,234.664,230.77999999999997,227.29760000000002,232.70217438727275,230.1747728318702,67.20026135249923,27.027027027026932,2.527401555402548,2.704517188356713,-0.17711563295416477,230.77999999999997,4.894696377874423,240.56939275574882,220.99060724425112,0.6251354430506485,0.08483744480203165,4.217142857142856,13489025.0,0.8505153744977584,212123224.0,0.009522572826039966,0.004930755048643292,0.004738723990846749,-0.002779203010090714,0.04601515898999864,-0.018887767120982724,62.38185254903673,58.175803399897156,0,0,-0.03648758736011659,JPM,US,Finance
2024-12-13,232.1,232.11,227.2,229.38,8613187,232.25,234.279,230.82399999999998,227.4652,232.19107063538118,230.1159003508255,59.77913397268237,22.45706737120203,2.075170284555668,2.578647807596504,-0.5034775230408362,230.82399999999998,4.877045481803199,240.57809096360637,221.0699090363936,0.42597977577748175,0.08451539669673977,4.2264285714285705,13195697.65,0.6527268641437185,203510037.0,-0.01650731038031128,0.021405527944801727,-0.011719086600552693,-0.01650731038031128,0.003851203501094025,-0.01827519794564525,21.05614973121285,45.1409598014823,1,0,0.012555584619408755,JPM,US,Finance
2024-12-16,230.46,228.56,222.52,225.2,7271530,230.32,233.233,230.7265,227.4592,231.1155213068549,229.7517571820033,46.54405221002668,22.295081967213008,1.363764124851599,2.3356710710475226,-0.9719069461959235,230.7265,4.97291006088812,240.67232012177624,220.78067987822374,0.2221697189092549,0.08621307150876163,4.282857142857141,13117227.45,0.5543495737470365,196238507.0,-0.018223036010114213,0.026820603907518527,-0.0228239173825271,-0.04438597980140879,-0.00858463570327983,-0.04109005748350014,14.354579538599006,32.597527272949534,1,0,0.03126110124333925,JPM,US,Finance
2024-12-17,225.71,223.55,223.41,223.47,22535417,228.462,232.03000000000003,230.58350000000002,227.4816,229.9392872596408,229.28643899305672,43.36105534843705,13.941698352344702,0.6528482665840727,1.9991065101548322,-1.3462582435707595,230.58350000000002,5.144160997521282,240.87182199504258,220.29517800495745,0.1542925073893511,0.08923727842623559,4.109999999999998,13859858.9,1.6259483979343832,173703090.0,-0.00768206039076369,0.0006264823018722348,-0.009924239067786474,-0.051082802547770756,-0.01263641585295816,-0.039912356074926936,5.088377075249627,13.499702115020499,1,1,0.022150624244865025,JPM,US,Finance
2024-12-18,224.83,228.66,226.36,227.39,3115924,227.734,230.868,230.533,227.50779999999997,229.54708921969447,229.14596123613725,40.169645561950894,34.75298126064732,0.4011279835572168,1.6795108048353091,-1.2783828212780923,230.533,5.171608830406159,240.8762176608123,220.18978233918767,0.3480646882132215,0.08973307648594733,3.9942857142857116,13535173.8,0.23020936530498298,176819014.0,0.017541504452499135,0.010114780773076513,0.011386380821014043,-0.048617212668926046,-0.004422066549912507,-0.01575552958490245,26.084627743648277,15.175861452498973,0,1,-0.00826773384933377,JPM,US,Finance
2024-12-19,226.91,225.01,224.48,224.72,2829738,226.03199999999998,229.56799999999998,230.583,227.5454,228.80446010896966,228.81811053887063,37.853268626891214,32.991913746630686,-0.01365042990096299,1.3408785578880547,-1.3545289877890176,230.583,5.106699521217016,240.79639904243402,220.36960095756598,0.21297508420782676,0.0885876152395426,4.124285714285711,12845802.45,0.22028501455858723,173989276.0,-0.011741941158362246,0.002358490566027246,-0.009651403640167231,-0.05468618542823489,0.0044698730556052,-0.03648758736011659,11.783610068999218,14.318871629299046,1,1,0.0014239943040228464,JPM,US,Finance
2024-12-20,224.84,233.23,231.49,232.26,6915889,226.608,229.429,231.061,227.61839999999995,229.33608163066816,229.0730665499674,45.764823119083196,47.96986186688991,0.26301508070076807,1.1253058624505974,-0.8622907817498293,231.061,4.766054199395657,240.59310839879132,221.5288916012087,0.5628926964148419,0.08250728940626116,4.3678571428571376,12343008.15,0.5603081806027828,180905165.0,0.03355286578853689,0.007491604236599023,0.03300124532986562,-0.005949069120479433,0.042927705433318364,0.012555584619408755,52.1692554872967,30.012497766648067,0,0,-0.03056918970119693,JPM,US,Finance
2024-12-23,232.4,234.28,230.61,232.24,10699253,228.016,229.16799999999998,231.54049999999998,227.65420000000003,229.78283830287418,229.30765526612157,45.925,57.128614157527466,0.4751830367526111,0.9952812973110001,-0.520098260558389,231.54049999999998,4.338547507367204,240.2175950147344,222.86340498526556,0.5403072686349472,0.0749509914222086,4.417142857142851,12361935.45,0.8654997575238303,170205912.0,-8.611039352446337e-05,0.015802617981330456,-0.0006884681583446994,-0.011113476687247159,0.043072086233999496,0.03126110124333925,52.062131759396806,38.67166577189758,0,0,-0.03311229762314849,JPM,US,Finance
2024-12-24,233.43,231.19,226.2,228.42,9473610,229.006,228.73399999999998,231.58499999999998,227.63260000000002,229.57317087166237,229.24190275085638,36.86430166211856,58.17258883248732,0.3312681208059871,0.8624786620099975,-0.5312105412040103,231.58499999999998,4.299637071587134,240.18427414317424,222.98572585682572,0.3159728398222884,0.07426451750447675,4.442142857142853,11983908.4,0.7905275051562055,160732302.0,-0.016448501550120675,0.02184572279125367,-0.021462536948886418,-0.018645815432204893,0.003911572100382399,0.022150624244865025,32.047800106895714,45.426395784529745,0,0,-0.04172139042115397,JPM,US,Finance
2024-12-25,227.96,228.79,222.88,225.51,7082420,228.63000000000002,228.18200000000002,231.45549999999997,227.56219999999996,228.9480676606363,228.96546444603214,35.440019079418036,54.88505747126436,-0.017396785395845882,0.6865035725288288,-0.7039003579246746,231.45549999999997,4.446617253598289,240.34873450719655,222.5622654928034,0.16572904406408634,0.07684617135611951,4.452142857142852,11837945.25,0.5982811418830357,153649882.0,-0.012739690044654584,0.026207263535868875,-0.010747499561279477,-0.02389300090897295,-0.011354669004822515,-0.00826773384933377,21.16065109545913,35.09019432058388,0,0,-0.008336659128198254,JPM,US,Finance
2024-12-26,224.69,226.62,223.77,225.04,13683956,228.69400000000002,227.363,231.01349999999996,227.52720000000002,228.34682648207595,228.67468826557877,38.76858857291935,43.25874928284568,-0.3278617835028115,0.4836305013225007,-0.8114922848253121,231.01349999999996,4.628566078967271,240.2706321579345,221.75636784206543,0.17735688017280365,0.08014364665177114,4.351428571428566,11497044.65,1.1902149836205964,139965926.0,-0.0020841647820495357,0.012664415215016576,0.0015577017223660893,-0.035115551172662185,-0.03779716093723273,0.0014239943040228464,17.834394903196312,23.680948701850394,0,0,-0.009198364735158115,JPM,US,Finance
2024-12-27,224.37,225.85,224.6,225.16,11200276,227.27399999999997,226.94099999999997,230.60999999999999,227.511,227.8565454848329,228.4143401275176,36.99328859060401,51.47849462365591,-0.5577946426846836,0.2753454725210638,-0.8331401152057474,230.60999999999999,4.7746215060791855,240.15924301215836,221.06075698784161,0.21463706634779695,0.08281725000751887,4.208571428571424,10933150.75,1.0244325018172367,151166202.0,0.0005332385353715718,0.0055516077455784706,0.003520969826609935,-0.018397419129828174,-0.03460103760236677,-0.03056918970119693,22.44897958992771,20.481341862861054,0,0,-0.015455675963759075,JPM,US,Finance
2024-12-30,224.35,226.72,222.81,224.55,9405661,225.73599999999996,226.87599999999998,230.05450000000002,227.45579999999998,227.34784617947344,228.1280918360367,38.523902711769644,1.509433962264211,-0.7802456565632667,0.06422724670419762,-0.8444729032674644,230.05450000000002,4.802371645452979,239.65924329090598,220.44975670909406,0.2134488745042633,0.08349972107360829,4.292142857142854,10778882.75,0.8726006531056614,141760541.0,-0.0027091845798542513,0.01741260298366771,0.0008914642299938739,-0.002886323268205926,-0.047144190783331874,-0.03311229762314849,17.261904760436934,19.18175975118699,1,0,0.015453128479180567,JPM,US,Finance
2024-12-31,224.82,219.51,218.4,218.89,38977195,223.83,226.41800000000003,229.224,227.30740000000003,226.04663907493787,227.4437868010667,34.710327455919355,0.883002207505541,-1.3971477261288214,-0.22804774786240628,-1.169099978266415,229.224,5.228417693618748,239.6808353872375,218.76716461276249,0.005873449408104257,0.09123682849258269,4.564999999999998,11840045.9,3.2919797809246854,102783346.0,-0.025205967490536718,0.005071040248503423,-0.026376656880943112,-0.02049492101848127,-0.0705307855626327,-0.04172139042115397,3.085642317185922,14.265508889183527,1,1,0.05103019781625484,JPM,US,Finance
2025-01-01,220.2,226.77,221.12,223.63,11929729,223.454,226.042,228.45499999999998,227.2046,225.67484844802408,227.16128333501936,38.63636363636364,33.4941419710545,-1.4864348869952835,-0.4797251756889818,-1.0067097113063017,228.45499999999998,4.8291358058743015,238.1132716117486,218.79672838825138,0.25021410692256096,0.08455294575917645,4.924999999999999,11951289.25,0.9981959060863742,114713075.0,0.021654712412627397,0.02526494656340715,0.01557674841046517,-0.016535467698667428,-0.06434877201790723,-0.008336659128198254,32.93450881404689,17.760685297223255,1,1,0.018781022224209742,JPM,US,Finance
2025-01-02,224.4,224.29,221.92,222.97,6810365,223.04000000000002,225.86700000000002,227.71749999999997,227.086,225.25871791755858,226.85081714974643,41.79257362355954,39.64110929853186,-1.5920992321878487,-0.7021999869887553,-0.8898992451990934,227.71749999999997,4.451240956478309,236.6199819129566,218.81501808704334,0.23336087359392188,0.07818882530255723,4.663571428571428,11369658.5,0.598994631281614,107902710.0,-0.002951303492375823,0.010629232632145021,-0.006372549019579475,-0.0077874688501246014,-0.062047787312805025,-0.009198364735158115,28.778337529673873,21.599496220302232,1,1,0.035789568103332225,JPM,US,Finance
2025-01-03,222.67,222.01,221.42,221.68,10509142,222.344,224.80900000000003,227.119,226.98,224.70814593024159,226.4677927969483,45.13274336283188,37.15596330275237,-1.759646866706703,-0.9136893629323449,-0.845957503774358,227.119,4.416179463363097,235.9513589267262,218.2866410732738,0.19209811074740155,0.07777736716599931,4.284285714285716,11168125.9,0.9409941428942753,97393568.0,-0.005785531685877032,0.0026614940454589586,-0.0044460412269076875,-0.04555239817445955,-0.051230472929595594,-0.015455675963759075,20.654911837490257,27.45591939373701,1,1,0.05566582461205338,JPM,US,Finance
2025-01-06,223.22,231.25,225.43,228.02,10623518,223.038,224.387,226.77749999999997,226.9766,225.21766194097387,226.5827713473848,55.580083394652945,57.4093264248705,-1.3651094064109373,-1.0039733716280634,-0.3611360347828738,226.77749999999997,4.034464518045342,234.84642903609065,218.7085709639093,0.5769928694294864,0.07116163672370583,4.840000000000002,11360403.6,0.9351355320566664,108017086.0,0.028599783471670914,0.025524076835253352,0.02150344951159622,-0.01817085773337923,-0.02908239301681914,0.015453128479180567,60.579345084346436,36.67086481717019,1,1,0.026620471888430863,JPM,US,Finance
2025-01-07,230.02,231.05,229.26,230.06,16626481,225.27200000000002,224.551,226.6425,227.05839999999998,225.96263702697817,226.84034433612138,53.43275906402677,63.28991799324647,-0.8777073091432044,-0.9787201591310917,0.10101284998788729,226.6425,3.865373781884831,234.37324756376967,218.91175243623036,0.7210329577501119,0.06821975193298295,4.685714285714288,11416417.6,1.4563657467850732,124643567.0,0.008946583633014704,0.007780578979362948,0.00017389792191904244,0.007179756588740149,-0.011599931259666518,0.05103019781625484,73.42569269059031,51.553316537475666,1,1,0.01777797096409639,JPM,US,Finance
2025-01-08,228.94,228.99,226.9,227.83,16619649,226.112,224.783,226.4825,227.13859999999997,226.24992363821238,226.9136522937722,54.044213263979216,75.83815028901745,-0.6637286555598223,-0.915721858416838,0.25199320285701565,226.4825,3.738344518211309,233.9591890364226,219.00581096357737,0.5901134173726886,0.06602443046495514,4.70357142857143,11819778.2,1.4060879411351441,108023918.0,-0.009693123532991343,0.009173506561869946,-0.004848431903534275,0.010287792115649008,-0.013851015019694324,0.018781022224209742,59.38287153278451,64.46263643590709,1,1,0.039590923056664895,JPM,US,Finance
2025-01-09,227.86,233.09,229.24,230.95,6384572,227.708,225.37399999999997,226.36849999999998,227.38459999999998,226.97301230925683,227.2126415063187,48.0752277402292,73.34183673469393,-0.23962919706187336,-0.7805033261458451,0.5408741290839717,226.36849999999998,3.5518642621643846,233.47222852432876,219.2647714756712,0.822471500951005,0.06276251796780376,4.471428571428573,11565375.6,0.5520418591470684,114408490.0,0.01369442127902376,0.016670274951215952,0.013560958483219582,0.02626199786704575,-0.009775757835612908,0.035789568103332225,79.03022669527508,70.61293030621664,1,1,0.016237280796709275,JPM,US,Finance
2025-01-10,230.96,236.49,232.04,234.02,7058485,230.17600000000002,226.26,226.6005,227.6636,228.0571642616791,227.71689105437582,52.40021574973031,80.54173576561644,0.3402732073032837,-0.5563480194560193,0.896621226759303,226.6005,3.893982503407091,234.3884650068142,218.81253499318584,0.9763439481643711,0.06873740355188808,4.605000000000004,11487640.5,0.6144416153655213,121466975.0,0.01329292054557274,0.019015468763272377,0.013249047454047251,0.03934979570083508,0.020228441886825488,0.05566582461205338,86.34604753530427,74.91971525445462,1,1,0.022305785830270874,JPM,US,Finance
2025-01-13,234.54,234.42,233.83,234.09,7766221,231.39000000000001,227.214,227.04500000000002,228.056,228.98529283680557,228.18897386662616,58.50585058505853,86.78126852400716,0.7963189701794136,-0.28581462152893267,1.082133591708346,227.04500000000002,4.2194942326001375,235.4839884652003,218.60601153479973,0.9174078462207841,0.07433758475335826,4.215714285714286,11512375.05,0.6745975779691457,129233196.0,0.00029911973335616793,0.0025203981374576213,-0.0019186492709050483,0.04248496993987971,0.03947602131438721,0.026620471888430863,86.73300165358023,84.03642529471985,1,1,0.030757400999615436,JPM,US,Finance
2025-01-14,235.47,234.2,234.11,234.15,16893456,232.208,228.74,227.579,228.331,229.77986316960485,228.6305319366251,64.17322834645671,78.94239848914074,1.1493312329797618,0.0012145493728063176,1.1481166836069554,227.579,4.414544024853178,236.40808804970635,218.74991195029367,0.8721222374346141,0.0775914126493881,3.801428571428571,11230277.0,1.5042776323079448,146126652.0,0.00025631167499673424,0.0003843689942327167,-0.005605809657257346,0.06971538215542061,0.0477916498858908,0.01777797096409639,87.06467661210255,86.71457526699568,1,1,0.023147554986119978,JPM,US,Finance
2025-01-15,235.87,236.97,236.76,236.85,4506078,234.012,230.06199999999998,228.05200000000005,228.6638,230.86757652812733,229.23938216156506,68.05258330785693,80.17777777777782,1.6281943665622691,0.32661051281069897,1.3015838537515703,228.05200000000005,4.8759178353250165,237.80383567065007,218.30016432935003,0.9510945577932614,0.08552291293746392,3.799285714285714,11299784.7,0.39877552722083925,150632730.0,0.01153106982703389,0.0008866371120925537,0.0041548310509850125,0.059115503286678805,0.041602533092924165,0.039590923056664895,99.35379644053019,91.05049156873766,1,1,0.025079164027865808,JPM,US,Finance
2025-01-16,235.38,236.53,233.24,234.7,5077469,234.762,231.23499999999999,228.55100000000002,228.89939999999999,231.45718013918474,229.64387282626313,63.73056994818653,80.7520143240823,1.8133073129216086,0.6239498728328811,1.1893574400887275,228.55100000000002,5.025359793351125,238.60171958670227,218.50028041329776,0.8058984954335804,0.08795165706260993,3.9678571428571416,11412171.25,0.44491696136114667,145555261.0,-0.009077475195271245,0.014017895185283232,-0.0028889455348675244,0.052607974166928306,0.044410822356710566,0.016237280796709275,87.77598276317839,91.3981519386037,1,1,0.04461014060502766,JPM,US,Finance
2025-01-17,232.44,240.58,238.17,239.24,15161576,235.80599999999998,232.99099999999999,228.9,229.13099999999997,232.65453704084877,230.35469780080757,68.99405223687612,82.922954725973,2.2998392400411944,0.9591277462745438,1.3407114937666507,228.9,5.5150158657975314,239.93003173159508,217.86996826840493,0.9687203196983004,0.09637423968149311,4.108571428571429,11824455.6,1.2822217978287476,160716837.0,0.01934384320409044,0.010073566293219994,0.02925486146950076,0.07921328040418629,0.03005252734005004,0.022305785830270874,93.95852118602531,93.6961001299113,1,1,0.039416485537535406,JPM,US,Finance
2025-01-20,240.59,243.4,239.6,241.29,11351246,237.246,234.31799999999998,229.35250000000002,229.42340000000002,233.98306980379522,231.1647209661608,81.94523673702228,81.41745894554877,2.8183488376344314,1.3309719645465217,1.4873768730879098,229.35250000000002,6.13940668743183,241.63131337486368,217.07368662513636,0.9861015325573519,0.10707372603141559,3.9664285714285716,11857055.25,0.9573409926262263,172068083.0,0.008568801203812093,0.01574868415592964,0.002909514111131299,0.05819664941671765,0.03896830864622802,0.030757400999615436,90.52962297618801,90.75470897513055,0,1,-0.010609639852459662,JPM,US,Finance
2025-01-21,240.11,239.84,239.35,239.57,13156653,238.32999999999998,235.269,229.91,229.6614,234.8425975262883,231.78733478321558,74.87515605493137,70.72617246596063,3.055262743072717,1.675830120251761,1.3794326228209561,229.91,6.543239178523649,242.9964783570473,216.8235216429527,0.8690832527885103,0.11384001006472427,3.5421428571428555,12041207.4,1.0926356029183915,158911430.0,-0.007128351775871344,0.0020453312184245264,-0.002248969222430434,0.0413370425106494,0.048813589002714375,0.023147554986119978,82.57506824010117,89.0210708007715,1,1,0.011729348415911778,JPM,US,Finance
2025-01-22,239.56,243.68,242.08,242.79,9455969,239.51799999999997,236.76500000000001,230.77399999999997,230.05280000000002,236.06527482993633,232.6023476945361,78.64161849710985,76.37362637362634,3.4629271354002356,2.033249523281456,1.4296776121187795,230.77399999999997,7.052696684695446,244.87939336939087,216.66860663060908,0.9259363664805387,0.12224421615372422,3.6664285714285705,12159884.85,0.777636329538406,168367399.0,0.013440748006845693,0.0065900572510952035,0.013483052262424891,0.06566299433788347,0.07662631368897177,0.025079164027865808,96.00179694088035,89.7021627190565,1,0,0.01734008814201582,JPM,US,Finance
2025-01-23,242.28,246.69,243.96,245.17,7822582,241.612,238.18699999999998,231.7805,230.4968,237.46600177917696,233.53328561417362,82.90837769683384,75.90286425902862,3.9327161650033418,2.4131428516258335,1.5195733133775082,231.7805,7.606006265826221,246.99251253165244,216.56848746834754,0.9400962716537228,0.13126222897600806,3.8342857142857127,11866816.15,0.6591979889064019,176189981.0,0.009802710161044503,0.011135130725573499,0.011928347366633887,0.06157176878112147,0.08945076430856735,0.04461014060502766,92.85042332583014,90.4757628356039,1,0,0.009177305543092595,JPM,US,Finance
2025-01-24,245.94,251.95,246.04,248.67,5118371,243.498,239.652,232.956,230.9002,239.18969381314983,234.65452451065678,81.43074581430746,90.12062033314189,4.5351693024930455,2.8375481417992763,1.6976211606937692,232.956,8.31284193598253,249.58168387196505,216.33031612803492,0.9725820639933204,0.14273668737352718,3.634999999999999,11562720.9,0.44266142905330963,181308352.0,0.014275808622588482,0.02376643744712362,0.011100268358090956,0.06260148705238855,0.10441463847930366,0.039416485537535406,86.90618762128118,91.91946929599722,1,0,0.02875296577793862,JPM,US,Finance
2025-01-27,249.23,240.58,237.26,238.73,9085560,242.98599999999996,240.11599999999999,233.66500000000002,231.1318,239.11897168804984,234.9564117818434,60.63803680981594,48.88206926786493,4.16255990620644,3.102550494680709,1.0600094115257304,233.66500000000002,8.16148883476527,249.98797766953055,217.3420223304695,0.655149388239361,0.13971264562053087,4.233571428571428,11546715.85,0.7868522384352051,172222792.0,-0.03997265452205734,0.013906924140183952,-0.042129759659583,0.019821436199752185,0.06314851926074372,-0.010609639852459662,47.22554890031033,75.66071994914054,1,1,0.051564528965777345,JPM,US,Finance
2025-01-28,237.06,243.52,241.46,242.38,5866723,243.548,240.939,234.83949999999996,231.4528,239.6206683514268,235.50630753919174,67.2516006639791,52.232691519868915,4.114360812235049,3.3049125581915773,0.8094482540434713,234.83949999999996,7.5937983526724455,250.02709670534486,219.65190329465506,0.7482453328708056,0.12934448170158966,4.3500000000000005,9891192.25,0.593125910263658,178089515.0,0.015289238889121703,0.008499051076786465,0.022441575972232987,0.035148409139440506,0.10731417607017235,0.011729348415911778,57.859973577372955,63.99723669965482,1,1,0.00882911131281472,JPM,US,Finance
2025-01-29,242.71,248.52,245.78,247.0,6382873,244.38999999999996,241.954,236.00799999999998,231.82479999999998,240.755950143515,236.3576926444203,68.37645981222809,63.60307579641158,4.398257499094711,3.5235815463722044,0.874675952722507,236.00799999999998,7.576163172810543,251.16032634562106,220.8556736543789,0.8627165805570812,0.1284051925829368,4.412857142857145,9613849.45,0.663924723314164,184472388.0,0.01906097862859979,0.011093117408862008,0.017675415104372778,0.04285412708465275,0.10450297366185213,0.01734008814201582,75.1381215431875,60.074548006956924,0,1,-0.022510121457489873,JPM,US,Finance
2025-01-30,247.43,250.3,245.11,247.42,15184337,244.84,243.22600000000003,237.23049999999998,232.29879999999997,241.78118858297427,237.17712324533613,66.33349585568014,59.44512443900448,4.604065337638133,3.73967830462539,0.864387033012743,237.23049999999998,7.330257750189182,251.89101550037833,222.56998449962163,0.8475150651724875,0.12359722295671556,4.387857142857143,10032548.05,1.5135073772701864,199656725.0,0.0017004048582995868,0.02097647724508537,-4.041547104222977e-05,0.05419684703877281,0.10965600753464577,0.009177305543092595,75.78834847269968,69.59548119775337,0,0,-0.028938646835340753,JPM,US,Finance
2025-01-31,248.44,258.4,253.76,255.82,23124433,246.26999999999998,244.88399999999996,238.9375,232.9612,243.94100572405517,238.55807774442533,72.01621073961499,67.44186046511629,5.382927979629841,4.068328239626281,1.31459974000356,238.9375,7.491733602339252,253.9209672046785,223.9540327953215,1.063370939726993,0.12541746025312725,5.130000000000002,10663312.6,2.1685972923088372,222781158.0,0.03395036779565119,0.018137753107582866,0.029705361455362626,0.0693027921752214,0.15400577408877658,0.02875296577793862,89.74562797735514,80.2240326644141,0,0,-0.047650691892737074,JPM,US,Finance
2025-02-03,257.62,255.85,247.2,251.04,24739252,248.73199999999997,245.859,240.0885,233.52900000000002,245.03315868958515,239.48266499068149,65.61864250046236,53.725243634077344,5.550493698903665,4.364761331481758,1.185732367421907,240.0885,7.49448237389545,255.0774647477909,225.0995352522091,0.8653187589472686,0.12486199670311965,5.740000000000003,11369099.3,2.1760078939579763,198041906.0,-0.018685012899695153,0.03445666029304314,-0.025541495225426872,0.04040780803182886,0.10095605648627304,0.051564528965777345,70.74721780322946,78.7603980844281,0,0,-0.007409177820267621,JPM,US,Finance
2025-02-04,251.73,247.1,242.46,244.52,3796830,249.16,246.35399999999998,240.81149999999997,233.86880000000002,244.95421119887973,239.85580107144287,56.62463292451202,60.19725255371614,5.098410127436864,4.51149109067278,0.5869190367640842,240.81149999999997,7.1664086836469645,255.1443173672939,226.47868263270604,0.6293709360949894,0.11903764867736309,6.151428571428574,10727616.75,0.353930396149695,194245076.0,-0.02597195666029306,0.01897595288721172,-0.02864179875251793,0.020662019451517466,0.06285316873859004,0.00882911131281472,44.83306836069826,68.44197138042762,1,0,0.008506461639129714,JPM,US,Finance
2025-02-05,244.47,243.68,239.66,241.44,11733077,248.048,246.21899999999997,241.49200000000002,234.13559999999998,244.413563322129,239.97314918511134,55.729343760625646,48.31056793673616,4.440414137017655,4.497275699941755,-0.05686156292410072,241.49200000000002,6.4823847138954465,254.4567694277909,228.52723057220913,0.49799456516416907,0.10737224775758367,6.24071428571429,10483288.15,1.1192171495145682,182511999.0,-0.012596106657942197,0.01665009940350961,-0.012394158792439183,-0.00556036080563449,0.05973752359215201,-0.022510121457489873,19.772942288563293,45.117742817497,1,1,0.050861497680583234,JPM,US,Finance
2025-02-06,238.17,240.59,239.99,240.26,6673266,246.61599999999999,245.72799999999998,241.95749999999998,234.26319999999998,243.774553580263,239.99439740114713,50.919581680490424,36.17719442165708,3.7801561791158633,4.353851795776577,-0.5736956166607134,241.95749999999998,6.001996049560955,253.9614920991219,229.95350790087807,0.4292943553106197,0.09922397197088172,5.924285714285716,10497722.85,0.6356869446513398,175838733.0,-0.004887342611000656,0.0024972945975089366,0.008775244573167185,-0.020026920096259726,0.040311755791296866,-0.028938646835340753,14.191106905667413,26.26570585164299,1,1,0.04836427203862481,JPM,US,Finance
2025-02-07,240.73,245.33,242.26,243.63,8352431,244.17799999999997,245.22400000000002,242.43799999999996,234.47120000000004,243.75231456791485,240.26370138567341,52.06058471292708,43.06622758873035,3.488613182241437,4.180804073069549,-0.6921908908281118,242.43799999999996,5.7107051827430615,253.85941036548607,231.01658963451385,0.5521826972897282,0.09422128845675184,5.989285714285718,10562420.15,0.7907686013826479,184191164.0,0.014026471322733824,0.012601075401171533,0.012046691313870142,-0.020267824828085423,0.04106486625074779,-0.047650691892737074,30.132450329700493,21.3654998413104,1,1,0.05175881459590359,JPM,US,Finance
2025-02-10,243.26,250.17,248.38,249.18,6575654,243.80599999999998,246.269,243.19249999999997,234.7416,244.58734309592796,240.92416815024575,57.92773469724469,36.437908496732064,3.663174945682215,4.077278247592082,-0.41410330190986677,243.19249999999997,5.544133813035184,254.28076762607034,232.1042323739296,0.7699925813998406,0.09118922356589766,6.317857142857146,10502891.8,0.6260802738079931,190766818.0,0.022780445757911716,0.00718356208360546,0.024336101290699994,0.043773300381183766,0.0644623862616942,-0.007409177820267621,56.38599810518526,33.569851780184386,1,1,0.05409743960189428,JPM,US,Finance
2025-02-11,249.89,248.84,244.8,246.6,13277529,244.22200000000004,246.69099999999997,243.815,234.96359999999996,244.89698261963136,241.3446002573225,53.176588294147074,40.03590664272892,3.5523823623088617,3.9722990705354375,-0.4199167082265758,243.815,5.161115240557387,254.13723048111478,233.4927695188852,0.6349030136684333,0.08467264508805816,6.337142857142859,10322095.45,1.2863209585684505,177489289.0,-0.01035396099205399,0.016382806163761594,-0.013165792948844799,0.01741067744863445,0.05317104420243424,0.008506461639129714,44.181646166311225,43.566698200398996,1,1,0.05689375506893746,JPM,US,Finance
2025-02-12,245.98,255.98,251.91,253.72,10352671,246.67799999999997,247.363,244.65849999999995,235.25780000000003,246.25436990891885,242.26129677319923,56.60639777468707,70.10489510489504,3.9930731357196123,3.9764538835722734,0.016619252147338948,244.65849999999995,5.338406301706831,255.3353126034136,233.9816873965863,0.9243541745866413,0.0872793105767428,6.7285714285714295,10614425.1,0.9753396841681342,187841960.0,0.02887266828872681,0.016041305375941794,0.03146597284319271,0.02720647773279361,0.07122651467173324,0.050861497680583234,77.86187322242857,59.47650583130835,1,1,0.014188869620053612,JPM,US,Finance
2025-02-13,253.63,253.3,250.75,251.88,6487666,249.002,247.80899999999997,245.51749999999998,235.541,247.11985146139287,242.9737934802609,52.54559873116575,74.12199630314228,4.146057981131975,4.0103747030842145,0.13568327804776015,245.51749999999998,5.0246433494798035,255.5667866989596,235.46821330104038,0.8165647567723464,0.08186208069826938,6.456428571428573,10684934.95,0.607178744950736,181354294.0,-0.0072520889169163105,0.010123868508773573,-0.006899814690663961,0.018026028615309997,0.07319982956966342,0.04836427203862481,69.15799432028588,63.733837903008556,1,1,0.011314911862791766,JPM,US,Finance
2025-02-14,252.98,257.68,255.1,256.24,15800626,251.52399999999997,247.85100000000003,246.3675,235.9928,248.52295123656322,243.9564756640098,65.23403514877327,82.19178082191777,4.566475572553429,4.121594876978057,0.4448806955753719,246.3675,5.335130714128764,257.0377614282575,235.69723857174247,0.9626175312299543,0.08662069005217173,6.055714285714288,10716887.45,1.4743669371682226,197154920.0,0.017309830077814947,0.010068685607203965,0.01288639418130735,0.0016417793761238642,0.07105835144624639,0.05175881459590359,88.47385271673048,78.49790675314831,0,1,-0.008936934124258555,JPM,US,Finance
2025-02-17,255.2,263.38,262.09,262.66,20964621,254.22000000000003,249.013,247.436,236.54899999999998,250.69788181555353,245.3419221974316,66.83266932270917,84.14065303193395,5.355959618121943,4.368467825206834,0.987491792915109,247.436,6.314725813941665,260.06545162788336,234.80654837211668,1.1027181720735084,0.10208257187985822,6.223571428571428,11197556.2,1.8722495117059996,218119541.0,0.025054636278488918,0.004911292164757135,0.029231974921515694,0.046287444231994934,0.08856562642463439,0.05409743960189428,96.96458684245523,84.86547795982386,0,0,-0.04229802786872772,JPM,US,Finance
2025-02-18,266.09,261.31,260.09,260.63,5688344,257.02599999999995,250.62399999999997,248.48900000000003,237.1064,252.22589999777608,246.47437262172198,61.821335646140476,73.51129363449682,5.751527376054099,4.645079735376288,1.1064476406778114,248.48900000000003,6.679390848367931,261.8477816967359,235.13021830326417,0.9544201812210202,0.10752010508861248,5.968571428571431,10824140.75,0.5255237903734954,212431197.0,-0.007728622553872078,0.004680965353164817,-0.02051937314434763,0.06588418125306728,0.08790750093918276,0.05689375506893746,88.406408090708,91.2816158832979,0,0,-0.0315005947128113,JPM,US,Finance
2025-02-19,261.34,258.66,256.25,257.32,15635818,257.746,252.21200000000005,249.21550000000002,237.6322,253.00960769042592,247.27775256985885,58.17641228939543,71.371610845295,5.731855120567076,4.862434812414445,0.8694203081526304,249.21550000000002,6.815705141725655,262.84691028345134,235.5840897165487,0.7972729831572032,0.10939456240399668,5.910714285714287,11133133.2,1.404439910550975,196795379.0,-0.012699996163143212,0.009365770247126766,-0.015382260656556975,0.06577203445990731,0.05984595741175491,0.014188869620053612,74.45193928859813,86.6076447405871,0,0,-0.03913415202860249,JPM,US,Finance
2025-02-20,256.85,254.91,254.58,254.73,23202908,258.316,253.65900000000002,249.6935,238.06219999999996,253.27428343036038,247.82977098857634,49.00420244838297,52.45742092457418,5.444512441784042,4.978850338288365,0.46566210349567694,249.6935,6.852186954004521,263.39787390800905,235.98912609199095,0.6837552022851926,0.10976956875492684,5.322142857142858,11902149.5,1.9494719042579742,173592471.0,-0.010065288356909674,0.0012954893416507228,-0.008253844656382243,0.060226421376841754,0.038993351551984246,0.011314911862791766,63.53288363981731,75.46374367304115,1,0,0.002394692419424471,JPM,US,Finance
2025-02-21,252.81,262.11,247.43,253.95,19306461,257.858,254.69099999999997,249.95750000000004,238.55360000000002,253.37823982568958,248.2831213545821,52.86812536960378,55.31041559774239,5.095118471107469,5.002103964852186,0.09301450625528318,249.95750000000004,6.912129594149257,263.78175918829857,236.1332408117015,0.6444019511271526,0.11061287769515392,5.7528571428571444,12611554.0,1.5308549183665296,154286010.0,-0.003062065716641138,0.057806654853089987,0.004509315296054258,0.042359315355251725,0.021232959343708613,-0.008936934124258555,60.24451939037751,66.07644743959766,0,0,-0.009765701909824731,JPM,US,Finance
2025-02-24,253.38,254.32,249.34,251.55,6103996,255.63599999999997,254.92800000000003,250.59849999999997,239.08059999999998,253.09697216019887,248.52511239938912,57.541300150182344,36.622932116371956,4.571859760809758,4.916055124043701,-0.3441953632339425,250.59849999999997,6.390926359835505,263.380352719671,237.81664728032897,0.5372207386648441,0.102010608360545,5.495714285714287,12462475.8,0.48978995892694455,148182014.0,-0.00945067926757226,0.01979725700648059,-0.0072223537769072615,0.009511196725258797,0.05370083357768207,-0.04229802786872772,50.12647554594751,57.96795952538077,0,1,-0.009381832637646692,JPM,US,Finance
2025-02-25,250.85,254.88,250.45,252.42,10632019,253.994,255.51000000000005,251.1005,239.65959999999998,252.99282259709136,248.81362262959922,62.36486486486484,7.262103505842873,4.1791999674921385,4.7686840927333884,-0.5894841252412499,251.1005,6.099046064323095,263.2985921286462,238.90240787135383,0.5540863270063011,0.09715705168725353,5.465000000000002,12700740.6,0.837117967977555,158814033.0,0.003458556946928981,0.01755011488781577,0.006258720350782279,0.023600973236009626,0.04142255961713004,-0.0315005947128113,53.14236853128927,54.50445448920476,0,0,-0.011449172014895703,JPM,US,Finance
2025-02-26,251.9,250.76,244.45,247.25,8960668,251.98000000000002,254.863,251.113,240.0568,252.10931142830808,248.6977987171441,57.22256664600125,5.753968253968125,3.411512711163965,4.497249816419504,-1.0857371052555385,251.113,6.090449901279722,263.29389980255945,238.93210019744055,0.341432075505221,0.09701528636518973,5.930714285714288,12829630.35,0.6984353451434129,149853365.0,-0.020481736787893112,0.02552072800798577,-0.01845970623255874,-0.02550055178937416,0.0010121457489877805,-0.03913415202860249,23.62689393827528,42.29857933850402,1,1,0.013387259858442802,JPM,US,Finance
2025-02-27,248.34,257.36,253.73,255.34,7489535,252.102,255.209,251.50900000000001,240.6692,252.6063404393376,249.1898136819188,61.02428921107136,45.02512562814072,3.416526757418808,4.281105204619364,-0.8645784472005564,251.50900000000001,6.0951705645145395,263.6993411290291,239.31865887097092,0.6571326002608747,0.09693761359617846,6.290714285714287,12444890.25,0.6018160263152159,157342900.0,0.032719919110212325,0.014216338998926168,0.028187162760617755,0.013736700015880565,0.032010346778756915,0.002394692419424471,57.52773375290403,44.76566540748953,0,0,-0.005287068222761815,JPM,US,Finance
2025-02-28,255.23,252.82,250.38,251.47,27415207,251.606,254.73200000000003,251.29149999999998,241.0534,252.43151883328565,249.35871638960813,52.22632704647092,42.30406043437205,3.072802443677517,4.039444652430995,-0.9666422087534778,251.29149999999998,6.010261641559225,263.31202328311844,239.27097671688153,0.5074248015368547,0.09566995527561113,6.177857142857145,12659428.95,2.1655956949309556,129927693.0,-0.015156262238583906,0.009702946673520877,-0.014731810523783487,-0.018615360599438024,-0.017004143538425387,-0.009765701909824731,37.083993658896816,39.41287378335871,0,0,-0.012208215691732582,JPM,US,Finance
2025-03-03,252.37,251.43,247.4,249.19,14684506,251.13400000000001,253.38500000000005,251.19899999999998,241.39239999999998,251.93282362816478,249.34621887807052,52.5327596323098,39.50617283950616,2.586604750094267,3.7488766719636493,-1.1622719218693822,251.19899999999998,6.028544294917943,263.2560885898359,239.14191141016408,0.4166880136341431,0.09599631041355979,6.155714285714288,12156691.65,1.2079359430050245,115243187.0,-0.0090666878752933,0.016172398571306347,-0.012600546816132688,-0.05128302748800739,-0.007369343530911343,-0.009381832637646692,25.03961965002436,39.88378235394173,1,1,0.014968497933303793,JPM,US,Finance
2025-03-04,249.69,251.37,248.06,249.53,15178371,250.55599999999998,252.275,251.44950000000003,241.81459999999998,251.56315845460097,249.35983229571633,45.2762119503946,45.101842870999,2.203326158884636,3.439766569347847,-1.2364404104632114,251.44950000000003,5.837470139673276,263.1244402793466,239.77455972065349,0.41779401202533356,0.09286111349833753,5.7221428571428605,12725768.7,1.1927271479696824,130421558.0,0.0013644207231429117,0.013264938083544012,-0.0006407945852831743,-0.04258911100026852,0.020489121544249977,-0.011449172014895703,26.835710510996584,29.653107939972585,1,0,0.017432773614395103,JPM,US,Finance
2025-03-05,251.32,250.86,250.33,250.56,5468207,251.218,251.599,251.9055,242.31560000000002,251.40882638466235,249.44873361444053,48.484152503445124,45.52454282964392,1.96009277022182,3.143831809522642,-1.1837390393008218,251.9055,5.3502950976163115,262.60609019523264,241.20490980476737,0.4371296360346281,0.08495717795117738,5.605000000000004,12412525.2,0.44053941251701045,135889765.0,0.004127760189155616,0.002115261813529238,-0.0030240331051924517,-0.02627079123270637,0.0377733598409542,0.013387259858442802,32.276809295706514,28.050713152242484,1,1,0.03759578544061304,JPM,US,Finance
2025-03-06,250.99,255.33,252.92,253.99,13765664,250.948,251.525,252.592,242.8946,251.8059300177912,249.78512374263585,47.359774700774466,67.69957983193277,2.0208062751553655,2.919226702649187,-0.8984204274938214,252.592,4.606570364849966,261.80514072969993,243.37885927030007,0.5758698928215369,0.07294879275403382,5.531428571428576,12767145.1,1.0782099532800051,149655429.0,0.013689335887611787,0.009488562541795096,0.011952667436902058,-0.0029050367055312165,0.057146424706568055,-0.005287068222761815,50.39619651080853,36.50290543917054,1,0,0.009409819284223797,JPM,US,Finance
2025-03-07,252.41,248.55,248.28,248.4,7971856,250.334,250.96999999999997,252.83050000000003,243.3594,251.28194078428487,249.68252197670319,32.93441838200093,29.02055622732773,1.599418807581685,2.655265123635687,-1.055846316054002,252.83050000000003,4.22590441892536,261.28230883785074,244.37869116214932,0.23789634353794759,0.06685750997460572,5.42928571428572,12748116.35,0.6253359442129705,141683573.0,-0.022008740501594515,0.0010869565217347958,-0.01588685075862329,-0.021854695806260982,0.01957886959734023,-0.012208215691732582,22.366930916060827,35.013312240858625,1,1,0.03007246376811601,JPM,US,Finance
2025-03-10,246.59,254.96,251.28,252.92,6825503,251.08,251.10699999999997,253.0175,243.92680000000001,251.5339498943949,249.9223351792371,41.292071380167144,54.217568353693984,1.611614715157799,2.4465350419401095,-0.8349203267823104,253.0175,4.1376930707057715,261.29288614141154,244.74211385858848,0.4941090361931133,0.06541354761136146,5.714285714285716,12760608.8,0.5348884659101479,148509076.0,0.018196457326892013,0.014550055353413954,0.025670140719308628,0.005446233353209928,0.015009230275302876,0.014968497933303793,47.96149490102136,40.24154077596357,1,1,0.018701565712478274,JPM,US,Finance
2025-03-11,253.94,256.46,251.8,253.88,17763306,251.95,251.253,253.38150000000002,244.6266,251.8948806798726,250.2154955540144,45.896946564885496,64.7763074984247,1.6793851258582038,2.2931050587237283,-0.6137199328655245,253.38150000000002,3.8539061182674335,261.0893122365349,245.67368776346515,0.532337321160001,0.06083958170982852,5.734285714285714,12984897.65,1.3679972773603435,166272382.0,0.0037956666139491446,0.018355128407049053,-0.00023627628573586674,0.0057840107756912396,0.029521492295214946,0.017432773614395103,53.397508490747555,41.24197810260991,1,1,0.061682684732944804,JPM,US,Finance
2025-03-12,255.6,260.18,259.81,259.98,3254804,253.834,252.52599999999998,253.6945,245.3536,253.13874519066147,250.93879222004114,55.778120184899876,74.1562644475266,2.1999529706203305,2.274474641103049,-0.07452167048271852,253.6945,4.127350972794739,261.9492019455895,245.43979805441052,0.8807224076986603,0.0650759235659973,5.988571428571431,12630004.3,0.25770408821602,169527186.0,0.024027099417047504,0.001423186398948309,0.017136150234674834,0.05148634984833178,0.02467286772820443,0.03759578544061304,87.93884484213261,63.09928274463383,1,0,0.043387952919455186,JPM,US,Finance
2025-03-13,258.24,256.59,256.22,256.38,8221607,254.31199999999998,252.63000000000002,253.91950000000003,246.02179999999996,253.63739977671352,251.34184466903034,52.518134715025916,62.02479338842972,2.2955551076831853,2.2786907344190763,0.016864373264108945,253.91950000000003,4.145844431793076,262.2111888635862,245.62781113641387,0.6483714620646914,0.06530958720030171,5.20857142857143,12716701.35,0.6465203614677668,161305579.0,-0.01384721901684749,0.0014431702940888704,-0.007202602230455433,0.00407300070494232,0.017865650309671244,0.009409819284223797,75.84233947388157,72.39289760225391,1,1,0.09150479756611274,JPM,US,Finance
2025-03-14,258.35,258.81,253.51,255.87,4223041,255.80599999999998,253.07,253.90099999999998,246.7056,253.98087673414224,251.67726359849695,54.65918895599654,54.417293233082695,2.3036131356452927,2.2836752146643198,0.019937920980972912,253.90099999999998,4.135757933463781,262.17251586692754,245.62948413307242,0.6190229234313481,0.0651554414271309,5.231428571428574,12137822.1,0.3479240853328963,157082538.0,-0.0019892347296980306,0.020713643647083668,-0.009599380685080003,0.01749711695232037,-0.0014439587886356797,0.03007246376811601,72.60012714096632,78.79377048566016,1,1,0.09395396099581821,JPM,US,Finance
2025-03-17,255.26,257.97,257.41,257.65,11072981,256.75199999999995,253.91600000000003,253.65049999999997,247.2982,254.54535723658188,252.11968853674296,55.53204992595726,76.47395535203198,2.4256686998389227,2.3120739116992404,0.11359478813968238,253.65049999999997,3.706788189822638,261.06407637964526,246.2369236203547,0.7697416061033165,0.05845505039111732,5.065000000000004,11643240.1,0.9510222200929945,168155519.0,0.006956657677726907,0.0021734911701836944,0.009363002428859294,0.03394999799349896,-0.01907408817482692,0.018701565712478274,83.91608391074897,77.45285017519895,1,1,0.11375897535416257,JPM,US,Finance
2025-03-18,257.01,270.52,268.76,269.54,7550059,259.884,255.917,254.09599999999995,248.08780000000002,256.8522253540308,253.41008203144085,70.64271161326171,83.45410628019322,3.442143322589942,2.5380877938773807,0.9040555287125613,254.09599999999995,4.925009644660414,263.94601928932076,244.2459807106791,1.2839578555678655,0.07752990436120256,5.4150000000000045,11736325.85,0.6433068111084517,175705578.0,0.04614787502425788,0.006529643095620172,0.04875296681044036,0.08019075862621738,0.03418639450562111,0.061682684732944804,95.76124567059873,84.09248557410467,1,1,0.0649996289975514,JPM,US,Finance
2025-03-19,268.0,275.54,267.84,271.26,7845613,262.14,257.98699999999997,254.79299999999998,248.95640000000003,259.06880606879525,254.73229822752074,66.71566568668624,83.94531249999996,4.336507841274511,2.897771803356807,1.4387360379177037,254.79299999999998,6.2211490730790056,267.235298146158,242.35070185384197,1.1617346653087155,0.09766593388444103,5.242857142857149,11346815.6,0.6914373675520586,183551191.0,0.006381242116197949,0.02838605028375603,0.01216417910443219,0.08261494252873569,0.05417379138815481,0.043387952919455186,84.79033404105213,88.15588787413328,1,1,0.046818550468185505,JPM,US,Finance
2025-03-20,270.46,283.28,277.09,279.84,4288666,266.832,260.572,256.0485,249.93419999999998,262.2643743659037,256.5921280539051,77.10682209057899,85.3632478632478,5.672246311998549,3.4526667050851554,2.2195796069133937,256.0485,8.370291622285528,272.78908324457103,239.30791675542895,1.2105935214803512,0.13076103351127355,5.747142857142862,10401103.5,0.4123279407489849,187839857.0,0.031630170316301554,0.02211978273291123,0.03468165347912932,0.10177566045907316,0.09857496172417846,0.09150479756611274,90.41248606214012,90.32135525793034,1,1,0.00843339050886227,JPM,US,Finance
2025-03-21,278.41,282.26,278.04,279.91,13974640,271.64,263.72299999999996,257.3465,250.852,264.9790860019185,258.3193778839803,80.64644852354348,97.92260692464362,6.659708117938237,4.094074987655771,2.5656331302824658,257.3465,9.90067848552221,277.1478569710444,237.54514302895558,1.069746306576993,0.1538886829311257,5.757857142857146,10134512.45,1.3789157288059055,201814497.0,0.00025014293882241745,0.015076274516755007,0.0053877375094091885,0.126851851851852,0.10222484741090776,0.09395396099581821,90.431572967336,88.5447976901761,1,1,0.008109749562359214,JPM,US,Finance
2025-03-24,281.09,289.23,285.13,286.96,6093709,277.50200000000007,267.127,259.117,251.90939999999998,268.3607650785465,260.4409055121481,82.93155023755057,100.0,7.919859566398372,4.859231903404292,3.0606276629940803,259.117,11.794538923631169,282.70607784726235,235.5279221527377,1.090167198972154,0.18207279219172262,6.1871428571428595,10133998.1,0.6013133551590705,207908206.0,0.0251866671430101,0.014287705603518733,0.020882991212704552,0.13458801201961101,0.1407672430928244,0.11375897535416257,94.45665445434774,91.76690449460796,0,0,-0.027564817396152685,JPM,US,Finance
2025-03-25,284.76,289.11,285.41,287.06,10930824,281.006,270.445,260.84900000000005,252.96759999999998,271.2375704510778,262.4126903441183,82.64758497316635,100.0,8.824880106959483,5.6523615441153305,3.172518562844153,260.84900000000005,13.21696832026715,287.28293664053433,234.41506335946576,0.9957831358120861,0.20267615854715135,6.356428571428572,10148938.35,1.0770410210402923,218839030.0,0.00034848062447734307,0.012889291437285235,0.008076977103497453,0.13069166535371046,0.13723159813010066,0.0649996289975514,94.70085469854207,93.19636070674194,0,0,-0.021180241064585714,JPM,US,Finance
2025-03-26,285.91,287.67,280.99,283.96,9457493,283.546,272.84299999999996,262.6845,253.9098,273.19486730475813,264.00878739695713,76.9659888429008,84.96605237633355,9.186079907801002,6.359105216852465,2.8269746909485365,262.6845,13.76662840464494,290.2177568092899,235.15124319071015,0.8863600326412374,0.2096298548957784,6.492857142857143,10173779.6,0.9295947467158866,209381537.0,-0.010799136069114534,0.023524440061897745,-0.006820328075244745,0.09223786445111148,0.14847320525783614,0.046818550468185505,87.13064712851931,92.09605209380304,0,0,-0.018594168192703098,JPM,US,Finance
2025-03-27,283.63,282.27,282.13,282.2,8617298,284.018,275.425,264.02750000000003,254.8598,274.5802723347953,265.35628465909053,82.66331658291453,76.47628267182958,9.223987675704791,6.932081708622931,2.29190596708186,264.02750000000003,14.31179339786443,292.6510867957289,235.40391320427116,0.8174392526148084,0.21682276880719198,6.215714285714284,10230167.75,0.8423417257902026,200764239.0,-0.006198056064234403,0.000496102055278137,-0.005041779783503032,0.10070988376628431,0.10519307589880156,0.00843339050886227,81.47562582130493,87.76904254945543,0,0,-0.02349397590361446,JPM,US,Finance
2025-03-28,283.48,284.55,280.29,282.18,11020437,284.472,278.056,265.563,255.7186,275.7494612063653,266.60248582309487,80.96951735817103,59.669421487603415,9.146975383270444,7.375060443552433,1.7719149397180107,265.563,14.539218143026961,294.64143628605393,236.48456371394607,0.7857271937828346,0.21899463619513587,6.051428571428569,9410429.25,1.1710874749855353,189743802.0,-7.087172218278592e-05,0.015096746757335367,-0.004585861436416768,0.10282565365224539,0.1221219230922177,0.008109749562359214,81.1648410344332,83.25703799475248,0,0,-0.019561981713799637,JPM,US,Finance
2025-03-31,282.34,280.52,277.87,279.05,20526619,282.89,280.196,267.056,256.4738,276.25723640538604,267.5245239292089,75.47055251973285,47.16358839050127,8.732712476177142,7.646590850077376,1.0861216260997653,267.056,14.30059159615427,295.65718319230854,238.45481680769143,0.7096766402747245,0.21419614756606448,6.026428571428572,9702534.9,2.1155932028038156,169217183.0,-0.011092210645687106,0.009496506002474397,-0.011652617411589967,0.08305841257519897,0.11982824350896903,-0.027564817396152685,71.50055990841264,78.04700892138358,0,0,-0.011216627844472304,JPM,US,Finance
2025-04-01,277.71,282.01,280.17,280.98,8435460,281.674,281.34000000000003,268.6285,257.302,276.983815419942,268.5212258793316,73.20954907161803,20.21912350597634,8.462589540610395,7.809790588183981,0.652798952426414,268.6285,13.997919873662369,296.6243397473247,240.63266025267524,0.7205952761331217,0.20843536517696762,5.787857142857141,9365389.35,0.9007056497116536,177652643.0,0.006916323239562816,0.006548508790637862,0.011774873068986584,0.042442680121688836,0.12603694946499422,-0.021180241064585714,76.90369540658166,76.52303211647583,0,0,-0.02576695850238453,JPM,US,Finance
2025-04-02,280.9,279.05,278.39,278.68,7587133,280.618,282.082,270.03450000000004,258.0198,277.2447668937971,269.27372767929717,75.37551206190261,15.767973856209196,7.9710392144999105,7.842040313447169,0.12899890105274192,270.03450000000004,13.490578964205799,297.01565792841166,243.05334207158845,0.6602136576621104,0.19983489463984555,5.7042857142857155,9471335.65,0.8010625406288351,170065510.0,-0.008185635988326556,0.0023683077364635304,-0.007903168387298211,0.027353830273538327,0.11222860791826306,-0.018594168192703098,70.46472564192429,72.95632698563954,0,0,-0.01754700732022385,JPM,US,Finance
2025-04-03,278.52,275.99,275.24,275.57,19765192,279.29200000000003,281.65500000000003,271.11350000000004,258.6278,276.98711044859755,269.740118229175,71.16458960034377,15.755102040816382,7.246992219422566,7.723030694642248,-0.47603847521968223,271.11350000000004,12.993621218444817,297.1007424368897,245.1262575631104,0.5857439955439073,0.19170747629161788,5.571428571428571,9771312.05,2.022777481272079,150300318.0,-0.011159753121860239,0.002721631527369737,-0.010591698980286505,-0.015258719268153143,0.08496397495964403,-0.02349397590361446,57.07102451109133,68.14648185319909,0,0,-0.009797873498566534,JPM,US,Finance
2025-04-04,275.19,276.66,276.66,276.66,9349279,278.188,281.33000000000004,272.5265,259.1876,276.93678576419796,270.2527020717885,70.73064340239915,26.07944732297088,6.684083692409445,7.515241294195688,-0.8311576017862432,272.5265,11.882713793795654,296.2919275875913,248.76107241240868,0.5869645619498826,0.17440819580851122,5.4992857142857146,9840183.2,0.9501121940379937,159649597.0,0.003955437819791907,0.0,0.005341763872214417,-0.011610874924082748,0.11376811594202896,-0.019561981713799637,41.2342215969504,56.25665724998868,0,0,-0.015470252295236131,JPM,US,Finance
2025-04-07,279.78,279.39,273.14,275.92,6837558,277.562,280.226,273.6765,259.9314,276.7803571850906,270.6725019241903,59.19308357348702,24.552845528455464,6.107855260900294,7.23376408753661,-1.1259088266363158,273.6765,10.962687566660327,295.6018751333206,251.75112486667933,0.551162180482818,0.1602284093317514,5.026428571428572,9840785.95,0.6948182126836919,152812039.0,-0.002674763247307199,0.022651493186348754,-0.013796554435578529,-0.0384722609422915,0.09093784595919674,-0.011216627844472304,37.77466105480261,45.35996905428144,1,0,0.006414902870397254,JPM,US,Finance
2025-04-08,276.13,275.27,272.52,273.74,15816465,276.11400000000003,278.894,274.66949999999997,260.5586,276.3126099258459,270.89972400682063,53.52673492605235,26.60792951541866,5.412885919025257,6.869588453834339,-1.4567025348090823,274.66949999999997,9.925542527926757,294.5205850558535,254.81841494414647,0.4765881815059156,0.14454524478168296,4.719285714285713,9743443.9,1.6232929074192228,136995574.0,-0.007900840823427124,0.010046029078651106,-0.008655343497596535,-0.0464014491743886,0.07822593351189533,-0.02576695850238453,7.301017354440542,28.769966668731183,1,0,0.035617739460802156,JPM,US,Finance
2025-04-09,274.59,277.95,270.47,273.79,3721731,275.136,277.87700000000007,275.36,261.0944,275.9245160911004,271.1138185273994,38.640630867442866,12.038014783527274,4.8106975637009555,6.457810275807662,-1.6471127121067068,275.36,9.311192472672683,293.98238494534536,256.73761505465467,0.45784643038296075,0.13525846125274343,4.394999999999998,9766790.25,0.3810597467208076,140717305.0,0.00018265507415793358,0.02732020891914475,-0.0029134345751740454,-0.03581490350753613,0.05311947072851764,-0.01754700732022385,17.697228144045962,20.924302184429703,1,1,0.031666605792760816,JPM,US,Finance
2025-04-10,273.95,273.79,272.14,272.87,9176008,274.596,276.944,276.18449999999996,261.6034,275.4545905386234,271.24390604533176,37.190684133915575,14.091470951792715,4.210684493291637,6.008385119304458,-1.797700626012821,276.18449999999996,8.206645237405487,292.59779047481095,259.77120952518897,0.3990299962860692,0.11885743388750322,4.211428571428574,9814510.3,0.9349429349579534,131541297.0,-0.0033602395996932266,0.006046835489405164,-0.003942325241818003,-0.033061658398299,0.06431858959357206,-0.009797873498566534,12.793176971599395,12.597140823361967,1,1,0.038626452156704794,JPM,US,Finance
2025-04-11,274.08,273.06,271.84,272.38,6022088,273.74,275.96400000000006,277.01,261.93460000000005,274.9815766096044,271.32806115394953,15.152963671128362,20.840950639854228,3.6535154556548832,5.537411186574544,-1.8838957309196607,277.01,6.758222282601491,290.52644456520295,263.49355543479703,0.3287271486967697,0.0975881344727928,3.632857142857148,9904462.65,0.6080175780139291,125519209.0,-0.0017957269029208467,0.004479036639971908,-0.006202568593088829,-0.03472960521652846,0.06452495407824288,-0.015470252295236131,10.246781115329945,13.579062076991768,1,1,0.027021073500256954,JPM,US,Finance
2025-04-14,271.32,280.4,275.53,277.69,8888443,274.094,275.828,278.01200000000006,262.4676,275.39825713120376,271.79931588776947,32.070417145044075,55.31475748193997,3.5989412434342967,5.149717197946495,-1.550775954512198,278.01200000000006,4.991416421691905,287.99483284338385,268.02916715661627,0.4838723133235001,0.07181584135467448,3.941428571428576,9795235.75,0.907425029823807,134407652.0,0.019494823408473527,0.017537541863165643,0.023477812177416065,-0.0048736785522308645,0.07777993401901817,0.006414902870397254,41.97674418360586,21.672234090178403,1,1,0.018185746695956073,JPM,US,Finance
2025-04-15,277.53,285.85,281.61,283.49,6005409,276.044,276.079,278.70950000000005,263.24699999999996,276.6431406494801,272.66529249630287,49.184876864377436,75.66101694915243,3.977848153177206,4.915343388992637,-0.9374952358154314,278.70950000000005,4.712101414108252,288.13370282821654,269.28529717178355,0.7536288790884942,0.06762742445580562,4.047142857142863,9718003.25,0.6179673156656625,140413061.0,0.02088660016565247,0.014956435853063785,0.02147515583893115,0.0089330201437825,0.051754841581954425,0.035617739460802156,84.65539661348134,45.626307304139054,0,0,-0.017743130269145424,JPM,US,Finance
2025-04-16,283.84,283.21,281.85,282.46,9792835,277.77799999999996,276.457,279.2695,264.0674,277.5380420880216,273.3908263913827,50.462633451957274,82.05882352941147,4.147215696638909,4.761717850521892,-0.6145021538829827,279.2695,4.437716903520145,288.1449338070403,270.3940661929597,0.6797376933164349,0.06356178391846228,4.033571428571435,9815364.35,0.9977045836607601,130620226.0,-0.003633285124695851,0.0048148410394220145,-0.004861894024785561,0.013563944308884635,0.04128880041288796,0.031666605792760816,77.95838751118578,68.19684276942432,0,1,-0.022693478722650928,JPM,US,Finance
2025-04-17,281.86,289.06,278.88,283.41,16573475,279.886,277.241,279.448,264.9304,278.44142022832597,274.13298740503274,52.11849810540822,83.1724137931032,4.308432823293231,4.67106084507616,-0.3626280217829292,279.448,4.532655315653873,288.5133106313077,270.38268936869224,0.7185253302627299,0.0648801253276123,4.456428571428579,10429604.8,1.5890797138277266,147193701.0,0.0033633080790202996,0.03591969231842238,0.005499183992033322,0.028450121566208297,0.012757289879931522,0.038626452156704794,69.60731575741765,77.40703329402827,0,0,-0.029003916587276524,JPM,US,Finance
2025-04-18,283.23,281.42,278.39,279.74,9963793,281.358,277.54900000000004,279.4395,265.6526,278.64120173166043,274.54832167423064,51.16672303009806,69.91304347826075,4.092880057429795,4.555424687546887,-0.4625446301170921,279.4395,4.531902673503068,288.5033053470061,270.3756946529939,0.5165769226047359,0.06487132525626244,4.507142857142867,10229062.45,0.9740669855753021,137229908.0,-0.01294943721110764,0.010831486380171581,-0.012322141016091822,0.011132798380683706,-0.0006073380729521016,0.027021073500256954,49.86551909360591,65.81040745406978,0,0,-0.032673196539643956,JPM,US,Finance
2025-04-21,279.11,282.93,282.59,282.74,8289271,282.368,278.231,279.22850000000005,266.32379999999995,279.27178608063576,275.15511266525306,52.872062663185346,76.21457489878533,4.1166734153827065,4.467674433114051,-0.3510010177313445,279.22850000000005,4.252984432013164,287.7344688640264,270.7225311359737,0.7064138756811391,0.0609247900124512,4.523571428571439,10338840.55,0.8017601353025862,145519179.0,0.01072424394080218,0.0012025182146099926,0.013005625022345991,0.024717309365033246,-0.014705882352941124,0.018185746695956073,66.0032275381386,61.82535412972072,0,0,-0.04014288745844241,JPM,US,Finance
2025-04-22,282.16,284.1,273.94,278.46,4507646,281.36199999999997,278.70300000000003,278.7985,266.961,279.1468959143841,275.3999191359611,49.662783568362926,52.05552589428717,3.7469767784230044,4.323534902175842,-0.5765581237528377,278.7985,3.8335764186844625,286.4656528373689,271.1313471626311,0.47792531284702444,0.05500139231266608,5.064285714285725,10017681.65,0.4499689356799499,141011533.0,-0.015137582231025126,0.03648638942743496,-0.013113127303611185,0.017242639000511373,-0.02995889361109183,-0.017743130269145424,42.980096823938474,52.94961448522766,0,0,-0.025928320045967013,JPM,US,Finance
2025-04-23,279.27,278.14,274.37,276.05,6306870,280.08,278.929,278.40299999999996,267.4076,278.67045038909424,275.44807327430533,50.75187969924814,25.749674054758955,3.2223771147889124,4.103303344698456,-0.8809262299095435,278.40299999999996,3.677918604748704,285.75883720949736,271.04716279050257,0.34005899441997134,0.05284308868418066,5.110714285714295,9860150.5,0.6396321598101206,134704663.0,-0.008654743948861454,0.013656946205348033,-0.011530060514872492,0.008254501625333255,-0.027856036061416956,-0.022693478722650928,30.016137706830715,46.33315402296927,0,0,-0.029197609128781,JPM,US,Finance
2025-04-24,276.9,275.96,274.57,275.19,26681074,278.43600000000004,279.16099999999994,278.0525,267.8738,278.13499648307976,275.42895673536964,47.680656358472675,26.0382333553067,2.706039747710122,3.823850625300789,-1.1178108775906672,278.0525,3.6307442690675864,285.31398853813516,270.79101146186485,0.30289853896553576,0.05223106095510048,5.138571428571437,10763339.3,2.478884180592153,108023589.0,-0.003115377648976736,0.005051055634270632,-0.006175514626196476,0.008502217173012694,-0.024840538625088504,-0.029003916587276524,25.38999461939794,32.795409716722375,0,0,-0.015625567789527284,JPM,US,Finance
2025-04-25,273.94,271.32,270.03,270.6,8481207,276.608,278.983,277.4735,268.161,276.97576625491365,275.07125623475116,42.51547552054028,15.948963317384369,1.9045100201624905,3.439982504273129,-1.5354724841106386,277.4735,3.8543376453301397,285.18217529066027,269.76482470933973,0.05417112922229354,0.05556332616002959,5.060714285714296,10636377.8,0.7973772991236453,99542382.0,-0.016679385152076676,0.004767184035459177,-0.012192450901612698,-0.0065349878845729625,-0.04103763555177542,-0.032673196539643956,2.9952706251712895,19.467134317133315,1,0,0.005949741315594892,JPM,US,Finance
2025-04-28,270.49,273.67,269.57,271.39,15993898,274.338,278.353,277.0905,268.3356,276.1164176003116,274.798570586531,46.55929721815518,23.791588198367705,1.317847013780579,3.0155554061746193,-1.6977083923940404,277.0905,4.0643009044734555,285.2191018089469,268.96189819105314,0.1493554405706626,0.05867109705253371,5.110714285714295,10409741.75,1.536435470511507,115536280.0,0.002919438285291731,0.015107410000312892,0.003327294909226404,-0.022687169145449992,-0.02745027772800579,-0.04014288745844241,9.338122113425403,12.574462452664877,1,0,0.006816758170897996,JPM,US,Finance
2025-04-29,270.08,271.62,270.93,271.24,13083999,272.894,277.128,276.6035,268.5478,275.36619950795597,274.53497276423104,46.2773722627737,6.0397553516817055,0.8312267437249261,2.5786896736846807,-1.7474629299597546,276.6035,4.156219530952624,284.91593906190525,268.29106093809474,0.17738109354945283,0.060103643387558005,4.625714285714297,10642168.7,1.229448446025062,102452281.0,-0.0005527101219645614,0.002543872585155043,0.004295023696666654,-0.04321140075487673,-0.03466438892447865,-0.025928320045967013,8.56849666451683,6.967296467704507,1,1,0.010802241557292369,JPM,US,Finance
2025-04-30,270.19,271.24,265.38,267.99,10516969,271.28200000000004,275.681,276.06899999999996,268.7612,274.23139958365505,274.0501599650492,43.32968835429198,6.556016597510137,0.1812396186058436,2.099199662668913,-1.9179600440630695,276.06899999999996,4.544376397494324,285.1577527949886,266.9802472050113,0.055549579667844746,0.06584406648305834,4.926428571428581,10788660.5,0.9748168482253337,91935312.0,-0.011982008553310775,0.02186648755542426,-0.008142418298204399,-0.05122849252991568,-0.03835940864073484,-0.029197609128781,11.02195945899406,9.642859412312097,1,1,0.002052315384902359,JPM,US,Finance
2025-05-01,268.17,272.34,269.74,270.89,9188004,270.422,274.429,275.835,269.0844,273.71733810924655,273.81607404089345,48.08925365478326,29.42583732057392,-0.09873593164689964,1.6596125438057505,-1.7583484754526502,275.835,4.689594865230705,285.2141897304614,266.4558102695386,0.23638447763903425,0.06800579861458773,5.150000000000006,10259801.1,0.8955342325754997,101123316.0,0.010821299302212761,0.009597991804756057,0.010142819853040339,-0.04417628171200749,-0.016982980730848807,-0.015625567789527284,23.26858108009841,14.286345734536434,1,1,0.010742367750747661,JPM,US,Finance
2025-05-02,272.65,274.17,270.63,272.21,22191224,270.744,273.676,275.6125,269.4496,273.48543993859323,273.69710559303456,42.17142857142854,38.53846153846136,-0.21166565444133312,1.285356904156334,-1.497022558597667,275.6125,4.753522654997778,285.11954530999554,266.1054546900045,0.3210537612172859,0.06898849152314238,4.830000000000008,10901898.35,2.0355374130288593,123314540.0,0.004872826608586456,0.01300466551554688,-0.0016137905739900384,-0.026917852291413524,-0.016084724933131067,0.005949741315594892,28.842905404187302,21.04448198109326,0,0,-0.02347452334594613,JPM,US,Finance
2025-05-05,272.06,274.39,272.32,273.24,7071025,271.114,272.726,275.4785,269.8834,273.44767994804045,273.6632459193749,33.04664240820378,63.98305084745764,-0.2155659713344562,0.985172329058176,-1.2007383003926322,275.4785,4.7820863922723165,285.0426727845446,265.9143272154554,0.38297471977920006,0.06943680021860067,4.40285714285715,10913571.7,0.6479111098054994,130385565.0,0.003783843356232497,0.007575757575729826,0.004337278541482282,-0.033599773643630204,-0.009712960278341565,0.006816758170897996,33.192567566165906,28.43468468348387,0,1,-0.012662860488947603,JPM,US,Finance
2025-05-06,274.42,274.35,274.03,274.17,6293685,271.7,272.297,275.5,270.3184,273.5588061098804,273.70078325878467,36.242947228675796,64.50939457202523,-0.1419771489042887,0.759742433465683,-0.9017195823699717,275.5,4.774819919447859,285.0496398388957,265.9503601611043,0.4303638659222908,0.06932587904799302,4.365000000000009,10437432.7,0.602991614691646,136679250.0,0.0034036012296883023,0.0011671590618918294,-0.0009110123168832045,-0.015406162464985829,0.0015708336377584509,0.010802241557292369,37.11993243086494,33.05180180040605,0,0,-0.006237006237006404,JPM,US,Finance
2025-05-07,274.4,271.89,265.86,268.54,6791453,271.81,271.546,275.2375,270.74420000000003,272.7866820929757,273.3185030164104,28.641195058891086,41.03585657370522,-0.5318209234346796,0.5014297620856105,-1.03325068552029,275.2375,5.0121881711639675,285.2618763423279,265.2131236576721,0.16593931774659398,0.07284164652194189,4.23142857142858,10590918.8,0.6412524245533423,129887797.0,-0.020534704745231003,0.022454755343626714,-0.021355685131117352,-0.02720521644629592,-0.01917528032433613,0.002052315384902359,16.880341879440262,29.06428062549037,1,1,0.01973635212631253,JPM,US,Finance
2025-05-08,269.49,275.07,272.79,273.8,9111764,272.392,271.40700000000004,275.284,271.1134,272.9425771555948,273.3541694597242,41.84065934065933,67.01816051552433,-0.4115923041293854,0.31882534884261127,-0.7304176529719967,275.284,4.993346520489272,285.27069304097853,265.29730695902145,0.425701130777908,0.07255556473272881,4.339285714285718,10587706.6,0.8605983791996674,138999561.0,0.0195873985253594,0.00832724616505349,0.015993172288337264,-0.005051055634288981,0.0034082163667681353,0.010742367750747661,44.97863247622979,32.992968928844995,0,0,-0.009897735573411337,JPM,US,Finance
2025-05-09,272.31,268.05,264.04,265.82,11189595,271.11400000000003,270.929,274.956,271.4004,271.84679605473406,272.79608283184785,29.555340744320887,38.55530474040635,-0.949286777113798,0.06520292365132933,-1.0144897007651275,274.956,5.393558926602628,285.74311785320526,264.1688821467948,0.07653192797175579,0.0784643204961231,4.808571428571432,10846081.95,1.0316715307806124,127809966.0,-0.029145361577794127,0.015085396132664606,-0.023833131357556374,-0.01766444937176659,-0.024084000293707275,-0.02347452334594613,8.873379859976264,23.57745140521544,1,1,0.022007373410578568,JPM,US,Finance
2025-05-12,265.63,271.23,268.62,269.78,5931488,270.422,270.768,274.5605,271.8122,271.5288274309288,272.57266928829205,39.430102289332645,45.09883017345703,-1.0438418573632475,-0.15660603255158612,-0.8872358248116614,274.5605,5.47197114008222,285.5044422801644,263.61655771983555,0.2815915015859449,0.07971971408942347,4.469285714285718,10698234.2,0.5544361185852411,133741454.0,0.014897298924083868,0.009674549632998516,0.015623235327276115,-0.005932421975754498,-0.028485001260398324,-0.012662860488947603,40.70921985526861,31.52041073049155,1,1,0.00741344799466237,JPM,US,Finance
2025-05-13,270.05,277.08,268.77,272.46,31000696,270.08000000000004,270.89,274.009,272.2708,271.67208474924746,272.56432341506945,45.65690781514633,48.524962178517335,-0.8922386658219921,-0.3037325592056674,-0.5885061066163246,274.009,5.065362147389697,284.1397242947794,263.87827570522063,0.4235493951196647,0.07394446382959984,4.770714285714291,11947998.55,2.594634848308142,164742150.0,0.009934020312847514,0.03049988989198232,0.008924273282692257,0.004497861672319692,-0.03890789798581973,-0.006237006237006404,64.5705521422874,38.051050619177424,1,0,0.02282903912500922,JPM,US,Finance
2025-05-14,271.59,276.42,271.77,273.84,5336085,271.14,271.475,273.578,272.7364,272.00561017244013,272.65881797708147,48.387096774193516,49.38638899219033,-0.6532078046413403,-0.373627608292802,-0.2795801963485383,273.578,4.658856421686817,282.8957128433736,264.26028715662636,0.5140592441455344,0.0681174132667068,4.9971428571428635,11725161.05,0.45509690844741885,170078235.0,0.005064963664391131,0.01698071866777335,0.00828454655912116,0.021829172730325697,-0.030517595411739706,0.01973635212631253,75.1533742273654,60.144382074973805,1,0,0.04473415132924341,JPM,US,Finance
2025-05-15,272.47,272.8,269.71,271.09,12123373,270.598,271.495,272.962,273.0784,271.86474706898775,272.5426092378501,50.61234691327162,55.31028738025814,-0.6778621688623616,-0.43447452040671397,-0.24338764845564764,272.962,4.067371581125203,281.0967431622504,264.8272568377496,0.3849379775705739,0.05960348445732813,4.923571428571433,11502655.95,1.053962841167753,157954862.0,-0.010042360502483194,0.011398428566116912,-0.00506477777368146,0.0007383070619069176,-0.043470590310857204,-0.009897735573411337,54.064417173767865,64.59611451447356,1,1,0.059721863587738344,JPM,US,Finance
2025-05-16,272.04,272.7,270.84,271.67,3627723,271.768,271.441,272.5585,273.54380000000003,271.83478598145115,272.47797151643096,50.35175879396989,44.49042938437664,-0.643185534979807,-0.4762167233213326,-0.16696881165847444,272.5585,3.747268865102406,280.0530377302048,265.0639622697952,0.440723495402537,0.05499397545978057,4.763571428571432,11185852.45,0.3243134747130091,161582585.0,0.0021395108635509086,0.006846541760198649,-0.0013600941038032805,-0.0019837625362769673,-0.028848216200757837,0.022007373410578568,58.5122699341633,62.57668711176552,1,1,0.03669893620937148,JPM,US,Finance
2025-05-19,271.51,273.53,270.39,271.78,15951052,272.168,271.29499999999996,272.0105,273.92100000000005,271.8263573689202,272.4262699225494,50.67907444668004,76.00349040139612,-0.599912553629224,-0.5009558893829109,-0.09895666424631311,272.0105,2.8812962634710173,277.77309252694204,266.2479074730579,0.4800003210879182,0.04237036825358487,4.938571428571431,11568941.5,1.378782200706763,177533637.0,0.00040490300732498596,0.011553462359218608,0.000994438510548368,-0.0053432879519836884,-0.03876352832991459,0.00741344799466237,59.35582821630687,57.31083844141268,1,1,0.05004047391272359,JPM,US,Finance
2025-05-20,272.59,279.52,278.0,278.68,8819043,273.412,271.746,272.0215,274.41700000000003,272.8807639275479,272.8895091881415,62.31283114489749,80.90277777777783,-0.00874526059362779,-0.40251376362505425,0.39376850303142646,272.0215,2.90751526221228,277.8365305244246,266.20646947557543,1.0725249395476193,0.04275419791746751,5.072857142857146,11784511.35,0.7483587558037563,186352680.0,0.025388181617484795,0.005454284483976344,0.02234124509328182,0.016449648028595387,0.0007900596135890225,0.02282903912500922,94.57364340474345,70.81391385173788,1,1,0.05328692407061841,JPM,US,Finance
2025-05-21,277.5,287.61,284.87,286.09,19585389,275.86199999999997,273.501,272.5235,274.93919999999997,274.91295409254053,273.86732332351767,65.85976627712853,85.62467328802927,1.0456307690228641,-0.11288485709547053,1.1585156261183347,272.5235,4.213218890711727,280.94993778142344,264.0970622185766,1.304996153214535,0.06184008191141322,5.400000000000006,12448437.3,1.5733209683017024,205938069.0,0.026589636859480237,0.009577405711455947,0.030954954954843315,0.06535339241826144,0.03637022278572699,0.04473415132924341,93.55112430659503,82.4935319758818,1,0,0.043273095878919365,JPM,US,Finance
2025-05-22,284.88,288.46,286.34,287.28,23090738,279.1,274.849,273.128,275.5572,276.81557653984197,274.86085493027855,65.76689684034315,85.480464625132,1.9547216095634212,0.300636436236308,1.6540851733271134,273.128,5.334143841921923,283.79628768384384,262.45971231615613,1.1632742019259856,0.07811932635105005,5.316428571428576,12268920.5,1.8820511648069473,229028807.0,0.004159530217763718,0.007379560011113288,0.008424599831478351,0.04923301680058412,0.043933282459391654,0.059721863587738344,95.16789516399801,94.43088762511218,1,1,0.05364104706209982,JPM,US,Finance
2025-05-23,288.03,283.8,279.91,281.64,8001207,281.09399999999994,276.431,273.68,276.07259999999997,277.55779553371246,275.36301382484464,58.015267175572504,74.1639945029776,2.194781708867822,0.679465490762611,1.515316218105211,273.68,5.622220950927726,284.92444190185546,262.43555809814455,0.8539526491676097,0.08217218577765541,5.687142857142858,12244920.5,0.6534306487795777,221027600.0,-0.019632414369256446,0.013811958528569005,-0.022185189042730973,0.05951395681288085,0.040798226164079576,0.03669893620937148,72.0720720691207,86.93036384657125,1,1,0.07168726033233908,JPM,US,Finance
2025-05-26,282.14,288.92,282.54,285.38,14559269,283.81399999999996,277.991,274.3795,276.6272,278.761211605449,276.1050128014835,60.15214635029885,77.4309723889556,2.6561988039654807,1.0748121534031851,1.5813866505622955,274.3795,6.166283086695057,286.7120661733901,262.0469338266099,0.9459939579643089,0.08989422441068043,6.1278571428571444,12173189.05,1.1960109831687051,235586869.0,0.013279363726743432,0.02235615670326456,0.011483660593990664,0.05782489435836613,0.05154943070857443,0.05004047391272359,85.7717041766168,84.33722380324518,1,1,0.048636905179059386,JPM,US,Finance
2025-05-27,283.84,294.81,292.5,293.53,6015724,286.784,280.098,275.494,277.10699999999997,281.03333289691835,277.395752595096,71.64385934522775,82.92461398728432,3.637580301822368,1.5873657830870218,2.0502145187353458,275.494,7.449764673075882,290.3935293461518,260.59447065384825,1.1052540177570438,0.10816590812212024,6.2078571428571445,11819775.3,0.508954133082874,241602593.0,0.028558413343611866,0.00786972370794172,0.034138951521863935,0.07733245247008735,0.08217814481639873,0.05328692407061841,95.84010399428524,84.56129341334092,1,1,0.01798793990392822,JPM,US,Finance
2025-05-28,296.28,304.47,293.66,298.47,20884253,289.26,282.561,277.018,277.6512,283.71589706662326,278.9568079596874,71.48580386692214,81.84744126166724,4.759089106935846,2.221710447856787,2.5373786590790592,277.018,8.824654220152933,294.6673084403058,259.3686915596941,1.1077291943604501,0.12742354966278102,6.52285714285715,12338139.5,1.6926580630201122,262486846.0,0.016829625591932906,0.036218045364571926,0.007391656541084998,0.0899430324276953,0.11373558714877419,0.043273095878919365,85.15953499665696,88.923781055853,1,1,0.0018092270579956882,JPM,US,Finance
2025-05-29,295.88,304.34,301.38,302.69,9131140,292.342,285.72099999999995,278.608,278.1082,286.6349898256043,280.71482218621503,84.36160298229265,79.7704447632712,5.920167639389263,2.9614018861632827,2.95876575322598,278.608,10.388640354784322,299.38528070956863,257.8307192904314,1.0795272330278982,0.14915063967649209,6.2450000000000045,12335296.3,0.7402448257165232,271617986.0,0.01413877441618916,0.00977898179652516,0.02301608760300455,0.11656645394518428,0.11739082284322055,0.05364104706209982,95.03486750083577,92.01150216392598,0,0,-0.009911130199213747,JPM,US,Finance
2025-05-30,304.39,304.14,299.99,301.83,46913253,296.38,288.73699999999997,280.089,278.5466,288.97268369858824,282.27890943276736,81.70128585558854,76.40653357531761,6.693774265820878,3.7078763620948023,2.9858979037260753,280.089,11.482281040574575,303.05356208114915,257.12443791885084,0.9733597776043179,0.16398046393158722,6.155000000000001,13571397.75,3.456773606331477,224704733.0,-0.0028411906571079726,0.013749461617421159,-0.008410263149221697,0.11101704273567181,0.10881304874912745,0.07168726033233908,92.60504201421263,90.93314817056846,0,0,-0.013219361892456094,JPM,US,Finance
2025-06-02,304.34,302.95,296.32,299.26,5971390,299.156,291.485,281.39,278.7926,290.55534774495925,283.53676799411244,76.56621728786678,85.98856209150325,7.018579750846811,4.370017039845204,2.648562711001607,281.39,12.121705629507069,305.6334112590141,257.14658874098586,0.8685537445248568,0.17231181818066008,6.035000000000001,13516416.0,0.4417879383271469,218733343.0,-0.008514726832985486,0.022154648131985033,-0.016691857790574006,0.10111119287659154,0.09522763870589945,0.048636905179059386,85.01150747741616,90.88380566415486,0,1,-0.020116286840874076,JPM,US,Finance
2025-06-03,300.59,303.32,295.2,298.81,11432830,300.212,293.498,282.622,279.0276,291.82529424573477,284.66811851374104,75.21712785295904,81.6894761680038,7.157175731993732,4.92744877827491,2.2297269537188216,282.622,12.592292379405114,307.80658475881023,257.4374152411898,0.8213870737637559,0.1782209789664011,6.282857142857141,13773373.25,0.8300674760217163,207300513.0,-0.0015037091492347,0.02717445868603069,-0.005921687348195387,0.07223338596239404,0.08987124776598465,0.01798793990392822,83.71691599298855,87.11115516153912,0,0,-0.01673304106288276,JPM,US,Finance
2025-06-04,301.96,300.91,297.49,299.01,6745305,300.32,294.78999999999996,284.14549999999997,279.3286,292.93063359254484,285.7304801059018,79.72742759795574,70.69486404833842,7.200153486643046,5.381989719948538,1.818163766694508,284.14549999999997,12.64202160507416,309.42954321014827,258.8614567898517,0.7939502174486058,0.17796546635480287,6.232142857142857,13771065.85,0.48981717055567126,214045818.0,0.0006693216425153192,0.011437744557000027,-0.009769505894788116,0.0451606137928624,0.11346540552617856,0.0018092270579956882,83.97887323697238,84.2357655691257,0,0,-0.032206280726397085,JPM,US,Finance
2025-06-05,300.05,300.36,299.15,299.69,19749235,299.71999999999997,296.031,285.44,279.6784,293.97053611676876,286.7645186171039,79.77050573735659,56.79287305122481,7.206017499664881,5.746795275891807,1.4592222237730743,285.44,12.850723919809443,311.1414478396189,259.7385521603811,0.7772217364590712,0.18008301457068973,6.195714285714287,14302939.4,1.3807814650475645,233795053.0,0.0022741714323935014,0.004037505422256328,-0.0011998000333238255,0.04319827346143135,0.09455807158509866,-0.009911130199213747,85.97417840123309,84.55665587706467,0,0,-0.044546030898595323,JPM,US,Finance
2025-06-06,300.79,300.08,296.05,297.84,6610596,298.92199999999997,297.65099999999995,287.041,279.9916,294.56583825265045,287.5849246458545,76.70081967213113,13.31316187594544,6.980913606795923,5.993618942072631,0.9872946647232919,287.041,12.25868667302391,311.5583733460478,262.5236266539522,0.7202315853101071,0.17082837187692623,6.259285714285714,14073989.45,0.46970303294471827,227184457.0,-0.006173045480329709,0.013530754767614969,-0.00980750689846816,0.05752023860247113,0.12045745241140615,-0.013219361892456094,74.95277672553996,81.63527612124848,0,0,-0.03924926134837492,JPM,US,Finance
2025-06-09,297.45,295.19,291.69,293.24,3144463,297.71799999999996,298.437,288.214,280.2754,294.36186313685806,288.0038191167154,65.65591397849465,8.502415458937179,6.358044020142643,6.066503957686634,0.2915400624560087,288.214,11.62619429066179,311.4663885813236,264.9616114186764,0.6080749184500736,0.16135502495536597,6.145714285714283,13934638.2,0.22565801344895964,224039994.0,-0.015444533977974628,0.01193561587773859,-0.014153639267056064,0.02754222440255094,0.08695974497738912,-0.020116286840874076,54.27524429746429,71.73406647474579,0,0,-0.001193561587778058,JPM,US,Finance
2025-06-10,294.72,297.87,290.55,293.81,4338270,296.71799999999996,298.46500000000003,289.28149999999994,280.532,294.276961115803,288.4339065897257,59.73272818961174,17.365269461077787,5.843054526077253,6.0218140713647585,-0.17875954528750526,289.28149999999994,11.070432538024619,311.4223650760492,267.1406349239507,0.6022656518578509,0.15307487741851938,6.030714285714282,12601516.9,0.3442656697730041,228378264.0,0.001943800300095555,0.02491406010678697,-0.0030876764386432456,0.0009539059039962439,0.07836012625706545,-0.01673304106288276,56.596091202907225,61.941370741970495,1,0,0.009870324359279703,JPM,US,Finance
2025-06-11,294.25,290.46,288.51,289.38,7944886,294.79200000000003,297.556,290.0585,280.746,293.52358248260254,288.5039875831057,52.44755244755248,11.759935117599284,5.019594899496838,5.821370236991175,-0.8017753374943375,290.0585,10.458011924886101,310.9745238497722,269.14247615022776,0.48378037801646623,0.14421934781914758,6.239999999999997,12731956.95,0.6240113289095492,220433378.0,-0.015077771348830926,0.006738544474370206,-0.0165505522514306,-0.03045532214292901,0.05674846625766872,-0.032206280726397085,38.558631920254,49.80998914020851,1,1,0.03296703296703307,JPM,US,Finance
2025-06-12,289.61,287.64,285.3,286.34,9949835,292.12199999999996,295.921,290.821,280.96139999999997,292.4184159468175,288.34369220652366,55.83126550868485,8.239947264337502,4.074723740293848,5.47204093765171,-1.3973171973578618,290.821,9.515708287381138,309.8524165747623,271.78958342523777,0.3822736084100902,0.1308806212391596,6.005,12623280.05,0.788213061294393,210483543.0,-0.01050521805238791,0.008172103094195023,-0.011291046579844437,-0.05401565958571486,0.05625438046405251,-0.044546030898595323,17.327861376318626,37.49419483315995,1,1,0.06219878466159123,JPM,US,Finance
2025-06-13,285.42,287.01,285.47,286.15,4294339,289.784,294.353,291.54499999999996,281.1512,291.4540442626917,288.1811964874696,51.04761904761902,3.8828337874658985,3.2728477752220897,5.032202305165786,-1.7593545299436961,291.54499999999996,8.475970057819985,308.4969401156399,274.59305988436,0.34087367099169386,0.11629038478164136,5.594999999999994,12656610.85,0.33929609684601336,206189204.0,-0.0006635468324369675,0.0053817927660128675,0.0025576343633851996,-0.051949773051055304,0.05329995950969901,-0.03924926134837492,4.4340114760335165,20.10683492420205,1,1,0.058291106063253606,JPM,US,Finance
2025-06-16,288.37,294.53,291.57,292.89,14344000,289.714,293.716,292.6005,281.4906,291.6749605299699,288.529996747761,49.094510469722714,37.35309146653043,3.1449637822088903,4.654754600574407,-1.5097908183655164,292.6005,7.085461374867959,306.7714227497359,278.4295772502641,0.510214578281261,0.09686191752705456,5.519999999999994,12576258.25,1.140561729434768,220533204.0,0.023554080027957447,0.010106183208678595,0.015674307313466408,-0.02128583840139009,0.07767311796305831,-0.001193561587778058,39.59311423893603,20.45166236376273,1,1,0.042063573355184625,JPM,US,Finance
2025-06-17,295.17,298.37,295.39,296.71,9214337,290.294,293.506,293.502,281.95,292.4495819868976,289.1359229147607,47.4284044418468,59.23363491218724,3.313659072136886,4.386535494886902,-1.0728764227500163,293.502,6.327571746771101,306.1571434935422,280.8468565064578,0.6267468836291835,0.08623548387063175,5.129999999999991,12596022.95,0.7315274277483412,229747541.0,0.013042439140974471,0.010043476795490463,0.005217332384709646,-0.007027877246410852,0.06469786134634692,0.009870324359279703,59.92647058508784,34.6511987666858,1,1,0.04812780155707608,JPM,US,Finance
2025-06-18,296.42,302.3,296.23,298.92,6111753,292.20199999999994,293.497,294.1435,282.45259999999996,293.44503091199033,289.8606693657044,44.14778019248684,62.50611845325501,3.5843615462859475,4.226100705166711,-0.6417391588807639,294.1435,6.1853462439789695,306.514192487958,281.77280751204205,0.6930570986206529,0.08411331535740828,5.144285714285709,11922341.15,0.512630230126385,235859294.0,0.00744835024097612,0.02030643650468248,0.008433978813816767,-0.00030099327781674123,0.04484602747387201,0.03296703296703307,72.29299362673616,57.27085948358668,1,1,0.04720326508764883,JPM,US,Finance
2025-06-19,298.13,304.43,303.92,304.15,11750927,295.764,293.94300000000004,294.98699999999997,283.0782,295.0919492332226,290.9191383018285,53.17113176599234,84.78568064060285,4.172810931394054,4.21544275041218,-0.042631819018126293,294.98699999999997,6.34824559270305,307.68349118540607,282.29050881459386,0.8608477281373421,0.08608169977228193,5.241428571428567,11355350.6,1.0348360327301533,247610221.0,0.017496320085641504,0.0016768042084442352,0.020192533458490557,0.014882044779605419,0.05872319688109173,0.06219878466159123,98.53633036599376,76.91859819260593,1,1,0.014006246917639409,JPM,US,Finance
2025-06-20,304.22,304.41,301.56,302.83,40566533,299.1,294.442,296.0465,283.68719999999996,296.28241858195753,291.8014243537382,55.05236343051231,92.26037929267046,4.480994228219345,4.268553045973613,0.2124411822457315,296.0465,5.742838354719052,307.5321767094381,284.56082329056187,0.7953025829827904,0.07759373415594722,4.971428571428569,12983616.9,3.124439837373834,207043688.0,-0.0043399638336346635,0.009411220816929008,-0.004569061863110493,0.016753961858716027,0.07523789234483735,0.058291106063253606,91.63617354460855,87.48849917911282,1,1,0.033120892910213806,JPM,US,Finance
2025-06-23,302.22,306.25,304.37,305.21,5999753,301.56399999999996,295.639,297.03799999999995,284.23760000000004,297.65589264627175,292.7946521795887,58.588298443370874,93.91705069124427,4.861240466683057,4.387090530115502,0.4741499365675548,297.03799999999995,5.511508151611041,308.06101630322206,286.01498369677785,0.8706789400620143,0.07421956990812623,4.635714285714284,12555641.1,0.4778531398246849,213043441.0,0.007859194927847257,0.006159693325886556,0.009893455098901657,0.0408198063020051,0.06948629896979464,0.042063573355184625,95.03579951813661,95.06943447624631,1,1,0.02237803479571454,JPM,US,Finance
2025-06-24,306.0,314.7,308.01,310.99,17860065,304.41999999999996,297.35699999999997,297.91099999999994,284.7876,299.70729377761455,294.1424557220945,63.98225957049488,93.63548698167796,5.564838055520056,4.622640035196413,0.9421980203236426,297.91099999999994,6.2587512627067605,310.4285025254135,285.3934974745864,1.0224284945189397,0.08403518181853989,5.069285714285712,13147858.15,1.3584009986903456,230903506.0,0.018937780544543203,0.021511945721658206,0.0163071895424304,0.058473162928423195,0.05948284672776216,0.04812780155707608,87.38095237798031,91.35097514690848,1,1,0.00678478407665839,JPM,US,Finance
2025-06-25,311.59,313.15,312.93,313.03,8481426,307.24199999999996,299.72200000000004,298.639,285.399,301.75694088875076,295.5415330762567,65.09049773755655,93.03797468354433,6.21540781249405,4.941193590655941,1.2742142218381085,298.639,7.115362845355504,312.869725690711,284.408274309289,1.0056312767095203,0.09530386647868049,5.127142857142851,12527716.8,0.6770128554460254,239384932.0,0.006559696453262154,0.0007028080375659447,0.0046214576847632355,0.08172644965097797,0.04878212215633049,0.04720326508764883,94.31972788794826,92.24549326135507,0,0,-0.017250742740312353,JPM,US,Finance
2025-06-26,311.07,310.04,307.11,308.41,7246743,308.094,301.929,298.925,285.899,302.7804884443276,296.4947528485393,61.25186289120723,72.20402433317749,6.28573559578831,5.210101991682415,1.075633604105895,298.925,7.396177177577513,313.71735435515507,284.13264564484496,0.820604812846237,0.09897033941694787,5.26214285714285,12433496.95,0.5828402456928865,232138189.0,-0.01475896878893379,0.009500340455855861,-0.008551129970718543,0.07707620311517793,0.0188972215798342,0.014006246917639409,78.60544217419721,86.76870748004193,1,1,0.01731461366362952,JPM,US,Finance
2025-06-27,307.6,317.53,309.12,312.86,5818748,310.1,304.6,299.4765,286.5614,304.3311825298157,297.70699337845787,70.95258436565574,71.15104419621193,6.624189151357825,5.492919423617498,1.1312697277403272,299.4765,8.00995254273431,315.4964050854686,283.45659491453137,0.9177147095341487,0.10698605790714884,5.474285714285705,10378771.7,0.5606393133554222,237956937.0,0.014428844719691192,0.026881033049840464,0.01710013003895608,0.09334265245500628,0.03654374979292996,0.033120892910213806,85.51039404016423,86.14518803410324,0,0,-0.004027360480726161,JPM,US,Finance
2025-06-30,311.53,312.89,311.36,312.04,15568626,311.466,306.515,300.1155,287.1474,305.5171544483056,298.76869757279275,69.36477586573193,72.92185166749645,6.748456875512829,5.7440269139965645,1.0044299615162648,300.1155,8.487314667382858,317.0901293347657,283.1408706652343,0.8512447831401604,0.11312064411674282,5.060714285714275,10858633.5,1.4337554137216793,222388311.0,-0.002620980630313907,0.004903217536197505,0.0016370815009739373,0.06538290825907356,0.04270533983826774,0.02237803479571454,82.96618057452802,82.36067226296315,0,1,-0.0040058966799128015,JPM,US,Finance
2025-07-01,311.26,314.8,311.73,313.1,8640293,311.88800000000003,308.154,300.83000000000004,287.8402,306.68374607164316,299.8302755304993,77.13958810068658,71.01758124667042,6.8534705411438495,5.965915639426022,0.8875549017178272,300.83000000000004,8.959964755570612,318.74992951114126,282.9100704888588,0.8423562573594136,0.119136585520604,4.90142857142856,10719006.65,0.8060720994074484,231028604.0,0.003397000384566029,0.009805174065762338,0.0059114566600080975,0.05523912237538342,0.04782303135771904,0.00678478407665839,86.25504188376512,84.91053883281913,0,0,-0.027243692111146744,JPM,US,Finance
2025-07-02,314.1,309.58,306.08,307.63,7819809,310.808,309.025,301.261,288.47180000000003,306.82932359908267,300.40803289867887,73.07608931281167,40.89924160346688,6.421290700403802,6.056990651621579,0.3643000487822228,301.261,9.074402343667165,319.4098046873344,283.1121953126657,0.6754661011854212,0.12048559015122505,5.111428571428563,10772731.85,0.7258890672295842,223208795.0,-0.017470456723091776,0.011377303904003586,-0.02059853549818347,0.0291382309648065,0.02882846727534205,-0.017250742740312353,69.12039924924767,79.44720723584693,0,1,-0.01150733023437256,JPM,US,Finance
2025-07-03,306.9,314.69,312.99,313.75,8929533,311.87600000000003,309.985,301.964,289.243,307.89404304537766,301.3963267581443,76.5078755282367,51.59716060337185,6.497716287233345,6.145135778743933,0.352580508489412,301.964,9.481765547341528,320.92753109468305,283.00046890531695,0.8107543616308299,0.12560127097680682,5.505714285714281,10231746.75,0.8727280243983732,232138328.0,0.019894028540779596,0.005418326693209786,0.022319973932804507,0.03156337333552539,0.046915145650505474,0.01731461366362952,85.43913713076131,80.2715260879247,0,0,-0.035984063745019945,JPM,US,Finance
2025-07-04,312.74,313.86,309.8,311.6,17558097,311.624,310.86199999999997,302.65200000000004,290.063,308.46419026916567,302.1521544057659,69.70718348430594,57.94718485301445,6.312035863399785,6.1785157956751044,0.13352006772468084,302.65200000000004,9.664236621363367,321.98047324272676,283.3235267572733,0.7314719814363929,0.12772737826059533,5.197142857142852,10779121.8,1.6288985036890014,214580231.0,-0.006852589641434204,0.013029525032050618,-0.0036452004860150324,0.028960142654294696,0.04619930163846386,-0.004027360480726161,73.21589882234818,75.92514506745239,0,0,-0.037869062901155326,JPM,US,Finance
2025-07-07,311.92,311.68,310.07,310.79,20073273,311.37399999999997,311.41999999999996,303.5295,290.851,308.82200715083246,302.7919948202137,65.83445793972118,43.70054777845407,6.030012330618774,6.148815102663839,-0.11880277204506484,303.5295,9.560866220942234,322.6512324418845,284.4077675581155,0.6898494297359452,0.1259958748116509,4.920714285714281,11625562.3,1.7266494949109261,194506958.0,-0.002599486521181027,0.005180346857990389,-0.003622723775315378,0.01828249402051063,0.05984858818715044,-0.0040058966799128015,68.35680750852801,75.6706144872125,0,0,-0.010135461243926835,JPM,US,Finance
2025-07-08,309.59,307.45,302.27,304.57,28161343,309.668,310.778,304.0675,291.51759999999996,308.1678522045505,302.9236989076167,55.828347431400864,32.89051763628032,5.244153296933803,5.967882741517832,-0.7237294445840297,304.0675,9.283880129728935,322.6352602594579,285.4997397405421,0.513531518946409,0.12212919999274385,5.095714285714284,12816715.95,2.1972353068154478,166345615.0,-0.02001351394832529,0.017007584463285944,-0.01621499402430236,-0.020643750602913347,0.03662230693305202,-0.027243692111146744,18.84783969825622,53.47351534304414,1,0,0.030863184161276758,JPM,US,Finance
2025-07-09,305.25,304.63,303.67,304.09,13537200,308.96,309.88399999999996,304.803,292.2396,307.54049032692734,303.01009158113357,49.931381518755714,28.79999999999994,4.530398745793775,5.680385942373022,-1.1499871965792465,304.803,8.61784201831584,322.0386840366317,287.5673159633683,0.4793161675810496,0.1130939264808756,4.770714285714283,13096331.65,1.0336634202705595,152808415.0,-0.0015759923827035616,0.003156960110483155,-0.003800163800151433,-0.028559562981183895,0.050832814983758245,-0.01150733023437256,15.842204131756764,34.34895044618033,1,1,0.02048735571705751,JPM,US,Finance
2025-07-10,304.17,303.57,301.58,302.46,10252562,306.70200000000006,309.289,305.60900000000004,292.871,306.758876430477,302.96934405660215,49.5798319327731,35.15221137277425,3.789532373874863,5.302215228673391,-1.5126828547985278,305.60900000000004,7.478711470780042,320.5664229415601,290.65157705843995,0.3947345404118677,0.0978860108276336,4.746428571428567,13111468.0,0.7819537231106598,142555853.0,-0.005360255187608964,0.006579382397650697,-0.005621856198817814,-0.019292500243182964,0.05629671020465188,-0.035984063745019945,5.517241378964411,13.40242840299247,1,1,0.05008926800238056,JPM,US,Finance
2025-07-11,301.68,302.96,297.27,299.8,7913895,304.342,307.983,306.2915,293.4228,305.68828005655746,302.73457783017096,43.89528323177615,0.0,2.953702226386497,4.832512628216012,-1.878810401829515,306.2915,6.106368784872204,318.5042375697444,294.07876243025555,0.23423239616987657,0.0797458471404173,4.908571428571422,13292445.8,0.5953678144493307,134641958.0,-0.00879455134563234,0.01897931954630093,-0.006231768761581025,-0.04174391101451125,0.04770225406255468,-0.037869062901155326,12.48766041399385,11.28236864157168,1,1,0.05020013342228147,JPM,US,Finance
2025-07-14,299.19,310.14,305.63,307.64,22746875,303.712,307.543,307.029,294.11080000000004,305.98854466324093,303.0979424353667,46.387750700884155,39.91853360488788,2.89060222787424,4.444130548147657,-1.5535283202734176,307.029,5.2305136106886305,317.49002722137726,296.56797277862273,0.5292036329961076,0.06814357745583116,4.969285714285705,13712589.55,1.6588313431410666,157388833.0,0.026150767178118706,0.014659992198626093,0.028242922557477675,-0.014100756313293328,0.05036020348936465,-0.010135461243926835,51.18460019490703,23.063167329288433,1,1,0.0020803536601221584,JPM,US,Finance
2025-07-15,309.45,315.43,312.8,313.97,9778877,305.592,307.63,307.892,294.9068,307.21646086889615,303.9032800327946,50.92775365179634,56.319554848966625,3.3131808361015374,4.217940605738433,-0.9047597696368959,307.892,4.848263498139216,317.5885269962784,298.1954730037216,0.8134111832782706,0.06298654720646794,5.371428571428567,13740816.55,0.711666315662564,167167710.0,0.020575997919646483,0.008376596490083826,0.014606560025805243,0.002778664963270616,0.058171278352600275,0.030863184161276758,82.42843040067014,48.70023033652368,0,1,-0.0265311972481449,JPM,US,Finance
2025-07-16,314.46,315.52,306.16,310.32,7999798,306.838,307.899,308.462,295.7424,307.6939284275275,304.37859262298406,51.921915878446335,62.7268702965914,3.3153358045434516,4.037419645499437,-0.7220838409559853,308.462,4.386029975660167,317.2340599513203,299.68994004867966,0.6059044289314531,0.05687611408401613,5.617142857142852,13835218.8,0.5782197981415517,159167912.0,-0.011625314520495644,0.030162412992942107,-0.013165426445292951,0.008744270714819757,0.03813729425933343,0.02048735571705751,64.41263573226007,66.00855544261242,0,0,-0.003286929621036272,JPM,US,Finance
2025-07-17,307.86,322.67,313.56,317.61,6405856,309.868,308.28499999999997,309.13500000000005,296.6186,309.2194779002156,305.3586968731831,54.52122596611459,72.99319727891161,3.8607810270325444,4.002091921806058,-0.14131089477351377,309.13500000000005,4.710245831110655,318.55549166222136,299.71450833777874,0.9498172867684372,0.06094742854863302,5.847857142857143,13567965.25,0.47213089139280545,165573768.0,0.02349187935034802,0.02868297597673666,0.03167023971925008,0.01230278884462166,0.044254479697517723,0.05008926800238056,80.07874015432763,75.63993542908595,0,0,-0.016624161707754936,JPM,US,Finance
2025-07-18,316.43,315.69,314.17,314.85,10682244,312.878,308.61,309.736,297.5992,310.08571206941326,306.0617563640915,52.579401505415824,70.29151654110716,4.023955705321782,4.006464678509203,0.017491026812579413,309.736,4.629573585004285,318.9951471700086,300.4768528299914,0.7761593430434225,0.05978734903258708,5.984285714285717,12073750.8,0.8847493452697942,154891524.0,-0.008689902710871777,0.004827695728109113,-0.00499320544826657,0.01043003851091151,0.03969223656837184,0.05020013342228147,69.21259842247201,71.23465810301991,0,0,-0.022613943147530624,JPM,US,Finance
2025-07-21,313.05,310.96,306.14,308.28,10749698,313.00600000000003,308.35900000000004,309.8895,298.3692,309.80791021258045,306.2260707074993,45.9819939979993,62.311265969802456,3.5818395050811773,3.9215396438235977,-0.33970013874242033,309.8895,4.521236993057386,318.93197398611477,300.8470260138852,0.4110033380863187,0.05835934412805592,6.387142857142862,12311248.05,0.873160631901927,144141826.0,-0.0208670795616962,0.015635136888492145,-0.015237182558648144,-0.008076192927700565,0.010058648143900895,0.0020803536601221584,43.34645669120674,64.2125984226688,0,1,-0.005838847800700542,JPM,US,Finance
2025-07-22,308.55,306.74,304.77,305.64,7388736,311.34000000000003,308.466,309.62199999999996,299.0328,309.1666932567988,306.1826580624976,48.25896762904636,46.580027359781134,2.984035194301214,3.7340387539191213,-0.7500035596179075,309.62199999999996,4.610092589550943,318.8421851791018,300.4018148208981,0.28406073614934063,0.05955768762602195,6.136428571428573,11787681.6,0.6268183705591123,136753090.0,-0.008563643441027557,0.006445491427802584,-0.009431210500698731,0.0035131496864431178,-0.017203125502427752,-0.0265311972481449,32.952755904214435,48.50393700596441,1,1,0.012563800549666437,JPM,US,Finance
2025-07-23,304.76,309.68,309.0,309.3,17149357,311.136,308.987,309.4355,299.742,309.18720198652204,306.413572280099,45.93161455476323,41.21189311253293,2.773629706423037,3.541956944419905,-0.7683272379968678,309.4355,4.53987998334535,318.5152599666907,300.3557400333093,0.49253834897675697,0.058685961802452176,5.920714285714289,12221078.15,1.4032604477485935,153902447.0,0.011974872398900827,0.002198512770765627,0.01489696810600185,0.017133085599658093,-0.011915790818771255,-0.003286929621036272,47.362204722544845,41.220472439322016,0,0,-0.02130617523440037,JPM,US,Finance
2025-07-24,309.33,313.19,311.64,312.33,28448346,310.08000000000004,309.97400000000005,309.6315,300.5668,309.67070937321097,306.851826185292,50.656829224401626,53.872832369942174,2.8188831879189706,3.3973421931197176,-0.578459005200747,309.6315,4.577737058740854,318.78697411748175,300.4760258825183,0.6473708496537608,0.05913787271290009,5.90857142857143,13281158.3,2.1420077387370844,182350793.0,0.00979631425800176,0.004962699708625649,0.009698380370446779,0.032632414203531024,0.012710353101390792,-0.016624161707754936,59.29133858034279,46.535433069034035,0,0,-0.030608651106201812,JPM,US,Finance
2025-07-25,312.59,308.63,307.01,307.73,7304066,308.65600000000006,310.767,309.375,301.288,309.37213870040927,306.91687609749465,47.42250673854448,28.761822871883055,2.4552626029146154,3.208926275078697,-0.7536636721640817,309.375,4.530798117216128,318.4365962344323,300.3134037655677,0.4092323274039435,0.05858001606078696,6.173571428571429,13355424.2,0.5468987988491748,175046727.0,-0.014728012038548899,0.0052643551164811364,-0.015547522313523817,0.02645096731154095,-0.01639711052867099,-0.022613943147530624,41.18110236058351,49.27821522115706,0,0,-0.01647548175348512,JPM,US,Finance
2025-07-28,309.77,308.11,305.17,306.48,15028089,308.296,310.651,309.09700000000004,301.98199999999997,308.9271942849617,306.88451490508663,51.75583747012321,30.75862068965516,2.0426793798750396,2.975676896037966,-0.9329975161629265,309.09700000000004,4.5292477590853375,318.1554955181707,300.03850448182936,0.35554996438944747,0.05861263951537133,5.774999999999998,13328397.35,1.1275239984105068,160018638.0,-0.004062002404705445,0.009592795614690697,-0.010620783161666213,-0.003770641008971398,-0.017818228432252337,-0.005838847800700542,36.25984251825758,45.57742781972797,0,0,-0.007537196554424419,JPM,US,Finance
2025-07-29,305.74,309.83,309.2,309.48,10345550,309.064,310.202,308.916,302.598,309.01224131804446,307.07677306027074,54.735547355473585,53.30033003300344,1.9354682577737208,2.7676351683851173,-0.8321669106113965,308.916,4.4321497694650285,317.7802995389301,300.0517004610699,0.5318130043435041,0.057389708133611654,5.945714285714282,13413660.2,0.7712696664800212,170364188.0,0.009788566953798039,0.0020356727413660325,0.012232615948151294,-0.014300729369048026,-0.011561801341424482,0.012563800549666437,48.07086613983981,41.83727033956031,0,0,-0.008530438154323527,JPM,US,Finance
2025-07-30,309.42,303.15,302.36,302.71,8824767,307.746,309.44100000000003,308.66999999999996,302.9304,308.042665730653,306.75330838913135,50.20145044319098,43.433437920215134,1.2893573415216792,2.47197960301243,-1.1826222614907507,308.66999999999996,4.638996034763095,317.94799206952615,299.39200793047377,0.1788098138305935,0.06011593008388334,6.274999999999998,13463908.1,0.6554386942496515,161539421.0,-0.021875403903321877,0.0026097585147413496,-0.0216857346001498,-0.024523072956947667,-0.015993238630822804,-0.02130617523440037,21.41732283380243,35.24934383063328,1,1,0.011231872088798056,JPM,US,Finance
2025-07-31,302.71,303.09,302.52,302.77,3292238,305.834,307.957,308.121,303.2402,307.2314863874756,306.45824850844804,52.49789739276701,32.549438802779164,0.7732378790275902,2.132231258215462,-1.3589933791878717,308.121,4.655845109561919,317.4326902191238,298.80930978087616,0.21267300166284026,0.060441775919808115,5.909285714285711,13182043.35,0.2497517010705551,164831659.0,0.00019820950744930954,0.0018826171681411983,0.00019820950744872673,-0.04672396964831094,-0.03499601593625501,-0.030608651106201812,2.0187099949767653,23.835632989539675,1,1,0.0013211348548403112,JPM,US,Finance
2025-08-01,301.38,306.0,299.99,302.66,4686485,304.82000000000005,306.738,307.674,303.6606,306.5281807894025,306.1768967670754,45.18561484918798,19.379354021532677,0.35128402232709277,1.776041811037788,-1.4247577887106952,307.674,4.732774194800362,317.1395483896007,298.20845161039927,0.23514476954427124,0.06152972555087494,5.599999999999999,12538462.75,0.3737686764058316,160145174.0,-0.0003633120850808913,0.019857265578471332,0.00424712986925404,-0.038716849293314315,-0.02869062901155328,-0.01647548175348512,11.77248677196777,11.736173200248999,1,1,0.020716315337342195,JPM,US,Finance
2025-08-04,303.56,304.51,303.9,304.17,9197404,304.358,306.327,307.34299999999996,304.0364,306.165383744879,306.02823774728904,39.55223880597014,35.98425196850391,0.13714599758998247,1.4482626483482268,-1.3111166507582444,307.34299999999996,4.734871865105543,316.812743730211,297.8732562697889,0.3324664272482012,0.061623292088515136,5.17571428571428,11994669.3,0.7667908971203652,169342578.0,0.004989096676138116,0.002005457474432088,0.002009487415990263,-0.013332035811599696,-0.02130055664596675,-0.007537196554424419,18.430335096189165,10.740510621044576,0,0,-0.016832692244468594,JPM,US,Finance
2025-08-05,303.83,308.12,305.81,306.84,29062086,303.83,306.447,307.4565,304.30260000000004,306.26917086105146,306.088368284528,46.2108013937282,51.27478753541062,0.1808025765234902,1.1947706339832795,-1.0139680574597894,307.4565,4.691913844726533,316.8403276894531,298.0726723105469,0.46715093132197566,0.061041660784030026,4.789285714285711,12039706.45,2.4138531704937733,198404664.0,0.008777985994673942,0.007528353539279345,0.009906855807491309,0.0039261876717706645,0.007453130643201744,-0.008530438154323527,30.202821868156683,20.135214578771215,0,1,-0.02245469951766388,JPM,US,Finance
2025-08-06,307.24,306.39,305.9,306.11,9537040,304.51000000000005,306.128,307.5575,304.4554,306.2446830362743,306.08997063382225,35.39126016260158,35.78059071729945,0.15471240245204854,0.9867589876770333,-0.8320465852249848,307.5575,4.637052007020218,316.83160401404047,298.28339598595954,0.4219601161346412,0.06030809857675593,3.9742857142857093,11839698.45,0.8055136906368008,188867624.0,-0.0023790900795201964,0.0016007317630864996,-0.003677906522576219,-0.010313611380536658,0.006642770232497153,0.011231872088798056,38.98089171726242,29.204682893869432,0,0,-0.00806899480578882,JPM,US,Finance
2025-08-07,305.48,305.23,301.52,303.17,15469744,304.59000000000003,305.212,307.59299999999996,304.465,305.7716548768475,305.87367651279493,35.2301466868993,52.86783042394042,-0.10202163594743752,0.7690028629521392,-0.8710244988995767,307.59299999999996,4.5985307722335245,316.790061544467,298.3959384555329,0.25954276380153335,0.059800200553570035,4.056428571428569,12100557.55,1.2784322257587026,173397880.0,-0.009604390578550226,0.012237358577655438,-0.0075618698441549045,-0.029327954407197376,0.0023474178403757318,0.0013211348548403112,24.090909089084093,31.091540891501072,1,0,0.01909819573176752,JPM,US,Finance
2025-08-08,303.94,311.39,306.97,308.93,6564211,305.844,305.332,308.0495,304.60699999999997,306.25755412656326,306.10007084518384,50.83914278337211,72.44897959183706,0.15748328137942735,0.6466989466375969,-0.4892156652581695,308.0495,4.221948259427647,316.4933965188553,299.6056034811447,0.5521382514270325,0.05482168624735886,4.021428571428564,12033073.35,0.5455140398097847,179962091.0,0.01899924134973774,0.014307448289210021,0.016417714022450455,0.0038995223085172004,0.030453635757171416,0.020716315337342195,67.72727272214192,43.59969117616282,1,0,0.0030751302884148846,JPM,US,Finance
2025-08-11,309.26,303.85,295.21,299.05,9435010,304.82,304.589,307.62,304.6028,305.1486996455535,305.57784337516307,42.83228192299325,42.31587909748823,-0.4291437296095637,0.4315304113881647,-0.8606741409977284,307.62,4.678090028613199,316.97618005722643,298.2638199427736,0.04201394438626672,0.06082946529611866,4.750714285714281,11367480.1,0.8300000604355524,170527081.0,-0.03198135499951449,0.028891489717342088,-0.033014292181229275,-0.024243017488906338,-0.027922246781952875,-0.016832692244468594,21.357063402594314,37.725081737940116,1,1,0.06487209496739665,JPM,US,Finance
2025-08-12,297.78,302.3,298.08,299.95,6801124,303.442,303.63599999999997,306.919,304.62559999999996,304.34889970008373,305.1609660881087,39.180745197870785,40.77797202797193,-0.8120663880249595,0.18281105150553983,-0.9948774395304993,306.919,4.726656657502758,316.3723133150055,297.46568668499447,0.13139907840199802,0.061601356155693954,4.763571428571424,11218592.45,0.6062367827403533,177328205.0,0.003009530178899711,0.014069011501870173,0.007287259050281178,-0.030793589246478015,-0.04465394782941057,-0.02245469951766388,26.362625137577187,38.48232042077115,1,1,0.04110685114185686,JPM,US,Finance
2025-08-13,299.92,304.15,303.24,303.64,18156265,302.948,303.729,306.585,304.7182,304.2398382077631,305.04830193343264,40.09573740597216,43.30543933054393,-0.808463725669526,-0.015443903929473373,-0.7930198217400526,306.585,4.709666990129448,316.0043339802589,297.1656660197411,0.34367259901199937,0.06144680255216776,4.785714285714282,11726415.8,1.5483216492867624,195484470.0,0.012302050341723714,0.0029969700961565383,0.012403307548638194,0.003072247365465408,-0.02152616653776751,-0.00806899480578882,52.101359700117364,33.273682746762965,1,1,0.05094849163483084,JPM,US,Finance
2025-08-14,303.65,313.03,305.69,308.96,6920078,304.106,304.348,306.15250000000003,304.9036,304.96601694503033,305.3380573457741,51.379233011886036,55.001755001754944,-0.37204040074374234,-0.08676320329232719,-0.28527719745141517,306.15250000000003,3.9854153517965694,314.1233307035932,298.1816692964069,0.6761108787606197,0.05207098229520984,5.076428571428567,11752126.9,0.5888361715328166,202404548.0,0.017520748254511886,0.02375712066279201,0.017487238597011415,0.020444561878653733,-0.027234658858348415,0.01909819573176752,77.16049382283053,51.87482622017503,1,1,0.029129984464008274,JPM,US,Finance
2025-08-15,309.65,312.1,308.1,309.88,6309229,304.296,305.07,305.904,305.1444,305.72201433810255,305.6744975423868,53.84093990058742,62.674726105024526,0.04751679571575096,-0.059907203490711554,0.1074239992064625,305.904,3.545196008242977,312.99439201648596,298.81360798351403,0.7803794197820776,0.04635697484480612,5.152142857142853,11533476.15,0.5470361555274768,208713777.0,0.0029777317452097662,0.012908222537714896,0.0007427740997877456,0.023855150994515295,-0.015785294584722998,0.0030751302884148846,82.32323231861274,70.5283619471869,1,1,0.0499870917774623,JPM,US,Finance
2025-08-18,309.53,321.27,316.19,318.45,11032229,308.17600000000004,306.498,306.4125,305.6486,307.6801659783945,306.62083105777435,59.000602046959656,66.25683060109287,1.059334920620131,0.16394122133145703,0.895393699288674,306.4125,4.503712941915598,315.41992588383124,297.4050741161688,1.1681986704125806,0.05879280958708813,5.726428571428569,11547602.7,0.9553695542911644,219746006.0,0.02765586678714338,0.01595226880195959,0.028817885180664877,0.046947430713087934,0.03298949007395868,0.06487209496739665,89.17881810862708,82.88751475002346,1,0,0.011304757418747036,JPM,US,Finance
2025-08-19,315.9,313.01,311.7,312.28,21696056,310.642,307.04200000000003,306.7445,306.018,308.3878327509492,307.0400287572021,59.71968312004877,75.87016034415323,1.3478039937471067,0.40071377581458706,0.9470902179325196,306.7445,4.684866425104666,316.11423285020936,297.37476714979067,0.7953926268602677,0.06109144809558965,5.699999999999997,12262968.7,1.769233434540738,198049950.0,-0.019375098131574897,0.0041949532470725226,-0.011459322570397421,0.017729109633685347,0.02172490511713132,0.04110685114185686,65.50268610646572,79.00157884456853,1,1,0.016779812988343856,JPM,US,Finance
2025-08-20,310.81,319.13,319.1,319.11,13993973,313.736,308.342,307.235,306.61260000000004,310.0373969431109,307.9341007011202,64.58928571428578,80.4126984126984,2.1032962419906767,0.7412302690498052,1.3620659729408715,307.235,5.422053893228401,318.0791077864568,296.3908922135432,1.04753236655316,0.07059161740310507,6.148571428571428,12105199.5,1.1560298402327165,212043923.0,0.021871397463814723,9.40114693988866e-05,0.026704417489698873,0.0424683937146777,0.03171677982541232,0.05094849163483084,91.71143514613553,82.13097978707611,0,1,-0.008461032245933975,JPM,US,Finance
2025-08-21,316.87,318.44,317.57,317.96,23259358,315.536,309.821,307.5165,307.245,311.25625895186306,308.67675990845015,63.411640953716656,74.72375690607726,2.579499043412909,1.1088840239224262,1.4706150194904828,307.5165,5.831206677507689,319.17891335501537,295.85408664498465,0.9477418044251131,0.07584902504403787,5.8292857142857155,11845750.1,1.9635190545241155,188784565.0,-0.0036037729936386764,0.0027361932318444725,0.003439896487507606,0.04878451034073272,0.018025806038485026,0.029129984464008274,87.29854182320419,81.50422102526849,1,0,0.010347213485973228,JPM,US,Finance
2025-08-22,317.93,326.39,324.55,325.37,11574437,318.63399999999996,311.465,308.3985,308.0294,313.42760372849955,309.9132962115364,66.84143628852874,76.4251207729468,3.514307516963129,1.589968722530567,1.9243387944325618,308.3985,7.068089353232914,322.53467870646585,294.26232129353417,1.1002859878652,0.09167475656606633,6.299285714285718,12059268.65,0.959795852976884,200359002.0,0.023304818216127954,0.005655100347279466,0.02340137766167583,0.05321593888583176,0.05732297793520291,0.0499870917774623,96.72867222268356,91.91288306400776,0,0,-0.027722285398162017,JPM,US,Finance
2025-08-25,323.5,323.25,321.08,322.05,17986983,319.354,313.765,309.177,308.61260000000004,314.7541262318073,310.8123113069839,61.95942758295331,68.19133034379668,3.9418149248234045,2.060337962989135,1.8814769618342693,309.177,7.676901170327074,324.5308023406542,293.82319765934585,0.9192121180626163,0.09932046912030655,6.323571428571435,12207213.35,1.473471545946926,182372019.0,-0.010203768017948756,0.0067380841484032845,-0.004482225656864008,0.07691021568299616,0.05080266249021137,0.011304757418747036,86.08082103636696,90.0360116940849,0,0,-0.021207886974072276,JPM,US,Finance
2025-08-26,323.82,319.01,316.32,317.52,10124069,320.40200000000004,315.522,309.579,309.0288,315.1796452730677,311.3091771360991,58.465647722213944,48.41890513430805,3.8704681369686114,2.4223639977850304,1.448104139183581,309.579,7.900843326074752,325.3806866521495,293.7773133478505,0.7512706451551009,0.10208500351831654,6.6657142857142935,12196139.3,0.8301043404690908,172247950.0,-0.014066138798323302,0.008471907281404402,-0.019455252918227892,0.05857642940490071,0.02597906165180297,0.016779812988343856,71.55227709841076,84.78725678582043,0,0,-0.012723607961703132,JPM,US,Finance
2025-08-27,317.03,323.52,310.72,316.41,10506083,319.86199999999997,316.799,310.264,309.3786,315.3689306156727,311.6870158667605,60.09762050030506,58.480492813141765,3.68191474891222,2.674274148010469,1.0076406009017513,310.264,7.867782674333905,325.99956534866783,294.5284346513322,0.6952900916847277,0.10143339445515498,7.252142857142859,12280205.1,0.8555298595517872,161741867.0,-0.0034958427815569015,0.04045384153458961,-0.0019556508847679782,0.042056382558292915,0.045257837534273815,-0.008461032245933975,67.99230275599781,75.20846696359185,1,0,0.016118327486488893,JPM,US,Finance
2025-08-28,314.55,324.53,318.63,321.25,31611831,320.52,318.02799999999996,311.188,309.7206,316.27371052095384,312.39538506181884,59.529702970297016,54.785330948121604,3.8783254591349987,2.9150844102353752,0.9632410488996235,311.188,8.024943744680465,327.2378874893609,295.1381125106391,0.8134601412581993,0.10315235477787921,7.245,13696184.75,2.3080755165721962,193353698.0,0.015296608830315028,0.018365758754806574,0.0213002702272411,0.03977861211807365,0.06103643029362238,0.010347213485973228,83.51507376255569,74.35321787232142,0,0,-0.01982879377431912,JPM,US,Finance
2025-08-29,319.81,319.98,313.44,316.35,9372137,318.716,318.675,311.8725,309.99100000000004,316.28544736388403,312.6883195016855,64.49882668454576,46.91689008042903,3.5971278621985334,3.051493100628007,0.5456347615705264,311.8725,7.8409967646455,327.554493529291,296.190506470709,0.6427592732707783,0.10056669651374013,6.822857142857141,13930467.35,0.6727797490024806,183981561.0,-0.015252918287937622,0.020673304883765915,-0.010818923735934339,0.02087904995482126,0.04523227383863082,-0.027722285398162017,64.5354998211045,72.01429211321934,0,1,-0.013276434329066,JPM,US,Finance
2025-09-01,315.52,317.45,313.44,315.22,5369494,317.35,318.352,312.425,310.1912,316.12153238482495,312.8758513904503,62.74837201536152,24.40746343923344,3.245680994374652,3.0903306793773364,0.15535031499731566,312.425,7.6568356113325935,327.7386712226652,297.11132877733485,0.5912583259353247,0.09803102327032823,6.807857142857139,13739071.85,0.3908192393055111,178612067.0,-0.0035719930456772353,0.01272127403079522,-0.0009508113590232116,-0.010142879572931252,0.036328369004175354,-0.021207886974072276,51.749460040961274,66.60001120820716,0,0,-0.01792398959456898,JPM,US,Finance
2025-09-02,316.28,315.39,311.96,313.48,10624259,316.54200000000003,318.47200000000004,312.75699999999995,310.241,315.7151427871596,312.920603139306,58.49154297549191,26.520547945205436,2.7945396478535827,3.031172473072586,-0.23663282521900353,312.75699999999995,7.545063984244238,327.84712796848845,297.66687203151145,0.5239560592523104,0.09649745948733526,6.75285714285714,12817180.5,0.8289075878343456,167987808.0,-0.005519954317619424,0.010941686869940874,-0.008852915138456754,0.003842705264506252,0.021639942641116017,-0.012723607961703132,37.632850239728,51.30593670059793,1,0,0.0012759984688017756,JPM,US,Finance
2025-09-03,312.1,322.76,320.5,321.51,11525227,317.562,318.712,313.527,310.4106,316.6066592814427,313.55685475861907,60.34624896949712,59.17241379310351,3.0498045228236492,3.034898883022799,0.014905639800850246,313.527,7.616485651810464,328.7599713036209,298.2940286963791,0.7620302973110834,0.09717167136209842,6.7449999999999966,12916589.85,0.8922808761105877,179513035.0,0.02561566926119685,0.007029330347401206,0.030150592758634468,0.007520917551941286,0.050308712554310464,0.016118327486488893,73.31875341315914,54.23368789794947,0,0,-0.021585642748281564,JPM,US,Finance
2025-09-04,320.05,315.26,314.58,314.88,12732666,316.288,318.404,314.1125,310.54,316.34101939198996,313.6548655172402,53.767329716696814,47.19471947194713,2.6861538747497775,2.965149881368195,-0.2789960066184176,314.1125,7.2180810068242565,328.54866201364854,299.6763379863515,0.5265825500831792,0.09191714442183975,6.954285714285711,12779735.95,0.996316751261457,166780369.0,-0.020621442567882786,0.0021595528455216188,-0.016153725980265154,-0.009686753050698105,0.03862519378566476,-0.01982879377431912,26.547543074246992,45.83304890904472,1,0,0.005462398373983879,JPM,US,Finance
2025-09-05,317.39,312.43,311.92,312.15,13670979,315.448,317.082,314.27349999999996,310.5258,315.6962471778377,313.54339399744424,44.79510905485789,31.915739268680383,2.1528531803934357,2.8026905411732437,-0.649837360779808,314.27349999999996,7.13179631539173,328.53709263078343,300.0099073692165,0.42556223192175885,0.09077184446501595,6.352142857142853,13135074.35,1.0407994347744645,153109390.0,-0.00866996951219523,0.0016338298894709503,-0.016509656888948926,-0.04063066662568782,0.010423073188100762,-0.013276434329066,9.125717931772154,36.33067147305944,1,1,0.015537401890117097,JPM,US,Finance
2025-09-08,311.79,310.65,308.7,309.57,33994955,314.318,315.834,314.79949999999997,310.4764,314.75374761201647,313.24906851615117,47.619884068153894,35.15761821366016,1.5046790958652991,2.543088252111655,-1.038409156246356,314.79949999999997,6.287926170554214,327.3753523411084,302.22364765889154,0.29208168725082495,0.07989753694696772,6.116428571428567,14363071.6,2.3668302700078256,119114435.0,-0.00826525708793846,0.006299059986412409,-0.00712017704221722,-0.03875174662319525,0.035178063868918086,-0.01792398959456898,4.91803278660726,13.530431264208808,1,1,0.026165326097490116,JPM,US,Finance
2025-09-09,309.06,315.12,312.89,313.88,18938838,314.39799999999997,315.46999999999997,315.496,310.492,314.61932490247546,313.2958041816216,45.19389818048151,47.425057647963044,1.3235207208538782,2.2991747458600997,-0.9756540250062216,315.496,5.240820948148427,325.97764189629686,305.0143581037031,0.4229128405448661,0.066445482010952,6.023571428571423,14969957.3,1.2651229629677725,138053273.0,0.013922537713602745,0.007104625971686357,0.015595677214729818,-0.011463844797178102,0.04644107351225202,0.0012759984688017756,29.282080269684492,14.441943662687974,1,1,0.02580604052504154,JPM,US,Finance
2025-09-10,312.96,315.25,314.02,314.57,3162640,313.01,315.286,316.0425,310.63079999999997,314.61173645594073,313.3901890570572,46.858202038924944,52.182619142971525,1.2215473988835015,2.0836492764647803,-0.8621018775812788,316.0425,4.449585285231826,324.94167057046366,307.1433294295364,0.4172675706821194,0.056316290185247114,6.011428571428565,14220276.05,0.22240354311521657,141215913.0,0.002198292341021979,0.003910099500893627,0.005144427402846592,-0.005815239720615706,0.03599657489131869,-0.021585642748281564,33.182589031476425,22.46090069592273,1,1,0.011762087929554577,JPM,US,Finance
2025-09-11,315.01,317.32,316.02,316.6,25271521,313.354,314.821,316.4245,310.6878,314.9176231550268,313.62795283060916,40.97179328803789,37.05851344227738,1.2896703244176138,1.924853486055347,-0.6351831616377333,316.4245,4.125708200772343,324.6759164015447,308.1730835984553,0.5106345378144115,0.05215409300808645,5.605714285714279,15137848.2,1.6694261295719606,166487434.0,0.006453253647836776,0.004106127605798816,0.00504745881081548,-0.014474708171206108,0.024728120145002697,0.005462398373983879,49.905243205944345,37.45663750236843,1,1,0.006506632975363136,JPM,US,Finance
2025-09-12,317.33,317.93,316.27,317.0,5020744,314.32399999999996,314.886,316.7805,310.7958,315.2379888234842,313.87773410241647,44.46878422782035,58.32025117739405,1.3602547210677471,1.8119337330578271,-0.45167901199008,316.7805,3.827696125818315,324.43589225163663,309.1251077483634,0.5143362999746173,0.04833247154804318,5.4178571428571365,15073423.95,0.3330858127236704,171508178.0,0.0012634238787112562,0.005236593059920468,-0.001039926889985013,0.0020546862652124354,0.022976636117206573,0.015537401890117097,52.432090963207195,45.173307733542664,1,1,0.01886435331230296,JPM,US,Finance
2025-09-15,317.04,318.96,316.64,317.67,3595205,315.944,315.131,316.7415,310.9334,315.612144389102,314.1586426874232,50.179468772433644,75.84269662921365,1.4535017016788174,1.7402473267820255,-0.2867456251032081,316.7415,3.813738703000301,324.36897740600057,309.1140225939994,0.5608654703263177,0.04816216003255976,5.174285714285706,14701572.75,0.2445455881891556,175103383.0,0.002113564668769774,0.007303176252062486,0.001987130961386602,0.007772349470211326,-0.0024493641073951578,0.026165326097490116,56.66456095662281,53.00063170859145,1,1,0.005036673277300174,JPM,US,Finance
2025-09-16,318.22,326.61,318.28,321.98,10171264,317.564,315.981,317.2265,311.2816,316.59181448308635,314.7380024883559,56.190264503222934,100.0,1.8538119947304494,1.7629602603717103,0.09085173435873917,317.2265,3.8332331756590494,324.8929663513181,309.5600336486819,0.8100189697156073,0.04833433746105023,4.898571428571423,14125333.15,0.7200724522329265,185274647.0,0.013567538640727905,0.025871172122411856,0.011815724970109279,0.027114967462039008,0.031061867554758704,0.02580604052504154,74.14852037553615,61.08172409845539,0,1,-0.02580905646313436,JPM,US,Finance
2025-09-17,318.95,318.81,317.85,318.27,19278236,318.304,315.65700000000004,317.1845,311.5652,316.84999687030387,314.99963193366335,46.60282717738256,68.5859441151565,1.850364936640517,1.7804411956254718,0.06992374101504528,317.1845,3.816073312495654,324.81664662499134,309.5523533750087,0.571113675664616,0.04812433536296546,4.613571428571427,14389546.3,1.339738881152988,165996411.0,-0.011522454810857896,0.003016306909218473,-0.0021319956105906096,-0.010077447046748178,-0.0026323211431795723,0.011762087929554577,53.43383584291257,61.41563905835718,1,1,0.000691237000031597,JPM,US,Finance
2025-09-18,319.69,320.68,317.05,318.66,14492189,318.716,316.03499999999997,317.21950000000004,311.88919999999996,317.12845889025715,315.270770308948,52.93519695044473,67.7671589921807,1.8576885813091621,1.79589067276221,0.06179790854695222,317.21950000000004,3.826755496710592,324.87301099342125,309.56598900657883,0.5941071359696289,0.04825372332657406,4.314999999999998,13951187.85,1.0387780680067276,180488600.0,0.001225374681874003,0.011391451703974782,-0.0032218711877029338,0.012004573170731891,0.00220153478424967,0.006506632975363136,55.6113902816522,61.06458216670031,0,0,-0.019487855394464404,JPM,US,Finance
2025-09-19,320.22,325.05,321.33,322.98,7459455,319.91200000000003,317.118,317.1,312.3528,318.0286959840638,315.8418243601379,59.12082745651149,73.11594202898537,2.1868716239259243,1.8740868629949532,0.3127847609309711,317.1,3.588755831911439,324.2775116638229,309.92248833617714,0.9096127094246044,0.04526970459665877,4.484999999999998,13745438.75,0.5426858023949361,187948055.0,0.013556768970062194,0.011517741036561117,0.008619074386332432,0.03469485824123031,-0.0073454836032823545,0.01886435331230296,79.73199329538073,62.9257398066485,0,0,-0.022137593659050214,JPM,US,Finance
2025-09-22,321.63,319.97,318.7,319.27,9989929,320.232,318.08799999999997,316.961,312.5854,318.21966583266936,316.0957632964243,56.504156369355144,56.63354763296308,2.1239025362450548,1.9240499976449736,0.19985253860008112,316.961,3.437595395809233,323.8361907916185,310.08580920838153,0.6679226125729442,0.04338193526393965,4.5457142857142845,13345586.05,0.7485567298442671,177958126.0,-0.011486779367143596,0.0039778244119274,-0.00733762397783999,0.03133378557353739,-0.00863219996894904,0.005036673277300174,59.017308762757146,64.7868974465967,0,0,-0.009427757070817777,JPM,US,Finance
2025-09-23,318.62,315.26,312.39,313.67,10525684,318.57,318.067,316.7685,312.57939999999996,317.51971724302797,315.91607712631856,40.68441064638789,40.925589836660656,1.603640116709414,1.8599680214578618,-0.2563279047484477,316.7685,3.511644201798584,323.7917884035972,309.74521159640284,0.2794124474019586,0.044343351081783736,4.3742857142857146,13365666.8,0.7875165055351742,167432442.0,-0.017540013155009748,0.009149743360827797,-0.015535747912825476,-0.000669045495093612,-0.012125220458553687,-0.02580905646313436,27.749860411627704,55.499720823255196,0,1,-0.019160263971690017,JPM,US,Finance
2025-09-24,313.47,320.85,316.6,318.49,5145861,318.61400000000003,318.459,316.8725,312.7428,317.6689915133314,316.1067380799248,54.48224484728086,42.26164079822616,1.5622534334065676,1.8004251038476031,-0.2381716704410355,316.8725,3.5312140077382317,323.9349280154765,309.8100719845235,0.6145144414810976,0.04457583422641092,4.392142857142858,13097655.7,0.3928840950610654,172578303.0,0.015366467944017526,0.013344218028781612,0.016014291638702164,0.01246145531996068,0.0065737492493915806,0.000691237000031597,54.66219988527853,47.14312301988779,0,0,-0.02188451756727061,JPM,US,Finance
2025-09-25,316.41,315.69,309.86,312.45,16393942,317.37199999999996,318.044,316.4325,312.6396,316.8660697420496,315.8358685925227,50.34419458467188,38.30385852090036,1.0302011495269312,1.6463803129834687,-0.6161791634565374,316.4325,3.5052139735008327,323.4429279470017,309.4220720529983,0.21595885227525496,0.04430915248578786,4.797142857142859,12336761.25,1.3288690879975416,156184361.0,-0.018964488680963343,0.01865898543761026,-0.012515407224763821,-0.013108022741629921,-0.027392996108949408,-0.019487855394464404,20.938023449417166,34.45002791544113,1,0,0.016546647463594244,JPM,US,Finance
2025-09-26,312.8,316.19,315.53,315.83,20567610,315.942,317.927,316.4065,312.6592,316.7066743971189,315.83543388196546,57.052726453357344,44.92285611768921,0.8712405151534313,1.4913523534174613,-0.62011183826403,316.4065,3.507785738824304,323.4220714776486,309.3909285223514,0.4589128268241844,0.04434530565981703,4.817857142857146,12896534.9,1.5948166359929257,176751971.0,0.010817730836933936,0.0020897318177435184,0.009686700767232373,-0.003690851735015821,-0.001643749012170237,-0.022137593659050214,35.64179104264807,37.08067145911459,1,0,0.016907830161795978,JPM,US,Finance
2025-09-29,316.38,319.2,313.91,316.26,7634282,315.34,317.786,316.4585,312.8188,316.63795525910064,315.86688322404217,52.93827160493826,35.988323603002456,0.7710720350584666,1.3472962897456624,-0.5762242546871958,316.4585,3.4969630056927117,323.45242601138546,309.4645739886146,0.485809114926102,0.04420122076900029,4.799285714285714,13009774.3,0.5868112111052372,184386253.0,0.0013614919418674098,0.016726743818324282,-0.0003792907263405565,-0.004438568325620951,0.0032992830404161566,-0.009427757070817777,38.20895522159933,31.596256571221527,1,1,0.0035413899955731853,JPM,US,Finance
2025-09-30,315.57,309.41,306.26,307.66,7701952,314.138,316.354,316.1675,312.8592,315.25673137308513,315.25896594818664,42.863044825449336,29.89262209906481,-0.002234575101510927,1.0773901167762279,-1.0796246918777388,316.1675,3.968260755177007,324.104021510354,308.230978489646,-0.035971583323066915,0.05020453721732244,5.4157142857142855,12863658.95,0.5987372201952524,176684301.0,-0.027192816037437395,0.010238575050347122,-0.025065754032306313,-0.04447481210013038,-0.018565777721066712,-0.019160263971690017,6.879606879268975,26.91011771450546,1,1,0.008970941948904576,JPM,US,Finance
2025-10-01,304.6,314.04,309.5,311.52,8518853,312.74399999999997,315.679,315.668,312.9036,314.6818496233797,314.98200550758,44.94426751592352,46.0375967563582,-0.3001558842003078,0.8018809165809206,-1.1020368007812285,315.668,3.8883207036922784,323.44464140738455,307.89135859261546,0.23330389155564835,0.049271015163779096,5.674999999999999,12713340.25,0.6700719214942806,185203154.0,0.0125463173633229,0.014573703132978452,0.022718319106950886,-0.02120840795550949,-0.031072128394140197,-0.02188451756727061,25.847665846395618,23.645409315754637,0,1,-0.026194144838212585,JPM,US,Finance
2025-10-02,312.77,320.74,315.12,317.62,15041654,313.778,315.575,315.805,313.00939999999997,315.13387275824437,315.1774125070187,50.55416517697534,48.468848996832094,-0.04353974877432165,0.6327967835098722,-0.6763365322841939,315.805,3.907319043191684,323.61963808638336,307.99036191361665,0.6161282185637249,0.049490274608436274,6.214999999999999,12828789.65,1.1724919682900898,200244808.0,0.019581407293271846,0.01769409986771082,0.015506602295567083,-0.0032636666039038698,0.008701727642276502,0.016546647463594244,55.82309582035268,29.516789515339088,0,0,-0.04669101441974677,JPM,US,Finance
2025-10-03,315.81,322.01,320.49,321.17,5495731,314.846,315.394,316.25600000000003,313.27819999999997,316.06250771851444,315.6213078768694,52.975178510710634,66.82098765432107,0.441199841645016,0.594477395136901,-0.153277553491885,316.25600000000003,3.9830686398176818,324.2221372796354,308.2898627203647,0.8084305370780966,0.05037777800016542,6.362857142857142,12420027.25,0.44248941221208576,205740539.0,0.011176878030350723,0.004732696079942862,0.01697223013832064,-0.005604062171032265,0.028896363927598978,0.016907830161795978,73.26781326421292,51.64619164365374,0,0,-0.05075193822586177,JPM,US,Finance
2025-10-06,318.5,318.92,316.15,317.38,15794675,315.07000000000005,315.20500000000004,316.6465,313.49620000000004,316.265198838743,315.7515813674717,46.05488850771869,52.943410558298545,0.5136174712712887,0.5783054103637786,-0.06468793909248993,316.6465,3.6630649734922187,323.97262994698445,309.32037005301555,0.550060537061034,0.04627324127670014,6.0828571428571445,11510013.25,1.372255034349762,189945864.0,-0.011800604041473428,0.008727708110124492,-0.00351648351647249,-0.005919754439815739,0.025228542817456567,0.0035413899955731853,59.18041511127296,62.75710806527952,0,0,-0.028735270023315884,JPM,US,Finance
2025-10-07,318.52,313.35,308.07,310.42,6670828,315.622,314.88,316.47349999999994,313.515,315.3659374789364,315.3566494143254,43.62307067424861,41.11381618989656,0.009288064611041591,0.4645019412132312,-0.4552138766021896,316.47349999999994,3.8761080249495254,324.225716049899,308.7212839501009,0.10956325512958891,0.04899124918752798,6.4528571428571455,10896612.75,0.6121927557540525,183275036.0,-0.021929548175688374,0.01700921332382907,-0.025430114278458295,-0.010361207638601044,-0.011023321014400289,0.008970941948904576,22.139435868965545,51.52922141481714,0,0,-0.01491527607757226,JPM,US,Finance
2025-10-08,309.84,304.26,302.63,303.36,7213883,313.99,313.367,315.913,313.528,313.5188701744847,314.4680087169674,38.7862796833773,43.13537675606639,-0.9491385424827286,0.18177384447403916,-1.1309123869567677,315.913,4.853199812605896,325.6193996252118,306.2066003747882,-0.1466352347191468,0.06144982716875273,6.750000000000004,11099174.9,0.6499476235888828,176061153.0,-0.02274337993685971,0.005373154008421092,-0.02091402013935918,-0.047505416182611726,-0.03563594748386678,-0.026194144838212585,3.2560214093106934,28.191957463183062,1,1,0.028909546413502074,JPM,US,Finance
2025-10-09,303.38,303.91,301.89,302.79,14414642,311.024,312.401,315.22249999999997,313.5284,311.8682747630255,313.60297103422863,34.341554211261055,34.42739921512674,-1.73469627120312,-0.2015201786613928,-1.5331760925417273,315.22249999999997,5.664862961135607,326.5522259222712,303.89277407772875,-0.048667288390105604,0.07188399255913067,6.43785714285715,10556330.95,1.3654972265247873,161646511.0,-0.0018789556962025555,0.006671290333212349,-0.0019447557518558582,-0.030916946711473714,-0.04361970941250792,-0.04669101441974677,4.473161033575061,9.956206103950434,1,1,0.015951649658178857,JPM,US,Finance
2025-10-10,304.16,306.69,303.41,304.87,15302839,307.764,311.305,314.616,313.5726,310.7916171071754,312.9560842909521,38.54232972628899,23.44856309870886,-2.1644671837767078,-0.594109579684456,-1.5703576040922518,314.616,6.0973707879987575,326.8107415759975,302.4212584240025,0.10040153621282563,0.07752143295928213,6.41071428571429,11070435.7,1.382315749115841,176949350.0,0.006869447471845147,0.010758684029222993,0.0023342977380248725,-0.034702213215970557,-0.03826498422712932,-0.05075193822586177,14.811133200059176,7.5134385476483105,1,1,0.03073441138846067,JPM,US,Finance
2025-10-13,304.64,310.19,306.72,308.26,14319235,305.94,310.505,314.14549999999997,313.6544,310.4021375522253,312.60822619532587,45.538512287646356,22.935010482180203,-2.206088643100543,-0.9165053923676735,-1.2895832507328695,314.14549999999997,6.211301647635489,326.56810329527093,301.722896704729,0.26311325974228017,0.07908821418884827,6.299285714285718,11606637.2,1.2337108086991115,191268585.0,0.011119493554629711,0.011256731330658255,0.011882878151221514,-0.025295642825523323,-0.02962193471212271,-0.028735270023315884,31.660039759857867,16.98144466449737,0,0,-0.004087458638811325,JPM,US,Finance
2025-10-14,307.97,308.07,303.96,305.79,7811409,305.014,310.31800000000004,313.336,313.6334,309.69257792880603,312.1031724030793,39.10432395332875,24.27873945849973,-2.410594474273296,-1.2153232087487982,-1.1952712655244977,313.336,6.191480904395807,325.7189618087916,300.9530381912084,0.19530714393232562,0.079039509081319,6.093571428571432,11488644.45,0.6799242812389167,183457176.0,-0.008012716537987297,0.013440596487741825,-0.007078611553050389,-0.0060781382045115295,-0.05028262625007762,-0.01491527607757226,19.383697812158033,21.951623590691693,1,1,0.019098073841525176,JPM,US,Finance
2025-10-15,307.51,313.91,310.71,312.13,6074609,306.76800000000003,310.379,313.02900000000005,313.75379999999996,310.067565939759,312.1051596324808,49.72686923864801,53.90232770424461,-2.0375936927218277,-1.3797773055434042,-0.6578163871784235,313.02900000000005,6.085268579465875,325.1995371589318,300.85846284106833,0.463066543870524,0.07775980601728812,6.057142857142862,10828463.1,0.560985283222207,189531785.0,0.020733182903299507,0.010252138531989214,0.015023901661685737,0.001958140729327207,-0.01929179627360411,0.028909546413502074,50.89463220422992,33.97945659208194,0,0,-0.009835645404158488,JPM,US,Finance
2025-10-16,309.79,307.88,307.41,307.62,2287508,307.73400000000004,309.379,312.477,313.8428,309.6910173336422,311.7729255856303,43.12510467258416,61.00206611570251,-2.081908251988068,-1.520203494832337,-0.561704757155731,312.477,6.048202951901688,324.57340590380335,300.3805940961966,0.29923788772778936,0.0774226960945264,6.127142857142859,10218229.05,0.22386538459270644,187244277.0,-0.014449107743568335,0.0015278590468709532,-0.007004745149917722,-0.03148416346577676,-0.03464507625682556,0.015951649658178857,28.479125247093567,32.91915175449384,1,1,0.007801833430856275,JPM,US,Finance
2025-10-17,307.52,317.5,311.64,314.24,15311666,309.608,308.68600000000004,312.04,313.949,310.3908608207742,311.9556718385466,48.467374810318674,72.53049980322713,-1.5648110177723993,-1.5291249994203497,-0.03568601835204954,312.04,5.544130134420736,323.1282602688415,300.95173973115857,0.5992040205614081,0.07106947999491038,6.4550000000000045,10610839.6,1.4430210175808316,202555943.0,0.021520057213445076,0.01864816700605068,0.021852237252790632,-0.02157735778559644,-0.027060499102111613,0.03073441138846067,61.381709738500014,46.9184890632745,0,0,-0.0022912423625255363,JPM,US,Finance
2025-10-20,313.76,308.35,305.91,307.0,16300565,309.356,307.648,311.4265,314.108,309.86918992527046,311.58858503569115,49.48868918500153,53.483807654563286,-1.7193951104206917,-1.5671790216204184,-0.15221608880027326,311.4265,5.378374118441199,322.1832482368824,300.6697517631176,0.2942454400337838,0.06908049402891445,6.335714285714289,10926371.4,1.4918551558795488,186255378.0,-0.023039714867617134,0.007947882736130455,-0.02154513003562738,-0.03270527443443194,-0.03843142168070901,-0.004087458638811325,25.39761431285306,38.419483099482214,1,1,0.02983713355048878,JPM,US,Finance
2025-10-21,306.31,313.34,310.27,311.63,6065236,310.524,307.769,311.3245,314.34159999999997,310.1400837829212,311.5916528108251,50.08421374980862,55.297076391072,-1.451569027903929,-1.5440570228771207,0.0924879949731916,311.3245,5.352870823460523,322.03024164692107,300.61875835307893,0.5142680446418949,0.0687754522813764,6.3328571428571445,10703349.0,0.5666670715243358,192320614.0,0.015081433224755747,0.009851426370985277,0.01736802585610207,0.0038979447200566675,-0.0065036503331527,0.019098073841525176,48.40954274113276,45.06295559749528,1,1,0.0003208933671341452,JPM,US,Finance
2025-10-22,310.28,313.5,305.51,309.06,8036127,309.90999999999997,308.339,310.85299999999995,314.45,309.9739170470871,311.4041229729862,43.07219164778244,55.12378564713254,-1.430205925899088,-1.5212868034815143,0.09108087758242633,310.85299999999995,5.0977219886638965,321.04844397732774,300.65755602267217,0.41206856688148064,0.0655965615728012,6.245,10847862.3,0.7408027532942824,184284487.0,-0.008246959535346376,0.025852585258442234,-0.003931932448098616,0.018789556962025333,-0.029608464943954305,-0.009835645404158488,35.63618290081338,36.4811133182664,0,1,-0.0029444120882676783,JPM,US,Finance
2025-10-23,309.3,311.88,308.54,310.02,7381878,310.39,309.062,310.7315,314.4712,309.98100673215066,311.3015953453576,40.58117925325219,46.02336977007158,-1.3205886132069509,-1.4811471654266017,0.16055855221965087,310.7315,5.086601879863773,320.9047037597275,300.55829624027245,0.4650306817169222,0.06547906317637439,6.17,10397259.1,0.7099830079272519,191666365.0,0.003106192972238242,0.010773498483933946,0.00232783705139878,0.023877935202615497,-0.007777244359097435,0.007801833430856275,47.73928361434286,43.928336418762996,1,1,0.0038384620347073906,JPM,US,Finance
2025-10-24,309.65,316.59,311.07,313.52,22279564,310.246,309.927,310.616,314.544,310.52546723489667,311.4659216160719,46.72325976230898,61.55956112852661,-0.9404543811752433,-1.3730086085763302,0.43255422740108695,310.616,4.990048412382172,320.59609682476435,300.6359031752356,0.6454895704092066,0.06426003055046894,6.280714285714282,10482856.8,2.125333036569474,213945929.0,0.01128959421972775,0.017606532278586298,0.01249798159207979,0.02837274904057452,-0.0073140613621252015,-0.0022912423625255363,74.50352337767424,52.62632996427683,0,0,-0.022741770859913246,JPM,US,Finance
2025-10-27,314.92,317.14,315.38,316.16,6680451,312.07800000000003,310.717,310.611,314.4982,311.39231842952796,311.8136311259926,55.25833638695495,54.456824512534844,-0.4213126964646108,-1.1826694261539863,0.7613567296893755,310.611,4.984142115911429,320.57928423182284,300.64271576817714,0.7783327536702365,0.06418500459926248,5.874285714285711,10435165.25,0.6401863506487019,220626380.0,0.008420515437611797,0.005566801619415562,0.0039375079385115955,0.02562771686238907,-0.0003161955353189194,0.02983713355048878,91.41575912290755,71.21952203830821,0,0,-0.03574139676113364,JPM,US,Finance
2025-10-28,317.04,314.98,309.12,311.73,6729431,312.098,311.311,310.8145,314.48720000000003,311.4442694403698,311.80743622777095,58.05582290664102,62.62680192205022,-0.3631667874011555,-1.0187688984034202,0.6556021110022647,310.8145,4.940207192546317,320.69491438509266,300.93408561490736,0.5463290285089138,0.06357756401365355,5.820714285714282,10386539.2,0.6478991916865637,213896949.0,-0.014011892712550655,0.018798319058099044,-0.016748675245972917,0.019425095653880176,0.013228889033348512,0.0003208933671341452,63.03651505041421,76.31859918366533,1,0,0.0013793988387387213,JPM,US,Finance
2025-10-29,312.7,310.8,306.03,308.15,11578994,311.916,310.913,310.646,314.268,310.93745875723596,311.53651502571375,54.87627365356619,40.158371040723964,-0.5990562684777956,-0.9348263724182952,0.33577010394049966,310.646,4.972245495063677,320.59049099012736,300.70150900987267,0.37450338067315314,0.06402458740878902,6.0835714285714255,10539546.25,1.0986234726543875,202317955.0,-0.01148429730856848,0.01547947428195541,-0.01455068755991513,-0.012751097299202319,-0.01081792501284029,-0.0029444120882676783,33.64088005439,62.697718075903914,1,0,0.016777543404186357,JPM,US,Finance
2025-10-30,309.12,315.2,308.02,311.21,9984714,312.154,311.272,310.32550000000003,314.133,310.9793881791997,311.5123287275127,55.66678584197352,55.91634562465594,-0.532940548312979,-0.8544492075972321,0.3215086592842531,310.32550000000003,4.698086368548238,319.7216727370965,300.92932726290354,0.5470670359198929,0.060556884542625165,6.317857142857142,10286699.25,0.9706430397833358,212302669.0,0.009930228784682749,0.02307123807068197,0.006761128364367281,0.011670242506989004,-0.02018134878156297,0.0038384620347073906,53.545051694715944,50.074148933173376,1,1,0.016194852350502886,JPM,US,Finance
2025-10-31,311.21,311.19,302.55,306.39,16064349,310.72799999999995,310.48699999999997,309.5865,313.7534,310.2733284593228,311.1328969699191,48.370228342339196,41.76123467998188,-0.8595685105963184,-0.8554730681970493,-0.004095442399269178,309.5865,4.015305290880126,317.61711058176024,301.55588941823976,0.300980263719851,0.05187959153086005,6.556428571428569,10815130.15,1.4853586865657196,196238320.0,-0.015487934192345953,0.028199353764717477,-0.015487934192296217,-0.02498090631364569,-0.04601924214590414,-0.022741770859913246,25.685618727378742,37.623850158828226,1,1,0.043212898593296245,JPM,US,Finance
2025-11-03,305.91,305.09,304.67,304.86,6991084,308.46799999999996,310.273,308.9605,313.4096,309.44050869635004,310.6682379351102,49.175970228601805,28.414755732801737,-1.227729238760162,-0.9299243023096718,-0.2978049364504901,308.9605,3.6998897209769126,316.3602794419538,301.5607205580462,0.22293093109135503,0.047901135853481894,6.372142857142852,10374950.6,0.6738425652029066,189247236.0,-0.004993635562518306,0.0013776815587436247,-0.003432382073147589,-0.006970684039087849,-0.039447980339025746,-0.03574139676113364,15.45150501568889,31.560725145927858,1,1,0.05117102932493589,JPM,US,Finance
2025-11-04,304.5,313.33,311.23,312.16,4763886,308.554,310.32599999999996,309.0475,313.3024,309.85889197383466,310.7787388288058,50.02613695765815,41.90938511326861,-0.9198468549711265,-0.9279088128419628,0.0080619578708363,309.0475,3.7560461784646755,316.5595923569294,301.53540764307064,0.7071659832843898,0.04861448390234553,6.397142857142849,10279603.5,0.4634308644851074,194011122.0,0.02394541756872015,0.006727319323402225,0.02515599343177297,0.0017007348458109028,0.0056053089362799735,0.0013793988387387213,64.28093645054992,35.13935339787251,1,1,0.0203741670937978,JPM,US,Finance
2025-11-05,312.78,313.5,313.17,313.32,13325614,309.588,310.752,309.5455,313.2406,310.3913701317062,310.9669803970424,55.273871206513675,53.70629370629365,-0.575610265336195,-0.8574491033408094,0.2818388380046144,309.5455,3.620092285828814,316.7856845716576,302.3053154283424,0.7606632442779819,0.04677945291812815,6.155714285714278,10585190.05,1.2588921576432008,207336736.0,0.003716043054843521,0.0010532363079245846,0.0017264530980187164,0.013783731314307879,0.03283227848101267,0.016777543404186357,72.04013377444541,50.5908584135614,1,1,0.018862504787437784,JPM,US,Finance
2025-11-06,312.38,317.86,314.96,316.25,4450940,310.596,311.375,310.2185,313.14059999999995,311.29269780375137,311.35831518244674,51.99602780536245,69.47115384615395,-0.06561737869537865,-0.6990827584117232,0.6334653797163445,310.2185,3.5485449575583017,317.3155899151166,303.1214100848834,0.924927686644362,0.04575542667567366,5.774285714285709,10087004.95,0.44125482051490217,211787676.0,0.009351461764330438,0.009169960474279412,0.01238875728275695,0.020095477711115528,0.044453251428382634,0.016194852350502886,89.48399738148365,75.26835586882632,1,1,0.016790513833992105,JPM,US,Finance
2025-11-07,315.81,319.94,319.38,319.63,4304780,313.244,311.986,310.9565,313.20619999999997,312.5753596800973,311.9710325763396,63.58356635835663,69.93371212121221,0.6043271037576687,-0.43840078597784476,1.0427278897355134,310.9565,3.8955322249742554,318.7475644499485,303.1654355500515,1.056631257170557,0.05011031735900981,5.442857142857138,9537102.0,0.4513718683755434,216092456.0,0.01068774703557307,0.0017520257798024287,0.012095880434400106,0.019488389895381486,0.04841407813166265,0.043212898593296245,98.21736629682475,86.58049915091793,0,0,-0.0026280386697117297,JPM,US,Finance
2025-11-10,318.37,321.78,319.41,320.46,5234366,316.364,312.41600000000005,311.5665,313.311,313.78838126777464,312.5998449780923,60.34200046849377,91.06830122591957,1.1885362896823608,-0.11301337084580355,1.3015496605281645,311.5665,4.376562307519758,320.3196246150395,302.8133753849605,1.0080185870832488,0.05618784185726901,5.159285714285708,9082858.55,0.5762905361671038,221326822.0,0.0025967524950722964,0.007395618797954666,0.006564688883982191,0.013600708502024217,0.039576980471030865,0.05117102932493589,93.13572542417393,93.61236303416077,0,1,-0.00845659364663287,JPM,US,Finance
2025-11-11,320.11,318.72,318.36,318.52,22302702,317.63599999999997,313.095,312.203,313.4118,314.5163226111939,313.0383749797151,61.24583927722299,88.93956670467502,1.4779476314787985,0.20517882961911693,1.2727688018596814,312.203,4.41774067047886,321.0384813409577,303.3675186590423,0.8574791092512122,0.05660087405264779,4.738571428571419,9807423.2,2.2740631530957947,199024120.0,-0.006053797665855343,0.0011302273012648609,-0.004967042579098012,0.021781670034966005,0.041629876712776515,0.0203741670937978,83.0473218885571,91.46680453651858,0,1,-0.001287203315333274,JPM,US,Finance
2025-11-12,317.79,320.15,318.49,319.23,15453498,318.818,314.20300000000003,312.558,313.3662,315.2415037479333,313.49701387010657,61.01411145658936,82.28310502283105,1.7444898778267088,0.5130410392606354,1.2314488385660733,312.558,4.688536523998335,321.93507304799664,303.18092695200335,0.8557613321872167,0.060002131111452243,4.618571428571419,10276367.65,1.503789765268882,214477618.0,0.002229059399723843,0.005200012530134286,0.0045312942509061534,0.03595651468440697,0.02274693236792369,0.018862504787437784,86.73946957427273,87.64083896233457,0,0,-0.0010337374306926828,JPM,US,Finance
2025-11-13,318.4,323.88,319.7,321.56,11755837,319.88,315.238,313.255,313.4998,316.21358009440513,314.0942721019506,59.89173228346458,83.99339933993402,2.1193079924545373,0.8342944298994158,1.2850135625551213,313.255,4.94496607407057,323.14493214814115,303.36506785185884,0.919871434640787,0.06314301223035282,4.48142857142856,10749784.1,1.0935880941471101,226233455.0,0.007298812768223417,0.012999129244890557,0.009924623115546798,0.033257286076925574,0.045315649177556816,0.016790513833992105,89.12330051152729,86.30336399145237,0,0,-0.03091180495086454,JPM,US,Finance
2025-11-14,323.1,320.98,317.04,318.79,4241269,319.712,316.478,313.48249999999996,313.63259999999997,316.6099523875736,314.44210379810244,53.22541084130488,60.618729096990066,2.167848589471191,1.1010052618137711,1.06684332765742,313.48249999999996,5.095054232449718,323.6726084648994,303.29239153510053,0.7604241170504569,0.06501229551803957,4.545714285714273,10196264.25,0.4159629919396222,221992186.0,-0.008614255504415969,0.012359233351070104,-0.013339523367337241,0.04047129475505096,0.014479378818737398,-0.0026280386697117297,76.13689638649157,83.9998888240972,0,1,-0.022114871859217677,JPM,US,Finance
2025-11-17,318.14,319.57,316.3,317.75,8493960,319.17,317.767,314.02,313.7962,316.78534432794686,314.68713314639115,58.05243445692882,40.228690228690255,2.098211181555712,1.3004464457621594,0.7977647357935524,314.02,4.939862559352061,323.8997251187041,304.14027488129585,0.6887704341211718,0.06292417755985395,4.276428571428555,9805934.0,0.86620602726818,213498226.0,-0.003262335706891717,0.010291109362674087,-0.0012258754007630618,0.04228170307682211,0.035016286644951045,-0.00845659364663287,71.2611345489329,78.84044381565059,0,0,-0.015483870967741953,JPM,US,Finance
2025-11-18,317.89,321.18,315.65,318.11,6349987,319.088,318.362,314.344,313.8808,316.98913750826273,314.94067883925106,64.57845433255275,37.15846994535543,2.0484586690116657,1.4500488904120608,0.598409778599605,314.344,4.987136505685511,324.318273011371,304.369726988629,0.6887856886921919,0.06346087732763639,4.264285714285697,9820171.55,0.646626825309704,219848213.0,0.001132966168371441,0.017383923799888863,0.000692063292331735,0.019060738083034323,0.020793890190289765,-0.001287203315333274,72.94889826193402,73.44897639911949,0,0,-0.010688126748609084,JPM,US,Finance
2025-11-19,316.44,320.31,317.77,318.9,17524634,319.02200000000005,318.91999999999996,314.83599999999996,313.9674,317.28311635314543,315.23396188819544,62.0570711821888,52.37499999999997,2.049154464949993,1.5698700053196475,0.4792844596303454,314.83599999999996,4.923382876376155,324.6827657527523,304.9892342472476,0.7063621752227478,0.06255171424310473,3.932857142857127,10294596.9,1.7023135988633415,237372847.0,0.0024834176857060353,0.007964879272474305,0.007773985589660617,0.0178092684795097,0.03183847796544348,-0.0010337374306926828,76.65260196546392,73.62087825877694,0,0,-0.020225776105362137,JPM,US,Finance
2025-11-20,319.47,317.17,307.17,311.62,11615120,317.034,318.457,314.916,313.86780000000005,316.4118676834308,314.96626100758834,57.61280931586613,23.884694577899637,1.4456066758424413,1.5450173394242064,-0.09941066358176509,314.916,4.853512455729384,324.62302491145874,305.20897508854125,0.3302260460648749,0.061648343757877797,4.152142857142841,10506259.0,1.105542790679081,225757727.0,-0.022828472875509487,0.03209036647188213,-0.0245719472876184,-0.014640316205533632,0.005160957357589924,-0.03091180495086454,36.179073397387846,61.926857874928594,1,1,0.005455362300237354,JPM,US,Finance
2025-11-21,310.4,312.05,311.48,311.74,29326981,315.62399999999997,317.668,314.827,313.7626,315.69311880905684,314.72727871073,60.44323011536128,10.275080906148744,0.9658400983268507,1.4291818912047354,-0.4633417928778847,314.827,4.896587533549227,324.62017506709844,305.03382493290155,0.3423902371196451,0.06221305712068748,4.069999999999985,10858629.85,2.7007991527771664,255084708.0,0.0003850843976638263,0.0018284467825693358,0.004317010309264546,-0.024684791790507754,-0.005677468742025904,-0.022114871859217677,27.348892876879173,46.726856079910306,1,1,0.014787964329248782,JPM,US,Finance
2025-11-24,311.42,314.23,311.71,312.83,11184680,314.64,316.905,314.6605,313.6658,315.2526389922789,314.58673954697224,51.25327347549563,22.097378277153254,0.6658994453066498,1.2765254020251184,-0.6106259567184686,314.6605,4.9054829420519095,324.47146588410385,304.8495341158962,0.40671152962764867,0.06235905608789573,3.64499999999999,11083841.3,1.0090977205621194,266269388.0,0.0034965034965033226,0.008055493398945061,0.0045276475499179255,-0.023809523809523836,-0.010532641700405021,-0.015483870967741953,33.87193297223971,32.466633082168904,1,1,0.030367931464373665,JPM,US,Finance
2025-11-25,313.06,317.68,312.33,314.71,11634848,313.96,316.524,314.8095,313.5204,315.1691560703898,314.59586995090024,52.531876138433496,36.80555555555539,0.5732861194895804,1.1358775455180108,-0.5625914260284304,314.8095,4.856802581515431,324.5231051630309,305.09589483696914,0.49487831763671014,0.061711004038950676,3.931428571428565,11329112.15,1.0269866534080825,277904236.0,0.006009653805581383,0.016999777572949775,0.005270555165127154,-0.01196157227175687,0.00955955474288639,-0.010688126748609084,45.122681026623255,35.44783562524737,1,1,0.04127609545295674,JPM,US,Finance
2025-11-26,315.2,318.15,307.89,312.45,21886541,312.66999999999996,315.846,315.0245,313.404,314.7508243672529,314.4369166212039,42.90515309932781,28.912071535022108,0.31390774604898297,0.9714835856242052,-0.6575758395752223,315.0245,4.636672439995632,324.29784487999126,305.7511551200087,0.3611881670703262,0.05887380111681367,4.339999999999991,11844489.5,1.8478246067232693,256017695.0,-0.007181214451399631,0.03283725396052858,-0.008724619289312422,-0.021238605394229948,0.013954243063443172,-0.020225776105362137,31.597845599545188,36.86415319946938,1,1,0.049127860457673256,JPM,US,Finance
2025-11-27,311.75,314.16,312.66,313.32,16753471,313.01,315.022,315.13,313.29720000000003,314.53069754152165,314.3541820566703,37.00041203131433,29.3333333333333,0.17651548485133617,0.8124899654696314,-0.6359744806182952,315.13,4.568819955907573,324.26763991181514,305.99236008818485,0.4009591088142685,0.05799282779669436,4.198571428571422,12182927.35,1.3751596101277244,272771166.0,0.0027844455112817634,0.004787437763293797,0.005036086607842685,-0.025625077745988323,0.006779987789595543,0.005455362300237354,36.80430879492484,37.84161180703109,1,1,0.034820630665134855,JPM,US,Finance
2025-11-28,312.26,316.77,316.02,316.35,9378433,313.932,314.77799999999996,315.62800000000004,313.1646,314.81059022744137,314.5020204228429,42.23649414431439,75.56756756756766,0.3085698045984486,0.7117059332953949,-0.40313612869694626,315.62800000000004,4.0830130773118345,323.79402615462374,307.46197384537635,0.5442075487994223,0.05174462439706123,4.275714285714282,11848631.55,0.7915202839166449,282149599.0,0.009670624281884477,0.0023707918444685607,0.01309805930950789,-0.007653941466168934,0.03250758836776679,0.014787964329248782,54.93716337193684,41.113105922135624,1,1,0.043243243243243024,JPM,US,Finance
2025-12-01,316.05,324.72,320.42,322.33,9567422,315.832,315.236,316.5015,313.2258,315.96742250014273,315.08187076189165,56.24385447394298,85.04301786896097,0.8855517382510811,0.7464750942865322,0.13907664396454889,316.5015,3.4827080736607736,323.46691614732157,309.5360838526785,0.918388497959511,0.04401505931124838,4.723571428571428,11977448.45,0.798786255783363,291717021.0,0.01890311363995556,0.01334036546392415,0.01987027369080874,0.014413847364280086,0.057304992455553316,0.030367931464373665,86.38176637684411,59.37441284790193,1,1,0.017032234045853745,JPM,US,Finance
2025-12-02,324.01,332.38,323.95,327.7,9468139,318.43,316.195,317.2785,313.5064,317.7724344231977,316.0165470017515,62.041512652829105,88.34450747808152,1.7558874214461753,0.9483575597184611,0.8075298617277141,317.2785,4.135463157415657,325.5494263148313,309.0075736851687,1.130008030671384,0.0521366957723591,5.322857142857146,12212661.1,0.7752723298550936,301185160.0,0.016659944777091873,0.025724748245267874,0.011388537390786116,0.03014680456445884,0.0497821629933366,0.04127609545295674,81.43593811656339,74.25162262178145,0,1,-0.004577357339029642,JPM,US,Finance
2025-12-03,327.13,329.04,326.8,327.8,8192751,321.5,317.08500000000004,318.0025,313.6926,319.31513681962883,316.8893953719921,59.47176684881606,87.16638273708126,2.4257414476367103,1.2438343373021112,1.181907110334599,318.0025,4.642411890162432,327.28732378032487,308.7176762196751,1.027608290193613,0.05839465903755897,5.150714285714291,11956017.95,0.6852407171870534,309377911.0,0.00030515715593537607,0.006833435021333665,0.00204811542811105,0.027908435246158714,0.0462147325418103,0.049127860457673256,81.83260610544104,83.21677019961618,1,1,0.005399633923123703,JPM,US,Finance
2025-12-04,330.84,326.73,322.23,324.23,17716259,323.682,318.346,318.4015,313.9282,320.071269616609,317.4331438629557,58.0616478956728,81.13107822410153,2.6381257536532985,1.5226926205723488,1.1154331330809497,318.4015,4.823267373671263,328.0480347473425,308.7549652526575,0.8021033019553259,0.060593525767386254,5.225714285714291,12619283.9,1.4039035603356573,291661652.0,-0.01089078706528368,0.013879036486402001,-0.019979446257949396,0.04046595212117321,0.02523320158102771,0.034820630665134855,67.6715589025121,76.98003437483884,1,1,0.016593159177127337,JPM,US,Finance
2025-12-05,323.85,332.77,327.83,330.03,4164073,326.418,320.175,318.92150000000004,314.2122,321.6033819832846,318.36624431755166,65.94805194805195,85.03144654088051,3.2371376657329165,1.8655816296044627,1.3715560361284538,318.92150000000004,5.478758287098288,329.8790165741966,307.96398342580346,1.0068894910527453,0.0687160732290687,5.602142857142861,12612248.55,0.33016100605145415,295825725.0,0.017888535915862036,0.014968336211814169,0.01908290875399372,0.058670687111054054,0.03253762162500373,0.043243243243243024,89.29687499651178,79.60034666815497,0,0,-0.0013332121322303658,JPM,US,Finance
2025-12-08,330.28,329.32,326.62,327.82,4216070,327.51599999999996,321.67400000000004,319.2895,314.4434,322.5597847550869,319.06652251625155,62.032218091697665,74.90230134607037,3.4932622388353707,2.1911177514506446,1.302144487384726,319.2895,5.823847954748413,330.9371959094968,307.6418040905032,0.8661883030522196,0.07296009364204163,5.450714285714286,12561333.75,0.3356386947652995,291609655.0,-0.006696360936884416,0.008236227197827321,-0.007448225747827697,0.04791739922641702,0.022966984959121417,0.017032234045853745,80.66406249684908,79.21083213195764,1,1,0.01528277713379289,JPM,US,Finance
2025-12-09,326.97,326.87,325.66,326.2,9638871,327.216,322.823,319.6735,314.81419999999997,323.1198178696889,319.5949282557885,58.863525983487165,60.36422067487952,3.5248896139004273,2.4578721239406014,1.067017489959826,319.6735,6.020319343691613,331.71413868738324,307.63286131261674,0.7710196763095197,0.07533085280666421,5.423571428571425,11928142.2,0.8080780753872908,281970784.0,-0.0049417363187115315,0.0037093807479959234,-0.0023549561121744616,0.0365098026754791,0.024111515760391944,-0.004577357339029642,74.33593749709624,81.4322916634857,1,1,0.03454935622317601,JPM,US,Finance
2025-12-10,325.96,329.7,329.46,329.57,7971541,327.57,324.53499999999997,320.1905,315.1752,324.11215358204447,320.3338224590634,74.08103031929168,55.60887822435516,3.778331122981058,2.721963923748693,1.056367199232365,320.1905,6.411498285360878,333.0134965707217,307.36750342927826,0.8657296462415869,0.08009604638914447,4.8357142857142845,11554044.35,0.6899350624411389,289942325.0,0.010331085223789005,0.0007282216221114813,0.011074978524938456,0.05479276684269485,0.03239043949503495,0.005399633923123703,87.13826366209257,80.71275455201264,1,1,0.01128743514276187,JPM,US,Finance
2025-12-11,326.57,334.21,325.92,329.61,6078931,328.646,326.164,320.593,315.415,324.9579761078838,321.020946721355,74.02527561172363,55.44852498494885,3.9370293865287636,2.964977016304707,0.9720523702240564,320.593,6.745954811278921,334.08490962255786,307.1010903774422,0.8341632226801249,0.08416846046242904,5.387142857142854,11270199.05,0.5393809313970429,296021256.0,0.00012137027035241665,0.025150935954536612,0.009308877116669357,0.0519915741095367,0.025034208234855138,0.016593159177127337,82.52279634944834,81.33233250287904,1,1,0.013864870604654023,JPM,US,Finance
2025-12-12,331.61,334.48,325.68,329.59,8720790,328.558,327.488,321.133,315.5834,325.6705951682094,321.65569140866205,73.20044296788481,70.52067381316982,4.014903759547337,3.1749623649532337,0.8399413945941037,321.133,7.020696546641784,335.1743930932835,307.09160690671644,0.8011453330526053,0.08744908242528686,5.835714285714281,11494175.1,0.7587137976770688,287300466.0,-6.0677770698847056e-05,0.026699839194069337,-0.0060914930188895,0.04185237869448377,0.033878101571567454,-0.0013332121322303658,81.60962767650948,83.75689589601679,1,1,0.002761006098486174,JPM,US,Finance
2025-12-15,331.59,336.24,330.1,332.83,6847955,329.56,328.538,321.88700000000006,315.89239999999995,326.77204206540796,322.4834179709834,74.17289220917823,63.333333333333314,4.288624094424563,3.3976947108475,0.8909293835770629,321.88700000000006,7.435753669373872,336.7585073387478,307.0154926612523,0.86791832024384,0.09240203760140378,5.928571428571424,11411874.85,0.6000726865601154,294148421.0,0.009830395339664566,0.0184478562629016,0.003739557887741698,0.03257531101666,0.04745869394177804,0.01528277713379289,87.97178130201151,84.03473510932311,0,1,-0.008863383709401207,JPM,US,Finance
2025-12-16,331.4,338.39,336.73,337.47,6204248,331.81399999999996,329.515,322.85499999999996,316.4334,328.41788174765287,323.59353515831793,81.3848469643753,87.31631863882423,4.824346589334937,3.6830250865449874,1.1413215027899493,322.85499999999996,8.14455549496439,339.1441109899287,306.5658890100712,0.9486125733960444,0.10090666701694759,5.59285714285714,11404587.9,0.5440132962618232,300352669.0,0.013941050986990389,0.004918955759015762,0.018316234158061964,0.02981385413487958,0.06085945113325586,0.03454935622317601,96.42440730289853,88.66860542713984,1,0,0.003052123151687569,JPM,US,Finance
2025-12-17,336.27,333.85,332.85,333.29,8768409,332.558,330.064,323.5745,317.032,329.1674384018601,324.31179181325734,73.12948807041926,72.88573273079398,4.855646588602781,3.9175493869565465,0.9380972016462343,323.5745,8.408127318257526,340.39075463651506,306.75824536348495,0.7888722908047187,0.10394054312971562,5.80071428571428,10966776.65,0.7995428812218145,291584260.0,-0.012386286188401985,0.0030003900506975893,-0.008861926428141374,0.01674801708358764,0.04512386328002527,0.01128743514276187,77.20160929471622,87.19926596654209,1,0,0.01860241831438092,JPM,US,Finance
2025-12-18,332.93,334.58,333.87,334.18,20748016,333.472,331.05899999999997,324.7025,317.6598,329.9386017246509,325.0427701974605,71.72800389958564,67.71714066102989,4.895831527190353,4.113205815003308,0.7826257121870448,324.7025,8.231372511378732,341.16524502275746,308.2397549772425,0.7878468926692007,0.10140202199063311,5.646428571428564,11423421.45,1.816269694201846,312332276.0,0.002670347145128815,0.0021246035070855676,0.0037545429970151246,0.030688091786694516,0.07239586676079846,0.013864870604654023,76.57206454777014,83.39936038179496,1,1,0.020557783230594318,JPM,US,Finance
2025-12-19,333.56,332.24,329.11,330.5,4697208,333.654,331.106,325.6405,318.1724,330.0249706900892,325.4470094420931,60.547379292538075,52.67267267267262,4.577961247996143,4.206156901601875,0.37180434639426796,325.6405,7.730125943688896,341.1007518873778,310.18024811262217,0.6571610875017598,0.09495288139730981,5.410714285714278,10191932.8,0.4608750500322127,307635068.0,-0.011012029445209182,0.00947049924354168,-0.00917376184191998,0.0014241129594279034,0.0601783537563354,0.002761006098486174,51.175742571090595,68.31647213785898,1,1,0.009319213313161878,JPM,US,Finance
2025-12-22,332.07,330.26,329.58,329.88,8063793,333.064,331.312,326.493,318.6048,330.00266750699853,325.7753791130491,53.207769276044736,50.840579710144986,4.227288393949436,4.210383200071387,0.01690519387804912,326.493,7.162296823610623,340.81759364722126,312.16840635277873,0.6182232488681729,0.08774824358977001,4.758571428571421,10035888.45,0.80349559848928,299571275.0,-0.001875945537065049,0.0020613556444705515,-0.00659499503114826,0.0062839363065096965,0.054502445417639045,-0.008863383709401207,47.33910890796164,58.36230534227412,1,1,0.029859342791318078,JPM,US,Finance
2025-12-23,330.09,340.44,336.95,338.5,6937749,333.27000000000004,332.54200000000003,327.6825,319.25899999999996,331.3099494289988,326.7179436231936,62.58823529411762,62.52761820592135,4.592005805805172,4.286707721218145,0.3052980845870277,327.6825,7.077399816170068,341.83729963234015,313.52770036765986,0.882114204372156,0.0863933815952756,5.352857142857134,9801033.5,0.707858848981707,306509024.0,0.026130714199102734,0.010310192023603247,0.02547789996659865,0.03770692826486832,0.07559340345079613,0.003052123151687569,89.3465129000908,62.62045479304768,0,0,-0.012023633677991086,JPM,US,Finance
2025-12-24,338.62,342.48,337.1,339.49,8218937,334.51,333.534,329.0345,319.80620000000005,332.5684187476143,327.6640218733274,69.11322645290576,55.32139093782924,4.904396874286931,4.410245551831902,0.49415132245502935,329.0345,6.5796020316404045,342.1937040632808,315.87529593671917,0.8972694681541411,0.07998677380785796,5.339285714285706,9117653.3,0.9014310840892487,314727961.0,0.002924667651403201,0.015847300362261476,0.002569251668529429,0.03009982704736469,0.08654184669547127,0.01860241831438092,82.22354339582493,72.9697217346258,1,1,0.017673569177295345,JPM,US,Finance
2025-12-25,338.4,342.12,340.2,341.05,17015724,335.884,334.678,330.421,320.4748,333.8732774018275,328.65557580863646,65.44282511210761,73.71638141809285,5.217701593191066,4.571736760103735,0.6459648330873309,330.421,5.9890741750052054,342.3991483500104,318.44285164998956,0.9436829336417044,0.07250234307125866,4.917142857142851,9130765.95,1.863559117561313,331743685.0,0.0045951279860967364,0.005629673068448574,0.00783096926711644,0.034707684839659025,0.08850376611770727,0.020557783230594318,91.49821640359697,87.6894242331709,1,0,0.013956897815569524,JPM,US,Finance
2025-12-26,339.12,333.76,333.43,333.58,8516327,336.5,335.077,331.28249999999997,320.8616,333.82815780154635,329.0203479709597,57.034684904738604,48.69224062772445,4.807809830586677,4.618951374200324,0.18885845638635335,331.28249999999997,5.019193555482667,341.3208871109653,321.2441128890346,0.6144357143228678,0.06060318375365463,5.21785714285714,9087660.65,0.9371307304338294,323227358.0,-0.02190294678199689,0.0009892679417201117,-0.016336400094313766,0.012105949816438644,0.05446499130709648,0.009319213313161878,47.086801424073094,73.60285374116499,1,1,0.04391750104922365,JPM,US,Finance
2025-12-29,337.36,342.39,337.6,339.73,13709786,338.46999999999997,335.767,332.15250000000003,321.51619999999997,334.73613352438537,329.8136555286664,64.87794149989,68.16214088941359,4.922477995718964,4.679656698504052,0.24282129721491152,332.15250000000003,4.892146095639747,341.93679219127955,322.3682078087205,0.8872278061087742,0.05891445761359653,5.692857142857142,9294778.85,1.474998463788252,336937144.0,0.01843635709574931,0.014099431901762764,0.007025136352836671,0.020731304269447026,0.053981943970465185,0.029859342791318078,83.63095237597436,74.07199006788149,1,1,0.038265681570659016,JPM,US,Finance
2025-12-30,339.52,335.08,333.91,334.43,12215605,337.656,335.463,332.489,321.9722,334.6890360590953,330.15560697098744,55.126582278481,57.56065137919575,4.53342908810788,4.650411176424818,-0.1169820883169379,332.489,4.800363911646826,342.08972782329363,322.8882721767063,0.6010860861345124,0.05775064933435259,5.858571428571428,9432152.15,1.2951024867529848,324721539.0,-0.015600624024960985,0.0034984899679946792,-0.014991753063103746,-0.009008208137019635,0.020537076594446146,-0.012023633677991086,52.0833333302331,60.933695710093524,1,1,0.0552582005202884,JPM,US,Finance
2025-12-31,335.29,345.83,345.22,345.49,6559549,338.856,336.683,333.3735,322.70079999999996,336.35072281923453,331.29148793609943,63.59123587812388,60.74392868121733,5.059234883135105,4.732175917766876,0.327058965368229,333.3735,5.473471211698671,344.3204424233973,322.42655757660265,1.0534193718352596,0.06567374085441402,6.0807142857142855,9350492.05,0.7015190498430454,331281088.0,0.033071195765930206,0.0017656082665147795,0.030421426227950632,0.03660475861862045,0.05396583282489331,0.017673569177295345,98.31265508196972,78.00898026272573,1,1,0.014066977336536501,JPM,US,Finance
2026-01-01,347.33,348.68,343.51,345.81,9286720,339.808,337.846,334.4525,323.4166,337.80599623166006,332.3669332741662,63.81130790190735,59.9183929692404,5.4390629574938885,4.873553325712279,0.5655096317816097,334.4525,5.698554641313118,345.8496092826262,323.05539071737377,0.9982623100892415,0.06815382921396695,5.821428571428571,8929015.1,1.0400608416418915,340567808.0,0.0009262207299776115,0.01495040629242956,-0.004376241614590176,0.034801603926027935,0.0665576905283285,0.013956897815569524,85.33469595884849,78.57689479035044,1,1,0.019924235852057492,JPM,US,Finance
2026-01-02,342.22,350.94,346.07,348.23,12962517,342.738,339.619,335.36250000000007,324.11080000000004,339.409689119097,333.5419752538576,63.29879101899827,60.971882640586784,5.867713865239409,5.072385433617705,0.7953284316217042,335.36250000000007,6.368904619529412,348.1003092390589,322.62469076094123,1.0050907796427955,0.07596442201510813,5.71285714285714,9368937.3,1.3835630660519986,353530325.0,0.006998062519880888,0.013985009907205064,0.01756180234931456,0.05364599092284417,0.05514650183316672,0.04391750104922365,87.58589097170939,90.41108067084254,1,1,0.009074462280676432,JPM,US,Finance
2026-01-05,345.29,355.88,350.21,352.73,14442949,345.338,341.904,336.608,324.8422,341.458967716159,334.96331042023843,63.209833795013814,82.18487394957982,6.49565729592058,5.357039806078281,1.1386174898422992,336.608,7.197994311285259,351.00398862257055,322.21201137742946,1.0599476500579967,0.08553562970890635,5.862142857142852,9880281.25,1.4617951830272864,367973274.0,0.012922493754128128,0.016074617979712363,0.021547105331687712,0.06926761246513902,0.07598682203648344,0.038265681570659016,88.2330967467975,87.05122789245179,0,0,-0.015224109091940052,JPM,US,Finance
2026-01-06,353.01,356.89,349.73,352.91,40588130,349.034,343.34499999999997,337.9435,325.6658,343.22066499059605,336.2926948335541,68.24776785714283,77.71236333052984,6.927970157041955,5.671225876271016,1.2567442807709384,337.9435,7.63016470471541,353.2038294094308,322.68317059056915,0.99037276973066,0.09031290383975824,6.043571428571421,11427744.2,3.551718146463399,408561404.0,0.000510305332690697,0.02028845881380431,-0.00028327809410408377,0.04257016248153622,0.08188228080931959,0.0552582005202884,85.67314614522427,87.16404462124372,0,0,-0.016038083364030564,JPM,US,Finance
2026-01-07,353.53,350.74,350.05,350.35,14120033,350.00600000000003,344.43100000000004,338.9825,326.5098,344.3174857612736,337.3339766977353,64.58596427927114,87.83269961977186,6.983509063538293,5.933682513724472,1.0498265498138206,338.9825,7.841804890929187,354.6661097818584,323.29889021814165,0.862400625788544,0.09253344807954451,6.155714285714282,11735168.8,1.2032235784095768,394441371.0,-0.007253974101045557,0.001969459112310627,-0.008994993352730902,0.03198916021090459,0.06305185544800818,0.014066977336536501,76.4578833665783,83.4547087528667,1,0,0.003425146282289182,JPM,US,Finance
2026-01-08,349.69,354.99,350.87,352.7,16625649,351.384,345.596,340.137,327.3396,345.6071033364623,338.4722006460512,70.51756007393712,79.23763179237628,7.1349026904110815,6.173926549061795,0.9609761413492866,340.137,8.08524588696376,356.3074917739275,323.9665082260725,0.88845448161841,0.09508222730182223,6.124999999999996,12262504.7,1.3558117245156511,411067020.0,0.006707578136149417,0.011681315565603412,0.008607623895425616,0.0341592141914675,0.07005248627165428,0.019924235852057492,84.65763456299314,82.26288802493191,1,0,0.0026935072299403284,JPM,US,Finance
2026-01-09,350.52,354.39,349.0,351.39,4994353,352.016,347.377,341.227,328.2396,346.49677974623734,339.4290746722697,69.62949443329072,70.9459459459459,7.067705073967659,6.352682254042969,0.7150228199246902,341.227,8.057953312037768,357.3429066240755,325.11109337592444,0.8153095955520805,0.09445856643248224,6.444285714285708,12076182.85,0.41357046746187126,406072667.0,-0.0037142047065494843,0.015339081931713048,0.0024820267031767733,0.05339049103663296,0.06614278345823599,0.009074462280676432,76.55583972393195,79.22378588450113,1,1,0.023478186630239817,JPM,US,Finance
2026-01-12,350.92,348.67,346.32,347.36,56276079,350.942,348.14,341.95349999999996,329.0896,346.62958286220083,340.0165506224719,58.82470119521913,47.08640321500333,6.613032239728909,6.404752251180159,0.20827998854875052,341.95349999999996,7.914775173854583,357.78305034770915,326.1239496522908,0.6707723807869153,0.092583057916722,6.05214285714285,14547589.05,3.8684124866441363,349796588.0,-0.011468738438771608,0.006765315522781141,-0.01014476233896574,0.02245901156800989,0.043655920439864326,-0.015224109091940052,59.37766410659097,73.53037946450536,1,1,0.04306771073238136,JPM,US,Finance
2026-01-13,348.3,349.57,345.39,347.25,8640763,349.81,349.422,342.4425,329.7914,346.7250316526315,340.55236168747405,57.8669910786699,24.00379506641349,6.172669965157468,6.3583357939756215,-0.18566582881815386,342.4425,7.925303829476009,358.293107658952,326.591892341048,0.6516503374125597,0.09257383449137142,5.966428571428565,14669414.8,0.5890325230265816,341155825.0,-0.0003166743436204822,0.012037437005004951,-0.0030146425495176476,0.03833388152976713,0.028980353809227477,-0.016038083364030564,58.908780901154806,64.94742824389257,1,1,0.050136789056875575,JPM,US,Finance
2026-01-14,348.08,352.63,350.67,351.55,18110671,350.05,350.028,343.3555,330.556,347.46733447530363,341.367001562476,60.08451786400306,45.36152796725779,6.100332912827639,6.306735217746026,-0.20640230491838718,343.3555,7.867004027484333,359.0895080549687,327.6214919450313,0.7604072646528179,0.09164849874210758,6.162857142857137,15136527.9,1.1964877231529614,359266496.0,0.012383009359251185,0.005575309344316325,0.009968972649936965,0.017540305073952878,0.05478712232590244,0.003425146282289182,77.23785165911185,65.17476555561922,1,1,0.028644574029298875,JPM,US,Finance
2026-01-15,348.78,353.78,353.55,353.65,13347232,350.24,350.812,344.329,331.30400000000003,348.41851378679536,342.2768532985889,71.49282501606339,61.61971830985905,6.141660488206469,6.2737202718381155,-0.1320597836316466,344.329,7.876474565373853,360.0819491307477,328.5760508692523,0.7958493651519112,0.09149940394623723,5.777857142857134,14766488.7,0.9038865885641054,372613728.0,0.0059735457260701175,0.0006503605259417814,0.013962956591507661,0.022671409155316402,0.05826201448321244,0.0026935072299403284,85.9007832860791,74.01580528211525,1,1,0.030934539799236438,JPM,US,Finance
2026-01-16,351.91,361.81,357.9,359.64,9304001,351.89,351.95300000000003,345.786,332.1042,350.14489628113455,343.56301231350824,71.3947990543735,69.45067264573993,6.581883967626311,6.335353010995756,0.24653095663055513,345.786,7.878908153052977,361.54381630610595,330.02818369389405,0.9395913662761809,0.09114201446015964,5.731428571428564,14996828.35,0.6203978709673055,381917729.0,0.016937650219143174,0.010871983094175157,0.021965843539478832,0.03276570082991115,0.08816944024205742,0.023478186630239817,92.22222221891671,85.12028572136923,1,1,0.029307084862640442,JPM,US,Finance
2026-01-19,360.31,367.43,358.24,362.32,5128609,354.882,352.912,347.408,332.9414,352.01798916096,344.9524188088039,81.75814165338193,78.44872462259245,7.065570352156101,6.481396479227825,0.5841738729282762,347.408,7.770461342399093,362.9489226847982,331.8670773152018,0.9797655937638378,0.0894678457879696,5.97214285714285,14850069.15,0.34535924397636597,387046338.0,0.007451896340785247,0.02536431883410972,0.005578529599496024,0.027187934113911405,0.09833878986298039,0.04306771073238136,78.63712374253186,85.5867097491759,1,1,0.03532788695076183,JPM,US,Finance
2026-01-20,364.56,365.71,363.81,364.66,13485167,358.36400000000003,354.08700000000005,348.716,333.8642,353.9629139054277,346.41223963778134,77.23785166240411,99.37214611872139,7.550674267646343,6.695252036911529,0.8554222307348143,348.716,8.370635013327878,365.45727002665575,331.97472997334427,0.9761884843156319,0.09601664406914356,5.399999999999993,15177440.05,0.8885007001888503,400531505.0,0.0064583793331862704,0.005210332912835976,0.0002743032696942847,0.03329460769034598,0.07728212703101933,0.050136789056875575,88.41973243777518,86.42635946640792,1,1,0.01834585641419406,JPM,US,Finance
2026-01-21,364.61,363.35,360.24,361.62,10711926,360.378,355.214,349.82250000000005,334.71200000000005,355.14092715074645,347.5387404053531,70.85201793721971,85.1344743276283,7.60218674539334,6.876638978607891,0.7255477667854482,349.82250000000005,8.54766934993537,366.9178386998708,332.7271613001293,0.845050197784151,0.09773721644446473,5.346428571428565,15302089.5,0.7000302344310406,389819579.0,-0.008336532660560558,0.00860018804267301,-0.008200543045971884,0.03216783216783203,0.06518601431559112,0.028644574029298875,73.63883847215796,80.23189821748834,1,1,0.029340191361097334,JPM,US,Finance
2026-01-22,361.16,368.74,361.27,364.59,4831623,362.566,356.403,350.9995,335.5726,356.5946306660162,348.80179667162326,71.26885075403011,84.10041841004174,7.792833994392936,7.0598779817649016,0.7329560126280343,350.9995,8.889988736600149,368.7794774732003,333.2195225267997,0.8821855235644337,0.10131055726945272,5.513571428571424,14692884.45,0.32884099018140783,394651202.0,0.008213041314086622,0.020488768205325268,0.009497175766946652,0.033711369435781124,0.069022137516493,0.030934539799236438,82.22698072452977,81.42851721148764,1,1,0.017224827888861594,JPM,US,Finance
2026-01-23,362.43,371.62,369.02,370.18,11957534,364.67400000000004,358.28200000000004,352.8295,336.6003999999999,358.68468748662906,350.38536728854007,72.06068268015169,86.55462184873944,8.299320198088992,7.30776642502972,0.9915537730592723,352.8295,8.882510002662787,370.5945200053256,335.0644799946744,0.9883332524762244,0.10070030995296735,5.469285714285713,14864944.8,0.8044115438348923,406608736.0,0.015332291066677772,0.007023610135590792,0.021383439560683764,0.053473348700873835,0.10971880808201928,0.029307084862640442,94.51010293196683,83.45864070955152,1,1,0.0071586795612943455,JPM,US,Finance
2026-01-26,372.06,376.93,373.68,375.12,9323567,367.23400000000004,361.058,354.599,337.7478,361.21319710407073,352.21756230420374,75.06206273978783,85.89981447124299,8.995634799866991,7.645340099997175,1.3502946998698162,354.599,9.629252526056373,373.85750505211274,335.34049494788724,1.0327775947156392,0.10862131620257498,5.440000000000002,14645633.85,0.6366106417025684,415932303.0,0.013344859257658381,0.008663894220493006,0.008224479922571032,0.07991708889912474,0.10417095929120168,0.03532788695076183,94.2612555455212,90.33277973400594,1,0,0.003385583280016924,JPM,US,Finance
2026-01-27,376.3,377.38,366.52,371.35,29856796,368.572,363.468,356.44500000000005,338.81260000000003,362.77270524190595,353.6347799112998,73.06678383128296,69.93377483443712,9.137925330606151,7.943857146118971,1.1940681844871808,356.44500000000005,9.082605411040877,374.6102108220818,338.2797891779183,0.9102622354641516,0.10192434076522763,6.011428571428573,15527693.4,1.9228093515287112,386075507.0,-0.010050117295798633,0.02924464790620915,-0.013154398086598018,0.0694024478041757,0.11039679454594387,0.01834585641419406,81.15035948480315,89.9739059874304,1,1,0.014514608859566458,JPM,US,Finance
2026-01-28,369.5,375.22,369.84,372.23,8546665,370.694,365.53599999999994,357.782,339.87919999999997,364.2276736662281,355.01220362157386,72.16799091940979,67.8621991505427,9.21547004465424,8.198179725826026,1.0172903188282127,357.782,9.34931328747766,376.4806265749553,339.08337342504467,0.8863385351110534,0.10452525043128526,6.064285714285721,15627049.2,0.5469147977780221,394622172.0,0.00236973205870461,0.014453429331288715,0.007388362652212801,0.05882520267387292,0.07739731974876274,0.029340191361097334,83.90121912835578,86.4376113862267,1,1,0.03102920237487572,JPM,US,Finance
2026-01-29,372.97,375.31,367.32,370.87,13288868,371.95,367.25800000000004,359.03499999999997,341.0642,365.2495700252699,356.18685520516095,72.08616780045352,73.70579190158894,9.062714820108965,8.371086744682614,0.6916280754263511,359.03499999999997,9.339644701910936,377.71428940382185,340.3557105961781,0.8167947062472767,0.10405274919587149,6.250000000000008,15827156.6,0.8396244187269608,381333304.0,-0.0036536549982537636,0.021543937228620448,-0.005630479663228657,0.048692209811961096,0.072467539978601,0.017224827888861594,79.64989058831982,81.56715640049292,1,1,0.02925553428425065,JPM,US,Finance
2026-01-30,371.5,374.57,371.43,372.83,8428171,372.48,368.577,360.265,342.286,366.41579002138224,357.41968074551943,80.29978586723763,72.27027027027029,8.996109275862807,8.496091250918653,0.5000180249441541,360.265,9.460850913107057,379.1867018262141,341.34329817378585,0.8320261600825043,0.10504324220316495,6.152142857142865,15600439.3,0.5402521235250007,389761475.0,0.005284870709412859,0.008422069039485997,0.0035800807536915317,0.0366755644533423,0.0706429658558998,0.0071586795612943455,85.77680524895975,83.10930498854512,1,1,0.024783413351929795,JPM,US,Finance
2026-02-02,371.39,382.26,371.7,376.39,9059842,372.73400000000004,369.98400000000004,361.448,343.5572,367.9502838642465,358.8248895791847,82.03605980650832,68.85245901639341,9.125394285061816,8.621951857747286,0.5034424273145301,361.448,9.93636574460528,381.3207314892105,341.57526851078944,0.8759422806884021,0.10996177314111882,6.60785714285715,15331283.95,0.5909382044327602,398821317.0,0.009548587828232646,0.028056005738653914,0.013462936535680921,0.03883307573415773,0.06707680095256996,0.003385583280016924,81.41817030448183,82.2816220472538,1,1,0.017030208028906202,JPM,US,Finance
2026-02-03,377.77,384.64,370.42,376.74,6183633,373.812,371.192,362.6395,344.7978,369.3025478851316,360.15193479554137,80.32747411509749,56.818181818181834,9.150613089590252,8.727684104115879,0.42292898547437296,362.6395,10.281435223897356,383.2023704477947,342.0766295522053,0.8428631239727863,0.1134066776936213,7.23928571428572,13611059.1,0.4543094332527413,405004950.0,0.0009298865538405199,0.037744863831720085,-0.0027265267226017054,0.03312674820380623,0.06752429797965487,0.014514608859566458,74.58990028708305,80.59495861350821,1,1,0.030923183097096185,JPM,US,Finance
2026-02-04,374.55,384.3,383.36,383.78,8800744,376.12199999999996,373.408,364.31100000000004,346.2244,371.52984821049597,361.9021618477235,82.41876479449104,91.02310231023093,9.627686362772465,8.907684555847196,0.7200018069252696,364.31100000000004,10.878421373480036,386.0678427469601,342.55415725304,0.9474224552129192,0.11944104211456873,7.620000000000009,13345094.65,0.659474029322525,413805694.0,0.01868662738227944,0.0024493199228660914,0.024642904819050376,0.061279796471434,0.09541886684743806,0.03102920237487572,96.78384442420399,84.26397167192296,1,0,0.033352441502944474,JPM,US,Finance
2026-02-05,386.08,382.72,380.92,381.72,11158077,378.292,375.121,365.762,347.5924,373.09756387041966,363.3701498590033,75.9520451339916,79.05695039804058,9.727414011416386,9.071630446961034,0.6557835644553514,365.762,11.179424050697046,388.1208481013941,343.4031518986059,0.8568609600721825,0.1222589995753137,7.2414285714285755,13071716.05,0.853604538510111,402647617.0,-0.005367658554379928,0.004715498270971644,-0.011292996270173706,0.04698428371595509,0.08227955769776019,0.02925553428425065,88.93939393602517,86.77104621577075,1,1,0.04427328932201613,JPM,US,Finance
2026-02-06,382.03,383.53,380.91,382.07,4821875,380.14,376.31,367.296,348.9068,374.4779386595859,364.75532394352155,74.55856752051733,86.5535248041778,9.722614716064356,9.2018273007817,0.5207874152826566,367.296,11.20841854660283,389.7128370932057,344.8791629067943,0.829529093193266,0.1220641504026434,6.772142857142858,13063092.15,0.3691219946632624,407469492.0,0.0009169024415800475,0.006857382155084383,0.00010470381907158015,0.032119509427845916,0.08731039585645584,0.024783413351929795,89.46721311108742,91.73015049043886,1,1,0.039312167927343156,JPM,US,Finance
2026-02-09,380.92,389.14,377.74,382.8,10727152,381.422,377.07800000000003,369.068,350.11620000000005,375.75825578888043,366.0919666143718,73.4974093264249,85.37970191625297,9.66628917450862,9.294719675527084,0.37156949898153613,369.068,10.679726292571912,390.4274525851438,347.7085474148562,0.8214501856833549,0.11574806043919238,7.344285714285713,10785645.8,0.9945766071256847,418196644.0,0.0019106446462691107,0.02978056426324503,0.004935419510645437,0.02047344849648125,0.10202671579917078,0.017030208028906202,78.06228373432316,85.48963026047859,1,1,0.009926854754440884,JPM,US,Finance
2026-02-10,382.85,390.05,387.06,388.39,8344556,383.752,378.78200000000004,371.125,351.33,377.70160105212955,367.74367279108503,82.5273390036453,87.22084367245682,9.957928261044515,9.427361392630571,0.5305668684139437,371.125,10.207747573601015,391.540495147202,350.709504852798,0.9228405893315633,0.11001950904491486,7.54642857142857,10770835.45,0.7747361162465707,426541200.0,0.014602925809822365,0.00769844743683491,0.014470419224201366,0.04588662986400949,0.11847372210223184,0.030923183097096185,94.23210562563466,87.25386749034841,1,1,0.015036432451916992,JPM,US,Finance
2026-02-11,385.0,397.18,396.1,396.58,9682569,386.312,381.217,373.37649999999996,352.70560000000006,380.60597012103267,369.87969702878246,84.49428509812388,91.4023372287147,10.72627309225021,9.6871437325545,1.0391293596957105,373.37649999999996,10.620624064825845,394.61774812965166,352.13525187034827,1.0461896555542547,0.11377924496905835,7.640714285714283,10349430.35,0.9355653149001274,436223769.0,0.02108705167486291,0.002723284078867469,0.030077922077843912,0.06541654353491122,0.12808988764044926,0.033352441502944474,98.04305283437556,90.11248073144446,0,0,-0.024988652983004567,JPM,US,Finance
2026-02-12,397.24,398.69,398.57,398.62,17969188,389.692,383.992,375.625,354.19339999999994,383.3773593331815,372.0086083599838,83.20878094348444,89.13502109704666,11.368750973197734,10.023465180683147,1.3452857925145878,375.625,10.97878312689575,397.5825662537915,353.6674337462085,1.023623605029672,0.11691216640922766,7.289285714285711,10580528.15,1.6983260237036444,454192957.0,0.005143981037873946,0.0003010385831109917,0.003473970395721784,0.07482406233990346,0.12715962109430246,0.04427328932201613,99.78240596519176,97.35252147506735,0,0,-0.0276202900005017,JPM,US,Finance
2026-02-13,399.4,397.7,396.6,397.09,7199998,392.69599999999997,386.418,377.4975,355.5346,385.4869963588459,373.86648922220724,77.8736361329612,91.69831795984791,11.62050713663865,10.342873571874248,1.2776335647644022,377.4975,11.297975540592748,400.0934510811855,354.9015489188145,0.9335400605327944,0.11971444092279092,6.951428571428567,10475328.0,0.6873290566816564,446992959.0,-0.0038382419346747465,0.002770152862064509,-0.00578367551325543,0.06506987098677675,0.10413190968746511,0.039312167927343156,95.02642212946756,97.61729364301164,0,0,-0.020045833438263272,JPM,US,Finance
2026-02-16,397.47,388.51,385.06,386.6,13867887,393.456,387.43899999999996,378.7115,356.7102,385.6582276882542,374.80971224278454,66.52937350964669,57.92789639481979,10.848515445469673,10.444001946593334,0.40451349887633903,378.7115,10.877944501558648,400.4673890031173,356.9556109968827,0.6812957401600186,0.11489426121498751,7.034999999999992,10912291.9,1.2708499604148271,433125072.0,-0.026417185021027856,0.008923952405564057,-0.027347975947801483,0.027126119184888164,0.06701258555972633,0.009926854754440884,61.45999362252288,85.42294057239407,1,1,0.01813243662700459,JPM,US,Finance
2026-02-17,388.93,394.77,393.8,394.23,8601937,394.624,389.188,380.19,358.0708,386.97696189006126,376.2482520766524,70.80181543116495,66.11220749929521,10.728709813408841,10.500943519956436,0.2277662934524045,380.19,10.877121813577862,401.94424362715574,358.43575637284425,0.822695659748226,0.11443879969014717,7.2342857142857,10668130.4,0.8063208707759261,441727009.0,0.019736161407139186,0.0024604926058329145,0.013627130846132682,0.04642458990285081,0.08108923380683364,0.015036432451916992,85.78259483309594,80.75633686169547,0,0,-0.009791238617051001,JPM,US,Finance
2026-02-18,394.29,387.19,386.26,386.67,20013410,392.642,389.477,381.4425,359.2128,386.929736983898,377.0202334043078,63.37169939065677,47.70299145299149,9.909503579590194,10.382655531883188,-0.47315195229299434,381.4425,10.035972601231764,401.51444520246355,361.37055479753644,0.6302190681232082,0.10524231150126655,7.23285714285713,11133204.6,1.797632300978974,421713599.0,-0.019176622783654174,0.0024051516797206963,-0.019325876892593467,0.007530355933086819,0.0692716110834577,-0.024988652983004567,57.48142907472655,68.24133917678179,0,1,-0.0046292704373238625,JPM,US,Finance
2026-02-19,386.14,389.74,385.91,387.61,14360539,390.44,390.066,382.59350000000006,360.3728,387.0343928325291,377.8046605595443,62.728212194281824,35.14408744617427,9.22973227298479,10.152070880103508,-0.9223386071187178,382.59350000000006,9.294110911304111,401.18172182260827,364.00527817739186,0.6349375977766637,0.09716956415913819,7.242142857142844,11609650.4,1.2369483376563744,436074138.0,0.0024310135257454846,0.00988106601994299,0.0038069094110846336,0.015430158231164226,0.0631394168792343,-0.0276202900005017,60.80650866427995,68.0235108573675,0,1,-0.00822992182864224,JPM,US,Finance
2026-02-20,390.21,390.14,388.31,389.13,35463790,388.84800000000007,390.77200000000005,383.541,361.5636,387.3567939352169,378.6435745921707,61.3709389503749,34.00741489720252,8.713219343046205,9.864300572692049,-1.1510812296458433,383.541,8.920423579749368,401.38184715949876,365.70015284050123,0.656634938615224,0.09303228160458595,6.668571428571413,12784963.2,2.7738669772731943,471537928.0,0.003921467454399918,0.00470279855060078,-0.0027677404474442386,0.018478289318711205,0.051191312334539996,-0.020045833438263272,66.183233106962,61.49039028198951,1,0,0.005242463958060384,JPM,US,Finance
2026-02-23,390.47,396.16,391.57,393.61,4672187,390.25,391.85299999999995,384.4655,362.7792,388.3188256374912,379.75219869645434,64.0232751454697,44.66584917228699,8.566626941036873,9.604765846361014,-1.038138905324141,384.4655,8.959801146174549,402.38510229234913,366.5458977076509,0.7551535421952178,0.09321825907553474,6.154999999999989,12552394.2,0.3722147785786732,476210115.0,0.011512862025544246,0.01166128909323536,0.008041590903249787,0.028239289446186033,0.04929089358072081,0.01813243662700459,75.75178997251788,67.5805105812533,0,0,-0.009730443840349712,JPM,US,Finance
2026-02-24,394.02,393.78,387.64,390.37,5822942,389.47799999999995,392.05100000000004,385.4165,363.8372,388.634390924031,380.53870249671695,55.8473824312334,57.4300354749704,8.09568842731403,9.302950362551618,-1.2072619352375877,385.4165,8.491610271323307,402.3997205426466,368.43327945735336,0.6458351196380991,0.08812918254720573,6.053571428571416,11350701.5,0.5130027855104122,470387173.0,-0.008231498183481123,0.01572866767421743,-0.009263489162963084,0.005097968536780018,0.05121852699609519,-0.009791238617051001,60.28639617850663,67.40713975266219,1,1,0.017111970694469347,JPM,US,Finance
2026-02-25,388.66,387.44,382.84,384.88,11407744,389.12,390.88100000000003,386.04900000000004,364.8689999999999,388.05679232033395,380.86028008955276,52.64302442288388,29.875161429186363,7.196512230781195,8.881662736197534,-1.6851505054163383,386.04900000000004,7.908837095968649,401.8666741919373,370.23132580806276,0.46304766471106856,0.08194645856819366,6.38714285714285,11493755.45,0.9925165936502858,458979429.0,-0.014063580705484524,0.011951777177271023,-0.009725724283410446,-0.02950224418780567,0.03398436450581621,-0.0046292704373238625,34.0811455830987,56.706443911374414,1,1,0.05063916025774273,JPM,US,Finance
2026-02-26,384.68,390.21,379.78,384.42,14782371,388.482,389.461,386.72650000000004,365.87379999999996,387.49728580951336,381.12396304588225,51.96193020537655,43.0254184748915,6.3733227636311085,8.379994741684248,-2.0066719780531397,386.72650000000004,7.0767069914013545,400.87991398280275,372.57308601719734,0.4185178924596889,0.07319598725593464,6.944999999999998,11568430.6,1.277819804025984,444197058.0,-0.0011951777177301448,0.027131782945665872,-0.0006758864510744385,-0.03562289900155535,0.03653571332272776,-0.00822992182864224,31.88544152592437,42.08432776250991,1,1,0.03888975599604594,JPM,US,Finance
2026-02-27,384.39,391.78,390.68,391.17,10421156,388.89000000000004,388.869,387.6435,367.08719999999994,388.06231876189594,381.8681139313724,56.34956759217114,58.11303555150411,6.194204830523518,7.942836759452102,-1.7486319289285843,387.6435,6.330087115891881,400.30367423178376,374.9833257682163,0.6392753343989271,0.06531864577505406,6.656428571428568,11668079.85,0.8931336810200454,454618214.0,0.01755891993132508,0.0028120765907333227,0.01763833606488824,-0.014908459039512323,0.04919132044095176,0.005242463958060384,60.232681117914865,42.06642274231265,1,1,0.010481376383669527,JPM,US,Finance
2026-03-02,387.95,390.9,388.88,389.78,9589733,388.12399999999997,389.187,388.313,368.28520000000003,388.326577413912,382.45417956608554,51.126235618214224,51.49014213663452,5.8723978478264485,7.5287489771269716,-1.656351129300523,388.313,5.759608996235524,399.83221799247104,376.79378200752893,0.5636761974812499,0.05932955112211742,6.302142857142854,11694574.4,0.8200154919690372,445028481.0,-0.003553442237390514,0.005182410590576222,0.004717102719410406,0.00822555613036724,0.03557480273120972,-0.009730443840349712,52.88207297446412,48.33339853943446,1,1,0.012083739545384775,JPM,US,Finance
2026-03-03,390.37,401.0,393.89,397.05,38320724,389.46000000000004,389.469,389.3285,369.4562,389.66864242715627,383.53535145007925,50.38657673959535,56.99186991869916,6.133290977077024,7.249657377116983,-1.1163664000399587,389.3285,5.390365943054645,400.1092318861093,378.54776811389075,0.8581157606326737,0.05538115954049896,6.475714285714283,13301428.95,2.880947698408922,483349205.0,0.018651547026527826,0.01790706460139052,0.01711197069442553,0.007153184689140835,0.05390985825768424,0.017111970694469347,81.3854853873052,64.83341315989473,0,0,-0.0007807580909205969,JPM,US,Finance
2026-03-04,400.16,405.94,403.11,404.37,6754629,393.358,391.23900000000003,390.358,370.75379999999996,391.93038974605525,385.0786587500733,54.35144543665809,74.40725244072519,6.851730995981939,7.170072100889975,-0.31834110490803624,390.358,6.1828639250619695,402.72372785012396,377.99227214987604,1.0665659219078225,0.06335583157046754,6.9599999999999955,13199123.2,0.5117482719042828,490103834.0,0.01843596524367208,0.006998540940210662,0.010520791683300326,0.04577546745286676,0.05365052894887712,0.05063916025774273,93.99847094441905,76.08867643539612,0,0,-0.012068155402230607,JPM,US,Finance
2026-03-05,408.64,402.31,397.02,399.37,9804381,396.348,392.415,391.2405,371.92019999999997,393.074945169739,386.1372766204383,51.6393442622951,75.70060305072718,6.937668549300724,7.123591390572124,-0.1859228412713998,391.2405,6.144545270318261,403.5295905406365,378.9514094593635,0.8307608472851317,0.06282115752640682,7.340714285714284,13131438.4,0.746634142788642,480299453.0,-0.01236491332195766,0.013245862232983886,-0.022685003915371225,0.03033977451562131,0.046238080268259374,0.03888975599604594,74.88532109805489,83.42309247659306,1,0,0.007887422690737944,JPM,US,Finance
2026-03-06,395.49,397.02,393.86,395.27,9636454,397.168,393.029,391.90049999999997,373.15399999999994,393.4126459128561,386.813774648554,56.86460807600946,67.04366949418777,6.59887126430209,7.018647365318118,-0.41977610101602725,391.90049999999997,5.8073460511612165,403.5151921023224,380.28580789767756,0.6450533500875678,0.05927367840710983,6.875,13372167.35,0.7206351092640858,470662999.0,-0.010266169216516019,0.007994535380858588,-0.0005562719664200638,0.015778788579652092,0.03454864291883686,0.010481376383669527,59.212538224036194,76.03211008883672,1,1,0.013155564550813459,JPM,US,Finance
2026-03-09,395.61,396.36,393.0,394.49,18797580,398.11,393.117,392.485,374.2492,393.57839269549356,387.38238393384626,50.23090586145648,56.419180201082725,6.196008761647306,6.854119644583956,-0.6581108829366498,392.485,5.418456276569516,403.32191255313904,381.648087446861,0.5925078978710924,0.05522204697306352,6.531428571428576,13775688.75,1.364547281561709,451865419.0,-0.0019733346826219522,0.008517326167942143,-0.0028310710042647393,0.0022357155560071007,0.030538140020898608,0.012083739545384775,56.23088684800349,63.44291539003152,1,1,0.01850490506730207,JPM,US,Finance
2026-03-10,393.82,398.8,395.08,396.74,12679397,398.048,393.754,392.90250000000003,375.49539999999996,394.06479381926374,388.07554067948723,59.87448519317512,63.02395209580843,5.989253139776508,6.6811463436224665,-0.6918932038459582,392.90250000000003,5.40800369336147,403.718507386723,382.0864926132771,0.6773991021878022,0.05505695375669755,6.270000000000002,13992430.8,0.906161072016088,464544816.0,0.00570356663033289,0.009376417805088095,0.007414554872765734,0.01631785229397753,0.021499008728340208,-0.0007807580909205969,64.83180427886737,60.09174311696902,0,1,-0.005293139083530796,JPM,US,Finance
2026-03-11,398.04,400.12,398.99,399.49,4132040,397.072,395.215,393.048,376.5754,394.8994409239924,388.9210561847104,61.24999999999998,55.49549549549549,5.978384739282035,6.54059402275438,-0.5622092834723453,393.048,5.549449095468915,404.1468981909378,381.9491018090622,0.7902089868915845,0.05647604460986732,6.237857142857146,13714904.35,0.30128097092554856,468676856.0,0.006931491657004685,0.0028286064732463063,0.0036428499648184748,0.03795988360008318,0.007337737656967214,-0.012068155402230607,75.34403669436765,65.46890927374618,1,1,0.0082855640942201,JPM,US,Finance
2026-03-12,400.58,404.34,401.06,402.52,3005035,397.702,397.025,393.24300000000005,377.70959999999997,396.07183462799355,389.9283853562133,62.32737985638001,44.83528754885532,6.143449271780241,6.461165072559553,-0.31771580077931194,393.24300000000005,5.8175886666882555,404.8781773333766,381.6078226666235,0.8986617364433878,0.05917550895170133,6.403571428571431,12966696.7,0.23175021655667966,471681891.0,0.0075846704548299115,0.008148663420430847,0.004842977682348482,0.04708391863066419,0.009783753951131402,0.007887422690737944,86.92660550126422,75.70081549149977,1,0,0.0007701480671769012,JPM,US,Finance
2026-03-13,403.59,403.38,398.15,400.47,13161082,398.742,397.95500000000004,393.412,378.75440000000003,396.7484754544561,390.7092457001975,56.611410948342346,53.6764705882354,6.039229754258599,6.376778008899364,-0.33754825464076443,393.412,5.98199632230268,405.37599264460533,381.4480073553946,0.7949684193590498,0.060821696565305304,6.275000000000001,13264750.9,0.9921845579335713,458520809.0,-0.005092914637781831,0.013059654905453489,-0.007730617706068578,0.02377482935807973,0.008511924248910896,0.013155564550813459,79.0902140642551,80.45361875329566,1,1,0.0027967138612130515,JPM,US,Finance
2026-03-16,401.73,402.85,400.93,401.79,22788056,400.202,399.156,394.17150000000004,379.7356,397.52409461530897,391.53004231499773,61.42914331465174,76.76518883415474,5.994052300311239,6.30023286718174,-0.3061805668705011,394.17150000000004,6.03564872456627,406.2427974491326,382.1002025508675,0.8155625992685606,0.06124896117097212,6.0064285714285734,13710759.35,1.6620563278972345,481308865.0,0.0032961270507154694,0.0047786156947540685,0.0001493540437603687,0.03081225306583213,0.039291257113295286,0.01850490506730207,84.1360856236952,83.38430172973817,0,1,-0.00418128873292023,JPM,US,Finance
2026-03-17,402.82,397.68,392.2,394.64,9371305,399.782,398.915,394.192,380.57020000000006,397.0803877514153,391.76040955092384,59.453700116234,50.40431266846355,5.319978200491448,6.104181933843682,-0.7842037333522338,394.192,6.036554088484634,406.26510817696925,382.11889182303076,0.5185536314640182,0.06125496294667885,6.153571428571431,13749227.75,0.6815876854183548,471937560.0,-0.01779536573832108,0.013886073383301572,-0.020306836800505684,-0.006069764513285558,0.0010400020292722356,-0.005293139083530796,56.80428134339433,73.34352701044821,1,1,0.0030914250962903456,JPM,US,Finance
2026-03-18,395.08,406.65,399.72,402.8,13444954,400.444,398.758,394.99850000000004,381.61920000000003,397.9603280973514,392.5781569915962,65.49224544841536,62.387571545380226,5.382171105755219,5.9597797682259905,-0.5776086624707713,394.99850000000004,6.056175860448077,407.11085172089616,382.8861482791039,0.8220472860657954,0.06132859603702527,6.266428571428572,13420804.95,1.0017992995420666,485382514.0,0.02067707277518749,0.01720456802379033,0.019540346258936133,-0.0038825827830947235,0.04171515762795153,0.0082855640942201,78.33427123926104,73.09154606878353,1,0,0.00506454816285995,JPM,US,Finance
2026-03-19,402.92,406.98,399.52,402.83,18733118,400.506,399.104,395.7595,382.6218,398.70950839006656,393.3375527699964,61.08365019011403,57.68169273229067,5.371955620070139,5.842214938594821,-0.4702593185246817,395.7595,6.035108227350334,407.82971645470064,383.68928354529936,0.7928903564299191,0.06099773450628548,6.273571428571436,13639433.9,1.3734526494202484,504115632.0,7.447864945375748e-05,0.018518978228983733,-0.00022336940335502943,0.008663645241254958,0.039266272799979296,0.0007701480671769012,77.07182320016162,70.73679192760567,1,0,0.014075416428766419,JPM,US,Finance
2026-03-20,406.04,404.71,399.1,401.59,7438702,400.72999999999996,399.736,396.38250000000005,383.6258,399.15266094544097,393.94884515740415,61.258341277407055,47.66917293233081,5.20381578803682,5.714535108483221,-0.5107193204464009,396.38250000000005,5.957348293011966,408.297196586024,384.4678034139761,0.718532631598435,0.06011716756412739,6.510714285714288,12238179.5,0.6078274462449708,496676930.0,-0.003078221582305196,0.01396947135134338,-0.010959511378162461,0.015989070761757818,0.03202014750854465,0.0027967138612130515,63.53179972506529,72.97929805482933,1,1,0.03538434721980144,JPM,US,Finance
2026-03-23,399.83,401.47,399.03,400.11,4151645,400.394,400.298,396.7075,384.68080000000003,399.29994387691164,394.40522699759646,53.27903986283755,49.07120743034052,4.894716879315183,5.550571462649614,-0.6558545833344311,396.7075,5.975410027775667,408.6583200555513,384.75667994444865,0.6423542478064995,0.06025003336473955,5.892142857142858,12212152.4,0.339960108919038,492525285.0,-0.0036853507308447497,0.006098322961170568,0.0007002976264895812,0.014246241983320251,0.016513808084144266,-0.00418128873292023,53.51826792601371,64.70729695041355,1,1,0.04063882432331112,JPM,US,Finance
2026-03-24,400.94,399.05,393.31,395.86,9068536,400.638,400.21,396.982,385.653,398.7707217420022,394.5129879607374,40.23858683184216,36.70999551770505,4.25773378126479,5.29200392637265,-1.0342701451078602,396.982,5.792246723448951,408.56649344689794,385.3975065531021,0.45157319542737384,0.05836281467103661,5.7428571428571455,12374432.1,0.7328445615823808,483456749.0,-0.010622078928294698,0.014500075784331604,-0.012670224971285763,-0.002218077330241486,0.014063580705484524,0.0030914250962903456,24.763193503060798,47.27108705137994,1,1,0.06345677764866364,JPM,US,Finance
2026-03-25,394.89,408.08,402.25,404.84,8274740,401.046,400.745,397.97999999999996,386.71880000000004,399.7044568586173,395.2779518154976,55.749421904561686,71.12676056338032,4.4265050431196755,5.118904149722056,-0.6923991066023802,397.97999999999996,5.295589028421343,408.57117805684265,387.38882194315727,0.8238544363223167,0.05322467489228646,6.090714285714284,12217781.9,0.6772701780451509,491731489.0,0.02268478755115444,0.014400750913905701,0.025196890273176814,0.013392074895491657,0.05186032009977137,0.00506454816285995,79.59697732496234,52.626146251345624,1,1,0.02371307183084692,JPM,US,Finance
2026-03-26,405.78,412.9,404.97,408.5,16294301,402.18,401.343,399.18399999999997,387.8158,401.0576173419069,396.2573627921274,64.03564608529604,64.51120162932793,4.800254549779481,5.055174229733542,-0.2549196799540603,399.18399999999997,4.760730151876809,408.70546030375357,389.66253969624637,0.9892106726180552,0.04770461894128897,6.272857142857142,12293378.4,1.325453357438883,508025790.0,0.009040608635510372,0.019412484700074756,0.006703139632296625,0.014856404650700705,0.06263982102908283,0.014075416428766419,78.74396134885305,61.034710725625395,1,1,0.006976744186046657,JPM,US,Finance
2026-03-27,407.95,419.01,413.24,415.8,21211216,405.02200000000005,402.876,400.41549999999995,388.939,403.3256762123828,397.70496554826616,69.86020503261886,74.09884801189156,5.620710664116643,5.168281516610162,0.4524291475064812,400.41549999999995,5.67618244115749,411.76786488231494,389.06313511768496,1.1775900950289595,0.05670292424886967,6.783571428571427,12832881.4,1.652880104317016,529237006.0,0.01787025703794365,0.013876863876830459,0.01924255423454046,0.03828002097535399,0.06296495129994639,0.03538434721980144,88.02685564759325,82.12259810713623,0,0,-0.01327561327561333,JPM,US,Finance
2026-03-30,415.84,419.58,413.8,416.37,5533528,408.274,404.334,401.745,390.02,405.3324952566316,399.087560692839,68.88589570906295,78.16310975609767,6.244934563792583,5.383612126046647,0.8613224377459359,401.745,6.148353224113128,414.04170644822625,389.44829355177376,1.094671429316544,0.06121647536718883,6.888571428571424,12630071.15,0.4381232295652404,534770534.0,0.0013708513708512449,0.013881883901304347,0.0012745286648681105,0.03628761293212879,0.06821796911078049,0.04063882432331112,88.2761139485656,85.0156436483373,0,0,-0.02341667267094172,JPM,US,Finance
2026-03-31,415.2,424.06,418.51,420.98,7073642,413.29800000000006,406.968,402.9415,391.14639999999997,407.7398036786883,400.70922286373985,69.96098829648898,85.52945182158666,7.0305808149484506,5.713005863827008,1.3175749511214425,402.9415,7.389724925443798,417.7209498508876,388.1620501491124,1.1102561387901193,0.07335779437387771,7.196428571428568,11067717.05,0.6391237984238314,541844176.0,0.011071883180824749,0.013183524157885951,0.013921001926748817,0.06674437461990679,0.060269487470091976,0.06345677764866364,90.33270558410761,88.87855839342217,0,0,-0.041854719939189544,JPM,US,Finance
2026-04-01,418.66,417.4,412.07,414.44,15561108,415.218,408.13199999999995,403.445,392.20279999999997,408.77060311273624,401.7263174664257,60.394140216253945,79.34301958307007,7.044285646310527,5.979261820323712,1.065023825986815,403.445,7.822562845623245,419.0901256912465,387.7998743087535,0.851387397459528,0.07755766308273855,7.486428571428571,11508041.0,1.3521942307822652,526283068.0,-0.015535179818518707,0.01286072772895262,-0.010079778340395421,0.02889771598808344,0.024902935430422657,0.02371307183084692,69.80539861676694,82.80473938314672,0,0,-0.026324679085030445,JPM,US,Finance
2026-04-02,415.35,412.08,410.77,411.35,6496211,415.788,408.98400000000004,404.044,393.138,409.1674334030845,402.4391828392831,59.3182596779719,62.63096623981381,6.728250563801396,6.129059569019249,0.5991909947821465,404.044,7.951711765402523,419.94742353080505,388.1405764691949,0.7296989696941214,0.07872124585820213,7.375,11342632.5,0.5727251083269155,519786857.0,-0.007455844030498926,0.003184635954775295,-0.009630432165620246,0.021150361194548717,0.029997245661917527,0.006976744186046657,60.1067168844914,73.41494036178865,0,0,-0.015947489972043316,JPM,US,Finance
2026-04-03,411.24,416.78,405.08,410.28,14449885,414.684,409.85299999999995,404.7945,393.94000000000005,409.3385974949176,403.0199841104473,57.30259762601062,53.83951682484894,6.318613384470325,6.166970332109465,0.15164305236085962,404.7945,7.7866427297032645,420.36778545940655,389.2212145405935,0.6761189061108006,0.07694415541400908,8.040714285714285,11583304.05,1.247475132324172,505336972.0,-0.0026011911997083637,0.028517110266090166,-0.0023344032681589873,0.0216389850344878,0.03797404305917462,-0.01327561327561333,56.74827369564499,62.22012973230111,0,0,-0.015257872672321371,JPM,US,Finance
2026-04-06,413.01,410.74,403.33,406.62,3438897,412.73400000000004,410.504,405.40099999999995,394.57,408.92035172646877,403.2866519541179,60.9626647144949,26.509723643807575,5.633699772350894,6.060316220157752,-0.4266164478068575,405.40099999999995,7.40482481402203,420.210649628044,390.5913503719559,0.541155598885694,0.07306173210232592,7.884999999999999,10815369.9,0.31796385272371935,501898075.0,-0.008920737057619088,0.018223402685509326,-0.015471780344264097,0.016270525605458497,0.030748561433749932,-0.02341667267094172,43.28455284412083,53.37984780808574,0,0,-0.01596084796616004,JPM,US,Finance
2026-04-07,407.86,406.09,401.18,403.36,11417264,409.21000000000004,411.254,405.732,395.21020000000004,408.06491299931974,403.29208514270175,50.56292722155207,20.73774179037342,4.772827856617994,5.802818547449801,-1.0299906908318075,405.732,7.140539269037888,420.01307853807583,391.4509214619242,0.4169530510565848,0.07039660927923164,7.4157142857142855,10752263.25,1.0618474150688773,490480811.0,-0.008017313462200581,0.012172748909132773,-0.011033197665838686,0.018946092052746,0.016685990825225705,-0.041854719939189544,32.68292682820547,44.238584455990434,1,1,0.0009668782229272921,JPM,US,Finance
2026-04-08,402.99,408.02,399.93,403.53,12792675,407.02799999999996,411.12299999999993,405.934,395.8362,407.3672340763474,403.30970846546455,50.70168404170006,0.9555930297917854,4.057525610882863,5.453759960136414,-1.3962343492535512,405.934,7.010626820840856,419.95525364168174,391.9127463583183,0.4142730007655011,0.0690814449720751,7.460714285714281,11185295.0,1.1437046458135753,503273486.0,0.00042145973819907034,0.02004807573161829,0.0013399836224189771,-0.003235846260250974,0.010112893939773215,-0.026324679085030445,33.23577235664264,36.40108400965632,0,0,-0.025153024558273174,JPM,US,Finance
2026-04-09,405.64,410.03,400.61,404.79,5873136,405.716,410.75199999999995,406.0475,396.5146,406.9707365261401,403.41935969024496,53.20641282565134,11.430855315747465,3.551376835895155,5.0732833352881626,-1.5219064993930074,406.0475,6.970707790841878,419.9889155816838,392.10608441831624,0.4549005625330115,0.06866889012565985,7.732857142857138,11328700.05,0.5184297806146098,509146622.0,0.003122444427923643,0.02327132587261713,-0.00209545409722382,-0.009082007343941156,0.005639471330617152,-0.015947489972043316,37.3333333321193,34.41734417232247,0,0,-0.03327651374786933,JPM,US,Finance
2026-04-10,403.23,406.74,401.84,404.02,12676472,404.46400000000006,409.574,406.225,397.13840000000005,406.5167770605801,403.46385156504164,53.97438503760923,14.033366045142287,3.0529254955384886,4.669211767338228,-1.6162862717997397,406.225,6.86561493393659,419.9562298678732,392.4937701321268,0.4197085759383155,0.06760406113774088,7.899999999999998,11304469.55,1.1213680414249918,496470150.0,-0.0019022209046667404,0.012128112469649786,0.001959179624526956,-0.02833092833092843,0.008864584113666307,-0.015257872672321371,34.8292682915502,35.13279132677072,0,0,-0.011484579971288489,JPM,US,Finance
