Date,Open,High,Low,Close,Volume,sma5,sma10,sma20,sma50,ema12,ema26,rsi,rsi_6,macd,macd_sig,macd_hist,bb_mid,bb_std,bb_upper,bb_lower,bb_pos,bb_width,atr,vol_sma20,vol_ratio,obv,daily_ret,hlpct,co_pct,mom10,mom20,roc5,stoch_k,stoch_d,target,target_3d,ret_5d,symbol,market,sector
2024-07-22,258.82,269.07,267.15,268.0,22086146,261.812,261.21099999999996,261.4415,286.1796,262.56416815783825,267.5413239467279,61.05508145849503,68.89988580129432,-4.977155788889661,-6.883883192041413,1.906727403151752,261.4415,2.8025200595541686,267.04654011910833,255.83645988089168,1.0850537961856996,0.042877967874930985,3.7749999999999955,11104164.7,1.9889964358150745,9326316.0,0.03160244813118274,0.00716417910445094,0.03546866548166502,0.026898612920530196,-0.015755260935032545,0.016460593188196926,92.09748891491161,71.13264577726876,1,0,0.004776119402984946,MSFT,US,Technology
2024-07-23,267.16,272.7,270.26,271.34,11809316,264.52200000000005,262.18,261.69399999999996,285.20059999999995,263.9145655211279,267.8283742706397,64.06585540443812,65.98667776852622,-3.9138087495118157,-6.289861521007019,2.3760527714952033,261.69399999999996,3.4214915184052757,268.5369830368105,254.8510169631894,1.2048095798942031,0.05229759212503461,4.082857142857138,11242686.3,1.0503997562931418,21135632.0,0.012462686567163983,0.00899240804890914,0.015646054798563794,0.0370342060003821,0.0189642870554656,0.052562163000892115,92.0792079154292,77.31151478620644,1,0,0.003574850740768243,MSFT,US,Technology
2024-07-24,272.43,270.73,263.48,266.7,6353798,265.584,262.637,261.7985,284.0942,264.3431662491073,267.74323468075784,53.99346099953297,69.54804738920585,-3.4000684316505385,-5.711897623790835,2.311829192140297,261.7985,3.5449300713158274,268.88836014263165,254.70863985736833,0.8456697241234264,0.054162725474779905,4.3521428571428515,11156956.9,0.5694919759444462,14781834.0,-0.017100316945529492,0.02718410198714967,-0.02103292588914211,0.017434097585167674,0.00789841653754575,0.020314472627108948,65.05532905852907,83.07734196295662,1,1,0.02092238470191221,MSFT,US,Technology
2024-07-25,267.75,268.35,266.34,267.24,9664906,266.61400000000003,263.607,262.113,283.01959999999997,264.7888966429831,267.7053162501512,57.32977950084812,64.82513938165243,-2.916419607168109,-5.152797934840736,2.236378327672627,262.113,3.739376671950794,269.5917533439016,254.6342466560984,0.8427710317079755,0.057065108131783275,4.324999999999998,11109820.65,0.8699424981318219,24446740.0,0.0020247469066367874,0.007521329142315995,-0.0019047619047547568,0.03766405218606805,0.024104234527687396,0.019649738639398784,68.20034944273742,75.11162880556522,1,1,0.030085316569375742,MSFT,US,Technology
2024-07-26,266.78,270.41,269.34,269.81,18814903,268.61800000000005,264.781,262.703,282.0768,265.56146745142973,267.8637009133198,60.11918404767364,67.87037037037051,-2.3022334618900686,-4.582681707347404,2.280448245457335,262.703,3.981027505555951,270.66505501111186,254.74094498888806,0.9463043767680052,0.0606163995925558,4.422142857142857,11652654.0,1.614645160266051,43261643.0,0.009616823828768162,0.003965753678499997,0.011357672988937223,0.045491533304917287,0.04573466144723071,0.03856961391893443,83.16831682683942,72.1413317760353,1,1,0.043623290463659536,MSFT,US,Technology
2024-07-29,268.45,269.97,268.73,269.28,16221502,268.874,265.34299999999996,263.04650000000004,281.1612,266.1336078900731,267.97015672318406,58.7721315244884,73.92839132627321,-1.8365488331109532,-4.033452563862378,2.1969037307514245,263.04650000000004,4.242232871594297,271.53096574318863,254.56203425681144,0.8673478205823919,0.06450924641199436,4.3971428571428595,11356968.75,1.4283301230066232,27040141.0,-0.001964345280011992,0.004604872251914009,0.0030918234307949054,0.021315330349692685,0.026180404710186123,0.004776119402984946,80.08153756085711,77.15006794347799,1,1,0.03594771241830075,MSFT,US,Technology
2024-07-30,267.39,273.26,271.56,272.31,10004558,269.068,266.79499999999996,263.6895,280.39459999999997,267.083904289209,268.2960046857165,61.05560382276285,64.70989761092147,-1.2121003965075374,-3.4691800191971747,2.2570796226896372,263.6895,4.625688540496152,272.9408770809923,254.4381229190077,0.9659036121630794,0.07016871798806724,4.382857142857146,11543419.15,0.866689236811674,37044699.0,0.011252228163993072,0.00624288494727974,0.018400089756466644,0.056324915629000216,0.049566390441318164,0.003574850740768243,94.64184996646131,85.96390145138594,1,1,0.028496933641805278,MSFT,US,Technology
2024-07-31,271.45,273.89,270.99,272.28,10253887,270.18399999999997,267.88399999999996,264.326,279.61620000000005,267.8833621632436,268.5948330939008,67.76759884281577,54.14462081128744,-0.7114709306571854,-2.9176365506338917,2.2061656199767063,264.326,4.894150536474898,274.11430107294984,254.53769892705023,0.906301356068557,0.07406234023828738,4.226428571428575,11273159.7,0.9095840352918947,26790812.0,-0.00011016855789369728,0.010650800646354219,0.0030576533431457965,0.04166188454034203,0.04904642650741664,0.02092238470191221,91.23093681420303,88.65144144717381,1,1,0.022329954458645718,MSFT,US,Technology
2024-08-01,269.53,275.93,274.76,275.28,9437912,271.792,269.203,264.92600000000004,278.7648,269.02137694908333,269.095801394732,69.57906712172922,94.22680412371079,-0.07442444564867401,-2.3489927680055027,2.2745683223568287,264.92600000000004,5.4618171258092225,275.8496342516185,254.0023657483816,0.9739265230109628,0.0824655507694769,4.320714285714288,11482288.7,0.821953830340999,36228724.0,0.011018069634200156,0.004250217959879998,0.021333432270911095,0.050326223816246296,0.04557885141294449,0.030085316569375742,96.81372548545015,94.22883742203817,1,1,0.014022086602731854,MSFT,US,Technology
2024-08-02,276.22,283.21,280.28,281.58,7427961,274.14599999999996,271.382,265.9455,278.08099999999996,270.9535740920216,270.030526553131,70.06269592476485,96.37774902975384,0.9230475388906143,-1.6945834530270831,2.6176309919176974,265.9455,6.5268993807404065,278.9992987614808,252.89170123851918,1.0988486679078988,0.09816897643638818,4.472857142857145,11148548.25,0.666271533042741,43656685.0,0.0228857890148213,0.010405568577276801,0.01940482224306912,0.08387543785365081,0.0780657758719705,0.043623290463659536,94.11127167290061,94.05197799085126,0,0,-0.025463456211378466,MSFT,US,Technology
2024-08-05,280.78,280.05,278.09,278.96,26991580,276.082,272.47799999999995,266.84450000000004,277.3982,272.18538656324796,270.69856649576656,75.56145858488284,79.49709864603454,1.4868200674814034,-1.0583017738265497,2.545121841307953,266.84450000000004,7.026135027242684,280.8967700544854,252.79222994551466,0.9310869330041699,0.10532178894024571,4.141428571428572,12024363.7,2.2447406306630073,16665105.0,-0.00930463811350235,0.0070260969314346515,-0.006481943158321502,0.0408955223880596,0.0688941681354891,0.03594771241830075,82.05994089987084,90.99497935274053,0,1,-0.024017780326928584,MSFT,US,Technology
2024-08-06,279.57,280.59,279.65,280.07,10037034,277.63399999999996,273.351,267.7655,276.6856,273.3984495445321,271.39915313638994,73.99794450154162,83.53014294592903,1.999296408142186,-0.4467813877109908,2.446077795853177,267.7655,7.500635394137197,282.76677078827436,252.7642292117256,0.9101152553258225,0.11204782384749612,3.960714285714289,12393656.5,0.8098524588080637,26702139.0,0.003979065098938861,0.003356303781185566,0.0017884608505855835,0.03217365666691241,0.07039938849608252,0.028496933641805278,86.74546221668449,87.63889159648532,0,0,-0.029921091155782453,MSFT,US,Technology
2024-08-07,282.44,282.18,275.3,278.36,5590845,278.85,274.517,268.577,275.899,274.1617892416682,271.9191744184469,70.37315301778116,70.48070412999321,2.242614823221288,0.09109838202640803,2.15151644119488,268.577,7.733199174577013,284.043398349154,253.11060165084598,0.8162662624591865,0.11517291762955453,4.3778571428571444,12174732.2,0.45921704469055635,21111294.0,-0.006105616453029539,0.02471619485549389,-0.014445545956612162,0.043719535058117875,0.0619158432838669,0.022329954458645718,79.52722667456632,82.77754326370722,0,0,-0.009735594194568264,MSFT,US,Technology
2024-08-08,279.84,280.5,278.05,279.14,7825411,279.62199999999996,275.707,269.657,275.1124,274.9276884014934,272.45827682714537,75.1887529289247,72.10051546391759,2.469411574348044,0.5667613937138745,1.9026501806341694,269.657,7.618117670533842,284.8932353410677,254.42076465893228,0.8111989210887403,0.1130045601709668,4.3692857142857155,12277063.6,0.637400816478558,28936705.0,0.0028021267423479213,0.008776957798922447,-0.002501429388212862,0.044529262086513866,0.08387046672361564,0.014022086602731854,79.37151545466945,81.88140144864009,1,0,0.005624417854839914,MSFT,US,Technology
2024-08-09,277.68,277.33,272.09,274.41,43580391,278.188,276.16700000000003,270.474,274.3146,274.848042221017,272.6039060434478,59.17549384483255,47.47826086956536,2.244136177569203,0.9022365610661156,1.3418996165030874,270.474,7.173273788313128,284.82054757662627,256.1274524233737,0.6371758598485213,0.10608448558141069,4.2100000000000035,14058176.55,3.1000028876431425,-14643686.0,-0.016944902199612977,0.019095514011810477,-0.011776145203069022,0.01704903450576345,0.06331615453171624,-0.025463456211378466,55.39787125922985,71.43220446282187,1,1,0.003571298422069047,MSFT,US,Technology
2024-08-12,275.5,274.75,270.27,272.26,13906617,276.848,276.46500000000003,270.904,273.471,274.44987421854205,272.57825914014256,51.36336692353292,14.427480916030476,1.8716150783994863,1.0961123618910398,0.7755027165084465,270.904,6.9989566139679384,284.9019132279359,256.9060867720641,0.5484357910129548,0.1033422409996473,4.19428571428572,13650954.05,1.0187285028090396,-28550303.0,-0.007834991436172278,0.016454859325584235,-0.011760435571645186,0.011066547831253715,0.03261776530380023,-0.024017780326928584,44.500760261302496,59.756715658400594,1,1,0.00029383677367222916,MSFT,US,Technology
2024-08-13,273.69,272.27,271.23,271.69,9319281,275.172,276.403,271.599,272.54400000000004,274.0252712723593,272.51205011737056,58.40916750926862,17.10407239819,1.5132211549887415,1.1795341540239932,0.33368700096474835,271.599,6.281563583426246,284.1621271668525,259.0358728331475,0.5036217097179629,0.09251232270226503,3.7071428571428635,13835366.0,0.6735839389009342,-37869584.0,-0.0020935870124145772,0.0038278920828743635,-0.007307537725136807,-0.002276816863133968,0.05391985724814763,-0.029921091155782453,31.713100175950743,43.87057723216103,1,1,0.013139975707607832,MSFT,US,Technology
2024-08-14,270.77,279.55,272.54,275.65,7091923,274.63,276.74,272.312,271.8188,274.2752329814813,272.7458380444179,62.70776669688722,34.10071942446028,1.5293949370633868,1.2495063331200633,0.2798886039433235,272.312,5.856720476242434,284.02544095248487,260.59855904751515,0.6424858849290296,0.0860295613299586,4.125000000000004,13900034.1,0.5102089994002965,-30777661.0,0.014575435238691092,0.025430799927351935,0.018022676071876402,0.012376964889084796,0.05455449711159566,-0.009735594194568264,47.790055245318214,41.33463856085715,0,0,-0.030183203337565745,MSFT,US,Technology
2024-08-15,274.46,283.11,278.79,280.71,10123669,274.944,277.283,273.243,271.2322,275.2652086774686,273.3389405346322,65.31759415401906,56.811594202898476,1.9262681428364203,1.384858729863801,0.5414094129726192,273.243,5.621501110632065,284.48600222126413,261.99999777873586,0.8320732244028829,0.08229306676638003,4.431428571428577,13357787.1,0.7578851321949028,-20653992.0,0.018356611645202303,0.01538954793197465,0.02277198863214031,0.019725370531822106,0.0710442977603114,0.005624417854839914,82.73480662412048,54.07932068179648,0,0,-0.05350717822663953,MSFT,US,Technology
2024-08-16,280.57,275.76,275.1,275.39,4230166,275.14,276.664,274.02299999999997,270.70959999999997,275.2844075318295,273.49162518649763,57.56750061927175,41.39513538320329,1.7927823453318865,1.4664434697384259,0.32633887559346064,274.02299999999997,4.655967421661638,283.33493484332325,264.7110651566767,0.5734004276461817,0.06796462226374651,4.74357142857143,13038590.3,0.324434281485608,-24884158.0,-0.01895194328666594,0.0023966011837669183,-0.018462415796348663,-0.021983095390297636,0.06004850071211343,0.003571298422069047,39.56723338179546,56.69736508374473,0,0,-0.03576745706089535,MSFT,US,Technology
2024-08-19,273.39,278.6,267.34,272.34,5121070,275.156,276.002,274.23999999999995,270.23740000000004,274.8314179772694,273.405927599397,50.03713790542211,44.85330681253095,1.4254903778723929,1.4582528500174492,-0.03276247214505634,274.23999999999995,4.457381813528492,283.1547636270569,265.325236372943,0.39343520031048435,0.06501432050047014,5.263571428571432,12190336.5,0.4200925528107815,-30005228.0,-0.011075202440175791,0.041345377102000085,-0.0038406671787416173,-0.023731000860338414,0.01619402985074614,0.00029383677367222916,31.505986135380837,51.269342047098924,0,0,-0.0053976646838509446,MSFT,US,Technology
2024-08-20,274.16,276.2,274.51,275.26,15078726,275.87,275.521,274.43600000000004,269.981,274.89735413868834,273.5438504797658,53.44269870609983,57.18390804597701,1.3535036589225342,1.4373030090406216,-0.08379935011808737,274.43600000000004,4.409074852236829,283.2541497044737,265.61785029552635,0.5467218196032211,0.06426379705608266,5.3321428571428635,12353807.0,1.22057312206892,-14926502.0,0.010721891752955903,0.006139649785634884,0.004012255617143105,-0.017174277859106635,0.014446819488464824,0.013139975707607832,49.905482038443346,40.32623385187321,0,0,-0.004759136816101184,MSFT,US,Technology
2024-08-21,272.26,270.95,264.43,267.33,7816217,274.206,274.418,274.4675,269.5814,273.7331388532479,273.08175298772744,41.754822650902305,42.28045325779035,0.6513858655204672,1.2801195637832419,-0.6287336982627747,274.4675,4.3527884287269005,283.1730768574538,265.76192314254615,0.09006162848480075,0.063436121634963,5.845000000000003,12426927.95,0.6289741440905237,-22742719.0,-0.02880912591731455,0.024389331537708423,-0.018107691177484387,-0.03962494611294731,0.0023622047244094,-0.030183203337565745,15.441959530594046,32.28447590147274,1,1,0.020611229566453337,MSFT,US,Technology
2024-08-22,265.99,268.82,263.2,265.69,12125698,271.202,273.073,274.39,269.2532,272.495726619552,272.53222019385083,31.756601607347875,30.78703703703708,-0.03649357429884503,1.016796913981935,-1.05329048828078,274.39,4.499568400354564,283.38913680070914,265.39086319929083,0.01662030522021683,0.06559376654161125,5.680000000000002,12549967.55,0.9661934969550182,-34868417.0,-0.006134739834661285,0.021152470924682344,-0.0011278619496931596,-0.04818370710037967,-0.00580002993563844,-0.05350717822663953,12.506278251506496,25.951239940181296,1,1,0.02209341714027624,MSFT,US,Technology
2024-08-23,265.37,267.07,264.31,265.54,18706692,269.23199999999997,272.186,274.17650000000003,268.8938,271.4256102538669,272.0125305822225,33.66601752677704,13.898143741075756,-0.5869203283555748,0.6960534438963659,-1.2829737722519408,274.17650000000003,4.8183348018951,283.81316960379024,264.5398303962098,0.051893944944679124,0.070295372533788,5.6278571428571444,12544557.0,1.4912196986135342,-53575109.0,-0.0005645677293084628,0.010393914287827058,0.0006406149903884211,-0.03232389490178933,-0.01582595159556721,-0.03576745706089535,11.752887995391763,13.233708592497436,1,1,0.019695714393311636,MSFT,US,Technology
2024-08-26,265.26,274.0,268.37,270.87,13964820,268.938,272.04699999999997,274.256,268.6226,271.3401314438449,271.9276343815039,39.84547461368652,39.24833491912468,-0.5875029376589964,0.43934215374344815,-1.0268450914024445,274.256,4.745865125503386,283.7477302510067,264.76426974899323,0.3216342062627378,0.069218031700106,6.115714285714286,12431722.9,1.123321279681895,-39610289.0,0.02007230549069816,0.02078487835485366,0.021149061298269115,-0.005105413942554815,0.00590463458110535,-0.0053976646838509446,38.52335509600589,20.92750711430138,1,1,0.02381216081515114,MSFT,US,Technology
2024-08-27,271.07,274.87,273.21,273.95,10106511,268.676,272.273,274.338,268.42400000000004,271.74165091311403,272.07787232821056,45.27533747589454,53.824228028503605,-0.3362214150965315,0.2842294332845232,-0.6204508483810547,274.338,4.72459254717671,283.78718509435345,264.8888149056466,0.47946912899868155,0.06888717636141534,5.910000000000001,12436820.55,0.8126281268384042,-29503778.0,0.011370768265219322,0.006059499908720444,0.010624561921235736,0.008318303949353956,0.006022547831515457,-0.004759136816101184,53.99296835489732,34.75640381543166,1,0,0.006680051104215989,MSFT,US,Technology
2024-08-28,274.29,273.51,272.3,272.84,29861679,269.77799999999996,271.99199999999996,274.366,268.4104,271.91062813366415,272.1344773162794,43.29787234042551,43.71101871101865,-0.223849182615254,0.18261370659793794,-0.40646288921319196,274.366,4.713400158338689,283.79280031667736,264.9391996833226,0.4190605534669406,0.0687169716119564,5.852857142857142,13417210.15,2.2256248833052017,-59365457.0,-0.004051834276327826,0.0044348336020947985,-0.005286375733693387,-0.010194086704153782,0.002056706331717395,0.020611229566453337,48.41788045964739,46.97806797018353,1,1,0.007000439818208637,MSFT,US,Technology
2024-08-29,272.57,275.86,268.11,271.56,14095202,270.952,271.077,274.17999999999995,268.4108,271.85668522557035,272.09181801181614,46.727898966704906,66.79904686258953,-0.23513278624579925,0.09906440572264619,-0.33419719196844544,274.17999999999995,4.748700653308487,283.6774013066169,264.682598693383,0.3620675321713198,0.06927858564871481,5.902857142857142,13650074.65,1.0326098082833701,-73460659.0,-0.0046913942237207795,0.028538812785283037,-0.0037054701544421086,-0.03259591749492352,-0.013513513513513375,0.02209341714027624,41.98895027413417,48.13326636289296,1,1,0.01804389453527766,MSFT,US,Technology
2024-08-30,272.96,274.69,267.64,270.77,25002282,271.998,270.61499999999995,273.6395,268.39459999999997,271.68950257294154,271.99368099420406,48.23417871533537,71.63543441226577,-0.30417842126252026,0.018415838544441857,-0.3225942598069621,273.6395,4.469064985217924,282.57762997043585,264.70137002956415,0.3394798459056436,0.06532777592710985,6.08642857142857,14528790.7,1.7208782751011567,-98462941.0,-0.002909117690381602,0.02603685784973954,-0.008023153575586073,-0.016776208286430117,-0.03839051068967969,0.019695714393311636,38.021094925262545,42.809308553014695,1,1,0.02005392030136277,MSFT,US,Technology
2024-09-02,268.14,277.58,277.11,277.32,14569545,273.28799999999995,271.113,273.5575,268.4952,272.5557343064661,272.3890608922214,55.84388623624663,82.46968026460854,0.1666734142447126,0.04806735420839293,0.11860606003631968,273.5575,4.38047206660554,282.3184441332111,264.79655586678894,0.714731422896668,0.06405193886608149,6.49857142857143,13907688.95,1.0475891432998188,-83893396.0,0.02419027218672687,0.0016947930188889215,0.03423584694549777,0.01828596607182198,-0.005878979065098933,0.02381216081515114,70.91913610894423,50.30972710278031,0,0,-0.006130102408769655,MSFT,US,Technology
2024-09-03,277.32,276.38,275.29,275.78,12332750,273.654,271.16499999999996,273.34299999999996,268.685,273.05177584143775,272.6407353257358,50.14207650273223,67.1080139372821,0.41104051570192723,0.12066198753320867,0.29037852816871856,273.34299999999996,4.143408335123944,281.62981667024786,265.05618332975206,0.6470407815405471,0.0606330995870945,6.0821428571428555,14022474.75,0.8794987575571311,-96226146.0,-0.005553151593826744,0.003952425846674968,-0.005553151593806676,0.0018891230109714385,-0.015317599171635776,0.006680051104215989,63.184329479498366,57.37485350456837,0,1,-0.016389875988106373,MSFT,US,Technology
2024-09-04,274.88,277.9,272.24,274.75,6440409,274.03599999999994,271.907,273.1625,268.8878,273.31304139031704,272.79726149414347,42.857142857142875,53.252032520325244,0.5157798961735693,0.19968557015486532,0.316094326018704,273.1625,3.989107372780852,281.14071474556175,265.1842852544383,0.5994896759506011,0.05841368962088517,5.953571428571422,14064952.95,0.45790473419928973,-102666555.0,-0.003734861121183486,0.020600545950789327,-0.00047293364377009066,0.027755957056821323,-0.012968817358815943,0.007000439818208637,74.99999999512978,69.70115519452413,0,1,-0.012010919017288457,MSFT,US,Technology
2024-09-05,274.92,278.21,275.07,276.46,10382198,275.01599999999996,272.984,273.0285,269.198,273.7971893292755,273.069032578929,51.403831015481494,64.03100775193803,0.7281567503464998,0.30537980714932944,0.4227769431971704,273.0285,3.819137785030571,280.66677557006113,265.3902244299389,0.7246253076234512,0.055952221618132535,5.799999999999995,14192792.3,0.731511956846437,-92284357.0,0.006223839854412994,0.011357881791176404,0.0056016295649438455,0.04053596296435691,-0.009600917102529194,0.01804389453527766,86.10389609830469,74.76274185764429,0,0,-0.023837083122332237,MSFT,US,Technology
2024-09-06,276.74,277.27,275.35,276.2,9186848,276.102,274.05,273.118,269.5618,274.16685280693054,273.301317856331,55.464326160815425,69.52861952861949,0.8655349505995105,0.41741083665013484,0.4481241139493756,273.118,3.873799440505246,280.8655988810105,265.3704011189895,0.6989003332926236,0.05673444358103191,5.132857142857132,12473115.15,0.7365319050604687,-101471205.0,-0.0009404615495912649,0.006951484431546009,-0.0019512900195059232,0.04014461098139632,0.006523085893371139,0.02005392030136277,86.60892737597547,82.57094115646998,0,0,-0.004670528602461865,MSFT,US,Technology
2024-09-09,275.06,276.61,274.83,275.62,3639363,275.762,274.525,273.28599999999994,269.82599999999996,274.390414065818,273.4733201253328,50.54578532443908,70.77977720651259,0.9170939404851879,0.517347457995739,0.3997464824894489,273.28599999999994,3.9073445014008192,281.1006890028016,265.4713109971983,0.6493341576685885,0.05719055497005361,4.984285714285704,11959752.45,0.30430083824177834,-105110568.0,-0.0020999275887038094,0.006458167041555662,0.0020359194357520774,0.017536087422010516,0.012341144494233403,-0.006130102408769655,82.74483676997052,85.15255341475023,1,0,0.008199695232566473,MSFT,US,Technology
2024-09-10,274.82,271.53,271.04,271.26,9151880,274.858,274.256,273.2645,270.06219999999996,273.90881162430236,273.30915128277786,56.681400884053076,18.03797468354415,0.5996603415244977,0.5338100347777402,0.0658503067467574,273.2645,3.917757783812983,281.100015567626,265.428984432374,0.37208882535731946,0.05734748251307654,4.537857142857133,11951382.4,0.7657590501196706,-114262448.0,-0.015818881068137336,0.001806385018057015,-0.012953933483687681,-0.009819310093082678,-0.001582686149655843,-0.016389875988106373,53.69753497310481,74.3504330396836,1,1,0.02495760524957591,MSFT,US,Technology
2024-09-11,272.23,273.9,269.49,271.45,8645659,274.198,274.117,273.05449999999996,270.3002,273.53053272841044,273.17126590155465,60.30042918454937,23.370233702336918,0.35926682685578726,0.498901393064001,-0.13963456620821374,273.05449999999996,3.8956621962593236,280.84582439251864,265.2631756074813,0.3970329099672922,0.0570679069012973,4.451428571428559,12029069.2,0.7187304468470057,-105616789.0,0.0007004350070043408,0.016246085835268823,-0.0028652242588883088,-0.005094560914821855,-0.015236713223290343,-0.012010919017288457,51.36690647112467,62.603092738066664,1,1,0.03554982501381487,MSFT,US,Technology
2024-09-12,271.88,271.76,268.36,269.87,7982609,272.88,273.948,272.5125,270.43199999999996,272.9673736147506,272.9264474314134,57.366451173868654,21.88940092165886,0.04092618333720566,0.4073063508471289,-0.36638016750992325,272.5125,3.5094352147192116,279.5313704294384,265.49362957056155,0.31175745963135254,0.051512282404753404,4.497142857142843,11922016.2,0.6695686531973801,-113599398.0,-0.005820593111070083,0.012598658613359686,-0.0073929674856282115,-0.00622330240094271,-0.038616365644259076,-0.023837083122332237,21.09744559876107,42.053962347663514,1,1,0.037166042909548835,MSFT,US,Technology
2024-09-13,269.04,275.05,274.8,274.91,4293218,272.62199999999996,274.36199999999997,272.48850000000004,270.7064,273.26623931682514,273.0735331549587,56.94158075601379,43.547044129891944,0.19270616186645384,0.36438631294921237,-0.17168015108275853,272.48850000000004,3.490310308930578,279.4691206178612,265.50787938213887,0.6734444637437172,0.05123607504783181,4.262857142857131,11925168.8,0.3600131546973863,-109306180.0,0.018675658650461502,0.0009093885271510335,0.021818316978806818,0.015289729290541842,-0.0017429826791094394,-0.004670528602461865,68.77956479954823,47.08130562314466,1,1,0.035393401476846886,MSFT,US,Technology
2024-09-16,277.45,279.73,276.41,277.88,8333304,273.07399999999996,274.418,272.76550000000003,271.0444,273.97604886239014,273.429917504521,56.77819937909626,55.70652173913047,0.5461313578691716,0.4007353220021633,0.14539603586700828,272.76550000000003,3.691916454263109,280.1493329085263,265.3816670914738,0.846330968110602,0.05414051929953879,4.32142857142856,12085780.5,0.6895130447294616,-100972876.0,0.010803535702593514,0.011947603281949208,0.001549828797976057,0.002019327852300634,0.0203422192847178,0.008199695232566473,84.69809759431763,58.191702664208975,1,1,0.025118756297682454,MSFT,US,Technology
2024-09-17,280.79,279.5,276.85,278.03,9798056,274.428,274.643,272.904,271.37199999999996,274.5997338086947,273.7709742869835,59.25793792365325,58.43247025892223,0.828759521711163,0.48634016207388653,0.34241935963727643,272.904,3.8394317013679538,280.5828634027359,265.2251365972641,0.833773354878267,0.056275198624481486,4.392857142857131,11821747.0,0.8288161784534741,-91174820.0,0.000539801353101943,0.009531345538216905,-0.009829409879234368,0.008158677206469012,0.01006321296229018,0.02495760524957591,85.9387923832967,79.80548492572086,1,1,0.03456461532928112,MSFT,US,Technology
2024-09-18,276.18,283.83,278.91,281.1,10537948,276.358,275.278,273.59250000000003,271.7514,275.59977497272564,274.31432226614913,65.99597585513082,87.84615384615397,1.285452706576507,0.646162671168462,0.6392900354080449,273.59250000000003,4.017774816198621,281.6280496323973,265.5569503676028,0.967142905120302,0.05874100812242936,4.2535714285714175,11957833.55,0.8812588898045925,-80636872.0,0.01104197388771011,0.0175026680895854,0.017814468824615112,0.023111919927206737,0.0515093704410281,0.03554982501381487,83.13773934013997,84.5915431059181,1,1,0.004375667022411767,MSFT,US,Technology
2024-09-19,281.48,280.91,279.09,279.9,5578418,278.36400000000003,275.622,274.303,272.19859999999994,276.2613481722487,274.72839877753955,65.1008931524975,80.15703069236245,1.532949394709135,0.8235200160488699,0.7094293786602651,274.303,3.797136178475891,281.89727235695176,266.70872764304823,0.8685014005329957,0.05537141304997814,3.89357142857142,11630469.55,0.4796382034603062,-86215290.0,-0.004268943436499639,0.0065023222579262165,-0.0056131874378088234,0.012443029733053557,0.05348338288983401,0.037166042909548835,74.595992238229,81.22417465388855,1,1,0.014862450875312794,MSFT,US,Technology
2024-09-20,283.09,285.44,284.0,284.64,13841875,280.31,276.466,275.258,272.73,277.5503717255725,275.46312147846976,62.87825475017591,93.01106581246336,2.0872502471027587,1.0762660624560483,1.0109841846467105,275.258,3.8782084849357297,283.01441696987143,267.50158303012853,1.1047895591055816,0.056357431717467064,3.8028571428571354,11387228.7,1.215561235231779,-72373415.0,0.01693461950696684,0.005059021922410549,0.005475290543624064,0.03055756698044898,0.07192889960081339,0.035393401476846886,95.31615924500484,84.34996360779128,0,0,-0.02631394041596402,MSFT,US,Technology
2024-09-23,285.65,285.8,284.12,284.86,5353493,281.706,277.39,275.9575,273.154,278.67493006573983,276.1596518007903,66.75276752767533,90.2834008097163,2.5152782649495293,1.364068503133658,1.1512097618158714,275.9575,4.2853936440199485,284.5282872880399,267.38671271196006,1.019351355936907,0.06211671933546917,3.7778571428571377,10956662.35,0.48860614121177687,-67019922.0,0.0007729061270378423,0.005897633925416377,-0.0027656222649998182,0.033524417676511264,0.051648392217668926,0.025118756297682454,94.61009173769439,88.17408107364275,0,0,-0.05574668258091697,MSFT,US,Technology
2024-09-24,285.15,290.26,285.55,287.64,8913477,283.628,279.028,276.642,273.751,280.0541717436341,277.0105742347043,72.33968804159441,90.13157894736811,3.0435975089297926,1.6999743044599385,1.3436232044698542,276.642,4.9842241649339885,286.61044832986795,266.67355167013204,1.0516405179126826,0.07206749755880829,3.75928571428571,10897010.65,0.8179744398089177,-58106445.0,0.009759179948044538,0.01637463496031013,0.00873224618618719,0.060384870603848784,0.04997262274137615,0.03456461532928112,88.03652967634532,92.65426021968152,0,0,-0.06834932554582107,MSFT,US,Technology
2024-09-25,287.37,286.53,278.97,282.33,19558587,283.87399999999997,280.116,277.1165,274.1698,280.404299199813,277.4048315476791,59.04468412942989,62.413394919168546,2.9994676521338874,1.959872974098131,1.0395946780357563,277.1165,5.05445324754074,287.2254064950815,267.0075935049185,0.7578666644992106,0.07295781012711276,4.1314285714285655,10381856.05,1.883919890806048,-77665032.0,-0.01846057571964954,0.026777175645426164,-0.017538365173756766,0.0400810462331922,0.03478228998680555,0.004375667022411767,63.78995433498669,82.14552524967547,0,0,-0.06283427195126279,MSFT,US,Technology
2024-09-26,281.64,285.56,282.86,284.06,7005576,284.70599999999996,281.53499999999997,277.7415,274.6092,280.9667147511949,277.89806852224933,61.58608490566038,59.261576971213906,3.0686462289455676,2.1816276251382,0.8870186038073675,277.7415,5.103803818824635,287.94910763764926,267.5338923623507,0.8094995528573048,0.07350437466214116,4.224999999999999,10027374.75,0.6986450068952488,-70659456.0,0.006127581199305787,0.00950503414768177,0.008592529470215252,0.05258087227183461,0.046030343202238866,0.014862450875312794,71.6894977136215,74.50532724165117,0,0,-0.06540871646835167,MSFT,US,Technology
2024-09-27,283.79,277.29,277.04,277.15,7691257,283.20799999999997,281.75899999999996,278.06049999999993,274.9564,280.3795278278247,277.84262882031226,51.90062111801239,43.66067312125405,2.5368990075124316,2.252681901631139,0.28421710588129256,278.06049999999993,4.837573853645029,287.73564770729,268.38535229270985,0.4529464547726308,0.06959023455151155,4.599285714285709,9161823.5,0.8394896671509042,-78350713.0,-0.02432584665211579,0.0009020386072491358,-0.02339758271953432,0.008148121203302772,0.023562433061269594,-0.02631394041596402,40.136986299537,58.53881278271507,0,0,-0.008154429009561537,MSFT,US,Technology
2024-09-30,276.45,269.74,268.38,268.98,17361613,280.032,280.869,277.6435,274.976,278.62575421837363,277.18583922345846,47.41261915569682,18.829617834394966,1.4399149949151706,2.0901285202548325,-0.6502135253396619,277.6435,5.246902118593556,288.13730423718715,267.1496957628129,0.08720880415387566,0.0755919316472335,4.898571428571423,9301426.9,1.866553521314722,-95712326.0,-0.029478621685007922,0.005056138002806742,-0.02702116115020058,-0.03202821361738872,-0.030073561228905143,-0.05574668258091697,2.831050228181254,38.21917808044659,1,0,0.010075098520335946,MSFT,US,Technology
2024-10-01,269.89,272.11,264.68,267.98,8208977,276.1,279.864,277.2535,274.9088,276.9879458000579,276.50363805403987,46.13327390238471,17.4131274131274,0.4843077460180325,1.7689643653551348,-1.2846566193371023,277.2535,5.665863872442477,288.58522774488495,265.921772255115,0.0908170312211773,0.08174272097444471,5.114285714285712,9095238.25,0.9025575660365394,-103921303.0,-0.0037177485314893177,0.0277259496976352,-0.007076957278865061,-0.03614717836204706,-0.02828341431575876,-0.06834932554582107,12.90070367424162,18.622913400653292,1,1,0.005224270467945269,MSFT,US,Technology
2024-10-02,267.5,265.47,263.89,264.59,8584488,272.552,278.213,276.7455,274.8666,275.08056944722125,275.6208022683617,44.34447300771206,6.5258393059223465,-0.540232821140421,1.3071249279958135,-1.8473577491362345,276.7455,6.319867149669361,289.3852342993387,264.10576570066127,0.0191552404446068,0.09134554527024327,5.16357142857143,9202442.2,0.9328487895475411,-112505791.0,-0.012650197775953553,0.005971503080214935,-0.010878504672856623,-0.05873354678050535,-0.036979071883530557,-0.06283427195126279,2.654531664669864,6.128761855697579,1,1,0.022147473449487975,MSFT,US,Technology
2024-10-03,264.07,266.93,264.33,265.48,11203928,268.83599999999996,276.771,276.1965,274.8314,273.60355871329807,274.8693605556918,38.91370797084414,11.860570393843602,-1.2658018423937278,0.7925395738642361,-2.058341416257964,276.1965,6.804316180499461,289.8051323609989,262.5878676390011,0.10626094835147575,0.09854311956125178,4.979285714285717,9243528.7,1.2120833019014372,-101301863.0,0.0033636947730453226,0.00979358143735961,0.005339493316146043,-0.05151839942836711,-0.03971641467120002,-0.06540871646835167,6.029579066893196,7.1949381352682265,1,1,0.027271357541057695,MSFT,US,Technology
2024-10-04,264.04,277.05,273.17,274.89,17146509,268.384,275.796,276.131,274.933,273.8014727630451,274.8708899144394,46.947110475801516,34.59858918374202,-1.0694171513942479,0.4201482287814682,-1.489565380175716,276.131,6.81058301855486,289.7521660371097,262.50983396289024,0.45444589702990806,0.0986572752574713,5.461428571428574,9641511.75,1.7784044314000413,-84155354.0,0.03544523127919219,0.014114736803761073,0.041092258748518684,-0.03425379426644182,-0.004742939898624177,-0.008154429009561537,41.7140690162414,16.799393249268153,0,0,-0.009676597911891904,MSFT,US,Technology
2024-10-07,274.83,277.25,267.25,271.69,3222869,268.92600000000004,274.479,275.9345,274.9812,273.4766307916681,274.6351955179069,43.90618992695121,39.52417498081355,-1.158564726238808,0.10440563775633735,-1.2629703639951453,275.9345,6.882418084089835,289.6993361681797,262.16966383182034,0.345820903769349,0.0997688666558896,5.986428571428576,9620687.05,0.3349936078636288,-87378223.0,-0.01164102004438139,0.03680665464302401,-0.011425244696679989,-0.04623323737976559,-0.014258762063710906,0.010075098520335946,29.579067120607583,25.77423840124739,0,1,-0.00025764658250204686,MSFT,US,Technology
2024-10-08,270.59,270.2,268.72,269.38,26135480,269.206,272.65299999999996,275.8405,274.9226,272.8463798877851,274.24581022792415,38.56808427623878,50.99009900990093,-1.3994303401390766,-0.19636155783880624,-1.2030687823002704,275.8405,6.962000978998439,289.7645019579969,261.9164980420031,0.2680085071893569,0.10095690776333725,5.784285714285716,10469867.05,2.496256865433944,-113513703.0,-0.008502337222569878,0.005494097557333385,-0.004471709967092309,-0.06348213044082873,-0.006930620069306226,0.005224270467945269,20.81911262719688,30.70408292134862,1,1,0.019971787066597413,MSFT,US,Technology
2024-10-09,269.16,272.66,268.69,270.45,5960345,270.37800000000004,271.46500000000003,275.7905,274.88599999999997,272.4777060525312,273.9645644990243,40.75884999022102,56.092747903305295,-1.4868584464931018,-0.4544609355806913,-1.0323975109124106,275.7905,6.998686700111104,289.7878734002222,261.7931265997778,0.3092320663452306,0.1015072919492982,5.924285714285714,10335601.35,0.5766809517395955,-107553358.0,0.003972084044843616,0.014679238306471986,0.004792688363780543,-0.042078418871533296,-0.0036839196905507077,0.022147473449487975,24.876753886049425,25.091644544617964,1,1,0.02484747642817542,MSFT,US,Technology
2024-10-10,271.73,273.66,271.96,272.72,5728068,271.826,270.331,275.933,274.8348,272.51498204499387,273.8723518884012,37.751746814632206,71.22715404699748,-1.357369843407355,-0.6350427171521955,-0.7223271262551594,275.933,6.900115254567278,289.73323050913456,262.1327694908654,0.3835889009876746,0.10002595201795039,5.7578571428571435,10222874.3,0.5603186805966419,-101825290.0,0.008393418376779538,0.006233499559965576,0.003643322415619791,-0.03992114342040409,0.010560640308296732,0.027271357541057695,33.485020855764844,26.393629123003716,1,1,0.0014667057788206872,MSFT,US,Technology
2024-10-11,273.17,273.71,271.04,272.23,6447505,271.294,269.839,275.799,274.6478,272.47113865291453,273.7506685208798,37.09380748007359,68.0,-1.279529867965266,-0.7639401473183338,-0.5155897206469322,275.799,6.946891694169599,289.6927833883392,261.90521661166076,0.37156126230646025,0.10075296421153696,5.8285714285714265,10330588.65,0.6241178111261054,-108272795.0,-0.0017967145790555028,0.009807883040040228,-0.0034410806457391245,-0.017752119790726884,-0.009748645011094514,-0.009676597911891904,31.626848690495873,29.99620781077005,1,1,0.0029386915475881903,MSFT,US,Technology
2024-10-14,272.85,271.66,271.59,271.62,6500056,271.28000000000003,270.103,275.486,274.501,272.34019424340454,273.5928079830782,32.86997433704026,33.567839195980056,-1.2526137396736772,-0.8616748657915403,-0.3909388738821369,275.486,6.989092554605236,289.46418510921046,261.5078148907895,0.36171309185860173,0.10148018490347772,5.488571428571431,10238926.25,0.6348375998081244,-114772851.0,-0.0022407523050362865,0.0002577129813702684,-0.0045079714128477555,0.00981485612313171,-0.022527709802792506,-0.00025764658250204686,34.143109539128055,33.084993028462925,1,1,0.006590089095059426,MSFT,US,Technology
2024-10-15,272.06,276.65,273.25,274.76,11672003,272.356,270.781,275.3225,274.3948,272.71247205540567,273.67928351095145,41.51154967481501,65.52072800808887,-0.9668114555457805,-0.8827021837427562,-0.0841092718030243,275.3225,6.9646527664981965,289.2518055329964,261.3931944670036,0.47980875646860743,0.10118537738794191,5.228571428571432,10332623.6,1.12962615519778,-103100848.0,0.011560268021500564,0.012374435871260747,0.009924281408476308,0.025300395551906663,-0.011761320720785506,0.019971787066597413,50.161513610975454,38.64382394686646,0,0,-0.019762701994467946,MSFT,US,Technology
2024-10-16,274.84,284.11,271.62,277.17,6337733,273.7,272.039,275.12600000000003,274.371,273.39824559047787,273.93790179001604,42.39010382151538,88.98898898898884,-0.5396561995381717,-0.8140929869008788,0.27443678736270716,275.12600000000003,6.847523101938042,288.8210462038761,261.43095379612396,0.5746255240397381,0.09955472186435521,5.890000000000002,10122612.85,0.6260964898903064,-96763115.0,0.00877129130877874,0.04506259696199064,0.008477659729266349,0.04754525870214299,-0.01398078975453576,0.02484747642817542,65.67754697993688,49.99405671001346,0,0,-0.023631706173106837,MSFT,US,Technology
2024-10-17,277.01,273.42,272.87,273.12,10648054,273.78000000000003,272.803,274.787,274.2506,273.355438576287,273.8773063434925,45.248762084414096,60.29298380878951,-0.5218677672054923,-0.755647942961147,0.23378017575565468,274.787,6.766081895049939,288.3191637900999,261.2548362099001,0.4384060071140303,0.09849202320379535,5.69571428571429,10376094.65,1.0262100851007478,-107411169.0,-0.014611970992531753,0.0020137668424062595,-0.01404281433878179,0.028778062377580182,-0.024222936763129588,0.0014667057788206872,45.64787339042298,53.82897799377844,0,0,-0.02105301698886941,MSFT,US,Technology
2024-10-18,272.73,274.37,271.95,273.03,12283972,273.93999999999994,272.617,274.2065,274.223,273.30537110274366,273.81453319512707,55.89863093504215,51.436515291936715,-0.5091620923834057,-0.7063507728451571,0.19718868046175142,274.2065,6.362237503632499,286.930975007265,261.48202499273503,0.4537701948496073,0.09280943381880857,5.2421428571428645,10298199.5,1.1928270380830126,-119695141.0,-0.00032952548330411613,0.00886349485401294,0.0010999890001057988,-0.006766342900796696,-0.040788364249578435,0.0029386915475881903,45.20276953287807,52.17606330107932,0,0,-0.005347397721861991,MSFT,US,Technology
2024-10-21,273.97,275.11,272.06,273.41,6879586,274.298,272.789,273.634,274.246,273.32146785624076,273.7845634783885,58.05398991397208,55.52434456928836,-0.4630956221477618,-0.6576997427053294,0.1946041205575676,273.634,5.847471248325749,285.3289424966515,261.9390575033485,0.49042321069323136,0.08547872337946859,4.929285714285721,10374504.15,0.6631242551361594,-112815555.0,0.0013917884481560172,0.011155407629526557,-0.00204401941817702,0.006330744598623594,-0.040195183598960904,0.006590089095059426,47.08209693140062,45.977579951567215,0,0,-0.002962583665557239,MSFT,US,Technology
2024-10-22,272.07,273.48,266.0,269.33,10692292,273.212,272.784,272.71850000000006,274.19879999999995,272.70739587600065,273.4545520234807,56.8895348837209,41.90812720848057,-0.747156147480041,-0.6755910236603744,-0.07156512381966662,272.71850000000006,4.894997742055982,282.508495484112,262.9285045158881,0.32694067602859633,0.07179560964200123,5.171428571428578,10463444.9,1.021871007141156,-123507847.0,-0.014922643648732858,0.027772620948176015,-0.010070937626309178,-0.00018561140396466946,-0.06365595883743569,-0.019762701994467946,25.27805864381806,39.18764170269892,1,1,0.014406118887609898,MSFT,US,Technology
2024-10-23,270.96,273.41,268.39,270.62,23134954,271.902,272.80100000000004,272.133,274.0982,272.3862580478807,273.2445594066338,57.385057471264304,33.17073170731737,-0.8583013587531241,-0.7121330906790919,-0.14616826807403216,272.133,4.3554298839127865,280.84385976782556,263.4221402321744,0.41315438195885407,0.06401913599448485,5.344285714285722,10642263.25,2.173875169468753,-100372893.0,0.004789663238406572,0.01854999630471321,-0.0012547977561216425,0.0006285819929747749,-0.04147628661495406,-0.023631706173106837,25.510767530341763,32.62364103518681,1,1,0.00144113517108857,MSFT,US,Technology
2024-10-24,270.67,268.13,266.76,267.37,11794249,270.75199999999995,272.266,271.2985,273.8314,271.6145260383937,272.80935734857945,36.87150837988839,12.709284627093254,-1.194831310185748,-0.8086727345807774,-0.3861585756049706,271.2985,3.4559685594933915,278.21043711898676,264.3865628810132,0.21581772717344347,0.0509544809054329,4.793571428571438,10881696.9,1.0838610948756444,-112167142.0,-0.01200945975907175,0.005123985488255528,-0.012191968079165845,-0.019617189791727885,-0.0587551925649511,-0.02105301698886941,7.5648812806424885,19.45123581826743,1,1,0.012716460335864044,MSFT,US,Technology
2024-10-25,266.46,272.31,270.97,271.57,7214517,270.46000000000004,272.2,271.0195,273.755,271.6076758786249,272.71754342930853,49.797570850202426,44.16854778028595,-1.1098675506836457,-0.8689116978015279,-0.24095585288211785,271.0195,3.1723102572758166,277.36412051455164,264.67487948544834,0.5433832093025912,0.04682039863942071,4.432142857142866,10857859.9,0.6644510430226639,-104952625.0,0.015708568650184995,0.0049342710903083585,0.019177362455831407,-0.002424420526760507,-0.020133501713873292,-0.005347397721861991,30.756488126407643,21.277378979130628,0,0,-0.031778178738446794,MSFT,US,Technology
2024-10-28,270.97,274.55,271.04,272.6,9672867,270.298,272.298,271.20050000000003,273.76019999999994,271.76034112836754,272.70883565932843,55.677009873060655,48.48910751932556,-0.9484945309608861,-0.8848282644334368,-0.06366626652744933,271.20050000000003,3.1530327505930065,277.50656550118606,264.894434498814,0.6109645942565781,0.046504822086705394,4.470714285714296,10473422.6,0.9235630458029025,-95279758.0,0.003792760614206303,0.012876008804061315,0.006015426061903458,0.0036079817391945213,0.013458249683991452,-0.002962583665557239,36.44395361477404,24.92177434060805,0,0,-0.05095377842993409,MSFT,US,Technology
2024-10-29,271.76,274.54,272.14,273.21,6256457,271.07399999999996,272.14300000000003,271.46200000000005,273.7192,271.98336557052846,272.7459622966501,54.946236559139734,49.30843706777301,-0.7625967261216147,-0.8603819567710264,0.09778523064941169,271.46200000000005,3.088088490686767,277.6381769813736,265.2858230186265,0.6415114887923498,0.04550306843205157,4.358571428571439,10375796.6,0.6029856442072463,-89023301.0,0.0022377109317679444,0.008784451520776143,0.005335590226650917,-0.005641286941330703,0.01951638181953852,0.014406118887609898,39.81225841856351,35.670900053248396,0,0,-0.047033417517660325,MSFT,US,Technology
2024-10-30,273.41,271.11,270.94,271.01,11486279,271.152,271.527,271.783,273.7928,271.83361702100547,272.6173617435263,46.92777578153068,56.677265500794945,-0.7837447225208507,-0.8450545099209681,0.06130978740011739,271.783,2.6368703538767564,277.05674070775353,266.5092592922465,0.4267123619397648,0.03880846637011229,4.291428571428578,10520886.15,1.0917595480529414,-100509580.0,-0.008052413894074073,0.0006272831260816525,-0.00877802567569312,-0.022224627484937143,0.02426395555387595,0.00144113517108857,27.6642738803056,34.640161971214376,0,0,-0.06889044684697976,MSFT,US,Technology
2024-10-31,270.13,272.99,268.99,270.77,15546097,271.832,271.29200000000003,272.0475,273.8944,271.6699836329634,272.4805095371892,47.35315445975339,50.65047701647866,-0.8105259042258126,-0.8381487887819288,0.027622884556116167,272.0475,2.200571397087679,276.4486427941754,267.64635720582464,0.3548672401579894,0.03235569372377392,4.386428571428581,10737994.6,1.447765260771759,-116055677.0,-0.0008855761780008908,0.014772685304816737,0.0023692296301692415,-0.00860427650849449,0.019926171463010345,0.012716460335864044,26.33903920340468,31.27185716742459,0,0,-0.055249843040218516,MSFT,US,Technology
2024-11-01,272.17,267.61,259.21,262.94,6577225,270.106,270.283,271.45,273.8424,270.3269092265375,271.7737544602527,37.52873563218394,36.25077591558033,-1.4468452337151803,-0.9598880777686963,-0.4869571559464839,271.45,2.899495418897374,277.24899083779474,265.65100916220524,-0.23374835706780006,0.04272603306519348,5.166428571428578,10209530.4,0.6442239846581009,-122632902.0,-0.028917531484285552,0.03194645166185475,-0.03391262813670171,-0.03695564589971789,-0.0434719342282367,-0.031778178738446794,14.979919678113308,22.99441092060786,0,0,-0.05160873203012095,MSFT,US,Technology
2024-11-04,262.01,259.08,258.41,258.71,8985509,267.328,268.813,270.801,273.5992,268.53969242092955,270.80600470643844,27.64001114516587,10.161090458488147,-2.2663122855088886,-1.2211729193169358,-1.0451393661919528,270.801,4.062410355285803,278.9258207105716,262.6761792894284,-0.2440779575618034,0.06000583979041148,5.1307142857142924,10497662.4,0.8559532400324438,-131618411.0,-0.016087320301209518,0.00258977233194453,-0.012594939124412872,-0.0537654072638164,-0.047775037726821123,-0.05095377842993409,1.167315175051679,14.162091352189883,0,0,-0.024158323992114594,MSFT,US,Technology
2024-11-05,256.04,260.48,260.27,260.36,17658780,264.758,267.916,270.35,273.32739999999995,267.2812782014163,270.03217901914803,26.074580130942337,13.484486873508303,-2.750900817731747,-1.5271184990000861,-1.2237823187316608,270.35,4.681922681975493,279.713845363951,260.98615463604904,-0.03343469545247745,0.06927202044694913,4.365000000000009,10073827.4,1.752936351387522,-113959631.0,0.006377797533918317,0.0008065755108281987,0.016872363693107018,-0.03330486763450036,-0.033484297275224506,-0.047033417517660325,11.676646705887565,9.274627186350843,0,0,-0.04182670149024437,MSFT,US,Technology
2024-11-06,259.5,252.79,251.97,252.34,7755034,261.024,266.088,269.4445,272.9174,264.98262001517844,268.7215726542938,23.427109974424667,6.8266446007448565,-3.7389526391153822,-1.9694853270233632,-1.769467312092019,269.4445,6.174817683223492,281.794135366447,257.094864633553,-0.19251032489101272,0.09166737763362144,4.657142857142866,10163561.85,0.7630231754802402,-121714665.0,-0.030803502842218555,0.0032495838947322804,-0.02759152215788981,-0.06754859212179443,-0.06696246995747823,-0.06889044684697976,1.5989628348488103,4.814308238596011,1,1,0.0012285012285011554,MSFT,US,Technology
2024-11-07,250.04,258.93,253.32,255.81,11008154,258.03200000000004,264.93199999999996,268.599,272.6024,263.57144770442136,267.76510946543254,29.7316384180792,20.125786163522093,-4.193661761011185,-2.4143206138211024,-1.7793411471900829,268.599,6.826081483622201,282.2511629672444,254.94683703275558,0.031612681788365404,0.10165460755396395,4.955000000000008,10427566.15,1.0556780734804474,-110706511.0,0.013751287944836266,0.021930338923334052,0.02307630779066123,-0.04323596514193817,-0.062004986799648054,-0.055249843040218516,16.5946413130253,9.956750284587217,0,0,-0.00953832922872444,MSFT,US,Technology
2024-11-08,255.77,249.43,249.31,249.37,5927008,255.31799999999998,262.71200000000005,267.456,272.1744,261.38660959509303,266.4024422790342,25.23691800576846,16.1820480404552,-5.015832683941142,-2.934623027845274,-2.0812096560958677,267.456,7.999189695804906,283.45437939160985,251.45762060839022,-0.06524475252223974,0.11963372959701782,5.201428571428579,10401541.3,0.5698201121577903,-116633519.0,-0.025174934521715375,0.0004812126558909385,-0.025022481135297273,-0.0817468792576499,-0.08397311097233962,-0.05160873203012095,0.2377179080729995,6.1437740186490295,0,1,-0.006416168745237982,MSFT,US,Technology
2024-11-11,250.56,255.82,249.76,252.46,6581036,254.06800000000004,260.698,266.498,271.6772,260.0132850414934,265.36962211776887,32.26077812828605,30.52044609665434,-5.356337076275452,-3.418965837531432,-1.9373712387440198,266.498,8.599080489398615,283.6961609787972,249.29983902120276,0.09187496798644301,0.12906784275103517,5.127857142857148,10405590.3,0.6324519011235815,-110052483.0,0.012391225889240909,0.02400380258249227,0.0075830140485010486,-0.07388114453411598,-0.07053972461527136,-0.024158323992114594,12.480190173832023,9.7708497983101,1,1,0.0009902558821199836,MSFT,US,Technology
2024-11-12,253.2,251.66,247.72,249.47,7697175,251.89000000000001,258.32399999999996,265.2335,271.151,258.3912411884479,264.1918230639141,28.5279187817259,31.9953234606392,-5.800581875466207,-3.895289045118483,-1.9052928303477241,265.2335,9.161281383024201,283.5560627660484,246.91093723395159,0.06983364714461524,0.1381617538205342,5.107857142857147,10206848.9,0.754118565023671,-117749658.0,-0.011843460350154489,0.015793482182163004,-0.014731437598677956,-0.08689286629332738,-0.09204396564274275,-0.04182670149024437,6.522549384773662,6.413485822226221,1,0,0.03623682206277312,MSFT,US,Technology
2024-11-13,247.96,253.07,252.31,252.65,29688064,251.952,256.488,264.0075,270.709,257.50797331306796,263.3368400925581,35.03456689711267,35.82199337991908,-5.828866779490113,-4.282004591992871,-1.5468621874972417,264.0075,9.120409083045788,282.24831816609156,245.76668183390842,0.18867898641461492,0.13818409072486562,5.089285714285716,11374365.45,2.6100850654411616,-88061594.0,0.012747023690223402,0.0030081139916761637,0.018914341022669316,-0.06774657761706204,-0.08846556265108063,0.0012285012285011554,18.374953409676685,12.459230989427448,1,1,0.02307540075202863,MSFT,US,Technology
2024-11-14,251.77,253.82,253.0,253.37,8150343,251.46400000000003,254.748,263.02,270.2472,256.87136203399166,262.59852916358426,30.087527352297627,52.58924082453495,-5.727167129592601,-4.571037099512854,-1.1561300300797468,263.02,9.150987867294305,281.3219757345886,244.71802426541137,0.23636726055758658,0.13916793958268595,4.820000000000001,11249479.9,0.7245083637592558,-79911251.0,0.002849792202651802,0.003236373682743643,0.0063550065535752445,-0.06426118107619005,-0.07231253661394255,-0.00953832922872444,21.05851658512642,15.318673126525582,1,1,0.01685282393337806,MSFT,US,Technology
2024-11-15,255.41,249.54,246.35,247.77,7672217,251.144,253.231,261.757,269.6786,255.4711524900349,261.50008312089517,25.30336184603142,31.74386920980929,-6.028930630860259,-4.862615805782365,-1.1663148250778939,261.757,9.43545949010822,280.62791898021646,242.88608101978357,0.12940331589593354,0.1441865469129334,5.070714285714288,11018892.15,0.6962783734771038,-87583468.0,-0.022102064174921998,0.012874843604904238,-0.029912689401237518,-0.05769377044192592,-0.09251730579057238,-0.006416168745237982,5.037247250619518,14.823572415140866,1,1,0.03822093070186061,MSFT,US,Technology
2024-11-18,248.13,255.11,250.8,252.71,7545778,251.19400000000002,252.631,260.722,269.2204,255.04635979919212,260.84894583261143,31.227106227106262,58.13840155945419,-5.802586033419317,-5.050609851309771,-0.7519761821095461,260.722,9.222858673169782,279.16771734633954,242.27628265366042,0.2828222169447716,0.14149720657457995,5.423571428571429,11052201.75,0.682739737108062,-80037690.0,0.019937845582596703,0.017055122472331714,0.0184580663361204,-0.02319199103243008,-0.07571047145312904,0.0009902558821199836,23.873873872977747,16.65654590290789,1,1,0.003917533932175088,MSFT,US,Technology
2024-11-19,252.72,262.05,255.68,258.51,9205341,253.002,252.446,260.181,268.9654,255.57922752246571,260.67568565324086,39.26116838487973,63.02195436934995,-5.096458130775147,-5.059779507202847,-0.03667862357230067,260.181,9.006146965150794,278.1932939303016,242.1687060696984,0.45361501408650284,0.13845971789048675,5.928571428571431,10977854.2,0.8385372946074203,-70832349.0,0.022951208895571895,0.02464121310578068,0.02291073124397389,-0.007105546166846,-0.04017376452678867,0.03623682206277312,45.64564564393218,24.85225558917647,0,0,-0.001315229584928912,MSFT,US,Technology
2024-11-20,259.75,260.62,256.76,258.48,13881404,254.16800000000003,253.06000000000003,259.57399999999996,268.70599999999996,256.0255002113684,260.51303798412584,39.4033454043801,72.22496299950676,-4.487537772757435,-4.945331160313758,0.4577933875563236,259.57399999999996,8.668317022352165,276.9106340447043,242.23736595529562,0.4684483159289344,0.13357758515596752,5.918571428571432,10515176.7,1.320130234223241,-84713753.0,-0.0001160496692583779,0.014933457133956515,-0.004889316650606709,0.024332250138701772,-0.044859951223117256,0.02307540075202863,57.055503289884555,42.191674268931486,0,0,-0.008472609099349993,MSFT,US,Technology
2024-11-21,261.35,258.42,257.01,257.64,10993787,255.02200000000002,253.24300000000002,259.0875,268.46139999999997,256.273884794259,260.30021516121764,44.803921568627445,63.915225878416024,-4.026330366958632,-4.761531001642725,0.7352006346840927,259.0875,8.478715689114868,276.0449313782297,242.13006862177025,0.4573195972853637,0.130901192671698,5.197857142857147,10475153.6,1.0495107155745462,-95707540.0,-0.0032497678737234414,0.005472752678134422,-0.01419552324463685,0.007153746921543247,-0.036391517372929005,0.01685282393337806,71.91082802089727,58.203992318237994,0,1,-0.005162241887905594,MSFT,US,Technology
2024-11-22,259.15,258.78,256.01,257.24,27980068,256.916,254.02999999999997,258.371,268.108,256.4225179028468,260.0735274336636,48.4418062327751,60.9880749574106,-3.65100953081685,-4.539426707477542,0.8884171766606919,258.371,7.957838836478736,274.28667767295747,242.4553223270425,0.4644689964290325,0.12320018634363676,5.072142857142863,11513431.15,2.430210873305924,-123687608.0,-0.0015525539512497577,0.010768154252795885,-0.007370248890575335,0.03155953001563949,-0.05276724233162711,0.03822093070186061,69.36305732042274,66.10979621040151,0,0,-0.014616700357642731,MSFT,US,Technology
2024-11-25,257.4,257.2,250.89,253.7,11128198,257.114,254.15400000000005,257.426,267.6244,256.00366899468736,259.6014044110556,43.21239298817771,69.06752411575557,-3.597735416368266,-4.351088449255682,0.7533530328874161,257.426,7.271827685990506,271.969655371981,242.88234462801898,0.37190290525069075,0.11299290181974243,5.3992857142857185,11586197.7,0.9604701497135554,-134815806.0,-0.013761467889908285,0.024871895939988693,-0.014374514374458486,0.004911669175314826,-0.06933235509904634,0.003917533932175088,46.815286621221865,62.696390654180625,0,1,-0.009420575482853688,MSFT,US,Technology
2024-11-26,254.11,260.61,256.23,258.17,20620529,257.046,255.02399999999997,256.674,267.22720000000004,256.33695068783203,259.49537240026945,56.405185673478364,68.10344827586208,-3.1584217124374163,-4.112555101892024,0.9541333894546078,256.674,6.261069691691039,269.19613938338205,244.1518606166179,0.5597342017062045,0.09757232429722748,5.2935714285714335,12304401.3,1.6758659622174414,-114195277.0,0.017619235317303916,0.016965565325107602,0.015977332651151175,0.03487393273740347,-0.0550492295303977,-0.001315229584928912,75.28662419902639,63.821656046890325,0,0,-0.04435062168338699,MSFT,US,Technology
2024-11-27,258.9,257.44,255.37,256.29,11483837,256.608,255.388,255.93799999999996,266.731,256.3297275050883,259.2579331479547,50.54644808743171,40.05376344086037,-2.9282056428664305,-3.875685210086901,0.9474795672204706,255.93799999999996,5.274624057444317,266.4872481148886,245.38875188511133,0.5166836534533008,0.08243596585772657,5.0228571428571485,12304279.2,0.9333205041933295,-125679114.0,-0.007282023472905408,0.008076788013546827,-0.010081112398570399,0.01440728280229564,-0.05431533891738305,-0.008472609099349993,63.312101906795505,61.80467090901459,0,0,-0.017987436107534505,MSFT,US,Technology
2024-11-28,255.58,257.46,255.4,256.31,13536311,256.342,255.68200000000002,255.215,266.2592,256.3266925043053,259.03956410219945,59.25333333333333,40.269058295964086,-2.71287159789415,-3.643122487648348,0.9302508897541979,255.215,3.9623697056449463,263.1397394112899,247.2902605887101,0.5690874451891081,0.06210245801585989,4.705714285714289,12203789.9,1.109189030762564,-112142803.0,7.803659916483241e-05,0.008037142522694928,0.0028562485327378257,0.011603583691834007,-0.0534032573771096,-0.005162241887905594,63.439490441819125,67.346072182547,0,0,-0.01950762748234558,MSFT,US,Technology
2024-11-29,255.08,254.57,252.61,253.48,4858769,255.58999999999997,256.25300000000004,254.74200000000002,265.63599999999997,255.88873981131962,258.6277382048577,51.369495166487624,34.17047184170475,-2.738998393538054,-3.4622976688262868,0.7232992752882326,254.74200000000002,3.5330553349760203,261.80811066995204,247.67588933004797,0.41070052116666883,0.05547660511359964,4.509285714285718,12117867.1,0.40095905978709245,-117001572.0,-0.011041317155007668,0.007732365472590529,-0.006272541947599773,0.02304556645275846,-0.03597778960979692,-0.014616700357642731,45.41401273596081,57.388535028191804,1,0,0.006903897743411713,MSFT,US,Technology
2024-12-02,253.54,253.66,249.44,251.31,9384462,255.11200000000002,256.113,254.372,264.965,255.18431830186452,258.0856758032396,52.526084568918186,30.11401743796111,-2.901357501375088,-3.350109635336046,0.44875213396095814,254.372,3.482759946092747,261.3375198921855,247.40648010781453,0.28020305392312234,0.05476640425957349,4.4721428571428605,12137814.75,0.7731590422271816,-126386034.0,-0.008560833201830431,0.016792009868223337,-0.008795456338215645,-0.005539946974793208,-0.028603455606663775,-0.009420575482853688,31.592356685885854,46.81528662122192,1,0,0.016712426883132236,MSFT,US,Technology
2024-12-03,250.23,247.26,246.29,246.72,9661135,252.82200000000003,254.93399999999997,253.69,264.1466,253.88211548615976,257.24376278994737,42.16230504890297,28.132832080200558,-3.3616473037876062,-3.3524171690263587,-0.009230134761247566,253.69,3.5825395285589225,260.85507905711785,246.52492094288215,0.01361318246101173,0.056486886019075304,4.573571428571433,11737932.5,0.8230694951543217,-136047169.0,-0.01826429509370897,0.003931582360554748,-0.014027095072477177,-0.04560752001856794,-0.05238899984636658,-0.04435062168338699,2.728426395766003,26.578265272537553,1,1,0.025697146562905226,MSFT,US,Technology
2024-12-04,246.65,254.18,249.67,251.68,8856100,251.9,254.254,253.65699999999998,263.5336,253.5433284882817,256.8316271808279,47.99144283337295,30.273556231003,-3.2882986925462205,-3.339593473730331,0.05129478118411068,253.65699999999998,3.5986329275672744,260.85426585513454,246.45973414486542,0.3626561780434836,0.0567480168503624,5.0228571428571485,11792985.8,0.7509632759022506,-127191069.0,0.020103761348897464,0.017919580419509296,0.0203932698154454,-0.02630764469204583,-0.0026155187445510153,-0.017987436107534505,34.20050761204317,22.840430231231668,1,1,0.0014303877940240461,MSFT,US,Technology
2024-12-05,251.79,253.39,249.65,251.31,3408068,250.9,253.621,253.43200000000002,262.8786,253.1997394900782,256.42261313597703,54.804560260586314,33.33333333333327,-3.2228736458988294,-3.316249508164031,0.09337586226520145,253.43200000000002,3.597612658709711,260.62722531741946,246.2367746825806,0.3525411014429757,0.05678229519074968,4.788571428571432,11412981.5,0.29861326782898334,-130599137.0,-0.0014701207883026646,0.014882018224444307,-0.0019063505301961294,-0.02456916627852812,-0.01759118095461476,-0.01950762748234558,31.8527918761515,22.92724196132022,0,1,-0.004695396124308693,MSFT,US,Technology
2024-12-06,253.98,257.21,253.65,255.23,46595760,251.25,253.42000000000002,253.725,262.4402,253.51208726084022,256.3342704974372,53.51758793969846,47.13375796178341,-2.8221832365969988,-3.217436253850624,0.39525301725362505,253.725,3.4862851590954627,260.6975703181909,246.75242968180908,0.6079228986379412,0.05496163419579023,4.685714285714288,13446419.1,3.4652911074822064,-84003377.0,0.015598265090923435,0.013948203581028978,0.004921647373789584,-0.007813714818846296,0.02349921802943422,0.006903897743411713,56.72588832127365,40.926395936489435,0,0,-0.019002468361869695,MSFT,US,Technology
2024-12-09,254.25,255.98,255.13,255.51,8240078,252.09,253.60099999999997,253.8775,262.1708,253.8194584514842,256.2732128317504,45.04950495049505,56.23081645181094,-2.4537543802662185,-3.0646998791337423,0.6109454988675238,253.8775,3.494735702679365,260.86697140535875,246.88802859464127,0.616782794055898,0.05506176329396037,4.0792857142857155,13529371.2,0.6090510245553006,-75763299.0,0.0010970497198605766,0.0033266799733735184,0.004955752212369853,0.00713441072132448,0.012081121761863267,0.016712426883132236,64.34054430814086,50.97307483518867,0,0,-0.02477398144886689,MSFT,US,Technology
2024-12-10,255.37,254.67,251.77,253.06,8032930,253.358,253.09,254.05700000000002,261.87239999999997,253.70261868971608,256.0351949303308,41.717603911980426,55.280627640313824,-2.332576240614742,-2.918275151429942,0.5856989108152,254.05700000000002,3.345446394571309,260.7478927891426,247.3661072108574,0.4254957423586775,0.052672375011247656,4.070714285714284,13546158.95,0.5930042188819719,-83796229.0,-0.009588665805643548,0.011459732869629802,-0.009045698398366905,-0.019793159546035555,0.0143905078766986,0.025697146562905226,47.27653630954773,56.11432297965408,0,0,-0.01892831739508416,MSFT,US,Technology
2024-12-11,252.87,253.58,250.8,252.04,8802179,253.42999999999998,252.66499999999996,254.02650000000003,261.6214,253.44683119898815,255.7392521059034,41.489361702127674,70.46153846153844,-2.292420906915254,-2.7931043025270044,0.5006833956117505,254.02650000000003,3.361690168572425,260.7498803371449,247.30311966285518,0.3522692529100702,0.05293447996266829,4.164285714285711,12501864.7,0.7040692334424934,-92598408.0,-0.0040306646645065225,0.011029995238807218,-0.003282318978118125,-0.016582777322564413,-0.0024144072828024,0.0014303877940240461,40.153631282112116,50.59023729993356,0,0,-0.034438977940009385,MSFT,US,Technology
2024-12-12,252.54,250.72,249.66,250.13,8922226,253.19400000000002,252.04699999999997,253.8645,261.3144,252.93654947606288,255.32374875293038,39.668700959023525,42.21105527638184,-2.3871992768675057,-2.7119232973951046,0.32472402052759897,253.8645,3.471273806847878,260.8070476136958,246.92195238630424,0.23104253596591134,0.054694907036379005,4.136428571428569,12540458.85,0.7114751856567684,-101520634.0,-0.007578162196476779,0.004237796345883199,-0.009543042686269319,-0.02411142756817919,-0.012787622844062096,-0.004695396124308693,26.81564245622794,38.081936682629255,0,0,-0.03798025026985963,MSFT,US,Technology
2024-12-13,251.32,252.48,248.7,250.38,12257454,252.224,251.737,253.99499999999998,260.8242,252.54323417205055,254.95754253264252,44.66580976863754,45.269582909460794,-2.414308360591974,-2.6524003100344786,0.23809194944250445,253.99499999999998,3.273524577255772,260.5420491545115,247.44795084548844,0.2239214251406053,0.051552582960182405,3.952857142857139,12769720.7,0.959884192307809,-89263180.0,0.000999480270259534,0.01509705248016976,-0.003740251472211752,-0.012229761716900711,0.01053396294950959,-0.019002468361869695,28.561452511971947,31.843575416770662,0,0,-0.013779055835130505,MSFT,US,Technology
2024-12-16,249.82,249.35,249.05,249.18,5296620,250.958,251.52399999999997,253.8185,260.374,252.0258135301937,254.52957359598815,33.859964093357235,7.454289732770789,-2.5037600657944665,-2.622672261186476,0.11891219539200959,253.8185,3.4375117607458576,260.6935235214917,246.94347647850827,0.1626556996014322,0.054172753534235216,3.5542857142857076,12657262.8,0.4184648501992982,-94559800.0,-0.004792715073088871,0.0012039489525595111,-0.0025618445280498944,-0.008475587919302807,-0.013968580586443013,-0.02477398144886689,25.87287376670805,27.083322911635975,0,0,-0.01813949755197053,MSFT,US,Technology
2024-12-17,248.25,249.06,247.64,248.27,6278079,250.0,251.679,253.3065,259.9518,251.44799606400724,254.06589864567206,35.0818452380952,3.229974160206737,-2.617902581664822,-2.621718325282145,0.003815743617323175,253.3065,3.4644514641385284,260.23540292827704,246.37759707172293,0.1365586260717818,0.05470765991594926,3.464285714285708,12510899.7,0.5018087146994941,-100837879.0,-0.0036519784894453178,0.0057195794900483194,8.056394763315074e-05,0.006282425421530569,-0.039611620440215045,-0.01892831739508416,17.726051923211816,24.0534594006306,0,0,-0.029282635840012894,MSFT,US,Technology
2024-12-18,246.42,245.39,241.75,243.36,23128112,248.26400000000004,250.84699999999998,252.5505,259.41,250.20368897723182,253.27286463136554,29.61913755114888,2.4509803921568647,-3.0691756541337156,-2.7112097910524593,-0.35796586308125633,252.5505,3.8986036299117925,260.3477072598236,244.75329274017642,-0.08934562681604175,0.06174770796171633,3.7828571428571394,12973235.1,1.7827558075505927,-123965991.0,-0.019776855842429608,0.01495726495720344,-0.012417823228583542,-0.03305785123966942,-0.058495821727019504,-0.034438977940009385,10.413971538783157,18.004299076234336,0,1,-0.0037804076265615105,MSFT,US,Technology
2024-12-19,242.34,242.01,239.52,240.63,10755061,246.36399999999998,249.779,251.7,258.7682,248.73081374996033,252.3363512360385,29.712661825071038,2.0990764063811866,-3.6055374860781626,-2.8900753300576003,-0.7154621560205623,251.7,4.533567202430258,260.7671344048605,242.63286559513946,-0.11044644898808215,0.07204715458740157,3.7928571428571405,12961298.8,0.8297825963411478,-134721052.0,-0.011217948717948789,0.01034783692802075,-0.007056202030176413,-0.04249731407425095,-0.06602235677689794,-0.03798025026985963,6.2747314863608805,11.47158498278528,1,1,0.030129244067655714,MSFT,US,Technology
2024-12-20,241.21,247.92,246.15,246.93,8283434,245.67400000000004,248.94899999999998,251.1845,258.26219999999995,248.4537654807349,251.93587883235006,43.88268156424582,40.184049079754644,-3.482113351615169,-3.0084829343691144,-0.4736304172460546,251.1845,4.455971126950301,260.0964422539006,242.2725577460994,0.26130343537632433,0.07095933271252892,4.012142857142854,11976467.1,0.6916424717901599,-126437618.0,0.026181274155342216,0.007168023326419689,0.02371377637733214,-0.03251968812443673,-0.040079303374280784,-0.013779055835130505,41.888072354896146,19.525591793346724,0,0,-0.01713036083100483,MSFT,US,Technology
2024-12-23,246.99,247.34,242.51,244.66,7505445,244.76999999999998,247.86400000000003,250.73250000000002,257.723,247.8701092529281,251.39692242511737,46.92353643966547,34.38864628820963,-3.5268131721892644,-3.112148981933145,-0.41466419025611945,250.73250000000002,4.64198899633656,260.0164779926731,241.4485220073269,0.17295807869399518,0.07405484325036513,3.998571428571426,11795329.45,0.636306463122447,-133943063.0,-0.009192888672903243,0.01974168233458788,-0.009433580306856872,-0.04246409142499308,-0.0356326369728025,-0.01813949755197053,29.05596381972547,25.739589220327492,0,1,-0.010259135126297725,MSFT,US,Technology
2024-12-24,243.53,245.89,237.08,241.0,6588809,243.31599999999997,246.658,249.87400000000002,257.0478,246.81316936786,250.6267768217959,33.40584213797389,30.317613089509152,-3.813607453935873,-3.252440676333691,-0.5611667776021823,249.87400000000002,4.779770309390524,259.4335406187811,240.31445938121897,0.035856357856691154,0.07651488845372306,4.094999999999994,11093743.45,0.5939211083954616,-140531872.0,-0.014959535682171121,0.03655601659735858,-0.010388863794972333,-0.04765668220975261,-0.0665065654413759,-0.029282635840012894,19.473422751143865,30.139152975255154,0,1,-0.003900414937759278,MSFT,US,Technology
2024-12-25,240.59,246.84,238.93,242.44,9712439,243.132,245.698,249.1815,256.3532,246.14037408049575,250.02034657490034,36.66165413533834,36.3209760675739,-3.8799724944045977,-3.3779470399478724,-0.5020254544567253,249.1815,4.804526675849828,258.79055335169966,239.57244664830034,0.14921102249074458,0.07712493384670287,4.392857142857139,11005173.55,0.8825338440452086,-130819433.0,0.005975103734439768,0.03262662926896292,0.0076894301508471045,-0.03808919219171558,-0.054040344921768346,-0.0037804076265615105,26.626924986257947,25.052103852375755,0,0,-0.03501897376670515,MSFT,US,Technology
2024-12-26,242.48,248.02,247.76,247.88,18046492,244.58200000000002,245.473,248.76,255.8484,246.40800883734298,249.8618018191263,39.430543572044876,60.347985347985286,-3.453792981783323,-3.393116228314963,-0.0606767534683601,248.76,4.506785527344199,257.7735710546884,239.7464289453116,0.45118471940189286,0.07246800976565486,4.369999999999998,11230682.6,1.6068916766562635,-112772941.0,0.022438541494802733,0.0010488946264279912,0.022269877927984724,-0.00899532243233514,-0.032889859935234744,0.030129244067655714,57.14285713983368,34.414401625745164,0,0,-0.04477973212844921,MSFT,US,Technology
2024-12-27,248.44,243.18,242.31,242.7,5891789,243.73599999999996,244.705,248.221,255.2418,245.8375459392895,249.3312962300437,33.854297958154774,54.26101276245366,-3.493750290754207,-3.413243040802812,-0.08050724995139502,248.221,4.55692636485851,257.334852729717,239.10714727028298,0.19710943527784325,0.07343337372486851,4.7071428571428555,11282333.6,0.5222136383014203,-118664730.0,-0.020897208326609684,0.003584672435090317,-0.023104170020837648,-0.03067337646776902,-0.04252801009941609,-0.01713036083100483,31.949971572941923,38.573251233011185,0,0,-0.023897816234033753,MSFT,US,Technology
2024-12-30,242.05,245.52,239.45,242.15,21418266,243.234,244.002,247.763,254.6166,245.27023117939822,248.79934673578717,35.55732062483453,37.10895361380797,-3.5291155563889447,-3.4364175439200384,-0.0926980124689063,247.763,4.688540452950509,257.140080905901,238.385919094099,0.20070643217611372,0.07569395677210208,4.87357142857143,11884023.8,1.8022737549319148,-140082996.0,-0.002266172229089314,0.025067107164876954,0.0004131377814483833,-0.028212537121759418,-0.036449007202260186,-0.010259135126297725,30.727272725410426,39.94003381272867,0,0,-0.019781127400371634,MSFT,US,Technology
2024-12-31,241.87,240.33,239.84,240.06,15249943,243.046,243.18099999999998,247.42999999999998,254.0312,244.46865715179777,248.1519858868379,34.577754891864075,37.47276688453159,-3.683328735040135,-3.4857997821440576,-0.1975289528960773,247.42999999999998,4.993134233494067,257.41626846698813,237.44373153301186,0.13099329722137043,0.08071994880934226,4.840000000000002,12163464.2,1.2537498771320528,-155332939.0,-0.008631013834400125,0.002041156377563809,-0.007483358829092152,-0.03306883634752489,-0.02699416342412453,-0.003900414937759278,19.35064934939278,27.342631215915038,0,0,-0.021536282596017697,MSFT,US,Technology
2025-01-01,238.08,236.03,232.3,233.95,7973337,241.348,242.24,246.5435,253.2978,242.85040220536612,247.09998417644726,31.20353159851301,33.06102835175395,-4.249581971081142,-3.6385562199314747,-0.6110257511496671,246.5435,5.719894436825537,257.9832888736511,235.1037111263489,-0.05042536794345069,0.09280138290893641,5.224285714285715,12119326.05,0.657902618446129,-163306276.0,-0.025451970340748198,0.015943577687471882,-0.017347110214981,-0.03866699539776475,-0.07044659885568982,-0.03501897376670515,8.176412288990162,19.418111454597785,1,1,0.011797392605257695,MSFT,US,Technology
2025-01-02,232.73,237.03,236.57,236.78,14792533,239.12800000000001,241.85499999999996,245.817,252.68600000000004,241.9164941737707,246.33553904992291,35.09425690486631,37.25225225225227,-4.419044876152213,-3.7946539511756225,-0.6243909249765909,245.817,5.998583253789067,257.81416650757814,233.81983349242188,0.12336940166600734,0.09761055181317259,5.174285714285716,12688549.3,1.1658174220265336,-148513743.0,0.012096601837999543,0.0019427316496243993,0.017402139818599276,-0.01599966753937576,-0.05781703871712229,-0.04477973212844921,26.275659822505794,17.934240486962906,0,0,-0.0075175268181434385,MSFT,US,Technology
2025-01-03,238.51,237.87,236.12,236.9,4804886,237.968,240.852,244.90050000000002,251.99259999999998,241.14472583934403,245.63660866170076,36.214638527166606,17.476303317535624,-4.491882822356729,-3.934099725411844,-0.5577830969448847,244.90050000000002,5.883902638824461,256.6683052776489,233.1326947223511,0.16006830452251988,0.09610274603441697,5.204285714285717,10599005.6,0.45333361713351517,-143708857.0,0.0005067995607737075,0.007387083157419219,-0.00675024108001021,-0.040618798849876514,-0.07181757630372598,-0.023897816234033753,27.446300714352827,20.63279094194959,0,0,-0.009286618826509163,MSFT,US,Technology
2025-01-06,234.55,239.15,235.94,237.36,4207201,237.01,240.12199999999999,243.993,251.28780000000003,240.56246032559852,245.02352526369714,37.62757995010209,28.042763157894882,-4.461064938098616,-4.0394927679491985,-0.4215721701494175,243.993,5.551730029080801,255.0964600581616,232.8895399418384,0.20130932315437555,0.09101457876345712,5.323571428571431,10397361.75,0.40464116729985206,-139501656.0,0.001941747572815622,0.013523761375069448,0.011980387976926122,-0.02983732526771843,-0.07103440178466591,-0.019781127400371634,32.188295163346815,28.636751900068475,0,0,-0.026794742163801843,MSFT,US,Technology
2025-01-07,237.0,238.39,232.08,234.89,5247196,235.97599999999997,239.51100000000002,243.0845,250.5214,239.68977412165992,244.2728923173578,39.83193277310923,24.218750000000057,-4.583118195697864,-4.148217853498932,-0.43490034219893214,243.0845,5.476068004461065,254.03663600892213,232.13236399107785,0.12589489422655706,0.09010970266616823,5.308571428571428,10258075.05,0.5115185317816004,-144748852.0,-0.01040613414223135,0.026863638298663676,-0.008902953586460384,-0.02535269709543575,-0.07180115387655106,-0.021536282596017697,17.62860727618374,25.754401051294455,0,0,-0.03363276427263817,MSFT,US,Technology
2025-01-08,235.12,239.8,234.25,236.71,8147505,236.52800000000002,238.93800000000002,242.31799999999998,249.83540000000002,239.23134733371208,243.71267707284954,45.18900343642614,37.871107892831375,-4.481329739137465,-4.214840230626638,-0.2664895085108263,242.31799999999998,5.22364019072085,252.7652803814417,231.87071961855827,0.23160479112853666,0.08622785250289786,5.430714285714286,10225341.35,0.7967953268576871,-136601347.0,0.007748307718506542,0.023446411220381755,0.0067625042531185816,-0.023634713743606595,-0.06082367878114581,0.011797392605257695,29.04642408851651,26.287775509349014,0,0,-0.02065818934561281,MSFT,US,Technology
2025-01-09,236.31,236.42,233.86,235.0,8498418,236.17200000000003,237.65,241.56149999999997,249.12,238.58037082083314,243.0672925205812,33.499308437067796,55.57917109458025,-4.486921699748052,-4.269256524450921,-0.2176651752971308,241.56149999999997,5.127438341645633,251.81637668329122,231.3066233167087,0.18007903932813743,0.08490489323214839,5.113571428571428,10204150.95,0.8328392248216179,-145099765.0,-0.0072240294030671,0.010893617021230128,-0.005543565655259865,-0.05196062610940777,-0.06048854595610276,-0.0075175268181434385,18.318695105500634,21.664575490066955,0,0,-0.02021276595744681,MSFT,US,Technology
2025-01-10,234.14,236.31,233.4,234.7,7729265,235.73199999999997,236.85,240.7775,248.5552,237.983390694551,242.44749212724489,35.43007606787597,34.88372093023264,-4.464101432693894,-4.308225506099516,-0.1558759265943781,240.7775,4.901895310141647,250.5812906202833,230.9737093797167,0.19004335998281288,0.0814344415092157,4.9764285714285705,9977741.5,0.7746506787482239,-152829030.0,-0.001276595744680864,0.012398806987590959,0.002391731442716369,-0.03296250515039145,-0.06262481028836175,-0.009286618826509163,16.436637389181996,21.267252194399706,0,0,-0.013719642096293172,MSFT,US,Technology
2025-01-13,234.63,231.3,230.76,231.0,10509676,234.45999999999998,235.73500000000004,239.86849999999998,248.00099999999998,236.90902289538906,241.5995285473419,35.38866160140272,21.79732313575539,-4.690505651952833,-4.38468153527018,-0.3058241166826532,239.86849999999998,4.947167477723167,249.76283495544632,229.97416504455364,0.05183951018506028,0.08249799332054931,4.628571428571429,10238394.3,1.0264964080845755,-163338706.0,-0.015764806135492027,0.0023376623376523066,-0.01547116736983559,-0.04604583935577122,-0.07295930652540339,-0.026794742163801843,1.390498261796662,12.048610252159762,1,0,0.00242424242424244,MSFT,US,Technology
2025-01-14,230.99,227.43,226.64,226.99,3438406,232.88000000000002,234.42800000000003,238.80450000000002,247.33360000000002,235.38301937302126,240.51733982938924,29.002446316934012,12.990720913633226,-5.134320456367988,-4.534609319489742,-0.5997111368782457,238.80450000000002,5.319494905782163,249.44348981156435,228.1655101884357,-0.055245385567654334,0.08910208820620866,4.375000000000002,10096410.65,0.3405572315387913,-166777112.0,-0.017359307359307352,0.003480329529919997,-0.017316766959533672,-0.054444722152795055,-0.08571313489346277,-0.03363276427263817,1.6370439662472025,6.488059872408615,1,1,0.014229701748975643,MSFT,US,Technology
2025-01-15,226.91,233.13,230.78,231.82,12810431,231.902,234.215,238.22750000000002,246.9232,234.8348625464025,239.8730916529046,27.805417357656196,40.62309102015885,-5.038229106502115,-4.635333276892217,-0.4028958296098981,238.22750000000002,5.424193245859903,249.0758864917198,227.37911350828023,0.20467958506569917,0.09107585389322606,4.415,9580526.6,1.3371321011590218,-153966681.0,0.02127847041719888,0.010137175394659035,0.021638535101927453,-0.009104509510579173,-0.047419460880999464,-0.02065818934561281,27.436440676512902,10.154660968185583,0,0,-0.01363126563713224,MSFT,US,Technology
2025-01-16,229.85,230.95,229.7,230.25,4918161,230.952,233.56200000000004,237.70850000000002,246.41199999999998,234.12949907772511,239.16026924813264,30.887319619281584,29.9627791563275,-5.030770170407521,-4.714420655595278,-0.31634951481224327,237.70850000000002,5.6730983598040545,249.05469671960813,226.3623032803919,0.17132158094518987,0.09546311317904395,4.16857142857143,9288681.6,0.5294788520387165,-158884842.0,-0.006772495901992914,0.005428881650356444,0.0017402653904645005,-0.027578342765436248,-0.04313676598927818,-0.02021276595744681,19.120762710851704,16.064749117870598,1,0,0.0034744842562433043,MSFT,US,Technology
2025-01-17,230.1,232.52,230.64,231.48,7186180,230.308,233.02000000000004,236.93599999999998,246.0542,233.72188383499812,238.59135982311594,33.954887218045116,38.74680306905364,-4.869475988117813,-4.745431722099785,-0.12404426601802765,236.93599999999998,5.396489502202369,247.72897900440472,226.14302099559524,0.2472430921054987,0.09110459368233777,3.8971428571428572,9233818.9,0.7782456315830895,-151698662.0,0.005342019543973953,0.00812165197853768,0.00599739243804432,-0.02287885183621785,-0.06256833920544291,-0.013719642096293172,35.3542731895285,27.303825525631026,0,0,-0.005529635389666554,MSFT,US,Technology
2025-01-20,230.58,233.43,230.06,231.56,8134870,230.42,232.44,236.281,245.6362,233.38928632192145,238.07051785305327,36.395646606914234,39.81841763942933,-4.681231531131829,-4.732591683906194,0.05136015277436545,236.281,5.2011161757546445,246.6832323515093,225.8787676484907,0.2730775548583043,0.08804967264795115,3.9728571428571433,9265290.15,0.8779939959037336,-143563792.0,0.00034560221185420126,0.014553463465129778,0.004250151791116921,-0.024435456690259594,-0.0535436932886455,0.00242424242424244,37.386018234241234,30.620351378207136,0,0,-0.00725513905683195,MSFT,US,Technology
2025-01-21,230.99,230.98,229.62,230.22,5609602,231.06599999999997,231.973,235.74200000000002,245.25119999999998,232.9017038108566,237.48899749344733,42.954287873063876,47.01378254211331,-4.58729368259074,-4.703532083643103,0.11623840105236294,235.74200000000002,5.244731291096069,246.23146258219217,225.25253741780787,0.23678346450220214,0.08899103750835786,3.557142857142858,9216329.8,0.6086589253068042,-149173394.0,-0.005786837104854059,0.005907392928477447,-0.0033334776397102766,-0.019881646728255764,-0.04473029045643151,0.014229701748975643,27.20364741434627,33.314646279372,0,0,-0.00026062027625750606,MSFT,US,Technology
2025-01-22,230.46,230.79,226.96,228.66,5038383,230.43400000000003,231.16799999999998,235.05300000000003,244.7714,232.2491339938017,236.83499713904237,33.8888888888889,57.869934024505135,-4.5858631452406655,-4.679998295962616,0.09413515072195011,235.05300000000003,5.2236003917456015,245.50020078349124,224.6057992165088,0.19403287384423804,0.08889229904274155,3.6107142857142844,8982627.0,0.5609030007699306,-154211777.0,-0.006776127182694824,0.01674975946813275,-0.007810466024438952,-0.03400785771619286,-0.05683880547764397,-0.01363126563713224,15.349544071781999,26.646403240123163,1,1,0.025496370156564474,MSFT,US,Technology
2025-01-23,229.33,233.43,229.16,231.05,6046891,230.594,230.773,234.21150000000003,244.325,232.0646518409091,236.4064785047874,39.352020385875534,45.28763769889853,-4.341826663878294,-4.6123639695457515,0.2705373056674576,234.21150000000003,4.327170310347237,242.8658406206945,225.55715937930555,0.3173459920934067,0.07390192728074865,3.826428571428571,8382646.95,0.7213581002170084,-148164886.0,0.010452199772588155,0.018480848301153558,0.007500109013179692,-0.016808510638297802,-0.06789575601097297,0.0034744842562433043,33.51063829532607,25.354609927151444,1,0,0.026314650508547865,MSFT,US,Technology
2025-01-24,231.99,230.26,230.16,230.2,9940559,230.33800000000002,230.32299999999995,233.58650000000003,243.97359999999998,231.7777823269231,235.94673903079226,37.15003589375447,49.66442953020127,-4.168956703869156,-4.523682516410433,0.3547258125412762,233.58650000000003,3.920181621734205,241.42686324346843,225.74613675653163,0.2840342408175235,0.06713027716443233,3.6607142857142856,8585085.45,1.1578868841792502,-158105445.0,-0.003678857390175372,0.00043440486533258,-0.007715849821079808,-0.019173412867490414,-0.051503914297486575,-0.005529635389666554,27.051671730467163,25.303951365858406,1,1,0.03696785403996539,MSFT,US,Technology
2025-01-27,229.69,231.42,228.65,229.88,13431143,230.002,230.21099999999996,232.973,243.517,231.48581581508878,235.49735065984115,40.2567094515753,37.76758409785946,-4.0115348447523616,-4.421252982078818,0.4097181373264567,232.973,3.440208225034287,239.85341645006858,226.09258354993145,0.2752316285851835,0.05906621325251452,3.4078571428571434,8185729.3,1.6407995997620395,-171536588.0,-0.0013900955690703265,0.012049765094779591,0.000827201880792244,-0.00484848484848488,-0.05067107164980389,-0.00725513905683195,24.620060788402753,28.394123604731988,1,1,0.0305376718287802,MSFT,US,Technology
2025-01-28,230.84,230.89,229.57,230.16,13259346,229.98999999999995,230.52799999999996,232.478,242.95,231.281844151229,235.10199111172548,36.45014480761273,39.61424332344215,-3.820146960496487,-4.301031777762352,0.4808848172658653,232.478,3.057798657791891,238.5935973155838,226.36240268441622,0.31048457896305875,0.05261226710103733,3.105714285714285,8086199.45,1.639749853096951,-158277242.0,0.0012180267965895553,0.005735140771612175,-0.0029457632992421637,0.013965372923917307,-0.04123969007748063,-0.00026062027625750606,35.99182003721975,29.221184185363217,1,1,0.008863399374348324,MSFT,US,Technology
2025-01-29,231.38,234.97,234.12,234.49,6082036,231.156,230.795,232.50500000000002,242.4702,231.77540658950147,235.0566584113046,49.04815229563271,71.94244604316542,-3.2812518218031244,-4.097075786570507,0.8158239647673824,232.50500000000002,3.073822410377874,238.65264482075577,226.35735517924428,0.66144393968864,0.052881828956188495,3.2457142857142856,7991634.4,0.7610502350995642,-152195206.0,0.018812999652415785,0.0036248880549122325,0.013441092574926842,0.011517556725045397,0.0023081855097244475,0.025496370156564474,81.17890381787198,47.26359488116483,1,1,0.005458654953302888,MSFT,US,Technology
2025-01-30,235.7,238.63,235.92,237.13,6731490,232.372,231.483,232.52249999999998,242.06,232.59919019111666,235.2102393496494,54.17095777548919,89.17668825161876,-2.611049158532751,-3.7998704609629557,1.1888213024302048,232.52249999999998,3.100324049279564,238.7231480985591,226.32185190144085,0.8715337434000767,0.053333747044113686,3.3335714285714277,7588582.25,0.887054905802081,-145463716.0,0.01125847584118711,0.011428330451602834,0.006067034365693423,0.029880564603691706,0.0014781653855899801,0.026314650508547865,87.48957463824108,68.2200994977776,1,0,0.00978366296967903,MSFT,US,Technology
2025-01-31,238.62,242.17,235.95,238.71,6310932,234.07399999999998,232.206,232.613,241.68939999999998,233.53931477709872,235.46948100422014,64.27249166975194,88.29999999999987,-1.9301662271214184,-3.4259296141946485,1.49576338707323,232.613,3.2572754194126103,239.12755083882521,226.09844916117478,0.9679524459840997,0.05601192400078422,3.4964285714285706,7663884.55,0.8234637585369474,-139152784.0,0.006663011850040146,0.026056721544861723,0.0003771687201392433,0.03123379989631947,0.00764035457999146,0.03696785403996539,77.7205408835983,82.12967311323712,1,0,0.0018432407523774064,MSFT,US,Technology
2025-02-03,238.55,239.12,235.11,236.9,12522051,235.47799999999998,232.73999999999995,232.59,241.3534,234.05634327292972,235.57544542155452,69.9717855703345,80.56569343065698,-1.5191021486247962,-3.044564121080678,1.525461972455882,232.59,3.2234404633973788,239.03688092679477,226.14311907320524,0.8342701725149252,0.05543558129555909,3.471428571428569,8079627.05,1.5498301311036218,-151674835.0,-0.007582422185915982,0.016926973406429142,-0.006916788933108735,0.02306097771635862,-0.0019379844961240345,0.0305376718287802,65.35174227052264,76.85395259745401,1,1,0.01869987336428869,MSFT,US,Technology
2025-02-04,236.71,233.0,231.56,232.2,3610603,235.88600000000002,232.93800000000002,232.45549999999997,240.834,233.7707520001713,235.32541232407482,50.76985413290113,57.56192959582786,-1.554660323903505,-2.7465833616452437,1.1919230377417387,232.45549999999997,3.1782243884239607,238.81194877684788,226.09905122315206,0.4799023000538844,0.05468959673417552,3.4142857142857133,7997797.4,0.45144961393375455,-155285438.0,-0.019839594765724056,0.006201550387570182,-0.019052849478184135,0.008600469116497145,-0.01145216910043001,0.008863399374348324,34.45101906413858,59.17443407275317,1,1,0.0525839793281655,MSFT,US,Technology
2025-02-05,233.07,241.18,231.43,235.77,18573850,236.142,233.64900000000003,232.4085,240.42359999999996,234.07832861552959,235.3583447571106,60.344827586206875,65.05636070853461,-1.280016141581001,-2.4532699176323955,1.1732537760513946,232.4085,3.1183839860135123,238.64526797202703,226.17173202797298,0.7694905449671545,0.053670738996208736,3.9592857142857127,8519114.65,2.18025564660576,-136711588.0,0.015374677002583992,0.04135386181430482,0.011584502509925914,0.031094200997113575,-0.00397110388238775,0.005458654953302888,57.92241945707291,52.575060263911375,1,1,0.05068498960851664,MSFT,US,Technology
2025-02-06,234.3,241.52,237.78,239.45,7847403,236.606,234.48899999999998,232.631,240.0864,234.90473959775585,235.66143043800264,63.68005492619288,63.793103448275794,-0.7566908402467902,-2.1139541021552746,1.3572632619084843,232.631,3.453745335446738,239.53849067089348,225.72350932910652,0.9935945862178313,0.059385814193841646,4.207857142857141,8486563.9,0.9246854401596575,-128864185.0,0.01560843194638828,0.015619127166357863,0.021980367050695677,0.036355767149967466,0.018936170212765946,0.00978366296967903,82.11702826547553,58.16348892889567,1,1,0.04994779703487162,MSFT,US,Technology
2025-02-07,239.67,239.39,238.95,239.15,6758646,236.69400000000002,235.38400000000001,232.85350000000003,239.7998,235.5578565827165,235.91984308289386,62.930153321976135,56.45780051150897,-0.3619865001773519,-1.76356058175969,1.401574081582338,232.85350000000003,3.726613073558172,240.30672614711636,225.40027385288369,0.9224009760869595,0.06401644078430714,4.00285714285714,8438032.95,0.800974023101673,-135622831.0,-0.0012528711630820366,0.0018398494668540994,-0.002169649935318614,0.03887923544743699,0.018960374946740632,0.0018432407523774064,80.1446416778341,73.39469646679417,1,1,0.044950867656282645,MSFT,US,Technology
2025-02-10,238.57,242.88,240.08,241.33,11849811,237.58,236.529,233.37000000000003,239.6002,236.44587864691394,236.3205955688109,68.40013249420338,58.0665024630542,0.1252830781030525,-1.3857918497871415,1.511074927890194,233.37000000000003,4.148210774730869,241.66642154946177,225.0735784505383,0.9797249001611236,0.0711010116932441,4.130714285714283,8505039.7,1.3932691703638762,-123773020.0,0.009115617813088006,0.011602370198435257,0.011568931550439915,0.04980859578910746,0.04471861471861471,0.01869987336428869,90.26381908980765,84.17516301103909,1,1,0.06045663614138297,MSFT,US,Technology
2025-02-11,240.92,248.97,240.76,244.41,16758316,240.022,237.95400000000004,234.24099999999999,239.55399999999997,237.67112808585026,236.91981088033359,74.83443708609269,71.44488863506567,0.7513172055166706,-0.958370038726379,1.7096872442430495,234.24099999999999,4.547699129057984,243.33639825811596,225.145601741884,1.0590189516916986,0.07765846506868694,4.443571428571427,9171035.2,1.8273088923146985,-107014704.0,0.012762607218331778,0.0335910969271569,0.014486136476778695,0.06191345151199168,0.07674346887528083,0.0525839793281655,77.55905511429333,82.6558386273117,1,1,0.02843582504807496,MSFT,US,Technology
2025-02-12,242.48,248.24,247.3,247.72,11868368,242.41199999999998,239.277,235.036,239.4748,239.21710838033485,237.7198250974635,75.54397793441615,98.13895781637727,1.4972832828713365,-0.46723937440683583,1.9645226572781724,235.036,5.410182796796233,245.85636559359247,224.21563440640753,1.0861169795605152,0.09207411284693777,4.37642857142857,9123932.05,1.300795165304287,-95146336.0,0.01354281739699692,0.0037946068141296754,0.02161002969308149,0.05642031643140433,0.06858769735139325,0.05068498960851664,93.84842519223187,87.22376646544427,1,1,0.028903600839657706,MSFT,US,Technology
2025-02-13,246.72,252.25,250.74,251.41,16927801,244.804,240.70499999999998,236.094,239.4768,241.09293786028334,238.73391237172072,79.898505779532,98.152709359606,2.3590254885626223,0.09801359818705596,2.2610118903755665,236.094,6.402903453246126,248.89980690649224,223.28819309350774,1.098009954028634,0.1084805789764925,4.636428571428569,9724414.05,1.740752622441799,-78218535.0,0.014895850153398893,0.006006125452424267,0.01900940337216678,0.060220132416817895,0.09190010857763298,0.04994779703487162,96.44067796201522,89.2827194228468,1,0,0.022314148204128692,MSFT,US,Technology
2025-02-14,251.39,252.65,247.71,249.9,10694873,246.954,241.82399999999998,237.01500000000001,239.3702,242.44787049716285,239.56103015841902,77.3049645390071,87.13574982231714,2.8868403387438377,0.6557789462984125,2.231061392445425,237.01500000000001,7.001120586998605,251.01724117399723,223.0127588260028,0.9601049160247254,0.1181548946179621,4.79142857142857,9899848.7,1.0803066030386301,-88913408.0,-0.006006125452448163,0.019767907162786032,-0.005927045626294021,0.04687696367977878,0.07957490927941957,0.044950867656282645,88.08492200658212,92.7913417202764,1,1,0.0430572228891557,MSFT,US,Technology
2025-02-17,250.91,257.07,255.0,255.92,18493224,249.872,243.72600000000003,238.233,239.3784,244.52050580529163,240.77280595266106,80.37735849056605,92.36988377968675,3.747699852630575,1.2741631275648453,2.4735367250657294,238.233,8.04353162812468,254.32006325624937,222.14593674375064,1.0497274336905267,0.13505318957643853,5.209285714285713,10417766.4,1.7751619219296448,-70420184.0,0.02408963585434165,0.008088465145326292,0.019967318958909665,0.0802870409455465,0.10519951632406288,0.06045663614138297,95.51482058909846,93.34680685256525,1,1,0.048804313848077596,MSFT,US,Technology
2025-02-18,257.07,252.89,250.14,251.36,18637303,251.262,245.642,239.28999999999996,239.34440000000004,245.57273568140062,241.55704269882278,69.78653530377672,72.62065854758691,4.015692982577832,1.8224690985674428,2.193223884010389,239.28999999999996,8.319395853571985,255.92879170714394,222.65120829285598,0.8627066259250967,0.13906800707989844,5.278571428571427,11069151.45,1.6837154501381901,-89057487.0,-0.017818068146295607,0.01094048376825692,-0.02221184891266102,0.08251507321274776,0.0918252106680566,0.02843582504807496,77.73010920133665,87.10995059900574,1,1,0.09301400381922331,MSFT,US,Technology
2025-02-19,251.27,256.06,253.94,254.88,9514773,252.69400000000002,247.55299999999997,240.60099999999997,239.4012,247.0046224996467,242.543928599687,70.39760974488627,73.1534719150819,4.4606938999596935,2.350114058845893,2.1105798411138004,240.60099999999997,8.616726023753436,257.83445204750683,223.3675479524931,0.9142814788274376,0.143253370081049,5.318571428571427,11292970.95,0.842539328188095,-79542714.0,0.014003819223424419,0.008317639673539262,0.014367015560893136,0.08105356915638118,0.11466806612437686,0.028903600839657706,91.45865834276684,88.23452937773396,1,1,0.06034212178279974,MSFT,US,Technology
2025-02-20,254.66,261.5,253.43,257.02,20536176,253.81599999999997,249.31000000000003,241.8995,239.53900000000002,248.54544980739337,243.61623036080704,70.77376900385752,71.68843283582095,4.92921944658633,2.865935136393981,2.0632843101923495,241.8995,9.047684481329567,259.9948689626591,223.80413103734085,0.9178002678553907,0.14961063551255227,5.450714285714284,12017435.2,1.708864990687448,-59006538.0,0.008396107972379108,0.03139833475981867,0.009267258305154787,0.07337648778450623,0.11239991343864952,0.022314148204128692,85.10142999384425,84.7633991793159,1,1,0.02591238035950516,MSFT,US,Technology
2025-02-21,256.05,264.71,257.43,260.66,10858540,255.968,251.461,243.42249999999999,239.7446,250.4092267601021,244.87873200733432,75.88235294117652,71.62225338943443,5.5304947527677655,3.3988470596687383,2.131647693099027,243.42249999999999,9.525695927056637,262.4738918541133,224.37110814588672,0.9523947680842537,0.15652942397711808,5.713571428571427,12063334.25,0.9001275165589052,-48147998.0,0.014162321998288263,0.027929103046006456,0.01800429603586022,0.089943550073176,0.13231972198088626,0.0430572228891557,87.83052884351484,88.13020572670864,1,1,0.025051791605923412,MSFT,US,Technology
2025-02-24,261.14,269.79,267.31,268.41,10444042,258.466,254.169,245.349,240.12919999999997,253.17857648931718,246.6217891408355,86.9867211440246,83.49619978284481,6.556787348481691,4.030435117431329,2.526352231050362,245.349,10.490061913419462,266.3291238268389,224.36887617316106,1.0495916084501267,0.17102269686653224,5.984285714285712,11913979.2,0.8766207283104265,-37703956.0,0.0297322182152997,0.009239596140198869,0.027839473079467717,0.1122114946339039,0.16760918740212305,0.048804313848077596,96.40250260436909,89.77815381390938,0,0,-0.01881450020491049,MSFT,US,Technology
2025-02-25,268.11,276.45,273.38,274.74,6308186,263.142,257.202,247.57799999999997,240.6586,256.4957185678838,248.7046198460918,87.68129955521184,83.67931281317115,7.791098721791997,4.782567838303463,3.0085308834885334,247.57799999999997,11.753035263060362,271.0840705261207,224.07192947387927,1.0777656450221864,0.18988820110046747,5.862142857142852,11566421.2,0.5453878382547717,-31395770.0,0.02358332401922425,0.011174201062782337,0.024728656148503475,0.12409475880692278,0.19369134515119923,0.09301400381922331,95.57796741413046,93.27033295400479,0,0,-0.04076581495231846,MSFT,US,Technology
2025-02-26,275.5,275.23,266.29,270.26,8655501,266.218,259.456,249.3665,241.1966,258.61330032667087,250.30131486483992,79.33726909160164,83.9195979899497,8.311985461830943,5.48845136300896,2.823534098821983,249.3665,12.362391301209188,274.0912826024184,224.64171739758163,0.9225214096934833,0.19830075493155044,6.089999999999995,11695094.45,0.7400966530803303,-40051271.0,-0.016306325980927516,0.03307925701164404,-0.01901996370229034,0.0909898272242855,0.15254381849972276,0.06034212178279974,83.49333333110685,91.82460111653546,0,0,-0.011544438688670167,MSFT,US,Technology
2025-02-27,272.41,265.21,262.46,263.68,14751967,267.55,260.68300000000005,250.69400000000002,241.65760000000003,259.39279258410613,251.2923286892022,70.86239156319104,64.23027166882278,8.100463894903925,6.010853869387954,2.089610025515971,250.69400000000002,12.40467840436787,275.50335680873576,225.88464319126427,0.7617157731929938,0.1979254135211595,6.611428571428568,12096118.3,1.2195619631496193,-54803238.0,-0.024346925183156953,0.010429308252387632,-0.03204728167089303,0.04880474125929757,0.11196390165731884,0.02591238035950516,64.88864448543065,81.31998174355597,0,0,-0.010884405339805836,MSFT,US,Technology
2025-02-28,263.64,267.66,266.82,267.19,5187550,268.856,262.412,252.118,242.06280000000004,260.5923629557821,252.46993409322397,71.50698602794412,65.74790956952619,8.122428862558138,6.4331688680219905,1.6892599945361475,252.118,12.58986877570508,277.29773755141014,226.93826244858982,0.7992882663774358,0.199745655219463,6.629285714285713,12039949.2,0.4308614166859262,-49615688.0,0.013311589805825141,0.003143830233155762,0.013465331512617761,0.06918767507002799,0.11930794688115287,0.025051791605923412,74.05435696065976,74.1454449257324,0,0,-0.05370709981660993,MSFT,US,Technology
2025-03-03,265.38,264.39,262.53,263.36,13837704,267.846,263.156,253.44100000000003,242.4368,261.01815327027714,253.27660571909018,65.56596024314115,54.15640394088669,7.7415475511869545,6.6948446046549845,1.04670294653197,253.44100000000003,12.29330065737557,278.02760131475117,228.8543986852489,0.7017155578422138,0.19402228774866043,6.3757142857142854,12105731.85,1.1430703263867252,-63453392.0,-0.014334368801227515,0.007062575941650027,-0.007611726580723378,0.02907158487027206,0.11169269734065002,-0.01881450020491049,55.09433962075153,64.6791136889473,0,0,-0.03531287970838404,MSFT,US,Technology
2025-03-04,262.33,265.17,262.23,263.54,11904221,265.60600000000005,264.37399999999997,255.00800000000004,242.88760000000002,261.4061296902345,254.03685721468787,63.6993418773814,40.22480931352869,7.369272475546609,6.82973017883331,0.5395422967132992,255.00800000000004,11.408859715151106,277.82571943030223,232.19028056969782,0.6869599638424522,0.17895689100116643,6.312142857142855,12520412.75,0.9507849530931036,-51549171.0,0.0006834750911299814,0.011155801775779168,0.004612510959461076,0.04845639719923622,0.13496985357450497,-0.04076581495231846,55.080027833852554,61.40957480508794,0,0,-0.03449191773544824,MSFT,US,Technology
2025-03-05,261.8,267.97,266.48,267.14,11488721,264.98199999999997,265.6,256.5765,243.3816,262.28826358404456,255.0074604636239,63.64267129228103,32.867448151487736,7.280803120420671,6.919944767150782,0.36085835326988924,256.5765,10.76290035015492,278.10230070030985,235.05069929969017,0.745368340679252,0.16779245722212244,6.304999999999999,12166156.3,0.9443179729395739,-40060450.0,0.013660165439781213,0.005577599760404401,0.020397249808936507,0.048101067168863754,0.13305339949951223,-0.011544438688670167,67.60612386681952,59.260163773807854,0,0,-0.05019839784382718,MSFT,US,Technology
2025-03-06,265.69,264.81,257.61,260.81,3317923,264.408,265.97900000000004,257.6445,243.64019999999996,262.0608384172685,255.43727823971977,58.73219145189693,30.33707865168536,6.623560177548711,6.860667849230368,-0.23710767168165692,257.6445,10.007243416119607,277.6589868322392,237.63001316776078,0.579080218892297,0.15536513942398553,6.63285714285714,11939682.3,0.27789036916917215,-43378373.0,-0.02369544059294748,0.027606303439179414,-0.018367270126770405,0.014745934168547192,0.08920442681144292,-0.010884405339805836,40.55492208131686,54.41369126066297,0,0,-0.025727541121889574,MSFT,US,Technology
2025-03-07,262.36,253.69,252.17,252.84,9496882,261.538,265.197,258.329,243.843,260.64224789153485,255.24488724546347,47.60943806271345,28.678206136900016,5.397360646071377,6.56800640859857,-1.1706457625271929,258.329,9.102976320672916,276.53495264134585,240.12304735865416,0.34925260137490144,0.14095167512184362,6.737857142857142,12076594.1,0.7863873816552813,-52875255.0,-0.03055864422376442,0.006011707008361013,-0.0362860192101072,-0.03000076728305079,0.057244407275768294,-0.05370709981660993,10.262257696303285,39.47443454814654,0,1,-0.007119126720455671,MSFT,US,Technology
2025-03-10,253.1,255.77,252.69,254.06,13828270,259.678,263.76200000000006,258.96549999999996,244.08120000000002,259.62959436976024,255.1571178141557,52.210216110019644,21.616947686986535,4.472476555604544,6.148900437999766,-1.6764238823952216,258.96549999999996,8.25761242095627,275.4807248419125,242.45027515808744,0.35148552177436265,0.12754768370187347,6.545,12175517.05,1.1357438708737324,-39046985.0,0.004825185888308825,0.012123120522663502,0.0037929672066227384,-0.05346298573078512,0.05274934736667625,-0.03531287970838404,7.784184513682755,19.533788097100956,0,1,-0.033377942218373535,MSFT,US,Technology
2025-03-11,252.31,255.22,253.84,254.45,13657034,257.86,261.733,259.4675,244.36899999999997,258.83273369748946,255.10473871365127,49.62899050905953,27.37430167597752,3.7279949838381867,5.66471934716745,-1.9367243633292635,259.4675,7.605614875312381,274.6787297506247,244.2562702493752,0.33507250621439844,0.1172495958111604,6.307857142857143,12020452.95,1.1361496043999237,-25389951.0,0.0015350704557977046,0.005423462369795921,0.008481629741157721,-0.07385164155201285,0.04107851560901765,-0.03449191773544824,9.390444810156906,9.145629006714307,0,0,-0.03647081941442332,MSFT,US,Technology
2025-03-12,255.21,255.12,252.62,253.73,10461882,255.17800000000003,260.08000000000004,259.768,244.7646,258.0476977440295,255.00290621065616,47.09004068636122,25.75383094414221,3.044791533373342,5.140733784408629,-2.0959422510352868,259.768,7.226309096481308,274.2206181929626,245.31538180703737,0.2911105129992579,0.11127327609949635,5.910000000000001,11950128.65,0.875461798860065,-35851833.0,-0.002829632540774174,0.00985299333933767,-0.005799145801474155,-0.06116332420631987,0.02426126271596951,-0.05019839784382718,6.425041185896836,7.866556836578822,0,0,-0.046979072242147146,MSFT,US,Technology
2025-03-13,255.18,254.89,253.47,254.1,3045144,253.836,259.12199999999996,259.90250000000003,245.111,257.44035962956343,254.93602426566724,43.841532106646596,11.647058823529363,2.504335363896189,4.613454100306141,-2.109118736409952,259.90250000000003,7.086234153178813,274.0749683063577,245.73003169364242,0.2952897168345617,0.10905988442822288,5.462142857142857,11255995.8,0.27053525814790563,-32806689.0,0.0014582430142278113,0.005588351042874456,-0.004232306607084333,-0.03633191747572817,0.010699653951712351,-0.025727541121889574,7.9489291594749485,7.921471718509554,0,0,-0.07091696182605267,MSFT,US,Technology
2025-03-14,253.69,256.3,246.83,251.04,13989144,253.47599999999997,257.50699999999995,259.95950000000005,245.3938,256.4556889173229,254.64742986179854,32.11859172328592,14.420975965039986,1.8082590555243598,4.0524150913497845,-2.2441560358254247,259.95950000000005,7.005668738505826,273.9708374770117,245.94816252298838,0.18170419080919517,0.10779631040187222,5.486428571428571,11420709.35,1.2248926355093142,-46795833.0,-0.012042502951593925,0.037723072020244885,-0.010445819701168986,-0.06044387888768299,0.004561824729891972,-0.007119126720455671,14.213369344557222,9.529113229976327,0,0,-0.05154557042702357,MSFT,US,Technology
2025-03-17,250.27,248.29,243.41,245.58,7180497,251.78000000000003,255.72899999999998,259.4425,245.5582,254.78250600696552,253.97576836077423,19.433962264150892,17.647058823529363,0.8067376461912943,3.4032796023180865,-2.596541956126792,259.4425,7.669540489219908,274.7815809784398,244.10341902156017,0.04813133787047445,0.11824647834013859,5.45714285714286,10855073.0,0.6614876139950773,-53976330.0,-0.021749521988527643,0.01987132502638702,-0.01873976105798241,-0.06751215066828675,-0.04040325101594233,-0.033377942218373535,6.819610307768128,9.660636270600092,0,0,-0.030499226321361705,MSFT,US,Technology
2025-03-18,245.2,245.74,244.72,245.17,15460116,249.92399999999998,253.892,259.13300000000004,245.7638,253.3036589289708,253.32348919616075,21.24684849873934,7.300672430355334,-0.019830267189945516,2.71865762841648,-2.7384878956064256,259.13300000000004,8.124287239991526,275.3815744799831,242.88442552001698,0.0703315383982861,0.12540721930375798,4.891428571428575,10696213.65,1.4453819884775778,-69436446.0,-0.0016695170616500832,0.0041603785128516944,-0.000122349102772752,-0.0697047886468849,-0.02462603437301092,-0.03647081941442332,7.166123778209802,9.399701143511708,0,0,-0.02202553330342205,MSFT,US,Technology
2025-03-19,245.49,244.25,239.86,241.81,3979642,247.53999999999996,251.35899999999998,258.47950000000003,245.86579999999998,251.53540370912913,252.4706381121743,22.9398663697104,2.765321375186886,-0.9352344030451718,1.9878792221241497,-2.9231136251693215,258.47950000000003,8.966410697122273,276.4123213942446,240.5466786057555,0.035223720976074256,0.13875623710333065,4.713571428571429,10419457.1,0.38194327975655473,-73416088.0,-0.01370477627768485,0.018154749596715734,-0.014990427308586974,-0.0948191959272291,-0.051279033270558716,-0.046979072242147146,6.937033084064807,6.974255723347571,0,0,-0.022290227864852685,MSFT,US,Technology
2025-03-20,242.51,240.32,232.69,236.08,14135915,243.936,248.88599999999997,257.4325,245.88739999999999,249.15764929234,251.25651672779864,13.511611541168122,2.011963023382293,-2.0988674354586294,1.1705298906075938,-3.2693973260662235,257.4325,10.273156576857359,277.9788131537147,236.88618684628528,-0.019618771509863225,0.1596248581949436,5.0807142857142855,10099444.05,1.399672450319436,-87552003.0,-0.02369629047599353,0.03231955269386511,-0.026514370541311554,-0.09481998389632296,-0.08147225896817356,-0.07091696182605267,9.608843537142642,7.904000133139074,0,1,-0.007624534056252186,MSFT,US,Technology
2025-03-21,237.35,238.15,238.06,238.1,8882787,241.348,247.41200000000003,256.3045,245.9554,247.45647247813383,250.28195990138647,19.059284664380115,10.079840319361196,-2.825487423252639,0.37132642783554703,-3.1968138510881863,256.3045,11.104997203724722,278.51449440744943,234.09450559255058,0.09017324214219,0.17330943785507297,4.895714285714283,10000656.4,0.888220308396926,-78669216.0,0.008556421552016191,0.0003779924401496238,0.0031598904571175064,-0.05829773769973112,-0.08654952812092387,-0.05154557042702357,15.334467119746735,10.626781246984718,0,0,-0.029945401091978185,MSFT,US,Technology
2025-03-24,239.41,241.98,234.98,238.09,14975072,239.85,245.81499999999997,254.78850000000003,246.09720000000002,246.01547671226706,249.37885173329124,18.696186961869515,11.889346674514343,-3.363375021024183,-0.3756138619363992,-2.9877611590877837,254.78850000000003,11.430241639937744,277.6489832798755,231.92801672012453,0.13477368794659755,0.17944674331679614,5.185714285714283,10227207.9,1.4642384003713858,-93644288.0,-4.199916001679238e-05,0.029400646814106427,-0.005513554153938765,-0.0628591671258758,-0.11296151410156108,-0.030499226321361705,15.30612244854575,13.4164777018117,0,0,-0.04195892309630811,MSFT,US,Technology
2025-03-25,239.37,241.71,238.21,239.77,6294839,238.76999999999998,244.34699999999998,253.04000000000002,246.35280000000003,245.05463414114902,248.66708491834564,14.665633875548636,28.009084027252044,-3.6124507771966137,-1.0229812449884423,-2.589469532208171,253.04000000000002,10.879014080716173,274.79802816143234,231.28197183856767,0.1950550872133469,0.171973033206974,5.12785714285714,10226540.55,0.6155393755770737,-87349449.0,0.00705615523541514,0.014597322433938369,0.0016710531812605366,-0.057693063470229844,-0.12728397757880172,-0.02202553330342205,22.0423412197372,17.56097692934322,0,0,-0.04504316636776917,MSFT,US,Technology
2025-03-26,241.25,239.01,234.35,236.42,7340130,237.692,242.61599999999999,251.348,246.44480000000004,243.72622888866456,247.75989341944302,15.888111888111837,22.910216718266227,-4.033664530778452,-1.6251179021464444,-2.408546628632008,251.348,10.689750920243336,272.7275018404867,229.96849815951333,0.15088054643346438,0.17011873450675258,4.8342857142857145,10160772.0,0.7223987781244596,-94689579.0,-0.013971722901113703,0.019710684375180976,-0.020020725388518103,-0.06822212588184295,-0.12521275808480725,-0.022290227864852685,15.798390511825513,17.715618060036146,0,0,-0.04204382031976994,MSFT,US,Technology
2025-03-27,237.13,235.35,233.43,234.28,30686130,237.33199999999997,240.63400000000001,249.878,246.52540000000002,242.2729629057931,246.76138277186195,18.983957219251295,24.782317481580662,-4.488419866068853,-2.197778294930927,-2.2906415711379258,249.878,10.92357450654328,271.72514901308654,228.03085098691344,0.14301978279180216,0.17486252501620086,4.430714285714283,10957480.15,2.800472990090428,-125375709.0,-0.009051687674477615,0.008195321837082945,-0.012018723906667127,-0.07800078709169611,-0.111498786407767,-0.007624534056252186,6.734434561341203,14.858388764301296,0,0,-0.02723237152125657,MSFT,US,Technology
2025-03-28,232.66,231.14,230.84,230.97,6603560,235.906,238.627,248.067,246.5152,240.53404553567108,245.59165068874242,13.933145891908737,29.576338928856856,-5.057605153071336,-2.769743666559009,-2.287861486512327,248.067,10.90479812308632,269.87659624617265,226.25740375382736,0.10803951143505486,0.1758363365226711,4.456428571428568,11028280.65,0.5987841269904455,-131979269.0,-0.014128393375448245,0.0012988699831089929,-0.007263818447488756,-0.07994741873804967,-0.13555896553014712,-0.029945401091978185,0.5106048703648444,7.681143314510511,0,0,-0.007316967571546096,MSFT,US,Technology
2025-03-31,230.84,232.24,224.78,228.1,7025676,233.908,236.879,246.304,246.446,238.62111545326013,244.2959728333374,11.800521890403004,12.574850299401248,-5.67485738007727,-3.3507664092626617,-2.3240909708146087,246.304,11.149745524592166,268.60349104918436,224.00450895081568,0.0918292493774716,0.181072910298605,4.890714285714283,10687679.25,0.6573621062437754,-139004945.0,-0.012425856171797256,0.03270495396741475,-0.011869693294005109,-0.07117843472595498,-0.1338851761846902,-0.04195892309630811,10.532994923523674,5.926011451743231,1,0,0.037308198158702455,MSFT,US,Technology
2025-04-01,228.42,229.69,228.4,228.97,8708452,231.748,235.25900000000001,244.57549999999998,246.42100000000002,237.13632846045087,243.16071556483578,14.260969976905315,17.93248945147684,-6.024387104384914,-3.8854905482871125,-2.1388965560978015,244.57549999999998,11.015905474406505,266.607310948813,222.54368905118696,0.14584164151547926,0.18016367909887082,4.825714285714284,10527890.8,0.8271790939188793,-130296493.0,0.0038141166155194473,0.005633925841788698,0.002407845197432815,-0.06607659991026626,-0.13117553312590124,-0.04504316636776917,13.293147207700079,8.112249000529523,1,1,0.01270908852688124,MSFT,US,Technology
2025-04-02,228.58,229.58,224.0,226.48,5997278,229.76,233.72600000000003,242.54250000000002,246.37740000000002,235.4968933126892,241.92510698272204,12.431991294885734,5.788423153692634,-6.4282136700328465,-4.39403517263626,-2.034178497396587,242.54250000000002,10.365128721876104,263.2727574437522,221.8122425562478,0.11258320009543328,0.17094123663825286,5.122857142857143,10253318.65,0.5849108586017797,-136293771.0,-0.010874787090011884,0.024637937124582194,-0.009187155481629345,-0.06339688184938597,-0.15220483641536275,-0.04204382031976994,7.67801857561365,10.501386902279124,1,1,0.038590604026845776,MSFT,US,Technology
2025-04-03,227.41,228.52,227.41,227.9,18134450,228.484,232.90800000000004,240.897,246.31439999999998,234.32814049535241,240.88621015225004,17.055808656036476,17.480916030534488,-6.558069656897629,-4.826842069488534,-1.7312275874090952,240.897,9.91498021337353,260.72696042674704,221.06703957325294,0.17228880642036837,0.1646343493415421,4.592142857142859,10994145.0,1.649464178481894,-118159321.0,0.00626986930413298,0.004870557261935687,0.002154698562059076,-0.034649271433412454,-0.12618381197039985,-0.02723237152125657,16.055990118729714,12.342385300681139,1,1,0.0316366827555945,MSFT,US,Technology
2025-04-04,227.53,229.5,229.09,229.28,23690917,228.14600000000002,232.02599999999998,239.719,246.29600000000002,233.55150349606743,240.0264908687353,23.743556701030926,29.740680713128086,-6.474987372667869,-5.156471130124402,-1.3185162425434669,239.719,9.82048230137347,259.3599646027469,220.07803539725305,0.23425439607038798,0.1638665654592669,4.161428571428573,11703846.75,2.0241990075443352,-94468404.0,0.006055287406757426,0.0017882065596572243,0.007691293455774222,-0.03704325913481732,-0.09318145862996363,-0.007316967571546096,24.287028517742083,16.007012404028472,1,1,0.026125261688764834,MSFT,US,Technology
2025-04-07,228.31,237.28,236.07,236.61,7032428,229.848,231.87800000000001,238.84650000000002,246.43059999999997,234.02204141974934,239.77341746751398,38.724973656480536,67.23716381418093,-5.751376047764637,-5.27545211365245,-0.4759239341121875,238.84650000000002,9.237144851089614,257.32078970217924,220.3722102978208,0.4394699326335762,0.15469592145668346,4.660000000000001,11364054.65,0.618830830875067,-87435976.0,0.03196964410327996,0.005113900511368471,0.036354079978816775,-0.006216136755008539,-0.06868456270172396,0.037308198158702455,62.27160493519653,34.20487452388943,0,0,-0.026372511728160353,MSFT,US,Technology
2025-04-08,238.16,232.04,231.76,231.88,4218877,230.43,231.08900000000003,237.71800000000002,246.465,233.6924965859417,239.18871986976075,37.37604881769642,60.37321624588362,-5.496223283819035,-5.319606347685768,-0.176616936133267,237.71800000000002,8.586294832311589,254.8905896646232,220.54541033537683,0.3300198131340448,0.1444786651793381,4.627142857142862,10892146.8,0.38733196404110487,-91654853.0,-0.01999070199907027,0.0012075211316146008,-0.026368827678760635,-0.03290653542978694,-0.08870112006288067,0.01270908852688124,43.82647385740676,43.461702436781785,0,1,-0.012549594617905835,MSFT,US,Technology
2025-04-09,232.59,236.38,234.3,235.22,17967664,232.17800000000003,230.969,236.79250000000002,246.4796,233.92749711118145,238.89474061662602,48.835950189496465,65.10391493475106,-4.967243505444571,-5.249133779237528,0.28189027379295695,236.79250000000002,7.72381680599978,252.24013361199957,221.34486638800047,0.4491022366290581,0.13047401089083743,4.297142857142861,11267435.9,1.5946540601438823,-73687189.0,0.014404002070036226,0.008842785477387729,0.01130745087918091,-0.005075712714660341,-0.07295156268474356,0.038590604026845776,62.402669629454834,56.166916140686034,0,0,-0.014667120142844992,MSFT,US,Technology
2025-04-10,235.46,236.42,234.07,235.11,17405397,233.62000000000003,231.052,235.843,246.43920000000003,234.1094206325382,238.6143894567283,45.73222951755641,73.56635718186786,-4.504968824190115,-5.100300788228046,0.5953319640379311,235.843,6.564416918028445,248.97183383605687,222.7141661639431,0.47208434467123206,0.11133537002159248,4.317142857142861,11985448.55,1.4522106098223073,-91092586.0,-0.0004676473089022526,0.009995321338905188,-0.0014864520512974937,0.0035427693358374146,-0.07473435655253835,0.0316366827555945,61.79087875073477,56.006674079198774,0,0,-0.014588915826634352,MSFT,US,Technology
2025-04-11,236.1,238.86,232.4,235.27,15080683,234.81800000000004,231.48200000000003,235.05449999999996,246.37040000000002,234.2879713044554,238.36665690183295,45.99204093234793,71.61290322580645,-4.078685597377557,-4.895977750057948,0.8172921526803911,235.05449999999996,5.504470408104555,246.06344081620907,224.04555918379086,0.5097874992284892,0.09367138953870079,4.278571428571433,12040025.5,1.2525456650780626,-76011903.0,0.0006805325166943099,0.02745781442586199,-0.003515459551022739,0.01861713642464391,-0.06281867431485011,0.026125261688764834,63.63636363277041,62.60997067098666,0,0,-0.013176350575934137,MSFT,US,Technology
2025-04-14,236.4,230.43,230.32,230.37,17829257,233.57,231.709,234.294,246.2398,233.68520648838535,237.7743119405069,37.760416666666686,52.649489547885274,-4.089105452121544,-4.734603290470668,0.6454978383491241,234.294,5.001451789232314,244.29690357846465,224.29109642153537,0.3038569516579223,0.08538762049751121,4.3735714285714336,12572463.5,1.4181194943918911,-93841160.0,-0.02082713478131515,0.0004774927290859754,-0.025507614213090075,0.009951775537045293,-0.0619350109943807,-0.026372511728160353,42.438374414228015,55.95520559924439,1,1,0.004254026131874866,MSFT,US,Technology
2025-04-15,230.73,232.81,225.91,228.97,6480660,232.988,231.709,233.48399999999998,246.17520000000002,232.95979010555683,237.12214067991022,39.78052126200278,23.907103825136602,-4.162350574353383,-4.620152747247211,0.4578021728938282,233.48399999999998,4.426067994818043,242.33613598963606,224.6318640103639,0.24503328882826003,0.07582648909217052,4.4792857142857185,12123490.7,0.534553918983588,-100321820.0,-0.00607718018839265,0.030134952177009525,-0.007627963420415044,0.0,-0.06607659991026626,-0.012549594617905835,33.445491249431626,46.506743098810006,1,1,0.029086779927501416,MSFT,US,Technology
2025-04-16,226.42,235.93,228.43,231.77,9192030,232.298,232.238,232.98200000000003,246.0952,232.7767454739327,236.7256858114984,46.61816222042579,49.5672698662471,-3.948940337565716,-4.485910265310912,0.5369699277451963,232.98200000000003,3.9788051631528716,240.93961032630577,225.0243896736943,0.4238464846401617,0.06831094527707363,4.801428571428578,12384110.1,0.7422438256388059,-91129790.0,0.012228676245796377,0.03235966691102231,0.023628654712376976,0.023357470858353935,-0.04152020181133942,-0.014667120142844992,52.288021530801636,42.72396239815375,1,0,0.017215342796738087,MSFT,US,Technology
2025-04-17,231.05,234.46,229.46,231.68,5005464,231.612,232.61599999999999,232.762,245.9398,232.60801540102,236.3519313041206,51.047506639126595,31.289640591966233,-3.7439159031006,-4.3375113928688505,0.5935954897682505,232.762,3.919697356740362,240.60139471348072,224.92260528651929,0.43098956998744026,0.06735974698144058,4.912857142857149,11927587.55,0.41965431478603443,-96135254.0,-0.00038831600293398605,0.02158149171261403,0.0027266825362357444,0.016586222027204833,-0.018637749915282997,-0.014588915826634352,51.68236877175758,45.80529385066361,0,1,-0.014804903314917128,MSFT,US,Technology
2025-04-18,231.2,233.65,230.98,232.17,4920960,230.99200000000002,232.90500000000003,232.46549999999996,245.80020000000002,232.54062841624773,236.04215861276055,56.45826721675657,35.06097560975597,-3.5015301965128174,-4.1703151535976435,0.6687849570848261,232.46549999999996,3.7135207793903517,239.89254155878066,225.03845844121926,0.48010647993946365,0.06389801117799203,4.570714285714293,11729496.2,0.4195371648155558,-91214294.0,0.0021149861878451137,0.011500193823441944,0.004195501730085655,0.012604675505931473,-0.02490550188996221,-0.013176350575934137,54.979811570997185,52.983400624518794,0,1,-0.026273851057414754,MSFT,US,Technology
2025-04-21,231.13,232.77,230.22,231.35,16332153,231.18800000000002,232.379,232.12849999999997,245.60060000000001,232.35745481374806,235.69459130586142,53.78258105530832,31.333333333333258,-3.337136492113359,-4.003679421300786,0.6665429291874272,232.12849999999997,3.4743606378903844,239.07722127578074,225.1797787242192,0.44398249911409143,0.05986960908075343,4.639285714285721,11797350.25,1.384391517545093,-107546447.0,-0.003531894732308194,0.011022260643998225,0.0009518452818718774,-0.022230674950340257,-0.028308622789701365,0.004254026131874866,49.461641988596035,52.04127411045025,0,0,-0.05065917441106549,MSFT,US,Technology
2025-04-22,231.56,238.72,233.17,235.63,7146540,232.51999999999998,232.754,231.9215,245.425,232.86092330394067,235.68980676465782,63.7593984962406,76.61943319838053,-2.828883460717151,-3.768720229184059,0.939836768466908,231.9215,3.0980762706822333,238.11765254136446,225.72534745863555,0.7992582876586249,0.05343318787898266,4.767142857142864,11839935.3,0.6035961527934909,-100399907.0,0.018500108061378917,0.023553876840709833,0.017576438072129975,0.01617215801276517,-0.01726654710764486,0.029086779927501416,75.05791505211897,59.83312287057072,0,0,-0.11182786572168224,MSFT,US,Technology
2025-04-23,236.91,235.88,235.67,235.76,31260986,233.31800000000004,232.808,231.88850000000002,245.18579999999997,233.3069351033344,235.69500626360093,62.296620775969934,89.43089430894311,-2.38807116026652,-3.492590415400551,1.104519255134031,231.88850000000002,3.0507915711407283,237.9900831422815,225.78691685771855,0.8172537281639913,0.05262514650148806,4.63928571428572,13035978.1,2.398054320292674,-69138921.0,0.0005517124305054466,0.000890736342039011,-0.004854164028513577,0.0022957231527931388,-0.002791641993063143,0.017215342796738087,76.06177605590243,66.86044436553914,0,0,-0.11863759755683745,MSFT,US,Technology
2025-04-24,235.24,228.39,228.14,228.25,10377864,232.63199999999998,232.12199999999999,231.58700000000005,244.72259999999997,232.5289450874368,235.14352431531475,48.647939091625105,36.78678678678671,-2.614579227877954,-3.3169881778960315,0.7024089500180777,231.58700000000005,3.0995807865982146,237.78616157319647,225.38783842680363,0.23085069966080363,0.05353635198149854,5.06928571428572,12020564.8,0.8633423894239654,-79516785.0,-0.031854428232100385,0.0010952902519119595,-0.02971433429676201,-0.029177831653268704,-0.02573843264469866,-0.014804903314917128,18.069498068102742,56.39639639204137,0,0,-0.0702738225629792,MSFT,US,Technology
2025-04-25,227.07,226.67,225.59,226.07,7259948,231.41199999999998,231.202,231.342,244.24599999999998,231.53526122783114,234.47141139987085,34.001214329083155,31.79753406878642,-2.936150172039703,-3.2408205767247664,0.30467040468506346,231.342,3.335587378245719,238.01317475649145,224.67082524350857,0.1048671941193771,0.057673701761570335,4.6878571428571485,12053384.2,0.6023161028654423,-86776733.0,-0.009550930996714113,0.004777281373004852,-0.004403928304027816,-0.03910400816083659,-0.021214876390873272,-0.026273851057414754,3.6171816123874723,32.582818578797536,0,0,-0.05980448533640015,MSFT,US,Technology
2025-04-28,228.15,219.82,219.49,219.63,14902480,229.06799999999998,230.12800000000001,230.9185,243.52020000000002,229.70368257739554,233.37204758762903,32.323232323232304,20.646067415730343,-3.6683650102334866,-3.3263294634265104,-0.34203554680697623,230.9185,4.195674809286451,239.30984961857288,222.5271503814271,-0.17262720020877878,0.07267801946172828,4.811428571428574,12447224.4,1.197253164548623,-101679213.0,-0.028486751891007245,0.0015025269771819952,-0.037343852728304476,-0.04662065373095459,-0.037132836475230135,-0.05065917441106549,0.7227671656828015,7.469815615390996,0,0,-0.04839958111369114,MSFT,US,Technology
2025-04-29,219.18,210.11,208.62,209.28,24611560,223.798,228.15899999999996,229.93400000000003,242.67860000000002,226.5615775654885,231.58745146274615,18.867018722995667,14.276464875364184,-5.0258738972576396,-3.6662383501927365,-1.359635547064903,229.93400000000003,6.405233386603535,242.7444667732071,217.12353322679294,-0.30613768277715875,0.11142733804614688,5.276428571428574,13242379.8,1.8585449528833968,-126290773.0,-0.04712470973910665,0.007119648318008837,-0.04516835477668965,-0.08599379831418963,-0.08599379831418963,-0.11182786572168224,2.1825396824674965,2.1741628201792476,0,1,-0.014573776758409873,MSFT,US,Technology
2025-04-30,208.11,207.95,207.67,207.79,12751521,218.204,225.76099999999997,228.99949999999998,241.73680000000002,223.67364255541335,229.82467727366148,18.262081784386595,0.4626334519572737,-6.151034718248127,-4.163197623803815,-1.9878370944443118,228.99949999999998,8.080105832424298,245.15971166484857,212.8392883351514,-0.1562259344033934,0.14113752794026208,5.223571428571432,13580091.95,0.9389862828589844,-139042294.0,-0.007119648318042904,0.0013475143173331424,-0.001537648359033607,-0.10346464167062186,-0.08252384316495942,-0.11863759755683745,0.38473869828841634,1.0966818488128953,1,1,0.01049136147071561,MSFT,US,Technology
2025-05-01,208.02,214.3,210.54,212.21,5441270,214.996,223.814,228.215,240.84060000000002,221.91000523919593,228.51988635993752,25.623678646934465,13.646187094782377,-6.609881120741591,-4.652534323191371,-1.95734679755022,228.215,8.911387451783778,246.03777490356757,210.39222509643244,0.050995844175552876,0.15619284362105443,5.227142857142861,12945432.95,0.4203234917435889,-133601024.0,0.021271476009432577,0.017718297912361815,0.02014229401009449,-0.08403832872928174,-0.0688459850811759,-0.0702738225629792,14.621578099368126,5.729618826708003,0,0,-0.007351208708354928,MSFT,US,Technology
2025-05-02,212.62,213.27,211.97,212.55,12038218,212.292,221.852,227.37849999999997,239.8784,220.47000443316577,227.3369318109258,29.153018249883033,18.87390959555914,-6.866927377760021,-5.095412934105101,-1.7715144436549197,227.37849999999997,9.567233156099963,246.5129663121999,208.24403368780006,0.11251858927839557,0.16830497441152764,4.966428571428575,12362798.0,0.9737453468263942,-121562806.0,0.001602186513359527,0.006116207951041615,-0.0003292258489307871,-0.08450704225352101,-0.07296755059316118,-0.05980448533640015,15.71658615086266,10.240967649506391,0,0,-0.007339449541284404,MSFT,US,Technology
2025-05-05,211.87,213.32,205.54,209.0,19893322,210.166,219.61700000000002,225.998,238.6902,218.7053883665249,225.9786405615988,27.756738694586772,17.901466716810887,-7.273252195073923,-5.5309807862988665,-1.7422714087750562,225.998,10.139916225129937,246.27783245025987,205.71816754974012,0.08091369734509113,0.17946913202922274,5.029285714285718,13005842.7,1.5295679741253543,-141456128.0,-0.01670195248176909,0.03722488038259702,-0.013546042384417136,-0.09660687270369572,-0.11668991166899123,-0.04839958111369114,10.427968655502495,13.58871096857775,1,1,0.009617224880382746,MSFT,US,Technology
2025-05-06,209.75,206.36,206.12,206.23,7814372,209.55599999999998,216.677,224.71549999999996,237.32,216.786097848598,224.51577829371485,21.533660276415503,20.767888307155374,-7.7296804451168555,-5.970720718062465,-1.7589597270543909,224.71549999999996,10.946808943827168,246.6091178876543,202.82188211234563,0.07783359299191794,0.19485632177181286,4.699285714285717,13185617.45,0.5926435706927345,-149270500.0,-0.013253588516746406,0.0011637492120392056,-0.016781883194198943,-0.12477188812969486,-0.11061756080731411,-0.014573776758409873,2.0795660035539543,9.408040269973027,1,1,0.024632691654948413,MSFT,US,Technology
2025-05-07,205.77,210.42,209.6,209.97,6792126,209.99200000000002,214.098,223.45299999999997,236.1142,215.73746741035217,223.43831323215102,27.623170480313334,52.115266707541366,-7.7008458217988505,-6.316745738809742,-1.3841000829891081,223.45299999999997,11.126135707850132,245.70527141570022,201.20072858429972,0.19704216373426064,0.1991673543483477,4.641428571428575,12626840.55,0.5379117155390296,-142478374.0,0.01813509188769835,0.003905319807572929,0.02041113864984972,-0.1093909060061079,-0.10734631408893802,0.01049136147071561,13.351416515571104,8.619650391542509,1,1,0.019621850740582092,MSFT,US,Technology
2025-05-08,209.09,211.67,209.84,210.65,16623361,209.68,212.33800000000002,222.23000000000002,235.05360000000002,214.95478011645184,222.49103076825517,27.90554414784397,59.225806451612904,-7.5362506518033285,-6.560646721408459,-0.9756039303948691,222.23000000000002,11.121680107837925,244.47336021567588,199.98663978432415,0.23969760216177277,0.2001832355269385,4.581428571428573,12587738.75,1.320599355416448,-125855013.0,0.0032385578892222266,0.008687396154717763,0.007460902003886084,-0.0771084337349397,-0.10403640848964313,-0.007351208708354928,15.400843881392419,10.27727546683915,1,1,0.025777355803465518,MSFT,US,Technology
2025-05-09,210.82,212.35,209.91,210.99,10724908,209.36800000000002,210.83,221.01600000000002,233.9296,214.34481394469,221.6391025613214,28.88842803815848,44.65849387040282,-7.294288616631405,-6.707375100453048,-0.586913516178357,221.01600000000002,10.947154593054616,242.91030918610926,199.12169081389078,0.271036393177639,0.19812420083623064,4.573571428571428,12369950.0,0.8670129736164679,-115130105.0,0.0016140517446001645,0.01156452912454824,0.0008063751067223677,-0.06670500287521552,-0.10320057805925109,-0.007339449541284404,16.425557564303077,15.059272653755523,1,1,0.028342575477510623,MSFT,US,Technology
2025-05-12,211.73,213.14,209.3,211.01,5762169,209.76999999999998,209.96800000000002,220.04799999999994,232.88260000000002,213.83176564550692,220.85176162924625,21.99727024567791,43.063063063062984,-7.019995983739335,-6.769899277110306,-0.25009670662902916,220.04799999999994,10.932438260324943,241.91287652064983,198.18312347935006,0.2933214945952816,0.19872824584227558,4.321428571428569,11766595.6,0.4897056639130469,-109367936.0,9.47912223328018e-05,0.018198189659171495,-0.0034005573135436565,-0.039247825888995114,-0.08403872031948612,0.009617224880382746,18.02900461377623,16.618468686490566,1,1,0.013079948817591669,MSFT,US,Technology
2025-05-13,210.4,211.71,211.0,211.31,8270639,210.786,210.171,219.16500000000002,231.838,213.4438017000443,220.14496447018865,22.29775662814417,64.71337579617831,-6.70116277014435,-6.756151975717115,0.05498920557276499,219.16500000000002,10.886985712067636,240.9389714241353,197.39102857586474,0.31962408585663904,0.19869934911172799,4.354285714285713,11856094.55,0.6975853867844376,-101097297.0,0.0014217335671296016,0.003359992428170214,0.004325095057013648,0.00969992354740068,-0.07712800803598718,0.024632691654948413,25.251641136750525,19.902067771609936,1,1,0.020349249917183343,MSFT,US,Technology
2025-05-14,211.63,215.87,212.66,214.09,6853461,211.60999999999999,210.80100000000002,218.281,230.77700000000002,213.5432168231144,219.6964485827232,32.0304568527919,100.0,-6.153231759608815,-6.635567932495456,0.4823361728866411,218.281,10.521264632814491,239.323529265629,197.23847073437102,0.40041596360647513,0.19280220693081473,4.135714285714284,11739166.1,0.5838115210064605,-94243836.0,0.013156026690644085,0.014993694240669878,0.011624060860881653,0.030319072140141623,-0.07628252146524572,0.019621850740582092,40.46379554943386,27.914813766653527,0,0,-0.002382175720491375,MSFT,US,Technology
2025-05-15,214.0,216.61,215.65,216.08,11596686,212.696,211.18800000000002,217.50100000000003,229.88240000000002,213.93349115801985,219.42856350208746,37.26090283091053,100.0,-5.495072344067609,-6.407468814809888,0.9123964707422791,217.50100000000003,10.04302947584349,237.58705895168703,197.41494104831304,0.4646272072614499,0.18469854346963593,4.1257142857142854,12068727.2,0.9608871629075216,-82647150.0,0.009295156242701719,0.004442798963326384,0.00971962616817894,0.01823665237264982,-0.06733425414364635,0.025777355803465518,73.80952380435521,46.50832016351319,1,0,0.005784894483524594,MSFT,US,Technology
2025-05-16,218.84,217.21,216.78,216.97,10563739,213.892,211.62999999999997,216.74100000000004,229.165,214.40064636447832,219.24644768684482,46.04872251931077,100.0,-4.845801322366498,-6.09513531632121,1.2493339939547123,216.74100000000004,9.431014847441494,235.60302969488302,197.87897030511706,0.5060703965373359,0.17405133034170692,3.7364285714285717,12350866.15,0.8553034270148392,-72083411.0,0.004118844872269545,0.001981840807475803,-0.008545055748453023,0.020795107033639182,-0.06546926820864019,0.028342575477510623,97.94344472168429,70.73892135849111,0,0,-0.016546066276443727,MSFT,US,Technology
2025-05-19,216.28,216.78,211.36,213.77,17775277,214.44400000000002,212.10699999999997,215.862,228.3592,214.3036238468663,218.8407848946632,58.468502451904946,65.14161220043577,-4.5371610477969,-5.783540462616349,1.2463794148194491,215.862,8.795596745263753,233.4531934905275,198.2708065094725,0.4405384290279389,0.16298555086533073,3.3507142857142855,12423022.35,1.4308334210770037,-89858688.0,-0.014748582753375983,0.02535435280897522,-0.011605326428649832,0.022822966507177078,-0.07598876161659818,0.013079948817591669,70.52270779172905,80.7585587725895,0,1,-0.002993871918417046,MSFT,US,Technology
2025-05-20,215.11,216.94,214.55,215.61,14259418,215.304,213.045,214.86100000000002,227.5824,214.50460479350227,218.60146749475072,64.55696202531647,70.909090909091,-4.096862701248455,-5.446204910342771,1.3493422090943161,214.86100000000002,7.466196029969135,229.7933920599383,199.92860794006174,0.5250797057989252,0.13899583507354785,3.462142857142855,12778666.25,1.1158767750212761,-75599270.0,0.00860738176544884,0.011084829089508379,0.002324392171436361,0.04548319837075132,-0.08496371429783978,0.020349249917183343,86.28963152645339,84.91859467995558,0,0,-0.010760168823338523,MSFT,US,Technology
2025-05-21,215.56,213.74,213.45,213.58,4575967,215.202,213.406,213.752,226.7794,214.36235790219422,218.22950693914106,52.79934613812833,58.915946582875144,-3.8671490369468415,-5.130393735663585,1.2632446987167434,213.752,5.616764005614803,224.9855280112296,202.51847198877041,0.49234434630329843,0.10510805055556945,3.15142857142857,11444415.3,0.39984276000166125,-80175237.0,-0.00941514772042118,0.0013578050379186378,-0.009185377621037319,0.017192932323665255,-0.09407872412622997,-0.002382175720491375,68.89460153651297,75.23564695156513,0,0,-0.020273433842120103,MSFT,US,Technology
2025-05-22,213.46,218.36,216.51,217.33,12256793,215.452,214.074,213.206,226.044,214.81891822493355,218.1628767954275,58.57245337159253,61.82481751824822,-3.343958570493953,-4.773106702629659,1.4291481321357056,213.206,4.565664072299487,222.33732814459896,204.07467185540102,0.7258160003653733,0.08565732807290732,3.3999999999999977,11538361.75,1.0622644880877923,-67918444.0,0.017557823766270353,0.008512400496901074,0.018129860395305324,0.03171136957037746,-0.04784227820372389,0.005784894483524594,91.96567861997148,82.38330389431259,0,0,-0.010951088206874404,MSFT,US,Technology
2025-05-23,218.05,216.27,211.08,213.38,15659084,214.734,214.31300000000002,212.57150000000001,225.2908,214.5975461903284,217.80858962503413,57.743988684582725,41.37931034482753,-3.2110434347057435,-4.460694049044876,1.2496506143391324,212.57150000000001,3.422498740922084,219.41649748184417,205.72650251815585,0.559057728040471,0.06440183638739869,3.2907142857142833,11958318.55,1.3094719483390957,-83577528.0,-0.018175125385358704,0.024322804386426446,-0.021417106168211873,0.011327551068770925,-0.05613305613305608,-0.016546066276443727,59.31372548535007,73.39133521394483,1,0,0.0307901396569501,MSFT,US,Technology
2025-05-26,214.25,216.9,210.11,213.13,12560095,214.606,214.525,212.24650000000003,224.6418,214.3717698533548,217.46202743025952,63.39285714285714,37.217043941411454,-3.090257576904719,-4.186606754616845,1.096349177712126,212.24650000000003,2.9994162151347985,218.24533243026963,206.24766756973042,0.5736393297942666,0.05652703276842103,3.569999999999997,11841199.3,1.0607113030593698,-96137623.0,-0.0011716187084075402,0.03185849012324935,-0.005227537922962787,0.010046917207715333,-0.029595228338569424,-0.002993871918417046,42.27373067966055,64.51771159499403,1,1,0.02566508703608128,MSFT,US,Technology
2025-05-27,214.35,214.59,212.25,213.29,16736884,214.142,214.723,212.44700000000003,224.00419999999997,214.20534372206947,217.1529883610809,57.48422001803425,47.99666110183632,-2.947644639011429,-3.9388143314957618,0.9911696924843327,212.44700000000003,2.9237522754938516,218.29450455098774,206.59949544901232,0.572082030212827,0.05504906683511824,3.4378571428571405,11447465.5,1.4620600986253158,-79400739.0,0.000750715525735357,0.01097097847995233,-0.004945183111710087,0.00937011972930768,0.019160932721712598,-0.010760168823338523,44.039735094476626,48.54239708649575,1,1,0.03783581039898731,MSFT,US,Technology
2025-05-28,213.61,210.25,208.44,209.25,7597327,213.27599999999998,214.23899999999998,212.52000000000004,223.35299999999998,213.44298314944342,216.56758181534119,47.259201252936556,27.57404795486596,-3.1245986658977642,-3.7759711983761624,0.6513725324783981,212.52000000000004,2.817658602463106,218.15531720492626,206.88468279507381,0.20986548926195592,0.0530332882072248,3.653571428571427,11189755.8,0.6789537195303476,-86998066.0,-0.018941347461203017,0.008649940262802162,-0.020411029446091487,-0.02260731468074173,0.007026324654699545,-0.020273433842120103,8.165322579822053,31.492929451319736,1,1,0.06489844683393087,MSFT,US,Technology
2025-05-29,208.68,216.25,213.92,214.95,6216264,212.8,214.12600000000003,212.657,222.93040000000002,213.6748318956829,216.4477609400408,56.40776699029123,53.83753501400553,-2.772929044357909,-3.575362767572512,0.802433723214603,212.657,2.8679556261766717,218.39291125235334,206.92108874764668,0.6998810562453632,0.053945191104232265,3.9792857142857128,11228505.5,0.5536144989540683,-80781802.0,0.027240143369175573,0.010839730169756562,0.0300460034501147,-0.005229544613106318,0.012911738372366921,-0.010951088206874404,65.62499999338438,39.27668588922768,0,1,-0.002651779483600847,MSFT,US,Technology
2025-05-30,214.43,221.16,218.98,219.95,15920699,214.11399999999998,214.42399999999998,213.027,222.5674,214.64024237327015,216.70718605577358,62.45819397993311,56.85863874345544,-2.066943682503421,-3.273678950558694,1.2067352680552728,213.027,3.2984575342570377,219.62391506851407,206.4300849314859,1.0247149559358095,0.06193501357558537,4.1485714285714295,11422629.55,1.3937856897595273,-64861103.0,0.0232612235403582,0.009911343487111143,0.025742666604366176,0.013734617689081352,0.034815337567631,0.0307901396569501,90.48742137653394,54.75924798324678,0,1,-0.02077744942032278,MSFT,US,Technology
2025-06-02,220.45,221.37,216.39,218.6,5869988,215.208,214.907,213.507,222.17759999999998,215.2494358543055,216.84739449617686,59.87002437043054,65.81818181818184,-1.5979586418713723,-2.9385348888212297,1.3405762469498574,213.507,3.3791171378945064,220.26523427578903,206.74876572421098,0.8767996041043268,0.063306910553353,4.45357142857143,10721462.85,0.547498744772618,-70731091.0,-0.006137758581495789,0.022781335772997426,-0.008391925606675447,0.022594377134303123,0.04593301435406705,0.02566508703608128,78.57695281681532,78.22979139557788,0,0,-0.014775846294601935,MSFT,US,Technology
2025-06-03,219.18,224.52,218.83,221.36,3396740,216.82199999999997,215.48199999999997,214.26349999999996,221.80939999999998,216.1895226459508,217.18166157073327,59.848279599024664,71.6465018411363,-0.9921389247824663,-2.549255696013477,1.5571167712310108,214.26349999999996,3.3577816533556333,220.97906330671123,207.5479366932887,1.028362229262267,0.0626850892165947,4.550714285714288,10500581.25,0.3234811098213149,-67334351.0,0.012625800548947907,0.025704734369236957,0.009946162971028655,0.02666852186818791,0.07336468990932477,0.03783581039898731,80.34825870147091,83.13754429827338,0,0,-0.024981929887965326,MSFT,US,Technology
2025-06-04,222.76,224.34,221.61,222.83,16697100,219.538,216.407,214.9065,221.5376,217.21113454657376,217.600057010169,59.27452596867272,73.47440944881896,-0.38892246359523597,-2.117189049529829,1.728266585934593,214.9065,3.705622009017703,222.3177440180354,207.4952559819646,1.034559378943904,0.06897179953143268,4.58357142857143,10995829.95,1.5184936978319044,-50637251.0,0.006640766172750334,0.012251492168862982,0.0003142395403111302,0.04330929862346666,0.06124684478735065,0.06489844683393087,89.49004974567849,82.80508708798824,0,0,-0.04617870125207568,MSFT,US,Technology
2025-06-05,223.25,214.95,213.93,214.38,6962179,219.42400000000004,216.112,215.093,221.1396,216.7755753855624,217.36153426855319,47.05346985210466,60.37201779215527,-0.5859588829907807,-1.8109430162220193,1.2249841332312386,215.093,3.571560325393757,222.2361206507875,207.94987934921247,0.4500918411358852,0.06641890392299438,5.138571428571431,10512770.85,0.662259116752353,-57599430.0,-0.03792128528474625,0.004757906521108424,-0.03973124300094188,-0.013573827819445161,0.01770709708046514,-0.002651779483600847,36.94029850516536,68.92620231743825,0,1,-0.011754827875734564,MSFT,US,Technology
2025-06-06,215.41,216.69,214.34,215.38,8581013,218.51,216.31199999999998,215.3125,220.8278,216.56087148009124,217.21475395229467,51.92814371257484,51.07338991512733,-0.6538824722034349,-1.5795309074183024,0.9256484352148675,215.3125,3.4385506050063785,222.18960121001277,208.43539878998723,0.5049075909626581,0.06388018540475661,4.905714285714288,10405576.1,0.824655174579409,-49018417.0,0.004664614236402631,0.010910948091694139,-0.00013926930040323972,0.009372949667260322,0.020806673302052214,-0.02077744942032278,43.15920397741542,56.52985074275309,0,0,-0.018153960442009454,MSFT,US,Technology
2025-06-09,216.87,216.43,214.53,215.37,4970872,217.86400000000003,216.536,215.5305,220.57319999999999,216.37766048315413,217.0781055113241,49.69939879759518,34.773936170212835,-0.7004450281699803,-1.403713731568638,0.7032687033986578,215.5305,3.286257629973336,222.10301525994666,208.95798474005332,0.48779006254531865,0.06098918955708056,4.815000000000004,10366011.25,0.47953560926961086,-53989289.0,-4.6429566347816476e-05,0.008822027208948246,-0.006916585973131754,0.010510017360296553,0.020662527842282508,-0.014775846294601935,43.09701492269298,41.065505801757915,1,0,0.0006036123879833433,MSFT,US,Technology
2025-06-10,215.54,217.64,214.39,215.83,5154248,216.75799999999998,216.79000000000002,215.75649999999996,220.31040000000002,216.29340502420735,216.98565325118855,52.9335071707953,40.21201413427571,-0.6922482269812065,-1.261420630651152,0.5691724036699455,215.75649999999996,3.132561210395347,222.02162242079066,209.49137757920926,0.5058658071269508,0.058075862565083014,4.892857142857145,10210191.7,0.5048139786823025,-48835041.0,0.0021358592190183767,0.015058147616109631,0.0013454579196375384,0.011908668948380274,0.021390374331550888,-0.024981929887965326,45.95771143992806,44.07131011334548,1,0,0.0044016123801138285,MSFT,US,Technology
2025-06-11,214.38,216.54,209.33,212.54,5608541,214.7,217.119,215.67900000000003,220.0316,215.71595809740623,216.65634560282874,43.679070994985466,19.95912806539509,-0.9403875054225068,-1.197214005605423,0.2568265001829162,215.67900000000003,3.1945214615733257,222.0680429231467,209.28995707685337,0.254345053084383,0.0592458507607791,5.066428571428572,10147945.7,0.5526774199553098,-54443582.0,-0.015243478663763188,0.03392302625372192,-0.008582890194940856,0.015722819593787296,-0.007239945817179794,-0.04617870125207568,25.497512436225225,38.18407959961542,1,1,0.020749035475675193,MSFT,US,Technology
2025-06-12,211.4,212.57,211.29,211.86,8349988,214.196,216.81,215.468,219.7108,215.12273377472832,216.30106074323643,47.80473714615832,10.511159107271467,-1.1783269685081166,-1.1934365981859618,0.015109629677845238,215.468,3.30412756221671,222.0762551244334,208.85974487556658,0.2270081184602924,0.06133862220285837,4.711428571428572,9985610.8,0.8362019440811829,-62793570.0,-0.0031993977604214408,0.00604172566786538,0.0021759697256283446,-0.014375436147941234,-0.01952980377637914,-0.011754827875734564,21.268656715095315,30.90796019708286,1,1,0.04890021712451609,MSFT,US,Technology
2025-06-13,210.48,214.35,209.17,211.47,12032178,213.41400000000004,215.962,215.19300000000004,219.3546,214.56077473246242,215.9432043917704,47.612197928653636,25.042881646655303,-1.3824296593079737,-1.2312352104103643,-0.15119444889760936,215.19300000000004,3.400026470489895,221.99305294097982,208.39294705902026,0.22625213123047633,0.06319957378676984,4.596428571428573,10059032.75,1.1961564399761557,-74825748.0,-0.001840838289436486,0.024495200264697176,0.0047035347776287805,-0.03855421686746985,-0.025349126607365102,-0.018153960442009454,18.8432835809177,21.869817577412743,1,1,0.04293753251052168,MSFT,US,Technology
2025-06-16,213.0,216.76,214.48,215.5,3169834,213.44,215.652,215.2795,218.93240000000003,214.70527092746818,215.91037443681466,52.86047113642248,50.677200902934565,-1.2051035093464861,-1.2260088701975889,0.020905360851102728,215.2795,3.383886701791035,222.0472734035821,208.51172659641793,0.5162904389918691,0.0628742950773357,4.807142857142858,9328760.6,0.33979151101899746,-71655914.0,0.019057076653898886,0.010580046403663208,0.011737089201822832,-0.01418115279048493,0.00809281002947082,0.0006036123879833433,43.90547263408546,28.00580431003282,1,1,0.018329466357308588,MSFT,US,Technology
2025-06-17,214.67,217.51,216.19,216.78,14565732,213.63000000000002,215.19400000000002,215.33800000000002,218.6304,215.02446001554998,215.97479114521656,60.49623640925564,56.95952615992099,-0.95033112966658,-1.1708733220913872,0.22054219242480722,215.33800000000002,3.3999761609118204,222.13795232182366,208.53804767817638,0.6060301551502075,0.06315608319750403,4.604285714285715,9344076.3,1.5588197242332316,-57090182.0,0.0059396751740139475,0.006089122612759038,0.009829039921694623,-0.02069027827972536,0.005426464449700852,0.0044016123801138285,49.57654722804063,37.441767814347926,0,1,-0.014254082479933539,MSFT,US,Technology
2025-06-18,217.99,217.56,216.46,216.95,5537737,214.512,214.606,215.50650000000002,218.265,215.3206969362346,216.04702883818194,53.29597890573499,55.69105691056899,-0.7263319019473329,-1.0819650380625763,0.3556331361152434,215.50650000000002,3.3917628935919844,222.290025787184,208.72297421281604,0.6063974726919119,0.06295425694494132,4.182857142857143,9392164.8,0.5896123554377628,-51552445.0,0.0007842051849800136,0.005070292694145767,-0.004770861048650166,-0.02638782928690042,0.015778630957954842,0.020749035475675193,50.684039084645924,48.05535298225734,1,1,0.009541368979027576,MSFT,US,Technology
2025-06-19,217.53,225.42,219.66,222.22,5867503,216.584,215.39000000000001,215.75099999999998,218.0072,216.38212817681392,216.50428596138772,53.7079385821627,90.94754653130293,-0.12215778457380111,-0.8900035873648212,0.7678458027910201,215.75099999999998,3.6930046246824793,223.13700924936492,208.36499075063503,0.9379225492858886,0.06846790280768769,4.344285714285713,9072700.3,0.6467206189186455,-45684942.0,0.024291311362065082,0.025920259202475343,0.021560244563869065,0.036570575613396716,0.022500345097317354,0.04890021712451609,80.30769230275037,60.18942620514563,1,0,0.0009450094500944584,MSFT,US,Technology
2025-06-20,223.95,220.95,220.23,220.55,14034418,218.4,215.907,216.10949999999997,217.7128,217.02333922653486,216.8039684828321,53.15227934044619,83.91881342701014,0.21937074370276832,-0.6681287211513033,0.8874994648540716,216.10949999999997,3.7972683741466375,223.70403674829325,208.5149632517067,0.7923483121077535,0.07028415454441511,4.1307142857142845,8991467.0,1.5608594725577625,-59719360.0,-0.007515075150751449,0.0032645658580672606,-0.015181960258918489,0.02400408580183866,0.03360202455712824,0.04293753251052168,70.03076922645978,67.00750020461868,1,0,0.023486737701201355,MSFT,US,Technology
2025-06-23,221.56,222.5,217.01,219.45,9633707,219.19,216.315,216.42549999999997,217.4944,217.39667165322183,216.99997081747685,46.737273659036525,79.51183431952657,0.39670083574497994,-0.45516280977204665,0.8518636455170265,216.42549999999997,3.799238808807174,224.02397761761432,208.82702238238562,0.6990201295250101,0.07021795137429963,4.099999999999999,8845147.6,1.089151515215923,-69353067.0,-0.004987531172069959,0.025017088174868956,-0.009523379671377914,0.018944142638250394,0.029653263266550933,0.018329466357308588,63.26153845764544,71.19999999561853,1,1,0.03996354522670309,MSFT,US,Technology
2025-06-24,219.35,215.16,212.52,213.69,4638394,218.57200000000003,216.10100000000003,216.44549999999998,217.1888,216.8264144758031,216.754787793914,36.38259833134683,44.0655737704918,0.07162668188908583,-0.3498049114398201,0.42143159332890595,216.44549999999998,3.782881768402887,224.01126353680576,208.8797364631942,0.3178967670009128,0.06990917840075975,4.3821428571428545,8240223.1,0.5628965843295451,-73991461.0,-0.02624743677375252,0.012354345079262634,-0.025803510371434663,-0.009915211045730454,0.0018753809367528795,-0.014254082479933539,27.81538461367296,53.702564099259384,1,1,0.07075670363610831,MSFT,US,Technology
2025-06-25,213.5,220.84,217.55,219.02,25150592,218.98600000000002,216.74900000000002,216.93399999999997,216.93380000000002,217.16388917183338,216.9225812906903,57.62155059132722,55.803108808290176,0.24130788114308643,-0.2315823529232388,0.47289023406632524,216.93399999999997,3.418016353018798,223.77003270603757,210.09796729396237,0.6525738750127035,0.06302407834646565,4.2571428571428545,9117886.35,2.758379330053908,-48840869.0,0.024942673966961593,0.01502145922739919,0.0258548009366471,0.030488378658134918,0.0466905615292712,0.009541368979027576,60.61538461165458,50.56410256099099,1,1,0.04899095972970491,MSFT,US,Technology
2025-06-26,219.1,224.88,220.46,222.43,6503069,219.02799999999996,217.80599999999998,217.308,216.74880000000002,217.97406006847442,217.33053823218629,60.73059360730594,62.15616681455194,0.6435218362881301,-0.056561515080964984,0.700083351369095,217.308,3.594192098669063,224.49638419733813,210.11961580266185,0.8562692156215317,0.06615848654725145,4.50785714285714,9132226.6,0.7121010650238284,-42337800.0,0.015569354396858692,0.01987142022200295,0.01519853947962033,0.049891437741905076,0.03479879041637601,0.0009450094500944584,81.59999999497857,56.676923073435354,1,1,0.029897046261745386,MSFT,US,Technology
2025-06-27,222.6,226.62,225.02,225.73,11316287,220.064,219.23200000000003,217.59699999999998,216.62,219.1672815964014,217.95272058545044,64.33314886552293,58.531842489061724,1.2145610109509732,0.19766299012542274,1.0168980208255505,217.59699999999998,4.024436018026309,225.6458720360526,209.54812796394737,1.0052260715889967,0.07397962321186069,4.671428571428568,8902006.0,1.2712062571957088,-31021513.0,0.014836128220114153,0.007088114118605885,0.014061096136504648,0.06743273277533457,0.02627869970447838,0.023486737701201355,94.89971346161025,79.03836602274778,1,1,0.012625703273822841,MSFT,US,Technology
2025-06-30,225.19,229.56,227.16,228.22,11051103,221.81799999999998,220.504,218.07799999999997,216.55740000000003,220.56000750464736,218.71325980144798,66.23002357872673,67.9289387564282,1.8467477031993837,0.5274799327402151,1.3192677704591687,218.07799999999997,4.673218883903382,227.42443776780675,208.7315622321932,1.0425596495111193,0.08571646628971212,4.71285714285714,9161061.75,1.2063123353237593,-19970410.0,0.011030877597129285,0.010516168609190647,0.013455304409549918,0.059025522041763256,0.04400731930466617,0.03996354522670309,93.42815104985638,89.97595483548173,1,1,0.0032863026903864334,MSFT,US,Technology
2025-07-01,228.19,232.91,225.52,228.81,20251901,224.842,221.70699999999997,218.4505,216.42100000000002,221.82923711931699,219.46116648291778,72.93487454186638,72.41379310344831,2.36807063639921,0.8955980734720143,1.4724725629271957,218.4505,5.214199716566219,228.87889943313243,208.02210056686758,0.9966965479903741,0.09547608664740698,4.725714285714283,10003819.8,2.024416610901307,281491.0,0.0025852247831039676,0.03229753944306494,0.002717034050560005,0.05549404926653745,0.03365558366461863,0.07075670363610831,82.7295703419238,90.35247828446347,1,0,0.0247366810891132,MSFT,US,Technology
2025-07-02,230.48,231.21,228.59,229.75,7962560,226.988,222.987,218.7965,216.3008,223.04781602403745,220.22330229908812,75.03498460677298,100.0,2.824513724949327,1.281381203767477,1.5431325211818498,218.7965,5.724711231515427,230.24592246303087,207.34707753696915,0.9783429048229071,0.10465818660699351,4.821428571428569,9567092.8,0.83228618496455,8244051.0,0.004108212053669069,0.011403699673508601,-0.0031673030197710106,0.05899976953215025,0.03105506439886896,0.04899095972970491,86.68913226256578,87.61561788478197,1,0,0.03003264417845486,MSFT,US,Technology
2025-07-03,227.98,229.31,228.9,229.08,16554035,228.31799999999998,223.673,219.5315,216.31740000000002,223.97584432803168,220.87935398070903,74.45154123854488,94.12280701754396,3.096490347322657,1.644403032478513,1.452087314844144,219.5315,6.061589399873537,231.65467879974707,207.4083212002529,0.8938117286245671,0.11044591595913897,4.512142857142854,10046685.6,1.6477108980387625,-8309984.0,-0.0029162132752992287,0.0017897677667112223,0.004824984647755057,0.030870308703087046,0.06856982927511912,0.029897046261745386,81.21628248743428,83.54499503064129,1,1,0.03304522437576396,MSFT,US,Technology
2025-07-04,229.35,229.32,227.99,228.58,6900820,228.888,224.47599999999997,220.1915,216.3676,224.68417596987294,221.44977220441808,70.13546798029559,86.21908127208492,3.234403765454857,1.9624031790737824,1.2720005863810748,220.1915,6.299719521745279,232.79093904349054,207.59206095650944,0.8328918045562123,0.1144407394784388,4.2292857142857105,9962675.95,0.6926672454234302,-15210804.0,-0.002182643617950064,0.005818531805031785,-0.0033573141486663376,0.036408977556109834,0.0612870275791626,0.012625703273822841,78.76410004518084,82.22317159839362,1,1,0.027167731210079538,MSFT,US,Technology
2025-07-07,227.64,229.19,228.79,228.97,17525369,229.038,225.42800000000003,220.87150000000003,216.5544,225.3435335129694,222.00682611525426,69.29408040519152,79.0322580645163,3.336707397715145,2.237264022802055,1.0994433749130899,220.87150000000003,6.483217423310826,233.8379348466217,207.90506515337836,0.8122870740872039,0.11741157049744272,4.12928571428571,10590400.8,1.6548351357169468,2314565.0,0.0017061860180243027,0.00174695374939188,0.005842558425558646,0.04338118022328552,0.06314714212750139,0.0032863026903864334,80.67680235013846,80.21906162758451,1,1,0.016508712931825098,MSFT,US,Technology
2025-07-08,229.16,235.81,233.39,234.47,6828416,230.17,227.506,221.80349999999999,217.0582,226.74760528020488,222.93002418087127,73.72697724810402,86.37951105937147,3.8175810993336086,2.553327438108366,1.2642536612252426,221.80349999999999,7.036521475396039,235.87654295079207,207.7304570492079,0.9500270497055886,0.1268964912702337,4.539285714285711,10674109.2,0.6397175850779581,9142981.0,0.02402061405424294,0.010321149827226062,0.023171583173227574,0.0972436707379849,0.08636426817402576,0.0247366810891132,94.24645770312381,84.5624533661477,1,1,0.017912739369642106,MSFT,US,Technology
2025-07-09,235.36,236.73,236.59,236.65,8343481,231.55,229.269,223.00900000000001,217.6354,228.27105062171182,223.94631868607377,71.32722435707953,88.50687622789793,4.324731935638056,2.9076083376143043,1.4171235980237515,223.00900000000001,7.420744678195821,237.85048935639165,208.16751064360838,0.9595563043396923,0.13310215602352446,4.095714285714282,10810856.2,0.7717686808405906,17486462.0,0.009297564720433416,0.0005915909571070981,0.0054809653296843605,0.08049493196968305,0.11343747059377063,0.03003264417845486,99.66955802975349,91.53093936100525,1,0,0.017198394253116422,MSFT,US,Technology
2025-07-10,236.59,239.3,234.53,236.65,25805002,233.06400000000002,230.69100000000003,224.2485,218.12419999999997,229.5601197568331,224.88733211680514,75.03109452736318,87.33766233766245,4.672787640027963,3.260644198097036,1.4121434419309264,224.2485,7.5300487696765455,239.3085975393531,209.18840246064693,0.9117337210692787,0.13431614962227995,4.294285714285711,11683606.9,2.2086501208244074,17486462.0,0.0,0.020156349038579564,0.00025360327993469156,0.06393022523940117,0.11701123383366374,0.03304522437576396,90.10455563517158,94.6735237893496,1,1,0.019142193112190897,MSFT,US,Technology
2025-07-11,237.48,235.7,234.07,234.79,11717351,234.30599999999998,231.59700000000004,225.4145,218.56900000000002,230.36471671732033,225.62086307116653,73.2989064398542,77.37296260786182,4.743853646153809,3.557286087708391,1.186567558445418,225.4145,7.24740641449505,239.9093128289901,210.9196871710099,0.8234087983676919,0.12860586012812653,4.086428571428568,11667865.55,1.0042410881019204,5769111.0,-0.007859708430171142,0.006942374036343342,-0.011327269664766172,0.04013644619678369,0.11027568922305764,0.027167731210079538,83.15907393266762,90.97772919919755,1,1,0.022743728438178845,MSFT,US,Technology
2025-07-14,233.1,233.58,232.09,232.75,10564132,235.06199999999998,232.05,226.277,219.044,230.73168337619413,226.1489472881509,82.63698630136989,67.41854636591474,4.5827360880432195,3.762376087775357,0.8203600002678626,226.277,7.028540389015421,240.33408077803082,212.21991922196915,0.7302398378967178,0.12424666031429368,3.7842857142857116,12037580.45,0.8775958894965566,-4795021.0,-0.008688615358405372,0.006401718582142245,-0.0015015015014950357,0.01984926824993427,0.08004640371229699,0.016508712931825098,69.88505746805122,81.0495623452968,1,1,0.015424274973147245,MSFT,US,Technology
2025-07-15,233.92,239.56,237.96,238.67,30679961,235.902,233.036,227.37150000000003,219.69280000000003,231.95296285677966,227.07643267426872,82.98086606243706,77.71428571428568,4.8765301825109475,3.9852069067224756,0.8913232757884719,227.37150000000003,7.174670559098786,241.7208411181976,213.02215888180245,0.8936940346612053,0.12621934691141556,3.759999999999997,12843291.9,2.388792441228215,25884940.0,0.025435016111707842,0.006703816985768177,0.020306087551212784,0.0430925221799745,0.1009779499953869,0.017912739369642106,95.34031413113394,82.79481517728425,0,1,-0.009888130054049427,MSFT,US,Technology
2025-07-16,238.02,243.9,238.17,240.72,11980297,236.71599999999998,234.13299999999998,228.56,220.3078,233.3017378018905,228.08706729104492,82.16672529018643,72.24199288256226,5.214670510845593,4.2310996275471,0.9835708832984933,228.56,7.3246742338207556,243.20934846764152,213.9106515323585,0.9150355227723882,0.12818820850172755,3.750714285714285,13165419.9,0.9099820728101446,37865237.0,0.008589265513051503,0.023803589232204284,0.011343584572677276,0.04774755168661593,0.109564415764001,0.017198394253116422,83.15677965661241,82.79405041859918,0,0,-0.004403456297773389,MSFT,US,Technology
2025-07-17,241.4,241.54,240.89,241.18,6649332,237.622,235.34300000000002,229.50799999999998,220.9184,234.5137781400612,229.05691415842412,80.18757327080894,68.36982968369828,5.4568639816370705,4.476252498365095,0.9806114832719759,229.50799999999998,7.6792986247728905,244.86659724954575,214.14940275045421,0.879982618512418,0.13383931932201795,3.509999999999999,13204511.35,0.5035651316574368,44514569.0,0.0019109338650715735,0.002695082510976493,-0.0009113504556714478,0.05281997555439144,0.08532085320853211,0.019142193112190897,85.20130576250264,87.89946651674965,0,0,-0.01131934654614819,MSFT,US,Technology
2025-07-18,241.37,240.69,239.68,240.13,14438512,238.69,236.498,230.487,221.50119999999998,235.37781227235948,229.87714273932016,74.6583850931677,63.004484304932674,5.500669533039314,4.681135905299938,0.8195336277393759,230.487,7.725123810965981,245.93724762193196,215.03675237806803,0.8120661958032144,0.13406610890735646,3.3435714285714266,13224716.05,1.0917823001740516,30076057.0,-0.00435359482544162,0.004206055053495127,-0.005137341011703492,0.05052935514918189,0.08877805486284274,0.022743728438178845,79.48857453321602,82.61555331744368,0,0,-0.009536501061924718,MSFT,US,Technology
2025-07-21,237.31,236.79,235.99,236.34,5538615,239.408,237.23499999999999,231.3315,222.00779999999997,235.52584115353494,230.35587290679877,63.765996343692876,55.06205094709345,5.169968246736175,4.7789023735871865,0.3910658731489889,231.3315,7.370109814936704,246.07171962987343,216.59128037012658,0.6698923124991834,0.1274380672741041,3.1114285714285694,13019961.45,0.42539408398985057,24537442.0,-0.015783117478032738,0.0033849538799889905,-0.00408748051070714,0.032187622832685614,0.0769651401230349,0.015424274973147245,52.4827152701142,72.39086518861095,1,1,0.0038926969620038943,MSFT,US,Technology
2025-07-22,235.53,239.22,233.98,236.31,17579674,238.936,237.419,232.4625,222.50779999999997,235.646480976068,230.79691935816479,62.40544629349471,63.38345864661654,4.84956161790322,4.793034222450394,0.056527395452826035,232.4625,6.156005091309226,244.77451018261846,220.15048981738155,0.6562498707471618,0.1059268499871204,3.298571428571427,13667025.45,1.286283747552124,6957768.0,-0.00012693577050015836,0.02217426262103946,0.0033116800407450835,0.007847485819081346,0.10585427488417798,-0.009888130054049427,52.29415461644911,61.4218148065931,1,1,0.006559180737167436,MSFT,US,Technology
2025-07-23,236.55,243.22,236.82,239.66,18275730,238.724,237.71999999999997,233.49450000000002,223.01919999999998,236.26394544128834,231.45344385017705,68.16620879120876,54.61323392357879,4.81050159111129,4.796527696182573,0.013973894928716923,233.49450000000002,5.476429373617812,244.44735874723563,222.5416412527644,0.7814561997695183,0.09381684576886137,3.73142857142857,13323282.35,1.3717136774697507,25233498.0,0.01417629385129704,0.026704498038777023,0.01314732614663639,0.01271920557785755,0.09423796913523863,-0.004403456297773389,73.35009427571646,59.37565472075991,0,0,-0.030251189184678284,MSFT,US,Technology
2025-07-24,241.35,238.68,238.27,238.45,7509024,238.17799999999997,237.9,234.2955,223.4666,236.600261527244,231.97170726870036,66.54374790479378,38.523761375126355,4.62855425854363,4.762933008654785,-0.1343787501111544,234.2955,4.915796744332653,244.1270934886653,224.4639065113347,0.7112831457117487,0.08392473170524695,3.7357142857142844,13373580.1,0.5614819205007102,17724474.0,-0.005048819160477391,0.0017194380373171617,-0.012015744768957904,0.0076061694485527465,0.07202265881400871,-0.01131934654614819,63.93117140543134,63.19180676586563,0,0,-0.027972321241350295,MSFT,US,Technology
2025-07-25,238.76,240.46,235.75,237.84,7305548,237.71999999999997,238.20499999999998,234.901,223.88400000000001,236.79099052305259,232.40639561918093,64.75873544093179,33.36653386454181,4.384594903871658,4.68726538769816,-0.3026704838265015,234.901,4.536397713002925,243.97379542600586,225.82820457399416,0.66196772115647,0.07724782292086649,4.028571428571429,13173043.15,0.5545831257234494,10418926.0,-0.0025581882994337724,0.019803229061470758,-0.003853241749020499,0.012990331785851295,0.05364816373543624,-0.009536501061924718,48.687552917130596,61.98960619942613,0,0,-0.037125798856374126,MSFT,US,Technology
2025-07-28,238.12,240.94,234.32,237.26,10922634,237.904,238.656,235.353,224.3538,236.86314582719834,232.7659218696226,55.55113410266611,35.00522466039703,4.09722395757575,4.569257101673678,-0.47203314409792796,235.353,4.278724723929925,243.91044944785986,226.79555055214016,0.6114233867817638,0.07272012209594518,4.012857142857143,13166619.7,0.8295700353850096,-503708.0,-0.0024386141944164885,0.02790187979420089,-0.0036116243910482198,0.019377013963480128,0.03961090176145832,0.0038926969620038943,43.7764606228808,52.13172831514757,0,0,-0.020905335918401713,MSFT,US,Technology
2025-07-29,235.74,238.47,237.38,237.86,10071026,238.214,238.575,235.8055,224.7988,237.01650800762934,233.14326099040164,52.56900212314226,61.91222570532919,3.8732470172276976,4.430055084784482,-0.5568080675567844,235.8055,4.021136884279876,243.84777376855976,227.76322623144023,0.627731289589027,0.06821107877912654,3.9378571428571445,12657575.95,0.7956519671800218,9567318.0,0.002528871280451872,0.004582527537187509,0.008992958343900109,-0.0033938073490592524,0.03955246711245142,0.006559180737167436,48.85690092727722,47.106971489096196,0,0,-0.033843437316068314,MSFT,US,Technology
2025-07-30,239.41,232.59,232.25,232.41,6133351,236.76399999999998,237.744,235.93849999999998,225.1754,236.30781446799406,233.08894536148162,42.689655172413794,33.47457627118648,3.218869106512443,4.187817889130074,-0.9689487826176313,235.93849999999998,3.850685892424351,243.63987178484868,228.23712821515127,0.27091743530596113,0.06528287485777914,3.997857142857145,12566115.5,0.4880864346594272,3433967.0,-0.02291263768603391,0.0014629318876061292,-0.029238544755736024,-0.03452143569292121,0.011577801958650769,-0.030251189184678284,2.7095681623446013,31.780976570834195,0,0,-0.001678068929908294,MSFT,US,Technology
2025-07-31,234.31,233.29,230.57,231.78,13284912,235.43,236.80400000000003,236.07350000000002,225.46439999999998,235.61122762676422,232.99198644581406,44.58048253510986,6.607929515418732,2.619241180950155,3.87410254749409,-1.2548613665439352,236.07350000000002,3.6390965839585716,243.35169316791718,228.79530683208287,0.2050435526271031,0.06166039956103774,4.0078571428571435,12402659.35,1.0711340652007777,-9850945.0,-0.0027107267329288254,0.011735266200656931,-0.010797661217998394,-0.03897503938966751,0.011786275536930235,-0.027972321241350295,9.077269316648419,20.21457946875674,1,0,0.025282595564759536,MSFT,US,Technology
2025-08-01,231.81,229.2,228.86,229.01,3602569,233.664,235.692,236.09499999999997,225.77700000000002,234.59565414572356,232.69702448685848,43.43859649122807,5.639097744361095,1.898629658865076,3.4790079697682876,-1.5803783109032117,236.09499999999997,3.5934787426245793,243.28195748524914,228.9080425147508,0.007093230024760548,0.060881911817012024,4.0235714285714295,12237746.8,0.29438169987454715,-13453514.0,-0.011950988005867691,0.001484651325263047,-0.012078857685121146,-0.04630824969808023,0.0018811794557702655,-0.037125798856374126,0.9973404254654518,4.261392634819481,1,1,0.033710318326710675,MSFT,US,Technology
2025-08-04,228.78,233.65,231.22,232.3,8053891,232.67199999999997,235.288,236.26149999999998,226.1604,234.24247658484302,232.66761526560913,37.68844221105537,29.204204204204345,1.5748613192338894,3.098178639661408,-1.5233173204275188,236.26149999999998,3.3121042365382367,242.88570847307645,229.63729152692352,0.2009831426424653,0.05607522573968613,3.8685714285714305,11764172.9,0.6846116921137998,-5399623.0,0.014366184882756317,0.010460611278474155,0.015385960311148809,-0.017094017094017033,0.014543389963750819,-0.020905335918401713,22.872340424011146,10.982316722041665,1,1,0.010718897976754072,MSFT,US,Technology
2025-08-05,230.59,230.96,228.89,229.81,8171190,231.06199999999998,234.638,236.02850000000004,226.4908,233.56055711025178,232.45594006074523,29.266438616495705,25.5416940249509,1.104617049506544,2.6994663216304358,-1.5948492721238918,236.02850000000004,3.596469431043679,243.22143886208738,228.8355611379127,0.06773579483315664,0.060949748543560375,3.702857142857145,11831311.6,0.6906410367350111,-13570813.0,-0.010718897976754183,0.00900744092942437,-0.003382627173756965,-0.027506241801024123,-0.019874610824412442,-0.033843437316068314,6.615598885333103,10.161759911603225,1,1,0.025542839737174194,MSFT,US,Technology
2025-08-06,230.73,233.55,230.8,232.02,8722904,230.984,233.87400000000002,235.79699999999997,226.94620000000003,233.3235483240592,232.42364820439317,33.67783321454033,32.660332541567755,0.8999001196660288,2.3395530812375545,-1.4396529615715257,235.79699999999997,3.7018289931799524,243.2006579863599,228.39334201364005,0.2449233873847621,0.06279688025147495,3.911428571428575,11850282.75,0.7360924163524777,-4847909.0,0.009616639832905394,0.011852426514904525,0.005590950461554326,-0.031878494533922996,-0.019564758081555,-0.001678068929908294,22.005571029108246,17.16450344615082,1,1,0.016636496853719374,MSFT,US,Technology
2025-08-07,234.87,237.73,237.58,237.64,11660383,232.156,233.79299999999998,235.84650000000002,227.4,233.9876178126655,232.81004463370357,46.18449279803861,65.3733098177542,1.1775731789619215,2.1071571007824277,-0.9295839218205062,235.84650000000002,3.7204078370112876,243.2873156740226,228.40568432597743,0.6205177011467253,0.06309880090644583,4.212142857142859,11143051.8,1.046426254033365,6812474.0,0.024222049823291014,0.0006312068675279669,0.011793758249193972,-0.003396938561543328,0.004183393196703911,0.025282595564759536,61.142061277079115,29.921077063840144,0,0,-0.021376872580373574,MSFT,US,Technology
2025-08-08,238.42,238.83,235.04,236.73,5411757,233.7,233.68200000000002,235.9435,227.7356,234.4095227645631,233.10041169787797,50.655462184873926,64.31463273568532,1.3091110666851193,1.947547893962966,-0.6384368272778467,235.9435,3.7167009635753936,243.37690192715078,228.51009807284922,0.5529030992239479,0.0630100166109198,4.187142857142861,10827772.1,0.4998033252100564,1400717.0,-0.003829321663019636,0.016009800194246658,-0.007088331515782692,-0.004667003027245209,0.008262702840836411,0.033710318326710675,54.80501392375999,45.98421540998245,0,0,-0.009884678747940745,MSFT,US,Technology
2025-08-11,238.08,240.27,230.41,234.79,13421295,234.198,233.435,236.0455,228.0594,234.46805772386105,233.22556638692575,47.599494630448504,67.55771567436209,1.2424913369353021,1.806536582557433,-0.564045245622131,236.0455,3.6518740322441268,243.34924806448825,228.74175193551176,0.41405097839296623,0.06188423896627815,4.517142857142862,10970630.25,1.2233840235948137,-12020578.0,-0.008194990073079,0.04199497423211389,-0.013818884408544193,-0.0104105201045267,0.008764769065520817,0.010718897976754072,41.29526462107961,52.414113273972895,1,0,0.030112014992120795,MSFT,US,Technology
2025-08-12,235.37,237.83,233.95,235.68,9138608,235.372,233.217,235.89600000000002,228.34580000000003,234.65451038172858,233.40737628419282,43.184931506849345,62.01991465149358,1.2471340975357634,1.6946560855530992,-0.4475219880173358,235.89600000000002,3.599605826375146,243.0952116527503,228.69678834724974,0.4849983573963623,0.061037165977547395,4.300714285714292,9893562.6,0.9236922477559046,-2881970.0,0.003790621406363215,0.016463000678816873,0.001317075243228471,-0.009165055074413564,-0.012527757992206734,0.025542839737174194,56.456953637710534,50.852410727516705,1,0,0.023124575695858685,MSFT,US,Technology
2025-08-13,234.62,236.87,235.08,235.88,7224492,236.144,233.564,235.654,228.6068,234.84304724607804,233.590533596477,45.44164597374957,75.78589634664402,1.2525136496010418,1.6062275983626877,-0.35371394876164586,235.654,3.416246632291441,242.4864932645829,228.8215067354171,0.5165386185343906,0.057987500866133405,4.329285714285722,9655772.35,0.7482043890352915,4342522.0,0.0008486082824168406,0.007588604375073782,0.00537038615631498,0.014930510735338354,-0.020106347623795262,0.016636496853719374,58.112582776646235,51.95493367847879,1,1,0.020010174665084035,MSFT,US,Technology
2025-08-14,237.31,234.33,231.15,232.56,5048908,235.128,233.64199999999997,235.22299999999996,228.9704,234.49180920821988,233.51419777451488,41.45631067961167,52.096273291925435,0.9776114337049933,1.480504365431149,-0.5028929317261557,235.22299999999996,3.2205346074691206,241.6640692149382,228.78193078506172,0.2932796627835361,0.05476564124180762,4.330714285714292,9575751.15,0.5272596784995108,-706386.0,-0.014074953366118303,0.013673890608816361,-0.020016012810163852,0.0033652601604969856,-0.035740940376482344,-0.021376872580373574,30.629139070312103,48.39955849488962,1,1,0.01926384588923291,MSFT,US,Technology
2025-08-15,231.26,236.06,233.06,234.39,5534661,234.66,234.18,234.936,229.35060000000001,234.47614625310916,233.57907201344034,45.53654743390357,32.123212321232074,0.8970742396688252,1.3638183402786843,-0.46674410060985916,234.936,3.00904671038438,240.95409342076877,228.91790657923124,0.45463679588535616,0.051231768828473696,4.107857142857148,9130558.6,0.6061688705257452,4828275.0,0.007868937048503444,0.012799180852370839,0.013534549857244924,0.023492423911619653,-0.02390371881897313,-0.009884678747940745,48.46625766446373,45.73599317047401,1,1,0.017065574469900646,MSFT,US,Technology
2025-08-18,234.17,244.38,239.84,241.86,11974117,236.074,235.13599999999997,235.212,229.8804,235.61212375263085,234.19247408652458,55.12557662737057,66.38977635782754,1.4196496661062667,1.374984605444201,0.04466506066206577,235.212,3.3754525622517004,241.96290512450338,228.4610948754966,0.9923784201082729,0.05740272710979618,4.735000000000006,9452333.7,1.2667893573425835,16802392.0,0.031869960322539415,0.0187711899445184,0.03283939018647644,0.04115368058544977,0.023356181772023366,0.030112014992120795,83.76288659254115,54.28609444243898,0,0,-0.03187794591912685,MSFT,US,Technology
2025-08-19,242.17,242.19,240.28,241.13,6175936,237.164,236.26799999999997,235.45299999999997,230.38639999999998,236.46102779068764,234.7063648949346,62.71137026239066,71.95290858725758,1.7546628957530288,1.4509202635059668,0.303742632247062,235.45299999999997,3.621103495666351,242.69520699133267,228.21079300866728,0.8919385351662956,0.06151721992331324,4.47071428571429,8882146.8,0.6953201116513733,10626456.0,-0.003018275035144402,0.007921038443960004,-0.004294503860906378,0.049258082764022326,0.020396936227836227,0.023124575695858685,79.05927834542142,70.42947420080876,0,0,-0.044249989632148545,MSFT,US,Technology
2025-08-20,242.09,240.67,240.55,240.6,10326200,238.108,237.12599999999998,235.5,230.9476,237.09779274596644,235.14293045827628,62.89473684210524,67.47159090909085,1.9548622876901618,1.551708668342806,0.4031536193473557,235.5,3.684133833789752,242.86826766757952,228.13173233242048,0.846078632674678,0.06257552159276628,4.317857142857146,8484670.3,1.2170418434477244,300256.0,-0.002197984489694327,0.0004987531172048104,-0.00615473584201683,0.03697957072666136,0.003922223149461779,0.020010174665084035,75.6443298920332,79.48883160999858,0,0,-0.022568578553615937,MSFT,US,Technology
2025-08-21,241.06,239.14,235.36,237.04,17006175,239.004,237.06599999999997,235.42950000000002,231.4512,237.0889015542793,235.28345412803463,61.474707059159755,53.32568807339449,1.8054474262446547,1.6024564199231761,0.2029910063214786,235.42950000000002,3.637912175961826,242.70532435192368,228.15367564807636,0.610674744296397,0.061808943670124225,4.483571428571431,8959527.85,1.8981104123572303,-16705919.0,-0.014796342477140456,0.01594667566648678,-0.016676346137821846,-0.002524827470122837,-0.005913189347871661,0.01926384588923291,52.614590054705324,69.10606609738664,0,0,-0.020502868714140976,MSFT,US,Technology
2025-08-22,237.45,240.46,236.74,238.39,67034052,239.804,237.23200000000003,235.45700000000002,231.9896,237.28907054592864,235.51356863707068,59.21331316187591,68.84292178409817,1.7755019088579616,1.6370655177101332,0.13843639114782835,235.45700000000002,3.659109900395062,242.77521980079015,228.1387801992099,0.7003902642404171,0.062161836774944475,4.4178571428571445,11945953.05,5.611443985087152,50328133.0,0.005695241309483512,0.015604681404355865,0.00395872815327875,0.0070122080006758125,0.0023124789774637833,0.017065574469900646,61.32989024781598,63.19627006485149,0,0,-0.009144678887537117,MSFT,US,Technology
2025-08-25,237.57,235.16,233.34,234.15,21819052,238.262,237.16799999999998,235.30149999999998,232.3626,236.80613661578576,235.41256355284258,56.23563218390806,49.328859060402735,1.393573062943176,1.588367026756742,-0.19479396381356606,235.30149999999998,3.6445088832394776,242.59051776647894,228.012482233521,0.421011305136575,0.061954707185869935,4.534999999999998,12490773.95,1.7468133152138812,28509081.0,-0.01778598095557693,0.00777279521670818,-0.01439575703996966,-0.002725840112440814,-0.0131079828036752,-0.03187794591912685,26.771653541390787,46.90537794797069,1,0,0.0332265641682683,MSFT,US,Technology
2025-08-26,232.78,234.85,226.95,230.46,8623046,236.128,236.64600000000002,234.9315,232.6362,235.8298079056649,235.04570699337063,47.85005512679162,9.574468085106346,0.7841009122942637,1.4275138038642465,-0.6434128915699828,234.9315,3.7453315150873703,242.42216303017474,227.44083696982526,0.20152842397335768,0.06376891162013489,4.8321428571428555,12418374.95,0.6943779150123088,19886035.0,-0.015759128763613073,0.0342792675517041,-0.00996649196662096,-0.022148676171079407,-0.03111073740855963,-0.044249989632148545,20.137693630514292,36.079745806573676,1,1,0.05484682808296437,MSFT,US,Technology
2025-08-27,230.53,238.26,232.71,235.17,5812498,235.042,236.575,235.0695,233.00060000000002,235.72829899710106,235.05491388275064,46.50834040147017,33.517699115044195,0.6733851143504239,1.276688065961482,-0.6033029516110582,235.0695,3.698084105674629,242.46566821134925,227.67333178865076,0.5067940585328342,0.06292750196276238,4.98142857142857,12402332.3,0.46866165094918066,25698533.0,0.020437386097370336,0.023599948972982877,0.020127532208301994,-0.0030100050873326234,0.011875564734735944,-0.022568578553615937,47.16006884411013,31.35647200533839,1,1,0.04328783433261041,MSFT,US,Technology
2025-08-28,234.41,233.05,231.48,232.18,16657288,234.07000000000002,236.53700000000003,235.0895,233.19979999999998,235.1824068437009,234.84195729884212,43.92523364485982,29.503407984420605,0.3404495448587852,1.0894403617409427,-0.7489908168821575,235.0895,3.680396825002081,242.45029365000414,227.72870634999583,0.3023650615242622,0.06262120298841799,4.9742857142857115,12570951.1,1.3250617668012592,9041245.0,-0.012714206744057432,0.006761995003847272,-0.009513246021886764,-0.0016339869281045694,0.0017257744412806364,-0.020502868714140976,30.00573723293149,32.434499902518624,1,1,0.08932724610216214,MSFT,US,Technology
2025-08-29,230.8,236.53,235.96,236.21,11674267,233.63400000000001,236.71899999999997,235.4495,233.513,235.34049809851618,234.94329379522466,51.79564997470918,48.02475011899099,0.3972043032915167,0.9509931500510574,-0.5537888467595408,235.4495,3.3955411552289223,242.24058231045785,228.65841768954215,0.5559925476291822,0.05768610517694036,4.580714285714281,12974536.0,0.8997829363776141,20715512.0,0.017357222844344822,0.0024131069810659164,0.023440207972168788,0.007764836383804763,0.031439675123357214,-0.009144678887537117,53.12679288278111,43.4308663199409,1,1,0.06854070530460188,MSFT,US,Technology
2025-09-01,234.86,242.34,241.61,241.93,17541340,235.19,236.72600000000003,235.93099999999998,233.96259999999998,236.3542676218214,235.4608275881732,57.04304710389904,56.97399527186767,0.8934400336482042,0.9394825267704868,-0.04604249312228259,235.93099999999998,3.601936467485254,243.1348729349705,228.72712706502946,0.9163732518075154,0.06106762515260806,4.741428571428565,13448908.45,1.3042946021173487,38256852.0,0.02421574023115025,0.003017401727759982,0.030103040108872905,0.00028942363350692446,0.04145501506672411,0.0332265641682683,85.94377509547088,56.35876840372782,1,1,0.034844789815235755,MSFT,US,Technology
2025-09-02,241.39,247.01,239.97,243.1,10055433,237.718,236.923,236.5955,234.5508,237.39207260307964,236.02669221127377,57.962064402293784,70.05826983415511,1.3653803918058713,1.0246620997775637,0.3407182920283076,236.5955,3.638982615195361,243.8734652303907,229.31753476960927,0.9468625359662476,0.0615224315792985,5.116428571428565,13543120.6,0.7424752798498095,48312285.0,0.004836109618484574,0.02895927601798039,0.0070839719954966,0.008169866876788445,0.05783038161959886,0.05484682808296437,80.50847457225781,73.19301418350325,1,1,0.009913615795968722,MSFT,US,Technology
2025-09-03,241.05,246.39,244.53,245.35,18181563,239.754,237.398,237.262,235.0774,238.61636912568278,236.71730760303382,64.44544838491078,85.67321514135128,1.8990615226489638,1.1995419843518438,0.69951953829712,237.262,3.9631414971364363,245.18828299427287,229.33571700572713,1.0102013140859198,0.06681460153112981,5.013571428571423,14016053.55,1.2971955078471067,66493848.0,0.009255450431921108,0.007581006725055652,0.017838622692313396,0.019742310889443004,0.05745194379794838,0.04328783433261041,91.7248255188572,86.05902506219529,1,1,0.002160179335642942,MSFT,US,Technology
2025-09-04,243.85,254.76,251.46,252.92,61073200,243.902,238.98600000000002,238.02599999999998,235.68720000000002,240.81692772173162,237.91750703985025,68.5262947410518,87.39991571849986,2.8994206818813666,1.5395177238577484,1.3599029580236182,238.02599999999998,5.290405814700667,248.6068116294013,227.44518837059866,1.2038212436090268,0.08890467116497251,5.435714285714279,16486694.4,3.7043930586598934,127567048.0,0.030853882209089134,0.01304760398539829,0.03719499692418617,0.06699291258859263,0.06429893957246247,0.08932724610216214,93.38367493371507,88.53899167494336,0,0,-0.004981812430808086,MSFT,US,Technology
2025-09-05,251.05,253.67,251.38,252.4,14307666,247.14000000000001,240.387,238.8095,236.22060000000002,242.5989388414652,238.99028429616104,62.23873664653972,97.55409219190977,3.6086545453041765,1.9533450881470344,1.655309457157142,238.8095,6.17479722658816,251.15909445317632,226.4599055468237,1.0502407407173715,0.1034263247745554,4.885714285714278,16931489.85,0.8450328519062453,113259382.0,-0.0020559860825556386,0.009072900158442627,0.005377414857576646,0.05876924367632874,0.06619355383770542,0.06854070530460188,91.51384393773779,92.20744813010334,1,0,0.012519809825673578,MSFT,US,Technology
2025-09-08,252.6,250.54,250.22,250.36,12862891,248.82599999999996,242.00800000000004,239.58800000000002,236.6634,243.79294825047057,239.83248545941086,60.40117196303813,86.71510119356523,3.9604627910597117,2.35476862872957,1.6056941623301415,239.58800000000002,6.607693761223464,252.80338752244694,226.3726124775531,0.9075552071702673,0.11031760791351619,4.904999999999993,16903569.65,0.7609570348380803,100396491.0,-0.008082408874801827,0.0012781594503863038,-0.008867775138523805,0.06922912662822989,0.06631457898547644,0.034844789815235755,84.17835310736513,89.69195732627266,1,1,0.007229589391276381,MSFT,US,Technology
2025-09-09,250.83,247.48,243.93,245.51,12199983,249.308,243.513,240.0795,236.99739999999997,244.0571100580905,240.25304209204822,55.042103101252835,59.72826086956519,3.8040679660422825,2.6446284961921127,1.1594394698501698,240.0795,6.667031593082751,253.4135631861655,226.7454368138345,0.7036326033361935,0.11108039783579997,5.322857142857138,17056638.4,0.7152629960624014,88196508.0,-0.01937210416999524,0.014459696142664345,-0.0212095841804362,0.06530417426017521,0.041709097080787405,0.009913615795968722,66.73858324103782,80.81026009538023,1,1,0.014826279988595203,MSFT,US,Technology
2025-09-10,247.74,247.29,244.75,245.88,11235776,249.414,244.584,240.5795,237.32,244.3375546645381,240.6698537889346,59.71428571428573,57.89772727272727,3.6677008756034866,2.849242972074388,0.8184579035290986,240.5795,6.7103490182980385,254.00019803659606,227.15880196340393,0.6974748252605387,0.11156975583156736,5.1299999999999955,17257202.6,0.6510774433929724,99432284.0,0.0015070669219177102,0.010330242394622019,-0.00750787115521315,0.04554152315346349,0.04239443784975405,0.002160179335642942,68.06903991125247,72.99532541988513,1,1,0.006466569058077187,MSFT,US,Technology
2025-09-11,244.21,252.98,250.6,251.66,11195794,249.16199999999998,246.53199999999998,241.53450000000004,237.7716,245.46408471614765,241.48393869345983,63.288604045663966,64.93137718883105,3.980146022687819,3.0754235821970743,0.9047224404907448,241.53450000000004,6.866284887615619,255.26706977523128,227.8019302247688,0.8686673421239103,0.1137110414882709,5.371428571428567,17564546.9,0.6374086064577843,110628078.0,0.02350740198470791,0.009457204164311128,0.030506531263951035,0.08390042208631221,0.08212934296525631,-0.004981812430808086,88.85293059730844,74.5535179165329,0,0,-0.011404275609949943,MSFT,US,Technology
2025-09-12,250.88,258.27,253.39,255.56,16406578,249.794,248.46699999999996,242.593,238.31119999999999,247.0173024521249,242.52660990135396,71.58701351078848,57.56013745704471,4.4906925507709445,3.358477375911849,1.1322151748590956,242.593,7.323479975214725,257.23995995042947,227.94604004957054,0.9426515824083053,0.12075336015770519,5.482857142857138,18108142.75,0.9060331211474948,127034656.0,0.015497099260907587,0.01909532008131515,0.01865433673461955,0.08191863172600655,0.09031955288194893,0.012519809825673578,91.34738186170672,82.7564507900892,0,0,-0.028682109876350004,MSFT,US,Technology
2025-09-15,256.62,254.0,250.7,252.17,7741498,250.156,249.49099999999999,243.1085,238.7752,247.810025151798,243.24093509384772,72.02272266179752,49.434333497294595,4.5690900579502625,3.6005999123195322,0.9684901456307302,243.1085,7.625789536345309,258.3600790726906,227.85692092730937,0.7970676005420446,0.12547137654691534,5.265714285714282,17896511.8,0.4325701932278114,119293158.0,-0.013264986695883607,0.013086409961482037,-0.017340815213088133,0.04232629272930177,0.04262796659224333,0.007229589391276381,77.23030981421316,85.81020742440944,0,0,-0.011539834238807112,MSFT,US,Technology
2025-09-16,251.92,252.42,246.53,249.15,23817668,250.88400000000001,250.096,243.50950000000003,239.06879999999998,248.01617512844447,243.67864360541537,64.68487394957987,47.16095729704363,4.337531523029099,3.747986234461446,0.5895452885676535,243.50950000000003,7.726474974159778,258.9624499483196,228.05655005168046,0.6825056063140502,0.12691866188593143,5.12928571428571,18778598.4,1.2683410244110114,95475490.0,-0.0119760479041916,0.02364037728266645,-0.010995554144129034,0.024886877828054432,0.03326006718367691,0.014826279988595203,65.9574468060487,78.17837949398951,1,0,0.005819787276740929,MSFT,US,Technology
2025-09-17,248.78,247.97,247.08,247.47,9482650,251.202,250.308,243.85299999999998,239.2852,247.93214818560685,243.95948481982953,66.51544610066969,55.402425578831334,3.972663365777322,3.792921660724622,0.17974170505270015,243.85299999999998,7.743011857900004,259.3390237158,228.36697628419998,0.6167827218194456,0.1270111396270418,5.013571428571424,18736420.9,0.5061078390853272,85992840.0,-0.00674292594822401,0.0035963955226750314,-0.00526569659938394,0.008640717342571769,0.028553615960099865,0.006466569058077187,51.59121469961494,64.92632377329225,1,1,0.008970784337495541,MSFT,US,Technology
2025-09-18,249.39,251.4,246.69,248.79,16367148,250.628,249.89499999999998,244.4405,239.528,248.06412538782118,244.31730075910195,64.43322625057365,57.621791513881604,3.7468246287192244,3.7837022543235426,-0.036877625604318176,244.4405,7.644001070671135,259.72850214134223,229.1524978586577,0.6422520731991437,0.12508567231109183,5.039285714285711,18704469.55,0.8750393632499798,102359988.0,0.005333979876348538,0.018931629084694226,-0.002405870323579889,-0.01632927407876006,0.049569692878838945,-0.011404275609949943,48.19672130884172,55.24846093816844,1,1,0.00389887053338156,MSFT,US,Technology
2025-09-19,248.4,249.31,247.37,248.23,9558822,249.16199999999998,249.47799999999998,244.93249999999998,239.79679999999996,248.0896445589256,244.60713033250224,58.198854763144176,37.63518385003602,3.482514226423376,3.72346464874351,-0.24095042232013375,244.93249999999998,7.550164776870407,260.0328295537408,229.83217044625917,0.6091863587365859,0.1233019673067409,4.739999999999997,15830708.05,0.6038151525499738,92801166.0,-0.0022508943285501903,0.007815332554454267,-0.0006843800322034281,-0.016521394611727525,0.04127689919879196,-0.028682109876350004,45.136612019391436,48.308182675949354,1,1,0.010192160496313996,MSFT,US,Technology
2025-09-22,246.93,251.38,247.56,249.26,8839692,248.57999999999998,249.368,245.68800000000002,240.12699999999998,248.2696992421678,244.95178734490997,58.04597701149425,21.363636363636317,3.3179118972578294,3.6423540984463743,-0.32444220118854483,245.68800000000002,7.160359150063191,260.0087183001264,231.36728169987364,0.6247144146164694,0.11657645713317784,4.509999999999997,15181740.05,0.5822581198616874,101640858.0,0.004149377593360981,0.015325363074639605,0.00943587251443951,-0.004393673110720697,0.06453128336536396,-0.011539834238807112,37.16875871428386,43.50069734750566,1,1,0.00561662521062356,MSFT,US,Technology
2025-09-23,247.77,251.97,249.5,250.6,27624576,248.86999999999998,249.877,246.695,240.36559999999997,248.62820705106503,245.37017346750974,57.02435108375702,41.22905027932964,3.2580335835552887,3.565489995468157,-0.30745641191286843,246.695,6.266447411244468,259.2278948224889,234.16210517751105,0.655790025155925,0.10160639512303148,4.468571428571427,16131816.55,1.712427996062973,129265434.0,0.005375912701596652,0.009856344772506555,0.011421883198081132,0.020732353060975095,0.08739043651826783,0.005819787276740929,46.513249648081356,42.93954012725221,1,1,0.008778930566640142,MSFT,US,Technology
2025-09-24,250.98,250.04,249.4,249.69,8566957,249.314,250.25799999999998,247.421,240.545,248.79155981243963,245.69016061806497,44.74112666883753,53.94736842105258,3.1013991943746646,3.4726718352494585,-0.37127264087479395,247.421,5.6740488653440995,258.7690977306882,236.07290226931178,0.599972702617112,0.09173107966294167,3.882142857142855,16269539.5,0.5265641644888496,120698477.0,-0.0036312849162011274,0.0025631783411326973,-0.005139851780997897,0.015495363591996103,0.06174256920525578,0.008970784337495541,40.167364013935334,41.28312412543351,1,1,0.04241259161360067,MSFT,US,Technology
2025-09-25,250.03,255.39,245.25,249.76,5280267,249.50799999999998,250.06799999999998,248.29999999999995,240.7166,248.94055061052583,245.99163020191233,45.63780568407135,71.89292543021028,2.9489204086135032,3.3679215499222677,-0.4190011413087644,248.29999999999995,4.4095100575193475,257.11902011503867,239.48097988496127,0.5827756360895227,0.07103520028194266,4.44285714285714,15700688.45,0.3363079702210147,125978744.0,0.00028034763106243865,0.04059897501585277,-0.0010798704155458559,-0.007549868870698639,0.07571711603066578,0.00389887053338156,40.65550906271575,42.445374241577476,1,1,0.05241031390134543,MSFT,US,Technology
2025-09-26,248.2,252.5,249.36,250.76,6997437,250.01399999999998,249.58800000000002,249.02749999999997,240.9292,249.22046590121414,246.3448427795488,50.684462696782994,70.06109979633402,2.875623121665342,3.269461864270883,-0.3938387426055412,249.02749999999997,3.392950703101834,255.81340140620364,242.2415985937963,0.6276543745381057,0.05449921318871542,4.511428571428567,15466846.95,0.4524151929740798,132976181.0,0.004003843689942332,0.012521933322649005,0.010314262691336375,-0.01878228204726884,0.061597730832733566,0.010192160496313996,47.62900975957954,42.81729427874353,1,1,0.050007975753708855,MSFT,US,Technology
2025-09-29,249.64,251.8,249.75,250.66,8533256,250.29399999999995,249.43699999999998,249.464,241.21560000000002,249.44193268564274,246.66448405513805,60.5230894973437,77.303370786517,2.7774486305046935,3.1710592175176457,-0.39361058701295226,249.464,2.9665688136819472,255.3971376273639,243.5308623726361,0.6007898412707641,0.04756708484863634,4.198571428571425,15016442.75,0.5682607774560472,124442925.0,-0.00039878768543621934,0.008178409000206787,0.004085883672472057,-0.0059880239520957446,0.03608481792253948,0.00561662521062356,43.71301774824611,43.999178856847124,1,1,0.02489427910316766,MSFT,US,Technology
2025-09-30,251.27,252.99,252.64,252.8,29376088,250.734,249.802,249.94899999999998,241.5454,249.95855842631306,247.1189667177208,63.18597560975613,81.83453237410089,2.839591708592252,3.1047657157325674,-0.26517400714031547,249.94899999999998,2.6470835987821295,255.24316719756425,244.65483280243572,0.7692585909019322,0.04236197942414719,4.183571428571426,15982475.5,1.8380185323594875,153819013.0,0.008537461102688937,0.0013844936708806892,0.006089067536888256,0.014649809351796161,0.03990127519539288,0.008778930566640142,57.987711209064095,49.776579572296576,1,1,0.02310126582278471,MSFT,US,Technology
2025-10-01,253.46,261.05,259.66,260.28,11089104,252.852,251.083,250.69549999999998,241.95780000000002,251.54647251457257,248.09385807196446,65.42591267000714,91.36752136752142,3.452614442608109,3.174335461107676,0.27827898150043273,250.69549999999998,3.3052390231257287,257.3059780462514,244.08502195374854,1.224947570486983,0.05273710973053027,4.265714285714283,15627852.55,0.7095730686572757,164908117.0,0.029588607594936533,0.005340402643286638,0.026907598832056567,0.051763850163656144,0.060851844304055325,0.04241259161360067,95.1265822724601,65.60910374325677,0,0,-0.03427078530812955,MSFT,US,Technology
2025-10-02,259.52,265.73,260.54,262.85,15957705,255.46999999999997,252.48900000000003,251.192,242.44580000000002,253.2854767430999,249.18690562219012,63.697857948139834,99.25149700598807,4.0985711209097815,3.359182593068098,0.7393885278416836,251.192,4.263805564836352,259.7196111296727,242.66438887032731,1.1835443022402392,0.0678971554001621,4.182857142857145,13372077.8,1.1933600780156934,180865822.0,0.009873981865683223,0.01974510176899468,0.012831381011048127,0.05651352546324229,0.03926142653803599,0.05241031390134543,85.93749999580386,79.68393115910935,0,0,-0.06307780102720184,MSFT,US,Technology
2025-10-03,263.59,264.47,262.37,263.3,24241824,257.97799999999995,253.996,251.737,242.955,254.82617262877682,250.23232002054715,73.51077313054506,99.27219796215434,4.593852608229668,3.606116596100412,0.9877360121292558,251.737,5.05040185998703,261.83780371997403,241.63619628002593,1.0723801946602598,0.08024886067549807,3.9857142857142884,13868785.7,1.7479412240149315,205107646.0,0.0017120030435608946,0.00797569312568191,-0.0011001934822977484,0.060709825565000264,0.043185419968304384,0.050007975753708855,88.13476562069653,89.73294929632016,0,0,-0.05165210786175478,MSFT,US,Technology
2025-10-06,263.98,260.96,253.65,256.9,11928007,259.226,254.76,252.064,243.34779999999998,255.14522299358035,250.72622224124768,64.32532347504613,66.0397074190177,4.419000752332664,3.768693427346862,0.650307324985802,252.064,5.166931696653867,262.3978633933077,241.73013660669227,0.7339879972865628,0.08199396497133052,4.254285714285719,13822041.5,0.8629699264779428,193179639.0,-0.024306874287884694,0.028454651615303698,-0.02682021365244799,0.03065072614940223,0.026122383767374746,0.02489427910316766,56.88476562222226,76.9856770795742,0,0,-0.016738030362008494,MSFT,US,Technology
2025-10-07,254.82,259.29,258.11,258.64,13989740,260.39399999999995,255.564,252.7205,243.76339999999996,255.68288099456797,251.3124280011556,70.60125414976018,69.20115495668904,4.370452993412357,3.8890453405599614,0.4814076528523956,252.7205,5.124325347121203,262.9691506942424,242.4718493057576,0.7887941142601692,0.08110660349438885,4.277142857142865,13911529.35,1.0056219300128975,207169379.0,0.006773063448812788,0.004562326012973417,0.014990974020818627,0.03208300079808457,0.05348050995886111,0.02310126582278471,65.38085937180745,70.13346353824205,0,0,-0.02470615527373954,MSFT,US,Technology
2025-10-08,258.27,251.39,251.33,251.36,24616047,258.61,255.731,252.99449999999996,244.14239999999998,255.01782238001903,251.31595185292184,53.8856970063502,47.22222222222223,3.701870527097185,3.8516103778674062,-0.14973985077022123,252.99449999999996,4.8799940411947125,262.7544880823894,243.23451191761055,0.416265266585445,0.07715573328551294,4.462857142857148,14580542.9,1.6882804351352079,182553332.0,-0.0281472316733683,0.00023870146403459243,-0.02675494637384603,0.0066882934839200825,0.022287294615259468,-0.03427078530812955,29.833984373543302,50.69986978919099,0,1,-0.02120464672183331,MSFT,US,Technology
2025-10-09,251.83,246.52,246.08,246.27,7060034,255.294,255.382,252.725,244.43220000000002,253.6720035523238,250.9421776415941,47.39361702127662,20.229494262643584,2.729825910729687,3.6272534844398625,-0.8974275737101753,252.725,5.101382165647946,262.92776433129586,242.5222356687041,0.18366416244744493,0.08074202656053427,4.701428571428577,14373754.9,0.49117530930102965,175493298.0,-0.020249840865690705,0.0017866569212580139,-0.022078386212833753,-0.013973414477898682,-0.02141778590161325,-0.06307780102720184,4.9804687497568585,33.39843749836919,0,1,-0.00572542331587278,MSFT,US,Technology
2025-10-10,245.63,252.68,247.31,249.7,13522160,252.57399999999998,255.27599999999998,252.43200000000002,244.84599999999998,253.0609260827355,250.85016448295747,50.550000000000004,23.042230422304144,2.2107615997780385,3.343955107507498,-1.1331935077294593,252.43200000000002,5.098267610823328,262.62853522164664,242.23546477835336,0.36603292486225264,0.08078639175386836,4.886428571428577,14229534.0,0.9502882560814531,189015458.0,0.013927802818045176,0.021505806968275927,0.01656963725922495,-0.0042271494656245245,-0.022930035999373932,-0.05165210786175478,21.72851562393896,18.847656249079698,0,0,-0.028514217060472524,MSFT,US,Technology
2025-10-13,247.27,253.32,252.02,252.6,11633362,251.714,255.47000000000003,252.45350000000002,245.25199999999998,252.99001437769928,250.97978192866435,52.40615976900866,30.067064083457495,2.0102324490349304,3.0772105758129844,-1.066978126778054,252.45350000000002,5.098011247947749,262.6495224958955,242.25747750410451,0.5071841740027437,0.08077544970345116,4.951428571428577,14424127.2,0.8065209792020568,200648820.0,0.011613936724068852,0.0051464766428932565,0.02155538480195102,0.007739567541690029,0.0017051988737757373,-0.016738030362008494,35.88867187324757,20.865885415647785,0,0,-0.029532858273950913,MSFT,US,Technology
2025-10-14,252.27,254.11,250.76,252.25,5999809,250.436,255.41500000000002,252.6085,245.7008,252.8761660118994,251.07387215617075,53.1219512195122,38.816738816738855,1.8022938557286352,2.822227231796115,-1.0199333760674798,252.6085,5.039070794667929,262.68664158933586,242.53035841066412,0.4822139827415428,0.07979257696630142,5.105000000000008,13533234.25,0.44333885350880897,194649011.0,-0.0013855898653998278,0.013280475718480643,-7.928013636156084e-05,-0.0021756329113924444,0.012442303833032353,-0.02470615527373954,34.17968749833104,30.59895833183918,1,0,0.006422200198216155,MSFT,US,Technology
2025-10-15,253.11,248.48,244.06,246.03,9903190,249.36999999999998,253.99,252.53650000000002,245.981,251.8229097023764,250.70025199645428,46.04453870625664,25.04946576968736,1.1226577059221086,2.482313326621314,-1.3596556206992054,252.53650000000002,5.1258953261579565,262.78829065231594,242.2847093476841,0.18266519377700913,0.08119056573822257,4.965714285714294,13554261.25,0.730632904789783,184745821.0,-0.024658077304261616,0.017965288785847345,-0.02797202797191751,-0.05474873213462417,-0.0058188871378348495,-0.02120464672183331,9.090909090489562,26.38642282068938,1,0,0.03617445027029231,MSFT,US,Technology
2025-10-16,247.79,246.79,243.32,244.86,8765711,249.08800000000002,252.19099999999997,252.34,246.1254,250.7516928250877,250.26764073745753,43.76584953508033,33.03757828810018,0.48405208763017527,2.082661078823086,-1.5986089911929109,252.34,5.347608417738251,263.0352168354765,241.6447831645235,0.15031097007127522,0.08476830336398603,4.989285714285724,13174189.4,0.6653699949561985,175980110.0,-0.0047555176198024185,0.014171363227909121,-0.011824528834852714,-0.06844207723035955,-0.01579645484143244,-0.00572542331587278,6.87193217283043,16.714176253883668,1,1,0.0298537940047372,MSFT,US,Technology
2025-10-17,242.43,247.19,238.89,242.58,3126463,247.664,250.119,252.05749999999998,246.2424,249.49450931353573,249.69818586801603,41.83838383838385,38.71559633027521,-0.2036765544802961,1.6253935521624097,-1.8290701066427058,252.05749999999998,5.712915998902654,263.4833319978053,240.63166800219466,0.08525996172945355,0.09066051990327595,5.435714285714296,12852571.45,0.2432558160759483,172853647.0,-0.009311443273707476,0.03421551653048807,0.0006187353050339766,-0.07869350550702625,-0.02276114893445591,-0.028514217060472524,13.748137108280702,9.903659457200222,1,1,0.022178250474070405,MSFT,US,Technology
2025-10-20,245.45,246.86,243.76,245.14,13489608,246.17200000000003,248.94299999999998,251.8515,246.4494,248.82458480376096,249.3605424703851,42.32772435897432,35.27131782945733,-0.5359576666241423,1.1931233084050994,-1.7290809750292417,251.8515,5.890616333582208,263.6327326671644,240.07026733283558,0.2151613846435246,0.0935569783552422,5.575000000000009,13085067.25,1.0309161360316175,186343255.0,0.010553219556434845,0.01264583503299085,-0.0012629863515939675,-0.0457765667574932,-0.016528925619834767,-0.029532858273950913,23.28614008855116,14.635403123220755,1,1,0.011544423594680664,MSFT,US,Technology
2025-10-21,243.88,254.46,253.41,253.87,13101238,246.496,248.46600000000004,252.01500000000001,246.81320000000002,249.6008025262593,249.69457636146777,43.73656439319917,52.979821679962484,-0.0937738352084807,0.9357438796823834,-1.029517714890864,252.01500000000001,5.899425931036095,263.8138518620722,240.21614813792783,0.5786093435660602,0.09363610786679666,5.651428571428582,12358900.35,1.0600649385392173,199444493.0,0.03561230317369679,0.0041359751053526425,0.04096276857454095,-0.018442622950819554,0.013048683160415075,0.006422200198216155,55.81222056423949,30.948832587023773,0,0,-0.025012801827707043,MSFT,US,Technology
2025-10-22,254.97,255.29,254.65,254.93,8029463,248.276,248.823,252.277,247.1942,250.42067906068092,250.08238551987765,42.02577527184855,56.0853769300636,0.3382935408032779,0.8162538119065622,-0.4779602711032843,252.277,5.9070877141912534,264.0911754283825,240.4628245716175,0.6122803709607251,0.09366034500438541,5.363571428571435,12332025.65,0.6511065235169597,207473956.0,0.0041753653444676075,0.002510493076520911,-0.0001568812017093586,0.014202737110120989,0.02098602266810845,0.03617445027029231,62.70523846510142,47.26786637263067,0,0,-0.044992743105950694,MSFT,US,Technology
2025-10-23,256.36,256.25,248.89,252.17,5120766,249.738,249.413,252.39750000000004,247.5864,250.6898053590377,250.2370236295164,39.29189917259956,66.54094827586204,0.4527817295213197,0.7435593954295138,-0.2907776659081941,252.39750000000004,5.877547711865415,264.1525954237309,240.6424045762692,0.4903233452264836,0.09314747906523846,5.73928571428572,12324050.6,0.4155099447976995,202353190.0,-0.010826501392539156,0.0291866597928811,-0.016344203463815266,0.023957445080602602,0.009649263292760946,0.0298537940047372,60.17217942636285,59.56321281856791,0,0,-0.03196256493635241,MSFT,US,Technology
2025-10-24,253.29,250.04,246.29,247.96,20958106,250.81400000000002,249.23900000000003,252.25750000000002,247.8578,250.26983530380113,250.06835521251514,41.020490156689455,57.17592592592591,0.20148009128598687,0.6351435346008084,-0.43366344331482154,252.25750000000002,5.9514870985495625,264.1604741970991,240.3545258029009,0.3194778914430132,0.09437161786707572,5.470000000000005,13022084.05,1.6094278235419757,181395084.0,-0.016695086647896207,0.015123407001068224,-0.02104307315716744,-0.006968362034441289,-0.011166055192215585,0.022178250474070405,44.46078431154607,55.779400734336775,0,0,-0.03165833198903045,MSFT,US,Technology
2025-10-27,248.13,248.22,247.77,247.97,11422495,251.37999999999997,248.77599999999998,252.123,247.98,249.91601448783175,249.91292149306955,38.89698231009365,63.94205897568544,0.0030929947621984866,0.5087334266330864,-0.5056404318708879,252.123,6.019497356178848,264.1619947123577,240.0840052876423,0.3275188211493867,0.09550096351629912,5.331428571428573,13166546.0,0.8675391505456974,192817579.0,4.032908533635471e-05,0.0018147356534991084,-0.0006448232781177277,-0.01832937450514649,-0.010731668395436045,0.011544423594680664,52.30414746242491,52.31237040011126,0,0,-0.014437230310118232,MSFT,US,Technology
2025-10-28,246.66,248.56,246.7,247.52,16625468,250.11000000000004,248.30299999999997,251.859,248.1078,249.54739687431916,249.73566804913844,45.342066957787466,56.910569105691124,-0.18827117481927758,0.36933250634261355,-0.5576036811618912,251.859,6.103441565818436,264.0658831316369,239.65211686836312,0.32227240346568176,0.09693426188135758,4.942142857142861,12529015.0,1.3269572007889525,176192111.0,-0.0018147356535064274,0.007514544279219857,0.003486580718383715,-0.018751238850346796,-0.02088607594936709,-0.025012801827707043,49.71198156395678,48.82563777930924,1,0,0.004242081447963786,MSFT,US,Technology
2025-10-29,248.23,245.11,242.15,243.46,20241723,247.81599999999997,248.046,251.01800000000003,248.165,248.61087427827007,249.2708037492022,46.50410549888031,8.525896414342583,-0.6599294709321271,0.1634801108876654,-0.8234095818197924,251.01800000000003,6.040531172181626,263.0990623443633,238.93693765563677,0.18719638286969018,0.09625654211502865,4.948571428571433,12986645.95,1.558656601502515,155950388.0,-0.01640271493212675,0.012158054711196294,-0.019216049631312758,-0.010445880583668576,-0.06462271400030728,-0.044992743105950694,26.32488479111042,42.78033793916402,1,1,0.038774336646677066,MSFT,US,Technology
2025-10-30,242.67,245.08,243.33,244.11,7707020,246.204,247.971,250.081,248.3064,247.91843208161316,248.88852199000198,42.52873563218394,5.436573311367368,-0.9700899083888146,-0.06323389296763067,-0.9068560154211839,250.081,5.541409567970372,261.16381913594074,238.99818086405924,0.23061908134604991,0.08863383572439679,4.61571428571429,12574111.7,0.612927542791946,163657408.0,0.0026698430953751018,0.00716889926669465,0.005933984423266544,-0.0030629747610879665,-0.07129541563629449,-0.03196256493635241,30.069124422231173,35.36866359243278,1,1,0.02949489984023601,MSFT,US,Technology
2025-10-31,241.31,240.78,239.57,240.11,15009185,244.63400000000001,247.72400000000002,248.9215,248.34080000000003,246.71713483828805,248.2382611018536,33.78343287457804,4.932735426008961,-1.5211262635655487,-0.35481236708721436,-1.1663138964783344,248.9215,5.032668304503345,258.9868366090067,238.85616339099332,0.06228488214802735,0.08087157283694854,4.681428571428577,12112479.75,1.2391503697539417,148648223.0,-0.016386055466797722,0.00503935696137174,-0.00497285649162909,-0.01018220793140412,-0.08807443980250662,-0.03165833198903045,7.027649769180586,21.14055299417405,1,1,0.055766107200866166,MSFT,US,Technology
2025-11-03,243.19,245.01,243.9,244.39,8864110,243.91799999999998,247.64900000000003,248.296,248.5456,246.359114093936,247.95320472393846,40.73986804901034,36.72862453531587,-1.594090630002455,-0.6026680196702627,-0.9914226103321924,248.296,4.75881608452261,257.8136321690452,238.77836783095478,0.29480190393370453,0.07666359642528985,4.792142857142859,11959284.9,0.7411905756011736,157512333.0,0.017825163466744343,0.004541920700501016,0.00493441342158417,-0.003059476217671553,-0.04869599065784347,-0.014437230310118232,31.682027647944558,22.92626727978543,1,1,0.03613077458161151,MSFT,US,Technology
2025-11-04,245.18,248.84,248.35,248.57,9692096,244.12800000000001,247.119,247.79250000000002,248.90779999999998,246.6992503871766,247.99889326290602,53.14356435643563,51.70261066969352,-1.2996428757294325,-0.7420629908820968,-0.5575798848473357,247.79250000000002,4.092912841279618,255.97832568255924,239.6066743174408,0.5474906276778548,0.06607000359192623,4.525000000000004,11744402.7,0.8252522859036258,167204429.0,0.017103809484839916,0.0019712756969788706,0.01382657639279778,-0.02087682672233826,-0.03893442622950816,0.004242081447963786,55.76036866038246,31.490015359169195,1,1,0.013597779297582102,MSFT,US,Technology
2025-11-05,250.62,253.2,252.66,252.9,9580955,246.016,246.916,247.86950000000002,249.26239999999999,247.65321186607252,248.36193820639454,59.22865013774105,62.511627906976734,-0.7087263403220163,-0.7353956607700808,0.02666932044806447,247.86950000000002,4.177179198050679,256.2238583961014,239.51514160389866,0.80107039707241,0.06740932947432142,4.607857142857147,10992648.1,0.8715783532106015,176785384.0,0.017419640342760667,0.0021352313167175042,0.00909743835284855,-0.007962970227121224,0.006126670910248322,0.038774336646677066,80.7027649723098,56.04838709354559,0,1,-0.007987346777382442,MSFT,US,Technology
2025-11-06,251.85,253.92,249.23,251.31,9993407,247.456,246.83,248.12150000000003,249.645,248.2157946559075,248.58031315406905,60.18194541637508,70.62532842879662,-0.36451849816154436,-0.6612202282483736,0.2967017300868292,248.12150000000003,4.227331216089156,256.57616243217836,239.66683756782172,0.6885645952685238,0.06814937385228002,4.350000000000002,11139316.75,0.8971291801062053,166791977.0,-0.006287069988137661,0.018662210019423562,-0.002144133412737137,-0.0034103977475511416,0.020465342916311302,0.02949489984023601,70.38369304134393,68.94894222467872,0,1,-0.020253869722653306,MSFT,US,Technology
2025-11-07,252.99,253.55,253.46,253.5,17453936,250.13400000000001,247.38400000000001,248.31149999999997,249.9908,249.02874932422944,248.9447344019158,59.835294117647074,72.82450170150702,0.08401492231362795,-0.5121731981359733,0.5961881204496012,248.31149999999997,4.384487337251831,257.08047467450365,239.5425253254963,0.7958441660397342,0.0706288244762595,4.204285714285717,11335905.55,1.5397035890349677,184245913.0,0.008714336874776185,0.00035502958579742953,0.002015889956116744,0.022342313276334957,0.015218261914297093,0.055766107200866166,83.51318944343447,78.19988248569605,0,0,-0.048875739644970384,MSFT,US,Technology
2025-11-10,255.33,255.23,251.6,253.22,10638705,251.9,247.90900000000002,248.34249999999997,250.2166,249.6735571205018,249.26142074251464,49.045521292217316,88.90207715133528,0.4121363779871672,-0.32731128291134515,0.7394476608985123,248.34249999999997,4.418464695248023,257.179429390496,239.50557060950393,0.775972556964737,0.07116727415130682,3.797857142857144,11286172.7,0.9426316910220867,173607208.0,-0.001104536489151875,0.014335360555981598,-0.008263815454477538,0.021171915957575616,0.002454473475851149,0.03613077458161151,81.83453236919456,78.57713828465764,0,0,-0.0354632335518521,MSFT,US,Technology
2025-11-11,255.0,254.16,250.19,251.95,9260135,252.57600000000002,248.352,248.32749999999996,250.3936,250.02377910196307,249.46057476158762,45.65090484530061,77.31213872832365,0.5632043403754494,-0.1492081582539862,0.7124124986294356,248.32749999999996,4.404989844064469,257.1374796881289,239.517520311871,0.705590712324547,0.07095452326539325,3.9800000000000018,11449189.0,0.8088026314525307,164347073.0,-0.005015401627043725,0.01575709466157667,-0.01196078431367863,0.017897543632837687,-0.0011892963330030204,0.013597779297582102,74.22062349674931,79.85611510312611,0,0,-0.03254614010716406,MSFT,US,Technology
2025-11-12,251.93,251.43,250.45,250.88,8708647,252.17199999999997,249.094,248.57,250.50419999999997,250.15550539396872,249.5657173718404,48.01964998464846,60.76421248835042,0.5897880221283174,-0.0014089221775254407,0.5911969443058428,248.57,4.405352008158323,257.38070401631666,239.75929598368336,0.6310905459479164,0.0708911293903625,3.5614285714285723,11389461.85,0.7646231534088546,155638426.0,-0.004246874379837284,0.0039062499999845024,-0.004167824395648965,0.030477285796434606,0.01971304312482225,-0.007987346777382442,72.22222221761037,76.09245936118474,0,0,-0.02439413265306123,MSFT,US,Technology
2025-11-13,249.52,247.7,245.03,246.22,11860839,251.154,249.305,248.638,250.37019999999995,249.55004302566584,249.31788645540774,47.36523319200483,19.801084990958387,0.23215657025809833,0.045304176309599334,0.186852393948499,248.638,4.355283059263866,257.34856611852774,239.92743388147227,0.36120305113016576,0.07006624987727302,3.559285714285715,11544218.25,1.0274266923681306,143777587.0,-0.01857461734693877,0.010843960685521662,-0.01322539275403489,0.00864364425873565,0.005554194233439391,-0.020253869722653306,42.46487866906359,62.969241461141074,1,0,0.01015352124116653,MSFT,US,Technology
2025-11-14,246.02,243.45,239.24,241.11,6392663,248.67600000000002,249.40499999999997,248.5645,250.1444,248.2515748678711,248.70989486611825,41.00209863588669,15.02057613168725,-0.4583199982471342,-0.055420658601747406,-0.4028993396453868,248.5645,4.473693252312296,257.5118865046246,239.6171134953754,0.08342584193549472,0.07199247281561612,4.025714285714287,11707528.25,0.5460300686415112,137384924.0,-0.020753797416944164,0.017460909958037903,-0.01995772701398276,0.004164757819332898,-0.006059856542171671,-0.048875739644970384,11.694809255053526,42.12730338057582,1,1,0.0057650035253618,MSFT,US,Technology
2025-11-17,238.71,244.65,243.92,244.24,7777662,246.88000000000002,249.39000000000001,248.51950000000002,250.02199999999996,247.63440950358324,248.37879154270203,45.98039215686274,20.167525773195877,-0.7443820391187899,-0.19321293470515594,-0.551169104413634,248.51950000000002,4.514294809997912,257.54808961999584,239.4909103800042,0.26300285092230163,0.07265900357886994,4.145714285714285,11421930.95,0.6809410206650723,145162586.0,0.012981626643440825,0.0029888634130241947,0.023166184910463888,-0.0006137730676376574,-0.0036713714612057746,-0.0354632335518521,31.269543462709883,28.476410462275656,0,1,-0.017974123812643406,MSFT,US,Technology
2025-11-18,242.36,246.09,241.87,243.75,9741984,245.24,248.908,248.01350000000002,249.98680000000002,247.0368080414935,248.03591809509447,50.38947085683587,19.898283534647163,-0.9991100536009867,-0.35439235848432216,-0.6447176951166645,248.01350000000002,4.4497064066361505,256.9129128132723,239.11408718672772,0.26046172428915576,0.07176555157873601,4.063571428571428,11253968.25,0.8656487132306675,135420602.0,-0.0020062233868326507,0.01731282051274948,0.005735269846485604,-0.019390916039747297,-0.03986292196793639,-0.03254614010716406,28.20512820336426,23.723160307042548,0,0,-0.012512820512820544,MSFT,US,Technology
2025-11-19,243.85,247.28,242.75,244.76,7535769,244.016,248.094,247.50499999999997,249.96439999999998,246.68652988126374,247.79325749545785,50.86459164671453,26.76147382029731,-1.1067276141941136,-0.5048594096262805,-0.6018682045678331,247.50499999999997,4.191304909225933,255.88760981845184,239.1223901815481,0.3362681754378017,0.06773689273685786,4.262142857142856,11229283.55,0.6710818455482099,142956371.0,0.004143589743589748,0.018507926131645258,0.003731802337487246,-0.03218663503361019,-0.03989330404424751,-0.02439413265306123,34.5215759828316,31.332082549635242,0,0,-0.009887236476548433,MSFT,US,Technology
2025-11-20,243.66,253.94,244.54,248.72,9424823,244.516,247.83500000000004,247.33249999999998,249.90560000000002,246.9993714379924,247.8619050883869,61.46471371504659,44.117647058823536,-0.8625336503944823,-0.5763942577799209,-0.28613939261456134,247.33249999999998,4.0580820917219285,255.44866418344384,239.21633581655612,0.5854775709346108,0.06562958109759974,4.609285714285712,11444486.4,0.8235251322833385,152381194.0,0.016179114234352143,0.03779350273384614,0.02076664204210472,-0.010305996577931631,-0.013681246777967226,0.01015352124116653,59.28705440529788,40.671252863831235,0,0,-0.030315213895143134,MSFT,US,Technology
2025-11-21,248.53,246.95,238.94,242.5,7368371,244.794,246.73500000000004,247.05949999999999,249.64440000000002,246.30716044753203,247.46472693369154,47.6069891111674,40.66265060240963,-1.15756648615951,-0.6926287034558388,-0.46493778270367125,247.05949999999999,4.194992597697099,255.44948519539417,238.6695148046058,0.22827723207835512,0.06791874180398026,4.957857142857143,10764999.65,0.6844747380484366,145012823.0,-0.02500804117079447,0.0330309278349153,-0.02426266446696873,-0.04339250493096647,-0.02201968059364412,0.0057650035253618,21.853898095650493,38.55417616125998,1,0,0.01101030927835045,MSFT,US,Technology
2025-11-24,242.38,240.33,239.47,239.85,27236663,243.916,245.398,246.65350000000004,249.398,245.31375114791172,246.9006730867514,38.51422550052688,46.39175257731953,-1.58692193883968,-0.8714873505326071,-0.715434588307073,246.65350000000004,4.485136006856095,255.62377201371223,237.68322798628785,0.12077515655485078,0.07273581776602255,4.85642857142857,11555708.05,2.3569876051872383,117776160.0,-0.010927835051546375,0.003585574317266742,-0.01043815496323774,-0.05279993681383777,-0.0327458966810501,-0.017974123812643406,5.586249232315129,28.909067244421156,1,1,0.02634980195955805,MSFT,US,Technology
2025-11-25,241.95,242.31,239.4,240.7,19435775,243.30599999999998,244.273,246.3125,249.229,244.60394327900224,246.44136396921422,32.30858468677491,38.33992094861653,-1.8374206902119852,-1.0646740184684826,-0.7727466717435025,246.3125,4.671189271537143,255.6548785430743,236.9701214569257,0.19962146286823806,0.0758579328538857,4.733571428571428,11696223.4,1.6617135868220858,137211935.0,0.003543881592662057,0.012089738263348181,-0.005166356685244199,-0.04465171661043854,-0.027553329023917383,-0.012512820512820544,10.804174339422651,12.74810722246275,1,1,0.005027004570004268,MSFT,US,Technology
2025-11-26,242.11,242.61,242.13,242.34,12522927,242.82199999999997,243.419,246.25650000000002,249.1264,244.25564431300188,246.13755923075394,37.0112945264987,45.682792406613615,-1.8819149177520558,-1.2281221983251973,-0.6537927194268585,246.25650000000002,4.71370596742795,255.68391193485593,236.8290880651441,0.2922812736223054,0.07656579164259728,4.535000000000001,11310283.6,1.107215905071036,149734862.0,0.006813460739509836,0.001980688289172392,0.000949981413403163,-0.03404017857142849,-0.004600345025876917,-0.009887236476548433,20.871700428430266,12.420708000056004,0,1,-0.01485516216885363,MSFT,US,Technology
2025-11-27,242.29,241.4,241.0,241.18,9735469,241.314,242.91500000000002,246.10999999999999,248.97420000000002,243.78246826484775,245.77033262106843,31.611940298507477,39.138349514563174,-1.9878643562206832,-1.3800706299042946,-0.6077937263163886,246.10999999999999,4.82807360515969,255.76614721031936,236.4538527896806,0.24472220167811412,0.07847017358319565,4.470714285714286,11411706.05,0.8531124184440048,139999393.0,-0.004786663365519472,0.0016585123144470817,-0.004581286887595047,-0.020469498822191512,-0.012002785629429358,-0.030315213895143134,13.750767341083503,15.142214036312131,1,1,0.002860933742433014,MSFT,US,Technology
2025-11-28,242.5,248.61,242.42,245.17,29903250,241.848,243.321,246.36299999999997,248.91300000000004,243.9959346856404,245.72586353802632,39.18301531846276,39.24894003634157,-1.7299288523859104,-1.450042274400618,-0.2798865779852924,246.36299999999997,4.625438926540403,255.61387785308077,237.11212214691918,0.43551963287256024,0.07509957138891186,4.742142857142858,12156409.3,2.45987501754527,169902643.0,0.01654366033667798,0.025247787249560626,0.01101030927830506,0.016838787275517353,0.021073674565823985,0.01101030927835045,40.93298291452471,25.185150228012816,0,0,-0.005628747399763379,MSFT,US,Technology
2025-12-01,244.31,249.12,243.81,246.17,11752447,243.112,243.51399999999998,246.452,248.85120000000003,244.33040627246498,245.75876253520957,42.176502436383316,66.25332152347207,-1.428356262744586,-1.4457050720694118,0.017348809324825742,246.452,4.602545748650229,255.65709149730046,237.24690850269954,0.4846823901442265,0.07470088696592528,4.837857142857144,12300826.15,0.9554192459325794,181655090.0,0.004078802463596709,0.02157045943851173,0.007613278212076345,0.007902063544054982,0.007283440402635177,0.02634980195955805,48.1999999967866,34.29458341746493,0,0,-0.036844457082503945,MSFT,US,Technology
2025-12-02,245.79,244.22,240.05,241.91,28725195,243.35399999999998,243.32999999999998,246.11899999999997,248.6774,243.95803607670115,245.4736690140829,38.82382257662595,57.98449612403103,-1.5156329373817528,-1.45969064513188,-0.05594229224987268,246.11899999999997,4.681493126635396,255.48198625327078,236.75601374672917,0.27523196732213173,0.0760850340951553,5.167857142857143,13252481.1,2.167533204968449,152929895.0,-0.017305114351870654,0.017237815716517505,-0.015785833434981935,-0.00754871794871792,-0.02679325743251393,0.005027004570004268,19.799999998679993,36.310994303330425,1,1,0.001157455251953321,MSFT,US,Technology
2025-12-03,242.91,238.84,238.65,238.74,11636518,242.63400000000001,242.728,245.411,248.4584,243.15526129567021,244.9748787167434,40.32091097308489,43.56110381077536,-1.8196174210731897,-1.5316760003201422,-0.2879414207530475,245.411,4.672729282482219,254.75645856496445,236.06554143503556,0.14308867490182595,0.07616169254781868,4.982857142857142,13355259.25,0.8713059709937139,141293377.0,-0.01310404695961298,0.0007958448521370608,-0.017166851920393647,-0.02459552214414118,-0.05599051008303679,-0.01485516216885363,0.5886200130419703,22.862873336169514,1,0,0.024587417274021917,MSFT,US,Technology
2025-12-04,237.39,244.96,239.4,241.87,11652918,242.77200000000002,242.04299999999998,244.939,248.30059999999997,242.957528788644,244.74488770068834,51.03655210038188,48.5936564931179,-1.7873589120443398,-1.582812582664982,-0.2045463293793579,244.939,4.519771652359504,253.978543304719,235.89945669528097,0.33024584888441827,0.07381056756728911,4.928571428571429,13438234.8,0.867146415156668,152946295.0,0.01311049677473397,0.02298755529820571,0.018871898563465803,-0.0275410099710518,-0.03756316899446899,0.002860933742433014,21.059516022167465,13.8160453446298,1,1,0.032951585562492225,MSFT,US,Technology
2025-12-05,241.57,244.2,243.46,243.79,20241682,242.496,242.17199999999997,244.45350000000002,248.16119999999998,243.08560128269878,244.67415527841513,49.36530324400562,57.469948483113896,-1.588553995716353,-1.5839608652752564,-0.00459313044109666,244.45350000000002,4.048740252421528,252.55098050484307,236.35601949515697,0.45903046632454236,0.06624965897244198,4.842142857142856,13577622.1,1.4908118932834422,173187977.0,0.007938148592218974,0.0030353993190735686,0.009189882849653554,0.005319587628865863,-0.03830374753451682,-0.005628747399763379,33.61674296706227,18.42162633409056,1,1,0.019812133393494413,MSFT,US,Technology
2025-12-08,242.33,238.54,235.94,237.1,9905624,240.68199999999996,241.897,243.64749999999998,247.89,242.16473954689897,244.11310673927326,42.01680672268906,29.995042141794713,-1.9483671923742918,-1.6568421306950638,-0.291525061679228,243.64749999999998,3.809153621972962,251.26580724394591,236.02919275605404,0.07027855464392127,0.06253548461539452,5.1014285714285705,13540968.05,0.7315299195665763,163282353.0,-0.02744165060092707,0.010965837199447612,-0.021582140056858153,-0.011465499270377322,-0.06366005844720013,-0.036844457082503945,6.4444444440864,20.37356781110537,1,1,0.044791227330240435,MSFT,US,Technology
2025-12-09,237.22,242.8,241.7,242.19,28566865,240.738,242.046,243.15950000000004,247.6778,242.16862577045296,243.970654388216,47.19002842772798,41.79719703215169,-1.8020286177630283,-1.6858794281086569,-0.11614918965437138,243.15950000000004,3.277621851281933,249.7147437025639,236.60425629743617,0.42605156692748875,0.05391723294822461,5.1850000000000005,14506304.55,1.9692722520931596,191849218.0,0.02146773513285538,0.004541888599840955,0.02095101593448718,0.006190278354798462,-0.03873784481047826,0.001157455251953321,34.72222222029321,24.92780321048062,1,1,0.006441223832528209,MSFT,US,Technology
2025-12-10,243.98,246.24,243.3,244.61,6433858,241.91199999999998,242.273,242.846,247.3644,242.54422180576788,244.0180133224222,45.34962661235575,56.021409455843035,-1.4737915166543303,-1.6434618458177914,0.16967032916346114,242.846,2.759152043654202,248.3643040873084,237.3276959126916,0.659831713822841,0.0454469424020628,4.802857142857143,14392565.1,0.4470264687545885,198283076.0,0.009992154919691298,0.012019132496578138,0.0025821788671097703,0.009367005034249365,-0.02499202806122447,0.024587417274021917,65.78148709667828,35.64938458701929,1,1,0.036384448714279705,MSFT,US,Technology
2025-12-11,243.77,249.92,249.78,249.84,14148522,243.506,243.13900000000004,243.027,247.1042,243.66664922026513,244.4492715948354,58.49537037037038,72.67156862745098,-0.7826223745702805,-1.4712939515682895,0.688671576998009,243.027,3.090924065542268,249.20884813108452,236.84515186891545,1.0510488008182193,0.05087375584654462,4.483571428571428,14506949.25,0.9752926532577032,212431598.0,0.021380973795020575,0.0005603586295205972,0.024900520982791535,0.035906791607927646,0.014702298757208965,0.032951585562492225,99.42775392707966,66.64382108135038,1,0,0.012888248479026476,MSFT,US,Technology
2025-12-12,250.1,249.72,247.74,248.62,6059769,244.47200000000004,243.484,243.4025,246.81060000000002,244.42870318637816,244.75821443966242,60.49796504668425,64.95347806823219,-0.32951125328426656,-1.2429374119114849,0.9134261586272183,243.4025,3.295205248778828,249.99291049755766,236.81208950244235,0.8958402895417301,0.054152364889683384,4.4171428571428555,14490304.55,0.41819470121525487,206371829.0,-0.0048831252001281245,0.007963961065047164,-0.00591763294679757,0.014071868499408557,0.03114760897515656,0.019812133393494413,90.70100142412737,85.3034141492951,1,1,0.043480009653286134,MSFT,US,Technology
2025-12-15,247.6,248.9,246.79,247.72,24807240,246.596,243.63899999999998,243.57649999999998,246.627,244.93505654231998,244.9776059626504,58.393113342898154,59.11832946635732,-0.042549420330402654,-1.0028598135952684,0.9603103932648658,243.57649999999998,3.4308434976348856,250.43818699526975,236.71481300473022,0.8019301231646451,0.05634112482313847,4.359999999999999,15341783.45,1.6169722681770569,181564589.0,-0.003619982302308755,0.008517681252993283,0.00048465266558772173,0.006296461794694785,0.014248280379954181,0.044791227330240435,84.26323318424447,91.46399617848384,1,1,0.03798643629904719,MSFT,US,Technology
2025-12-16,246.43,248.47,239.98,243.75,8476540,246.908,243.823,243.57649999999998,246.32920000000001,244.75274015119385,244.88667218763922,51.596828992072474,67.65799256505576,-0.13393203644537266,-0.8290742581652892,0.6951422217199166,243.57649999999998,3.4308434976348856,250.43818699526975,236.71481300473022,0.512642663502939,0.05634112482313847,4.829999999999998,15278511.25,0.5548014009021068,173088049.0,-0.016026158566122994,0.03483076923062638,-0.010875299273583296,0.007606134512835316,0.0,0.006441223832528209,55.865522170539,76.94325225963694,1,1,0.058461538461538565,MSFT,US,Technology
2025-12-17,242.39,255.58,251.85,253.51,9713245,248.68800000000002,245.3,244.01400000000004,246.37220000000002,246.10001089716403,245.52543721077706,61.687203791469194,74.08510638297871,0.5745736863869695,-0.5483446692548375,1.122918355641807,244.01400000000004,4.085202307687689,252.18440461537543,235.84359538462465,1.0811217709493164,0.06696668728304035,5.579285714285713,15387385.05,0.6312472416327009,182801294.0,0.04004102564102552,0.014713423533530452,0.04587648005261821,0.061866465611124966,0.03574930544206567,0.036384448714279705,89.46028512782779,76.52968016087041,0,1,-0.006824188394935038,MSFT,US,Technology
2025-12-18,255.18,254.66,251.77,253.06,15874333,249.33200000000002,246.419,244.231,246.50799999999998,247.1707784514465,246.0835529729417,58.016663279821195,69.62378077101718,1.0872254785047915,-0.2212306397029116,1.308456118207703,244.231,4.447533793250485,253.12606758650097,235.33593241349902,0.9962862796232423,0.07284142951930386,5.254999999999997,15709860.55,1.0104693125064492,166926961.0,-0.001775077906196909,0.011420216549389734,-0.00830786111760991,0.04626452226402611,0.017449340623994836,0.012888248479026476,87.16904276541905,77.49828335459527,0,1,-0.009918596380305011,MSFT,US,Technology
2025-12-19,255.77,259.78,259.15,259.43,18732414,251.494,247.983,245.07750000000001,246.70260000000002,249.05681253583936,247.07217867864972,62.147306705753046,71.15130127922366,1.9846338571896354,0.21994225967559794,1.7646915975140374,245.07750000000001,5.570186498814734,256.21787299762946,233.93712700237054,1.14416604371819,0.09091306217489568,5.3557142857142805,16278062.7,1.150776550898987,185659375.0,0.025171895993045146,0.002428400724656235,0.0143097313992481,0.064153574797982,0.06981443298969081,0.043480009653286134,98.53187919049796,91.72040236124826,0,0,-0.01892610723509225,MSFT,US,Technology
2025-12-22,260.0,257.29,257.0,257.13,5735337,253.37600000000003,249.98600000000002,245.9415,246.79319999999998,250.29884137647943,247.81720248023123,64.4621816799696,67.91578947368419,2.4816388962481994,0.6722815869901184,1.809357309258081,245.9415,6.037246910898714,258.0159938217974,233.86700617820256,0.9633113472151821,0.09818996648998501,5.092142857142854,15202996.4,0.37725040984352204,179924038.0,-0.008865589947191999,0.0011278341694819455,-0.0110384615384191,0.08447912273302394,0.07204502814258906,0.03798643629904719,88.88422818419119,91.52838338003608,0,0,-0.02784583673628127,MSFT,US,Technology
2025-12-23,256.3,260.42,256.06,258.0,8410707,256.226,251.567,246.8065,246.9082,251.4836350108672,248.5714837779919,69.13751987281398,71.66947723440136,2.912151232875317,1.1202555161671583,1.7918957167081586,246.8065,6.470533432008077,259.74756686401616,233.86543313598384,0.9324797992579763,0.10486812028016873,5.1707142857142845,14651743.0,0.5740413564419362,188334745.0,0.0033835025084587578,0.016899224806136103,0.006632852126388434,0.06527932614889131,0.07187370170336527,0.058461538461538565,90.11437908128612,92.51016215199176,0,0,-0.014418604651162736,MSFT,US,Technology
2025-12-24,258.82,252.82,250.94,251.78,4978474,255.88000000000002,252.28400000000002,247.27849999999998,247.0232,251.52922962457993,248.80915164628883,59.277288897210255,65.46014632268002,2.7200779782911013,1.4402200085919472,1.279857969699154,247.27849999999998,6.471877035946991,260.222254071894,234.334745928106,0.6738869563776964,0.10468968447998227,5.230714285714285,14274520.35,0.34876644042428784,183356271.0,-0.02410852713178291,0.0074668361267476715,-0.027200370914043707,0.029311965986672517,0.03895353635388288,-0.006824188394935038,64.70588235029793,81.23482987192507,1,0,0.01596631980300267,MSFT,US,Technology
2025-12-25,251.4,252.15,249.26,250.55,10710640,255.37800000000001,252.35499999999996,247.747,247.13699999999997,251.37857891310605,248.93810337619337,56.41122913505313,41.51376146788996,2.440475536912686,1.6402711142560953,0.8002044226565908,247.747,6.345076085147628,260.4371521702953,235.05684782970476,0.610439968007268,0.10244444671575471,5.270714285714287,14323278.9,0.7477784470301386,172645631.0,-0.004885217253157492,0.011534623827533346,-0.0033810660302172365,0.0028418187640089076,0.03885065096608353,-0.009918596380305011,59.681372546581656,71.50054465938857,1,1,0.005867092396727225,MSFT,US,Technology
2025-12-26,251.46,254.96,254.18,254.52,9505768,254.39600000000002,252.945,248.2145,247.37579999999997,251.86187446493588,249.35157720017907,67.42000000000002,53.48282442748094,2.510297264756815,1.8142763443562393,0.6960209204005758,248.2145,6.488050939997016,261.190601879994,235.23839812000597,0.7429658790279151,0.10455555078322776,5.025000000000001,13303404.8,0.714536423447295,182151399.0,0.01584514069048093,0.0030645921734910285,0.012168933428727564,0.023730995092912988,0.038136803034629185,-0.01892610723509225,71.13502935072725,65.17409474920227,0,1,-0.016423070878516466,MSFT,US,Technology
2025-12-29,254.86,252.67,247.82,249.97,8399045,252.964,253.17000000000002,248.4045,247.47240000000002,251.57081685494575,249.3973862964621,57.86494136676101,25.28735632183907,2.173430558483659,1.8861071871817234,0.28732337130193564,248.4045,6.480663932036284,261.36582786407257,235.44317213592745,0.560391188922047,0.1043566269050712,5.096428571428573,13135734.7,0.6394042322273583,173752354.0,-0.01787678767876788,0.019402328279315886,-0.019187004629917712,0.009082835459389704,0.015436486980541897,-0.02784583673628127,48.874755379213546,59.897052425507475,0,1,-0.004600552066247987,MSFT,US,Technology
2025-12-30,250.29,257.48,251.72,254.28,7101843,252.21999999999997,254.223,249.023,247.48059999999998,251.98761426187716,249.75906138561308,59.41577409931839,43.26241134751775,2.228552876264075,1.9545963249981937,0.2739565512658815,249.023,6.418202814528105,261.8594056290562,236.1865943709438,0.7047691601220363,0.10309413691911716,5.343571428571431,12054567.1,0.589141223566525,180854197.0,0.017242069048285735,0.02265219443124653,0.01594150785082931,0.043199999999999905,0.051134719523789895,-0.014418604651162736,69.96086105332868,63.323548594423166,0,0,-0.02135441245870695,MSFT,US,Technology
2025-12-31,254.98,258.57,253.59,255.8,8245205,253.02400000000003,254.452,249.87599999999998,247.49800000000002,252.5741351446653,250.20653832001213,56.25524769101595,44.95412844036701,2.3675968246531625,2.0371964249291876,0.33040039972397484,249.87599999999998,6.105686219461415,262.0873724389228,237.66462756107714,0.7425607780324179,0.09773945828229966,5.320000000000003,11885001.45,0.6937487000686315,189099402.0,0.0059776624193803585,0.019468334636358567,0.0032159385049682554,0.009033174233758157,0.07145849040797514,0.01596631980300267,77.39726027018605,65.41095890090942,0,0,-0.0341673182173573,MSFT,US,Technology
2026-01-01,255.13,253.48,250.85,252.02,6885291,253.31799999999998,254.348,250.3835,247.495,252.48888358394757,250.34086881482602,53.38645418326694,50.61983471074383,2.148014769121545,2.0593600937676593,0.08865467535388571,250.3835,5.820373721948802,262.0242474438976,238.7427525561024,0.5702918780480724,0.09298334310248961,5.523571428571434,11646620.1,0.5911835665367358,182214111.0,-0.014777169663799827,0.01043567970791826,-0.01218986399085876,-0.004109697304986892,0.04196469177657414,0.005867092396727225,58.904109586159315,68.75407696989136,0,0,-0.030989603999682536,MSFT,US,Technology
2026-01-02,251.56,252.84,248.34,250.34,13027545,252.48200000000003,253.43900000000002,250.711,247.5426,252.15828610949407,250.34080445817227,52.56963515103963,49.469964664310936,1.817481651321799,2.0109844052784873,-0.19350275395668826,250.711,5.610332479123652,261.9316649582473,239.4903350417527,0.4834680029274563,0.08951075108952185,5.694285714285718,11285913.25,1.1543189777469733,169186566.0,-0.006666137608126399,0.017975553247511482,-0.004849737637124937,-0.0350383533130324,0.026867385864883797,-0.016423070878516466,50.68493150436962,62.32876712023833,0,0,-0.02812175441399689,MSFT,US,Technology
2026-01-05,248.38,251.67,246.55,248.82,21339506,252.252,252.608,251.29700000000003,247.5596,251.64470363111033,250.22815227608544,55.223573047599416,33.58294930875576,1.4165513550248932,1.8920977952277684,-0.4755464402028753,251.29700000000003,4.642421214930367,260.5818424298608,242.0121575701393,0.36661055267882414,0.07389537025769347,5.45357142857143,11857607.35,1.7996467221823869,147847060.0,-0.006071742430294846,0.020577124025317094,0.0017714791851124337,-0.03231828258079572,0.04943061999156484,-0.004600552066247987,16.36625810985089,41.98509973345995,0,0,-0.03641186399807095,MSFT,US,Technology
2026-01-06,248.32,249.07,248.68,248.85,7616904,251.166,251.69299999999998,251.62999999999997,247.5862,251.21474922632413,250.12606692230133,43.99484536082476,45.63862928348909,1.0886823040227966,1.731414696986774,-0.6427323929639774,251.62999999999997,4.16957652778382,259.96915305556763,243.29084694443233,0.33331640624600173,0.06628107185577642,4.636428571428572,10810109.3,0.7046092767434574,155463964.0,0.00012056908608637507,0.0015672091621395186,0.002134342783496564,-0.035465116279069786,0.02749907097733173,-0.02135441245870695,16.582552269892982,27.877913961371174,0,0,-0.05428973277074545,MSFT,US,Technology
2026-01-07,247.25,249.98,244.73,247.06,9436652,249.41800000000003,251.221,251.7525,247.65820000000002,250.57555703765885,249.8989508539827,42.52615844544096,15.019379844961307,0.6766061836761423,1.5204529943246476,-0.8438468106485053,251.7525,3.9843534442132635,259.72120688842654,243.78379311157346,0.20556703453224137,0.06330588088217504,4.805000000000001,10960249.0,0.8609887548185489,146027312.0,-0.0071930882057463785,0.021249898809919655,-0.000768452982807803,-0.01874652474382399,0.010015943747189393,-0.0341673182173573,14.850223071073973,15.93301115027262,0,0,-0.04731644135027924,MSFT,US,Technology
2026-01-08,246.9,245.0,243.57,244.21,8113255,247.856,250.587,251.471,247.6602,249.59624057032673,249.47754708702104,29.219006007646115,0.2575107296137418,0.11869348330569096,1.2401010921208564,-1.1214076088151654,251.471,4.311997827359282,260.09499565471856,242.84700434528145,0.07902344279903385,0.0685883911439829,4.574285714285717,10658485.65,0.7612014037658902,137914057.0,-0.011535659354003025,0.005855616068114128,-0.010895099230413539,-0.025304330472959546,-0.022534422030099255,-0.030989603999682536,3.7982195843444018,11.74366497510379,0,0,-0.022398755169731,MSFT,US,Technology
2026-01-09,243.15,245.35,241.65,243.3,12791352,246.448,249.465,251.205,247.724,248.62758817489186,249.01995100650097,30.371842179960296,0.3416856492027449,-0.39236283160911967,0.9136083073748612,-1.3059711389839808,251.205,4.648118464836218,260.5012369296725,241.90876307032758,0.07482796211642076,0.07401315204423033,4.665000000000002,10995064.8,1.1633720282055975,125122705.0,-0.0037263011342696384,0.0152075626797566,0.000616903146203532,-0.04408297972654407,-0.021398117609202738,-0.02812175441399689,8.790623334640909,9.146355330019766,0,0,-0.04032059186189885,MSFT,US,Technology
2026-01-12,243.41,242.35,237.69,239.76,6213358,244.63600000000002,248.44400000000002,250.80700000000002,247.63139999999999,247.26334384029312,248.3340287097231,25.93667546174143,0.28195488721804907,-1.0706848694299822,0.5167496720138924,-1.5874345414438746,250.80700000000002,5.262427996756484,261.331855993513,240.28214400648704,-0.024805280318518055,0.08392792859426577,4.754285714285716,10065370.7,0.6173004023289076,118909347.0,-0.014549938347718894,0.019436102769355024,-0.014995275461094493,-0.040844901388166654,-0.03213305344744066,-0.03641186399807095,9.913793102973447,7.500878673986257,0,0,-0.025233566900233484,MSFT,US,Technology
2026-01-13,240.25,236.25,234.61,235.34,9293982,241.93400000000003,246.55,250.38649999999998,247.3668,245.42898324947876,247.37150806455844,27.22991689750694,0.22156573116693323,-1.942524815079679,0.02489477459517798,-1.967419589674857,250.38649999999998,6.121834326924403,262.6301686538488,238.14283134615118,-0.114460437687345,0.09779815328541996,4.617857142857143,10106242.8,0.9196277255848507,109615365.0,-0.018435101768435103,0.006968641114952909,-0.02043704474497215,-0.0744848198835929,-0.03450256410256414,-0.05428973277074545,3.0467445741632844,7.250387003925884,0,0,-0.015764425936942383,MSFT,US,Technology
2026-01-14,233.82,236.24,234.68,235.37,5946417,239.596,244.507,249.4795,247.01620000000003,243.88144736494357,246.48250746718375,28.252148997134682,0.22156573116693323,-2.601060102240183,-0.5002962007718944,-2.1007639014682886,249.4795,6.925719780187406,263.3309395603748,235.6280604396252,-0.009315293132206562,0.11104270739935981,4.522857142857142,9917901.4,0.5995639763504831,115561782.0,0.00012747514234723312,0.006627862514310976,0.0066290308784252095,-0.07986708365910866,-0.07155536270758545,-0.04731644135027924,3.171953255293289,5.377496977476678,0,0,-0.029485490929175295,MSFT,US,Technology
2026-01-15,234.5,240.29,237.51,238.74,14167264,238.502,243.179,248.76350000000002,246.7648,243.09045546264454,245.90898839554052,26.99708454810498,22.486772486772523,-2.8185329328959767,-0.9639435471967112,-1.8545893856992657,248.76350000000002,7.2678457497459785,263.299191499492,234.22780850050808,0.155210761713484,0.1168635390596573,4.559285714285713,9832547.95,1.440853645584953,129729046.0,0.014317882482899336,0.011644466783900296,0.01808102345408072,-0.05269423061661771,-0.056587370584051166,-0.022398755169731,17.237061768896613,7.8185865327844,0,0,-0.029907011812013162,MSFT,US,Technology
2026-01-16,237.72,234.86,232.4,233.49,10508898,236.54000000000002,241.494,247.4665,246.3646,241.6134623145454,244.9890633292042,26.457142857142898,19.406392694063953,-3.3756010146588267,-1.4462750406891345,-1.9293259739696922,247.4665,7.572357816079034,262.61121563215806,232.32178436784193,0.038568424145216045,0.12239810747795657,4.533571428571427,9421372.15,1.1154316714437746,119220148.0,-0.02199044986177434,0.010535783117004892,-0.017794043412343075,-0.06730846049372852,-0.09998843618702535,-0.04032059186189885,4.165074512641778,8.191363178943897,0,0,-0.01494710694248147,MSFT,US,Technology
2026-01-19,234.28,234.46,233.11,233.71,9224359,235.33,239.983,246.2955,245.97440000000003,240.39754503538458,244.1535771566706,16.725978647686873,21.509209744503877,-3.7560321212860117,-1.90822645680851,-1.8478056644775016,246.2955,7.80655829212966,261.90861658425933,230.68238341574067,0.09695747059285806,0.12678361223973592,4.093571428571424,9595823.25,0.9612888647892858,128444507.0,0.0009422245064028001,0.005776389542570784,-0.002432986170383986,-0.06072662969214693,-0.09108233189437243,-0.025233566900233484,5.005731753725432,8.80262267842128,1,0,0.00753070044071702,MSFT,US,Technology
2026-01-20,235.52,231.69,231.57,231.63,12033315,234.58800000000002,238.26100000000002,244.977,245.56799999999998,239.0486919530177,243.225904774695,11.598347632666048,23.55237475601824,-4.177212821677301,-2.3620237297822686,-1.8151890918950326,244.977,7.95122440091352,260.87944880182704,229.07455119817297,0.08034765065406413,0.12982809652956906,3.890714285714284,9776953.65,1.2307835548771824,116411192.0,-0.00889991870266571,0.000518067607820604,-0.016516644021669066,-0.06919831223628692,-0.10220930232558145,-0.015764425936942383,0.2738475581801178,3.1482179415157803,1,0,0.005569226784095216,MSFT,US,Technology
2026-01-21,232.52,229.54,227.54,228.43,8840500,233.2,236.398,243.8095,245.11900000000003,237.41504703716882,242.1299118284213,11.816121722240226,25.583038869257976,-4.714864791252495,-2.832591942076314,-1.8822728491761809,243.8095,8.588482786787587,260.9864655735752,226.63253442642485,0.05232197636490669,0.1409048094803911,3.829285714285711,9970054.95,0.8867051543477046,107570692.0,-0.013815136208608525,0.00875541741448691,-0.017589884741021907,-0.0754067837772201,-0.09273969338311217,-0.029485490929175295,3.517786561125836,2.9324552910104664,1,1,0.02652891476601149,MSFT,US,Technology
2026-01-22,228.07,232.64,230.77,231.6,4598244,231.77200000000002,235.13700000000003,242.862,244.82659999999998,236.5204244160659,241.34991835964937,21.062384187770206,39.09774436090222,-4.829493943583458,-3.231972342377743,-1.597521601205715,242.862,8.847125968060864,260.5562519361217,225.16774806387826,0.18176105887836155,0.14571445459601645,3.808571428571424,9664435.15,0.47579019910023407,112168936.0,0.013877336602022394,0.008074265975785415,0.015477704213550767,-0.05163588714630851,-0.07563360606665348,-0.029907011812013162,16.825528387201608,6.872387502169192,1,1,0.009887737478410985,MSFT,US,Technology
2026-01-23,233.14,230.14,229.88,230.0,13469802,231.074,233.80700000000002,241.63600000000002,244.60440000000003,235.5172821982096,240.509183666342,21.010474430067774,21.842783505154586,-4.991901468132397,-3.5839581675286745,-1.4079433006037227,241.63600000000002,8.845521257438163,259.3270425148763,223.9449574851237,0.1711330044459934,0.14642720881659274,3.5657142857142827,9862636.85,1.3657403024283206,98699134.0,-0.006908462867012077,0.0011304347826037412,-0.013468302307568493,-0.0546650226058365,-0.09633820524909642,-0.01494710694248147,10.962566844431295,10.435293930919585,1,1,0.00626086956521732,MSFT,US,Technology
2026-01-26,228.42,235.54,235.42,235.47,11550401,231.42600000000002,233.378,240.911,244.429,235.51000801386968,240.13591080216852,32.34828496042216,56.28970775095296,-4.625902788298845,-3.7923470916827084,-0.8335556966161364,240.911,8.719829730351236,258.35065946070245,223.47134053929753,0.34400498150194864,0.1447809312204928,3.933571428571426,10020204.65,1.1527109725537419,110249535.0,0.023782608695652074,0.0005096190597506899,0.03086419753072913,-0.017892892892892864,-0.058006960835300214,0.00753070044071702,35.33868092534145,21.04225871899146,0,0,-0.007474412876374847,MSFT,US,Technology
2026-01-27,237.07,234.11,231.96,232.92,9258530,231.68400000000003,233.13600000000002,239.84300000000002,244.2124,235.11154524250514,239.60139889089677,31.712364200724238,47.81405644714991,-4.48985364839163,-3.9318484030244933,-0.5580052453671369,239.84300000000002,8.293899533614242,256.4307990672285,223.25520093277154,0.2913225265077897,0.1383221446292727,3.809285714285711,10128039.0,0.9141482458600084,100991005.0,-0.010829405019747829,0.009230637128588251,-0.01750537815827604,-0.010282994816010915,-0.08400188768286931,0.005569226784095216,30.2077484542275,25.502998741333425,1,0,0.0019319938176198814,MSFT,US,Technology
2026-01-28,232.22,235.39,233.76,234.49,16363406,232.89600000000002,233.048,238.7775,244.007,235.01592289750434,239.22277675083035,36.998394863563405,58.14350797266519,-4.20685385332601,-3.9868494930847973,-0.22000436024121228,238.7775,7.463277024697097,253.7040540493942,223.85094595060582,0.35638011338154807,0.12502479546298687,3.7364285714285677,10533949.05,1.5533969614750545,117354411.0,0.006740511763695833,0.006951255917067014,0.009775213159892495,-0.003738794238857923,-0.08330727130570759,0.02652891476601149,39.02302077265461,34.85648338407453,1,0,0.005202780502366888,MSFT,US,Technology
2026-01-29,231.53,236.25,232.0,233.89,18390475,233.35399999999998,232.56300000000002,237.871,243.71039999999996,234.842703990196,238.82775625076886,37.307796061505236,68.24866310160417,-3.9850522605728713,-3.986490046582412,0.001437786009540698,237.871,6.845661630397646,251.5623232607953,224.17967673920472,0.3546159518505374,0.11511553119747871,3.7757142857142827,11109208.25,1.655426105147853,98963936.0,-0.0025587445093608885,0.01817093505486267,0.01019306353383921,-0.02031498701516299,-0.07193873502103021,0.009887737478410985,42.87643483842828,37.36906802177014,1,0,0.007952456282868114,MSFT,US,Technology
2026-01-30,236.7,231.89,231.08,231.44,5791803,233.642,232.358,236.926,243.48919999999998,234.31921106862737,238.2805150470082,38.438021122846045,49.43820224719102,-3.9613039783808404,-3.981452832942098,0.02014885456125759,236.926,6.317977191275557,249.5619543825511,224.29004561744887,0.28292102700772326,0.10666583137771109,3.57571428571428,10747421.15,0.5389016006968703,93172133.0,-0.010475009619906772,0.003499827169013455,-0.0222222222221283,-0.008779819264208344,-0.07549732363984984,0.00626086956521732,30.588235291718615,37.49589696760051,1,1,0.0029381265122709888,MSFT,US,Technology
2026-02-02,233.1,235.59,232.21,233.71,6766926,233.29000000000002,232.358,236.1705,243.36640000000003,234.22548628883854,237.94195837685945,47.590895654744315,62.441314553990594,-3.7164720880209074,-3.9284566839578603,0.21198459593695285,236.1705,5.693392731006593,247.5572854620132,224.7837145379868,0.3919580943805305,0.09642851636394029,3.5042857142857105,10018792.15,0.6754232669231224,99939059.0,0.009808157621845837,0.014462367891769856,0.002616902616891449,0.0,-0.06072662969214693,-0.007474412876374847,48.39215685894976,40.61894232969889,0,1,-0.007487912370031213,MSFT,US,Technology
2026-02-03,232.62,235.91,231.33,233.37,21676476,233.38000000000002,232.532,235.3965,243.2198,234.0938730136326,237.6032947933884,47.07088459285296,39.26380368098169,-3.5094217797557974,-3.844649703117448,0.3352279233616504,235.3965,4.8718917486467115,245.14028349729344,225.65271650270657,0.3960106204659146,0.08278613740860244,3.719999999999995,10721770.75,2.021725187350682,78262583.0,-0.001454794403320414,0.01962548742332073,0.003224142378113558,0.0075119803134309215,-0.062206148282097584,0.0019319938176198814,45.72549019249222,41.5686274477202,0,0,-0.004370741740583717,MSFT,US,Technology
2026-02-04,233.55,236.97,234.71,235.71,20328239,233.62400000000002,233.26,234.829,243.08720000000002,234.3425079346122,237.4630507346189,45.42434309876172,64.57680250783702,-3.120542800006689,-3.6998283224952964,0.5792855224886075,234.829,4.030091940965812,242.88918388193164,226.76881611806837,0.5546513586011524,0.06864726147023845,3.625714285714281,11266350.1,1.8043321053610695,98590822.0,0.01002699575780941,0.009588053116076547,0.009248554913255182,0.03186971938887195,-0.04594025742734553,0.005202780502366888,86.63838811382425,60.25201172175542,1,0,0.0010182003309149312,MSFT,US,Technology
2026-02-05,235.48,240.61,231.87,235.75,6912895,233.996,233.675,234.406,242.9786,234.5590451754411,237.3361580876101,54.050179211469505,57.83582089552231,-2.7771129121690024,-3.515285240430037,0.7381723282610348,234.406,3.3861768536532217,241.17835370730646,227.63364629269356,0.5992269495574909,0.05778310885623712,3.7971428571428527,11206332.1,0.6168739531756379,105503717.0,0.00016970005515237752,0.0370731707315501,0.0011465941905846088,0.017918825561312524,-0.03464231603947421,0.007952456282868114,62.81560825839203,65.05982885490285,0,0,-0.01191940615058329,MSFT,US,Technology
2026-02-06,235.86,233.85,230.73,232.12,5541305,234.132,233.887,233.84699999999998,242.71759999999998,234.18380745614246,236.94977600704638,47.460875119770044,42.00542005420062,-2.7659685509039207,-3.3654219025248135,0.5994533516208929,233.84699999999998,2.6923929876611084,239.2317859753222,228.46221402467776,0.33964079461521446,0.04605392393572884,4.0592857142857115,10843829.75,0.5110099122489532,99962412.0,-0.015397667020148442,0.013441323453328293,-0.015856864241432,0.009217391304347844,-0.045951500205507645,0.0029381265122709888,35.042081099078686,61.498692490431665,1,1,0.003834223677408266,MSFT,US,Technology
2026-02-09,230.55,233.66,230.6,231.96,7270327,233.78199999999998,233.536,233.45699999999997,242.4334,233.84168323212057,236.5801629694874,50.561415447431116,52.96127562642375,-2.7384797373668164,-3.240033469493214,0.5015537321263976,233.45699999999997,2.3315436494907593,238.12008729898147,228.79391270101846,0.33948402588705456,0.039948147187375285,4.124999999999996,10896678.2,0.6672057483347771,92692085.0,-0.0006892986386352051,0.013191929642985042,0.006115810019492001,-0.014906357497770362,-0.03253253253253241,-0.007487912370031213,33.817903593434046,43.89186431696826,0,1,-0.020434557682359022,MSFT,US,Technology
2026-02-10,231.25,233.02,231.81,232.35,7795346,233.57800000000003,233.47899999999998,233.30750000000003,242.24219999999997,233.612193504102,236.26681756434016,57.37396538750938,40.144927536231755,-2.654624060238149,-3.122951587642201,0.46832752740405237,233.30750000000003,2.3000981100371773,237.9076962200744,228.70730377992567,0.3959283523366218,0.03943461929046129,3.9192857142857105,10821746.4,0.7203407834117437,100487431.0,0.0016813243662698873,0.005207660856444159,0.0047567567567361625,-0.002447192168985035,-0.012705022520608567,-0.004370741740583717,23.019571293287967,30.626518661933574,0,1,-0.011534323219281273,MSFT,US,Technology
2026-02-11,232.84,239.92,232.77,235.95,4529231,233.62600000000003,233.625,233.33649999999997,242.1864,233.97185604193245,236.24334959661124,58.05257312106625,62.69685039370074,-2.271493554678784,-2.952659981049518,0.681166426370734,233.33649999999997,2.3309209271075986,237.99834185421517,228.67465814578478,0.7803076638964709,0.03995810217600092,4.159285714285711,10750887.1,0.4212890096028439,105016662.0,0.015493867010974771,0.030303030302901778,0.01335681154435075,0.0062262783061111104,0.002464205293792654,0.0010182003309149312,56.57036346164286,37.8026127827883,0,0,-0.04157660521296891,MSFT,US,Technology
2026-02-12,236.18,236.53,230.07,232.94,10157056,233.064,233.52999999999997,233.04649999999998,242.00780000000003,233.81310895855822,235.9986570338993,55.17241379310344,37.211449676823534,-2.1855480753410745,-2.79923759990783,0.6136895245667553,233.04649999999998,1.953513097232765,236.9535261944655,229.13947380553446,0.4863707081568565,0.03353001391952894,4.497857142857141,10550376.7,0.9627196569464997,94859606.0,-0.012756940029667319,0.02773246329515015,-0.013718350410645655,-0.004061738424045447,-0.024294211275864952,-0.01191940615058329,27.2296015154431,35.60651209012465,0,0,-0.05452047737614829,MSFT,US,Technology
2026-02-13,234.21,237.14,229.7,233.01,5272452,233.24200000000002,233.68699999999998,233.02249999999998,241.7922,233.68955373416463,235.77727503138823,44.65682015638573,37.38489871086547,-2.0877212972235952,-2.656934339370983,0.5692130421473878,233.02249999999998,1.9507242244887764,236.92394844897754,229.12105155102242,0.4983980308003733,0.03348559430064323,4.633571428571427,10288554.4,0.5124579491499847,100132058.0,0.00030050656821489774,0.03192996008741285,-0.005123607019319814,0.006783615623919825,-0.0020557625594244122,0.003834223677408266,30.339138402352,38.046367793146,0,0,-0.054804514827689776,MSFT,US,Technology
2026-02-16,233.09,229.22,225.62,227.22,5459680,232.294,233.03799999999995,232.698,241.59459999999999,232.6942377750624,235.14340280684092,39.14699162223916,31.18279569892465,-2.4491650317785343,-2.6153804778524936,0.16621544607395933,232.698,2.332736364739062,237.36347272947813,228.03252727052188,-0.08707877181458662,0.040098949964830606,4.910714285714284,10100320.45,0.5405451724509224,94672378.0,-0.024848718939101344,0.01584367573270025,-0.02518340555139569,-0.0277694578751444,-0.0277694578751444,-0.020434557682359022,10.673782520969016,22.747507479588048,0,0,-0.013511134583223283,MSFT,US,Technology
2026-02-17,229.64,231.05,228.56,229.67,15809931,231.75799999999998,232.66799999999998,232.6,241.34420000000003,232.2289704250528,234.73796556188975,41.120117907148064,42.521227955584486,-2.508995136836944,-2.594103409649384,0.08510827281243971,232.6,2.41952148379261,237.4390429675852,227.76095703241478,0.19725418643478243,0.04160828003064842,5.007857142857142,10289151.25,1.5365630341411267,110482309.0,0.010782501540357314,0.01084164235637727,0.00013063926145214468,-0.015854651411921106,-0.008461770927772783,-0.011534323219281273,27.018012006202802,22.676977643174613,0,0,-0.045456524578743385,MSFT,US,Technology
2026-02-18,228.92,227.76,224.85,226.14,7106362,229.796,231.71099999999996,232.48549999999994,240.9748,231.29220574427544,234.10107922397196,37.113402061855645,33.17073170731702,-2.80887347969653,-2.6370574236588133,-0.17181605603771644,232.48549999999994,2.668609878610644,237.82271975722122,227.14828024277867,-0.09445744119117613,0.04591443128451728,5.048571428571427,10202444.35,0.6965351693846613,103375947.0,-0.015369878521356739,0.012868134783705354,-0.012143980429791444,-0.040600738195240016,-0.01002495293963146,-0.04157660521296891,8.185279187297828,15.292357904823225,0,0,-0.04550278588485002,MSFT,US,Technology
2026-02-19,226.41,221.71,219.07,220.24,9648953,227.256,230.16,231.91750000000002,240.38279999999997,229.59186639900227,233.07433261478883,33.29355608591882,12.14457831325295,-3.482466215786559,-2.8061391820843626,-0.6763270337021963,231.91750000000002,3.82528825883307,239.56807651766616,224.26692348233388,-0.26317777965961275,0.06597670738631754,5.352857142857142,10454979.8,0.9229048990697333,93726994.0,-0.02609003272309174,0.011986923356284181,-0.02725144649075896,-0.06579003181336163,-0.04905008635578578,-0.05452047737614829,5.431754874399709,13.54501535596679,0,0,-0.03005811841627315,MSFT,US,Technology
2026-02-20,218.33,220.38,220.13,220.24,13696403,224.702,228.97199999999998,231.42950000000002,239.81519999999998,228.15311772223268,232.12364130998967,28.44799999999995,14.205186020293056,-3.970523587756986,-3.0390160632188876,-0.9315075245380986,231.42950000000002,4.6223034528830915,240.6741069057662,222.18489309423384,-0.10519068652424512,0.07989134406569802,5.074285714285714,10466309.85,1.3086180217932282,93726994.0,0.0,0.001135125317829935,0.008748225163702873,-0.05118042391866273,-0.0424347826086956,-0.054804514827689776,5.431754874399709,6.349596312032425,0,0,-0.04563203777697067,MSFT,US,Technology
2026-02-23,218.99,225.07,223.41,224.15,15017213,224.08800000000002,228.19099999999997,230.8635,239.34380000000002,227.5372534572738,231.5330012129534,36.76048248133254,29.47173308619091,-3.995747755679588,-3.230362401711028,-0.76538535396856,230.8635,4.79147518763202,240.44645037526402,221.28054962473595,0.14971643714868318,0.08301832360007126,5.092142857142856,10639650.45,1.4114384357957517,108744207.0,0.01775335997094074,0.007405755074693691,0.02356271975878549,-0.033669598206587326,-0.048074064636684066,-0.013511134583223283,23.584029711068556,11.482513153289334,0,0,-0.05607851884898507,MSFT,US,Technology
2026-02-24,225.5,220.53,218.2,219.23,8449227,222.0,226.879,230.179,238.8534,226.25921446384706,230.62166778977166,27.967914438502604,30.709802028005754,-4.362453325924605,-3.4567805865537435,-0.9056727393708615,230.179,5.41899573139265,241.0169914627853,219.3410085372147,-0.00512126889888928,0.09417011510813955,5.260000000000001,10599185.3,0.7971580799556283,100294980.0,-0.021949587329913034,0.010628107466995322,-0.027804878048657233,-0.05646653755110831,-0.05877554525158857,-0.045456524578743385,4.596162427282635,11.203982337583641,0,0,-0.045751037722939425,MSFT,US,Technology
2026-02-25,218.3,216.0,215.72,215.85,10223038,219.942,224.869,229.24699999999999,238.1002,224.65779685402444,229.52747017571448,25.576828669612112,18.068391866913117,-4.869673321690044,-3.7393591335810044,-1.1303141881090397,229.24699999999999,6.18703151336558,241.62106302673115,216.87293697326882,-0.0413339163950307,0.1079539800012841,4.886428571428572,10292166.9,0.9932832518210278,90071942.0,-0.015417597956484008,0.0012971971276289273,-0.011223087494222602,-0.08518753973299431,-0.07949166275747377,-0.04550278588485002,0.5371900826224116,9.572460740324543,0,0,-0.04049108176974747,MSFT,US,Technology
2026-02-26,216.37,215.61,212.03,213.62,6618588,218.618,222.93699999999998,228.2335,237.3114,222.95967426109763,228.34913905158749,26.487036095576983,19.223205506391352,-5.389464790489853,-4.069380264962774,-1.3200845255270792,228.2335,6.99401945650038,242.22153891300076,214.24546108699923,-0.022356996962438758,0.12257656227450814,4.800714285714284,9703572.55,0.6820773775657113,83453354.0,-0.010331248552235328,0.016758730455871427,-0.012709710218548276,-0.08293981282733753,-0.08666467142673895,-0.03005811841627315,5.700968088716366,3.6114401995404797,0,0,-0.021018631214305805,MSFT,US,Technology
2026-02-27,213.56,214.5,206.74,210.19,23957344,216.608,220.65500000000003,227.171,236.32659999999998,220.99510899015957,227.0040176403588,24.45435343816,21.88024622271962,-6.008908650199231,-4.457285942010066,-1.5516227081891651,227.171,8.020099684379264,243.2111993687585,211.13080063124147,-0.029326338457006426,0.14121696315716278,5.136428571428569,10611849.6,2.257602835079491,59496010.0,-0.01605654901226483,0.036918978067287084,-0.015780108634501893,-0.09793571091369468,-0.09181645350846868,-0.04563203777697067,10.39783001776978,5.545329396369527,0,0,-0.015462200865883236,MSFT,US,Technology
2026-03-02,209.19,212.8,210.61,211.58,13839959,214.094,219.09099999999998,226.0645,235.4156,219.54663068398116,225.86149781514703,26.186654437055722,27.518172377985493,-6.314867131165869,-4.828802179841227,-1.486064951324642,226.0645,8.577669585984797,243.2198391719696,208.90916082803042,0.07784279707671646,0.15177384482653136,5.236428571428569,10965501.25,1.262136351301191,73335969.0,0.006613064370331712,0.01035069477261389,0.011425020316404178,-0.06883196901681188,-0.09469000042788067,-0.05607851884898507,14.587100662610416,10.228632923032194,0,0,-0.014651668399659812,MSFT,US,Technology
2026-03-03,211.25,211.16,207.63,209.2,5760159,212.08800000000002,217.044,224.856,234.43960000000004,217.95484134798406,224.62731279180278,18.447747110167484,7.839819514946484,-6.672471443818722,-5.197536032636727,-1.4749354111819954,224.856,9.176008420131796,243.20801684026358,206.5039831597364,0.07345287615133331,0.16323350802453102,4.977857142857142,10169685.4,0.56640478117398,67575810.0,-0.011248700255222732,0.01687380497123866,-0.009704142011788437,-0.08912787913092701,-0.10356943908814331,-0.045751037722939425,8.092105262891646,11.025678647757289,0,0,-0.01711281070745685,MSFT,US,Technology
2026-03-04,208.71,208.91,205.67,207.11,10020310,210.34,215.141,223.42600000000002,233.5462,216.28640421752496,223.32973406648406,18.85700506390161,9.328859060402777,-7.043329848959104,-5.566694795901203,-1.476635053057901,223.42600000000002,9.613577788458976,242.65315557691798,204.19884442308205,0.07570427058740493,0.1721120691131015,4.768571428571428,9654288.95,1.0379126846091877,57555500.0,-0.00999043977055436,0.015643860750250423,-0.007666139619531063,-0.08415141063058273,-0.12133553943405029,-0.04049108176974747,4.575786463153061,9.084997462885049,0,1,-0.02438317802134138,MSFT,US,Technology
2026-03-05,206.66,209.57,208.78,209.13,14287155,209.442,214.03000000000003,222.09500000000003,232.7178,215.18541895329034,222.27790191341117,22.501151543067692,25.18463810930575,-7.092482960120833,-5.87185242874513,-1.2206305313757033,222.09500000000003,9.660173530097428,241.41534706019488,202.77465293980518,0.16447290103613307,0.1739827286531246,4.412857142857141,10023001.95,1.4254365753728528,71842655.0,0.009753271208536418,0.003777554631072608,0.011951998451505115,-0.0504449691245914,-0.1129162248144221,-0.021018631214305805,13.632781717350973,8.766891147798567,0,0,-0.05938889685841342,MSFT,US,Technology
2026-03-06,209.85,208.61,205.6,206.94,12708748,208.792,212.7,220.836,231.7662,213.91689296047645,221.14176103093627,24.535409342039145,25.259259259259224,-7.22486807045982,-6.142455557088068,-1.082412513371752,220.836,9.922149279052729,240.68029855810548,200.99170144189455,0.1498742457572524,0.17971977900356467,4.137142857142856,10381374.1,1.2241873429657695,59133907.0,-0.010471955243150144,0.014545278824709936,-0.01386704789128487,-0.06038866690882683,-0.10847837325521281,-0.015462200865883236,5.265225932995483,7.824598037833179,0,0,-0.02145549434618732,MSFT,US,Technology
2026-03-09,207.55,209.19,207.91,208.48,24957394,208.17199999999997,211.13299999999998,219.66199999999998,230.9364,213.08044788963392,220.20385280642245,22.77049601644819,42.63565891472864,-7.12340491678853,-6.338645429028161,-0.7847594877603692,219.66199999999998,9.925760530321154,239.5135210606423,199.81047893935767,0.2183591129853567,0.18074606495936432,4.024285714285712,11265727.45,2.215337792914758,84091301.0,0.007441770561515293,0.006139677666893043,0.004480847988414828,-0.0699085433861254,-0.1012243490256941,-0.014651668399659812,12.996389891110253,10.631465847152244,0,0,-0.03252110514198003,MSFT,US,Technology
2026-03-10,207.93,207.32,204.26,205.62,19860734,207.456,209.77200000000002,218.3255,229.9632,211.93268667584408,219.1235674133541,23.169456066945585,27.217125382262893,-7.190880737510014,-6.509092490724532,-0.6817882467854819,218.3255,9.92700064682805,238.1795012936561,198.4714987063439,0.18002671571700296,0.1818752394343781,3.98142857142857,11868996.85,1.6733286374299916,64230567.0,-0.013718342287029839,0.014881820834476804,-0.011109508007449106,-0.06208091958217388,-0.11504196255648802,-0.01711281070745685,6.535319557590872,8.26564512723221,0,0,-0.014590020426028638,MSFT,US,Technology
2026-03-11,204.77,203.74,200.73,202.06,7636442,206.446,208.39299999999997,216.631,228.8884,210.41381180263727,217.85959945680935,24.679665738161532,24.964936886395435,-7.445787654172079,-6.696431523414042,-0.749356130758037,216.631,9.648775160883574,235.92855032176715,197.33344967823285,0.12246503423580286,0.17816056170795563,3.825714285714286,12024357.4,0.6350810368393544,56594125.0,-0.017313490905553897,0.014896565376547178,-0.013234360501962073,-0.06388695853602033,-0.14363212545030724,-0.02438317802134138,5.464256367893878,8.331988605531674,1,0,0.0031673760269226303,MSFT,US,Technology
2026-03-12,202.32,199.5,194.47,196.71,9563892,203.96200000000002,206.702,214.8195,227.78220000000002,208.30553306376999,216.29296246000865,21.478787878787855,20.319634703196243,-7.987429396238667,-6.954631097978968,-1.0327982982596993,214.8195,9.825076656994167,234.46965331398835,195.16934668601166,0.03920206853684948,0.18294571315822697,4.3500000000000005,11994699.2,0.7973431466006963,47030233.0,-0.026477283975056887,0.025570636978162933,-0.027728351126790517,-0.07915925475142771,-0.1555336138061303,-0.05938889685841342,7.320261437669304,6.439945787718025,1,1,0.03385694677443962,MSFT,US,Technology
2026-03-13,196.62,202.55,202.46,202.5,5268861,203.074,205.933,213.294,226.8254,207.41237413088228,215.27126153704504,24.901460700208645,34.42930953499294,-7.858887406162751,-7.135482359615724,-0.7234050465470263,213.294,9.200810261803454,231.69562052360692,194.8923794763931,0.20671061316693795,0.17254700576219337,4.422142857142859,11994519.65,0.4392723272355198,52299094.0,0.029434192466066822,0.0004444444444422665,0.029905401281507937,-0.036585946048812934,-0.13093858632676703,-0.02145549434618732,30.813507289684825,14.532675031749344,1,1,0.00592592592592589,MSFT,US,Technology
2026-03-16,203.44,202.61,200.97,201.7,11328385,201.71800000000002,204.94500000000002,212.01799999999997,225.88300000000004,206.5335473415158,214.26598290467132,27.531402204562923,36.83417085427131,-7.732435563155519,-7.254873000323684,-0.4775625628318352,212.01799999999997,8.933576875445707,229.8851537508914,194.15084624910855,0.21125787173302685,0.16854374393501637,4.114285714285716,12287954.9,0.9219096399914651,40970709.0,-0.00395061728395063,0.008130887456578502,-0.008552890287020528,-0.04669628509310908,-0.11231405686119189,-0.03252110514198003,33.5810496965359,23.904939474630016,1,1,0.04040654437283098,MSFT,US,Technology
2026-03-17,204.13,204.5,201.11,202.62,10784345,201.118,204.287,210.66549999999998,224.9584,205.93146313512878,213.4033175043253,31.9015047879617,34.8029045643154,-7.471854369196507,-7.298269274098248,-0.17358509509825826,210.66549999999998,8.132169047743561,226.9298380954871,194.40116190451286,0.2526643890142375,0.1544091281715318,4.105714285714287,12036675.6,0.8959570285372626,51755054.0,0.0045612295488350885,0.01673082617699761,-0.007397246852459676,-0.03145315487571698,-0.11777768102059472,-0.014590020426028638,38.55250709372978,34.31568802665018,1,1,0.020432336393248374,MSFT,US,Technology
2026-03-18,203.39,202.96,202.49,202.7,38641488,201.246,203.84599999999998,209.49349999999998,224.07119999999998,205.4343149604936,212.61047917067154,34.12790697674416,41.15151515151509,-7.176164210177944,-7.273848261314188,0.09768405113624379,209.49349999999998,7.444633019128646,224.38276603825727,194.6042339617427,0.27186585346731423,0.14214537480338263,3.8664285714285733,13613431.9,2.838482275840945,90396542.0,0.0003948277563912139,0.002318697582622991,-0.003392497172902332,-0.02129303268794369,-0.10365260458123282,0.0031673760269226303,41.088367446775365,37.740641412347024,0,1,-0.002812037493833186,MSFT,US,Technology
2026-03-19,202.67,205.3,201.82,203.37,10499972,202.578,203.27,208.65,223.25439999999998,205.11672804349462,211.92599923210327,39.22250316055627,54.812637766348274,-6.809271188608648,-7.18093284677308,0.37166165816443275,208.65,7.111180226274244,222.8723604525485,194.42763954745152,0.31437680412015356,0.13632744263101196,3.5607142857142895,13655982.85,0.7688916533099152,100896514.0,0.003305377405032228,0.017111668387583746,0.0034538905609935522,-0.027542676803901878,-0.07659825644751184,0.03385694677443962,48.55428259418689,42.73171904489735,0,1,-0.020356984806018663,MSFT,US,Technology
2026-03-20,203.21,203.74,203.68,203.7,3511203,202.81799999999998,202.946,207.823,222.4624,204.898769882957,211.31666595565116,37.11576193590576,90.6868451688008,-6.4178960726941625,-7.028325491957298,0.6104294192631352,207.823,6.638423322638779,221.09984664527758,194.54615335472243,0.3447296970997532,0.12777071493736197,3.400714285714289,13146722.85,0.26707817400454487,104407717.0,0.0016226582091753983,0.00029455081001329275,0.0024112986565502158,-0.015656712090461045,-0.07509989102796955,0.00592592592592589,55.30257638973616,48.31507547689947,0,0,-0.04064801178203237,MSFT,US,Technology
2026-03-23,202.91,210.03,209.71,209.85,7145922,204.448,203.083,207.108,221.8642,205.66049759327132,211.2080240330103,50.94614264919943,91.06145251396637,-5.547526439738988,-6.732165681513636,1.184639241774648,207.108,5.451305589637011,218.01061117927404,196.20538882072597,0.625749692174055,0.10528430750353816,3.5707142857142884,12753158.3,0.5603256284895618,111553639.0,0.030191458026509688,0.0015248987371859343,0.034202355724044134,0.006571373752878085,-0.063796564800357,0.04040654437283098,98.84318765431594,67.56668221274634,0,0,-0.057326661901358156,MSFT,US,Technology
2026-03-24,208.99,207.84,205.9,206.76,10577823,205.276,203.197,206.48449999999997,221.29260000000002,205.82965180969111,210.8785407713058,49.50495049504947,72.50889679715301,-5.0488889616146935,-6.395510337533848,1.3466213759191543,206.48449999999997,4.645434062776939,215.77536812555385,197.19363187444608,0.514826386283939,0.08999094968880368,3.6007142857142873,12859588.1,0.8225630630764089,100975816.0,-0.014724803431022226,0.009382859353794811,-0.010670367003154926,0.005544207761890796,-0.056880901336495926,0.020432336393248374,78.98457583039938,77.71011329148384,0,0,-0.030470110272779904,MSFT,US,Technology
2026-03-25,205.82,204.07,200.57,202.13,5336539,205.16199999999998,203.204,205.79850000000002,220.62779999999998,205.26047460820016,210.23050071417205,40.77976817702845,48.36120401337789,-4.970026105971897,-6.1104134912214585,1.1403873852495616,205.79850000000002,4.179261172432075,214.15702234486417,197.43997765513586,0.28055331738541894,0.0812301580898164,3.86714285714286,12615263.15,0.4230223748426227,95639277.0,-0.02239311278777323,0.017315588977305126,-0.017928286852502525,0.000346431752944687,-0.06356265925411164,-0.002812037493833186,49.22879177061509,75.6855184184435,0,0,-0.02171869588878439,MSFT,US,Technology
2026-03-26,201.76,199.85,198.74,199.23,6481689,204.334,203.456,205.079,219.83759999999998,204.33270928386167,209.41564880941857,40.03103180760278,40.236353404614526,-5.082939525556895,-5.904918698088546,0.821979172531651,205.079,3.9965378437933783,213.07207568758676,197.08592431241325,0.13412081727077624,0.0779511864944512,3.857142857142859,12608418.2,0.5140762610430973,89157588.0,-0.01434720229555242,0.0055714500827908145,-0.012539651070516761,0.012810736617355323,-0.06736260649751902,-0.020356984806018663,30.591259638136744,52.934875746383746,0,1,-0.027254931486221823,MSFT,US,Technology
2026-03-27,198.85,195.86,195.08,195.42,8329198,202.678,202.748,204.3405,219.0762,202.96152324019064,208.37893408279496,34.04982901807523,30.989956958393066,-5.417410842604312,-5.8074171269917,0.39000628438738794,204.3405,4.351287135650011,213.04307427130001,195.63792572869997,-0.012520762356843757,0.0851771848581895,3.9928571428571433,11827010.9,0.7042521027648581,80828390.0,-0.019123625959945767,0.003991403131695885,-0.01724918280101965,-0.03496296296296297,-0.07026975593510643,-0.04064801178203237,6.105398457191096,28.641816621980983,0,1,-0.012741786920478892,MSFT,US,Technology
2026-03-30,196.08,198.1,197.59,197.82,11863790,200.272,202.35999999999999,203.6525,218.35839999999996,202.1705196647767,207.59679081740273,40.36561264822133,37.206266318537885,-5.426271152626043,-5.731187932118569,0.30491677949252605,203.6525,4.232580244525502,212.11766048905102,195.187339510949,0.15549973874096268,0.08313338151026331,3.882857142857144,11728202.45,1.0115607262935058,92692180.0,0.012281240405281002,0.0025781013042028757,0.008873929008522576,-0.019236489836390702,-0.06503450231590902,-0.057326661901358156,21.529562980621453,19.408740358649776,0,0,-0.003134162369831217,MSFT,US,Technology
2026-03-31,197.46,200.61,200.34,200.46,9206539,199.012,202.14399999999998,203.2155,217.735,201.90736279327257,207.06813964574326,47.977755308392325,25.88597842835138,-5.16077685247069,-5.617105716188994,0.45632886371830406,203.2155,4.078040647951896,211.37158129590378,195.0594187040962,0.33107696574119794,0.08027026772922001,3.7328571428571444,11900521.45,0.7736247747677667,101898719.0,0.013345465574764903,0.0013469021251055738,0.015192950470904522,-0.010660349422564441,-0.04177820267686416,-0.030470110272779904,38.4961439563949,22.04370179806916,0,0,-0.0564701187269282,MSFT,US,Technology
2026-04-01,200.28,199.36,196.45,197.74,6410702,198.134,201.648,202.747,217.1212,201.26623005584602,206.37716633865114,51.39453019225562,26.387434554973893,-5.110936282805113,-5.515871829512219,0.4049355467071054,202.747,4.1447621987567675,211.03652439751355,194.45747560248648,0.19799232379967044,0.0817721041245754,3.4771428571428595,11720041.05,0.5469862627327348,95488017.0,-0.013568791778908462,0.014716294123522346,-0.012682244857136558,-0.024469659595461213,-0.045241659021775904,-0.02171869588878439,17.792642139278076,25.939449692098155,0,0,-0.03499544856882786,MSFT,US,Technology
2026-04-02,196.65,195.61,192.35,193.8,14826642,197.048,200.69099999999997,201.9805,216.36519999999996,200.11757927802356,205.44552438763995,37.599771949828984,27.37642585551339,-5.327945109616394,-5.478286485533054,0.15034137591666052,201.9805,4.316173347822601,210.6128466956452,193.3481533043548,0.026171718511200162,0.08547703065991477,3.4450000000000034,11747015.4,1.262162364904845,80661375.0,-0.019925154242945275,0.016821465428189877,-0.014492753623114678,-0.04705708806608644,-0.07330368670205123,-0.027254931486221823,8.201357465599564,21.49671452042419,0,0,-0.030392156862745212,MSFT,US,Technology
2026-04-03,195.24,193.63,192.37,192.93,7635178,196.55,199.61399999999998,201.28,215.62379999999996,199.01179785063533,204.51844850707403,37.52489331436704,30.76923076923086,-5.506650656438694,-5.483959319714183,-0.0226913367245114,201.28,4.596672709692703,210.4733454193854,192.0866545806146,0.04586716700327755,0.0913488217342977,3.430000000000003,11493336.9,0.6643133671376702,73026197.0,-0.004489164086687314,0.006530866117210698,-0.011831591886847832,-0.05287187039764352,-0.06770078283560443,-0.012741786920478892,3.280542986239858,9.758180863705842,0,0,-0.009744466905095117,MSFT,US,Technology
2026-04-06,193.37,198.03,196.54,197.2,7790699,196.42600000000002,198.349,200.71599999999998,214.8584,198.7330597197684,203.9763412102537,42.96103896103894,55.28503562945369,-5.243281490485316,-5.4358237538684095,0.19254226338309355,200.71599999999998,4.3522715182367895,209.42054303647356,192.0114569635264,0.298036497403404,0.08673491935301834,3.5521428571428606,10635002.15,0.7325525803911022,80816896.0,0.022132379619550946,0.007555780933024612,0.019806588405544695,-0.06028115320466998,-0.05410590943975446,-0.003134162369831217,27.432126695280946,12.971342382373464,0,0,-0.045993914807302194,MSFT,US,Technology
2026-04-07,198.81,190.56,188.01,189.14,5016634,194.162,196.587,199.892,213.9828,197.25720437826553,202.87735297245712,35.413080895008605,30.711111111111094,-5.6201485941915905,-5.4726887219330465,-0.14745987225854407,199.892,4.900473231716668,209.69294646343334,190.09105353656665,-0.048518453807826496,0.09806241833974665,4.175000000000003,9892797.15,0.507099601541956,75800262.0,-0.04087221095334692,0.013482076768460027,-0.0486394044562717,-0.08521957825498161,-0.08014784554031718,-0.0564701187269282,5.131698455716067,11.9481227124123,0,1,-0.008776567621867404,MSFT,US,Technology
2026-04-08,189.82,191.44,190.32,190.82,6750234,192.778,195.456,199.32999999999998,213.1094,196.26686524314775,201.98421571523807,36.786691935144226,27.623026926648052,-5.717350472090317,-5.521621071964501,-0.19572940012581608,199.32999999999998,5.269386262078589,209.86877252415715,188.79122747584282,0.0962527903230919,0.10574196080975566,4.090714285714289,9848486.75,0.6854081734528228,82550496.0,0.00888230940044421,0.005869405722639845,0.005268148772493583,-0.05595408895265419,-0.05562704147282993,-0.03499544856882786,12.761126248285148,15.108317133094062,0,0,-0.03878000209621635,MSFT,US,Technology
2026-04-09,192.11,188.57,187.37,187.91,13852571,191.6,194.324,198.89000000000001,212.1898,194.9811936672789,200.941681217813,34.2320750948672,27.381500230096606,-5.960487550534111,-5.609394367678424,-0.3510931828556876,198.89000000000001,5.836555400868217,210.56311080173646,187.21688919826357,0.029688350152712987,0.11738258134323244,4.310714285714288,10062920.7,1.376595328173924,68697925.0,-0.015249973797295868,0.006386035868200748,-0.021862474623799668,-0.05681875219595445,-0.04473590564790819,-0.030392156862745212,2.3830538392593184,6.7586261810868535,0,0,-0.03735830982917354,MSFT,US,Technology
2026-04-10,187.7,191.78,190.47,191.05,4453799,191.224,193.887,198.3175,211.382,194.37639464154367,200.2089640905676,30.025499362515973,43.43048256091735,-5.832569449023936,-5.654029383947527,-0.17854006507640907,198.3175,6.022416786258186,210.36233357251638,186.2726664274836,0.19831463604523727,0.12147020381414295,4.135000000000001,10022167.6,0.44439473907872595,73151724.0,0.016710127188547697,0.006856843758142609,0.01784762919542981,-0.022362091904615577,-0.056543209876543155,-0.009744466905095117,17.977528089009436,11.040569392184644,0,0,-0.03224286835906842,MSFT,US,Technology
