Date,Open,High,Low,Close,Volume,sma5,sma10,sma20,sma50,ema12,ema26,rsi,rsi_6,macd,macd_sig,macd_hist,bb_mid,bb_std,bb_upper,bb_lower,bb_pos,bb_width,atr,vol_sma20,vol_ratio,obv,daily_ret,hlpct,co_pct,mom10,mom20,roc5,stoch_k,stoch_d,target,target_3d,ret_5d,symbol,market,sector
2024-07-22,583.29,553.6,550.39,551.82,4316835,591.242,587.8689999999999,535.931,495.86839999999995,569.4429962901664,538.0163184805983,59.68438090099812,20.44069777147152,31.426677809568105,29.424497474677,2.0021803348911043,535.931,61.75912418420448,659.449248368409,412.41275163159105,0.564318431524566,0.4609483249454818,28.907857142857143,11260269.2,0.38336868683666225,94169597.0,-0.05555555555555547,0.005817114276384,-0.053952579334372204,0.013313256330683032,0.2368763168512127,-0.07222838696660938,50.06700274360242,71.44215786767901,0,1,-0.013464535536950595,NVDA,US,Semiconductors
2024-07-23,542.83,572.43,556.45,563.55,17670659,584.7120000000001,590.293,542.1094999999999,498.49300000000005,568.5362005817659,539.9457937630434,65.23452352148215,34.937783351017615,28.5904068187225,29.257677438738014,-0.6672706200155147,542.1094999999999,57.702657283972364,657.5148145679447,426.70418543205517,0.5928921691330952,0.42576385238676645,28.878571428571423,11867253.9,1.4890266661416365,111840256.0,0.021256931608133023,0.02835595776767199,0.038170329569039554,0.044946320298158815,0.28085367516705295,-0.05476350218047654,47.331749801683785,56.05972499372731,0,0,-0.06334841628959265,NVDA,US,Semiconductors
2024-07-24,567.53,575.28,541.61,556.58,7841184,575.1,588.7,547.8709999999999,500.7176,566.696474566998,541.2008999222988,58.85301094192364,31.862296282732046,25.495574644699104,28.505250006968215,-3.0096753622691104,547.8709999999999,52.643466821129465,653.1579336422587,442.58406635774094,0.5413584083902094,0.3843493583053922,28.208571428571414,11551576.75,0.6787976646739879,103999072.0,-0.01236802413272986,0.060494448237341375,-0.019294134230755447,-0.027824841487484875,0.26108530644613115,-0.07948531357501976,27.71001377112232,41.70292210546952,0,0,-0.09031945093248062,NVDA,US,Semiconductors
2024-07-25,555.41,579.41,548.9,562.46,16416781,563.738,585.623,553.3835,502.66339999999997,566.0446161450878,542.8027603303315,56.05001838911365,30.226889180573764,23.241855814756377,27.4525634760104,-4.210707661254023,553.3835,47.63314649485155,648.6497929897031,458.1172070102969,0.5476375206518923,0.34430478317308316,28.58642857142856,11700052.25,1.4031372891401157,120415853.0,0.010564519026914354,0.05424385734087001,0.012693325651297915,-0.051868583854491446,0.24380265805709755,-0.09173704523067472,33.493999606202145,36.17858772633609,0,0,-0.13615190413540523,NVDA,US,Semiconductors
2024-07-26,575.53,554.6,530.08,540.98,4086518,555.0780000000001,577.4559999999999,556.338,503.9116,562.1880552695675,542.6655913703975,49.294612331512546,15.51405162540739,19.52246389917002,25.866534288705314,-6.344070389535293,556.338,44.70803596670277,645.7540719334055,466.92192806659443,0.4141205844299879,0.32144513563065913,29.938571428571418,11348193.4,0.3601029252724116,116329335.0,-0.038189382356078716,0.04532515065243568,-0.06003162302562842,-0.13116518108086395,0.1226213451202558,-0.07410830423769421,12.364745229073767,24.522919535466084,0,0,-0.0891160486524456,NVDA,US,Semiconductors
2024-07-29,537.6,574.28,520.48,544.39,27437064,553.592,572.417,560.2075000000001,504.6928,559.4496128824368,542.795206166402,51.00546275037606,25.656047845721886,16.654406716034828,24.024100157465618,-7.36969344143079,560.2075000000001,39.629452746662885,639.4664054933259,480.94859450667434,0.4002162602300111,0.2829626718427878,32.0292857142857,12151979.05,2.2578266164944862,143766399.0,0.006303375355835694,0.09882620915134578,0.012630208333309773,-0.08472040082047139,0.16571734475374722,-0.013464535536950595,21.817684095065047,22.558809643446992,0,0,-0.14687999412186115,NVDA,US,Semiconductors
2024-07-30,543.69,534.78,522.3,527.85,9730790,546.452,565.5820000000001,561.881,505.12659999999994,554.5877132812108,541.6730769399929,40.53653161552805,31.843660051507257,12.914636341217829,21.802199081097182,-8.887562739879353,561.881,37.3441413569009,636.5692827138017,487.19271728619816,0.27217979337752635,0.26585089267538453,30.977142857142837,11826672.85,0.8227833221256879,134035609.0,-0.030382630099744623,0.023643080420529268,-0.029134249296420563,-0.11464273733646435,0.0677009587766495,-0.06334841628959265,6.725066155609774,13.635831826582868,0,0,-0.17518234346878847,NVDA,US,Semiconductors
2024-07-31,534.97,513.34,500.69,506.31,7891210,536.3979999999999,555.749,563.4265,505.62800000000004,547.1598289289474,539.0205908909786,31.645409240645293,12.252703772091778,8.139238037968767,19.069598693374022,-10.930360655405256,563.4265,34.07307491955589,631.5726498391118,495.28035016088825,0.08092643432586469,0.24189898714025995,30.787142857142836,11419175.35,0.6910489651909089,126144399.0,-0.04080704745666386,0.02498469317211797,-0.05357309755677225,-0.16262569462820853,0.06501893142616755,-0.09031945093248062,4.343793476547043,10.962181242407292,0,0,-0.16634077936442104,NVDA,US,Semiconductors
2024-08-01,504.24,486.84,485.11,485.88,7873377,521.082,542.4100000000001,562.2055,505.72640000000007,537.7315788328938,535.0383789435803,19.978927959963087,10.405465949820751,2.6931998893135187,15.79431108980622,-13.101111200492701,562.2055,36.432874176894956,635.07124835379,489.3397516462101,-0.023740589538640423,0.2592139292613122,30.043571428571404,11442365.5,0.68808991566561,118271022.0,-0.0403507732416899,0.0035605499300164667,-0.0364112327462391,-0.2153987759781678,-0.04785420340975899,-0.13615190413540523,0.5311810154488616,3.8666802158685645,0,0,-0.12099695398040677,NVDA,US,Semiconductors
2024-08-02,483.29,506.25,481.99,492.77,14453009,511.43999999999994,533.259,560.2015,505.7766,530.8140502303794,531.8736329752942,25.33726608964747,11.407686344002613,-1.0595827449147919,12.423525865720363,-13.483108610635155,560.2015,39.134689857761046,638.4708797155221,481.93212028447795,0.06923448067969981,0.2794329530191631,29.015714285714264,11617572.5,1.2440643478605924,132724031.0,0.01418045607969054,0.04923189317521513,0.01961555173908077,-0.1566201136441432,-0.07521816646335744,-0.0891160486524456,7.27984873036681,4.051607740787577,0,0,-0.11181687196866685,NVDA,US,Semiconductors
2024-08-05,493.9,471.39,458.87,464.43,11863098,495.448,524.52,556.1945000000001,505.095,520.6006663929281,526.8279781590239,21.81149189235437,10.602161605764238,-6.227311766095795,8.69335262288327,-14.920664388979064,556.1945000000001,44.54782793157308,645.2901558631462,467.0988441368539,-0.014977408892630946,0.32037589678785366,29.20571428571427,11845024.05,1.001525784025252,120860933.0,-0.057511617996225395,0.026957776198723218,-0.05966794897740495,-0.15836685875829082,-0.14716198101254208,-0.14687999412186115,3.2476635513829,3.686231099066195,0,0,-0.03320198953555975,NVDA,US,Semiconductors
2024-08-06,464.07,436.56,434.45,435.38,6646584,476.954,511.703,550.9979999999999,504.0342,507.48930253585434,519.9915393387208,16.725642840292494,5.611206124277217,-12.502236802866491,4.454229540583542,-16.956466343450032,550.9979999999999,52.05091400178337,655.0998280035667,446.89617199643317,-0.05531205463550213,0.3778664459884713,30.59285714285713,11735461.9,0.5663674331926012,114214349.0,-0.06254979221841828,0.004846341127280002,-0.061822569870791426,-0.227433235737734,-0.19270920249948997,-0.17518234346878847,0.4754115121128987,3.6676412646208743,1,1,0.0687675134365382,NVDA,US,Semiconductors
2024-08-07,431.91,427.78,417.54,422.09,21263098,460.10999999999996,498.254,543.4770000000001,503.402,494.35053103318666,512.6776470782223,11.031620553359645,5.763761084155917,-18.327116045035666,-0.10204404532042897,-18.225071999715237,543.4770000000001,59.16073236264246,661.798464725285,425.15553527471513,-0.012954265237586724,0.43542400037192824,30.050714285714268,12054635.85,1.7638937003730644,92951251.0,-0.030525058569525476,0.02426022886108577,-0.022736218193552624,-0.2416364224370262,-0.2627377687725979,-0.16634077936442104,2.640896163429999,2.1213237423086038,1,1,0.0816413561088869,NVDA,US,Semiconductors
2024-08-08,419.89,441.44,415.6,427.09,12058793,448.35200000000003,484.717,535.17,502.13300000000004,484.00247895011665,506.2877258464203,14.757185776422531,11.543689320388353,-22.285246896303647,-4.5386880966753305,-17.746558799628318,535.17,63.32468571617737,661.8193714323547,408.5206285676452,0.07331016025689334,0.47330519809450505,29.08071428571427,11640374.5,1.0359453610409732,105010044.0,0.011845814873605143,0.06050247020520142,0.017147348114941632,-0.24067489243679563,-0.2800600104512584,-0.12099695398040677,7.0142237958182125,3.3768438237870413,1,1,0.052190404832705095,NVDA,US,Semiconductors
2024-08-09,426.51,441.22,434.84,437.67,10549092,437.332,474.3860000000001,525.921,501.0618,476.87424318177733,501.1677653015785,21.622831004822714,24.122383252818054,-24.293522119801196,-8.489657381364118,-15.803864738437078,525.921,63.383926312093145,652.6888526241863,399.1531473758138,0.1519188494034868,0.4820794477647602,27.669285714285703,11697047.55,0.9018592985150942,115559136.0,0.02477229623732713,0.01457719286216893,0.0261658577758408,-0.19096824281858849,-0.2970850397494579,-0.11181687196866685,13.472925950714407,7.70934863665421,1,1,0.0883770877601846,NVDA,US,Semiconductors
2024-08-12,436.46,452.54,446.19,449.01,8358546,434.24799999999993,464.84799999999996,518.6324999999999,500.0336,472.5873540583825,497.2780832538384,21.47055893195177,27.581967213114766,-24.6907291954559,-11.729873371315707,-12.960855824140195,518.6324999999999,63.430117192901974,645.4927343858039,391.772265614196,0.22559368056781504,0.4892105079629965,27.25928571428571,11680612.05,0.7155913789987247,123917682.0,0.025909932140653957,0.014142224003888289,0.02875406681018022,-0.17520527562960375,-0.245082215272874,-0.03320198953555975,20.395580245281746,13.627576663938127,1,1,0.05656889601567894,NVDA,US,Semiconductors
2024-08-13,449.74,481.34,452.5,465.32,12328671,440.236,458.59499999999997,512.0885000000001,499.5474,471.4692813855733,494.8959929760356,28.27970297029701,50.52004207081921,-23.426711590462276,-14.069241954950114,-9.357469635512162,512.0885000000001,61.73510579164243,635.5587115832849,388.6182884167152,0.31060816450952744,0.482222161142239,27.163571428571426,11824648.15,1.0426246769444318,136246353.0,0.03632435803211509,0.061978853262137874,0.034642237737282304,-0.11846168419058445,-0.2195236497819525,0.0687675134365382,30.35223734796195,21.40691451465271,1,1,0.03210693716152324,NVDA,US,Semiconductors
2024-08-14,462.08,467.5,447.8,456.55,10907321,447.128,453.619,504.684,499.1618,469.1739757074217,492.03908622361564,25.134995539277824,66.21228365752796,-22.865110516193965,-15.8284162325757,-7.0366942836182655,504.684,58.86445396886525,622.4129079377306,386.9550920622695,0.2955727236264064,0.46654503783554563,26.39142857142857,11317094.25,0.9637915701027612,125339032.0,-0.018847244906730842,0.04314970977977623,-0.011967624653713654,-0.09827971005905467,-0.24492259857105048,0.0816413561088869,25.806654902786704,25.518157498676803,1,1,0.017457014565764872,NVDA,US,Semiconductors
2024-08-15,463.88,464.88,436.98,449.38,13627341,451.58599999999996,449.96899999999994,496.18950000000007,498.3914,466.12871317951425,488.86220328092776,26.945535085069963,73.06067263816124,-22.73349010141351,-17.209431361416183,-5.524058739997326,496.18950000000007,53.4695709308233,603.1286418616467,389.2503581383535,0.2811395379399931,0.431041534983836,26.071428571428566,11746520.15,1.160117180736528,111711691.0,-0.015704742087394585,0.06208554007730182,-0.0312580839871707,-0.0751214291594633,-0.274339141246952,0.052190404832705095,21.28812704801305,25.81567309958724,1,1,0.052338777871734354,NVDA,US,Semiconductors
2024-08-16,440.19,481.62,472.14,476.35,9169792,459.322,448.32700000000006,490.793,497.8,467.7012343537998,487.9307717772216,34.6908469084691,80.35494207542521,-20.22953742342179,-17.813452698057286,-2.4160847253645024,490.793,49.40281827673642,589.5986365534728,391.9873634465272,0.42691206441137364,0.4026366983770001,24.53142857142857,11724488.15,0.7821058881699763,120881483.0,0.06001602207485868,0.019901333053385362,0.08214634589590376,-0.03332183371552644,-0.1847230779763126,0.0883770877601846,50.973317670322444,32.689366540374074,0,0,-0.050865959903432345,NVDA,US,Semiconductors
2024-08-19,475.19,484.13,466.63,474.41,6626977,464.40200000000004,449.325,486.9225,497.49739999999997,468.7333607591524,486.92463060331227,37.13033426452173,75.33793103448276,-18.191269844159876,-17.889016139711803,-0.30225370444807353,486.9225,47.360111561368775,581.6427231227376,392.2022768772625,0.4339502189293812,0.3890566696858044,24.203571428571426,11839995.25,0.5597110725436252,114254506.0,-0.004072635667051516,0.03688792394756247,-0.0016414486836809092,0.02148870658656854,-0.1402812511326157,0.05656889601567894,60.16983834601831,44.14376102145127,0,0,-0.06258299782888221,NVDA,US,Semiconductors
2024-08-20,478.05,496.69,467.11,480.26,15720671,467.39,453.813,482.758,497.4964,470.50670239574436,486.42885436010624,43.2136716511228,73.31741531114758,-15.922151964361888,-17.49564325285807,1.5734912884961822,482.758,43.79520348646742,570.3484069729349,395.16759302706515,0.48574044757402696,0.36287500972641956,24.376428571428566,11742495.85,1.3387843489180924,129975177.0,0.01233110600535392,0.06159163786269602,0.004622947390430617,0.10308236483072264,-0.1477952266879602,0.03210693716152324,71.32928847135872,60.824148162566495,0,0,-0.08237204847374335,NVDA,US,Semiconductors
2024-08-21,474.24,473.4,457.42,464.52,4751905,468.98400000000004,458.0559999999999,478.15500000000003,497.4098,469.5856657545655,484.7995865355575,44.296090578936116,49.397953040337136,-15.213920780991998,-17.039298710426163,1.8253779294341648,478.15500000000003,40.32862500429292,558.8122500085858,397.4977499914142,0.41547567020345927,0.33736863572865333,24.49357142857142,11588031.9,0.4100700300911296,125223272.0,-0.032773914129846315,0.034401102212962976,-0.020495951416960888,0.10052358501741332,-0.16540299687376492,0.017457014565764872,53.965802536635756,61.82164311800427,0,0,-0.05866270558856457,NVDA,US,Semiconductors
2024-08-22,462.52,476.82,469.75,472.9,12294562,473.688,462.637,473.67699999999996,497.8432,470.09556590880715,483.9149231754968,44.73586605203201,62.37698713096137,-13.819357266689678,-16.395310367422955,2.575953100733276,473.67699999999996,35.10944858581574,543.8958971716314,403.4581028283685,0.49446730131210065,0.29648430120729197,23.63928571428571,11381920.95,1.0801832989199158,137517834.0,0.018040127443382348,0.014950306618703835,0.022442272766534536,0.10726076471001433,-0.15922910073605245,0.052338777871734354,70.6622271541415,65.31910605404533,0,0,-0.054789596109113936,NVDA,US,Semiconductors
2024-08-23,477.09,462.72,443.63,452.12,9686223,468.842,464.082,469.23400000000004,498.11800000000005,467.3300823995223,481.5517980423156,46.60263840591709,51.71980918905348,-14.2217156427933,-15.960591393197022,1.7388757504037233,469.23400000000004,31.590304708549233,532.4146094170985,406.05339058290156,0.364562876503902,0.26929254664821317,23.308571428571423,11661906.2,0.8305865270476513,127831611.0,-0.04394163670966367,0.04222330354763737,-0.05233813326615027,0.033015742454360675,-0.1642574586860882,-0.050865959903432345,45.03637933105146,56.55480300727624,1,0,0.017030876758382663,NVDA,US,Semiconductors
2024-08-26,453.66,449.0,441.3,444.72,8269547,462.904,463.6530000000001,464.2505,498.27,463.8515955923385,478.81499627255846,52.927532597793395,23.681144949242764,-14.963400680219934,-15.761153239847921,0.7977525596279875,464.2505,26.573439544224765,517.3973790884495,411.1036209115505,0.3162592015251483,0.22895776779275426,21.939999999999994,10703530.35,0.7725998765818536,119562064.0,-0.016367336105458707,0.017314265155564567,-0.019706388043866093,-0.00955435290973472,-0.18308565550432587,-0.06258299782888221,35.91071648741017,50.536440990867725,1,1,0.06869490915632293,NVDA,US,Semiconductors
2024-08-27,437.72,451.78,431.83,440.7,9708662,454.992,461.191,459.89300000000003,498.8696,460.28980074522025,475.98350095521744,56.193011647254586,22.88885314460346,-15.69370020999719,-15.747662633295848,0.053962423298658635,459.89300000000003,22.415666067801812,504.7243321356037,415.0616678643964,0.2859421180901794,0.194964185736709,22.09071428571428,10702423.95,0.9071460015237015,109853402.0,-0.009039395574743758,0.04526889040153102,0.006808005117411023,-0.05290982549643253,-0.16510372264847972,-0.08237204847374335,30.95326180748605,37.300119208649235,1,1,0.0797594735647833,NVDA,US,Semiconductors
2024-08-28,441.76,438.22,436.52,437.27,12979902,449.54200000000003,459.2629999999999,456.441,498.7178,456.7482837594199,473.1081595383034,53.42345977939198,14.025104602510453,-16.35987577888352,-15.870105266638722,-0.48977051224479773,456.441,20.086282016918986,496.613564033838,416.268435966162,0.26139187949126996,0.17602522137034135,20.543571428571425,10956858.55,1.1846370705737483,96873500.0,-0.007783072384842327,0.003887758135696841,-0.010163889894942605,-0.04222976672872636,-0.1363591475578203,-0.05866270558856457,8.387295713715886,25.08375800287071,1,1,0.06311889679145621,NVDA,US,Semiconductors
2024-08-29,437.26,453.31,441.94,446.99,24336062,444.35999999999996,459.02400000000006,454.4965,499.2016,455.247006042521,471.16868779905343,53.152482749289675,33.68695328494326,-15.92168175653245,-15.880420564902243,-0.04126119163020725,454.4965,18.93584856270032,492.3681971254007,416.62480287459937,0.40089564806740224,0.1666534159242913,20.679999999999996,11779992.8,2.0658807137912074,121209562.0,0.022228828870034523,0.025436810666848404,0.022252206924890834,-0.0053184387378165665,-0.08004033917839792,-0.054789596109113936,23.373419672781818,20.90465906466126,1,1,0.03577261236269269,NVDA,US,Semiconductors
2024-08-30,446.31,469.44,452.12,459.82,6805018,445.9,457.371,452.849,500.0502,455.9505448799664,470.32611615571545,53.61998526555489,38.75902371949125,-14.375571275749053,-15.579450700424507,1.2038794246754545,452.849,16.736274156204114,486.3215483124082,419.3764516875918,0.6041301058756219,0.14783094723554338,21.221428571428564,11397593.25,0.5970574009510823,128014580.0,0.028703102977695183,0.03766691313984239,0.03027043982875069,-0.03470137503936188,-0.06686689530612655,0.017030876758382663,43.15448658582864,24.97173399077546,0,1,-0.01041711974250803,NVDA,US,Semiconductors
2024-09-02,461.42,486.64,466.18,475.27,3248215,452.01000000000005,457.457,453.39099999999996,500.6328,458.92277341149054,470.6931073719823,53.35129673290671,71.90160832544936,-11.770333960491769,-14.817627338977706,3.0472933784859375,453.39099999999996,17.29718714583216,487.9853742916643,418.7966257083356,0.816221935606097,0.1526028275443846,20.827857142857138,10966849.1,0.2961848635097146,131262795.0,0.03360010438867378,0.04304921413082444,0.03001603744954694,0.0018127779768553065,0.023340438817475162,0.06869490915632293,66.97502312570188,44.50097646143746,0,0,-0.0728428051423402,NVDA,US,Semiconductors
2024-09-03,477.45,491.05,463.69,475.85,24555097,459.03999999999996,457.01599999999996,455.41450000000003,501.35020000000003,461.5269655773584,471.0758503200564,56.88007985170398,83.81490332391911,-9.548884742698021,-13.763878804827268,4.2149940621292465,455.41450000000003,17.44582666880365,490.3061533376073,420.52284666239274,0.7928422422617207,0.15323031364847048,21.374999999999996,11862274.75,2.0700156966086376,155817892.0,0.0012203589538579696,0.057497110433839475,-0.003351136244625856,-0.009182526131678581,0.09295328219027055,0.0797594735647833,67.86925685988489,59.33292219047181,0,0,-0.017190291058106544,NVDA,US,Semiconductors
2024-09-04,472.02,474.19,457.42,464.87,10152495,464.56000000000006,457.05099999999993,457.5535,501.82059999999996,462.0412791436507,470.61532112039646,55.37585895745124,72.80618984714096,-8.574041976745775,-12.72591142747382,4.151869450728045,457.5535,15.677940008010685,488.9093800160214,426.1976199839786,0.6166687076817006,0.13705885766780435,20.698571428571427,11306744.6,0.8979148695094016,145665397.0,-0.0230744982662604,0.0360746015014174,-0.015147663234576565,0.0007534659433394708,0.10135279205856573,0.06311889679145621,50.94048720242153,61.92825572933611,0,0,-0.038462365822703126,NVDA,US,Semiconductors
2024-09-05,461.45,471.07,456.5,462.98,8973126,467.758,456.059,459.34799999999996,502.036,462.18569787431346,470.04878886583936,44.381880830321876,74.9854227405248,-7.863090991525894,-11.753347331486172,3.8902563399602776,459.34799999999996,13.968339614248789,487.2846792284975,431.4113207715024,0.565004146873157,0.12163622886542115,19.436428571428568,11152461.25,0.8045869870574993,136692271.0,-0.0040656527631380834,0.03147004190239,0.003315635496796433,-0.02097695072954109,0.08403381020393841,0.03577261236269269,48.026518654825416,55.612087572377284,0,1,-0.01013002721499845,NVDA,US,Semiconductors
2024-09-06,463.88,471.83,441.59,455.03,72142743,466.8,456.35,460.216,501.4988000000001,461.08482039216483,468.9345506548422,42.24799999999998,58.09178743961348,-7.849730262677383,-10.972623912074315,3.122893649396932,460.216,13.060218181462853,486.3364363629257,434.0955636370743,0.4007290703657317,0.11351381248313383,20.346428571428568,14232143.8,5.069000070881797,64549528.0,-0.01717136809365427,0.0664571566708427,-0.01907820988182492,0.00643634433336282,0.039664587474581126,-0.01041711974250803,35.769349367317744,44.912118408188235,0,0,-0.011801419686613968,NVDA,US,Semiconductors
2024-09-09,457.35,451.34,432.09,440.65,6328366,459.87600000000003,455.9429999999999,459.79799999999994,500.97180000000003,457.9409997291238,466.8363730742657,35.16812701265633,31.290259613507715,-8.895373345141877,-10.557173796282536,1.6618004511406586,459.79799999999994,13.56189732107617,486.9217946421523,432.6742053578476,0.14702578948172668,0.11798135112416044,19.872142857142855,14130634.8,0.44784722284046125,58221162.0,-0.0316023119354768,0.04368546465438855,-0.03651470427454582,-0.009151825867961927,-0.018618739003585683,-0.0728428051423402,14.893617021025081,32.89649501438942,0,1,-0.04561443322364678,NVDA,US,Semiconductors
2024-09-10,440.99,471.85,464.32,467.67,24873591,458.24000000000007,458.64,459.91549999999995,500.43760000000003,459.43776986414304,466.8982057779736,51.08763206960847,43.9490445859873,-7.460435913830565,-9.937826216923519,2.477390303092953,459.91549999999995,13.622303489809116,487.1601069796182,432.6708930203817,0.6423125685967669,0.11847657658660785,20.469285714285718,14757880.8,1.6854445195515795,83094753.0,0.06131850675139017,0.01610109692728618,0.06050023810050003,0.06119809394145692,0.005050287973867418,-0.017190291058106544,60.52009456162583,37.061020316656226,0,0,-0.032373254645369665,NVDA,US,Semiconductors
2024-09-11,474.17,456.92,439.04,446.99,11709043,454.66400000000004,459.6120000000001,459.4375,499.86940000000004,457.5227274127471,465.4216984229267,41.754184965947445,32.59348612786491,-7.898971010179594,-9.5300551740638,1.631084163884207,459.4375,13.911275576234532,487.2600511524691,431.6149488475309,0.2763055599742935,0.12111571716461339,21.63571428571429,14797966.9,0.7912601972869532,71385710.0,-0.04421921440331855,0.0400008948745162,-0.0573212139105019,0.022228828870034523,-0.02093965611652615,-0.038462365822703126,25.599459641580587,33.67105707474384,0,0,-0.004340141837624989,NVDA,US,Semiconductors
2024-09-12,444.72,458.32,458.27,458.29,5722455,453.726,460.742,459.883,498.82919999999996,457.640769397953,464.89281903257313,52.08968366863103,46.046623407834666,-7.252049634620107,-9.074454064824534,1.8224044302044273,459.883,13.71350126124433,487.3100025224886,432.45599747751135,0.470959276370709,0.11927817519860051,20.354285714285716,14402722.6,0.397317560131474,77108165.0,0.025280207610908656,0.00010910122411552132,0.03051358157935213,0.025280207610908656,0.019827317637634234,-0.01013002721499845,44.680851063075345,43.600135088760595,0,0,-0.06967204172030816,NVDA,US,Semiconductors
2024-09-13,461.52,466.38,436.28,449.66,6951006,452.65200000000004,459.726,458.5485,497.16540000000003,456.41295829267574,463.763264795129,51.65927717318285,42.596709648732784,-7.350306502453236,-8.729624551532538,1.379318049079302,458.5485,13.319696643852488,485.187893287705,431.909106712295,0.3331699993251069,0.11619007929432501,21.731428571428577,14291783.3,0.4863637635505036,70157159.0,-0.018830871282375816,0.0669394653736892,-0.025697694574393873,-0.022095602627114852,-0.056030229872992554,-0.011801419686613968,30.108071596924947,33.46279410052697,1,0,0.03040074723124131,NVDA,US,Semiconductors
2024-09-16,445.08,435.07,408.93,420.55,11767742,448.63199999999995,454.254,455.85549999999995,494.685,450.895578463858,460.55913757174784,44.208105777522285,34.48524118070557,-9.663559107889853,-8.916411463158362,-0.7471476447314913,455.85549999999995,15.249030849275323,486.3535616985506,425.3574383014493,-0.07881547274853416,0.13380582969157445,23.21571428571429,14548821.55,0.8088449741934615,58389417.0,-0.06473780189476497,0.06215669955995204,-0.05511368742685553,-0.11513455509499859,-0.11353049050399444,-0.04561443322364678,14.150024354430714,29.646315671477012,1,1,0.08733800974913786,NVDA,US,Semiconductors
2024-09-17,413.62,463.15,444.03,452.53,6663372,445.604,451.922,454.46899999999994,492.94939999999997,451.14702799381183,459.9638456766871,53.767901234567894,54.614667495338715,-8.81681768287524,-8.896492707071507,0.07967502419626804,454.46899999999994,14.133121940658379,482.7352438813167,426.20275611868317,0.46570113792608836,0.1243923958785069,25.960000000000004,14095956.6,0.47271509954031077,65052789.0,0.07604327666151467,0.04225134245234074,0.0940718533917748,-0.049007040033624105,-0.057739557739557745,-0.032373254645369665,53.09303458288971,32.45037684474847,1,1,0.012905221753253926,NVDA,US,Semiconductors
2024-09-18,438.14,451.47,439.92,445.05,7538026,445.216,449.94000000000005,453.4955,490.40020000000004,450.2090234886707,458.85818603960536,49.51562968141416,39.64095988276241,-8.649162550934648,-8.847026675784077,0.1978641248494295,453.4955,14.074797362289786,481.64509472457956,425.3459052754204,0.34998895929084983,0.1241449792755055,25.715,14235262.65,0.5295318854175208,57514763.0,-0.016529290875742952,0.025952140208906998,0.015771214680203254,-0.04263557553724695,-0.041914234048049503,-0.004340141837624989,43.98441305353161,37.07582399695069,1,1,0.08949556229637112,NVDA,US,Semiconductors
2024-09-19,453.93,434.77,419.64,426.36,11059189,438.83000000000004,446.27799999999996,451.16850000000005,487.06280000000004,446.539942295285,456.4490360415229,41.88336891131381,40.376900830301324,-9.909093746237886,-9.059440090081164,-0.8496536561567218,451.16850000000005,14.537430191715238,480.2433603834305,422.0936396165696,0.07336854463088706,0.1288869253210985,25.926428571428573,14173494.0,0.7802725439279444,46455574.0,-0.041995281429052955,0.03548644338109698,-0.06073623686458101,-0.07909628925655532,-0.09841404102347207,-0.06967204172030816,21.225036531646072,39.43416138935581,1,1,0.09414579228820719,NVDA,US,Semiconductors
2024-09-20,432.59,473.12,455.49,463.33,15735144,441.564,447.108,451.729,483.8764,449.12302848718997,456.9591050314979,47.377438060094896,51.8967334035827,-7.836076544307957,-8.814767380736395,0.9786908364284379,451.729,14.789957795037605,481.3089155900752,422.1490844099248,0.6960958942559717,0.13096310216970666,27.350714285714286,14475940.05,1.086985913085077,62190718.0,0.08671076085936757,0.03805063345771253,0.0710603573821146,0.018240555567764716,0.024794302397593615,0.03040074723124131,66.2445202135138,43.81798993289717,0,1,-0.030626119612371272,NVDA,US,Semiconductors
2024-09-23,460.89,457.64,456.99,457.28,17840662,448.90999999999997,448.771,452.3570000000001,481.1264,450.3779473422744,456.9828909169204,46.01690189181072,52.92447037150751,-6.604943574645972,-8.372802619243561,1.7678590445975892,452.3570000000001,14.743266116757162,481.8435322335144,422.8704677664858,0.5834787888997836,0.1303684135912526,25.849285714285713,14954495.8,1.19299647715328,44350056.0,-0.01305764789674746,0.0014214485654272127,-0.007832671570205865,0.037739702711902856,0.02824248965641285,0.08733800974913786,74.08826233413896,53.85260635976628,1,1,0.006648005598320461,NVDA,US,Semiconductors
2024-09-24,465.57,460.51,456.65,458.37,14887776,450.0780000000001,447.841,453.2405,478.36980000000005,451.60749403831704,457.0857033244011,48.544037272645824,68.49207901427734,-5.478209286084052,-7.79388395232375,2.3156746662396976,453.2405,14.535932057818638,482.31236411563725,424.16863588436274,0.5882210369966046,0.1282844940625258,24.80857142857143,15213451.5,0.9785928604963272,59237832.0,0.002383659902029489,0.008421144490240619,-0.015464913976382765,-0.019885816922188715,0.04009530292716135,0.012905221753253926,77.02134288710046,72.45137514491775,1,0,0.018609420337281968,NVDA,US,Semiconductors
2024-09-25,464.75,486.6,483.5,484.88,5112559,458.044,451.63,455.621,475.9746,456.726341578977,459.14571980114914,54.41817301484828,66.71143713193513,-2.4193782221721563,-6.718982805865773,4.2996045836936165,455.621,15.639421479408107,486.8998429588162,424.3421570411838,0.9677123133607699,0.13730202496701227,25.784285714285716,14820084.35,0.3449750038045496,64350391.0,0.05783537317014642,0.0063933344332487,0.043313609467362416,0.08476699702454193,0.10888009696526169,0.08949556229637112,97.78550276686252,82.96503599603399,0,0,-0.06824368916020451,NVDA,US,Semiconductors
2024-09-26,485.96,486.0,450.9,466.5,15613471,466.072,452.451,456.5965,472.9192,458.2299814527863,459.6907703045903,52.22054439152826,59.95914198161389,-1.4607888518039545,-5.667344014718687,4.206555162914732,456.5965,15.68114028983603,487.95878057967207,425.2342194203279,0.6578887092439512,0.1373741611230195,26.131428571428575,14383954.8,1.0854782381909154,48736920.0,-0.03790628609140401,0.07524115755610886,-0.040044448102642065,0.01791442099980367,0.04364750889281632,0.09414579228820719,74.12128234744273,82.97604266713525,0,1,-0.08510182207931405,NVDA,US,Semiconductors
2024-09-27,462.82,458.68,441.5,449.14,12476086,463.23400000000004,452.399,456.0625,470.2164,456.8315226758807,458.90884786901734,51.62488038277512,60.708913125235036,-2.0773251931366303,-4.94934025021945,2.8720150570828196,456.0625,15.747297804954982,487.55709560991,424.56790439009,0.39010019232931664,0.13811526099971358,26.278571428571432,14667508.2,0.8505933645502674,36260834.0,-0.037213290460878956,0.03825087945843558,-0.029557927487944446,-0.001156429302139439,-0.023226479926927945,-0.030626119612371272,51.770310286445564,74.55903180025028,0,1,-0.09852161909426904,NVDA,US,Semiconductors
2024-09-30,443.16,461.1,459.69,460.32,10545875,463.842,456.3759999999999,455.31499999999994,468.3864000000001,457.36821152480616,459.01342519680554,48.50250601035002,48.13205907906169,-1.645213671999386,-4.288514934440824,2.6433012624414385,455.31499999999994,15.130299854406589,485.5755997088131,425.05440029118677,0.5826982949376196,0.13292160244554524,24.904285714285717,15032391.2,0.7015433644686306,46806709.0,0.0248920158525181,0.0030630865484814087,0.03872190630914624,0.09456663892521688,-0.03145580406926585,0.006648005598320461,66.16454229347022,64.01871164245284,0,0,-0.10431873479318732,NVDA,US,Semiconductors
2024-10-01,460.65,473.08,461.96,466.9,9331435,465.54799999999994,457.813,454.86749999999995,466.4534,458.8346405899572,459.59786192471796,54.30374821667891,55.93094944512947,-0.7632213347607717,-3.5834562143899156,2.820234879629144,454.86749999999995,14.614546421470244,484.0965928429404,425.6384071570595,0.7058308833590834,0.12851695424657167,23.770714285714288,14271208.1,0.6538643596778356,56138144.0,0.014294403892944008,0.02381666309697192,0.01356778465209255,0.03175480078668813,-0.01880844804034898,0.018609420337281968,74.63628170368688,64.19037809453424,0,0,-0.07438423645320191,NVDA,US,Semiconductors
2024-10-02,471.11,460.48,444.84,451.79,37187329,458.92999999999995,458.48699999999997,454.2135,464.35760000000005,457.750849686834,459.0192762831609,48.617727118067364,46.5412111017662,-1.26842659632689,-3.1204502907169482,1.8520236943900583,454.2135,14.434937614947087,483.08337522989416,425.34362477010586,0.458027182640046,0.12712028695681915,24.53714285714286,15622949.8,2.380301229649907,18950815.0,-0.03236239023345466,0.03461785342740084,-0.04100953068276832,0.015144365801595283,-0.02813689848774925,-0.06824368916020451,55.18218102156326,65.32766833957346,1,0,0.0005754886119657687,NVDA,US,Semiconductors
2024-10-03,450.09,430.52,423.82,426.8,20108884,450.98999999999995,458.53100000000006,452.4045,461.6444,452.98918034390465,456.6318016524073,45.454906950850955,18.974358974358964,-3.642621308502669,-3.2248844942849844,-0.4177368142176845,452.4045,15.505822157806405,483.41614431561277,421.3928556843872,0.08717925854714209,0.13709697545247335,24.385,16179737.7,1.242843557170673,-1158069.0,-0.055313309280860645,0.015698219306429922,-0.051745206514137665,0.0010319917440659854,-0.07814592422998834,-0.08510182207931405,23.00759624020848,50.94201965515288,1,1,0.0768744142455482,NVDA,US,Semiconductors
2024-10-04,424.8,414.0,397.6,404.89,4819667,442.14,452.687,449.89750000000004,458.92259999999993,445.5893062340014,452.79779450609794,46.794661863435394,18.284772984659725,-7.208488272096531,-4.02160524991377,-3.1868830221827613,449.89750000000004,18.76897408378897,487.435448167578,412.3595518324221,-0.09949334203053432,0.16687333522633271,23.56142857142857,12813583.9,0.3761372822370732,-5977736.0,-0.05133552014995324,0.04050482847183055,-0.04686911487747918,-0.12613040381585483,-0.11019053688767766,-0.09852161909426904,8.19101123586298,28.793596165878245,1,1,0.15280693521697253,NVDA,US,Semiconductors
2024-10-07,405.64,420.59,405.68,412.3,6848561,432.53600000000006,448.18899999999996,448.48,456.2808,440.4678743822207,449.79702947060196,40.84474989759229,28.871300757054385,-9.329155088381242,-5.08311521767812,-4.246039870703122,448.48,20.495292142344482,489.470584284689,407.48941571531105,0.05867913776514714,0.18279782502942188,21.640000000000004,12839593.65,0.5333938638008326,870825.0,0.018301267010793154,0.03616298811536213,0.01641849916177795,-0.0983642407277816,-0.06433677521842729,-0.10431873479318732,16.516853932398675,15.905153802823387,1,1,0.043245209798690176,NVDA,US,Semiconductors
2024-10-08,401.18,436.54,428.67,432.17,9246784,425.59,445.56899999999996,446.70500000000004,454.3672,439.19127829737505,448.4909494287544,47.225333907798365,35.31866068634611,-9.299671131379341,-5.926426400463396,-3.3732447309159452,446.70500000000004,20.281999408343548,487.26899881668714,406.14100118331294,0.3208386694565539,0.18161425914908627,22.47071428571429,12058253.3,0.7668426763897325,10117609.0,0.04819306330341977,0.018210426452511266,0.07724712099287792,-0.05715906363854528,-0.07590822588577417,-0.07438423645320191,38.842696628777034,21.183520599012905,0,1,-0.005067450308906207,NVDA,US,Semiconductors
2024-10-09,443.06,458.94,446.54,452.05,9466136,425.642,442.28599999999994,446.95799999999997,453.282,441.1695432088498,448.754652752155,55.50602254704445,43.198680956306696,-7.58510954330518,-6.2581630290459245,-1.3269465142592551,446.95799999999997,20.317270485969516,487.592540971939,406.32345902806094,0.5626560541554261,0.18182711114622904,22.567857142857147,11946107.95,0.7924032870970928,19583745.0,0.04600041650276521,0.02743059396078431,0.020290705547735564,-0.06770747401418908,0.011320163762052804,0.0005754886119657687,61.17977528021145,38.84644194712906,0,0,-0.06634221878110835,NVDA,US,Semiconductors
2024-10-10,460.3,459.93,459.37,459.61,12940288,432.204,441.59700000000004,447.024,452.75659999999993,444.0065366027713,449.55895008646644,49.08769864626251,53.847667781932685,-5.5524134836951475,-6.117013119970945,0.5645996362757977,447.024,20.358122496413937,487.74024499282785,406.30775500717215,0.6545574745603686,0.18216581209392235,19.79071428571429,12306999.6,1.0514574932254412,32524033.0,0.01672381373741838,0.0012184243162654943,-0.0014990223767075792,-0.01476956055734191,0.002880272316655441,0.0768744142455482,69.67415730258791,56.56554307052548,0,0,-0.032984486847544736,NVDA,US,Semiconductors
2024-10-11,457.85,469.93,464.23,466.76,13836922,444.578,443.35900000000004,447.879,452.2364,447.50706947637667,450.8333917534228,52.31242072397308,73.84817378849365,-3.326322277046131,-5.558874951370723,2.232552674324592,447.879,20.8283088986839,489.5356177973678,406.2223822026322,0.7266266561908249,0.1860172850134737,20.075000000000006,12651295.4,1.0937157396770816,46360955.0,0.015556667609494923,0.012211843345590404,0.019460522004980906,0.03923052945629424,0.03802873282035302,0.15280693521697253,77.70786516766616,69.5205992501552,0,0,-0.05435341503127944,NVDA,US,Semiconductors
2024-10-14,456.73,431.72,428.85,430.13,11832469,448.14400000000006,440.34,448.358,451.5504,444.8336741443618,449.29948419132,44.12938632961915,62.81218274111676,-4.465810046958211,-5.340261970483439,0.8744519235252284,448.358,20.269389054227226,488.89677810845444,407.81922189154557,0.27517822624661564,0.18083218369411952,22.50714285714286,12654531.75,0.9350380005140846,34528486.0,-0.078477161710515,0.006672401367013071,-0.058240098088458786,-0.0655848105665624,0.022779693258827782,0.043245209798690176,36.5505617973421,61.31086142253207,1,1,0.03206007486108864,NVDA,US,Semiconductors
2024-10-15,428.76,443.85,418.88,429.98,8042304,447.70599999999996,436.648,447.2305,451.44239999999996,442.548493486547,447.868132220554,37.18248038849458,59.68873301183692,-5.319638734007015,-5.3361373231880815,0.016498589181066947,447.2305,20.648734757977568,488.52796951595514,405.9330304840449,0.2911433775182464,0.18468091740551143,22.274285714285718,12723478.35,0.6320837075119707,26486182.0,-0.00034873177876448835,0.05807246848677137,0.0028454146841990434,-0.07907474834011552,-0.04983095043422525,-0.005067450308906207,36.62895927560375,50.29579541353735,1,1,0.04039722777803623,NVDA,US,Semiconductors
2024-10-16,431.68,433.3,413.08,422.06,10389280,441.70799999999997,433.675,446.081,451.4418,439.3964175419392,445.95607354672825,39.09180166912126,43.62466893681421,-6.559656004789076,-5.580841059511706,-0.97881494527737,446.081,21.40266483654106,488.8863296730821,403.2756703269179,0.219415780889022,0.19191729606500227,21.211428571428574,12866041.05,0.8074961949933934,16096902.0,-0.018419461370296375,0.047907880396038764,-0.022285025945092938,-0.06580490936054362,-0.05165711717784516,-0.06634221878110835,32.405935346682476,35.195152139876114,1,1,0.07856702838458984,NVDA,US,Semiconductors
2024-10-17,419.84,455.22,435.84,444.45,14492066,438.67600000000004,435.43999999999994,446.98549999999994,451.789,440.1738917711818,445.8444938923305,48.876539069611454,45.35452322738384,-5.670602121148704,-5.598793271839306,-0.0718088493093978,446.98549999999994,20.901759048363306,488.7890180967266,405.1819819032733,0.46967360504679423,0.18704641692687177,21.794285714285717,13037684.9,1.1115520124625797,30588968.0,0.05304932947922092,0.04360445494421521,0.05861756859742139,0.041354264292408516,0.042428933295806326,-0.032984486847544736,62.06942236271766,43.701438995001304,1,1,0.04688941388232659,NVDA,US,Semiconductors
2024-10-18,444.91,442.54,440.47,441.39,21487755,433.60200000000003,439.09000000000003,445.8885,451.8634,440.36098534584903,445.51448030498574,45.2818902347839,38.21474773609312,-5.153494959136708,-5.509733609297989,0.35623865016128065,445.8885,20.57193521971763,487.0323704394353,404.74462956056476,0.4453320755631478,0.18454779811250116,21.224285714285713,13325315.45,1.612551197611521,9101213.0,-0.006884913938575821,0.004689730170586791,-0.007911712481158273,0.0901479414161872,-0.04735285865365935,-0.05435341503127944,58.01536830871731,50.83024200603916,1,1,0.14379573619701413,NVDA,US,Semiconductors
2024-10-21,441.87,452.09,437.39,443.92,28437144,436.36,442.25200000000007,445.2205,451.7616,440.9085260643559,445.39635372437084,44.154456654456666,34.28728673637866,-4.487827660014943,-5.305352419439915,0.8175247594249715,445.2205,20.398748794190034,486.01799758838007,404.42300241161996,0.4840615224295709,0.18326872903780675,21.36285714285714,13855139.55,2.052461604223856,37538357.0,0.0057318924307303565,0.03311407460796286,0.004639373571401933,0.07669172932330826,-0.029216235129461032,0.03206007486108864,64.03981750222536,61.37486939122012,1,1,0.2039106145251397,NVDA,US,Semiconductors
2024-10-22,442.32,458.26,438.63,447.35,7020459,439.834,443.77,444.6695000000001,451.4022,441.8995220582586,445.5410874682997,48.79922111639983,71.80851063829789,-3.641565410041096,-4.972595017558244,1.3310296075171477,444.6695000000001,20.172445374036077,485.01439074807223,404.32460925192794,0.533219819780957,0.18146012149689336,21.189285714285713,13461773.7,0.5215106593635087,44558816.0,0.007726617408542191,0.043880630378799856,0.011371857478722776,0.03512506652474712,-0.02404171302659419,0.04039722777803623,68.78197151847392,63.612385776472216,1,1,0.216005364926791,NVDA,US,Semiconductors
2024-10-23,448.59,467.36,445.51,455.22,5454359,446.466,444.087,443.18649999999997,451.37559999999996,443.94882636364355,446.25813205027487,58.47043395326658,76.7372881355932,-2.309305686631319,-4.439937151370415,2.1306314647390963,443.18649999999997,18.03806859628434,479.26263719256866,407.1103628074313,0.6667792193923142,0.16280341207364077,20.752142857142854,13478863.7,0.4046601194832084,50013175.0,0.01759248910249256,0.04799876982547345,0.01477964288099439,0.0070124986174096016,-0.06116977396469225,0.07856702838458984,79.6626572642104,70.82814876163657,1,1,0.1647994376345503,NVDA,US,Semiconductors
2024-10-24,462.44,471.74,460.13,465.29,13576697,450.634,444.65500000000003,443.12600000000003,451.69379999999995,447.2320838551824,447.6680604426894,69.3689071318625,93.79939209726443,-0.43597658750701385,-3.6391450385947963,3.2031684510877825,443.12600000000003,17.957608972244852,479.04121794448974,407.2107820555103,0.8085600097631028,0.16209934846706653,19.846428571428568,13377025.0,1.0149264118945422,63589872.0,0.02212117218048415,0.024952180360581704,0.006162961681502162,0.012358303779291147,-0.0025937834941049953,0.04688941388232659,90.23614895412905,79.56025924560447,1,1,0.21842291903973843,NVDA,US,Semiconductors
2024-10-25,466.06,507.69,502.59,504.86,19253138,463.3280000000001,448.465,445.912,452.264,456.09791712884663,451.9049467027202,74.60655040408338,95.40057117090035,4.192970426126408,-2.072721945645957,6.265692371772365,445.912,22.649179513431108,491.2103590268622,400.61364097313776,1.150663746603854,0.2031717425266,21.753571428571426,13715877.6,1.4037116076545035,82843010.0,0.08504373616454242,0.010101810402864004,0.08325108355129546,0.08162653183648994,0.12405931335441078,0.14379573619701413,97.00877285596653,88.96919302476867,1,1,0.16281741472883549,NVDA,US,Semiconductors
2024-10-28,510.36,556.83,516.52,534.44,11056341,481.4320000000001,458.896,449.61800000000005,453.4646,468.1505452865841,458.0192506977046,75.85317761261945,100.0,10.131294588879484,0.3680813612648631,9.76321322761462,449.61800000000005,30.00144638618622,509.6208927723725,389.6151072276276,1.206815922363733,0.26690609705233764,23.73428571428571,13741400.9,0.8046006572298857,93899351.0,0.05859050033672708,0.07542474365677089,0.04718238106425437,0.24250807895287485,0.16101842196732719,0.2039106145251397,84.42434782549968,90.55642321186508,1,1,0.10506324376917897,NVDA,US,Semiconductors
2024-10-29,532.24,552.88,536.87,543.98,10008844,500.758,470.296,453.47200000000004,454.73900000000003,479.81661526191624,464.38728869291583,74.5212056548413,100.0,15.429326569000409,3.380330402817631,12.048996166182778,453.47200000000004,36.57012162667115,526.6122432533423,380.33175674665773,1.1187291426238548,0.32257887257948004,23.13928571428571,13775271.35,0.726580480276312,103908195.0,0.017850460294888126,0.029431229089250634,0.022057718322519824,0.2651286106330526,0.16508888412936407,0.216005364926791,91.06086956458392,90.83133008201673,1,1,0.0667120114710098,NVDA,US,Semiconductors
2024-10-30,546.2,537.25,524.63,530.24,9771953,515.7620000000001,481.11400000000003,457.3945,456.05339999999995,487.5740590787032,469.265675231111,68.23839281103135,87.55096493612393,18.30838384759221,6.365941091777033,11.942442755815177,457.3945,40.38816833977684,538.1708366795536,376.61816332044634,0.9509086633133239,0.35320204628335955,23.958571428571425,12404502.55,0.7877746143254559,94136242.0,-0.025258281554468964,0.023800543150226696,-0.029220065909869673,0.2563142681135384,0.1736426215719693,0.1647994376345503,81.50260869508519,85.66260869505628,1,1,0.057068497284248565,NVDA,US,Semiconductors
2024-10-31,527.86,567.74,566.26,566.92,6921127,536.0880000000001,493.36100000000005,464.4005,457.9338,499.7811269272994,476.49988902264994,72.44129772360637,90.1278919384969,23.28123790464946,9.749000454355587,13.532237450293872,464.4005,46.49335532321335,557.3872106464268,371.4137893535733,1.0512588803617837,0.40045913234902414,25.9,11745114.7,0.5892770387949435,101057369.0,0.06917622208811092,0.0026105976151792275,0.07399689311545854,0.27555405557430523,0.3283036551077787,0.21842291903973843,99.46980473231946,90.67776099732953,1,1,0.03033937768997408,NVDA,US,Semiconductors
2024-11-01,562.02,598.67,577.77,587.06,10075179,552.528,507.928,473.509,460.63259999999997,513.208645875104,484.69011402429385,87.96632312382059,90.79396984924622,28.518531850810177,13.502906733650113,15.015625117160065,473.509,51.76646322414622,577.0419264482924,369.9760735517076,1.048381099106971,0.43730077547870794,25.46,12007890.3,0.8390464860387268,111132548.0,0.0355252945741904,0.03560113105979692,0.04455357460580658,0.3300256009424771,0.4499246708982685,0.16281741472883549,93.74427501431249,91.57222948057239,1,0,0.038190304227847305,NVDA,US,Semiconductors
2024-11-04,594.0,611.91,573.55,590.59,10841714,563.758,522.595,482.4235,463.55,525.1134695967863,492.5350707627082,88.23137348250415,87.8632629626358,32.57839883407814,17.318005153738653,15.26039368033949,482.4235,55.860550176781025,594.144600353562,370.7023996464379,0.9840916337947938,0.46316607857341313,26.416428571428572,12207547.95,0.8881155459139077,121974262.0,0.006013014001976069,0.06495199715527702,-0.005740740740731023,0.3303973688952966,0.432427843803056,0.10506324376917897,89.27727204099345,94.16378392920848,1,0,0.036624392556595886,NVDA,US,Semiconductors
2024-11-05,593.36,597.79,566.25,580.27,11278572,571.016,535.887,489.82849999999996,466.3414,533.599089664947,499.034353868964,87.23464344551657,74.39063331559335,34.56473579598298,20.76735128218964,13.797384513793343,489.82849999999996,58.59740566154098,607.0233113230819,372.633688676918,0.885859659561999,0.47851364844161864,27.224999999999994,12309137.35,0.9162763208360559,110695690.0,-0.01747405137235658,0.05435400761705001,-0.022060806255861487,0.2971275287805968,0.3426892195200961,0.0667120114710098,82.02987448127433,88.35047384552676,1,1,0.057783445637375586,NVDA,US,Semiconductors
2024-11-06,578.72,568.78,553.88,560.5,12282590,577.068,546.415,495.25100000000003,468.806,537.7376912574839,503.58762381677695,77.6533384168136,57.928585141101934,34.15006744070695,23.443894513894417,10.706172926812531,495.25100000000003,59.92040280765488,615.0918056153098,375.41019438469027,0.7722319816869294,0.4839598733372281,26.741428571428564,12449960.05,0.9865565001104962,98413100.0,-0.03407034656280694,0.02658340767167421,-0.031483273430965825,0.231272791177892,0.23990708992368104,0.057068497284248565,70.54205821641911,80.61640157956231,1,1,0.17452274754683317,NVDA,US,Semiconductors
2024-11-07,559.28,589.93,579.47,584.12,11117887,580.508,558.298,501.47650000000004,471.5486,544.8734310677141,509.5532993694886,80.97573679413168,73.61914781693844,35.32013169822551,25.81914195076157,9.50098974746394,501.47650000000004,62.43772478701463,626.3519495740293,376.6010504259708,0.8309037135845344,0.49803111242014414,28.559285714285704,12358840.0,0.8995897754490085,109530987.0,0.042140945584299816,0.01790727932613507,0.04441424688877775,0.25538911216660565,0.27090359217597526,0.03033937768997408,84.07632363004772,78.88275210924706,1,1,0.15270834759980834,NVDA,US,Semiconductors
2024-11-08,595.11,611.36,607.97,609.48,12742012,584.992,568.76,508.6125,474.5418000000001,554.8129032154911,516.9556383580187,82.69094068399019,70.7124781000584,37.85726485747239,28.226766532104488,9.630498325367899,508.6125,66.29757111332472,641.2076422266495,376.01735777335057,0.8803589569921927,0.5213994631527489,29.45499999999999,12304094.5,1.0355911167952168,122272999.0,0.04341573649250163,0.005562118527259999,0.024146796390542687,0.20722576555876882,0.3057674179449825,0.038190304227847305,98.59764542879391,84.40534242508693,1,1,0.10157839469711871,NVDA,US,Semiconductors
2024-11-11,604.46,631.01,597.2,612.22,3438902,589.318,576.538,517.717,477.2808,563.6447642625311,524.0125765460909,82.64364629944956,64.74103585657372,39.63218771644017,30.5078507689722,9.12433694746797,517.717,67.44555840395336,652.6081168079068,382.8258831920933,0.8502936376964237,0.5210998163384483,30.46785714285713,11884416.15,0.2893622763822288,125711901.0,0.00449563562381039,0.05522524582657332,0.01283790490683776,0.14553551380884655,0.4233371306349245,0.036624392556595886,89.87061994560719,90.8481963348163,1,1,0.07178791937538787,NVDA,US,Semiconductors
2024-11-12,607.41,622.0,607.24,613.8,15246492,596.024,583.5200000000001,526.908,480.03979999999996,571.3609543784048,530.6637750216751,82.2002923976608,63.916536755006554,40.69717935672975,32.54571648652412,8.151462870205627,526.908,67.38492558272587,661.6778511654518,392.13814883454825,0.8223718036629113,0.5115498385494089,29.96142857142856,12244625.55,1.2451577790259352,140958393.0,0.0025807716180457074,0.02404692082107518,0.010520077048434282,0.12835030699658057,0.4275082561979626,0.057783445637375586,89.92860486838758,92.79895674759622,1,1,0.11093189964157713,NVDA,US,Semiconductors
2024-11-13,619.68,665.38,652.67,658.32,11221151,615.588,596.328,538.721,483.9088,584.7392690929653,540.1201579465968,84.38490861804837,83.18734586274346,44.61911114636848,34.960395418493384,9.658715727875098,538.721,68.73247412211636,676.1859482442327,401.2560517557673,0.9350163497191103,0.5103381833786971,32.46571428571428,12286219.1,0.9133118980995628,152179544.0,0.07253176930596306,0.019306720136074748,0.0623547637489313,0.241550995775498,0.5597782305833294,0.17452274754683317,95.66312426994497,91.82078302797993,1,0,0.07133309029043611,NVDA,US,Semiconductors
2024-11-14,654.43,686.74,662.59,673.32,6865048,633.428,606.9680000000001,550.1645000000001,488.11560000000003,598.36707385095,549.987166769086,82.88692800249882,100.0,48.37990708186396,37.64429775116785,10.735609330696114,550.1645000000001,71.2186043460557,692.6017086921115,407.72729130788866,0.9323150570342802,0.5177986172930188,31.467142857142846,11904868.2,0.5766588346892547,159044592.0,0.02278527160043753,0.03586704687216199,0.028864813654586798,0.18768080152402478,0.5149510631117113,0.15270834759980834,92.11608506584355,92.56927140139204,1,1,0.009341769143943468,NVDA,US,Semiconductors
2024-11-15,682.02,680.51,664.09,671.39,9579677,645.81,615.4010000000001,561.6645,492.4428,609.6013701837048,558.9802678556882,79.97111218103029,97.88214638428612,50.621102328016605,40.23965866653786,10.381443661478741,561.6645,71.29938085469733,704.2632617093947,419.0657382906053,0.884735108088552,0.5077720301323684,28.92785714285713,11309464.3,0.8470495063988568,149464915.0,-0.00286639339392869,0.02445672410964641,-0.01558605319489811,0.14364800872142558,0.5210811300663811,0.10157839469711871,90.53112084331299,92.77011005970051,0,1,-0.06534205156466433,NVDA,US,Semiconductors
2024-11-18,665.23,667.44,647.16,656.17,11493364,654.6,621.9590000000001,572.2769999999999,496.7532,616.7657747719776,566.1797286306421,73.95686525731365,78.8245462402765,50.58604614133549,42.30893616149756,8.277109979837924,572.2769999999999,68.59624495630415,709.4694899126082,435.08451008739166,0.8057492434630869,0.47946183373565093,29.341428571428562,10462275.3,1.0985529028706686,137971551.0,-0.022669387390339524,0.030906624807548626,-0.0136193496985801,0.11104150087200915,0.47812668949360226,0.07178791937538787,81.1424341491509,87.92988001943583,0,1,-0.01705350747519685,NVDA,US,Semiconductors
2024-11-19,657.91,690.91,674.67,681.89,8506683,668.218,632.121,584.004,501.03759999999994,626.7848863468807,574.7511038600062,80.80689066753338,83.50485717033753,52.03378248687454,44.253905426573084,7.779877060301459,584.004,66.1184166875098,716.2408333750196,451.7671666249804,0.8701162433371652,0.4528627659221279,30.440714285714275,10536586.5,0.8073470656415087,146478234.0,0.03919715927274958,0.023816158031319118,0.036448754388842805,0.17512537267134265,0.5242874706605565,0.11093189964157713,93.4174998168765,88.36368493644682,0,0,-0.02777574095528601,NVDA,US,Semiconductors
2024-11-20,674.18,712.87,699.21,705.28,6011829,677.61,646.599,596.507,506.20340000000004,638.8610576795182,584.4201658580156,79.71138979556774,86.36508188901252,54.440891821502646,46.2913027055591,8.149589115943549,596.507,64.09585946886618,724.6987189377323,468.31528106226756,0.924259074222692,0.4298079282808668,29.97499999999999,10564460.0,0.5690615924465999,152490063.0,0.03430172021880362,0.01936819419234999,0.04613011361943976,0.25830508474576264,0.5493168138482492,0.07133309029043611,95.2261148493916,89.928682938473,0,0,-0.01914133393829398,NVDA,US,Semiconductors
2024-11-21,697.34,698.75,664.29,679.61,7590935,678.868,656.148,607.223,510.62979999999993,645.1301257294328,591.4714367866267,69.41309728573226,59.9551108201627,53.65868894280618,47.76477995300857,5.893908989797609,607.223,58.69136905076112,724.6057381015222,489.8402618984777,0.8083374999166636,0.3866215149996919,30.63499999999999,10265171.9,0.7394843782904036,144899128.0,-0.03639689201451901,0.050705551713408174,-0.025425187139665864,0.16347668287338224,0.46061595993896276,0.009341769143943468,79.08044531052848,89.24135332559887,1,0,0.04798340224540554,NVDA,US,Semiconductors
2024-11-22,677.49,633.0,623.14,627.52,5529029,670.094,657.952,613.356,514.187,642.4208756169895,594.1417610762346,56.43536751123966,34.09943063463406,48.279114540754904,47.86764687055784,0.4114676701970623,613.356,53.62166190321935,720.5993238064386,506.1126761935613,0.5660367447441218,0.34969356721468065,31.92857142857142,9578966.45,0.5772051141065314,139370099.0,-0.07664690042818678,0.015712646608848007,-0.073757546236736,0.029599002428299492,0.2429584439250485,-0.06534205156466433,46.3173784511836,73.5413128703679,1,1,0.0657986996430393,NVDA,US,Semiconductors
2024-11-25,625.46,651.44,639.82,644.98,6614802,667.856,661.228,618.883,518.6756,642.8145870605571,597.9076353545787,61.00248240214915,41.72359761830148,44.90695170597837,47.27550783764193,-2.36855613166356,618.883,50.675311969023944,720.2336239380479,517.5323760619522,0.6287461240264463,0.32752757447816183,31.384285714285713,9356889.5,0.7069444704947653,145984901.0,0.027823814380418144,0.018016062513538385,0.03120903015375687,0.05351017608049391,0.20683332085921702,-0.01705350747519685,57.29920120726274,60.89900832299162,1,1,0.08375453502434183,NVDA,US,Semiconductors
2024-11-26,641.02,666.58,660.06,662.95,12000246,664.068,666.1429999999999,624.8315,522.884,645.9123428975771,602.7256816428074,67.52660211448318,52.08872458410354,43.18666125476966,46.45773852106746,-3.2710772662978016,624.8315,48.3493349733833,721.5301699467666,528.1328300532334,0.697099401782297,0.3095191902028365,31.04214285714286,9456459.6,1.2689997354824278,157985147.0,0.027861329033458393,0.009834829172622763,0.034211101057636036,0.08007494297816886,0.21870289348873118,-0.02777574095528601,62.578710644208584,55.39843010088498,1,1,0.04220529451693178,NVDA,US,Semiconductors
2024-11-27,667.64,697.89,686.88,691.78,12139767,661.368,669.4889999999999,632.9085,527.8186000000001,652.968905529071,609.3224161639986,68.09533414011025,52.989541140197076,43.6464893650724,45.89548868986844,-2.2489993247960456,632.9085,45.09947884808007,723.1074576961602,542.7095423038398,0.8263424628335801,0.2850300089065565,31.435714285714287,9574850.3,1.2678804735066747,170124914.0,0.04348744249189229,0.015915464453994155,0.03615721047265567,0.05082634585004242,0.3046544960772479,-0.01914133393829398,81.76709604839827,67.21500263328987,1,1,0.058833733267801946,NVDA,US,Semiconductors
2024-11-28,682.3,716.23,709.02,712.22,13903403,667.8900000000001,673.379,640.1735000000001,533.5358,662.0844585249832,616.9445860250687,67.55879135903746,52.135910377939204,45.13987249991453,45.744365451877655,-0.6044929519631239,640.1735000000001,45.61020445320493,731.3939089064099,548.9530910935903,0.8949034040892273,0.2849865197677421,31.236428571428576,9923964.1,1.4009927342449038,184028317.0,0.029546965798375346,0.010123276515669194,0.043851678147378316,0.057773421255866486,0.25629718478797736,0.04798340224540554,96.63110140219582,80.3256360316009,1,0,0.04368032349554918,NVDA,US,Semiconductors
2024-11-29,711.88,691.77,650.44,668.81,10177550,676.148,673.121,644.261,537.6454,663.1191572134842,620.7865276339045,58.491132250997794,47.00332963374027,42.3326295795797,45.062018277418055,-2.7293886978383526,644.261,44.24238047987823,732.7457609597565,555.7762390402435,0.6387188015941317,0.2746860696507135,33.23428571428572,9929082.65,1.0250240967604296,173850767.0,-0.060950268175563815,0.06179632481562497,-0.0605017699611445,-0.003842773946588496,0.13925322794944295,0.0657986996430393,56.49142123078724,78.29653956046046,1,1,0.10038725497525469,NVDA,US,Semiconductors
2024-12-02,675.05,722.54,680.17,699.0,6822590,686.952,677.404,649.6815,542.4798000000001,668.639286873115,626.5802006900828,61.77315940747291,72.57738471257105,42.05908618303215,44.46143185854087,-2.4023456755087196,649.6815,43.96082098689807,737.6031419737961,561.7598580262039,0.7804684881449225,0.2706607529186556,36.01785714285715,9728126.45,0.7013261323997149,180673357.0,0.04513987530090757,0.06061516452065721,0.03547885341821282,0.06527271896002573,0.18356220051135308,0.08375453502434183,76.31790744390025,76.48014335896112,1,1,0.012217453505007025,NVDA,US,Semiconductors
2024-12-03,706.19,708.88,676.58,690.93,13054121,692.548,678.308,655.2145,547.131,672.0686273542619,631.3469153474128,55.01090998494113,65.42878248606536,40.72171200684909,43.71348788820251,-2.991775881353419,655.2145,41.66894747827643,738.5523949565529,571.8766050434472,0.7142812703506937,0.2543835490711078,34.64071428571429,9816903.9,1.3297593419693818,167619236.0,-0.011545064377682435,0.0467485852401158,-0.021608915447653598,0.013257270234201979,0.1907043272959139,0.04220529451693178,68.19919517034002,67.00284128167584,1,1,0.0072800428408088536,NVDA,US,Semiconductors
2024-12-04,697.15,737.91,728.14,732.48,7622915,700.688,681.028,663.8135,552.0830000000001,681.3626846845765,638.8383464200556,58.40484173438653,70.15479158212067,42.52433826452091,43.47565796346618,-0.9513196989452766,663.8135,38.73661905130991,741.2867381026198,586.3402618973802,0.9431627080573446,0.23341868793720855,35.96642857142858,9583920.15,0.7953858218042622,175242151.0,0.06013633797924545,0.01333824814327578,0.05067775944911334,0.03856624319419244,0.3068331846565566,0.058833733267801946,95.26879846566817,79.92863369330281,0,0,-0.034089667977282745,NVDA,US,Semiconductors
2024-12-05,737.16,746.38,740.9,743.33,26350212,706.9100000000001,687.4,671.774,557.6196000000001,690.8961178102008,646.5785564132774,59.967854569639194,66.68176817034495,44.31756139692345,43.64403865015763,0.6735227467658191,671.774,37.846237440742264,747.4664748814845,596.0815251185155,0.9726757852155462,0.22535101055227447,35.78642857142858,10345536.4,2.5470123958954516,201592363.0,0.014812691131498523,0.007372230368736155,0.00836996038850684,0.09375965627345106,0.2725638567417654,0.04368032349554918,97.52515416993248,86.99771593531356,0,0,-0.05135000605383888,NVDA,US,Semiconductors
2024-12-06,724.61,748.73,725.72,735.95,15085037,720.338,698.2429999999999,678.0975000000001,563.3558,697.8274843010465,653.1987326451084,61.2996430797122,58.38812301166489,44.62875165593812,43.84098125131373,0.7877704046243892,678.0975000000001,37.45362014334653,753.0047402866932,603.190259713307,0.8861609356965661,0.2209335391638595,35.69928571428572,10462687.65,1.4417935489268334,186507326.0,-0.009928295642581353,0.03126571098575817,0.015649797822255257,0.17279130545639987,0.20750475815449243,0.10038725497525469,89.82403057496758,94.20599440352275,1,0,0.005910727630953128,NVDA,US,Semiconductors
2024-12-09,737.47,707.67,707.44,707.54,26269699,722.046,704.499,682.8635,568.3002,699.3217174855205,657.224050723907,53.60546512608584,65.31435349940685,42.09766676161348,43.492318353373676,-1.3946515917601943,682.8635,34.584313644528855,752.0321272890577,613.6948727109424,0.6783792809433513,0.2025840516851651,35.25428571428572,11604227.5,2.2638040090299842,160237627.0,-0.038603165975949594,0.0003250699607083408,-0.04058470175052474,0.0969952556668423,0.15569566495704157,0.012217453505007025,67.20280277038613,84.8506625050954,1,0,0.047742883794555935,NVDA,US,Semiconductors
2024-12-10,701.11,706.65,687.41,695.96,7575754,723.052,707.8,686.9715,572.8814,698.80453018005,660.0934060511008,48.64495492875837,48.59050445103859,38.71112412894922,42.53607950848878,-3.82495537953956,686.9715,30.59898369055289,748.1694673811057,625.7735326188943,0.5734378965844682,0.1781674127122207,34.479285714285716,11220690.6,0.675159274496057,152661873.0,-0.01636656584786711,0.027645266969326347,-0.007345495000773961,0.04979259370993283,0.13385467579015975,0.0072800428408088536,57.98232343293272,71.66971892609548,1,1,0.08147019943674905,NVDA,US,Semiconductors
2024-12-11,677.46,717.29,699.69,707.51,8072626,718.058,709.3729999999999,689.4309999999999,577.9958,700.1438332292856,663.6057755306053,54.23009278913214,57.44699964067554,36.53805769868029,41.336475146527086,-4.798417447846795,689.4309999999999,30.148402227018416,749.7278044540368,629.134195545963,0.6499167340877195,0.17491758987904352,33.074999999999996,11063264.35,0.7296784217509527,160734499.0,0.01659578136674522,0.02487597348443843,0.0443568623977144,0.022738442857555885,0.07472050066836777,-0.034089667977282745,67.17891551821657,64.12134724051181,1,1,0.0396319486650365,NVDA,US,Semiconductors
2024-12-12,720.45,718.84,694.21,705.16,8737959,710.4240000000001,708.667,691.023,583.563,700.915551194017,666.6838899157754,63.86230538494499,31.05934553521905,34.23166127824163,39.91551237287,-5.683851094628366,691.023,30.09349013359925,751.2099802671985,630.8360197328016,0.6174423433159603,0.17419674965120224,30.80071428571428,11156909.9,0.7831880238462781,151996540.0,-0.003321507823211056,0.034928243235528206,-0.02122284683181186,-0.009912667434219813,0.04728806511020012,-0.05135000605383888,59.99449086346524,61.71857660487152,1,1,0.01915877247716824,NVDA,US,Semiconductors
2024-12-13,723.88,750.62,732.05,740.3,19163073,711.294,715.816,694.4685000000001,590.2712,706.9746971642089,672.1369739565573,66.00832997447264,48.42858624623997,34.83772320765161,38.89995453982632,-4.062231332174711,694.4685000000001,31.632830592847203,757.7341611856945,631.2028388143057,0.8622146606878509,0.18219879284835322,32.33928571428571,11636079.7,1.6468666292422671,171159613.0,0.04983266209087289,0.025084425232979827,0.02268331767693164,0.10689134432798553,0.10263781110829773,0.005910727630953128,89.69854262238266,72.2906496680215,0,0,-0.04784546805349177,NVDA,US,Semiconductors
2024-12-16,746.16,747.64,736.27,741.32,9635690,718.05,720.048,698.726,596.8516000000001,712.2585899082068,677.2616763578045,63.956263133525646,52.98167684619656,34.99691355040227,38.11934634194151,-3.1224327915392394,698.726,31.935663351247115,762.5973267024942,634.8546732975058,0.8334360048411463,0.18282224134325278,31.60857142857142,11543196.0,0.8347505461441921,180795303.0,0.0013778198027827315,0.015337506070232378,-0.006486544440861788,0.060543633762518034,0.1297682003139431,0.047742883794555935,90.71670992123465,80.1365811356942,0,0,-0.08054551340851457,NVDA,US,Semiconductors
2024-12-17,745.62,754.74,750.99,752.66,5359578,729.39,726.221,702.2645,603.2614,718.4741914608203,682.8467714817149,61.561835308416875,80.91257878870928,35.62741997910541,37.62096106937429,-1.9935410902688773,702.2645,33.83617738067965,769.9368547613593,634.5921452386407,0.8723492419972896,0.19272611604676856,30.071428571428562,11385840.75,0.47072303635346063,186154881.0,0.01529703771650559,0.004982329338605769,0.009441806818473918,0.08934334881970685,0.10378506797284026,0.08147019943674905,98.00575263568543,92.80700172643425,0,0,-0.05649297159407962,NVDA,US,Semiconductors
2024-12-18,754.07,747.76,725.78,735.55,7207443,734.9979999999999,726.528,703.778,608.9313999999999,721.101238928397,686.7507364137633,54.487401423350626,75.2133486180104,34.35050251463372,36.96686935842617,-2.6163668437924557,703.778,34.64547416330124,773.0689483266025,634.4870516733976,0.7292651548764606,0.1969113792318146,30.244999999999987,11445621.45,0.6297117549950287,178947438.0,-0.022732707995642087,0.029882400924437683,-0.024560054106350253,0.004191240716469924,0.04291912431941913,0.0396319486650365,81.60115052654258,90.1078710278209,1,0,0.02349262456665091,NVDA,US,Semiconductors
2024-12-19,729.12,719.59,717.94,718.67,13838533,737.7,724.062,705.731,614.1126,720.7272021701808,689.1151386903902,60.680318738754174,56.65553435114502,31.612063479790663,35.895908182699074,-4.283844702908411,705.731,34.310704160654765,774.3524083213096,637.1095916786904,0.5942781583468875,0.19446902097601587,27.089999999999982,11758001.35,1.176945929084629,165108905.0,-0.022948813812793123,0.0022959077184210855,-0.014332345841542837,-0.03317503665935728,0.057474139580053096,0.01915877247716824,53.85107471783703,77.81932596002169,1,0,0.027008223524009667,NVDA,US,Semiconductors
2024-12-20,704.71,729.64,685.07,704.88,83046972,730.616,720.955,709.5989999999999,618.875,718.289171067069,690.2829118569556,51.35471385125794,49.85306465155333,28.0062592101134,34.31797838818194,-6.311719178068543,709.5989999999999,28.975306346865526,767.549612693731,651.6483873062689,0.45928429587622194,0.16333341138769752,26.435714285714262,15633898.5,5.31198067379159,82061933.0,-0.019188222689134005,0.06323062081480069,0.00024123398277265518,-0.04221754195257832,0.1232789393166751,-0.04784546805349177,36.20777891458276,57.2200013863208,1,1,0.03524004085801846,NVDA,US,Semiconductors
2024-12-23,690.03,682.99,680.5,681.61,5451401,718.674,718.362,711.4305,623.9046,712.6462216721213,689.6404710573801,47.99328223236587,14.818367102265938,23.00575061474126,32.05553283349381,-9.049782218752547,711.4305,25.641742586936328,762.7139851738727,660.1470148261274,0.20925825439607704,0.14417004942520908,25.86999999999998,15575728.45,0.3499933032028879,76610532.0,-0.03301271138349793,0.003653115417902255,-0.0122023680129672,-0.03664810470079427,0.056792458680889224,-0.08054551340851457,1.4951508620488443,30.51800149815622,1,1,0.12505685069174466,NVDA,US,Semiconductors
2024-12-24,676.84,722.71,700.08,710.14,19268056,710.17,719.78,713.79,629.5078,712.2606491071788,691.1589609950541,44.90419708029196,35.94482509917053,21.101688112124634,29.864763889219972,-8.763075777095338,713.79,22.97875678007538,759.7475135601508,667.8324864398492,0.46028940952513653,0.12877040462905454,25.44999999999998,15939118.95,1.208853190166249,95878588.0,0.04185678027024253,0.03186695581148524,0.04919921990418822,0.020374734180125254,0.07118183875103701,-0.05649297159407962,39.924568964979436,25.875832913870358,1,1,0.10672543442138172,NVDA,US,Semiconductors
2024-12-25,704.09,767.49,741.1,752.83,9968900,713.626,724.312,716.8425,636.1232,718.5020877060855,695.7272036898474,51.892128744423204,50.05974555422791,22.774884016238047,28.446787914623584,-5.671903898385537,716.8425,23.936064372230074,764.7146287444601,668.9703712555398,0.8758711064555358,0.13356386861658837,28.553571428571413,15830575.6,0.629724377822094,105847488.0,0.0601149069197624,0.03505439475042829,0.06922410487285828,0.06405563172251982,0.08825059990170292,0.02349262456665091,83.14748821608065,41.52240268103632,1,1,0.07750753822244061,NVDA,US,Semiconductors
2024-12-26,759.18,756.97,722.97,738.08,16759569,717.508,727.604,718.1355,641.9958,721.514074212846,698.8644590418946,50.412135753260316,50.904152669573335,22.649615170951392,27.287353365889146,-4.637738194937754,718.1355,24.367790750344874,766.8710815006897,669.3999184993103,0.7046194934497004,0.13572809449086376,29.338571428571413,15973383.9,1.0492183782536912,89087919.0,-0.019592736740034256,0.046065467157969234,-0.027793145235612264,0.04668444041068698,0.03630900564432338,0.027008223524009667,66.19151626547662,63.087857815512244,1,1,0.05924831996531532,NVDA,US,Semiconductors
2024-12-27,730.15,735.54,725.06,729.72,10892603,722.476,726.546,721.1809999999999,647.7624,722.7765243339483,701.1500622107404,54.65262627957713,54.20503843519297,21.62646212320783,26.15517511735288,-4.5287129941450495,721.1809999999999,21.51827813009603,764.2175562601919,678.1444437398079,0.599206357820262,0.11935022209440443,28.23214285714285,16009136.55,0.6803991136924175,78195316.0,-0.011326685454151275,0.014361672970434764,-0.0005889200849131837,-0.014291503444549436,0.09107220286778017,0.03524004085801846,56.58121623110036,68.64007357088589,1,1,0.15418242613605226,NVDA,US,Semiconductors
2024-12-30,727.31,772.75,762.14,766.85,10518191,739.524,729.0989999999999,724.5735,654.221,729.5570590518097,706.0167391392689,63.43071501648289,70.02520519614814,23.54031991254078,25.63220407639046,-2.091884163849681,724.5735,23.125708245198894,770.8249164903978,678.3220835096022,0.9570292458807181,0.1276652168215756,29.867857142857133,16193916.6,0.6495149141675267,88713507.0,0.05088253028558909,0.01383582186866555,0.05436471380834268,0.034438569039011435,0.0970672389127325,0.12505685069174466,93.60433604234576,72.12568951297426,1,1,0.1179761361413576,NVDA,US,Semiconductors
2024-12-31,772.97,797.88,776.38,785.93,7713171,754.682,732.426,729.3235,660.9925999999999,738.2298191976929,711.9362566909944,64.44518125552608,84.64859837916832,26.29356250669855,25.76447576245208,0.5290867442464702,729.3235,25.48751423426879,780.2985284685376,678.3484715314623,1.0552375515972778,0.13978715472206157,30.56071428571428,15926869.1,0.484286677267494,96426678.0,0.024881006715785192,0.027356125863591728,0.01676649805294275,0.044203225892169185,0.13749583894171624,0.10672543442138172,89.81939001456956,80.00164742933858,1,1,0.10886465715776228,NVDA,US,Semiconductors
2025-01-01,798.93,812.27,810.3,811.18,6091712,766.352,739.989,733.2585,668.1118000000001,749.452923936518,719.2876643419063,68.00978460284026,84.30666847752273,30.16525959461171,26.64463252888401,3.5206270657277017,733.2585,31.39183002579437,796.0421600515888,670.4748399484113,1.1205555707874628,0.1712456386158582,30.682857142857138,15850308.95,0.3843276263502973,102518390.0,0.03212754316542177,0.00242856086195123,0.01533300789804447,0.10282101828563661,0.10744320664045426,0.07750753822244061,99.1728010920606,94.19884238299198,1,1,0.06696417564535628,NVDA,US,Semiconductors
2025-01-02,798.54,817.53,753.22,781.81,7770452,775.098,746.303,735.1825,674.4422,754.4309356385953,723.9189596981366,57.192362338427415,60.81827684037626,30.511975940458683,27.418101211198948,3.093874729259735,735.1825,33.170429423777975,801.523358847556,668.841641152444,0.8514236988270939,0.18047453209907946,32.029285714285706,14921320.95,0.5207616339918194,94747938.0,-0.0362065139673069,0.08225783758191593,-0.020950735091515852,0.08785673535837035,0.05176704828272749,0.05924831996531532,73.9327154632275,87.6416355232859,1,1,0.1061383200521866,NVDA,US,Semiconductors
2025-01-03,770.72,858.56,829.17,842.23,13426048,797.6,760.038,740.4965,681.1896,767.9384840018959,732.6827601436262,64.49981320228756,78.99337453371191,35.255723858269675,28.985625740613095,6.27009811765658,740.4965,40.91009182855723,822.3166836571145,658.6763163428855,1.1216895113876486,0.220987360931494,36.6992857142857,14838371.5,0.9048194470114562,108173986.0,0.07728220411608966,0.03489545611052217,0.09278337139286279,0.1948558619906935,0.1444119845098173,0.15418242613605226,90.8289340666583,87.97815020731548,1,1,0.027320328176388964,NVDA,US,Semiconductors
2025-01-06,838.0,875.02,843.16,857.32,4238748,815.694,777.609,747.9855,687.6472,781.6894864631489,741.9151674800432,64.87831229387014,84.23848878394332,39.77431898310567,31.143364389111618,8.630954593994055,747.9855,47.70466902835806,843.3948380567161,652.5761619432839,1.0729758859344205,0.25511012728612675,38.08285714285713,13736823.95,0.30856824742459865,112412734.0,0.017916721085689202,0.03716231978720064,0.02305489260140453,0.2577867108757208,0.21169121180427974,0.1179761361413576,90.90067859299356,85.22077604095979,1,1,0.0029160640134371363,NVDA,US,Semiconductors
2025-01-07,856.8,883.16,862.16,871.49,17481007,832.8059999999999,793.7439999999999,756.762,694.1974,795.5049500842083,751.5133217032652,69.48792935374736,82.02350348879912,43.9916283809431,33.71301718747792,10.278611193465181,756.762,53.43227061577866,863.6265412315572,649.8974587684427,1.0367917116228818,0.282425759304553,38.008571428571415,14232086.6,1.2282812958514955,129893741.0,0.016528250828162117,0.02409666203854996,0.017145191409877348,0.2272087194074408,0.25221277084889926,0.10886465715776228,94.24158689384073,91.99039985116421,1,0,0.0008491204718354961,NVDA,US,Semiconductors
2025-01-08,877.14,893.32,843.24,865.5,4885649,843.6700000000001,805.011,764.6614999999999,700.9025999999999,806.273419302026,759.9567944082945,71.72748527627334,76.47215383591723,46.3166248937315,36.23373872872863,10.082886165002868,764.6614999999999,57.30587113073606,879.2732422614721,650.0497577385278,0.9399134766183465,0.29977118571112127,40.327857142857134,14072737.75,0.34717115742662386,125008092.0,-0.00687328598147996,0.05786250722119258,-0.013270401532237403,0.14966194227116336,0.22330426425068195,0.06696417564535628,86.92792030783323,90.69006193155586,1,0,0.04366262276140964,NVDA,US,Semiconductors
2025-01-09,854.0,882.09,850.94,864.79,5319459,860.266,817.682,772.6429999999999,706.86,815.2759701786399,767.7222298637752,74.61592931252116,71.31610337972165,47.55374031486474,38.49773904595585,9.056001268908886,772.6429999999999,59.65095650179325,891.9449130035864,653.3410869964134,0.8861924661524233,0.3088151009028286,39.36928571428571,13901812.75,0.3826449624244175,119688633.0,-0.0008203350664356401,0.03602030550765383,0.01263466042153083,0.17167515716453496,0.2263741562198649,0.1061383200521866,86.59430504611126,89.2546040825951,1,1,0.02619132968697624,NVDA,US,Semiconductors
2025-01-10,871.66,869.56,861.78,865.24,15332782,864.868,831.234,778.89,712.4236,822.9627439973125,774.9457794336079,80.40332461339779,93.08065682123305,48.01696456370462,40.40158414950561,7.615380414199009,778.89,62.55697621915629,904.0039524383126,653.7760475616874,0.8450854134023533,0.3212621870563288,38.183571428571426,13710298.2,1.1183404370927224,135021415.0,0.000520357543449812,0.008991724839340508,-0.007365257095648067,0.18571506879350985,0.16876941780359322,0.027320328176388964,85.46884702915818,86.33035746103424,1,1,0.02309185890619947,NVDA,US,Semiconductors
2025-01-13,871.49,870.78,851.05,859.82,13767258,865.368,840.531,784.8149999999999,717.8081999999999,828.6330910746502,781.2327676326794,76.83591508892714,71.02557972746834,47.40032344197084,41.80133200799866,5.598991433972181,784.8149999999999,64.39605157068718,913.6071031413743,656.0228968586256,0.7911863311870774,0.32821009573265103,36.65714285714285,13916876.6,0.9892490539688299,121254157.0,-0.006264157921501479,0.022946663255073236,-0.013390859332851288,0.12123622611984097,0.1598499973021097,0.0029160640134371363,80.33460522406614,84.1325857664452,1,1,0.064025028494336,NVDA,US,Semiconductors
2025-01-14,845.98,874.82,870.16,872.23,24933506,865.516,849.1610000000001,790.7935,723.6474000000001,835.3403078323976,787.9733121967097,74.0144810941271,69.0421455938697,47.366995635687886,42.91446473353651,4.4525309021513735,790.7935,66.7606749417954,924.3148498835908,657.2721501164092,0.8049568479879609,0.33768954824090475,33.63214285714285,14895573.0,1.6738868874740913,146187663.0,0.014433253471656915,0.005342627517965146,0.031029102342808305,0.10980621683864977,0.15886323173810224,0.0008491204718354961,87.61960669159014,84.47435298160484,1,1,0.07320316888893985,NVDA,US,Semiconductors
2025-01-15,864.11,928.87,882.82,903.29,19655642,873.074,858.372,799.1804999999999,730.5032000000001,845.7941066274147,796.5152994356667,81.18228832433655,78.37259100642396,49.278807191748,44.18733322517881,5.09147396656919,799.1804999999999,69.91707475175107,939.0146495035021,659.3463504964977,0.8722606400824868,0.3499438474870877,35.249285714285705,15517982.95,1.2666363145710047,165843305.0,0.03560987354252876,0.050980305328243394,0.04534144958391247,0.11355062994649767,0.22804703963020878,0.04366262276140964,87.44909474467664,85.1344355534443,1,1,0.16983471531844718,NVDA,US,Semiconductors
2025-01-16,910.29,925.17,857.25,887.44,10852532,877.604,868.9350000000001,807.6189999999999,736.5695999999999,852.2011671462749,803.2504700073694,78.95007342143909,66.64643399089536,48.950697138905525,45.14000600792416,3.8106911309813682,807.6189999999999,69.87326217780483,947.3655243556095,667.8724756443903,0.7855920759649664,0.34607042270039856,39.17071428571427,15368682.9,0.7061458268394732,154990773.0,-0.017546967197688335,0.07653475164509535,-0.02510189060626263,0.13510955347207143,0.234836573114225,0.02619132968697624,76.41332194661881,83.82734112762854,1,1,0.15464707473181294,NVDA,US,Semiconductors
2025-01-17,882.83,901.87,871.9,885.22,9740363,881.6,873.234,816.636,742.0844000000001,857.2809875853101,809.3222933602208,74.92104930733927,65.1535380507344,47.95869422508929,45.703743651357186,2.2549505737321027,816.636,67.51361261568566,951.6632252313713,681.6087747686287,0.7539635983844234,0.33069133673069995,38.23785714285713,11703352.45,0.832271112857828,145250410.0,-0.002501577571441427,0.033855990601168263,0.002707202972256583,0.051043064246108605,0.2558449665191238,0.02309185890619947,75.14944491844494,79.67062053658015,1,1,0.19238155486771635,NVDA,US,Semiconductors
2025-01-20,873.07,920.72,910.2,914.87,8657440,892.61,878.9889999999999,828.299,748.1374000000001,866.1408356491092,817.1406495309759,75.98967991614934,75.68574681709973,49.00018611813334,46.36303214471242,2.637153973420922,828.299,62.95405867940784,954.2071173588156,702.3908826411844,0.8437864127236705,0.30401610374674753,38.55714285714284,11863654.4,0.7297447294364264,153907850.0,0.03349449854273501,0.011498901483258259,0.04787703162398442,0.06712779358932486,0.342219157582782,0.064025028494336,92.02960432626229,81.19745706377536,1,1,0.14604260714637052,NVDA,US,Semiconductors
2025-01-21,913.41,953.11,922.46,936.08,15072125,905.3799999999999,885.448,839.5959999999999,754.5829999999999,876.9007070877086,825.9509796455862,75.59216457667407,83.92348754448402,50.94972744212237,47.28037120419442,3.66935623792795,839.5959999999999,60.87251868065011,961.3410373613001,717.8509626386997,0.8962543446956707,0.29000861690897817,39.407142857142844,11653857.85,1.2933162477765896,168979975.0,0.023183621716746705,0.03274292795484065,0.024819084529373727,0.07411444767008235,0.3181626158222324,0.07320316888893985,91.4803141723374,86.21978780568156,1,1,0.11895350824715845,NVDA,US,Semiconductors
2025-01-22,938.74,1060.97,1053.28,1056.7,26274323,936.0619999999999,904.568,854.7895000000001,762.5506,904.5621367665243,843.0435137869066,90.99531720702718,91.80907483794934,61.5186229796177,50.128021559279084,11.39060142033862,854.7895000000001,74.4781021491324,1003.7457042982649,705.8332957017353,1.1777512254357785,0.3485213711635215,43.734285714285704,12469129.0,2.1071496567924144,195254298.0,0.12885650799076998,0.007277372953527753,0.1256577966208688,0.22091276718659736,0.4036369432674043,0.16983471531844718,98.15789473641865,93.88927107833945,0,0,-0.00831834957887756,NVDA,US,Semiconductors
2025-01-23,1043.22,1056.32,999.38,1024.68,11998172,963.51,920.557,869.1195,769.5778,923.041808033214,856.4980786090073,79.72757193599898,77.39314889199804,66.54372942420673,53.41116313226461,13.132566291942119,869.1195,78.31362820668234,1025.7467564133647,712.4922435866354,0.996594601607699,0.36042743584325154,42.34642857142857,12231059.15,0.9809592834027555,183256126.0,-0.030301883221349413,0.05556856774792557,-0.01777189854487279,0.18488881693821635,0.3883047908085844,0.15464707473181294,83.33868968328666,90.99229953068091,1,1,0.022397236210329075,NVDA,US,Semiconductors
2025-01-24,1020.1,1058.72,1052.95,1055.52,15834455,997.57,939.585,885.4095,777.2603999999999,943.4230683357973,871.2404535939871,80.7172524951956,85.52587081501521,72.1826147418102,57.16545345417373,15.017161287636469,885.4095,81.60660018940497,1048.62270037881,722.1962996211901,1.0211297235890255,0.3686728014068645,42.435714285714276,12478151.75,1.2689742878808725,199090581.0,0.03009720107740943,0.005466499924202777,0.03472208606995906,0.21991586149507647,0.44647261963492846,0.19238155486771635,97.49689982961695,92.99782808310744,1,0,0.024528194633924638,NVDA,US,Semiconductors
2025-01-27,1063.32,1058.22,1040.69,1048.48,3242978,1024.292,958.4509999999998,899.491,785.1066000000001,959.5856732072137,884.3693174899364,78.05001743319917,83.81804623415363,75.21635571727734,60.77563390679445,14.440721810482891,899.491,84.32486265689941,1068.1407253137988,730.8412746862011,0.9417113627722823,0.3749892446141459,41.84214285714285,12114391.1,0.2676963047943611,195847603.0,-0.006669698347733788,0.016719441477170048,-0.013956287853126022,0.2194180177246401,0.3672556562561127,0.14604260714637052,94.26353740828428,91.6997089737293,1,0,0.04712536242942167,NVDA,US,Semiconductors
2025-01-28,1041.64,1069.03,1030.16,1047.43,7153220,1046.5620000000001,975.9709999999999,912.566,792.4174,973.1001850214891,896.4478938963301,79.29157945580425,81.14954413008745,76.65229112515897,63.95096535046736,12.701325774691611,912.566,86.04579603174408,1084.6575920634882,740.4744079365119,0.8918378532675614,0.3771597715963549,41.04142857142856,12086393.55,0.5918406825466408,188694383.0,-0.0010014497176865644,0.03710987846439646,0.005558542298677475,0.20086445089024685,0.3327268331785276,0.11895350824715845,90.09583199555189,93.9520897444844,1,1,0.09098460040289091,NVDA,US,Semiconductors
2025-01-29,1061.3,1069.16,1030.91,1047.91,8156126,1044.804,990.4330000000002,924.4024999999999,799.27,984.6093873258757,907.6673154688945,79.50502706883222,79.11481385055978,76.94207185698122,66.54918665177013,10.392885205211087,924.4024999999999,87.63276363234101,1099.668027264682,749.1369727353178,0.8523439604087961,0.37919743242687576,41.548571428571414,12189614.25,0.6691044657869739,196850509.0,0.0004582645140964736,0.03650122625031109,-0.012616602280210361,0.16010362120692156,0.2918341181981805,-0.00831834957887756,90.25720966443421,91.53885968942348,1,1,0.2182439331621988,NVDA,US,Semiconductors
2025-01-30,1059.1,1050.52,1045.31,1047.63,16247458,1049.394,1006.452,937.6935,806.6304000000001,994.3048661988181,918.0349271257218,79.40351442850239,43.67591688746342,76.26993907309634,68.49333713603538,7.77660193706096,937.6935,84.98603787960293,1107.665575759206,767.7214242407941,0.8233957681228776,0.3625322682924103,41.364999999999995,12613464.55,1.2881042038442796,180603051.0,-0.00026719851895673497,0.004973129826365284,-0.010829949957500681,0.18050797800414675,0.34000588378250485,0.022397236210329075,90.12883407413634,90.16062524470749,1,1,0.2689021887498446,NVDA,US,Semiconductors
2025-01-31,1042.06,1092.53,1072.5,1081.41,11171506,1054.5720000000001,1026.0710000000001,949.6524999999999,815.7081999999999,1007.7056560143848,930.1367902069288,82.73019999409179,88.60759493670898,77.56886580745595,70.3084428703195,7.260422937136454,949.6524999999999,87.63281798594345,1124.9181359718868,774.386864028113,0.8758794451305291,0.36911530474926857,43.16285714285713,12500737.45,0.8936676856878003,191774557.0,0.0322442083560035,0.018522114646601612,0.03776174116649941,0.22162852172341352,0.28398418484262034,0.024528194633924638,95.27371642258049,91.8865867203837,1,1,0.23047687741004808,NVDA,US,Semiconductors
2025-02-03,1062.75,1106.69,1090.84,1097.89,10528573,1064.4540000000002,1044.373,961.6809999999999,824.7664,1021.5801704737105,942.5629594393108,82.93537275964742,85.8399593977332,79.01721103439968,72.05019650313554,6.967014531264141,961.6809999999999,90.74721239157533,1143.1754247831507,780.1865752168493,0.8752429314615786,0.3774524499973733,43.89714285714284,12815228.7,0.8215672482249773,202303130.0,0.015239363423678265,0.014436783284286858,0.03306516113852462,0.20005028036770267,0.2806070078850371,0.04712536242942167,96.47209749800967,93.95821599824217,1,1,0.2771224803942107,NVDA,US,Semiconductors
2025-02-04,1096.05,1171.97,1119.33,1142.73,17052425,1083.5140000000001,1065.038,975.243,834.362,1040.2186057854476,957.3901537542114,83.59524076776297,98.62759261170166,82.82845203123622,74.20584760875568,8.62260442248055,975.243,96.63600767829531,1168.5150153565908,781.9709846434095,0.9332934586780446,0.3963566318474318,45.14285714285712,12793799.6,1.3328662477356417,219355555.0,0.04084197870460593,0.04606512474508767,0.04258929793344964,0.22076104606443891,0.3112370767306567,0.09098460040289091,90.70920182991004,94.15167191683342,1,1,0.10932591250776658,NVDA,US,Semiconductors
2025-02-05,1147.26,1294.55,1262.25,1276.61,30978468,1129.2540000000001,1087.029,995.7985000000001,846.0586,1076.586512587687,981.0360773356587,91.01793882670378,99.87812309567339,95.55043525202825,78.4747651374102,17.07567011461805,995.7985000000001,114.192776215207,1224.184052430414,767.4129475695861,1.1147750963460012,0.4586983258765396,51.13571428571426,14098440.55,2.1972973317749434,250334023.0,0.11715803383126366,0.02530138413452398,0.1127468925961745,0.20811015425380885,0.4749971114962448,0.2182439331621988,95.75535312884003,94.31221748558659,1,1,0.04925544998080866,NVDA,US,Semiconductors
2025-02-06,1267.83,1362.44,1302.86,1329.34,5028558,1185.596,1117.4950000000001,1019.0260000000001,858.401,1115.4716644972739,1006.8363770411518,92.30520099066491,99.90070569878365,108.63528745612211,84.50686960115259,24.128417854969527,1019.0260000000001,132.00003641945065,1283.0260728389014,755.0259271610987,1.087715746935177,0.5181419764336578,55.12571428571427,14083895.5,0.35704309528261585,255362581.0,0.041304705430789346,0.04481923360461232,0.04851596822914072,0.29732209079907856,0.5371824373547336,0.2689021887498446,92.68087741001969,93.04847745625659,1,0,0.08386868671671666,NVDA,US,Semiconductors
2025-02-07,1327.66,1348.15,1316.65,1330.65,17965225,1235.444,1145.0080000000003,1042.2965,871.6378,1148.5760238053858,1030.8225792003814,91.8660383438054,100.0,117.75344460500446,91.15618460192297,26.597260003081487,1042.2965,143.94539221432638,1330.1872844286527,754.4057155713472,1.0008036303962715,0.552416293115014,54.83999999999998,14215517.65,1.2637755570036835,273327806.0,0.0009854514270239978,0.023672641190377878,0.002252082611510294,0.2606582537517055,0.5378969996763905,0.23047687741004808,92.77467157576989,93.7369673715432,1,1,0.09069251869387118,NVDA,US,Semiconductors
2025-02-10,1352.16,1453.96,1360.69,1402.14,20615963,1296.294,1180.3740000000003,1069.4125,885.7006,1187.5858662968653,1058.3275816854728,92.61392729134667,100.0,129.25828461139258,98.7766046038169,30.481680007575676,1069.4125,158.14206890191585,1385.6966378038317,753.1283621961682,1.0259946045813735,0.5915100820376348,60.91642857142855,14557952.9,1.416130531914928,293943769.0,0.053725622815917085,0.06651974838456463,0.03696308129212745,0.3373073401495499,0.630736665813775,0.2771224803942107,88.6004663643614,91.35200511671701,1,1,0.054994508394311525,NVDA,US,Semiconductors
2025-02-11,1410.95,1276.09,1260.92,1267.66,15184691,1321.28,1202.3970000000002,1089.184,897.2352000000001,1199.9049637896553,1073.8336911054093,68.81219903691814,69.34789050213115,126.07127268424597,104.23553821990274,21.835734464343233,1089.184,156.90631698396655,1402.9966339679331,775.3713660320668,0.784367136119595,0.576234380908359,62.08285714285712,14070512.15,1.0791853032026768,278759078.0,-0.09591053675096639,0.011966931196052473,-0.10155568942903605,0.21025748737385785,0.4533551930110178,0.10932591250776658,59.01711469915304,80.13075087976144,1,1,0.16490226085858972,NVDA,US,Semiconductors
2025-02-12,1275.19,1358.39,1324.37,1339.49,4804729,1333.8560000000002,1231.555,1110.9940000000001,909.3754000000001,1221.379584745093,1093.5119413315035,76.21188656308806,71.1242806836726,127.86764341358958,108.96195925864012,18.905684154949455,1110.9940000000001,159.99263902146214,1430.9792780429243,791.0087219570759,0.8570414260878768,0.5760342144829516,64.46928571428569,13327966.5,0.3604997536195973,283563807.0,0.05666345865610656,0.0253977260001753,0.050423858405374514,0.27824908627649303,0.48290139379379826,0.04925544998080866,72.98961774404674,73.53573293585373,1,1,0.06736892399346028,NVDA,US,Semiconductors
2025-02-13,1343.46,1491.19,1400.55,1440.83,8036161,1356.154,1270.875,1138.6635,923.3254000000001,1255.141187092002,1119.2392111379827,78.71119655444778,68.95516875201994,135.90197595401924,114.34996259771596,21.552013356303277,1138.6635,166.99489712578594,1472.6532942515719,804.6737057484282,0.9523588822169907,0.5866347595251423,72.87357142857141,13187147.95,0.609393359434224,291599968.0,0.07565565998999624,0.06290818486562412,0.07247703690465471,0.3753233488922614,0.6235801857026952,0.08386868671671666,89.07663275689416,73.69445506669798,1,1,0.02157784055023848,NVDA,US,Semiconductors
2025-02-14,1443.99,1485.09,1424.33,1451.33,13099007,1380.2900000000002,1307.867,1166.969,937.633,1285.3240813855402,1143.8385343217622,79.86418966002935,65.60173935285843,141.48554706377809,119.77707949092839,21.7084675728497,1166.969,169.7306416494558,1506.4302832989117,827.5077167010884,0.9188415792747237,0.5817828636384013,75.96142857142856,13355080.15,0.9808257136647949,304698975.0,0.007287466252090757,0.041865047921532755,0.005083137694855805,0.34207192461693503,0.6395133413162828,0.09069251869387118,91.35414181269903,84.47346410454666,1,0,0.03654578903488526,NVDA,US,Semiconductors
2025-02-17,1455.16,1507.15,1456.93,1479.25,8616837,1395.712,1346.003,1195.188,953.0672,1315.158838095457,1168.6838332101463,80.78535375139019,67.7938499856308,146.47500488531068,125.11666456980485,21.358340315505828,1195.188,172.50485904979183,1540.1977180995837,850.1782819004164,0.9116724618132301,0.5773312953264171,77.17214285714286,13353050.0,0.645308476691956,313315812.0,0.019237526958031603,0.033949636640166356,0.016554880562950715,0.34735720336281406,0.6168963896509887,0.054994508394311525,94.14160927243796,91.52412794734373,1,0,0.005117458171370659,NVDA,US,Semiconductors
2025-02-18,1478.75,1495.08,1462.0,1476.7,17924477,1437.52,1379.4,1222.2189999999998,968.682,1340.01132454231,1191.4998499307617,80.47937902503519,60.69359187654179,148.51147461154824,129.79562657815353,18.715848033394707,1222.2189999999998,172.12283752874396,1566.4646750574877,877.9733249425119,0.8696212014234211,0.5633125897358924,76.80285714285715,13495667.6,1.3281651714536025,295391335.0,-0.0017238465438565997,0.022401300196368608,-0.0013863060016896488,0.29225626350931533,0.577536108024955,0.16490226085858972,93.40680755219684,92.96751954577796,1,1,0.059707455813638344,NVDA,US,Semiconductors
2025-02-19,1474.85,1471.55,1396.28,1429.73,6943243,1455.568,1394.712,1240.8705000000002,983.1264000000001,1353.814197689647,1209.1465308402114,75.46993734168777,81.0348129140975,144.6676668494356,132.77003463240993,11.89763221702566,1240.8705000000002,173.44889426222485,1587.7682885244499,893.9727114755506,0.7722120264913661,0.5591200508420017,82.175,12529113.6,0.5541686880252497,288448092.0,-0.03180740841064533,0.05264630384754278,-0.030592941655062753,0.11994266064028958,0.35301410050156146,0.06736892399346028,82.18796732984656,89.91212805149381,1,1,0.05921397746427659,NVDA,US,Semiconductors
2025-02-20,1426.33,1481.42,1464.32,1471.92,20512275,1461.786,1408.97,1263.2325,998.4616000000001,1371.9843211220089,1228.6112354526501,75.74191507033527,78.60629887242408,143.37308566935872,134.89064483979968,8.482440829559039,1263.2325,172.93902451061516,1609.1105490212303,917.3544509787698,0.8016778610116263,0.5476079011915169,82.66000000000001,12954818.75,1.5833701584308033,308960367.0,0.029509068145733952,0.011617479210818875,0.03196315018261425,0.1072562324160864,0.4364679704883476,0.02157784055023848,91.53755614784286,89.04411034329543,1,1,0.07283683895863913,NVDA,US,Semiconductors
2025-02-21,1438.65,1532.37,1481.96,1504.37,19522096,1472.394,1426.3419999999999,1285.675,1013.743,1392.3513486416996,1249.037813707075,76.24212374754674,69.54114897281337,143.3135349346246,136.57522285876468,6.7383120758599375,1285.675,173.68751627714988,1633.0500325542998,938.2999674457002,0.8147822662888126,0.54037767329073,85.17214285714286,13139200.8,1.4857901033227148,328482463.0,0.022046035110603768,0.033509043652802405,0.04568171549713559,0.1305527373839852,0.42524063968470505,0.03654578903488526,93.22099554499997,88.98217300756313,1,1,0.08477967521287999,NVDA,US,Semiconductors
2025-02-24,1494.72,1520.47,1459.9,1486.82,7360306,1473.908,1434.81,1307.592,1028.6529999999998,1406.8849873122072,1266.651311465316,73.02560259104109,60.461003360254686,140.23367584689117,137.30691345639,2.9267623905011817,1307.592,169.79406382903315,1647.1801276580663,968.0038723419339,0.7638902620584279,0.519409919390462,84.20714285714287,13345067.2,0.5515375335436652,321122157.0,-0.011666013015415033,0.04073795079428525,-0.005285270819949426,0.06039339866204507,0.41807187547688063,0.005117458171370659,83.21974580923478,89.3260991673592,1,1,0.1257448783309345,NVDA,US,Semiconductors
2025-02-25,1499.8,1567.23,1562.98,1564.87,3593061,1491.542,1464.531,1333.4640000000002,1044.8972,1431.19037387956,1288.741587566893,70.84731543624162,69.48034219148161,142.44878631266693,138.3352880276454,4.113498285021535,1333.4640000000002,167.47206420301816,1668.4081284060364,998.5198715939639,0.8454397022876486,0.5023669606465342,79.1064285714286,13167059.25,0.27288255174498804,324715218.0,0.05249458576021304,0.0027158805523764176,0.043385784771273875,0.23445561112601143,0.49400914619592706,0.059707455813638344,99.22953870229753,91.89009335217743,1,1,0.09418673755647444,NVDA,US,Semiconductors
2025-02-26,1566.17,1520.18,1509.76,1514.39,10661701,1508.474,1482.021,1356.788,1060.474,1443.9903163596275,1305.4562867996526,63.426738837050706,57.03985953901904,138.5340295599749,138.3750363341113,0.1589932258636111,1356.788,157.81466553823861,1672.4173310764772,1041.1586689235228,0.7496631087195494,0.4652596147316229,76.91214285714285,13292338.0,0.802093672152057,314053517.0,-0.032258270655070254,0.006880658218816283,-0.033061545042981866,0.13057208340487803,0.4451527325819966,0.05921397746427659,82.74950213808644,88.39959554987293,1,1,0.15192255627678475,NVDA,US,Semiconductors
2025-02-27,1541.8,1607.7,1556.28,1579.13,11117733,1529.916,1495.851,1383.363,1077.6832000000002,1464.781036919685,1325.728415966766,66.50942142610361,76.16828977790239,139.05262095291891,138.51055325787283,0.5420676950460859,1383.363,147.42287689714334,1678.2087537942866,1088.5172462057135,0.8319820575333,0.4262738757565056,81.32714285714285,13035851.75,0.8528581300521364,325171250.0,0.04274988609275021,0.03256223363495565,0.02421196004668306,0.0959863412061106,0.5073356051277644,0.07283683895863913,91.76134725159538,91.24679603065981,1,1,0.05881086421003956,NVDA,US,Semiconductors
2025-02-28,1583.29,1636.09,1628.57,1631.91,16327524,1555.4240000000002,1513.909,1410.8880000000001,1096.2238,1490.4931850858875,1348.4085356472242,65.65553329790279,77.02077351798688,142.0846494386633,139.22537249403092,2.85927694463237,1410.8880000000001,139.2430802438244,1689.374160487649,1132.4018395123512,0.896827619031549,0.39476721112866725,76.58785714285713,13293652.65,1.228219451918698,341498774.0,0.03342346735227619,0.004608097260262743,0.030708208856223062,0.12442380437254119,0.5090576192193526,0.08477967521287999,98.88583841965277,91.1322292697782,0,1,-0.05148568242121199,NVDA,US,Semiconductors
2025-03-03,1627.46,1705.91,1648.08,1673.78,8812560,1592.8160000000003,1533.362,1439.6825000000001,1116.0672,1518.6911566111357,1372.5101279063322,81.66775833567264,77.72940059580324,146.18102870480357,140.61650373618545,5.564524968618116,1439.6825000000001,130.37316150492043,1700.428823009841,1178.9361769901593,0.9488989476377312,0.3622275369877173,71.78642857142856,13207852.0,0.6672212357299858,350311334.0,0.025657052165867,0.03455053830250428,0.02846152900837592,0.1315058306574277,0.5245425315833097,0.1257448783309345,91.57886460111237,94.07535009078686,0,0,-0.07121007539820057,NVDA,US,Semiconductors
2025-03-04,1668.29,1755.35,1677.78,1712.26,8159175,1622.2940000000003,1556.9180000000001,1468.159,1136.1096,1548.4709786709611,1397.6767873290119,80.66198364781945,84.53431372549025,150.79419134194927,142.65204125733823,8.142150084611046,1468.159,124.1487962889634,1716.4565925779268,1219.8614074220734,0.9915492684899849,0.33824346351826684,71.13214285714284,12763189.5,0.639273933896074,358470509.0,0.022989879195593144,0.04530269935637966,0.02635632893560093,0.15951784384099676,0.49839419635434434,0.09418673755647444,87.99955440418861,92.82141914165125,0,0,-0.035047247497459466,NVDA,US,Semiconductors
2025-03-05,1702.5,1763.51,1729.21,1744.46,4440557,1668.3080000000002,1588.391,1491.5515,1155.9422,1578.6231357985057,1423.3644348201333,78.18016446086169,82.00677241133494,155.25870097837242,145.17337320154508,10.085327776827341,1491.5515,130.09158532093562,1751.7346706418712,1231.368329358129,0.986020097639462,0.3488758794338602,63.957142857142834,11436293.95,0.38828633044306016,362911066.0,0.01880555523109817,0.01966224505003284,0.024646108663715353,0.22013247256475,0.3664784076577814,0.15192255627678475,94.81251531711787,91.46364477413964,0,0,-0.041113009183357585,NVDA,US,Semiconductors
2025-03-06,1724.27,1712.11,1639.91,1672.0,9964153,1686.882,1608.399,1508.6845,1174.6206,1592.9888072141202,1441.7818854922054,68.36804341673744,76.04865633160347,151.2069217219148,146.38008290561902,4.826838816295776,1508.6845,130.16808718264213,1769.0206743652843,1248.3483256347158,0.813662710142683,0.34511678798994977,67.08499999999997,11683073.7,0.8528707772449662,352946913.0,-0.04153720922233817,0.043181818181792245,-0.030314277926293254,0.1359313006141638,0.25776701220154363,0.05881086421003956,75.0810118996948,85.96436054033377,1,0,0.021860047846889996,NVDA,US,Semiconductors
2025-03-07,1675.3,1569.56,1530.55,1547.89,7641867,1670.0780000000002,1612.7509999999997,1519.5465,1190.984,1586.0505291811785,1449.6417463791238,54.92480771438413,45.6838905775076,136.4087828020547,144.38582288490616,-7.97704008285146,1519.5465,123.4188449858044,1766.3841899716087,1272.708810028391,0.5574132337786479,0.3248833648347667,73.20142857142854,11166905.8,0.6843315823142716,345305046.0,-0.0742284688995215,0.025202049241208863,-0.07605205037899111,0.028929053357884094,0.1632585578476684,-0.05148568242121199,41.28475342417212,70.39276021366162,1,1,0.1262686625018572,NVDA,US,Semiconductors
2025-03-10,1535.88,1584.49,1530.67,1554.59,7971870,1646.2400000000002,1619.5279999999998,1527.169,1206.7388,1581.2104477686896,1457.4156915982282,55.55539705861375,37.75884997783543,123.79475617046137,140.2676095420172,-16.47285337155583,1527.169,120.45827519146906,1768.0855503829382,1286.252449617062,0.5569097472877166,0.3155073870446301,74.6828571428571,10534701.15,0.75672476416431,353276916.0,0.004328472953504248,0.03462006059473258,0.012181941297489144,0.04558050066585051,0.10872666067582393,-0.07121007539820057,43.10922310257028,53.15832947547907,1,1,0.14365845657054277,NVDA,US,Semiconductors
2025-03-11,1556.63,1713.12,1603.55,1652.25,11835809,1634.2379999999998,1628.266,1546.3985,1224.0652,1592.1396096504295,1471.8478634615155,64.80072367370832,47.10314577110412,120.29174618891398,136.27243687139656,-15.980690682482589,1546.3985,106.77043432054772,1759.9393686410954,1332.8576313589047,0.7478483408652795,0.27617831838424217,80.26214285714282,10367257.05,1.141652782531057,365112725.0,0.06282042210486383,0.06631563020120056,0.06142757109906558,0.05583850415689495,0.3033857658993735,-0.035047247497459466,63.3543032177354,49.24942658149261,1,1,0.09537902859736724,NVDA,US,Semiconductors
2025-03-12,1653.12,1687.15,1661.22,1672.74,7102465,1619.8939999999998,1644.101,1563.061,1241.2964,1604.5396697042095,1486.7287632955065,63.75441768718667,44.41208076466263,117.81090640870298,132.58013077885784,-14.76922437015486,1563.061,98.46101456119275,1759.9830291223855,1366.1389708776144,0.7784833177070731,0.2519697300646098,79.0628571428571,10482143.85,0.6775774520994146,372215190.0,0.012401270994099045,0.015501512488482706,0.011868466898947596,0.10456355364206038,0.2487887180942001,-0.041113009183357585,70.10309278327426,58.85553970119332,1,1,0.11325131221827656,NVDA,US,Semiconductors
2025-03-13,1655.99,1710.78,1706.78,1708.55,13884054,1627.204,1657.0430000000001,1576.447,1259.8311999999999,1620.5412589804848,1503.1599668641068,63.92047778777715,44.973826386361715,117.38129211637806,129.54036304636188,-12.159070929983812,1576.447,99.16487817876275,1774.7767563575253,1378.1172436424745,0.833038779518862,0.2516161423218156,77.46214285714282,10774538.5,1.2885983665473593,386099244.0,0.02140798928703802,0.00234116648620038,0.03173932209733646,0.08195652036247791,0.1858095680961669,0.021860047846889996,81.89782945198806,71.78507515099925,1,1,0.017459249070849614,NVDA,US,Semiconductors
2025-03-14,1692.11,1784.55,1710.38,1743.34,9202693,1666.2939999999999,1668.1860000000001,1591.0475,1277.8534,1639.433372983487,1520.9510812816523,67.0872079081293,61.16222305670296,118.48229170183481,127.32874877745647,-8.846457075621657,1591.0475,101.24886119566652,1793.545222391333,1388.5497776086668,0.8760350936313595,0.2545464197532831,78.56428571428569,10579722.8,0.869842462238948,395301937.0,0.020362295513739692,0.042544770383262764,0.03027580949227281,0.06828195182332353,0.20120165641170518,0.1262686625018572,85.00309327091595,79.00133850205943,1,1,0.006068810444319617,NVDA,US,Semiconductors
2025-03-17,1734.88,1812.64,1750.14,1777.92,6430800,1710.9599999999998,1678.6,1605.981,1296.2654,1660.7390079091047,1539.9858168454873,65.06398925263383,100.0,120.75319106361735,126.01363723468867,-5.260446171071322,1605.981,105.81457659509046,1817.6101531901809,1394.351846809819,0.906227113342415,0.26355125395636575,77.77071428571426,10470420.95,0.6141872821085306,401732737.0,0.019835488200810047,0.035153437724962225,0.024808632297320363,0.062218451648364814,0.20190637147202972,0.14365845657054277,88.53671420995596,85.14587897762,0,0,-0.061285097192224636,NVDA,US,Semiconductors
2025-03-18,1795.05,1815.11,1805.63,1809.84,17463259,1742.4779999999998,1688.3579999999997,1622.6380000000001,1315.0323999999998,1683.6776220769348,1559.9750164182997,71.45325955938947,100.0,123.7026056586351,125.55143091947798,-1.8488252608428866,1622.6380000000001,110.50924460494753,1843.6564892098952,1401.619510790105,0.9234985060939761,0.27241872704787984,76.49071428571426,10447360.05,1.6715473808574846,419195996.0,0.017953563714902643,0.0052380320912315745,0.008239324809889264,0.05698900867858847,0.22559761630662956,0.09537902859736724,98.14801799234557,90.56260849107251,0,0,-0.037539229987181066,NVDA,US,Semiconductors
2025-03-19,1829.47,1905.84,1827.26,1862.18,7315149,1780.366,1700.1299999999999,1644.2604999999999,1334.9660000000001,1711.139526372791,1582.3605716086154,70.92976826040018,100.0,128.77895476417552,126.19693568841748,2.5820190757580406,1644.2604999999999,113.05559715070922,1870.3716943014183,1418.1493056985814,0.9818856949393665,0.275030865609532,76.68285714285712,10465955.35,0.6989470197819047,426511145.0,0.02891968350793439,0.04219785412793486,0.017879495154324562,0.0674822007956617,0.30246969707567173,0.11325131221827656,88.36633003786845,91.68368741339002,0,0,-0.11306640604023244,NVDA,US,Semiconductors
2025-03-20,1839.76,1762.35,1719.21,1738.38,9276005,1786.3319999999999,1706.768,1657.5835,1352.4378000000004,1715.3303684692846,1593.9175667110421,57.12450315172441,60.477589069084424,121.4128017582425,125.2401089023825,-3.8273071441400077,1657.5835,107.22749516183978,1872.0384903236795,1443.1285096763204,0.6883763578487136,0.25875618371388254,82.82642857142856,9904141.85,0.9365782723943648,417235140.0,-0.06648122093460351,0.02481620819382129,-0.05510501369740878,0.03970095693779907,0.18102886026414478,0.017459249070849614,55.37850728755,80.63095177258802,0,1,-0.0725272955280204,NVDA,US,Semiconductors
2025-03-21,1729.86,1801.39,1715.94,1753.92,7333583,1788.4479999999999,1727.3709999999999,1670.0610000000001,1370.2114000000001,1721.2672348586254,1605.7695991927735,55.55848407501943,57.74311362938187,115.49763566585193,123.29161425507641,-7.79397858922448,1670.0610000000001,102.8922694605138,1875.8455389210278,1464.2764610789725,0.7037543744515182,0.2464395479217878,83.64428571428572,9294716.2,0.789005500888182,424568723.0,0.008939357332689024,0.048719439883205234,0.013908640005541642,0.1331037735239584,0.16588339304825284,0.006068810444319617,59.51930507058673,67.75471413200174,0,0,-0.055190658638934575,NVDA,US,Semiconductors
2025-03-24,1749.23,1743.54,1609.3,1668.96,29214247,1766.6560000000002,1738.8080000000002,1679.1680000000001,1386.3941999999997,1713.2199679572984,1610.4503697641833,47.17863844870726,39.161858133706374,102.76959819311514,119.18721104268415,-16.41761284956901,1679.1680000000001,93.44707545759294,1866.062150915186,1492.2738490848142,0.47269042409704615,0.22260327842726235,88.14785714285715,10387413.25,2.8124657683696404,395354476.0,-0.04844006568144499,0.08043332374647659,-0.04588876248403817,0.07356923690490746,0.12250306022248836,-0.061285097192224636,36.880812171822136,50.592874843319635,0,0,-0.015818234109864826,NVDA,US,Semiconductors
2025-03-25,1671.7,1789.04,1704.18,1741.9,5374765,1753.068,1747.773,1688.0194999999999,1403.7876,1717.6322805792524,1620.187379683336,49.841603761910655,45.27916120576672,97.44490089591636,114.8387490133306,-17.393848117414237,1688.0194999999999,90.38486491110172,1868.7892298222032,1507.2497701777966,0.6490307587789879,0.21417967010700556,93.06428571428572,10476498.45,0.5130306192112672,400729241.0,0.04370386348384625,0.04871691830756713,0.0419931805945792,0.0542593433197156,0.11312760804411881,-0.037539229987181066,56.31644861292254,50.90552195177714,0,0,-0.037235202939319256,NVDA,US,Semiconductors
2025-03-26,1723.94,1698.33,1614.26,1651.63,4663918,1710.958,1745.6619999999998,1694.8815,1418.7544,1707.47808356706,1622.5164627300107,48.766814786114715,32.01545981584633,84.96162083704917,108.86332337807431,-23.901702541025145,1694.8815,81.2579725173455,1857.397445034691,1532.365554965309,0.3669315186545719,0.19177263429283414,94.71357142857144,10176609.3,0.4582977889995453,396065323.0,-0.051822722314713854,0.0509012309051961,-0.0419446152418054,-0.012620012673816516,0.09062394759606174,-0.11306640604023244,32.26304990798516,41.82010356424329,0,0,-0.01994998879894405,NVDA,US,Semiconductors
2025-03-27,1646.45,1628.19,1599.58,1612.3,17632088,1685.7420000000002,1736.0369999999998,1696.5400000000002,1433.2516,1692.83530147982,1621.7596876948448,54.34539149676844,20.729078811732734,71.07561378497508,101.30578145945447,-30.23016767447939,1696.5400000000002,79.08043400300329,1854.7008680060067,1538.3791319939937,0.23368886671437986,0.18645109222996595,88.32785714285717,10502327.05,1.6788742377934003,378433235.0,-0.02381283943740431,0.017744836568865833,-0.020741595554058335,-0.05633431857422966,0.021005237060913284,-0.0725272955280204,21.75813631148075,36.77921161079616,1,1,0.10657445884760919,NVDA,US,Semiconductors
2025-03-28,1637.56,1725.16,1602.68,1657.12,12721878,1666.382,1727.4150000000002,1697.8005,1448.6896,1687.340639713694,1624.3789701459148,56.57876162977222,38.32001379865461,62.961669567779154,93.63695908111941,-30.67528951334026,1697.8005,78.1919729676713,1854.1844459353426,1541.4165540646575,0.36993389968178203,0.18421946033736056,93.23214285714289,10322044.75,1.2324957966786767,391155113.0,0.027798796749984422,0.07391136429463534,0.011944600503180343,-0.04945678984019186,0.015448155841927491,-0.055190658638934575,18.787957944169037,24.26971472121166,1,0,0.07563121560297392,NVDA,US,Semiconductors
2025-03-31,1650.86,1657.98,1630.22,1642.56,10368203,1661.102,1713.8790000000001,1696.2395000000001,1463.2434000000003,1680.4513105269718,1625.7257131257272,49.3040293040293,33.94833948339482,54.72559740124461,85.85468674514446,-31.12908934389985,1696.2395000000001,79.00416447883046,1854.247828957661,1538.2311710423392,0.3301371188644303,0.1863042677140437,83.8914285714286,10399826.9,0.9969590939096213,380786910.0,-0.008786328087283968,0.016900448081033928,-0.005027682541217867,-0.07613390928725705,-0.018652391592682394,-0.015818234109864826,14.033827466812408,18.19330724082074,1,1,0.040266413403467816,NVDA,US,Semiconductors
2025-04-01,1642.33,1706.07,1653.83,1677.04,10270995,1648.1299999999999,1700.5989999999997,1694.4785,1478.0626000000002,1679.926493522822,1629.5267714849901,50.30275720280507,51.36302294197029,50.39972203783191,78.76369380368196,-28.363971765850053,1694.4785,79.02079808005375,1852.5200961601074,1536.4369038398925,0.44482939800614785,0.18653715129464812,85.93500000000003,10505417.9,0.9776854305162452,391057905.0,0.020991622832651435,0.031150121642876057,0.02113460753927585,-0.07337665207974187,-0.020569306063331516,-0.037235202939319256,25.292235355497656,19.371340255493042,1,1,0.05769093164146355,NVDA,US,Semiconductors
2025-04-02,1669.46,1650.57,1593.18,1618.68,24926306,1641.5399999999997,1676.2489999999998,1688.1895,1489.3022,1670.5039560577725,1628.7233069163997,43.86711979145341,28.13852813852813,41.780649141372805,71.36708487122013,-29.586435729847324,1688.1895,79.83459080629547,1847.8586816125908,1528.5203183874091,0.2823327604667794,0.18916025909709336,89.20785714285716,11529705.35,2.1619202816904353,366131599.0,-0.03479940848161045,0.03545481503445055,-0.030417021072663947,-0.13076072130513694,-0.07210254176077413,-0.01994998879894405,8.155824217974303,15.8272956800948,1,1,0.07419008080658318,NVDA,US,Semiconductors
2025-04-03,1612.49,1794.37,1775.93,1784.13,6740218,1675.9060000000002,1680.824,1693.7959999999998,1504.4912,1687.9848858950384,1640.2349139991538,52.36230960792264,68.55742296918767,47.74997189588453,66.64366227615301,-18.89369038026848,1693.7959999999998,82.52957960314463,1858.855159206289,1528.7368407937106,0.7736412824153798,0.19489851104405936,96.32857142857144,11368508.6,0.5928849283814652,372871817.0,0.10221291422640677,0.010335569717447434,0.10644407097091682,0.02631760604700939,0.06706339712918674,0.10657445884760919,61.07273076165464,31.50693011170888,0,0,-0.01925308133375936,NVDA,US,Semiconductors
2025-04-04,1786.2,1809.67,1760.67,1782.45,16197885,1700.9720000000002,1683.6770000000001,1705.524,1519.0297999999998,1702.5179803727247,1650.769364973052,50.2727436931784,76.64005010176923,51.748615399672644,63.664652900856936,-11.916037501184292,1705.524,77.1981557865224,1859.9203115730447,1551.127688426955,0.7491186454375155,0.18105439920277208,94.87857142857142,11796309.5,1.373131454957887,356673932.0,-0.0009416354189437648,0.02749025218097142,-0.0020994289553229765,0.016266420361247924,0.1515353158170154,0.07563121560297392,60.535405871999856,43.25465361720961,0,0,-0.01849701253892111,NVDA,US,Semiconductors
2025-04-07,1781.0,1744.22,1680.29,1708.7,14114178,1714.2,1687.6510000000003,1713.2295,1532.2342,1703.4690603153824,1655.0605231831744,44.202549640023854,57.40496152520963,48.40853713220804,60.61342974712716,-12.204892614919117,1713.2295,68.5462079625904,1850.3219159251807,1576.137084074819,0.48348012189472483,0.1600397564075342,99.51928571428573,12103424.9,1.1661308225136489,342559754.0,-0.04137563466015881,0.03741440861471449,-0.04059517125208274,0.023811235739622294,0.09913224708765656,0.040266413403467816,36.947482888642796,52.851873174099104,1,1,0.03849710306080634,NVDA,US,Semiconductors
2025-04-08,1721.97,1789.36,1761.34,1773.79,12620268,1733.55,1690.8400000000001,1719.3065,1546.7614,1714.2876664207083,1663.8552993575,45.006383964385385,66.45269677289937,50.4323670632084,58.577217210343406,-8.144850147135003,1719.3065,68.24242624449171,1855.7913524889834,1582.8216475110164,0.6995954093282921,0.15876733146638383,98.42357142857144,12142647.85,1.0393340164819145,355180022.0,0.0380932872944344,0.015796683936646495,0.03009343949079824,0.018307595154716028,0.07356029656528973,0.05769093164146355,83.42648621144886,60.30312499069718,1,0,0.003641919280185313,NVDA,US,Semiconductors
2025-04-09,1794.43,1760.41,1721.45,1738.77,9521553,1757.568,1699.554,1722.6080000000002,1560.5786,1718.0541792790611,1669.4045365086267,50.02448979591836,57.728809315137106,48.64964277043441,56.591702322361606,-7.942059551927194,1722.6080000000002,67.46380585951752,1857.5356117190352,1587.6803882809652,0.5598913735799855,0.15665503900940508,91.95,12263602.25,0.7764074559408142,345658469.0,-0.019743036097847,0.0224066437769099,-0.031018206338485795,0.052760000726554956,0.03947415617489858,0.07419008080658318,67.25021940936183,62.54139616981784,1,1,0.09138643983965689,NVDA,US,Semiconductors
2025-04-10,1726.18,1824.55,1689.97,1749.78,10540122,1750.6979999999999,1713.3020000000001,1724.6695,1574.6216,1722.9350747745902,1675.3582746110842,49.7385439296721,68.62215909090908,47.57680016350605,54.788721890590494,-7.2119217270844445,1724.6695,67.64132631794462,1859.9521526358892,1589.3868473641107,0.5928075385503847,0.1568795095359555,95.4592857142857,12096405.65,0.871343226544058,356198591.0,0.006332062319915899,0.07691252614610009,0.01367180711164898,0.08526949078955526,0.02413157355652462,-0.01925308133375936,67.68379651610977,72.78683404564016,1,1,0.13162226108425057,NVDA,US,Semiconductors
2025-04-11,1761.65,1764.12,1737.77,1749.48,5991931,1744.104,1722.538,1724.9765,1587.983,1727.0189094246532,1680.8487728444481,55.69400050915057,40.7278565694407,46.17013658020505,53.0650048285134,-6.894868248308349,1724.9765,67.74438017280869,1860.4652603456175,1589.4877396543825,0.5904263200021307,0.1570905578661958,87.01142857142854,11935867.55,0.5020104716216902,350206660.0,-0.0001714501251585121,0.015061618309431857,-0.006908296199581735,0.055735251520710793,0.003521975059368909,-0.01849701253892111,67.55413407067662,67.49604999871609,1,1,0.10215606923200049,NVDA,US,Semiconductors
2025-04-14,1734.55,1787.67,1763.92,1774.48,8737681,1757.2599999999998,1735.73,1724.8044999999997,1601.5148,1734.3206156670144,1687.7844193663907,52.471477121009826,48.10391587762286,46.536196300623715,51.75924312293548,-5.223046822311765,1724.8044999999997,67.60711208887741,1860.0187241777546,1589.5902758222448,0.6836918427088423,0.15678788428216242,81.16214285714284,12051211.6,0.7250457933170974,358944341.0,0.014289960445389438,0.01338420269599354,0.02302037992561589,0.08031365673095658,-0.001934845212383074,0.03849710306080634,78.35933785677334,71.19908948118659,1,1,0.12216536675533107,NVDA,US,Semiconductors
2025-04-15,1788.88,1842.63,1730.35,1780.25,6686770,1758.5520000000001,1746.051,1723.325,1614.2651999999998,1741.386674795166,1694.6337216958752,61.19174410915039,75.15999718686267,46.752953099290835,50.757985118206555,-4.0050320189157205,1723.325,65.9517763616811,1855.2285527233623,1591.4214472766378,0.7157826640146359,0.1530802985197635,80.06499999999998,11512387.15,0.5808325703472741,365631111.0,0.003251656823407334,0.06306979356828374,-0.004824247573898352,0.06154295663788578,-0.016349511559032748,0.003641919280185313,74.99298456574462,73.63548549773152,1,1,0.11183822496840334,NVDA,US,Semiconductors
2025-04-16,1790.43,1912.55,1885.75,1897.67,6450690,1790.3319999999999,1773.95,1725.0994999999998,1626.6863999999998,1765.4302632882175,1709.6734461373562,71.86039741998745,81.84248406333542,55.75681715086125,51.75775152473749,3.999065626123759,1725.0994999999998,70.22354916713918,1865.546598334278,1584.6524016657215,1.1143612151678304,0.162827823362301,85.79714285714283,11469164.2,0.5624376218767867,372081801.0,0.06595702850723217,0.014122581903063142,0.05989622604622359,0.17235648800257009,0.019058308004596736,0.09138643983965689,95.34082725335715,82.89771655862505,1,1,0.0395906559096153,NVDA,US,Semiconductors
2025-04-17,1921.6,2043.39,1929.45,1980.09,7551733,1836.3939999999998,1793.5459999999998,1737.1850000000002,1639.7014000000001,1798.4548381669533,1729.7043021302945,73.3931132389796,99.87599206349208,68.75053603665879,55.15630842712176,13.594227609537029,1737.1850000000002,90.50099955829566,1918.1869991165916,1556.1830008834088,1.1710008761902209,0.20838540410662904,87.45714285714283,11382950.6,0.6634248537084177,379633534.0,0.04343220897205513,0.05754283896183634,0.030438176519551195,0.1098350456525028,0.13904324716115002,0.13162226108425057,85.93989471560838,85.42456884490339,0,0,-0.016984076481372012,NVDA,US,Semiconductors
2025-04-18,1924.36,1932.74,1924.57,1928.2,6716319,1872.1380000000001,1808.1209999999999,1745.899,1651.6524,1818.4156322951144,1744.4076872604867,69.62783794183939,81.54526166902409,74.00794503462771,58.92663574862295,15.08130928600476,1745.899,100.08054166519072,1946.0600833303813,1545.7379166696185,0.955385724751856,0.22929285523419943,89.43999999999997,11352087.4,0.591637306136552,372917215.0,-0.026205879530728393,0.004237112332743406,0.00199546862333355,0.08176947459956807,0.09936599160737081,0.10215606923200049,74.41416227965968,85.23162808287508,0,1,-0.03232548490820464,NVDA,US,Semiconductors
2025-04-21,1931.27,2028.22,1961.7,1991.26,13606506,1915.494,1836.377,1762.014,1663.4347999999998,1845.0070734804813,1762.693043878091,70.77570019306552,84.98379442065055,82.31402960239029,63.604114519376424,18.70991508301387,1762.014,112.24848555535891,1986.5109711107177,1537.517028889282,1.010577044458051,0.25481860088579367,92.04785714285711,10571700.35,1.2870687081980423,386523721.0,0.03270407634062855,0.03340598415072194,0.03106246148905588,0.1653654825305788,0.19311427475793308,0.12216536675533107,88.42095910777542,82.92500536768117,0,0,-0.03893012464469736,NVDA,US,Semiconductors
2025-04-22,1979.09,2050.7,1922.27,1979.35,13345884,1955.3139999999999,1856.9330000000002,1773.8865,1677.6686000000002,1865.6752160219457,1778.741707390733,75.40752638178564,80.81029867356453,86.93350863121282,68.2699933417437,18.663515289469117,1773.8865,122.1315008408129,2018.149501681626,1529.6234983183742,0.9205784310038118,0.27539868157459696,95.23142857142854,10970256.3,1.2165515935528695,373177837.0,-0.005981137571186124,0.06488493697422637,0.00013137351004747613,0.1158874500363627,0.1363166657098569,0.11183822496840334,80.73756108074639,81.19089415606051,0,0,-0.05604870285699848,NVDA,US,Semiconductors
2025-04-23,1970.86,2051.35,1909.96,1972.8,21995075,1970.3400000000001,1880.336,1789.9450000000002,1690.3348,1882.1559520185695,1793.1163958119466,67.12472997258881,78.88972243060766,89.03955620662282,72.42390591471953,16.615650291903293,1789.9450000000002,126.2554608928304,2042.4559217856608,1537.4340782143395,0.862073447568242,0.28214377736245483,92.78142857142855,11836814.15,1.858191981649726,351182762.0,-0.003309167150832293,0.07166970802916069,0.000984341860913038,0.13459514484376878,0.19445638551007183,0.0395906559096153,78.83091683264479,82.66314567372221,0,0,-0.0432177615571776,NVDA,US,Semiconductors
2025-04-24,1965.78,1968.33,1928.96,1946.46,12661465,1963.614,1900.0039999999997,1806.6530000000002,1700.4474,1892.048882477251,1804.4751813657347,64.24860563306865,60.07350208531198,87.57370111151636,75.4538649540789,12.119836157437462,1806.6530000000002,123.59195183726648,2053.836903674533,1559.4690963254673,0.7827995632419922,0.2736373876714521,92.4128571428571,11588283.0,1.092609138678341,338521297.0,-0.013351581508515786,0.020226462398394863,-0.009828159814419776,0.11240270205397263,0.20725671401104018,-0.016984076481372012,71.73233439316628,77.1002707688525,1,0,0.01839750110456939,NVDA,US,Semiconductors
2025-04-25,1944.57,1932.85,1812.3,1865.87,6582743,1951.148,1911.643,1817.0904999999998,1708.7382,1888.0213620961354,1809.0229457306546,63.49399866064528,26.237829741199945,78.99841636548081,76.16277523635928,2.8356411291215267,1817.0904999999998,119.02944074006454,2055.149381480129,1579.0316185198708,0.6024525942827916,0.26202204180804206,94.6985714285714,11281326.25,0.5835078492204896,331938554.0,-0.04140336816579848,0.06460793088475368,-0.04047167240056135,0.0665283398495553,0.12597156512503616,-0.03232548490820464,48.674525430160266,66.41259221865712,1,1,0.023586852245869316,NVDA,US,Semiconductors
2025-04-28,1830.06,1930.91,1900.01,1913.74,6802897,1935.6439999999998,1925.569,1830.6495000000002,1717.4279999999999,1891.9780756198068,1816.7797645995988,62.3816685835619,46.940589031821254,75.19831102020794,75.96988239312901,-0.7715713729210734,1830.6495000000002,113.41480649065868,2057.4791129813175,1603.819887018683,0.6831562001698613,0.24781326297709455,93.58285714285714,11103060.95,0.6127045882149653,338741451.0,0.025655592297427088,0.016146393972004527,0.04572527676685701,0.07847932915558364,0.16509594778881742,-0.03893012464469736,61.920969616298876,60.77594314654181,0,1,-0.007263264602297093,NVDA,US,Semiconductors
2025-04-29,1931.42,1880.17,1859.0,1868.41,8542536,1913.4560000000001,1934.3849999999998,1840.218,1725.2622000000001,1888.352217832144,1820.6042264967132,61.26403225245891,21.899446452262268,67.74799133543092,74.3255041815894,-6.57751284615847,1840.218,107.70190374116618,2055.6218074823323,1624.8141925176678,0.5654398831871784,0.2341068367793546,93.75428571428571,11016638.0,0.7754212514361232,330198915.0,-0.023686603195836375,0.011330489560636446,-0.03262366548962285,0.049521134672096734,0.11411176835376624,-0.05604870285699848,49.37738668423996,53.324293910233045,1,1,0.02319084141061123,NVDA,US,Semiconductors
2025-04-30,1853.18,1941.49,1844.37,1887.54,11424742,1896.404,1933.372,1853.661,1734.4184,1888.2272612425834,1825.562431960131,61.80300901333151,29.67096231344938,62.664829282452274,71.99336920176198,-9.328539919309705,1853.661,94.57392056786408,2042.8088411357282,1664.5131588642719,0.5895569301663336,0.2040802942238372,91.07857142857144,10341559.8,1.1047405919617084,341623657.0,0.010238652115970304,0.051453214236492295,0.01854110232140502,-0.00533812517455623,0.16609830232040923,-0.0432177615571776,48.96884735187239,53.42240121747042,1,1,0.00018012863303562554,NVDA,US,Semiconductors
2025-05-01,1928.11,1989.76,1976.27,1982.27,22221197,1903.566,1933.5900000000001,1863.5679999999998,1744.6254000000001,1902.6953748975707,1837.1704000036864,67.16715092697748,51.5080098092296,65.52497489388429,70.69969034018645,-5.174715446302159,1863.5679999999998,97.24711997357862,2058.062239947157,1669.0737600528425,0.8051555666415762,0.2087331827409067,96.49785714285716,11115608.75,1.9990983400618216,363844854.0,0.05018701590429875,0.006805329243742378,0.02808968367985851,0.0011009600573712586,0.11105692970803682,0.01839750110456939,78.47975077857174,58.94199493822804,0,0,-0.05703562077819868,NVDA,US,Semiconductors
2025-05-02,2003.09,1935.03,1889.75,1909.88,9043370,1912.368,1931.7580000000003,1869.9395,1752.7356,1903.8007018364058,1842.5562963171528,59.33278191342709,44.92000888790135,61.24440551925295,68.80863337599975,-7.564227856746797,1869.9395,95.81665487985953,2061.572809759719,1678.306190240281,0.6042107451190915,0.20496204263251988,100.37857142857145,10757883.0,0.8406272088451595,354801484.0,-0.03651873861784716,0.023708295809148357,-0.04653310635066486,-0.009501089098641224,0.07149148643720715,0.023586852245869316,55.92834890948316,61.12564901330911,0,0,-0.04820721720736387,NVDA,US,Semiconductors
2025-05-05,1888.81,1949.21,1860.34,1899.84,7586834,1909.5880000000002,1922.616,1879.4965,1760.996,1903.1913630923434,1846.799533639718,58.194800389217036,55.86721475698643,56.391829452625416,66.32527259132488,-9.93344313869946,1879.4965,88.11025815627877,2055.7170163125575,1703.2759836874425,0.5577217126164797,0.187518855515255,98.70642857142857,10431515.8,0.7272992169269189,347214650.0,-0.005256874777473053,0.04677762337878629,0.005839655656203712,-0.04591062945069957,0.11186281968748157,-0.007263264602297093,36.61995398436887,57.00935122414126,0,0,-0.1064615967660435,NVDA,US,Semiconductors
2025-05-06,1928.05,1940.11,1889.05,1911.74,20056664,1918.2540000000001,1915.855,1886.3940000000002,1767.9334,1904.5065380012136,1851.6099385686514,51.12713290074501,49.60555380246134,52.8965994325622,63.63953795957234,-10.74293852701014,1886.3940000000002,84.73463322258543,2055.863266445171,1716.9247335548293,0.5747805207725535,0.179675366275636,92.90357142857144,10803335.6,1.8565249554475607,367271314.0,0.006263685362978055,0.02670865285026899,-0.00845932418764632,-0.034157678025614424,0.07777132580519686,0.02319084141061123,41.597992051698014,44.71543164851669,0,0,-0.10851894086015879,NVDA,US,Semiconductors
2025-05-07,1944.22,1925.61,1857.7,1887.88,12141130,1918.3220000000001,1907.363,1893.8494999999998,1775.4031999999997,1901.94860907795,1854.2966097926956,41.84833536660833,54.19521654815774,47.65199928525453,60.44203022470879,-12.790030939454255,1893.8494999999998,77.2953585094403,2048.4402170188805,1739.258782981119,0.48069256642444025,0.163255545933084,87.34571428571428,10934314.45,1.1103694653331042,355130184.0,-0.012480776674652305,0.035971565989344596,-0.02897820205530801,-0.04304541768045411,0.08575602293575346,0.00018012863303562554,31.61681656543987,36.611587533835596,0,0,-0.023253596626904294,NVDA,US,Semiconductors
2025-05-08,1900.69,1902.16,1842.86,1869.21,6652612,1895.7099999999998,1899.6380000000001,1899.821,1781.2048000000002,1896.9118999890345,1855.4013053662366,44.459680297537425,46.04257524072717,41.51059462279795,56.65574310432662,-15.145148481528665,1899.821,69.83242512576088,2039.4858502515217,1760.1561497484781,0.39041265592143237,0.14702948356866072,87.61571428571429,10739938.95,0.619427299498076,348477572.0,-0.009889399749984151,0.03172463233128886,-0.01656240628402499,-0.03968743256989615,0.06825429482563528,-0.05703562077819868,23.806734992579806,32.34051453657258,0,0,-0.042836278427784924,NVDA,US,Semiconductors
2025-05-09,1916.72,1889.01,1760.84,1817.81,6726805,1877.2959999999998,1894.8319999999999,1903.2375,1784.9228,1884.7423769137984,1852.6167642218593,33.344856061915465,6.321045362796184,32.12561269193907,51.749717021849115,-19.624104329910047,1903.2375,63.4718017684583,2030.1811035369165,1776.2938964630835,0.1635218411169479,0.13339754343517277,89.62642857142859,10776682.65,0.6241999133007862,341750767.0,-0.027498247922919328,0.07050791886937005,-0.051603781459967274,-0.02575742147094917,0.03905731988933847,-0.04820721720736387,19.610340435717852,25.011297331245853,1,1,0.0014302924948152995,NVDA,US,Semiconductors
2025-05-12,1843.68,1698.87,1696.55,1697.58,6532469,1836.8439999999998,1873.216,1899.3925,1785.3988,1855.9481650809062,1841.1325594412465,27.602817035753475,5.0402371876323855,14.81560563965968,44.36289474541123,-29.547289105751553,1899.3925,73.25713752721877,2045.9067750544375,1752.8782249455624,-0.18871275486578895,0.1542748800517644,89.11428571428574,10666422.05,0.6124329561445624,335218298.0,-0.06614002563524246,0.001366651350745514,-0.07924368653992064,-0.11295160262104575,-0.043336639466209914,-0.1064615967660435,0.2903043968424661,14.569126608380051,1,1,0.08160440155986759,NVDA,US,Semiconductors
2025-05-13,1752.26,1731.08,1682.84,1704.28,19329254,1795.352,1856.8030000000003,1895.5939999999998,1785.2392000000002,1832.6146012223053,1830.9953327968121,28.661114466448396,7.991063756659258,1.6192684254931464,35.81416948142762,-34.19490105593447,1895.5939999999998,81.28926130927853,2058.1725226185567,1733.0154773814427,-0.08837414966789227,0.17153306311211292,82.46071428571432,11298546.25,1.710773391685378,354547552.0,0.003946794849138291,0.02830520806438596,-0.027381781242494057,-0.08784474499708317,-0.04267378177222303,-0.10851894086015879,6.9855336895380535,8.962059507366133,1,1,0.05448635200788621,NVDA,US,Semiconductors
2025-05-14,1709.54,1851.38,1838.06,1843.98,20330300,1786.5720000000001,1852.4470000000001,1892.9095000000002,1787.2296,1834.3631241111814,1831.9571599987314,43.09936165055082,40.60350565786555,2.405964112449965,29.132528407632087,-26.726564295182122,1892.9095000000002,82.09958666956513,2057.1086733391303,1728.71032666087,0.35100564453118743,0.17348866740754743,89.83642857142863,11992526.75,1.6952472759548127,374877852.0,0.08197009881005468,0.0072235056779319405,0.07864103793998468,-0.02307765663244221,-0.028292590387159033,-0.023253596626904294,52.50228072444776,19.926039603609436,0,0,-0.03407303766852132,NVDA,US,Semiconductors
2025-05-15,1810.23,1819.49,1764.87,1789.14,8593968,1770.5580000000002,1833.134,1883.3619999999999,1789.5724,1827.4057204017688,1828.7855185122055,44.64766528550902,37.39081575317976,-1.3797981104366954,23.030063104018332,-24.409861214455027,1883.3619999999999,82.52944448082427,2048.4208889616484,1718.3031110383513,0.2145806548409919,0.17528110789275872,85.90428571428576,12044638.5,0.7135097733726277,366283884.0,-0.029740018872221996,0.030528633868769122,-0.011650453257314411,-0.09742870547402716,-0.09643501052982428,-0.042836278427784924,34.63443242527493,31.37408227975359,1,1,0.030142973719216926,NVDA,US,Semiconductors
2025-05-16,1810.36,1831.6,1811.46,1820.41,9766509,1771.0780000000002,1824.187,1877.9724999999999,1795.0228,1826.3294557245736,1828.165109732593,43.33538039674946,43.96248824664721,-1.8356540080194463,18.056919681610776,-19.892573689630222,1877.9724999999999,82.96563929691041,2043.9037785938208,1712.041221406179,0.3265471691409305,0.17671321448395286,84.2914285714286,12197148.0,0.8007206438160261,376050393.0,0.01747767083626761,0.011063441752126613,0.0055513820455570335,-0.046845875133516235,-0.05590187739861008,0.0014302924948152995,44.82275511519351,43.98648942163874,1,0,0.014227564120170566,NVDA,US,Semiconductors
2025-05-19,1818.4,1873.27,1806.38,1836.11,3526797,1798.784,1817.8139999999999,1870.2149999999997,1800.6532,1827.83415484387,1828.7536201235887,47.59156525888808,52.483443708609265,-0.9194652797186791,14.261642689344884,-15.181107969063563,1870.2149999999997,78.97284140098456,2028.1606828019687,1712.2693171980306,0.3920356688598055,0.16890644423436302,85.15928571428573,11693162.55,0.3016118764540841,379577190.0,0.00862443076010333,0.03643027923161654,0.009739331280240909,-0.03354493009937676,-0.07791549069433423,0.08160440155986759,49.938094617327174,43.13176071926521,1,1,0.0045585504136462784,NVDA,US,Semiconductors
2025-05-20,1846.85,1812.41,1784.92,1797.14,17387738,1817.3560000000002,1806.354,1861.1045,1803.5510000000002,1823.111977175582,1826.4118704817924,43.45307068366165,67.33407618914973,-3.299893306210379,10.74933549023383,-14.04922879644421,1861.1045,76.18086757149122,2013.4662351429824,1708.7427648570174,0.2900900119696623,0.16373259550218772,81.87857142857142,11895255.25,1.4617371525729006,362189452.0,-0.021224218592567845,0.015296526703531562,-0.026916100387131006,-0.0599453900635023,-0.09205547275620773,0.05448635200788621,37.24097484674434,44.00060819308835,1,1,0.059667026497657316,NVDA,US,Semiconductors
2025-05-21,1800.59,1787.46,1776.11,1781.15,10641883,1804.7900000000002,1795.681,1851.5219999999997,1805.7192000000002,1816.6562883793388,1823.0591393310006,33.559493836445085,62.96421223057986,-6.402850951661776,7.318898201854709,-13.721749153516484,1851.5219999999997,73.39414802426869,1998.310296048537,1704.7337039514623,0.2602942404311631,0.15855960236870872,76.07928571428572,11327595.65,0.9394652130379306,351547569.0,-0.008897470425231258,0.006372287567017805,-0.010796461159947035,-0.05653431362162853,-0.09714618815896181,-0.03407303766852132,36.90730938154862,41.362126281873394,1,1,0.057210229346208896,NVDA,US,Semiconductors
2025-05-22,1767.17,1884.45,1809.97,1843.07,5978031,1815.5760000000002,1793.0670000000002,1846.3524999999997,1808.4096,1820.719936320979,1824.5414253081162,44.443520351303235,49.791942932918715,-3.8214889871371724,5.090820764056332,-8.912309751193504,1846.3524999999997,69.91387791417199,1986.1802558283437,1706.5247441716558,0.4882623446931461,0.1514637706811329,76.84928571428573,10993423.95,0.5437823996788189,357525600.0,0.03476405692951179,0.040410836267727006,0.04295002744498656,-0.01398451752344576,-0.05311694049710758,0.030142973719216926,60.15317040184646,44.76715154337982,0,1,-0.015419924365325133,NVDA,US,Semiconductors
2025-05-23,1836.88,1910.56,1794.91,1846.31,6570782,1820.756,1795.917,1845.3745000000004,1810.469,1824.6568691946745,1826.1539123239763,45.49706421709652,67.10754683104915,-1.497043129301801,3.7732479853847054,-5.270291114686506,1845.3745000000004,69.76313137850529,1984.9007627570109,1705.8482372429899,0.5033524154557392,0.15121728706767637,78.76214285714285,10992825.9,0.5977336002625494,364096382.0,0.0017579364864057645,0.0626384518309153,0.0051337049780033,0.0156782061931664,-0.010483045442608474,0.014227564120170566,63.54024954303442,53.53357644214318,0,1,-0.023787987932687327,NVDA,US,Semiconductors
2025-05-26,1856.61,1916.95,1786.5,1844.48,37181443,1822.4299999999998,1810.607,1841.9114999999997,1811.8002,1827.7065816262632,1827.5114003012613,44.24459200438116,58.743189248093,0.19518132500184038,3.0576346533081322,-2.862453328306292,1841.9114999999997,67.88461830851296,1977.6807366170256,1706.1422633829739,0.5094590647465155,0.14742210645511705,84.43285714285715,12511753.2,2.971721023739421,326914939.0,-0.0009911661638619673,0.07072454024978819,-0.006533413048509568,0.08653494975200005,-0.03619091412626585,0.0045585504136462784,66.58153808103732,63.424986008639415,0,0,-0.038059507286606564,NVDA,US,Semiconductors
2025-05-27,1844.93,1909.03,1900.64,1904.37,7349478,1843.8760000000002,1830.616,1843.7095000000002,1813.6908,1839.5009536837613,1833.2046299135584,51.32908841782862,68.76924769027723,6.296323770202889,3.705372476687084,2.590951293515805,1843.7095000000002,69.08893745515242,1981.887374910305,1705.5316250896954,0.7195014941381053,0.14989115683379606,84.19285714285715,12452100.3,0.5902199012788307,334264417.0,0.032469856002775854,0.004405656463815051,0.03221802453207851,0.11740441711455851,0.019246311034515795,0.059667026497657316,94.62645764770987,74.91608175726054,0,0,-0.06752364298954505,NVDA,US,Semiconductors
2025-05-28,1915.12,1920.09,1853.43,1883.05,15672791,1864.2559999999999,1834.523,1843.485,1814.1082000000001,1846.2008069631825,1836.8968795525834,51.110754414125196,76.16176381021988,9.303927410599044,4.825083463469477,4.478843947129567,1843.485,68.94616454351113,1981.3773290870222,1705.5926709129776,0.6434633828484672,0.14959962146363817,84.71857142857141,12664502.75,1.2375369228344222,318591626.0,-0.01119530343368147,0.03540001593158145,-0.01674568695433351,0.02118786537814943,-0.0023787575362641533,0.057210229346208896,84.38777660659902,81.86525744511542,1,0,0.03338201322322831,NVDA,US,Semiconductors
2025-05-29,1843.41,1844.05,1791.13,1814.65,15653338,1858.5720000000001,1837.074,1835.104,1815.6336,1841.3468366611542,1835.2489625474518,49.75312500000001,57.73314866112653,6.097874113702346,5.079641593516051,1.0182325201862952,1835.104,60.906855668029586,1956.9177113360593,1713.2902886639408,0.41604393390499544,0.13275946359006666,82.12928571428567,12336109.8,1.2689038104294588,302938288.0,-0.03632404875069695,0.029162648444587484,-0.01560152109405091,0.014258246978995581,-0.08455962104052417,-0.015419924365325133,55.55742887226327,78.19055437552406,1,0,0.043154327280742866,NVDA,US,Semiconductors
2025-05-30,1805.53,1808.46,1797.53,1802.39,18228277,1849.788,1835.2720000000002,1829.7295,1816.6029999999998,1835.3534771748227,1832.8149653200235,59.85000845816969,37.815981789864644,2.5385118547992533,4.571415645772691,-2.032903790973438,1829.7295,58.6624182101363,1947.0543364202724,1712.4046635797274,0.3834880114281612,0.12824282105109897,74.69071428571426,12795355.15,1.4246009869760443,284710011.0,-0.006756123770424005,0.006064170351585394,-0.0017391015380515049,-0.009898868936118799,-0.05628102289149062,-0.023787987932687327,50.38988408830191,63.44502985572141,1,1,0.023147043647601118,NVDA,US,Semiconductors
2025-06-02,1777.48,1810.26,1745.49,1774.28,13668040,1835.748,1829.089,1823.4515,1818.7094,1825.9575576094655,1828.479041960195,56.324082104654536,31.223606694124385,-2.5214843507294518,3.1528356464722624,-5.674319997201714,1823.4515,57.47091074482713,1938.3933214896542,1708.5096785103456,0.2861026588798584,0.1260706100377129,75.87142857142854,13099415.45,1.0434083115206252,271041971.0,-0.015595958699282653,0.03650494848612591,-0.001800301550508723,-0.03367445305564476,-0.06608977598113519,-0.038059507286606564,16.489117983868894,40.812143648144705,1,1,0.07529814910837085,NVDA,US,Semiconductors
2025-06-03,1779.55,1818.46,1741.63,1775.78,6379405,1810.03,1826.9530000000002,1816.6535,1819.3869999999997,1818.2379333618555,1824.575409220077,41.78788170696462,32.06078963860452,-6.337475858221524,1.254773345533505,-7.592249203755029,1816.6535,54.43908360677243,1925.5316672135448,1707.775332786455,0.3122970791740725,0.11986674092058278,70.85214285714281,12415552.5,0.5138236486999955,277421376.0,0.0008454133507675987,0.04326549459953185,-0.0021185131072450135,-0.011885551487363366,-0.07111845753083579,-0.06752364298954505,19.135940826968813,28.671647633046547,1,1,0.1234105576141189,NVDA,US,Semiconductors
2025-06-04,1748.0,1966.75,1929.24,1945.91,16188737,1822.602,1843.429,1819.5549999999998,1825.2726,1837.8797897677239,1833.5631566902143,64.77484779371574,56.883865835874346,4.31663307750955,1.8671452919287144,2.449487785580836,1819.5549999999998,59.72494722517902,1939.0048944503578,1700.1051055496418,1.0289037741740452,0.13129572280067636,78.8421428571428,12617932.85,1.2829942835688586,293610113.0,0.09580578675286366,0.019276328298832277,0.11322082379856228,0.09250203520197631,0.03073818251160021,0.03338201322322831,90.74271499604329,42.12259126896034,1,0,0.0077444486127313805,NVDA,US,Semiconductors
2025-06-05,1925.52,1953.5,1844.53,1892.96,17877796,1838.264,1848.4180000000001,1820.7424999999998,1830.8858000000002,1846.3536682649974,1837.9629228635567,56.56905887253038,51.486425678716074,8.390745401440654,3.1718653138311033,5.21888008760955,1820.7424999999998,60.98696537827094,1942.7164307565417,1698.768569243458,0.7960366184449249,0.13398262605115763,83.59285714285711,13179192.05,1.3565167406057534,275732317.0,-0.02721091931281505,0.05756592849291187,-0.01690971789437816,0.027068966452712173,0.012705902493566734,0.043154327280742866,67.22192608356778,59.033527302193306,1,1,0.03135829600202844,NVDA,US,Semiconductors
2025-06-06,1909.44,1877.07,1817.75,1844.11,11214449,1846.6080000000002,1848.1979999999999,1822.0575000000001,1834.6256,1846.0084885319209,1838.418261910916,50.683340166735,54.694072657743746,7.590226621004831,4.055537575265849,3.5346890457389817,1822.0575000000001,61.20356240704926,1944.4646248140987,1699.6503751859016,0.5900784984244224,0.13436142911409915,84.18714285714283,13403574.25,0.8366759458451207,264517868.0,-0.025806144873637082,0.03216727852458247,-0.03421421987596674,-0.0011915658800526474,0.014467958697553573,0.023147043647601118,45.52238805949921,67.82900971303677,1,1,0.027812874503148066,NVDA,US,Semiconductors
2025-06-09,1860.76,1980.32,1849.93,1907.88,10257591,1873.328,1854.538,1832.5725000000002,1839.9319999999998,1855.527182603933,1843.5635758456938,59.07466893929461,64.43842216199937,11.963606758239166,5.637151411860513,6.326455346378653,1832.5725000000002,56.58305212831547,1945.738604256631,1719.4063957433693,0.8327299304586363,0.12350518656868323,90.25999999999999,13589830.35,0.7547989916740211,274775459.0,0.03458036668094655,0.06834287271732578,0.025322986306656848,0.034372831367106116,0.12388223235429274,0.07529814910837085,69.65101177230031,60.79844197178911,1,1,0.030824789819066112,NVDA,US,Semiconductors
2025-06-10,1910.38,1996.41,1993.74,1994.93,12558873,1917.158,1863.5940000000003,1847.1050000000002,1846.2898,1876.9737698956355,1854.7759035653735,65.69096620768622,76.0047142015321,22.19786633026206,8.949294395540823,13.248571934721236,1847.1050000000002,59.16449642175497,1965.4339928435102,1728.7760071564903,1.1246355878071814,0.12812373183272835,95.08142857142855,13251311.3,0.9477456055427808,287334332.0,0.04562655932238924,0.0013383928258128026,0.04425821040837723,0.04755378419109735,0.17054122562020324,0.1234105576141189,99.41910667988296,71.53083550389417,0,0,-0.013288686821091411,NVDA,US,Semiconductors
2025-06-11,2009.29,1963.41,1959.03,1960.98,8772752,1920.172,1871.3870000000002,1852.955,1853.1358000000002,1889.8978052963068,1862.6428736745954,59.02487562189055,70.27589227063716,27.25493162171142,12.610421840774945,14.644509780936476,1852.955,64.39255232349922,1981.7401046469984,1724.1698953530015,0.919400210510286,0.13900510767604063,90.26714285714284,12673433.9,0.6922158096223779,278561580.0,-0.017018140987403063,0.0022335770890054337,-0.024043318784235178,0.041384987121956485,0.06344971203592231,0.0077444486127313805,86.09388491998548,85.05466779072293,1,1,0.018460157676263966,NVDA,US,Semiconductors
2025-06-12,1961.92,2001.98,1912.6,1952.32,22264022,1932.0439999999999,1885.154,1861.114,1856.4995999999999,1899.5012198661059,1869.2856237750827,58.04727708867869,51.08559428242385,30.215596091023144,16.131456690824585,14.08413940019856,1861.114,66.19400453052526,1993.5020090610506,1728.7259909389495,0.8444647315343188,0.14226749039658979,88.39071428571428,13356936.6,1.6668507907081935,256297558.0,-0.004416159267305209,0.04578142927386614,-0.004893165878320851,0.07586586945140938,0.0912058307343191,0.03135829600202844,80.9256769729943,88.81288952428758,0,1,-0.007222176692345483,NVDA,US,Semiconductors
2025-06-13,1940.84,1922.1,1874.04,1895.4,8741816,1942.3020000000001,1894.455,1864.8635,1858.7586000000001,1898.8702629636282,1871.2200220145883,53.56702533064336,50.40775401069519,27.650240949039926,18.435213542467654,9.215027406572272,1864.8635,65.89018681626217,1996.6438736325242,1733.0831263674756,0.6158613348772889,0.1413297795066005,84.66428571428571,13305701.95,0.6569976823359039,247555742.0,-0.029155056548106795,0.02535612535611195,-0.023412543022596616,0.0516037039708388,0.04119401673249423,0.027812874503148066,59.06280007659282,75.36078732319088,1,1,0.03551229291970026,NVDA,US,Semiconductors
2025-06-16,1900.59,2003.29,1937.4,1966.69,52999416,1954.0639999999999,1913.696,1871.3925000000004,1863.9184,1909.3040686615316,1878.2918722378374,54.29698273484473,69.0554657380923,31.01219642369415,20.950610118712955,10.061586304981194,1871.3925000000004,69.27372600395759,2009.9399520079155,1732.8450479920853,0.8439164655071083,0.14806883324352435,87.75999999999999,15779332.9,3.3587866468812093,300555158.0,0.03761211353803939,0.033502992337361946,0.03477867399068992,0.10844398854746728,0.07111774349031386,0.030824789819066112,86.01238248075363,75.33361984344693,0,0,-0.004225373597262383,NVDA,US,Semiconductors
2025-06-17,1976.35,1982.56,1957.1,1968.42,17544864,1948.762,1932.9599999999998,1879.9565000000002,1867.8110000000001,1918.3988273289883,1884.9680298516919,56.0497186671769,61.66024653312789,33.43079747729644,23.446647590429656,9.984149886866781,1879.9565000000002,70.19228974563043,2020.341079491261,1739.5719205087394,0.8150755600072576,0.14934875300698305,84.81714285714285,15787189.2,1.1113354420725228,318100022.0,0.0008796505804169463,0.012934231515625274,-0.004012447187995964,0.10848190654247714,0.0953069877694559,-0.013288686821091411,86.6735458224923,77.24957612661292,1,0,0.006868452870830488,NVDA,US,Semiconductors
2025-06-18,1944.08,2026.46,1973.76,1997.18,7545968,1956.002,1938.087,1890.7580000000003,1872.9791999999998,1930.5190077399131,1893.2800276425792,63.704893907768074,50.558839600615975,37.23898009733398,26.205114091810525,11.033866005523453,1890.7580000000003,70.8063964252843,2032.370792850569,1749.1452071494316,0.8757499511764508,0.14979473084391948,82.39714285714287,15632393.45,0.48271351034134125,325645990.0,0.014610703000375924,0.02638720596039098,0.027313690794603527,0.0263475700315019,0.12128680908401868,0.018460157676263966,89.72018396907026,87.46870409077208,1,0,0.005042109374217674,NVDA,US,Semiconductors
2025-06-19,1970.26,1942.23,1935.02,1938.22,10433590,1953.182,1942.613,1895.5155000000002,1876.7479999999998,1931.7037757799264,1896.6089144846571,59.53019098269788,44.971721456345,35.09486129526931,27.983063532502285,7.111797762767026,1895.5155000000002,70.62994358849122,2036.7753871769826,1754.2556128230178,0.6511557911194027,0.1490464068237984,85.61428571428573,15855171.4,0.6580559161879564,315212400.0,-0.029521625491943704,0.003719907956783191,-0.016261813161706426,0.023909644155185594,0.05162581996343074,-0.007222176692345483,69.02011726268644,81.80461568474968,0,1,-0.033303752927944186,NVDA,US,Semiconductors
2025-06-20,1970.27,2001.24,1931.88,1962.71,6944933,1966.6440000000002,1954.473,1901.3355,1881.0126,1936.4739641214762,1901.5052911905698,63.28824699228501,52.14536444352676,34.96867293090645,29.380185412183117,5.588487518723333,1901.3355,71.15574515213474,2043.6469903042694,1759.0240096957305,0.7156343801475994,0.14969634796614759,85.94214285714285,15873878.95,0.4375069624991085,322157333.0,0.01263530455779005,0.03533889367250616,-0.0038370375633776633,0.06431286636914302,0.06304466747187631,0.03551229291970026,77.61822841667795,78.78617654947823,0,1,-0.08752693979242987,NVDA,US,Semiconductors
2025-06-23,1941.29,2020.89,1908.37,1958.38,10413788,1964.982,1959.523,1907.0305,1884.6906,1939.844123487403,1905.7182325847155,62.82591593616544,66.61215446296688,34.125890902687615,30.329326510284023,3.7965643924035923,1907.0305,70.9234308751551,2048.8773617503102,1765.18363824969,0.681003299493888,0.14876202740358455,88.4914285714286,14535496.2,0.7164383754275705,311743545.0,-0.0022061333564306063,0.05745565212060108,0.008803424526985326,0.02646916996876114,0.061751821651630845,-0.004225373597262383,67.38057591841613,71.33964053259352,0,0,-0.015191127360369316,NVDA,US,Semiconductors
2025-06-24,1957.78,1995.18,1971.34,1981.94,7380016,1967.6860000000001,1958.2239999999997,1910.909,1888.7244,1946.3204121816489,1911.364289431352,53.18697259716595,55.37615455122331,34.9561227502968,31.25468575828658,3.701436992010219,1910.909,72.86470070940605,2056.638401418812,1765.179598581188,0.7437085423658615,0.1525236433746827,77.47928571428574,14537023.1,0.5076703422401287,319123561.0,0.012030351617152935,0.012028618424366084,0.012340508126545241,-0.006511506669406919,0.04073263073877453,0.006868452870830488,78.66896650817563,74.55592361442325,0,0,-0.021403271542024482,NVDA,US,Semiconductors
2025-06-25,1989.49,2008.42,2006.31,2007.25,61259871,1969.7,1962.8509999999999,1917.1190000000001,1890.9160000000002,1955.6941949229335,1918.4669346598942,60.629057158268694,61.73750075569796,37.2272602630394,32.44920065923715,4.778059603802248,1917.1190000000001,75.60639418098347,2068.331788361967,1765.9062116380333,0.7980270418116026,0.15775002841439473,71.58714285714288,16816377.1,3.642869507078935,380383432.0,0.01277031595305611,0.0010511894382857522,0.00892691091686365,0.02359534518455053,0.06595682536310776,0.005042109374217674,90.79584111882134,78.94846118180438,0,0,-0.0006127786772948118,NVDA,US,Semiconductors
2025-06-26,2013.83,1900.26,1852.4,1873.67,13537573,1956.7900000000002,1954.986,1920.0700000000002,1888.7875999999999,1943.0750880117132,1915.1486432030715,52.37483128735782,27.147244939495977,27.92644480864169,31.544649489118058,-3.6182046804763672,1920.0700000000002,72.48374104436863,2065.0374820887373,1775.102517911263,0.33996411011699235,0.15100228855058578,77.2757142857143,16710588.85,0.8101193986279306,366845859.0,-0.06654876074230909,0.025543452155381872,-0.0695987248178497,-0.04028540403212577,0.03252417821618492,-0.033303752927944186,13.448139126417908,60.97098225113831,1,1,0.07823149220513748,NVDA,US,Semiconductors
2025-06-27,1885.87,1848.73,1744.67,1790.92,6437052,1922.432,1944.538,1919.4965,1886.0420000000001,1919.6666129329883,1905.9465214829534,40.88159166744628,24.95068362696415,13.720091450034943,27.979737881301432,-14.25964643126649,1919.4965,73.50206715852666,2066.5006343170535,1772.4923656829467,0.06267726551569847,0.1531694736791412,76.76071428571429,16121027.6,0.3992953650612592,360408807.0,-0.04416466079939374,0.05810421459358421,-0.05034811519349132,-0.055122929197003234,-0.006363772546452262,-0.08752693979242987,16.412931615683977,40.21897062030775,1,1,0.12931900922430928,NVDA,US,Semiconductors
2025-06-30,1784.05,1939.8,1919.69,1928.63,5523507,1916.482,1940.732,1927.214,1884.7894000000001,1921.0455955586822,1907.6267791511148,45.20953757225434,45.81573519300659,13.41881640756742,25.06755358655463,-11.648737178987211,1927.214,65.07199109648296,2057.3579821929657,1797.070017807034,0.5054401286007805,0.1350591913434609,81.07142857142857,15713800.95,0.3515067211344101,365932314.0,0.07689344024300371,0.010427090732794507,0.08104032958712991,-0.019352312769170488,0.0869930337939897,-0.015191127360369316,65.28265729775622,31.714576013286045,1,1,0.08076717670055955,NVDA,US,Semiconductors
2025-07-01,1891.61,1963.99,1919.94,1939.52,5837016,1907.998,1937.842,1935.4009999999998,1883.9928,1923.8878116265773,1909.9892399550379,48.39596974317576,47.72112131464474,13.898571671539457,22.8337572035516,-8.935185532012142,1935.4009999999998,54.450150248671015,2044.3013004973418,1826.5006995026579,0.5189117935426715,0.11253512889296399,81.65357142857142,15686681.5,0.372100091909172,371769330.0,0.005646495180516631,0.022711804982664393,0.02532763095985682,-0.014681826033062118,0.09220736802982343,-0.021403271542024482,69.1472373041302,50.280942072523466,1,1,0.06934705494142879,NVDA,US,Semiconductors
2025-07-02,1959.62,2043.87,1975.74,2006.02,10951818,1907.752,1938.726,1938.4065000000003,1884.6572,1936.5235329147963,1917.1026295888398,53.69437794105507,52.63607303936594,19.420903325956488,22.151186428032577,-2.73028310207609,1938.4065000000003,56.67427795605061,2051.7550559121014,1825.0579440878992,0.7982547922870494,0.11695024331794454,82.72285714285712,15424835.55,0.7100119320227092,382721148.0,0.03428683385579934,0.03396277205609412,0.023678060032034993,0.004426240999809705,0.030890431726030343,-0.0006127786772948118,87.34959893018937,73.92649784402526,1,1,0.04330465299448649,NVDA,US,Semiconductors
2025-07-03,1984.79,2024.06,2017.2,2020.25,14395587,1937.068,1946.929,1944.7710000000002,1886.1330000000003,1949.4045278509816,1924.743175546059,59.1252612960283,51.45851097249024,24.661352304922502,22.653219603410566,2.0081327015119363,1944.7710000000002,58.42239061576241,2061.615781231525,1827.9262187684753,0.8229883234990923,0.12016302303095301,78.41999999999997,15250725.1,0.9439279746818088,397116735.0,0.007093648119161244,0.0033956193540386113,0.017865869940891566,0.04232233698960908,0.06724389316203183,0.07823149220513748,92.10561497295423,82.86748373575794,1,1,0.06377923524316298,NVDA,US,Semiconductors
2025-07-04,1973.5,2059.62,1992.84,2022.52,14924339,1983.3879999999997,1952.9100000000003,1953.6915000000001,1889.2659999999998,1960.6530620277535,1931.9859032841227,54.53850781211894,73.67583903292508,28.667158743630807,23.856007431454618,4.8111513121761895,1953.6915000000001,55.805631886582034,2065.3027637731643,1842.080236226836,0.8083402950220004,0.11425679414903228,75.48357142857141,15436219.6,0.9668389294721533,412041074.0,0.0011236233139462204,0.03301821490020714,0.024839118317697056,0.030473172297486695,0.09674585572444161,0.12931900922430928,88.22035243661466,89.22518877991943,1,1,0.03063010501750285,NVDA,US,Semiconductors
2025-07-07,2034.32,2111.24,2062.92,2084.4,5394799,2014.5420000000001,1965.512,1962.5175,1892.6792,1979.6910524850223,1943.2758363752484,58.588311957584196,100.0,36.41521610977384,26.367849167118468,10.04736694265537,1962.5175,61.81430398887547,2086.146107977751,1838.888892022249,0.9929380909188187,0.12598981459037997,80.00214285714283,15193080.0,0.35508261951608106,417435873.0,0.03059549472934764,0.023181730953740418,0.024617562625336986,0.06434910487239454,0.09252154223536069,0.08076717670055955,92.67806967266102,91.00134569407665,1,1,0.042266359623872596,NVDA,US,Semiconductors
2025-07-08,2059.28,2075.62,2072.74,2074.02,5541619,2041.4419999999998,1974.72,1966.4719999999998,1896.7914,1994.2031982565572,1952.9605892371837,55.84921746544058,93.75263316280463,41.2426090193735,29.342801137569484,11.89980788180402,1966.4719999999998,66.35971801277006,2099.19143602554,1833.7525639744597,0.9051704980813764,0.13498227894978693,76.6892857142857,14842217.3,0.37336864934805597,411894254.0,-0.004979850316637946,0.0013886076315554915,0.007157841575692777,0.046459529551853285,0.03964550134591183,0.06934705494142879,89.84641405436935,90.24827872121502,1,1,0.020805006701960505,NVDA,US,Semiconductors
2025-07-09,2056.37,2113.71,2076.23,2092.89,13271970,2058.816,1983.284,1973.0674999999999,1900.8984000000003,2009.3857831401635,1963.325730776005,62.539116335630304,94.0389364268075,46.06005236415854,32.6862513828873,13.373800981271238,1973.0674999999999,72.09276464716265,2117.253029294325,1828.8819707056746,0.9155149985769075,0.14615367116862676,75.0842857142857,15067178.2,0.8808530000094511,425166224.0,0.009098272919258132,0.01790825126976674,0.01775944990443462,0.04266533814920903,0.0672673867148057,0.04330465299448649,94.3583351395665,92.29427295553232,0,1,-0.05446057843460472,NVDA,US,Semiconductors
2025-07-10,2115.93,2269.2,2053.02,2149.1,13372174,2084.5860000000002,2010.827,1982.9065000000003,1904.235,2030.880278041677,1977.0867877565863,64.37152065631409,93.66455078124994,53.793490285090684,36.907699163327976,16.885791121762708,1982.9065000000003,81.87629676110949,2146.6590935222193,1819.1539064777812,1.0074530315040229,0.16516421074028095,85.57142857142856,14622585.8,0.9144875789008823,438538398.0,0.026857598822680684,0.10059094504671688,0.01567632199552178,0.14700027219307543,0.10079290280281916,0.06377923524316298,77.1033115358948,87.10268690994356,0,0,-0.1172397747894467,NVDA,US,Semiconductors
2025-07-11,2140.63,2142.69,2037.9,2084.47,11071553,2096.9759999999997,2040.182,1992.36,1907.7268,2039.1248506506495,1985.0410997751662,58.89498709031136,64.98786407766983,54.08375087548325,40.34290950575903,13.740841369724215,1992.36,82.15556975703304,2156.671139514066,1828.0488604859338,0.7802914040752983,0.16494121495511216,85.47714285714281,14739072.65,0.7511702066839187,427466845.0,-0.030073053836489727,0.0502717717213247,-0.026235267187684968,0.16391016907511213,0.0997520312335125,0.03063010501750285,64.78180466309878,78.74781711285338,0,0,-0.09147649042682304,NVDA,US,Semiconductors
2025-07-14,2076.11,2199.23,2151.11,2172.5,13968359,2114.596,2064.569,2002.6504999999997,1913.18,2059.6441043967034,1998.9269442371528,62.32217681444312,74.99666666666663,60.71716015955053,44.41775963651734,16.299400523033192,2002.6504999999997,91.16635982034256,2184.983219640685,1820.3177803593146,0.9657680210489621,0.18209140300875687,91.04571428571425,12787519.8,1.0923430130412768,441435204.0,0.04223135857076388,0.02214959723819459,0.0464281757710109,0.12644727086066276,0.10464791095698867,0.042266359623872596,81.56444817249432,74.48318812382932,0,0,-0.06293670886075953,NVDA,US,Semiconductors
2025-07-15,2168.17,2172.63,2072.81,2117.17,8379861,2123.2259999999997,2082.334,2010.0880000000002,1917.2885999999999,2068.494242181826,2007.685689108993,56.84211836765182,55.58357471460213,60.808553072832865,47.69591832378045,13.112634749052418,2010.0880000000002,94.24253669178627,2198.5730733835726,1821.6029266164276,0.7840596289057357,0.18753912603177444,96.2842857142857,12329269.65,0.6796720777639835,433055343.0,-0.025468354430379758,0.04714784358362957,-0.02352214079153225,0.09159482758620685,0.07556822222899595,0.020805006701960505,71.01595714244944,72.45406999268086,0,0,-0.04891907593627354,NVDA,US,Semiconductors
2025-07-16,2096.87,2050.61,1921.55,1978.91,4471431,2100.43,2079.623,2009.1744999999999,1919.1092,2054.7120510769296,2005.5541565822841,56.51285986583162,38.71312273040136,49.15789449464546,47.988313557953454,1.1695809366920074,2009.1744999999999,94.46252955118206,2198.099559102364,1820.2494408976358,0.4199034258763374,0.1880623699955081,99.19642857142857,12175542.8,0.36724692329553277,428583912.0,-0.06530415601959216,0.06521772086650476,-0.0562552757204517,-0.013514321891107683,-0.009147898536937094,-0.05446057843460472,44.65712161354995,65.74584230949792,1,1,0.015427684937667774,NVDA,US,Semiconductors
2025-07-17,1981.58,1955.35,1850.57,1897.14,12200589,2050.0379999999996,2067.312,2007.1204999999998,1919.6678,2030.4701970650942,1997.523478316522,56.58149102805592,29.787497676723902,32.946718748572266,44.97999459607722,-12.033275847504953,2007.1204999999998,96.51098385674773,2200.142467713495,1814.0985322865042,0.2151088518498063,0.19233719919994766,99.14928571428572,12263892.75,0.9948381198263399,416383323.0,-0.04132072706692069,0.05523050486518904,-0.04261246076361147,-0.060938002722435325,-0.021194704419518873,-0.1172397747894467,11.124381912402105,42.26582022280051,1,1,0.03523725186333104,NVDA,US,Semiconductors
2025-07-18,1869.26,1914.57,1877.16,1893.79,6365721,2011.902,2054.439,2003.6744999999999,1921.1873999999998,2009.4424744396952,1989.8395169593814,47.41005055010407,20.407075132716713,19.602957480313762,39.90458717292453,-20.301629692610767,2003.6744999999999,99.36827871873268,2202.4110574374654,1804.9379425625345,0.22354230792490237,0.19837209829976502,91.18714285714286,12234932.15,0.5202906237374906,410017602.0,-0.0017658159123734585,0.019754038198522592,0.013122840054346024,-0.06364831991772646,-0.035114713839538236,-0.09147649042682304,10.324152592957217,22.035218706303098,1,1,0.06824410309485218,NVDA,US,Semiconductors
2025-07-21,1890.89,2058.2,2017.83,2035.77,13221802,1984.5559999999998,2049.576,2007.5440000000003,1927.9512,2013.4928629874344,1993.2417749625383,55.988005325436426,45.21347696178646,20.251088024896035,35.97388734331883,-15.722799318422794,2007.5440000000003,99.01783738295552,2205.5796747659115,1809.5083252340892,0.5712649375744877,0.19729149126077683,99.78428571428572,12375332.85,1.0683996213968805,423239404.0,0.0749713537403831,0.019830334468029325,0.07662000433654166,-0.0233304548071388,0.039517356182150465,-0.06293670886075953,44.239543271996205,21.896025925785185,1,0,0.0246000284904484,NVDA,US,Semiconductors
2025-07-22,2022.24,2035.38,1996.17,2013.6,14477235,1963.8419999999999,2043.534,2009.127,1934.1376,2013.509345604752,1994.7497916320406,50.49910450906025,32.05979316262476,18.7595539727115,32.53102066919736,-13.77146669648586,2009.127,98.83987657342583,2206.8067531468514,1811.4472468531483,0.5113137535035414,0.19678173967773385,95.15928571428572,12730193.8,1.1372359360910957,408762169.0,-0.010890228267436908,0.01947258641238606,-0.004272489912174533,-0.029131830937020875,0.015974247454514146,-0.04891907593627354,38.94369729823725,31.1691310543969,1,1,0.07218911402463246,NVDA,US,Semiconductors
2025-07-23,2019.59,2043.56,1982.15,2009.44,9890521,1969.9479999999999,2035.1889999999999,2009.2364999999998,1937.4468000000002,2012.8832924347903,1995.8379552148929,49.2786504557648,36.248053307462534,17.04533721989742,29.43388397933737,-12.38854675943995,2009.2364999999998,98.83890078382758,2206.914301567655,1811.5586984323445,0.5005147264839197,0.19676907279711164,98.25714285714285,10161726.3,0.9733110039274523,398871648.0,-0.002065951529598653,0.030560753244669805,-0.005025772557793829,-0.03987309414254925,0.0010910449620127327,0.015427684937667774,37.949979695583366,40.37774008860561,1,1,0.09471793136396212,NVDA,US,Semiconductors
2025-07-24,1982.47,1993.14,1940.67,1963.99,10392261,1983.318,2016.6779999999999,2013.7525,1940.9438,2005.3612474448225,1993.4788474211157,46.30711572677831,47.50401498929335,11.88240002370685,25.92358718821127,-14.041187164504418,2013.7525,94.27689413160934,2202.306288263219,1825.1987117367814,0.36804163295064546,0.18726609974475522,98.39928571428571,10004460.7,1.0387626352750194,388479387.0,-0.022618241898240354,0.026716021975658383,-0.009321704742059499,-0.08613373039877159,0.04820485998067969,0.03523725186333104,27.093137137741962,34.66227137718754,1,1,0.07171115942545536,NVDA,US,Semiconductors
2025-07-25,1978.64,2118.38,1946.75,2023.03,5062867,2009.166,2010.534,2025.3580000000002,1944.9962,2008.0795170686963,1995.6678216862883,46.11400276078669,72.7937715009958,12.41169538240797,23.22120882705061,-10.80951344464264,2025.3580000000002,78.34220443532891,2182.042408870658,1868.6735911293424,0.4925710540784736,0.15472268001072453,104.32142857142858,9935751.45,0.5095605013790375,393542254.0,0.03006125285770289,0.08483808940051075,0.022434601544483804,-0.029475118375414278,0.1296037790632747,0.06824410309485218,41.1962831138686,35.41313331573132,1,1,0.04694443483289912,NVDA,US,Semiconductors
2025-07-28,1999.0,2092.82,2080.26,2085.85,6162638,2019.182,2001.8690000000001,2033.2189999999998,1949.991,2020.0442067504353,2002.3479830430574,50.70243566449346,78.61271676300578,17.69622370737784,22.11621180311606,-4.419988095738219,2033.2189999999998,75.97769360319215,2185.174387206384,1881.2636127936155,0.6731791184469299,0.14947272006243253,108.47357142857143,9967708.0,0.6182602240896078,399704892.0,0.031052431254108948,0.006021525996593199,0.04344672336165906,-0.03988492520138098,0.08151900571908555,0.0246000284904484,56.202374411637486,41.49726488774937,0,1,-0.012292350840184985,NVDA,US,Semiconductors
2025-07-29,2129.66,2216.69,2112.78,2158.96,3792744,2048.254,2006.048,2044.191,1957.2274,2041.4158672503681,2013.9488731883343,53.68566678939207,73.0909090909091,27.46699406203379,23.18636825489961,4.280625807134182,2044.191,77.56260268832426,2199.3162053766487,1889.0657946233514,0.8699237648725993,0.1517717330489888,114.98428571428573,9865494.4,0.3844453670314417,403497636.0,0.035050459045473215,0.0481296550190609,0.01375806466759315,0.01973861333761584,0.1131413958092724,0.07218911402463246,73.66648352943257,57.02171368497957,0,0,-0.04084837143809983,NVDA,US,Semiconductors
2025-07-30,2187.11,2253.44,2156.83,2199.77,3957937,2086.32,2028.134,2053.8785,1965.5997999999997,2065.778041519542,2027.713401100659,52.87600322393888,82.6167700339886,38.06464041888307,26.162022687696307,11.902617731186766,2053.8785,84.34703883828307,2222.5725776765657,1885.1844223234336,0.9324144095881745,0.16426879942166386,106.44357142857146,9515800.35,0.41593312580027747,407455573.0,0.018902619779894048,0.04391822781470618,0.005788460571253419,0.11160689470466068,0.09658428131324714,0.09471793136396212,86.67808474176117,72.1823142276104,0,0,-0.07706260199929993,NVDA,US,Semiconductors
2025-07-31,2222.34,2106.47,2103.52,2104.83,15366580,2114.488,2048.903,2058.1074999999996,1970.835,2071.7860351319205,2033.4257417600038,51.11718355611159,62.6791078501741,38.36029337191667,28.601676824540384,9.758616547376285,2058.1074999999996,84.69186463600661,2227.491229272013,1888.7237707279864,0.637919091167047,0.16460144017932096,105.37571428571434,9564350.0,1.6066516170307845,392088993.0,-0.043159057537833556,0.001401538366518159,-0.05287669753500694,0.10947531547487266,0.04186610567999005,0.07171115942545536,63.112170178809244,74.48557948333433,0,0,-0.057206520241539605,NVDA,US,Semiconductors
2025-08-01,2086.79,2150.14,2092.28,2118.0,3389833,2133.482,2071.3239999999996,2062.8815,1976.2688,2078.895875880856,2039.6905016297696,46.74183366014635,72.39233475820755,39.20537425108614,30.72241630984954,8.482957941236602,2062.8815,85.26934003650142,2233.420180073003,1892.3428199269972,0.6616011686490819,0.16534025834534868,101.31142857142858,8987624.7,0.377166685969132,395478826.0,0.0062570373854420325,0.027318224740308004,0.014955985029631674,0.11839221877821715,0.0472084330439253,0.04694443483289912,66.38121478376057,72.05715656811033,0,0,-0.05142115203021724,NVDA,US,Semiconductors
2025-08-04,2090.87,2092.46,2034.42,2060.21,4318093,2128.3540000000003,2073.768,2061.672,1980.5834000000002,2076.0211257453398,2041.2104644720396,46.60475429770391,55.425519495680604,34.810661273300184,31.54006530253967,3.270595970760514,2061.672,85.11947637846885,2231.9109527569376,1891.4330472430624,0.4957060356140022,0.16514649542396173,100.15142857142857,8933789.4,0.4833438895096531,391160733.0,-0.02728517469310665,0.028171885390310594,-0.014663752409277092,0.012005285469380178,-0.011605258107848848,-0.012292350840184985,52.036637128473124,60.51000736368099,0,0,-0.034724615451822816,NVDA,US,Semiconductors
2025-08-05,2058.46,2076.92,2065.84,2070.77,7441474,2110.7160000000003,2079.4849999999997,2061.5095,1983.9114,2075.213260246057,2043.4000596963738,56.45882551468105,47.403402438184465,31.813200549683188,31.594692351968376,0.21850819771481156,2061.5095,85.09776182811886,2231.7050236562377,1891.3139763437623,0.5272054746227557,0.16511737991617806,87.37214285714285,9028782.15,0.8241945649121055,398602207.0,0.005125691070327676,0.005350666660225219,0.005980198789383309,0.028391934843067235,-0.0015670051397768114,-0.04084837143809983,54.65783006911743,57.69189399378371,0,0,-0.022141522235690103,NVDA,US,Semiconductors
2025-08-06,2050.68,2055.48,2010.06,2030.25,7342706,2076.8120000000004,2081.566,2058.3775,1986.8553999999997,2068.295835592817,2042.425981200329,59.93550987505037,25.03588191939174,25.86985439248815,30.449724760072332,-4.579870367584181,2058.3775,85.0347249115726,2228.446949823145,1888.308050176855,0.41730584173210683,0.16524612207727926,82.54142857142855,8732318.95,0.8408654334750986,391259501.0,-0.019567600457800705,0.02237162910970457,-0.00996254900812895,0.010356119117764129,-0.029929905537319113,-0.07706260199929993,40.68512809599051,49.12653176452702,1,0,0.020820096047284853,NVDA,US,Semiconductors
2025-08-07,2038.78,2013.13,1961.45,1984.42,12826613,2052.7300000000005,2083.609,2050.1434999999997,1990.2507999999998,2055.39186088623,2038.1292418520875,56.36133922931144,9.029336783227421,17.262619034142517,27.81230361488637,-10.549684580743854,2050.1434999999997,83.75099341278842,2217.6454868255764,1882.641513174423,0.3038127748635524,0.1634051341532874,84.78357142857142,8705040.9,1.4734694154659955,378432888.0,-0.02257357468292076,0.026042873988356304,-0.026663004345723048,0.010402293290699083,-0.07662742543390244,-0.057206520241539605,13.987914441877457,36.44362420232847,1,1,0.0029882786910029324,NVDA,US,Semiconductors
2025-08-08,1992.46,2026.3,1995.33,2009.09,4656823,2030.9479999999999,2082.215,2046.3745000000004,1994.3848,2048.268497672964,2035.9781869000492,47.75813390696423,25.137633738443924,12.290310772914609,24.70790504649202,-12.41759427357741,2046.3745000000004,83.82102584327157,2214.0165516865436,1878.732448313457,0.38879729272788993,0.16384298346804194,76.03142857142856,8384304.4,0.5554214425443043,383089711.0,0.012431844065268427,0.01541493910177474,0.008346466177484885,-0.006890654117833184,-0.036162669647440304,-0.05142115203021724,21.87549956830294,25.516180702056975,1,1,0.016798650135135818,NVDA,US,Semiconductors
2025-08-11,2007.88,2044.2,1944.25,1988.67,22675485,2016.6399999999999,2072.497,2037.1830000000002,1998.6726,2039.0994980309695,2032.4738767592564,47.89900385983247,17.633515190950433,6.625621271713044,21.091448291536228,-14.465827019823184,2037.1830000000002,79.2151690749713,2195.613338149943,1878.7526618500576,0.3468948543351806,0.15553864149648305,80.34214285714286,8819660.7,2.5710152805520874,360414226.0,-0.010163805503984324,0.05025972132125983,-0.00956730481900834,-0.046590119136083574,-0.08461680092059831,-0.034724615451822816,15.346740416231269,17.070051475470564,1,1,0.13301855008623842,NVDA,US,Semiconductors
2025-08-12,1999.99,2028.02,2022.44,2024.92,8150430,2007.47,2059.093,2032.5704999999998,2003.6554,2036.9180367954357,2031.9143303326377,51.237647510313735,40.10098176718091,5.003706462797936,17.87389992578857,-12.870193462990635,2032.5704999999998,76.96642299181659,2186.503345983633,1878.6376540163667,0.4751498780147012,0.15146618135366768,78.76642857142858,8808189.15,0.9253240292502086,368564656.0,0.01822826311052106,0.0027556644213090746,0.012465062325305426,-0.062085448549301536,-0.04357231587449284,-0.022141522235690103,26.93672666807259,21.38632221753561,1,1,0.1548406850641013,NVDA,US,Semiconductors
2025-08-13,2049.69,2121.13,2033.62,2072.52,24359574,2015.9239999999998,2046.368,2037.2510000000002,2006.1876000000002,2042.3952619038303,2034.9221577154408,58.64739534364891,50.406428538250736,7.47310418838947,15.79374077830875,-8.32063658991928,2037.2510000000002,76.37550819193473,2190.00201638387,1884.4999836161307,0.6154460403417277,0.1499579741365149,80.72642857142857,9802596.3,2.485012212018543,392924230.0,0.023507101515121587,0.0422239592380088,0.011138269689557343,-0.05784695672729423,0.04730381876891809,0.020820096047284853,41.48581778181219,27.923094955372022,1,1,0.10410032231293309,NVDA,US,Semiconductors
2025-08-14,2085.12,2005.61,1978.15,1990.35,14834317,2017.11,2034.92,2041.9115000000002,2008.1354,2034.3882985340101,2031.6205164031498,47.48870377770264,42.2355413715264,2.767782130860269,13.188549048819054,-10.420766917958785,2041.9115000000002,69.9493625323459,2181.810225064692,1902.0127749353082,0.3157184778614926,0.1370272169627561,75.20785714285714,9934282.7,1.4932447520096492,378089913.0,-0.03964738579121074,0.013796568442729175,-0.045450621546939525,-0.05438919057596103,0.04913185110218521,0.0029882786910029324,14.909925935460656,27.777490128448488,1,1,0.20159770894566287,NVDA,US,Semiconductors
2025-08-15,1957.58,2098.85,1998.02,2042.84,16889753,2023.86,2027.404,2049.364,2012.1100000000004,2035.6885602980085,2032.4515892621841,46.641575437664955,61.08118361153261,3.2369710358243537,11.198233446220115,-7.961262410395761,2049.364,60.66102593400289,2170.686051868006,1928.0419481319943,0.47311288467338475,0.11839971022028943,77.97285714285712,10460484.3,1.614624227807098,394979666.0,0.026372246087371654,0.04935775684828502,0.04355377558003067,-0.035486307837582665,0.07870460821949643,0.016798650135135818,31.88654225546785,29.42742865758024,1,1,0.2288235985197078,NVDA,US,Semiconductors
2025-08-18,2041.49,2277.15,2234.05,2253.2,6329219,2076.7659999999996,2046.7030000000002,2060.2355,2019.0164000000002,2069.1518587136993,2048.8033233910637,56.059826641631716,77.1661955529836,20.3485353226356,13.028293821503214,7.320241501132385,2060.2355,75.71274282477152,2211.660985649543,1908.8100143504566,1.1371599178669864,0.1469982297164277,85.3635714285714,10115855.15,0.6256730924351865,401308885.0,0.1029742906933484,0.019128350789979046,0.10370366741933397,0.09367491663471195,0.10680479621961214,0.13301855008623842,92.80564734126516,46.53403851073123,1,1,0.11896413988993437,NVDA,US,Semiconductors
2025-08-19,2255.91,2351.19,2328.28,2338.46,4729893,2139.4739999999997,2073.472,2076.4785,2025.8869999999997,2110.5838804500536,2070.2593735104297,58.43582351009088,84.01766090288447,40.324506939623916,18.487536445127358,21.83697049449656,2076.4785,97.02774173425875,2270.533983468518,1882.4230165314827,1.1750169985310597,0.1869082520897029,85.46214285714284,9628488.05,0.49123938090784863,406038778.0,0.03783951713119138,0.009797045919104906,0.03659277187474837,0.12927075435707502,0.16133293603496224,0.1548406850641013,96.87177470856422,73.85465476843241,1,1,0.05054608588558285,NVDA,US,Semiconductors
2025-08-20,2313.54,2319.73,2263.11,2288.27,11529390,2182.624,2099.2740000000003,2090.42,2032.4328,2137.920206534661,2086.4083088060825,61.80012350761631,74.93514117446549,51.51189772857833,25.092408701817558,26.419489026760775,2090.42,106.4616168045037,2303.3432336090073,1877.4967663909927,0.9646040656191354,0.2037133529232455,83.96928571428569,9710431.5,1.1873199262751686,394509388.0,-0.021462843067659887,0.024743583580598073,-0.010922655324735712,0.1270877970693265,0.13876005255195478,0.10410032231293309,84.53826116851491,91.4052277394481,1,1,0.040786270850904804,NVDA,US,Semiconductors
2025-08-21,2264.54,2434.38,2357.36,2391.6,12838684,2262.874,2139.9919999999997,2111.8005,2041.2184000000002,2176.94786706779,2109.01510074654,65.77054320759937,77.32785200411098,67.9327663212498,33.660480225704006,34.272286095545795,2111.8005,121.59678256974252,2354.994065139485,1868.6069348605147,1.0752609034668417,0.2303186926410615,90.27285714285715,9832752.65,1.3057058538225454,407348072.0,0.04515638451756132,0.03220438200366607,0.056108525351702264,0.20518841777446295,0.2177251411667065,0.20159770894566287,91.27170342543552,90.89391310083822,0,1,-0.006882421809667139,NVDA,US,Semiconductors
2025-08-22,2414.15,2541.14,2485.61,2510.29,3664247,2356.364,2190.112,2136.1634999999997,2053.5162,2228.2312721342837,2138.7391673581114,74.24111855570158,91.90901470208924,89.49210477617225,44.82680513579766,44.66529964037459,2136.1634999999997,148.67349207238493,2433.5104841447696,1838.8165158552297,1.129107608195413,0.2783934695491528,94.98428571428573,9762821.65,0.37532659676041535,411012319.0,0.04962786419133636,0.022120950169095054,0.03982354037651349,0.2494661762290391,0.24085653697671305,0.2288235985197078,94.83154350031862,90.21383603142301,0,0,-0.06858570125364005,NVDA,US,Semiconductors
2025-08-25,2496.59,2543.38,2503.55,2521.25,13340960,2409.9739999999997,2243.37,2157.9335,2064.6074,2273.311076421317,2167.0733031095424,74.25221267523742,91.32846109988078,106.23777331177462,57.10899877099307,49.12877454078155,2157.9335,171.1038225687233,2500.1411451374465,1815.7258548625534,1.0308421731096107,0.3171623640277033,96.63571428571429,10121737.75,1.3180502213614238,424353279.0,0.004366029422895323,0.01579771938521929,0.009877472872994755,0.2678071273765883,0.20873984227053732,0.11896413988993437,96.30631081719106,94.13651924764842,0,0,-0.08628656420426384,NVDA,US,Semiconductors
2025-08-26,2519.21,2457.46,2456.01,2456.66,8296872,2433.614,2286.544,2172.8185000000003,2074.3722,2301.5186031257294,2188.5241695459986,72.37644441179248,73.49314119440209,112.99443357973087,68.28608573274064,44.70834784699022,2172.8185000000003,183.68437567210293,2540.1872513442063,1805.4497486557943,0.8863168804648386,0.33814950613135597,96.9592857142857,10346944.15,0.8018668195994061,416056407.0,-0.02561824491819542,0.0005902322665730008,-0.024829212332427766,0.2132133615155165,0.1378904657798199,0.05054608588558285,85.52567890093043,92.22117773948004,0,0,-0.051964862862585726,NVDA,US,Semiconductors
2025-08-27,2481.5,2386.66,2377.55,2381.6,8641197,2452.2799999999997,2317.4519999999998,2181.91,2082.0606,2313.8388180294633,2202.8260829130395,70.22219054213677,55.10146161487155,111.01273511642376,76.83141560947728,34.18131950694648,2181.91,189.49646176393443,2560.9029235278686,1802.917076472131,0.7634481907213668,0.347395560337223,97.69571428571426,10581107.15,0.8166627613573726,407415210.0,-0.03055367857171931,0.003825159556598861,-0.04025790852305454,0.1491324571053596,0.0826586415852566,0.040786270850904804,72.99751306048267,84.94316759286806,1,0,0.01816845817937529,NVDA,US,Semiconductors
2025-08-28,2432.42,2438.01,2324.85,2375.14,20292690,2448.988,2355.9309999999996,2195.4255000000003,2090.799,2323.2697691018534,2215.590076771397,68.98934459396366,61.45770133741326,107.67969233045642,83.0010709536731,24.678621376783312,2195.4255000000003,193.31082185719177,2582.0471437143838,1808.8038562856168,0.7324165019225245,0.352206571085384,102.78714285714285,10827412.65,1.874195505590571,387122520.0,-0.0027124622102787654,0.0476435073300743,-0.023548564803766065,0.1933278066671691,0.12842367317075487,-0.006882421809667139,71.91928296017235,76.81415830719517,1,0,0.024436454272169117,NVDA,US,Semiconductors
2025-08-29,2384.63,2348.21,2330.05,2338.12,10985450,2414.554,2385.459,2206.4315,2098.3072,2325.5544200092604,2224.6663673809653,67.82126209928296,41.45086002941365,100.8880526282951,86.57846728859751,14.309585339697591,2206.4315,194.93005151038105,2596.291603020762,1816.571396979238,0.6688919935368687,0.3533851860078913,98.8685714285714,11207193.5,0.9802140937234559,376137070.0,-0.015586449640863309,0.007766923853348882,-0.019504074007280253,0.14454387029821225,0.10392823418319175,-0.06858570125364005,63.68557932157934,69.53412511407812,1,1,0.01409679571621636,NVDA,US,Semiconductors
2025-09-01,2346.17,2319.79,2290.84,2303.7,32119535,2371.044,2390.5089999999996,2218.6059999999998,2105.2136,2322.1922015462974,2230.5207105379563,64.2438176987533,4.796289002669468,91.67149100834104,87.59707203254622,4.0744189757948135,2218.6059999999998,192.91023815017087,2604.4264763003416,1832.785523699658,0.6102766768826811,0.3478044107878262,99.43499999999996,12597265.6,2.549722572355498,344017535.0,-0.014721229021607107,0.012566740460991993,-0.018101842577469728,0.0224125687910528,0.11818698093883628,-0.08628656420426384,57.59602285784968,64.4002950465338,1,1,0.0342275469896256,NVDA,US,Semiconductors
2025-09-02,2318.4,2448.61,2233.32,2329.0,12567189,2345.5119999999997,2389.5629999999996,2231.5175,2112.1548000000003,2323.239555154559,2237.815472720359,63.410017776848264,10.41795346921974,85.42408243420005,87.16247411287699,-1.7383916786769475,2231.5175,191.1282368319016,2613.773973663803,1849.2610263361967,0.6275092859318179,0.3425977825973867,107.94071428571424,12853551.35,0.9777210733498122,356584724.0,0.010982332769023717,0.0924388149419955,0.004572118702551474,-0.004045397398287798,0.12470240538543642,-0.051964862862585726,62.072076853560354,61.117893010996475,0,1,-0.02519536281665946,NVDA,US,Semiconductors
2025-09-03,2337.3,2560.69,2316.21,2424.87,12859586,2354.1659999999997,2403.223,2251.2485,2120.5072,2338.8750082077036,2251.6713636300137,72.39793814432988,44.20165614854267,87.20364457768983,87.17070820583957,0.032936371850254886,2251.2485,189.62017309610772,2630.4888461922155,1872.0081538077848,0.7289069474576315,0.33691557923707394,118.6628571428571,13129395.35,0.979449904412399,369444310.0,0.0411635895234006,0.10082189973066565,0.037466307277611875,0.05969575268652738,0.1943701514591798,0.01816845817937529,75.86151740793738,65.17653903978248,0,0,-0.11340814146737765,NVDA,US,Semiconductors
2025-09-04,2429.88,2515.53,2367.3,2433.18,13271940,2365.774,2407.3810000000003,2273.6865000000003,2131.6974,2353.3834684834414,2265.1164478056144,71.08077164027563,62.436107628508026,88.26702067782708,87.38997070023709,0.8770499775899907,2273.6865000000003,182.813211582775,2639.3129231655503,1908.0600768344502,0.7181099202546766,0.3216155113428251,121.50071428571425,13151661.7,1.009145406382723,382716250.0,0.0034269878385233543,0.06092027716812529,0.001358091757616989,0.017385850476668407,0.2261416434021022,0.024436454272169117,61.05018786064369,66.32792737404715,0,0,-0.1163415776884571,NVDA,US,Semiconductors
2025-09-05,2453.23,2412.71,2337.77,2371.08,12606883,2372.366,2393.46,2291.7859999999996,2143.3006,2356.1060117936813,2272.9655998200383,57.5801224342816,49.22819557448104,83.14041197364304,86.54005895491828,-3.3996469812752395,2291.7859999999996,172.88802038800208,2637.562040776004,1946.0099592239953,0.6146609230376849,0.3017524679667765,111.57928571428566,13549164.7,0.9304545592796168,370109367.0,-0.025522156190664003,0.0316058504984937,-0.03348646478314981,-0.05545574415704957,0.18017609962719439,0.01409679571621636,42.08082597659499,59.66417708172536,0,0,-0.09297872699360632,NVDA,US,Semiconductors
2025-09-08,2376.07,2396.22,2371.63,2382.55,6215932,2388.136,2379.5899999999997,2311.48,2152.379,2360.1743176715763,2281.0829627963553,53.132415419810464,59.35486587779515,79.09135487522099,85.05031813897882,-5.958963263757838,2311.48,158.36613237750245,2628.212264755005,1994.747735244995,0.6121925485778362,0.27405148628140236,106.37571428571421,12726187.05,0.4884362839507153,376325299.0,0.004837458036000664,0.01032087469307648,0.0027271923806947147,-0.05501239464551311,0.1980620213509532,0.0342275469896256,45.584506826998265,49.57184022141232,0,0,-0.08710835029695074,NVDA,US,Semiconductors
2025-09-09,2408.13,2273.73,2267.6,2270.32,5265353,2376.4,2360.9559999999997,2323.75,2158.995,2346.350576491334,2280.2857062929197,48.82803828625901,44.70629281908151,66.06487019841416,81.2532285508659,-15.188358352451743,2323.75,143.83529685390434,2611.4205937078086,2036.0794062921914,0.40713336509000875,0.24759168904373088,109.20428571428566,12581933.2,0.4184851801243723,371059946.0,-0.047104992549999,0.0027000599034485927,-0.05722697694889508,-0.07585095210570436,0.12118997293720257,-0.02519536281665946,11.302196291623238,32.989176365072176,0,0,-0.08472373938475652,NVDA,US,Semiconductors
2025-09-10,2286.15,2224.95,2089.8,2149.87,8962334,2321.4,2337.7830000000004,2327.6175,2161.872,2316.1227954926667,2270.625283604531,34.56247684978224,28.17776478327609,45.497511888135705,74.10208521831986,-28.604573330184152,2327.6175,137.63067478141505,2602.87884956283,2052.3561504371696,0.17712957107404387,0.23651768347910426,111.6621428571428,11812071.2,0.7587435843814094,362097612.0,-0.053054195003347626,0.06286426621141594,-0.05961113662705447,-0.0973001343634532,0.03732171462760303,-0.11340814146737765,12.756694769451922,23.21446596269115,0,1,-0.024722425076865173,NVDA,US,Semiconductors
2025-09-11,2139.56,2166.28,2137.16,2150.1,9180975,2264.784,2315.279,2335.605,2164.469,2290.5808269553336,2261.6974848189893,22.89644378226258,6.356618698179801,28.883342136344254,65.05833660192474,-36.17499446558048,2335.605,120.61005965288251,2576.825119305765,2094.384880694235,0.11548605370480343,0.20655900231902366,103.06071428571424,11529404.1,0.7963095164381031,371278587.0,0.00010698321293856061,0.013543556113662994,0.004926246517973339,-0.09474809905942383,0.08026226543070325,-0.1163415776884571,12.80553844844267,12.288143169839287,0,0,-0.07858704246314119,NVDA,US,Semiconductors
2025-09-12,2122.6,2163.94,2139.96,2150.62,9181475,2220.692,2296.5289999999995,2340.9939999999997,2167.031,2269.0483920391284,2253.469522980528,21.665672828463542,3.980456026058704,15.578869058600503,55.16244309325989,-39.583574034659385,2340.9939999999997,108.6559567674541,2558.305913534908,2123.6820864650913,0.061979836026153694,0.1856578133346908,101.9285714285714,11143990.2,0.8238946742886876,380460062.0,0.00024184921631542622,0.011150272944541049,0.013200791482138312,-0.0801926333977726,0.052759883299720034,-0.09297872699360632,12.915967635726085,12.826066951206903,0,0,-0.08018152904743736,NVDA,US,Semiconductors
2025-09-15,2101.59,2225.0,2135.02,2175.01,10444102,2179.184,2283.66,2337.0845,2168.8432,2254.580947110032,2247.6577064634403,27.05798022253724,13.595009097998613,6.923240646591694,45.51460260392625,-38.591361957334556,2337.0845,113.28897375040188,2563.662447500804,2110.506552499196,0.14234273064114725,0.19389795063097376,103.69571428571427,11349734.35,0.9202066548626616,390904164.0,0.011340915642930938,0.04136992473595921,0.034935453632709106,-0.05586230846030282,-0.034701757500443686,-0.08710835029695074,18.095521246961944,14.605675777043578,0,0,-0.14402692401414252,NVDA,US,Semiconductors
2025-09-16,2168.88,2105.13,2056.24,2077.97,14230016,2140.714,2258.557,2324.06,2168.9221999999995,2227.410032170027,2235.0882467253846,26.122583790755144,7.084484021867851,-7.678214555357499,34.876039172069504,-42.554253727427,2324.06,127.2376806155283,2578.5353612310564,2069.5846387689435,0.016475782155244048,0.21899207527425882,106.52857142857147,11824740.5,1.203410324022728,376674148.0,-0.04461588682350903,0.02352776989079573,-0.04191564309687875,-0.10778445684843285,-0.11139382328541014,-0.08472373938475652,4.307661809883424,11.77305023085716,0,0,-0.09928921014259096,NVDA,US,Semiconductors
2025-09-17,2103.59,2169.96,2038.14,2096.72,22264806,2130.084,2225.7419999999997,2314.4825,2168.9988,2207.303873374638,2224.838746967931,28.520290078691602,16.791644349223404,-17.534873593293014,24.393856618997,-41.92873021229001,2314.4825,136.91470671360244,2588.311913427205,2040.6530865727952,0.10237562270133384,0.23662258273898085,107.86142857142859,12361511.3,1.801139331471603,398938954.0,0.009023229401772026,0.06286962493796838,-0.0032658455307341635,-0.13532684226370906,-0.08370952728480474,-0.024722425076865173,11.210410487013224,11.204531181286209,0,0,-0.10505933076424123,NVDA,US,Semiconductors
2025-09-18,2099.62,1995.08,1969.96,1981.13,8887350,2096.29,2180.537,2293.959,2165.6394,2172.507892855463,2206.7862471925,25.43658056614423,17.109777015437487,-34.278354337036944,12.659414427790209,-46.937768764827155,2293.959,154.39518685911528,2602.7493737182303,1985.1686262817693,-0.006539430347410855,0.2692204818988447,113.69500000000002,12163944.6,0.7306305283048947,390051604.0,-0.05512896333320605,0.012679632331036939,-0.05643402139432057,-0.18578567964556658,-0.17162987121592232,-0.07858704246314119,1.8908807746315852,5.802984357176089,0,0,-0.07495722138375571,NVDA,US,Semiconductors
2025-09-19,1959.21,2009.6,1953.04,1978.18,22683240,2061.802,2141.2470000000003,2267.3535,2163.5135999999998,2142.6112939546224,2189.852451104142,26.58803222094366,16.84153679987665,-47.241157149519495,0.6793001123282653,-47.92045726184776,2267.3535,160.8660481425394,2589.085596285079,1945.6214037149214,0.05059892479017499,0.28379526728843735,114.35785714285717,13114894.25,1.7295784348716015,367368364.0,-0.0014890491790039428,0.02859193804404622,0.009682474058416579,-0.16570507954181213,-0.21197152520226747,-0.08018152904743736,4.137250061706364,5.746180441117069,0,0,-0.05244214378873513,NVDA,US,Semiconductors
2025-09-22,1980.71,1881.83,1845.68,1861.75,11836800,1999.15,2089.1670000000004,2234.3785,2157.2986,2099.40186411545,2165.5485658371354,20.289191560795118,11.499400239904105,-66.14670172168553,-12.685900254474499,-53.460801467211034,2234.3785,173.20258559133552,2580.783671182671,1887.9733288173288,-0.03785066015002203,0.3100684787134462,108.44428571428575,13039686.25,0.9077518327749771,355531564.0,-0.05885713130251047,0.01941721498588986,-0.060059271675278046,-0.21858932656187702,-0.2615765989092712,-0.14402692401414252,2.247521013688964,2.7585506166756484,1,0,0.03916207868940513,NVDA,US,Semiconductors
2025-09-23,1882.67,1909.95,1841.01,1871.65,8805520,1957.886,2049.2999999999997,2205.1279999999997,2152.3882,2064.363115789996,2143.778301701024,10.504597635501824,7.943769755448358,-79.41518591102795,-26.031757385785195,-53.38342852524275,2205.1279999999997,182.81924376422663,2570.766487528453,1839.4895124715465,0.043978531562417836,0.33162563581641297,95.90571428571432,13065118.65,0.6739716310213814,364337084.0,0.005317577548005881,0.036833809740049274,-0.00585338906977544,-0.17560079636350823,-0.23813226087452066,-0.09928921014259096,4.542489473989602,3.642420183128321,1,1,0.0771885769241043,NVDA,US,Semiconductors
2025-09-24,1886.22,1939.57,1825.94,1876.44,23494325,1913.8300000000004,2021.9569999999999,2179.87,2150.3388,2035.4518672069196,2123.9754645379617,10.052522817289557,12.45855221489515,-88.52359733104208,-38.53012537483658,-49.993471956205504,2179.87,191.8289733343834,2563.5279466687666,1796.2120533312332,0.10455660747453198,0.3520007584567802,93.43428571428574,13807775.05,1.7015285383340208,387831409.0,0.0025592391739908127,0.06055615953611057,-0.005184973120842101,-0.1271844344076618,-0.21210950621430968,-0.10505933076424123,8.606438638634208,5.132149708770935,1,1,0.0964485941463622,NVDA,US,Semiconductors
2025-09-25,1899.82,1890.58,1786.27,1832.63,4600851,1884.1299999999999,1990.2100000000003,2152.7445,2149.0486,2004.2485030212397,2102.394319016608,10.323483899491634,5.005622380481839,-98.14581599536814,-50.453263498942896,-47.69255249642524,2152.7445,200.90559905416495,2554.5556981083296,1750.93330189167,0.10166055412696925,0.37330133521014053,94.07000000000004,13023183.1,0.35328157573999125,383230558.0,-0.023347402528191674,0.05691819952742399,-0.03536650840604082,-0.14765359750709262,-0.2284117988834341,-0.07495722138375571,7.600623001872963,6.916517038165601,1,1,0.1625150739647392,NVDA,US,Semiconductors
2025-09-26,1824.46,1886.76,1864.59,1874.44,11360064,1863.382,1962.592,2129.5605,2148.6616,1984.2779640948952,2085.5088139042496,14.161576549253084,25.71805726250625,-101.23084980935437,-60.608780761025194,-40.62206904832917,2129.5605,205.09785809332732,2539.7562161866545,1719.3647838133454,0.18902588455592323,0.38523978650661667,96.14071428571432,13041913.8,0.8710426478173281,394590622.0,0.022814206904830714,0.01182753248969732,0.027394407112226425,-0.1284187815606661,-0.19831317468735554,-0.05244214378873513,18.087637960000656,11.431566533502618,1,1,0.08688461620537336,NVDA,US,Semiconductors
2025-09-29,1870.86,1959.81,1914.54,1934.66,7793649,1877.964,1938.557,2111.1085,2146.6394,1976.6444311572188,2074.3348276891093,24.450432346851798,42.14326978625073,-97.69039653189043,-68.02510391519824,-29.665292616692184,2111.1085,205.20716231664392,2521.5228246332877,1700.694175366712,0.285036133719328,0.3888140516066261,94.02785714285714,11825619.5,0.6590477852726628,402384271.0,0.0321269285760013,0.023399460370285518,0.034101963802725,-0.11050523905637222,-0.16019446976602847,0.03916207868940513,33.82262439305766,19.836961784977102,1,1,0.11329122429780947,NVDA,US,Semiconductors
2025-09-30,1948.79,2078.12,1966.51,2016.12,12347338,1906.8580000000002,1932.3719999999998,2095.4645,2146.6897999999997,1982.71759559457,2070.022618230653,39.17687614300281,81.89594611347577,-87.30502263608287,-71.88108765937517,-15.423934976707699,2095.4645,199.57072674472516,2494.6059534894503,1696.3230465105498,0.4006060391538636,0.38095749509405646,91.38071428571428,11814626.95,1.045089024576521,414731609.0,0.04210558961264499,0.05535880800743237,0.034549643625000834,-0.02976462605331165,-0.13434091884929156,0.0771885769241043,52.389852528770774,34.76670496060971,1,1,0.08352181417772764,NVDA,US,Semiconductors
2025-10-01,2031.34,2064.0,2052.15,2057.42,19865831,1943.054,1928.4420000000002,2077.0919999999996,2147.6494,1994.2102731954053,2069.0890909543073,42.967706689328665,83.97527341892535,-74.87881775890196,-72.48063367928053,-2.39818407962143,2077.0919999999996,183.95214622572144,2444.9962924514425,1709.1877075485568,0.4732647859727415,0.35424939526151544,92.72071428571427,12164939.2,1.633039757975958,434597440.0,0.020484891772315272,0.005759640715067487,0.012838815757080211,-0.01874356137204769,-0.1515338966625014,0.0964485941463622,61.80338704884144,49.33862132355663,1,1,0.025211186826219256,NVDA,US,Semiconductors
2025-10-02,2078.57,2190.23,2082.65,2130.46,6166290,2002.6200000000001,1943.375,2061.9559999999997,2150.9788,2015.1717696268815,2073.6350842169545,48.621971892601316,87.17656012176562,-58.46331459007297,-69.67716986143903,11.213855271366057,2061.9559999999997,164.5403421464799,2391.0366842929593,1732.8753157070398,0.6040838968512835,0.3191927318456846,100.49428571428568,11809656.7,0.5221396044357831,440763730.0,0.035500772812551595,0.05049613698447726,0.02496427832595241,0.07537617420361098,-0.12441331919545606,0.1625150739647392,78.45143938167337,64.21489298642854,0,1,-0.006970325657369769,NVDA,US,Semiconductors
2025-10-03,2150.23,2069.16,2011.81,2037.3,7601134,2035.1919999999998,1949.2869999999998,2045.2670000000003,2151.2642,2018.5761127612072,2070.943596497178,41.39581380818493,76.17330366505536,-52.367483735970836,-66.21523263634539,13.847748900374555,2045.2670000000003,147.59061020980164,2340.448220419604,1750.085779580397,0.4865049002962286,0.28864810356736703,102.54214285714284,11559369.25,0.6575733656424751,433162596.0,-0.04372764567276555,0.028150002454214774,-0.05251996298067999,0.029886056880567002,-0.1407712940938306,0.08688461620537336,62.142291315818035,67.46570591544429,1,1,0.00923771658567718,NVDA,US,Semiconductors
2025-10-06,2033.85,2157.51,2150.9,2153.84,8619867,2079.028,1978.4959999999999,2033.8314999999998,2152.624,2039.3859415671755,2077.084070830724,54.627630375114386,79.99656445933178,-37.69812926354871,-60.51181196178605,22.813682698237344,2033.8314999999998,127.5868408605908,2289.0051817211815,1778.6578182788182,0.73515062209745,0.2509290289987703,102.64499999999997,11679566.0,0.7380296718191693,441782463.0,0.05720316104648315,0.003068937339819605,0.05899648449981132,0.1568900228279846,-0.0959937881681392,0.11329122429780947,90.9916823445614,77.19513768068428,0,0,-0.026362218177766295,NVDA,US,Semiconductors
2025-10-07,2161.88,2220.17,2155.99,2184.51,25717996,2112.7060000000006,2009.7820000000004,2029.541,2153.135,2061.7127197876102,2085.0415470654902,55.27793475777655,78.64135543480754,-23.32882727788001,-53.07521502500485,29.746387747124842,2029.541,120.45935527233986,2270.4597105446796,1788.6222894553202,0.821620931078408,0.23741201635696052,97.96714285714282,12702198.15,2.024688457195225,467500459.0,0.01423968354195293,0.029379586268760916,0.010467741040200955,0.16715732108033032,-0.03779643398287469,0.08352181417772764,91.78151647823977,81.63849671287308,0,0,-0.024513506461403378,NVDA,US,Semiconductors
2025-10-08,2228.21,2116.74,2103.33,2109.29,9384811,2123.08,2033.0669999999998,2027.512,2151.3254,2069.032301358747,2086.837728764344,58.09806647289269,60.83548484637032,-17.805427405596674,-46.02125750112322,28.21583009552655,2027.512,118.65411189448888,2264.8202237889777,1790.2037762110222,0.6723033418177016,0.23408810777826297,94.71142857142857,12723322.0,0.7376069129110374,458115648.0,-0.034433351186307304,0.006357589520641305,-0.05337019401221012,0.1240913644987316,-0.01887555991757639,0.025211186826219256,74.44572482121583,85.73964121467235,1,0,0.01976494460221212,NVDA,US,Semiconductors
2025-10-09,2119.45,2221.53,2030.87,2115.61,15314569,2120.11,2061.365,2025.7875,2151.541,2076.198101149709,2088.9690081151343,58.64698554116803,57.36675528547917,-12.770906965425183,-39.37118739398362,26.600280428558435,2025.7875,117.01802132351186,2259.8235426470237,1791.751457352976,0.691898860926263,0.23105685334410275,104.29000000000003,13030001.7,1.1753312223028167,473430217.0,0.0029962688866871368,0.09012057987999214,-0.0018117907947806644,0.1544119653176037,-0.01604111436677358,-0.006970325657369769,75.66511969839713,80.63078699928425,0,1,-0.025103870751225443,NVDA,US,Semiconductors
2025-10-10,2122.32,2093.38,2026.31,2056.12,8822714,2123.8740000000003,2079.5330000000004,2021.0625000000005,2150.3034,2073.1091625112927,2086.535748254753,63.17351876702857,40.25432616675407,-13.426585743460237,-34.182267063878946,20.75568132041871,2021.0625000000005,113.56925176318097,2248.2010035263625,1793.9239964736385,0.5771720766297852,0.22477137993134755,101.20428571428576,13012063.65,0.6780410516942827,464607503.0,-0.028119549444368452,0.03261969145768124,-0.03119228014624047,0.0969249482512109,-0.043940817066706384,0.00923771658567718,61.997426825203284,70.70275711493876,0,1,-0.004260451724607539,NVDA,US,Semiconductors
2025-10-13,2049.17,2104.91,2090.78,2097.06,12090744,2112.518,2095.773,2017.1650000000002,2151.0404,2076.7939067403245,2087.315322458105,64.6604315985275,59.077100674403034,-10.521415717780656,-29.450096794659288,18.928681076878632,2017.1650000000002,109.26392506700805,2235.692850134016,1798.6371498659842,0.6828027868079971,0.21666829449639238,99.76500000000003,13094395.75,0.9233525019012426,476698247.0,0.01991128922436447,0.006738004635057136,0.02337043778699498,0.08394239814747806,-0.035838915683146455,-0.026362218177766295,71.40329917733901,69.68861523364647,1,0,0.0320114827425062,NVDA,US,Semiconductors
2025-10-14,2079.39,2133.02,2129.31,2130.96,18554092,2101.808,2107.257,2019.8145,2152.2442,2085.1271518571975,2090.548261535284,65.94976688223792,45.35977934615072,-5.421109678086395,-24.644299371344708,19.223189693258313,2019.8145,111.43682611920735,2242.6881522384147,1796.9408477615852,0.749346432121898,0.2206872484956459,94.2171428571429,13310599.55,1.3939334991162362,495252339.0,0.016165488827215357,0.0017409993617891915,0.024800542466769278,0.0569608951848104,0.025500849386661084,-0.024513506461403378,79.19174746110555,70.86415782121595,1,0,0.053661260652475784,NVDA,US,Semiconductors
2025-10-15,2092.79,2187.53,2121.75,2150.98,17924895,2110.1459999999997,2116.6130000000003,2022.5275000000001,2154.6588,2095.2583592637825,2095.024686606746,70.56285444844912,42.892873797108805,0.23367265703654994,-19.668704965668457,19.902377622705007,2022.5275000000001,114.03782455948254,2250.603149118965,1794.4518508810352,0.7816006454336935,0.22553527615209404,91.46500000000006,13093604.0,1.3689808879983778,513177234.0,0.009394826744753448,0.030581409404071454,0.027804987600271527,0.04547442913940758,0.025878515013926684,0.01976494460221212,80.2347733510387,76.94327332982776,1,1,0.026113678416349817,NVDA,US,Semiconductors
2025-10-16,2111.06,2093.64,2037.59,2062.5,10767977,2099.524,2109.817,2026.5960000000002,2156.2204,2090.218611684739,2092.615450561801,61.45645499293336,40.61007425245839,-2.396838877062237,-16.214331747947213,13.817492870884976,2026.5960000000002,113.93462508684709,2254.4652501736946,1798.726749826306,0.5787820207686051,0.22487881173512805,95.69785714285722,13187635.35,0.8165206193299378,502409257.0,-0.04113473858427319,0.027175757575744378,-0.023002662169704768,-0.031899214254198616,0.041072519218829706,-0.025103870751225443,48.19700967442521,69.20784349552316,1,1,0.021187878787878756,NVDA,US,Semiconductors
2025-10-17,2071.3,2112.67,1995.11,2047.36,8043915,2097.772,2110.823,2030.0549999999998,2156.9858,2083.6249791178557,2089.2631949646297,57.26459364686466,36.771717641586214,-5.638215846774074,-14.099108567712584,8.46089272093851,2030.0549999999998,113.43642274533953,2256.927845490679,1803.1821545093208,0.5381381032226109,0.22351398902056085,97.99714285714296,12455669.1,0.6458034722676221,494365342.0,-0.0073406060606061585,0.057420287589843876,-0.011557958769849237,0.00493790801551075,0.03497153949590026,-0.004260451724607539,31.703395811968793,53.3783929458109,1,1,0.018472569552985263,NVDA,US,Semiconductors
2025-10-20,2000.56,2176.68,2154.2,2164.19,10839486,2111.1979999999994,2111.858,2045.1770000000001,2160.4962,2096.019597715109,2094.8133286709553,59.128290487639475,67.13710316831055,1.206269044153487,-11.03803304533937,12.244302089492857,2045.1770000000001,109.92359682020545,2265.024193640411,1825.3298063595892,0.7706720928034471,0.2149908723208831,96.98714285714297,12405803.4,0.8737431004474002,505204828.0,0.05706373085339167,0.010387258050351232,0.08179209821245967,0.004805370872488224,0.1624493084463543,0.0320114827425062,74.67538203305944,51.52526250648449,0,0,-0.006907896256798329,NVDA,US,Semiconductors
2025-10-21,2145.54,2269.89,2225.64,2245.31,11371608,2134.068,2117.9379999999996,2063.8599999999997,2164.904,2118.9873519127846,2105.9612302508876,61.04105209961566,70.85150074544993,13.026121661896923,-6.22520210389211,19.25132376578903,2063.8599999999997,110.63007438256214,2285.1201487651238,1842.5998512348754,0.9100376886931099,0.21441391253768863,101.11714285714295,12534107.8,0.9072530150687698,516576436.0,0.03748284577601768,0.019707746369089476,0.046501113938660424,0.0278323285313411,0.19964202708839784,0.053661260652475784,91.05466191101591,65.81114658534806,0,0,-0.03228952794937001,NVDA,US,Semiconductors
2025-10-22,2238.76,2272.14,2155.16,2207.15,21541232,2145.302,2127.7239999999997,2080.3954999999996,2167.5966,2132.5508362338946,2113.45669467675,54.699199745094916,60.58929812369702,19.094141557144667,-1.1613333716847538,20.255474928829422,2080.3954999999996,105.75009426272672,2291.895688525453,1868.8953114745461,0.7996557612617599,0.20332690445191962,99.98642857142866,12436453.15,1.7321040016860432,495035204.0,-0.016995426021351068,0.053000475726591764,-0.014119423252151193,0.04639475842582108,0.17624331180320185,0.026113678416349817,76.54044688273285,80.75683027560275,1,0,0.027052986883537633,NVDA,US,Semiconductors
2025-10-23,2267.15,2119.19,2095.81,2106.2,12302967,2154.042,2126.7830000000004,2094.074,2169.9136000000003,2128.4968614286804,2112.9191617377314,54.18194178057247,44.91921575746572,15.577699690948975,2.1864732408419933,13.391226450106982,2094.074,88.26236853237128,2270.5987370647426,1917.5492629352575,0.5343464610147474,0.1685945549819713,99.46428571428581,12821558.95,0.9595530534488512,482732237.0,-0.04573771605917143,0.011100560250683227,-0.070992214895322,-0.004447889733930288,0.1492772681883412,0.021187878787878756,40.10035014243906,69.23181964539596,1,1,0.10226474218972581,NVDA,US,Semiconductors
2025-10-24,2131.44,2131.61,2048.04,2085.18,25160763,2161.6059999999998,2129.689,2104.611,2170.7603999999997,2121.8327289011913,2110.8644090164175,45.286024222118456,53.03842237822194,10.968319884773791,3.942842569628354,7.025477315145437,2104.611,71.68428961698362,2247.9795792339673,1961.2424207660326,0.43223410560300535,0.13624235474764623,96.84714285714294,13511593.9,1.862160846755404,457571474.0,-0.009980058873801156,0.04007807479448301,-0.021703636977807732,0.014133416337567928,0.11242824523591044,0.018472569552985263,32.51272425357355,49.7178404262485,1,1,0.06887175207895724,NVDA,US,Semiconductors
2025-10-27,2103.44,2162.07,2138.98,2149.24,4093345,2158.616,2134.907,2115.34,2168.6812,2126.049232147162,2113.707045385572,47.6846320488413,62.06708674847206,12.3421867615898,5.622711408020644,6.719475353569157,2115.34,60.01766696036563,2235.3753339207315,1995.3046660792688,0.641208421270962,0.11349034568501949,97.60142857142868,13326578.7,0.3071564566563167,461664819.0,0.03072156840176854,0.01074333252684177,0.021773856159423587,0.024882454483896366,0.11091354553254829,-0.006907896256798329,55.63657365608185,42.7498826840315,1,1,0.048119335206863845,NVDA,US,Semiconductors
2025-10-28,2145.71,2235.12,2122.96,2172.81,9277412,2144.1159999999995,2139.092,2123.1745,2165.3682,2133.243196432214,2118.085042023679,54.47323943661971,51.31050839211869,15.15815440853521,7.5298000081235585,7.628354400411652,2123.1745,56.50844897001693,2236.1913979400338,2010.1576020599662,0.7195932683695527,0.10646030078072298,99.8142857142858,13173082.4,0.7042703456959818,470942231.0,0.010966667287040988,0.05161979188237731,0.012629852123533599,0.019639035927469184,0.07771858817927502,-0.03228952794937001,64.14467747152244,50.76465846039263,0,1,-0.01634289238359532,NVDA,US,Semiconductors
2025-10-29,2191.09,2324.12,2221.06,2266.86,20048369,2156.058,2150.68,2133.6465,2164.94,2153.7996277503353,2129.105409281186,59.48002456971656,53.152336093151185,24.69421846914929,10.962683700328705,13.731534768820586,2133.6465,62.74405161780794,2259.134603235616,2008.158396764384,1.0307813910807475,0.11762782938556804,97.00357142857149,13182209.3,1.520865510695122,490990600.0,0.04328496279011973,0.04546376926671893,0.034580961986940474,0.05387311829956576,0.10179739673960597,0.027052986883537633,82.59627366924235,67.45917493228222,0,0,-0.05496589996735568,NVDA,US,Semiconductors
2025-10-30,2273.25,2324.22,2319.49,2321.59,6282863,2199.136,2176.589,2143.2030000000004,2163.5398,2179.6135311733606,2143.3635271122116,66.73896868734,65.96629276187286,36.25000406114896,16.02014777249276,20.229856288656197,2143.2030000000004,75.49331647655143,2294.1896329531032,1992.2163670468976,1.090737724624659,0.14089811646683242,94.72214285714288,13188037.95,0.47640616044738027,497273463.0,0.024143528934296832,0.002037396784099682,0.02126470911689382,0.12561939393939392,0.08971301972344015,0.10226474218972581,99.2008750870555,81.98060874260678,0,0,-0.059106043702807254,NVDA,US,Semiconductors
2025-10-31,2340.6,2285.51,2183.41,2228.79,22684939,2227.858,2194.732,2152.7774999999997,2157.9098,2187.179141762075,2149.6914139927894,57.79624303114235,67.5013562516061,37.48772776928536,20.31366377185128,17.174063997434075,2152.7774999999997,73.47102686198922,2299.719553723978,2005.8354462760212,0.7586478753795914,0.13651392559046183,101.1071428571429,13942228.2,1.627066853842856,474588524.0,-0.03997260498193056,0.04580960969851559,-0.04776980261469375,0.08861655986245709,0.09399204829921959,0.06887175207895724,71.00361581212668,84.26692152280818,1,0,0.0063936037042520155,NVDA,US,Semiconductors
2025-11-03,2226.25,2282.4,2228.86,2252.66,9303635,2248.5420000000004,2203.5789999999997,2157.7185,2152.538,2197.2531199525247,2157.3187166599914,57.289171058936255,73.71700464483968,39.93440329253326,24.23781167598768,15.696591616545582,2157.7185,76.79396880613272,2311.306437612265,2004.1305623877345,0.8090786342833508,0.14236142259724258,102.3678571428572,13976416.6,0.6656666440762331,483892159.0,0.010709847047052357,0.02376745713954889,0.011862998315547666,0.04087903557451056,0.04588084537384374,0.048119335206863845,78.2565099812274,82.82033362680319,1,0,0.020535722212850605,NVDA,US,Semiconductors
2025-11-04,2300.44,2158.05,2120.69,2137.3,10809847,2241.44,2192.7780000000002,2155.358,2146.1508,2188.0295630367514,2155.835848759251,49.26462683036963,48.52366585884569,32.193714277500476,25.82899219629024,6.364722081210235,2155.358,76.65254852766958,2308.663097055339,2002.0529029446611,0.44110437178118533,0.14225488021504354,107.09571428571431,13231009.15,0.8170084428512059,473082312.0,-0.0512105688386173,0.017479998128471737,-0.07091686807738039,-0.04810471605257172,-0.021611253782312767,-0.01634289238359532,43.20439974463501,64.15484184599637,1,1,0.10440275113460906,NVDA,US,Semiconductors
2025-11-05,2167.72,2195.79,2099.44,2142.26,20970464,2216.52,2186.2889999999998,2157.0065,2141.364,2180.988091800328,2154.8302303326395,54.71049585410221,46.04038675894967,26.15786146768869,25.89476605056993,0.26309541711875895,2157.0065,75.96106920305272,2308.928638406105,2005.0843615938945,0.4514669153713727,0.14086386703613077,105.87857142857145,13810291.8,1.5184662847988277,494052776.0,0.002320684976372167,0.04497586660814043,-0.011745059324999465,-0.029399904854676806,0.015630852087669345,-0.05496589996735568,44.7114946369157,55.39080145425938,1,1,0.11998543594148225,NVDA,US,Semiconductors
2025-11-06,2163.85,2200.99,2171.08,2184.37,4369793,2189.076,2194.1059999999998,2160.4445,2137.5486,2181.5083853695087,2157.018361419111,57.84177932439703,37.64490908546261,24.4900239503977,25.61381763053549,-1.1237936801377906,2160.4445,75.54374497598928,2311.5319899519786,2009.3570100480215,0.5791776341212138,0.1398670412055562,101.67642857142854,13263053.0,0.3294711006982253,498422569.0,0.01965681103134065,0.013692735205110015,0.009483097257199206,0.03711423416579618,0.032501264410737196,-0.059106043702807254,49.36273444836932,45.759542943306684,1,1,0.1231522132239502,NVDA,US,Semiconductors
2025-11-07,2202.06,2268.24,2222.89,2243.04,11303990,2191.926,2209.892,2169.7905,2135.647,2190.9747876203533,2163.3903346473257,54.83487239861177,38.37226515084225,27.58445297302751,26.007944699033896,1.576508273993614,2169.7905,73.49248142531322,2316.7754628506264,2022.8055371493735,0.7491734480134907,0.135483091893488,98.42999999999996,13387116.8,0.8443931075290904,509726559.0,0.026859002824613176,0.020218096868526506,0.018609847143121173,0.0757056944724197,0.09090909090909105,0.0063936037042520155,70.60612643902313,54.89345184143607,1,1,0.04556762251230473,NVDA,US,Semiconductors
2025-11-10,2264.47,2362.1,2248.36,2298.92,9623420,2201.178,2224.86,2179.8835,2135.5514,2207.581743371068,2173.429569117895,53.39222212379302,61.65530995512718,34.15217425317314,27.636790609861748,6.515383643311395,2179.8835,76.76659116231265,2333.416682324625,2026.3503176753745,0.8876572418964975,0.14086365837858295,99.3842857142857,13263750.6,0.725542839629174,519349979.0,0.0249126185890578,0.049475405842721934,0.015213272862959131,0.06964322272058965,0.09625857152394302,0.020535722212850605,79.88282493765566,66.61722860834938,1,1,0.035821168200720344,NVDA,US,Semiconductors
2025-11-11,2328.2,2367.1,2355.12,2360.44,22703303,2245.806,2243.623,2191.3575,2136.1802,2231.0983982370576,2187.282193627682,59.421055866265135,65.92023633677996,43.816204609375745,30.87267340976455,12.943531199611197,2191.3575,85.69934230999644,2362.756184619993,2019.9588153800073,0.9932432835580938,0.15643151299586175,95.89857142857139,13471211.15,1.6853199806522237,542053282.0,0.02676039183616652,0.005075324939415932,0.013847607593843481,0.08635361582466938,0.10768855351578632,0.10440275113460906,97.9126183159973,82.80052323089204,1,0,0.010747996136313498,NVDA,US,Semiconductors
2025-11-12,2374.01,2486.92,2329.2,2399.3,7602732,2297.214,2256.8669999999997,2203.7735,2135.6688,2256.9755677390485,2202.987216321929,69.50203603651562,100.0,53.9883514171197,35.495809011235586,18.492542405884116,2203.7735,96.80957104025205,2397.3926420805037,2010.1543579194956,1.0049255406722608,0.1757160090003952,99.21142857142854,12955103.0,0.5868522552964454,549656014.0,0.016463032316008874,0.06573583961986183,0.010652861613889288,0.05842442850462759,0.11544505295260765,0.11998543594148225,80.03554502351435,85.94366275905577,0,0,-0.004501312882924213,NVDA,US,Semiconductors
2025-11-13,2383.62,2528.38,2393.38,2453.38,15670024,2351.016,2270.046,2223.3175,2136.0728,2287.1916342407335,2221.5348299277134,73.46657828990978,100.0,65.65680431302007,41.52800807159249,24.128796241427587,2223.3175,105.82398797182469,2434.9654759436494,2011.6695240563508,1.0435027171254643,0.19038934020314605,102.88499999999996,13200205.35,1.1871044728024271,565326038.0,0.02253990747301282,0.055026127220383705,0.029266409914319797,0.05676712942423068,0.18951757575757577,0.1231522132239502,82.51503706792906,86.82106680248025,1,0,0.031695049278953835,NVDA,US,Semiconductors
2025-11-14,2457.88,2385.74,2312.86,2345.25,8412342,2371.458,2281.692,2238.2120000000004,2135.5562,2296.12369051139,2230.698916599735,61.827924546518794,71.32894946173835,65.42477391165494,46.30736123960499,19.11741267204995,2238.2120000000004,100.58910224534337,2439.390204490687,2037.0337955093137,0.7660278241129961,0.17976688936579452,107.42999999999994,13218626.7,0.6364005546506163,556913696.0,-0.04407388989883354,0.031075578296543473,-0.04582404348461043,0.05225256753664542,0.14549957017818071,0.04556762251230473,57.30638317700071,73.28565508948138,1,1,0.10865792559428633,NVDA,US,Semiconductors
2025-11-17,2345.4,2385.3,2378.04,2381.27,4722611,2387.9280000000003,2294.5530000000003,2249.066,2135.5306,2309.2231227404072,2241.852330184941,62.39298963188433,69.49702389348076,67.37079255546632,50.52004750277726,16.850745052689064,2249.066,103.84080195942653,2456.7476039188527,2041.3843960811469,0.8182852922564045,0.18468253392186856,102.27928571428568,12912782.95,0.3657314346996412,561636307.0,0.01535870376292503,0.003048793290973795,0.015293766521695487,0.057092503973080744,0.10030542604854475,0.035821168200720344,65.70382804106468,68.5084160953315,1,1,0.07815577401974583,NVDA,US,Semiconductors
2025-11-18,2350.92,2435.18,2346.31,2385.81,9945330,2393.002,2319.404,2256.0910000000003,2137.8404,2321.005719241883,2252.5158612823534,57.91385573430202,64.33118918027377,68.48985795952967,54.11400959412775,14.375848365401922,2256.0910000000003,108.23296812163562,2472.5569362432716,2039.625063756729,0.7996291292996273,0.1918946853147105,97.81928571428567,12841469.05,0.7744697422706678,571581637.0,0.001906545666807924,0.03724940376642006,0.014840998417634386,0.11627286763673772,0.06257487830188269,0.010747996136313498,66.76225113053859,63.257487449534665,1,1,0.11070454059627544,NVDA,US,Semiconductors
2025-11-19,2371.27,2448.07,2340.85,2388.5,15260751,2390.8419999999996,2344.028,2265.1585,2142.6130000000003,2331.389454743132,2262.5887604466243,54.78277030407868,55.74246889325473,68.80069429650757,57.051346534603724,11.749347761903849,2265.1585,111.46527971453762,2488.0890594290754,2042.2279405709248,0.7766365910422972,0.19683440203321478,101.38071428571428,12527445.0,1.2181853348240335,586842388.0,0.0011274996751626798,0.04489009838809101,0.007266148519566626,0.1149440310699914,0.0821647826382439,-0.004501312882924213,67.38937846769385,66.61848587976571,1,1,0.05710697090224004,NVDA,US,Semiconductors
2025-11-20,2365.05,2613.54,2465.22,2531.14,11537669,2406.394,2378.7050000000004,2286.4055,2150.2338,2362.120307859573,2282.4814448579864,70.17468938918768,68.93708704395284,79.63886300158674,61.56884982800034,18.070013173586403,2286.4055,119.76189458451235,2525.9292891690247,2046.8817108309752,1.010877230291074,0.20951995537879875,107.58499999999997,12489180.1,0.9238130913162914,598380057.0,0.05971948921917525,0.0585981020409545,0.07022684509838246,0.15875057796984948,0.2017567182603741,0.031695049278953835,83.97198988507299,72.70787316110182,1,1,0.013918629550321304,NVDA,US,Semiconductors
2025-11-21,2492.98,2627.96,2577.77,2600.08,6970744,2457.3599999999997,2414.409,2312.1504999999997,2159.223,2398.7294912657926,2306.0072637573962,71.8668177240685,70.20883843949744,92.72222750839637,67.79952536407954,24.92270214431683,2312.1504999999997,129.19980570601504,2570.5501114120298,2053.7508885879697,1.0571399632250729,0.22351452590297932,110.67142857142855,11579679.15,0.601980703240754,605350801.0,0.027236739176813574,0.01930325220761698,0.04296063345873491,0.1591768314430415,0.24693311848377597,0.10865792559428633,94.72489215148956,82.0287535014188,0,0,-0.06622488538814197,NVDA,US,Semiconductors
2025-11-24,2619.48,2576.17,2560.35,2567.38,4183205,2494.582,2441.255,2333.0575,2167.0704,2424.6757233787475,2325.368207182775,80.2132801303847,88.6272736757904,99.30751619597231,74.1011235304581,25.206392665514215,2333.0575,135.14503316125382,2603.3475663225076,2062.767433677492,0.9334648756929809,0.23170459049756975,104.08285714285714,11584172.15,0.36111381846877866,601167596.0,-0.01257653610658127,0.006161923828959484,-0.019889443706376846,0.11677657334748481,0.1945524929742608,0.07815577401974583,88.53780367802821,89.07822857153026,0,0,-0.019728283308275363,NVDA,US,Semiconductors
2025-11-25,2556.49,2697.15,2612.16,2649.93,18548799,2547.406,2470.204,2356.9135,2178.5096000000003,2459.330227474325,2349.4098214655337,82.15828614141107,90.21133928036883,109.92040600879136,81.26498002612476,28.6554259826666,2356.9135,146.96332608314128,2650.8401521662827,2062.9868478337175,0.9984517358998013,0.24941657991789504,106.47,12047741.5,1.5396078559945983,619716395.0,0.032153401522174274,0.032072545312505675,0.03655011363234885,0.12264238870719013,0.21958661825010006,0.11070454059627544,91.02400821166187,91.42890134705988,1,0,0.01465699093938344,NVDA,US,Semiconductors
2025-11-26,2615.72,2560.2,2496.65,2524.9,7696049,2574.686,2482.764,2369.8154999999997,2187.0732000000003,2469.417884785967,2362.409093949569,69.52020636285471,65.29974700253001,107.00879083639802,86.41374218817943,20.595048648218594,2369.8154999999997,149.93801601696623,2669.691532033932,2069.9394679660672,0.7585810192087863,0.25307964441434866,113.22357142857143,11430125.5,0.6733126706865405,612020346.0,-0.04718237840244832,0.025169313636173533,-0.03472084168028879,0.052348601675488604,0.113831467316023,0.05710697090224004,63.68025977298598,81.08069055422537,1,0,0.06825220800823795,NVDA,US,Semiconductors
2025-11-27,2476.57,2581.7,2554.11,2566.37,8381306,2581.732,2494.063,2382.0544999999997,2198.778,2484.3335948188956,2377.517309212564,68.90708145722473,68.02748667220727,106.81628560633135,90.49425087180983,16.322034734521523,2382.0544999999997,155.674910004788,2693.4043200095757,2070.7046799904238,0.7959942292459576,0.26141284341684484,111.28999999999999,11535047.65,0.7265947681980518,620401652.0,0.01642441284803353,0.010750593250384372,0.036259827099562485,0.046054830478768016,0.10543636042539806,0.013918629550321304,70.85942200122356,75.18789666195714,1,1,0.026387465564201573,NVDA,US,Semiconductors
2025-11-28,2545.3,2479.62,2386.5,2427.89,8768098,2547.2940000000003,2502.327,2392.0095,2207.7722,2475.6499648467575,2381.2486196412633,56.87729963205887,39.446409223787214,94.40134520549418,91.27566973854671,3.1256754669474702,2392.0095,151.67272941140138,2695.354958822803,2088.6640411771973,0.5591413171944004,0.2536323194558182,115.63357142857141,10839205.6,0.8089243358457621,611633554.0,-0.053959483628627236,0.038354291174625514,-0.04612815778099013,0.0352371815371495,0.08933098228186598,-0.06622488538814197,29.93312342233741,54.82426839884899,1,1,0.019712589944355097,NVDA,US,Semiconductors
2025-12-01,2437.22,2532.85,2503.83,2516.73,12570946,2537.1639999999998,2515.873,2405.213,2220.8718000000003,2481.9699702549487,2391.2842774456144,58.09817921800678,41.81350305458973,90.68569280933434,91.15767435270425,-0.47198154336990683,2405.213,150.39211762308858,2705.9972352461773,2104.428764753823,0.685377069227121,0.2501102690248656,118.26071428571429,11002571.15,1.142546109093227,624204500.0,0.036591443599174545,0.011530835647840035,0.03262323466899484,0.056885611459431384,0.11722585743077074,-0.019728283308275363,53.05108121456957,51.281208879376855,1,1,0.00826469267660812,NVDA,US,Semiconductors
2025-12-02,2491.55,2728.74,2656.79,2688.77,20639712,2544.932,2546.169,2432.7864999999997,2237.2142,2513.785359446495,2413.320256894088,63.17989345717798,59.3605897503123,100.46510255240719,93.01915999264484,7.445942559762344,2432.7864999999997,149.2365184698411,2731.2595369396818,2134.3134630603176,0.9288218169113929,0.24537544658321592,122.1385714285714,11494064.4,1.79568423196896,644844212.0,0.06835854461940682,0.026759447628459502,0.07915554574458494,0.12698412698412698,0.25802180320965684,0.01465699093938344,90.3890545347447,57.79108639055057,0,0,-0.06495535133164987,NVDA,US,Semiconductors
2025-12-03,2757.64,2746.9,2657.5,2697.23,21869430,2579.398,2577.0420000000004,2460.5350000000003,2253.63,2542.0076118393417,2434.350608235267,61.58399285531054,54.117913358406476,107.65700360407482,95.94672871493086,11.71027488914396,2460.5350000000003,143.8720855299466,2748.2791710598935,2172.790828940107,0.911294169969165,0.23388748468099518,118.88142857142854,11539012.7,1.8952599042325429,666713642.0,0.0031464201103106326,0.033145115544453735,-0.021906412729717422,0.12925685576721802,0.2590581908825258,0.06825220800823795,88.55635425286019,77.33216333405817,0,0,-0.07119526328863324,NVDA,US,Semiconductors
2025-12-04,2735.39,2655.31,2617.11,2634.09,6919791,2592.942,2587.337,2483.0209999999997,2269.6592,2556.174133094828,2449.146118736359,64.33392222641287,60.65413812618309,107.02801435846914,98.16298584363852,8.865028514830612,2483.0209999999997,133.18491098745542,2749.3908219749105,2216.651178025089,0.7835700359732304,0.21455301584223696,114.56714285714283,11666512.6,0.5931327247584917,659793851.0,-0.023409201291695547,0.014502162036978735,-0.037033110452243626,0.040673372472482816,0.205880871830322,0.026387465564201573,72.21770717874102,83.72103865544865,0,0,-0.030173608342919156,NVDA,US,Semiconductors
2025-12-05,2639.27,2534.22,2428.98,2475.75,5955345,2602.514,2574.904,2494.6565,2281.6854000000003,2543.8011895417776,2451.1167766077397,54.181048979519595,42.7999364373113,92.68441293403794,97.06727126171842,-4.382858327680481,2494.6565,120.69545834890515,2736.04741669781,2253.26558330219,0.46083841873774944,0.19352637663559158,126.35714285714282,11399080.35,0.5224407842303889,653838506.0,-0.06011184128104963,0.04250833080882855,-0.06195652585750531,-0.047817759453555264,0.10374759255296384,0.019712589944355097,33.2225095430779,64.66552365822638,1,1,0.0010623043522164366,NVDA,US,Semiconductors
2025-12-08,2454.02,2562.57,2517.5,2537.53,4634743,2606.674,2571.919,2506.587,2293.7428,2542.836391150735,2457.5177561182777,56.39036306966559,59.920376402461116,85.31863503245722,94.7175440158662,-9.398908983408973,2506.587,111.79377221614605,2730.174544432292,2282.999455567708,0.5691966094936056,0.1783999872593313,126.21071428571427,11149646.5,0.41568515955325047,658473249.0,0.02495405432697173,0.01776136636807541,0.034029877507097,-0.011626638830247171,0.10379221547509276,0.00826469267660812,48.43738455843266,51.29253376008387,0,1,-0.005391069268146698,NVDA,US,Semiconductors
2025-12-09,2573.31,2544.49,2489.83,2514.12,5400295,2571.7439999999997,2558.3379999999997,2514.2709999999997,2303.7028,2538.4184848198524,2461.710514924331,55.2002781871471,49.732126362460725,76.70796989552127,91.11562919179723,-14.407659296275952,2514.2709999999997,106.3697686523653,2727.0105373047304,2301.531462695269,0.49964510592997297,0.16922562230137173,122.45642857142853,10284496.1,0.5250908184902887,653072954.0,-0.009225506693517072,0.021741205670365023,-0.023001503899637843,-0.051250410388198886,0.06510650556675857,-0.06495535133164987,35.41065482787063,39.02351630979374,1,0,0.07711246877635114,NVDA,US,Semiconductors
2025-12-10,2482.1,2555.98,2464.57,2505.2,5647642,2533.3379999999997,2556.368,2519.566,2312.6584000000003,2533.3079486937213,2464.9319582632697,48.792477422958754,21.675667335287798,68.37599043045157,86.56770143952811,-18.191711009076542,2519.566,102.92542974610755,2725.416859492215,2313.715140507785,0.4651058051545119,0.16340183943753275,112.91142857142852,10186741.6,0.5544109851170678,647425312.0,-0.0035479611156190582,0.03648810474212174,0.009306635510249628,-0.007802289199572376,0.04413787354645082,-0.07119526328863324,32.93562708092964,38.927888822410985,1,1,0.058530257065304125,NVDA,US,Semiconductors
2025-12-11,2514.37,2602.06,2516.66,2554.61,9719543,2517.442,2555.192,2524.6274999999996,2321.1414,2536.5851873562256,2471.5747761696944,47.844145006969676,30.463013698630206,65.0104111865312,82.25624338892874,-17.245832202397537,2524.6274999999996,101.9840950899487,2728.595690179897,2320.6593098201024,0.5734979801825542,0.16158279998123798,112.91428571428567,9889217.55,0.9828423702902187,657144855.0,0.019722976209484377,0.03342976031565157,0.016004008956511665,-0.004582347829814037,0.0412614433964571,-0.030173608342919156,46.64539400652987,38.33055863844339,1,1,0.0340678224856239,NVDA,US,Semiconductors
2025-12-12,2542.74,2547.21,2423.31,2478.38,22157718,2517.968,2560.241,2531.284,2329.9629999999997,2527.6305431475753,2472.078866823791,45.94754576085967,29.408341929170348,55.55167632378425,76.91532997589985,-21.3636536521156,2531.284,93.66533967718296,2718.614679354366,2343.953320645634,0.35879515255405026,0.148012375817405,119.45499999999996,10576486.35,2.0949978255304207,634987137.0,-0.029840171298162965,0.049992333701833494,-0.0253112783847245,0.020795835066662827,0.05676580321927305,0.0010623043522164366,25.493895671405426,35.02497225295499,1,1,0.09106755219135065,NVDA,US,Semiconductors
2025-12-15,2493.41,2602.7,2460.76,2523.85,15904383,2515.232,2560.953,2538.413,2337.3632000000002,2527.0489211248714,2475.9137655775844,44.05854743548661,59.0679435939974,51.13515554728701,71.75929509017729,-20.624139542890276,2538.413,86.82266640142218,2712.0583328028442,2364.767667197156,0.4580668257378593,0.13681409038070308,120.32428571428565,11135574.95,1.4282496991096363,650891520.0,0.018346661932391317,0.056239475404617295,0.012208180764490336,0.002829067877762048,0.05987561259328,-0.005391069268146698,38.11043285228046,36.74990751007193,1,1,0.08863046536046126,NVDA,US,Semiconductors
2025-12-16,2526.68,2722.81,2696.13,2707.99,4427473,2554.006,2562.875,2554.522,2347.8328,2554.8860101825835,2493.104597757023,58.172712095917426,71.9902987770266,61.781412425560575,69.76371855725395,-7.982306131693377,2554.522,86.90709447147462,2728.3361889429493,2380.7078110570505,0.9414714383571724,0.13608353260835596,123.58714285714281,10859682.1,0.4076981767543475,655318993.0,0.07295996196287424,0.009852325894848203,0.07175819652663899,0.0071482499432824476,0.13504009120592153,0.07711246877635114,89.20366259686672,50.93599704018421,0,0,-0.016141123120838596,NVDA,US,Semiconductors
2025-12-17,2728.06,2709.01,2606.09,2651.83,8869742,2583.332,2558.335,2567.6885,2358.6836,2569.800470154494,2504.862034960207,53.76535485803915,66.38117669450195,64.9384351942872,68.7986618846606,-3.860226690373409,2567.6885,80.1125610280555,2727.9136220561113,2407.463377943889,0.762572744272183,0.1248010590506198,126.88142857142854,10540131.65,0.8415209081832571,646449251.0,-0.020738629020048083,0.03881093433589682,-0.02794293380643097,-0.01683208328544472,0.11024911032028473,0.058530257065304125,73.6209766923595,66.97835738050225,0,1,-0.012708205277110474,NVDA,US,Semiconductors
2025-12-18,2642.43,2668.38,2620.26,2641.64,14599051,2600.7380000000003,2559.0899999999997,2573.2135,2369.2041999999997,2580.8527055153413,2514.993736074266,60.618163393043424,66.18121442125238,65.85896944107526,68.21072339594353,-2.351753954868272,2573.2135,81.26141871340954,2735.736337426819,2410.690662573181,0.7105134917734275,0.12631896842353413,117.47071428571427,10693200.75,1.3652647112919196,631850200.0,-0.00384262942948832,0.018215956754130645,-0.00029896723848868835,0.002866265009927371,0.0436562181467639,0.0340678224856239,67.4711826692188,76.76527398614836,0,1,-0.05086991414424358,NVDA,US,Semiconductors
2025-12-19,2626.29,2746.37,2670.24,2704.08,11297825,2645.8779999999997,2581.923,2578.4135,2382.1634,2599.8107508206735,2529.0001259946907,59.55740565027087,67.19508547500172,70.81062482598281,68.7307036819514,2.0799211440314167,2578.4135,86.24578624489615,2750.9050724897925,2405.9219275102078,0.8642685210217218,0.13379667186021596,117.45428571428569,10909554.8,1.0355898266728696,643148025.0,0.023636831665177604,0.02815375284753852,0.029619729732805723,0.09222659800060584,0.03999876926863788,0.09106755219135065,86.76720541399061,75.95312159185632,0,0,-0.05792358214254023,NVDA,US,Semiconductors
2025-12-22,2709.91,2755.18,2741.42,2747.54,8517144,2690.616,2602.924,2587.4215,2395.1730000000002,2622.538327617493,2545.188264809899,53.45076624977981,83.48927487184594,77.35006280759399,70.45457550707992,6.895487300514063,2587.4215,94.08493666978941,2775.5913733395787,2399.251626660421,0.9254626342605823,0.14544972540384785,105.96071428571427,11126251.75,0.7654997770925166,651665169.0,0.016072009703854917,0.005008116351352393,0.013886070017080355,0.08276158311428827,0.07017270524815178,0.08863046536046126,97.69789375328386,83.97876061216444,0,0,-0.1469423557072873,NVDA,US,Semiconductors
2025-12-23,2771.2,2706.7,2630.35,2664.28,5291887,2681.8740000000003,2617.94,2588.139,2405.8394,2628.960123368648,2554.0098748239807,48.22151454633779,65.97065847833508,74.95024854466737,71.35371011459742,3.5965384300699554,2588.139,94.63980223652636,2777.4186044730527,2398.8593955269475,0.7011336620532167,0.14626695434285364,107.94571428571427,10463406.15,0.5057517999765497,646373282.0,-0.030303471469023124,0.028656897923630867,-0.03858256351037855,0.05972666380284175,0.005415237383629146,-0.016141123120838596,72.60975683227596,85.69161866651682,0,0,-0.12854880117705358,NVDA,US,Semiconductors
2025-12-24,2630.47,2725.73,2532.05,2618.13,40757108,2675.1340000000005,2629.233,2592.8005000000003,2415.1823999999997,2627.2939505427025,2558.759513725908,49.12245975191343,35.105748193330285,68.53443681679437,70.78985545503681,-2.255418638242446,2592.8005000000003,93.65188859056384,2780.104277181128,2405.4967228188725,0.5676160950425947,0.14447989899805674,116.05714285714284,12116459.1,3.3637801522575064,605616174.0,-0.017321752968907256,0.07397646411749068,-0.004691176861927717,0.04507823726648574,0.03692423462315331,-0.012708205277110474,58.70370928357887,76.33711995637957,0,0,-0.1573833232116053,NVDA,US,Semiconductors
2025-12-25,2627.23,2524.09,2493.8,2507.26,5327373,2648.2580000000003,2624.498,2589.8450000000003,2424.0776,2608.8271889207485,2554.9447349313964,51.82795948438898,29.716306086370935,53.88245398935214,67.40837516189988,-13.52592117254774,2589.8450000000003,95.44542521638873,2780.7358504327776,2398.954149567223,0.28368528451454983,0.14741488423647256,110.28714285714283,11963762.45,0.4452924050416594,600288801.0,-0.04234701867363344,0.012080917016977848,-0.045664064432864325,-0.018535118863544642,-0.023032532331659028,-0.05086991414424358,25.29604965792248,52.203171924592446,0,0,-0.15233761157598347,NVDA,US,Semiconductors
2025-12-26,2551.96,2559.44,2537.85,2547.45,19250481,2616.932,2631.4049999999997,2595.823,2434.0794,2599.3845444714025,2554.3895693809227,50.590265381411385,37.81090664389055,44.994975090479784,62.92569514761586,-17.930720057136078,2595.823,88.24008488210136,2772.3031697642027,2419.342830235797,0.36295060780767974,0.13597242166675838,107.81285714285708,12487881.6,1.5415328295927446,619539282.0,0.016029450475818052,0.008475141808471873,-0.001767269079452049,0.027869011208934813,0.04924440563616961,-0.05792358214254023,37.40621327617014,40.46865740589051,0,0,-0.22060884413825588,NVDA,US,Semiconductors
2025-12-29,2566.69,2458.13,2252.35,2343.81,5925187,2536.186,2613.4010000000003,2587.177,2437.6718,2560.0653837834943,2538.791082760113,41.65580629672817,15.855715829179019,21.274301023381213,54.59541632276893,-33.32111529938772,2587.177,103.54244545875541,2794.2618909175108,2380.0921090824895,-0.08760201896345601,0.16008559980042383,124.9871428571428,12155593.65,0.4874452604422771,613614095.0,-0.07993876229170338,0.08779721905782141,-0.08683557422201874,-0.07133545971432531,-0.06870820469418648,-0.1469423557072873,18.189049977093283,26.963770970395316,0,0,-0.1538989935190993,NVDA,US,Semiconductors
2025-12-30,2344.11,2435.28,2231.01,2321.79,23101204,2467.688,2574.781,2568.828,2439.2014,2523.4076324321873,2522.716928481586,41.127869740622856,7.940647659692104,0.6907039506013462,43.81447384833542,-43.12376989773407,2568.828,116.3196884090531,2801.467376818106,2336.188623181894,-0.0309462296942123,0.1811249151893513,133.0485714285714,12278668.25,1.8814094206503689,590512891.0,-0.009394959489037125,0.08797953303266531,-0.009521737461121978,-0.14261500227105706,-0.13648620000966982,-0.12854880117705358,17.318808783376888,24.30469067888012,0,0,-0.11089719569814671,NVDA,US,Semiconductors
2025-12-31,2289.3,2248.18,2172.4,2206.08,6495202,2385.2780000000002,2530.206,2544.2704999999996,2439.18,2474.587996673389,2499.2623411866534,34.1567190639404,7.462215455456871,-24.67434451326426,30.11671017601548,-54.79105468927974,2544.2704999999996,137.67099417298843,2819.6124883459765,2268.9285116540227,-0.11412809217992806,0.2164408134637168,136.80071428571424,11509956.85,0.5643115365535418,584017689.0,-0.049836548525060476,0.0343505221931958,-0.03635172323416062,-0.1680914689101488,-0.18209422259132524,-0.1573833232116053,5.779196266162542,13.762351675544252,0,0,-0.024563932404989886,NVDA,US,Semiconductors
2026-01-01,2196.88,2173.06,2087.1,2125.31,13725742,2308.888,2478.5730000000003,2518.8315000000002,2439.5622,2420.8529202620985,2471.56216776542,34.016315517850174,7.011514305652412,-50.70924750332142,13.951518640148096,-64.66076614346952,2518.8315000000002,164.57764983115797,2847.986799662316,2189.6762003376843,-0.09777481997649838,0.2613555528920336,135.9207142857142,11850254.4,1.1582655003368112,570291947.0,-0.03661245285755732,0.04044586436800259,-0.03257801973706692,-0.1954581244984176,-0.19315209427164604,-0.15233761157598347,5.719374925150109,9.605793324896526,0,0,-0.04013532143546117,NVDA,US,Semiconductors
2026-01-02,2092.79,2022.37,1955.93,1985.46,8204164,2196.4900000000002,2406.7110000000002,2494.317,2437.5678,2353.8693940679295,2435.554599782796,27.545564499311837,6.67408416088206,-81.68520571486624,-5.175826230854778,-76.50937948401146,2494.317,203.29395113842762,2900.9049022768554,2087.7290977231446,-0.12576505246506492,0.32601141096074987,137.88071428571422,11962695.35,0.6858122750896373,562087783.0,-0.06580216533117522,0.03346327803127052,-0.051285604384552985,-0.2657539717759829,-0.19803695849742498,-0.22060884413825588,3.6947137941774204,5.064428328496704,1,1,0.05949251055171079,NVDA,US,Semiconductors
2026-01-05,1961.16,2016.34,1956.51,1983.1,16239420,2124.348,2330.267,2466.5955000000004,2434.245,2296.82794882671,2402.039444243329,14.363809767272642,0.0,-105.21149541661907,-25.18296006800764,-80.02853534861143,2466.5955000000004,232.75761136234578,2932.110722724692,2001.0802772753088,-0.019312233411025597,0.3774556652880481,127.94285714285708,12542929.2,1.2947070374353196,545848363.0,-0.0011886414231463416,0.030169935958837053,0.01118725652164466,-0.2782270685777095,-0.2184919981241602,-0.1538989935190993,3.3994369721571296,4.2711752304949,1,1,0.08271393273158201,NVDA,US,Semiconductors
2026-01-06,1942.47,2113.17,2025.23,2064.31,22604502,2072.852,2270.27,2444.105,2432.075,2261.0559566995234,2377.022448373453,21.811307718880727,18.376629254163646,-115.96649167392934,-43.33966638919199,-72.62682528473735,2444.105,249.08301310163415,2942.2710262032683,1945.9389737967317,0.11880680333151634,0.4076469924189546,129.8821428571428,13403139.55,1.6865078684860915,568452865.0,0.04095103625636631,0.04260019086278585,0.06272426343775564,-0.22519029531430634,-0.1789134965713649,-0.11089719569814671,13.560212699388718,6.8847878219077705,1,1,0.05437652290595896,NVDA,US,Semiconductors
2026-01-07,2061.28,2189.64,2121.69,2151.89,7416136,2062.014,2223.6459999999997,2426.4395,2429.7756,2244.2611941303658,2360.3459707161596,28.126591097891023,33.26042405612043,-116.08477658579386,-57.888688428512374,-58.19608815728149,2426.4395,256.9272076202238,2940.2939152404474,1912.5850847595525,0.23285283549450167,0.4235460354484303,135.3971428571428,13491564.25,0.5496868497152323,575869001.0,0.04242579845081407,0.031576892870903366,0.043958123107950255,-0.17808130230355257,-0.14103065623503108,-0.024563932404989886,24.5179856114801,13.82587842767533,1,0,0.04151234496187062,NVDA,US,Semiconductors
2026-01-08,2175.36,2079.96,2008.06,2040.01,19504577,2044.9540000000002,2176.921,2400.7095,2424.144,2212.837933494925,2336.61738029274,21.595448907138874,33.51335252655615,-123.77944679781513,-71.06684010237294,-52.71260669544219,2400.7095,268.90417327553524,2938.5178465510703,1862.9011534489296,0.16465795639533412,0.4480411699548374,138.18999999999994,13980815.95,1.3950956564094061,556364424.0,-0.05199150514199136,0.035244925269956935,-0.06221958664310179,-0.18635881400413212,-0.20143975009884096,-0.04013532143546117,10.519862370959618,16.199353560609495,1,1,0.12390135342473818,NVDA,US,Semiconductors
2026-01-09,2053.25,2247.81,1988.19,2103.58,10351891,2068.578,2132.534,2381.9695,2421.6398,2196.029020649552,2319.3553521229073,22.92146737759235,47.76647137424195,-123.32633147335537,-81.51873837656943,-41.807593096785936,2381.9695,276.16824724060206,2934.3059944812044,1829.633005518796,0.247989221442146,0.4637645397902637,153.08428571428567,13390524.6,0.7730757782950656,566716315.0,0.031161611952882584,0.12341817282911821,0.0245123584560942,-0.17424090757424082,-0.15122781817154762,0.05949251055171079,19.180306573110947,18.07271818518357,0,1,-0.022029112275264162,NVDA,US,Semiconductors
2026-01-12,2128.39,2270.25,2048.64,2147.13,7358952,2101.384,2112.8659999999995,2363.1335,2419.5292,2188.506094395775,2306.5979186323216,27.502501413842595,70.71895424836602,-118.09182423654647,-88.83335554856485,-29.25846868798162,2363.1335,278.8163639627701,2920.76622792554,1805.5007720744597,0.3063209984070835,0.47194348345136167,160.54285714285712,12963253.05,0.5676778354891533,574075267.0,0.0207028018901112,0.10321219488335448,0.008804777319942038,-0.0839146517849142,-0.14926402123739513,0.08271393273158201,24.83762016104854,18.179263035039714,0,1,-0.003781792439209508,NVDA,US,Semiconductors
2026-01-13,2086.86,2261.4,2108.68,2176.56,3342074,2123.834,2098.343,2336.562,2420.3144,2186.668233719502,2296.9654802151126,30.50687338318778,73.18441110205649,-110.29724649561058,-93.12613373797402,-17.171112757636564,2336.562,269.3848259431471,2875.331651886294,1797.7923481137057,0.35151168088239004,0.46116443893726217,157.61714285714282,12908983.1,0.2588951984223143,577417341.0,0.013706668902208952,0.07016576616308767,0.04298323797473565,-0.06255087669427473,-0.19624518554352122,0.05437652290595896,36.557803516036905,26.85857675006548,0,0,-0.0011026574043445647,NVDA,US,Semiconductors
2026-01-14,2189.67,2315.91,2181.46,2241.22,10829298,2141.7,2101.857,2316.0315,2422.2936,2195.060813147271,2292.8361853843635,37.756116419064426,72.07677140789178,-97.7753722370926,-94.05598143779774,-3.7193907992948567,2316.0315,259.56052544890997,2835.15255089782,1796.91044910218,0.4279440702018905,0.44828496581121274,158.69,13006960.9,0.832577052447582,588246639.0,0.02970742823538064,0.059989648494989264,0.02354236026432119,0.015928706121264735,-0.15484024239864547,0.04151234496187062,47.27179334220262,36.222405673096034,0,0,-0.05514407331721105,NVDA,US,Semiconductors
2026-01-15,2252.16,2364.55,2235.34,2292.77,12137681,2192.2519999999995,2118.603,2298.588,2424.4616,2210.0929957399985,2292.8312827632994,38.40022591047387,69.31768319438352,-82.73828702330093,-91.79244255489839,9.05415553159746,2298.588,247.9915479586869,2794.571095917374,1802.6049040826265,0.49413488075663814,0.43155458561269605,164.19214285714284,12883892.4,0.9420817623343577,600384320.0,0.02300086559998582,0.05635541288482651,0.01803157857345042,0.07879321134328632,-0.1320656864674974,0.12390135342473818,67.07287933081027,50.30082539634995,0,0,-0.1245916511468661,NVDA,US,Semiconductors
2026-01-16,2267.56,2057.92,2056.69,2057.24,4455532,2182.984,2125.781,2266.246,2420.7456,2186.5771502415373,2275.3800766326844,37.31620738799827,51.76432038337872,-88.80292639114714,-91.19453932214815,2.3916129310010064,2266.246,234.1166314243219,2734.479262848644,1798.0127371513563,0.2768142327942235,0.41322368608565635,159.97642857142858,12541777.75,0.35525519057653604,595928788.0,-0.1027272687622397,0.0005978884330459356,-0.0927516802201077,0.03615283108196565,-0.23920889914499577,-0.022029112275264162,21.134870136599215,45.15984760320405,0,1,-0.043310454784079466,NVDA,US,Semiconductors
2026-01-19,2028.22,2186.44,2101.07,2139.01,5774687,2181.3599999999997,2141.3720000000003,2235.8195,2417.5474000000004,2179.2591271274546,2265.278589474708,42.316423130601486,53.49760113723867,-86.01946234725347,-90.15952392716922,4.140061579915752,2235.8195,206.14647223642754,2648.1124444728553,1823.5265555271449,0.3825962203595795,0.36880700295589225,154.61428571428573,12404654.9,0.4655257708518944,601703475.0,0.03974742859364988,0.039910986858387745,0.054624251806976346,0.07861933336695093,-0.2214817618669791,-0.003781792439209508,44.80446380489258,44.337404424100704,0,0,-0.06211284659725769,NVDA,US,Semiconductors
2026-01-20,2147.48,2197.58,2155.42,2174.16,3086241,2180.88,2152.357,2211.3134999999997,2413.8217999999997,2178.474646030923,2258.5290643284334,48.56068394567394,52.7133650545082,-80.05441829751044,-88.13850280123746,8.084084503727027,2211.3134999999997,180.00637495362506,2571.32624990725,1851.3007500927497,0.4483997441618108,0.3256098693442493,148.12714285714284,12294372.6,0.2510287307358221,604789716.0,0.016432835751118313,0.01939139713727622,0.01242386425018506,0.05321390682600957,-0.18395964388127384,-0.0011026574043445647,53.4065880278659,39.78197398978591,0,0,-0.05066784413290648,NVDA,US,Semiconductors
2026-01-21,2173.72,2201.89,2050.23,2117.63,12532549,2156.1620000000003,2148.9309999999996,2186.2884999999997,2408.1884,2169.113931256935,2248.0920966004014,49.64595895336616,44.38964946019537,-78.97816534346657,-86.3064353096833,7.328269966216723,2186.2884999999997,153.27916163773182,2492.846823275463,1879.730176724536,0.388017230674417,0.2804372097052364,150.46142857142857,10883144.65,1.1515557544706754,592257167.0,-0.026000846303859793,0.0716177991433481,-0.02580369136778145,-0.01592088814948711,-0.1911669779575499,-0.05514407331721105,39.57221868719208,45.92775683998354,0,0,-0.041400055722671136,NVDA,US,Semiconductors
2026-01-22,2128.58,2007.15,2007.08,2007.11,5179083,2099.0299999999997,2145.641,2161.281,2399.263,2144.190249525099,2230.2415709262978,51.0257843815444,29.501794939147217,-86.05132140119895,-86.25541252798644,0.20409112678748897,2161.281,138.2161267877516,2437.713253575503,1884.8487464244968,0.22114144061320296,0.25580408431423335,146.2592857142857,10875730.15,0.4762055009055644,587078084.0,-0.052190420422831285,3.4876015764023316e-05,-0.05706621315616184,-0.016127371924647527,-0.19948070802389872,-0.1245916511468661,12.400745024967131,35.12651724667505,1,1,0.024956280423095833,NVDA,US,Semiconductors
2026-01-23,2008.6,1992.23,1948.87,1968.14,9774561,2081.21,2132.0969999999998,2132.3154999999997,2391.7208,2117.1055957520066,2210.826639746572,49.31495558201301,20.935770945619296,-93.7210439945652,-87.7485388213022,-5.972505173263002,2132.3154999999997,111.06356688494932,2354.4426337698983,1910.188366230101,0.13044699399444062,0.2083435905894737,146.1457142857143,10401934.15,0.9396867851074807,577303523.0,-0.019415976204592567,0.02203095308259478,-0.02014338345114989,-0.06438547618821244,-0.22740779995681948,-0.043310454784079466,4.635777521159026,18.869580411106092,1,1,0.04136392736289096,NVDA,US,Semiconductors
2026-01-26,1971.12,2028.17,1988.53,2006.15,15510740,2054.638,2117.999,2115.4325,2384.2184,2100.0355040978516,2195.6654071727517,47.22704300562602,42.92284249896112,-95.62990307490008,-89.3248116720218,-6.30509140287829,2115.4325,102.56045661871377,2320.5534132374273,1910.3115867625725,0.2336144367840764,0.19392810996080515,141.14285714285714,10881211.8,1.4254605883638265,592814263.0,0.01931265052282871,0.019759240335957103,0.017771622224919046,-0.06565974114282791,-0.14406457861345412,-0.06211284659725769,13.779830638919929,10.272117728348709,1,1,0.0528126012511525,NVDA,US,Semiconductors
2026-01-27,1995.79,2095.5,2038.8,2064.0,25384320,2032.6060000000002,2106.743,2102.543,2377.7821999999996,2094.4915803904896,2185.9124140488443,45.68731169710591,38.87191051241724,-91.4208336583547,-89.74401606928838,-1.6768175890663173,2102.543,90.78412741511144,2284.111254830223,1920.9747451697772,0.3938608512913396,0.1727130002384128,138.57285714285715,10995367.6,2.3086374748728296,618198583.0,0.02883632829050664,0.027470930232544852,0.034176942463869375,-0.05171463226375561,-0.11103071337201043,-0.05066784413290648,27.696785989155856,15.37079804974495,0,0,-0.015285852713178283,NVDA,US,Semiconductors
2026-01-28,2062.42,2040.08,2021.86,2029.96,12375483,2015.0720000000001,2085.6169999999997,2093.737,2370.6114,2084.563644945799,2174.3603833785596,49.46606738707724,28.536556322934032,-89.79673843276078,-89.75456054198287,-0.04217789077790712,2093.737,88.73107413324213,2271.1991482664844,1916.2748517335158,0.320308159730631,0.16951713445041047,131.30928571428572,11289381.65,1.0962054687729093,605823100.0,-0.016492248062015435,0.008975546316179162,-0.015738792292541916,-0.09426116133177453,-0.07983391354801272,-0.041400055722671136,19.50779445722792,20.328137028434583,1,1,0.04147372362016988,NVDA,US,Semiconductors
2026-01-29,2048.72,2116.12,2010.06,2057.2,16617819,2025.0900000000001,2062.06,2090.3315,2361.1326,2080.3538534156755,2165.6818364616292,47.43700265251989,40.14610442552908,-85.32798304595372,-88.86924504277705,3.541261996823337,2090.3315,88.76255026308849,2267.856600526177,1912.8063994738227,0.4066850267871804,0.1698535380881857,120.3407142857143,11433985.5,1.4533705282929974,622440919.0,0.013418983625292924,0.05155551234685417,0.004139169823107052,-0.10274471490816794,-0.03204708960104652,0.024956280423095833,26.06091224012203,24.42183089550195,1,0,0.08783783783783794,NVDA,US,Semiconductors
2026-01-30,2020.3,2058.5,2042.38,2049.55,11621097,2041.372,2061.291,2093.5359999999996,2350.122,2075.614799044033,2157.079478205212,44.38485441362643,60.414212799371924,-81.46467916117899,-87.38833186645745,5.923652705278457,2093.5359999999996,85.88754553421317,2265.311091068426,1921.7609089315733,0.37196630277771286,0.16410044161489867,105.66285714285713,11604832.15,1.00140147210992,610819822.0,-0.003718646704258033,0.007865141128536519,0.014478047814673935,-0.00373801792693107,0.03227967322434111,0.04136392736289096,24.220554272459108,23.26308698993637,1,1,0.17042277573125797,NVDA,US,Semiconductors
2026-02-02,2066.47,2121.99,2104.2,2112.1,12600134,2062.562,2058.6,2099.986,2341.0164,2081.2279068834127,2153.7476650048256,46.42690849426842,81.66182809888282,-72.5197581214129,-84.41461711744854,11.894858996035637,2099.986,81.90919268502554,2263.804385370051,1936.1676146299487,0.5369738719256041,0.15601854999983156,99.92857142857137,11422867.85,1.1030621261137914,623419956.0,0.030518894391451612,0.008422896643147361,0.02208113352721212,-0.012580586346019995,0.06504966970904147,0.0528126012511525,39.26818706688011,29.8498845264871,1,1,0.2003077505799915,NVDA,US,Semiconductors
2026-02-03,2090.28,2037.95,2028.06,2032.45,11184256,2056.252,2044.4289999999996,2098.393,2328.6668,2073.723613516734,2144.7626527822463,38.61680897700134,54.88883931890848,-71.0390392655122,-81.73950154706128,10.700462281549079,2098.393,82.94284094608388,2264.2786818921677,1932.5073181078324,0.3012396270488046,0.15810735347676877,95.9778571428571,10851855.55,1.0306306527798692,612235700.0,-0.037711282609724894,0.004866048365271093,-0.02766614998946193,-0.06517919564337482,-0.015433728461325957,-0.015285852713178283,20.106812932977054,27.86518475743877,1,1,0.31392162168811044,NVDA,US,Semiconductors
2026-02-04,2063.38,2196.41,2048.35,2114.15,5298674,2073.09,2044.0810000000001,2096.5060000000003,2320.4518,2079.943057591083,2142.4950488724503,40.57075890029139,58.562988764812395,-62.551991281367464,-77.90199949392252,15.350008212555053,2096.5060000000003,82.08657851700488,2260.67915703401,1932.3328429659905,0.5537359466011577,0.15661596678848663,98.45999999999994,10745982.45,0.4930841392650759,617534374.0,0.04019779084356312,0.07003287373172666,0.024605259331764082,-0.0016433465714029705,-0.01753807118393591,0.04147372362016988,65.32289937528536,41.56596645838085,1,1,0.2700990941986139,NVDA,US,Semiconductors
2026-02-05,2063.95,2266.3,2215.18,2237.9,5120817,2109.23,2067.1600000000003,2106.4005,2313.8824000000004,2104.244125653993,2149.562082289306,60.81304316598438,77.17885711298172,-45.317956635313294,-71.38519092220068,26.067234286887384,2106.4005,86.71440228065715,2279.8293045613145,1932.9716954386859,0.8791166649961836,0.16466840428610988,92.46499999999995,10026794.45,0.5107132209423899,622655191.0,0.05853416266584688,0.02284284373742236,0.08428014244527048,0.11498622397377334,0.09700442644889007,0.08783783783783794,91.0531455751156,58.82761929445936,1,1,0.1893426873408106,NVDA,US,Semiconductors
2026-02-06,2246.48,2431.66,2372.59,2398.84,18034281,2179.088,2110.2300000000005,2121.1634999999997,2313.3014000000003,2149.566567861071,2168.027113230839,64.20534689191408,83.08926080892616,-18.46054536976817,-60.80026181171417,42.339716441946,2121.1634999999997,108.58475861230134,2338.3330172246024,1903.993982775397,1.139308185484615,0.2047645240213688,97.07642857142848,10410913.95,1.7322474620734465,640689472.0,0.07191563519370847,0.02462440179419014,0.06782165877280559,0.21883605841047893,0.1403607183943565,0.17042277573125797,93.2020132975141,83.19268608263837,1,1,0.12679461739840914,NVDA,US,Semiconductors
2026-02-09,2449.79,2588.57,2492.45,2535.17,11501694,2263.702,2163.132,2140.5654999999997,2313.6702,2208.890172805521,2195.222882621147,67.7709627558505,87.6496309619798,13.667290184373996,-45.90675141249654,59.574041596870536,2140.5654999999997,142.75866958556057,2426.0828391711207,1855.0481608288785,1.1910342137965717,0.2667681406347881,106.44499999999994,10618051.05,1.0832207212621452,652191166.0,0.05683163529039037,0.03791461716569793,0.03485196690327141,0.2636991251900407,0.18072496774764457,0.2003077505799915,91.65233703284092,91.96916530182357,1,1,0.0792570123502565,NVDA,US,Semiconductors
2026-02-10,2583.62,2732.13,2621.15,2670.48,5491089,2391.308,2223.7799999999997,2165.2615,2313.3044,2279.9039923739024,2230.4271135380995,75.25559382737482,88.90173893657342,49.476878835802836,-26.83002536283666,76.3069041986395,2165.2615,185.6052180038603,2536.4719360077206,1794.0510639922795,1.180501477049411,0.3428781567561693,109.68071428571423,10725501.8,0.5119656488272046,657682255.0,0.053373146573997055,0.04155807195708579,0.0336194951269794,0.2938372093023256,0.22692689381409203,0.31392162168811044,92.12905037906681,92.32780023647395,1,1,0.034188610287289256,NVDA,US,Semiconductors
2026-02-11,2646.27,2687.15,2683.59,2685.18,5937401,2505.514,2289.302,2187.4595,2313.0634,2342.254147393302,2264.1125125352773,83.94797184311453,100.0,78.14163485802464,-5.835693318664394,83.97732817668904,2187.4595,218.75571221353314,2624.970924427066,1749.9480755729337,1.068808575285446,0.4000178512350663,102.97499999999994,10480906.95,0.5664968176731292,663619656.0,0.0055046283814144115,0.0013257956636049055,0.014703715040409767,0.32277483300163534,0.1980885410624571,0.2700990941986139,94.00582182149729,92.59573641113502,1,1,0.03574434488563161,NVDA,US,Semiconductors
2026-02-12,2710.26,2668.59,2656.06,2661.63,7222158,2590.2599999999998,2349.745,2205.9024999999997,2313.6142,2391.388893948179,2293.558252347479,85.26447466107993,96.0392209626964,97.83064160069989,14.897573665208471,82.93306793549142,2205.9024999999997,242.37548594722932,2690.6534718944586,1721.151528105541,0.9700635237697393,0.43950353371850215,100.89499999999994,10235130.8,0.7056243281596041,656397498.0,-0.008770361763457135,0.004707641557990965,-0.017942927984762408,0.29381197744507115,0.1608796346777044,0.1893426873408106,90.51909628820533,92.2179894962565,1,1,0.03498983705473724,NVDA,US,Semiconductors
2026-02-13,2672.96,2726.27,2684.4,2703.0,10779108,2651.0919999999996,2415.09,2238.1904999999997,2318.1592,2439.3290641099975,2323.88727069211,85.31465696360344,95.40218664584151,115.44179341788731,35.00641761574425,80.43537580214306,2238.1904999999997,263.6112303229252,2765.41296064585,1710.9680393541494,0.9408096531297864,0.4711149123773109,101.22428571428564,10551309.6,1.0215894886081736,667176606.0,0.015543107043428206,0.015490196078425602,0.01123847719381836,0.31882608377448696,0.3138962882308336,0.12679461739840914,95.96576509189417,93.49689440053227,1,1,0.05555678875323711,NVDA,US,Semiconductors
2026-02-16,2704.32,2743.84,2729.92,2736.1,11095135,2691.278,2477.49,2268.0449999999996,2322.1306,2484.986131169998,2354.421546937139,84.9367904520315,93.87293162660012,130.56458423285903,54.118050939167205,76.44653329369183,2268.0449999999996,284.7508615115626,2837.5467230231247,1698.5432769768745,0.9109337874471045,0.502196140749301,97.75928571428565,10817332.0,1.0256811914729813,678271741.0,0.012245652978172261,0.0050875333503874074,0.011751567861787063,0.2954405567918186,0.2791431550109629,0.0792570123502565,98.94518793085263,95.14334977031739,1,1,0.04169438251525892,NVDA,US,Semiconductors
2026-02-17,2670.61,2807.18,2725.47,2761.78,19584085,2709.538,2550.4230000000002,2297.4260000000004,2327.0838,2527.56980329769,2384.5962471640173,88.37465391391902,91.39600306894167,142.9735561336729,71.88915197806834,71.08440415560456,2297.4260000000004,304.20500387593285,2905.836007751866,1689.0159922481348,0.8816127233959806,0.5296449224058583,100.58571428571422,11642224.2,1.6821599534082197,697855826.0,0.009385621870545702,0.029585991643060073,0.0341382680361288,0.3588427759600483,0.27027449681716176,0.034188610287289256,94.30449618615232,96.40514973629972,1,1,0.0885696905618838,NVDA,US,Semiconductors
2026-02-18,2767.83,2816.37,2752.99,2781.16,8693167,2728.734,2617.1240000000003,2330.6025,2332.603,2566.5836797134302,2413.971339966683,88.2780280439059,85.07415388515665,152.61233974674724,88.03378953180413,64.5785502149431,2330.6025,319.36873437050747,2969.3399687410147,1691.865031258985,0.8526938077448469,0.5481307676798087,97.53714285714281,11450255.1,0.7592115778091636,706548993.0,0.007017213536197442,0.022789052050215496,0.004816047228332344,0.31549795426057736,0.3133361352077557,0.03574434488563161,95.53348302051789,96.26105571250763,1,1,0.08281076960692668,NVDA,US,Semiconductors
2026-02-19,2800.84,2785.04,2730.54,2754.76,18517693,2747.36,2668.81,2367.985,2336.6059999999998,2595.533882834441,2439.2149444135957,86.56173204342558,70.52749586971936,156.31893842084537,101.6908193096124,54.62811911123298,2367.985,323.24380097446584,3014.4726019489317,1721.4973980510686,0.7991356669742862,0.5460233928413047,100.27857142857138,12117185.6,1.528217201837925,688031300.0,-0.009492442002617452,0.019783937620692988,-0.01645220719497846,0.2309575941731088,0.37250075979891495,0.03498983705473724,92.1845466883686,94.00750863167961,1,1,0.0624700518375465,NVDA,US,Semiconductors
2026-02-20,2742.72,2867.62,2841.62,2853.17,14402979,2777.3940000000002,2714.243,2412.2365,2344.1018,2635.1702085522197,2469.8782818644404,87.04349825547108,89.19538348203335,165.29192668777932,114.4110407852458,50.88088590253352,2412.2365,326.1908625696722,3064.6182251393443,1759.8547748606557,0.8379413332776771,0.5408936687087471,103.16571428571424,12348606.5,1.1663646285623703,702434279.0,0.03572362020647901,0.009112671169257663,0.040270242678786025,0.18939570792549731,0.4496783765382544,0.05555678875323711,98.27886035530723,95.33229668806457,1,1,0.052986677975725094,NVDA,US,Semiconductors
2026-02-23,2881.23,2910.3,2802.09,2850.18,11299497,2800.21,2745.744,2454.438,2350.6284,2668.2486380057244,2498.0487795041117,94.2681434804734,85.73023888133622,170.19985850161265,125.56880432851918,44.631054173093474,2454.438,325.48571230021554,3105.409424600431,1803.4665753995691,0.8039626510811161,0.5304443824616191,104.89214285714283,12138044.35,0.9309157013488997,691134782.0,-0.0010479571844650426,0.03796602319852153,-0.010776647473471193,0.12425596705546371,0.42072128205767245,0.04169438251525892,93.02511746610239,94.49617483659274,1,1,0.08882246033583852,NVDA,US,Semiconductors
2026-02-24,2865.09,3077.95,2949.13,3006.39,10270020,2849.132,2779.335,2501.5575,2356.5964000000004,2720.270386004844,2535.7036847260297,94.69602853364329,91.06876956270705,184.56670127881443,137.36838371857826,47.19831756023618,2501.5575,334.08809602251245,3169.733692045025,1833.381307954975,0.8777689971667714,0.5342081419633631,109.44999999999997,11382329.35,0.902277449713977,701404802.0,0.05480706481695896,0.042848732200398774,0.04931782247676352,0.12578637548305927,0.45658430232558134,0.0885696905618838,91.70578485564901,94.33658755901956,0,0,-0.014874982952976734,NVDA,US,Semiconductors
2026-02-25,3009.52,3022.49,3002.65,3011.47,13715747,2895.194,2811.964,2550.6330000000003,2363.7892,2765.0703266194837,2570.945634005583,93.980328614475,90.47233118293515,194.1246926139006,148.71964549764274,45.40504711625786,2550.6330000000003,333.2551356906763,3217.143271381353,1884.1227286186477,0.845708850850912,0.5226234204458982,99.99928571428566,11449342.55,1.1979505148135763,715120549.0,0.0016897341994883686,0.006588144660246691,0.0006479438581565068,0.12151513120163271,0.4835119903840468,0.08281076960692668,90.57502551875555,91.76864261350234,0,1,-0.02907882197066536,NVDA,US,Semiconductors
2026-02-26,3005.91,2969.41,2892.8,2926.85,11630689,2929.612,2838.486,2594.1155,2369.4934,2789.959507139563,2597.30892037554,82.87201324816658,69.49238714511254,192.65058676402305,157.5058337509188,35.144753013104236,2594.1155,322.03050470863104,3238.176509417262,1950.0544905827378,0.7583097681229729,0.49655538422789103,94.63571428571423,11199986.05,1.0384555757142593,703489860.0,-0.028099233928944978,0.02617489792779729,-0.026301519340224306,0.09964570582688048,0.4227347851448571,0.0624700518375465,74.1929974379604,85.49126927078834,0,1,-0.032656268684763456,NVDA,US,Semiconductors
2026-02-27,2941.93,3021.87,2990.33,3004.35,13733529,2959.8479999999995,2868.621,2641.8555,2375.4988,2822.9426598873224,2627.460111458833,81.5182050248556,79.3766625079447,195.48254842848928,165.10117668643292,30.38137174205636,2641.8555,307.49650254707853,3256.848505094157,2026.862494905843,0.7947143276399593,0.4655765654812871,87.87071428571423,11305607.65,1.2147536170023008,717223389.0,0.026478979107231293,0.010498111072275024,0.021217364111307493,0.1114872364039956,0.4658583591520089,0.052986677975725094,83.88791593676909,82.88531296449503,0,0,-0.03714613809975531,NVDA,US,Semiconductors
2026-03-02,3029.53,3208.24,3019.42,3103.34,12238314,3010.4799999999996,2905.3450000000003,2691.4175,2382.6148,2866.0807122123497,2662.7104735729936,80.57007260092098,79.40478149462845,203.3702386393561,172.75498907701757,30.615249562338533,2691.4175,297.33262426332817,3286.0827485266564,2096.7522514733437,0.8463482194560163,0.4418974377081485,88.36571428571422,11287516.65,1.0842343178971685,729461703.0,0.03294889077504304,0.06084412278381964,0.024363515132702292,0.1342202404882864,0.4693148998626959,0.08882246033583852,81.00257162504805,79.69449499992587,0,0,-0.03644460484510248,NVDA,US,Semiconductors
2026-03-03,3099.6,2980.82,2946.35,2961.67,8695602,3001.536,2925.334,2737.8785,2388.5625999999997,2880.786756487373,2684.8556236786976,66.55727887897481,59.882638679596525,195.93113280867556,177.3902178233492,18.540914985326367,2737.8785,259.0826790260551,3256.04385805211,2219.7131419478897,0.7159460262266109,0.3785159626710396,98.38857142857137,11163083.95,0.7789604790206314,720766101.0,-0.045650814928431926,0.01163870383938407,-0.04449929023098314,0.07237723497164872,0.45719205884523606,-0.014874982952976734,55.34608279898707,73.41219012026808,0,0,-0.02278781903453131,NVDA,US,Semiconductors
2026-03-04,2983.75,2951.29,2901.99,2923.9,22213520,2984.022,2939.6079999999997,2778.366,2394.6780000000003,2887.4195631816233,2702.562614517313,65.44272642698165,40.74456387586117,184.8569486643105,178.88356399154148,5.973384672769015,2778.366,216.20346904077556,3210.7729380815513,2345.9590619184487,0.6682836087748948,0.3112670815014261,100.57142857142854,12008826.25,1.8497659711109593,698552581.0,-0.012752940064220564,0.01686104175928839,-0.02005865102638621,0.05132390800960751,0.3830144502518742,-0.02907882197066536,45.72006719600316,60.68957387334611,0,1,-0.04747426382571218,NVDA,US,Semiconductors
2026-03-05,2918.0,2837.15,2826.56,2831.27,7481858,2964.906,2947.259,2808.0344999999998,2401.1582,2878.7811688459888,2712.096494923437,57.12270803949224,33.10139165009943,166.6846739225516,176.44378597774352,-9.759112055191906,2808.0344999999998,174.90234849842886,3157.8391969968575,2458.229803003142,0.5332121040668527,0.24914558350100982,102.90714285714284,12126878.3,0.6169648278762039,691070723.0,-0.03168029002359862,0.0037403709289458107,-0.029722412611367478,0.02777374435522506,0.2651458957057955,-0.032656268684763456,21.915197713151404,40.993782569380556,0,1,-0.046081793682693606,NVDA,US,Semiconductors
2026-03-06,2857.55,3014.36,2795.46,2892.75,8018427,2942.5860000000002,2951.2169999999996,2832.73,2408.0642,2880.93021979276,2725.4782360402196,58.432833410493,46.65712493137794,155.4519837525404,172.2454255327029,-16.79344178016251,2832.73,146.6763392464503,3126.0826784929004,2539.3773215070996,0.6023000715516738,0.20711658258485408,115.62571428571427,11626085.6,0.6896926950466721,699089150.0,0.021714636894397232,0.07567193846683067,0.01231824465013298,0.013872289418436212,0.20589534941888576,-0.03714613809975531,34.65004039183332,34.095101766995974,0,0,-0.06382162302307492,NVDA,US,Semiconductors
2026-03-09,2896.64,3029.74,2958.63,2990.24,7293957,2919.9660000000003,2965.2229999999995,2855.4835,2420.9928,2897.7471090554122,2745.090218555759,61.41592212828045,48.668943267362216,152.6568904996534,168.32771852609304,-15.670828026439636,2855.4835,132.72013147083126,3120.9237629416625,2590.043237058337,0.7538358320358927,0.18591615951664212,119.57428571428568,11415698.75,0.6389408586188507,706383107.0,0.033701495117103075,0.023780699876924896,0.03231330092796053,0.049140756022426624,0.1795027552392936,-0.03644460484510248,54.3646640149584,36.97663403998106,0,0,-0.08618371769490063,NVDA,US,Semiconductors
2026-03-10,2971.85,2978.22,2826.95,2894.18,8757644,2906.468,2954.0019999999995,2866.6684999999998,2432.4406,2897.1983230468873,2756.1339060701475,55.24552121043349,30.15936254980076,141.06441697673972,162.87505821622238,-21.810641239482663,2866.6684999999998,125.54032110820269,3117.7491422164053,2615.5878577835942,0.5547861829502038,0.175172429052273,126.71071428571425,11579026.5,0.7563367476240989,697625463.0,-0.03212451174487663,0.0522669633540235,-0.02613523562763058,-0.037323833567833864,0.08376771217159451,-0.02278781903453131,34.25580908512819,41.09017116397332,0,0,-0.04864244794725958,NVDA,US,Semiconductors
2026-03-11,2940.84,2838.67,2742.23,2785.09,14850914,2878.7059999999997,2931.364,2871.6639999999998,2444.0208000000002,2879.9508887319816,2758.2788019168033,51.30733885636945,32.146323707837894,121.67208681517832,154.6344639360136,-32.96237712083527,2871.6639999999998,119.79476921188854,3111.2535384237767,2632.074461576223,0.31932850538909985,0.16686460423203658,133.67142857142852,12024702.15,1.2350337313732356,682774549.0,-0.03769288710446472,0.0346272472343678,-0.05296105874510243,-0.07517259013040134,0.037207933918768976,-0.04747426382571218,9.197227527286577,32.60590020912441,0,0,-0.02403872047222899,NVDA,US,Semiconductors
2026-03-12,2840.85,2776.1,2640.56,2700.8,10274531,2852.612,2908.759,2873.6225000000004,2455.5306,2852.389213542446,2754.021112885929,43.35134002984632,29.3823007541032,98.36810065651707,143.38119128011428,-45.01309062359721,2873.6225000000004,116.45384420561864,3106.5301884112378,2640.714811588763,0.12898927644032457,0.16210040700276832,135.9335714285714,12177320.8,0.8437430798617804,672500018.0,-0.030264731121794952,0.05018513033173495,-0.04929862541139111,-0.07723320293147917,0.014716545876023446,-0.046081793682693606,10.611612175855084,18.021549596089965,1,1,0.008086492890995167,NVDA,US,Semiconductors
2026-03-13,2664.21,2733.94,2687.47,2708.13,12431928,2815.688,2879.1369999999997,2873.879,2469.984,2830.19548838207,2750.621771190675,43.82504064475184,36.490104006670464,79.57371719139473,130.61969646237037,-51.045979270975636,2873.879,116.06324795242678,3106.0054959048534,2641.7525040951464,0.14297699115726598,0.16154228894450515,131.52357142857142,12259961.8,1.0140265678457034,684931946.0,0.0027140106635070715,0.01715944212426401,0.016485186978497785,-0.09859703430026456,0.001897891231964488,-0.06382162302307492,11.902832581715254,10.570557428285653,1,1,0.03584761440551221,NVDA,US,Semiconductors
2026-03-16,2668.47,2738.23,2727.98,2732.53,13617070,2764.146,2842.056,2873.7005,2484.9725999999996,2815.170028630982,2749.281639991366,36.55439905734487,30.86514116466823,65.8883886396161,117.67343489781952,-51.78504625820342,2873.7005,116.28882434766133,3106.2781486953227,2641.122851304677,0.19650888468407834,0.16186631049077094,117.4042857142857,12386058.55,1.099386769862575,698549016.0,0.009009907205340895,0.003751102458160111,0.024006265762769076,-0.11948739100453054,-0.0013047768721902164,-0.08618371769490063,16.201028748562265,12.90515783537755,0,0,-0.023227558343366872,NVDA,US,Semiconductors
2026-03-17,2731.46,2762.91,2745.8,2753.4,17723042,2735.9900000000002,2821.229,2873.2815,2498.7544,2805.666947303139,2749.5867036957093,37.523085699919754,15.378318325342065,56.080243607429566,105.35479663974154,-49.27455303231197,2873.2815,116.7275783620413,3106.7366567240824,2639.8263432759177,0.24324512321240008,0.16250072032552404,118.15714285714284,12293006.4,1.4417173457489336,716272058.0,0.0076376105660320714,0.00621413525096007,0.008032334355982523,-0.07032181168057206,-0.003034274996560282,-0.04864244794725958,19.877395715861297,15.993752348712954,0,1,-0.029163942761676553,NVDA,US,Semiconductors
2026-03-18,2739.94,2781.5,2667.46,2718.14,8715043,2722.6,2800.653,2870.1305,2510.0794,2792.201263102656,2747.257318236768,39.403754962785456,18.702887213767582,44.94394486588817,93.27262628497087,-48.3286814190827,2870.1305,120.14578024327972,3110.4220604865595,2629.838939513441,0.18373733207187348,0.16744295110377425,117.82642857142858,12294100.2,0.7088800440328245,707557015.0,-0.012805985327231872,0.041955160514159685,-0.007956378606827968,-0.07037176374021004,-0.022659609659278823,-0.02403872047222899,13.666149943606133,16.58152480267658,0,0,-0.08135710449057076,NVDA,US,Semiconductors
2026-03-19,2701.13,2744.93,2704.81,2722.64,10752025,2726.968,2789.79,2868.5245,2523.732,2781.499530317632,2745.4338131821924,34.55249333757388,32.323804132465256,36.06571713543963,81.83124445506462,-45.765527319624994,2868.5245,121.96994286666705,3112.464385733334,2624.584614266666,0.20098268357869814,0.17008039201565053,113.905,11905816.8,0.9030900002518096,718309040.0,0.0016555438645544651,0.01473569770516306,0.00796333386397241,-0.038367940888717866,-0.011659817915172455,0.008086492890995167,14.458850056344307,16.000798571937263,0,0,-0.10573928246114062,NVDA,US,Semiconductors
2026-03-20,2742.83,2845.21,2773.21,2805.21,12398449,2746.384,2781.036,2866.1265,2537.7646,2785.14729488415,2749.8616788724003,33.35231904937402,79.8433659177956,35.28561601174988,72.52211876640168,-37.236502754651795,2866.1265,122.75663331955074,3111.6397666391013,2620.6132333608984,0.37594051263648914,0.17132060754402553,108.0964285714286,11805590.3,1.050218382538789,730707489.0,0.03032718244057242,0.025666527639632803,0.022742933393603455,-0.03026186155042776,-0.016809373433759656,0.03584761440551221,42.30690169062569,23.477300563525393,0,0,-0.11748140067945001,NVDA,US,Semiconductors
2026-03-23,2798.71,2674.15,2664.99,2669.06,13388796,2733.69,2748.918,2857.0705000000003,2548.2032,2767.2877110558193,2743.8763693262963,33.559203946555186,43.568724279835365,23.411341729522974,62.699963359025936,-39.28862162950296,2857.0705000000003,130.43557015974557,3117.9416403194914,2596.199359680509,0.13964871742830218,0.18261442293384067,106.89857142857146,11910055.25,1.1241589224232253,717318693.0,-0.04853469080746187,0.0034319198519317203,-0.04632491397820916,-0.10740943870726094,-0.06354686370685358,-0.023227558343366872,7.323089572929437,21.36294710663316,0,0,-0.09350857605299245,NVDA,US,Semiconductors
2026-03-24,2687.05,2700.83,2650.92,2673.1,4938958,2717.63,2726.8100000000004,2840.406,2558.134,2752.7972939703086,2738.633675302126,35.35320500840963,39.5144500511662,14.163618668182608,52.99269442085727,-38.82907575267466,2840.406,131.63946814171874,3103.6849362834373,2577.1270637165626,0.18226474483308794,0.18538119992940774,106.20071428571428,11643502.15,0.4241814457704681,722257651.0,0.0015136415067475983,0.018671205716202607,-0.005191566960047293,-0.07638778514121447,-0.11086053372982219,-0.029163942761676553,8.361169638706091,19.330386967420424,0,0,-0.10990984250495672,NVDA,US,Semiconductors
2026-03-25,2682.65,2577.32,2432.75,2497.0,6421009,2673.4019999999996,2698.001,2814.6825,2563.2496,2713.4438641287225,2720.7348845390056,32.212679458935966,20.771966622589048,-7.291020410283181,40.93595145462918,-48.226971864912365,2814.6825,145.94174424912296,3106.565988498246,2522.7990115017537,-0.04419402350308788,0.20740064891734145,116.41571428571426,11278765.25,0.5693006537838303,715836642.0,-0.06587856795480895,0.057897476972343716,-0.0692039587720839,-0.103440104269521,-0.17083683383862358,-0.08135710449057076,10.76232432702263,8.815527846219403,0,0,-0.02647977573087701,NVDA,US,Semiconductors
2026-03-26,2519.05,2466.6,2409.27,2434.75,8747973,2615.8239999999996,2671.3959999999997,2790.0775000000003,2566.0892,2670.567885031996,2699.550819017598,25.6486601446193,19.567878696763415,-28.982933985601903,26.952174366582963,-55.93510835218487,2790.0775000000003,166.1229566149006,3122.3234132298016,2457.831586770199,-0.03473569704106436,0.23816249780135657,107.04642857142855,11134629.45,0.7856545432093798,707088669.0,-0.02492991589907889,0.023546565355776313,-0.033464996724942624,-0.0985078495260664,-0.16813297572475527,-0.10573928246114062,4.106564378609596,7.743352781446123,1,0,0.008937262552623615,NVDA,US,Semiconductors
2026-03-27,2493.71,2510.47,2447.8,2475.65,18963939,2549.9120000000003,2648.148,2763.6425000000004,2574.4574000000002,2640.5805181039964,2682.9655731644425,20.887973659496964,25.39989243242171,-42.38505506044612,13.084728481177143,-55.469783541623265,2763.6425000000004,172.1865056108517,3108.015511221704,2419.269488778297,0.08185965418951524,0.24921675739288196,102.66999999999997,11396149.95,1.664065269335521,726052608.0,0.016798439264811726,0.025314563851907296,-0.007242221429112729,-0.0858452142253141,-0.1759781649940918,-0.11748140067945001,11.667106072569375,8.845331592733883,1,0,0.0005937834508107365,NVDA,US,Semiconductors
2026-03-30,2487.35,2450.7,2394.5,2419.48,19400701,2499.996,2616.843,2729.4494999999997,2580.0668,2606.5650537803044,2663.44812330041,21.87529623661011,9.448918231323987,-56.88306952010544,-0.9088311190793764,-55.974238401026064,2729.4494999999997,169.0508910443732,3067.551282088746,2391.3477179112533,0.04160327389419205,0.24774357033432753,96.80285714285712,11754269.3,1.650523639906426,706651907.0,-0.02268899077010078,0.02322813166464554,-0.02728606750154687,-0.11456415849048329,-0.22036257709435647,-0.09350857605299245,5.542366488417073,7.105345646532032,1,1,0.037929637773405744,NVDA,US,Semiconductors
2026-03-31,2416.84,2384.15,2375.42,2379.3,6394970,2441.236,2579.433,2700.331,2584.1696,2571.6011993525653,2642.400114167046,23.82033780209288,11.837530291855458,-70.79891481448067,-14.88684785815964,-55.91206695632103,2700.331,176.91901840286434,3054.169036805729,2346.4929631942714,0.04635883284602159,0.2620701216299762,89.09642857142856,11639237.7,0.549431983038547,700256937.0,-0.016606874204374455,0.003669146387591455,-0.015532679035428256,-0.13586838091087383,-0.19663568189568714,-0.10990984250495672,0.8259009344583432,6.0117911651482805,1,1,0.08666834783339628,NVDA,US,Semiconductors
2026-04-01,2356.39,2511.8,2366.14,2430.88,8587185,2428.012,2550.7070000000003,2675.68,2590.4346,2549.9517840675553,2626.7319575620795,31.818671696079747,21.648953602696764,-76.7801734945242,-27.265512985432558,-49.51466050909165,2675.68,178.4691850152322,3032.618370030464,2318.7416299695356,0.15708365847686337,0.26680198680733935,89.17714285714285,10957920.95,0.7836508636566809,708844122.0,0.021678644979615802,0.05992068715853534,0.03161191483581607,-0.10568256234042384,-0.16861725777215364,-0.02647977573087701,13.51368276032001,6.627316727731826,1,1,0.13482360297505425,NVDA,US,Semiconductors
2026-04-02,2409.53,2499.2,2422.36,2456.51,15808284,2432.3640000000005,2524.094,2656.942,2599.4226,2535.576124980239,2614.1229236685926,33.45911122797793,42.68367605073908,-78.54679868835365,-37.52177012601678,-41.025028562336864,2656.942,180.93016069307518,3018.80232138615,2295.08167861385,0.22305336043415375,0.2723885740720076,91.34642857142853,11374242.25,1.389831714738473,724652406.0,0.01054350687816763,0.031280149480347484,0.019497578365897297,-0.09774703963799825,-0.1323646278878382,0.008937262552623615,18.86363161955699,11.067738438111798,1,1,0.10004844270937219,NVDA,US,Semiconductors
2026-04-03,2413.36,2490.11,2466.73,2477.12,25950432,2432.6580000000004,2491.285,2636.1605,2609.6022,2526.5828749832795,2603.974558952401,33.12588364318651,59.01220912919555,-77.39168396912146,-45.495752894637725,-31.895931074483734,2636.1605,176.22830017891022,2988.61710035782,2283.7038996421797,0.27438286041627014,0.2674014729813959,91.59642857142853,12270842.5,2.1148042512317917,750602838.0,0.008389951597998602,0.00943838005425279,0.026419597573496427,-0.11695737574014076,-0.14367988937861897,0.0005937834508107365,23.1657169097978,18.51434376322495,1,1,0.16567626921586354,NVDA,US,Semiconductors
2026-04-06,2443.17,2560.66,2471.72,2511.25,12170797,2451.0119999999997,2475.504,2612.2110000000002,2619.7041999999997,2524.223971139698,2597.1060731040748,34.27740335294193,57.79675865089793,-72.88210196437694,-50.973022708585574,-21.90907925579137,2612.2110000000002,157.08372416946267,2926.3784483389254,2298.043551661075,0.3393197631802032,0.2405375739852599,95.7792857142857,12514684.5,0.9725212031896446,762773635.0,0.013778097145071833,0.03541662518664595,0.027865437116521594,-0.059125684697983516,-0.1601844667986515,0.037929637773405744,30.289936752394677,24.10642842724984,1,1,0.09903434544549516,NVDA,US,Semiconductors
2026-04-07,2529.62,2645.1,2537.83,2585.51,5806757,2492.254,2466.745,2596.7775,2630.1344,2533.65259096436,2596.247104725995,41.8035522266306,83.69251998863596,-62.59451376163497,-53.297320919195464,-9.297192842439507,2596.7775,142.39921635928036,2881.575932718561,2311.9790672814393,0.4802184655776973,0.2193475819306438,97.1942857142857,12367140.15,0.46953106862534677,768580392.0,0.029570930811348983,0.041488913212464264,0.022094227591487353,-0.032767199132093694,-0.10665197050632635,0.08666834783339628,45.790803014077774,33.082152225423435,1,1,0.059272638667032806,NVDA,US,Semiconductors
2026-04-08,2596.69,2871.77,2668.1,2758.62,15983341,2557.802,2492.907,2595.454,2644.7076,2568.262961585228,2608.2747265981434,51.84007037067342,100.0,-40.011765012915475,-50.64020973793947,10.628444725023996,2595.454,140.66937041386038,2876.792740827721,2314.1152591722794,0.7899813931049141,0.21679347106719085,114.77571428571426,12423761.5,1.286513727222329,784563733.0,0.06695390851321381,0.07383039345757163,0.062360158509463,0.10477372847416899,-0.009504181193426553,0.13482360297505425,77.62197654395976,51.23423877014409,1,1,0.008341127085281785,NVDA,US,Semiconductors
2026-04-09,2752.84,2710.79,2695.48,2702.28,6831181,2606.9559999999997,2519.66,2595.528,2657.6092,2588.8809674951926,2615.238080183466,44.5908875926218,85.33118100395757,-26.357112688273446,-45.78359032800627,19.426477639732823,2595.528,140.728082096384,2876.984164192768,2314.0718358072318,0.689642320155754,0.21687777145356138,110.53071428571424,12251594.0,0.5575748300527401,777732552.0,-0.020423255105813665,0.005665586097663558,-0.01836648697344618,0.10987986446247056,0.0005479857819905565,0.10004844270937219,66.47944148870428,63.297407015580625,1,1,0.03329040661959515,NVDA,US,Semiconductors
2026-04-10,2648.75,2908.93,2870.39,2887.52,10926924,2689.036,2560.8469999999998,2604.4975,2674.3686,2634.8254340343938,2635.407111280987,60.91710476342776,89.63747723886777,-0.5816772465932445,-36.74320771172366,36.16153046513042,2604.4975,153.42657214703664,2911.3506442940734,2297.6443557059265,0.9611693007906799,0.23563327996587105,115.2757142857142,12176343.8,0.8973895023077861,788659476.0,0.06854952114510704,0.013347093699779263,0.09014440773946572,0.16636842849352695,0.06624128088385706,0.16567626921586354,96.05556476704427,80.05232759990278,0,0,-0.01135230232171558,NVDA,US,Semiconductors
