Date,Open,High,Low,Close,Volume,sma5,sma10,sma20,sma50,ema12,ema26,rsi,rsi_6,macd,macd_sig,macd_hist,bb_mid,bb_std,bb_upper,bb_lower,bb_pos,bb_width,atr,vol_sma20,vol_ratio,obv,daily_ret,hlpct,co_pct,mom10,mom20,roc5,stoch_k,stoch_d,target,target_3d,ret_5d,symbol,market,sector
2024-07-22,3165.13,3207.45,3204.45,3205.79,19389632,3096.3019999999997,3038.954,2958.0834999999997,2744.6808,3033.764548673667,2927.3679568124608,79.87995923143706,87.97253870873502,106.39659186120616,88.83919841498475,17.55739344622141,2958.0834999999997,109.42882898679437,3176.9411579735884,2739.225842026411,1.0659077737842446,0.14797260318954125,64.09000000000002,11683643.95,1.6595533399874498,405296251.0,0.008335194335842289,0.0009358067746168851,0.01284623380397867,0.0968815865108259,0.15220032203341094,0.05841471708827739,99.5193977993645,95.59443273737834,0,0,-0.0856138424538101,RELIANCE.NS,IN,Conglomerate
2024-07-23,3202.87,3197.06,3180.27,3187.74,12755413,3133.352,3060.8509999999997,2977.4635,2760.0586,3057.457806158782,2947.043201104528,78.83100191852769,78.64560796192117,110.41460505425403,93.15432901292013,17.260276041333896,2977.4635,114.20272244312335,3205.8689448862465,2749.058055113753,0.9603141140172122,0.1534228344939711,63.32214285714287,11508417.6,1.1083549741577874,392540838.0,-0.005630437427280088,0.005267054402176683,-0.004723888262712937,0.07375781889469368,0.13842165034605403,0.061698790004296455,93.96564920523538,95.85709724669009,0,0,-0.07411520387484538,RELIANCE.NS,IN,Conglomerate
2024-07-24,3200.85,3193.03,3145.64,3166.7,9001258,3169.154,3080.8669999999997,2995.3239999999996,2774.7410000000004,3074.26713488705,2963.6170368072217,74.20028349231883,80.18677157248432,110.65009807982824,96.65351478921264,13.996583290615604,2995.3239999999996,114.48244670782731,3224.2888934156545,2766.3591065843448,0.8742407786682301,0.1528815536586883,63.50785714285718,11350919.7,0.7929980516910845,383539580.0,-0.006600287350913225,0.014965105630462426,-0.010669041035971515,0.06747254377153178,0.12714407241171877,0.05991585472388361,87.52410984879671,93.6697189511322,0,0,-0.06512141977452868,RELIANCE.NS,IN,Conglomerate
2024-07-25,3174.66,3137.34,3052.63,3090.28,10331273,3165.96,3090.0919999999996,3008.091,2786.4752000000003,3076.731004507347,2973.161014922994,64.25983612108078,65.37573813734605,103.5699895843527,98.03681985675374,5.53316972759896,3008.091,109.79695858600468,3227.684917172009,2788.4970828279907,0.6871386080674858,0.14600217691016412,65.06642857142859,11505521.35,0.8979403703474619,373208307.0,-0.024132377553920392,0.027411755569065787,-0.02657922423187777,0.030770205768454684,0.09006892562100077,-0.005141247484909406,59.53096397589369,80.34024100997526,0,0,-0.05738638569967769,RELIANCE.NS,IN,Conglomerate
2024-07-26,3091.32,3072.83,3045.2,3057.48,7559806,3141.598,3101.257,3017.094,2796.8251999999998,3073.7689535280797,2979.5063074407417,60.827739055022,40.161387936251764,94.262646087338,97.28198069007588,-3.019334602737885,3017.094,105.8288969292562,3228.7517938585124,2805.4362061414877,0.595403999217722,0.14030573383424064,67.52857142857147,11307311.25,0.6685767433370384,365648501.0,-0.01061392495178437,0.009036853879662687,-0.01094678001630022,0.037901032985610206,0.06257689179890313,-0.038313585737696165,47.61422383663683,64.88976588710908,0,0,-0.04554404280649427,RELIANCE.NS,IN,Conglomerate
2024-07-29,3064.09,2958.5,2909.59,2931.33,20982246,3086.706,3091.504,3017.4445,2804.3238,3051.8530272084895,2975.8851458703452,47.33591392952695,8.805156831472615,75.96788133814425,93.019140883218,-17.051259545073748,3017.4445,105.5166099907846,3228.4777199815694,2806.4112800184307,0.295969326516894,0.1398754608288566,74.25785714285715,11801417.2,1.7779427560663854,344666255.0,-0.041259468581969494,0.016685258909772415,-0.04332770904247489,-0.032200233751312424,0.0023971384800567375,-0.0856138424538101,7.298730947400395,38.14797291997697,0,0,-0.029119887559571955,RELIANCE.NS,IN,Conglomerate
2024-07-30,2892.68,2966.86,2939.18,2951.48,16303767,3039.454,3086.403,3020.5600000000004,2810.9825999999994,3036.4096867228204,2974.052737059723,48.95503746877603,6.839550592308498,62.356949663097566,86.88667969493261,-24.529730031835044,3020.5600000000004,102.40378945496506,3225.3675789099307,2815.75242109007,0.3313538972336772,0.13560901217645896,75.42214285714287,12231796.85,1.3329002980538958,360970022.0,0.006874012820119235,0.009378345779063694,0.020327170651430457,-0.016989232270548715,0.021566747543412035,-0.07411520387484538,14.063654065621192,22.99220294988614,0,0,-0.04164351444021297,RELIANCE.NS,IN,Conglomerate
2024-07-31,2947.09,2964.47,2957.29,2960.48,6864462,2998.21,3083.682,3024.6755000000003,2817.1856,3024.727341111389,2973.034683801548,47.310595751385875,10.208012326656416,51.6926573098408,79.8478541496159,-28.1551968397751,3024.6755000000003,97.9366425955817,3220.548785191164,2828.8022148088367,0.33613002677296083,0.12951689210369763,73.19285714285716,12100251.0,0.5672990942667971,367834484.0,0.0030493176304768888,0.00242528238663913,0.004543464909451469,-0.009107370577268736,0.028598032777771953,-0.06512141977452868,17.085207815694982,12.815864276238855,0,0,-0.037912770902015946,RELIANCE.NS,IN,Conglomerate
2024-08-01,2967.21,2921.97,2905.71,2912.94,12652406,2962.7419999999997,3064.351,3024.6215,2820.6391999999996,3007.528223098297,2968.531350966943,47.62852404643451,9.341152342498262,38.99687213135394,71.67763818218297,-32.680766050829035,3024.6215,98.00114318747818,3220.6237863749566,2828.619213625044,0.21510153767653953,0.12960450514214197,71.61500000000001,12527113.7,1.0100016087503374,355182078.0,-0.016058206777279316,0.00558198933036526,-0.01828990870210794,-0.06223259557344063,-0.0003706220273024252,-0.05738638569967769,2.3961026048836955,11.181654828733292,0,0,-0.006107231868833551,RELIANCE.NS,IN,Conglomerate
2024-08-02,2901.72,2955.81,2888.17,2918.23,7684869,2934.892,3038.245,3024.442,2825.3092000000006,2993.7893147131613,2964.7651550150126,41.01606275681733,14.294608392479148,29.02415969814865,63.146926143778416,-34.122766445629765,3024.442,98.20242673601336,3220.846853472027,2828.037146527973,0.22960953326095643,0.12987840631227968,68.36357142857143,12032080.1,0.63869823816264,362866947.0,0.0018160346591415966,0.023178433502491817,0.005689728850473005,-0.08211267295528246,-0.0012286862298157564,-0.04554404280649427,9.414933600571855,9.632081340383511,0,0,-0.0017681951045667166,RELIANCE.NS,IN,Conglomerate
2024-08-05,2935.31,2882.87,2816.46,2845.97,8396632,2917.82,3002.263,3020.6085,2828.396,2971.0468728989736,2955.8777431184644,38.17110036275695,12.282891686579418,15.169129780509138,53.55135216595023,-38.38222238544109,3020.6085,103.72669271620532,3228.0618854324102,2813.1551145675894,0.07908978049197128,0.1373586715606089,67.63714285714286,11199549.0,0.7497294087708881,354470315.0,-0.024761584933332914,0.02333475054198622,-0.030436308260445986,-0.1122406645475843,-0.02623313168915775,-0.029119887559571955,7.547507608870894,6.452847938108815,1,1,0.010952329082878576,RELIANCE.NS,IN,Conglomerate
2024-08-06,2842.38,2870.75,2794.82,2828.57,10673337,2893.2380000000003,2966.346,3013.5985,2830.6394,2949.1265312627866,2946.360511412513,38.021680216802174,20.065252854812442,2.766019850273551,43.39427325027238,-40.628253399998826,3013.5985,111.8349494038329,3237.268398807666,2789.928601192334,0.08638041822696821,0.14844041023221358,70.43999999999998,11076213.05,0.9636268269842617,343796978.0,-0.006113908438950433,0.02684395295148184,-0.004858604408979477,-0.11267230075225698,-0.04722494501089669,-0.04164351444021297,8.179240481767742,8.38056056373683,1,1,0.009916671675086697,RELIANCE.NS,IN,Conglomerate
2024-08-07,2838.27,2874.62,2827.15,2848.24,12496259,2870.79,2934.5,3007.6835,2833.8180000000007,2933.6050335151676,2939.0302604903777,27.179777467230323,19.84108436550578,-5.42522697521008,33.63036362876119,-39.05559060397127,3007.6835,117.44276295845464,3242.5690259169096,2772.7979740830906,0.16059317751115096,0.15619032116699208,64.08499999999997,11445609.95,1.091794842109324,356293237.0,0.006954043916183705,0.016666432603988125,0.003512703160726882,-0.10056525720781884,-0.039878107155137066,-0.037912770902015946,12.946223008474954,9.557657033037863,1,1,0.03160899362413283,RELIANCE.NS,IN,Conglomerate
2024-08-08,2859.49,2958.75,2844.27,2895.15,10046889,2867.232,2914.987,3002.5395,2837.8864000000003,2927.6887155266163,2935.7541871581107,23.650728884602557,34.3760463002822,-8.065471631494347,25.29119003347995,-33.3566616649743,3002.5395,120.11061408354506,3242.76072816709,2762.31827183291,0.27647791408846756,0.16001203525682842,65.62071428571426,11488364.75,0.8745272581524487,366340126.0,0.016469819958992327,0.039541992642854594,0.012470755274537712,-0.06314314560492906,-0.03431586741960557,-0.006107231868833551,24.314761408466875,15.146741632903192,0,0,-0.015180560592715442,RELIANCE.NS,IN,Conglomerate
2024-08-09,2917.26,2969.0,2868.32,2913.07,41818668,2866.2,2900.546,3000.9015,2843.1716,2925.4396312284034,2934.061590357376,22.41613267998494,50.03622178879914,-8.621959128972776,18.508555943460983,-27.13051507243376,3000.9015,121.14362851264818,3243.188757025296,2758.6142429747038,0.3187451104967761,0.16147631438433782,70.80071428571425,12957118.2,3.2274664880755286,408158794.0,0.006189662020966047,0.03456147638057625,-0.0014362792483352935,-0.047231707157528335,-0.01112080466286236,-0.0017681951045667166,29.39787191719026,22.219618778044026,0,1,-0.0018434160524808396,RELIANCE.NS,IN,Conglomerate
2024-08-12,2895.71,2879.7,2875.09,2877.14,22932096,2872.434,2895.127,2993.3154999999997,2848.8203999999996,2918.0087757615506,2929.8166445307725,21.685385064177368,40.22085772764051,-11.807868769221841,12.445267956134378,-24.25313672535622,2993.3154999999997,124.01699355012,3241.34948710024,2745.2815128997595,0.26580729649498686,0.16572525488887313,71.69071428571426,13473619.25,1.7019995795116758,385226698.0,-0.012334066809242539,0.0016022856030634834,-0.0064129349969415965,-0.01848648906810224,-0.05009145355018063,0.010952329082878576,20.672509479870666,24.7950476018426,0,0,-0.021601312414411544,RELIANCE.NS,IN,Conglomerate
2024-08-13,2867.59,2878.55,2839.08,2856.62,9186278,2878.044,2885.641,2986.022,2853.0209999999997,2908.5641949629817,2924.3607160910215,21.705963938973653,53.362803915377356,-15.796521128039785,6.79690787015837,-22.593428998198156,2986.022,127.68416307848291,3241.390326156966,2730.653673843034,0.24663655053150982,0.17104249476854513,71.12499999999997,13169856.35,0.6975229689940415,376040420.0,-0.007132082554203167,0.013817028516213721,-0.0038255120153147517,-0.03213980782522674,-0.04858300943550187,0.009916671675086697,18.042742029609748,22.70437447555689,0,1,-0.029328367091177587,RELIANCE.NS,IN,Conglomerate
2024-08-14,2867.54,2976.76,2907.47,2938.27,5257990,2896.05,2883.42,2983.5510000000004,2860.7880000000005,2913.1343817711386,2925.397004997289,36.260597624685914,74.6406109613656,-12.262623226150481,2.985000425796782,-15.247623651947263,2983.5510000000004,128.12761298593554,3239.8062259718713,2727.2957740281295,0.41164863110853683,0.1717786798159542,71.55857142857144,13243425.5,0.397026404005036,381298410.0,0.028582730639707066,0.023581903637166373,0.024665741367156293,-0.007502161811598129,-0.016541207421117976,0.03160899362413283,51.59886335005358,30.104704953177997,0,0,-0.044413889805906215,RELIANCE.NS,IN,Conglomerate
2024-08-15,2941.84,2856.71,2846.78,2851.2,11117720,2887.2599999999998,2877.246,2970.7985,2868.0191999999997,2903.6059042795728,2919.871448300204,33.021104270240016,50.510344827586216,-16.265544020631296,-0.8651094533909194,-15.400434567240376,2970.7985,127.96509319567953,3226.728686391359,2714.8683136086406,0.26634545989549535,0.17229723684812223,74.8735714285714,13377526.6,0.8310743459052927,370180690.0,-0.029633083413028838,0.0034827441077428293,-0.030810649117548716,-0.021195081258110426,-0.08210865191146888,-0.015180560592715442,30.988237880449464,33.54328108670426,0,0,-0.019360269360269244,RELIANCE.NS,IN,Conglomerate
2024-08-16,2849.7,2944.88,2877.95,2907.7,13145824,2886.186,2876.193,2957.219,2876.6754000000005,2904.2357713719452,2918.9653832261315,47.803127498558965,52.0945291898928,-14.72961185418626,-3.6380105039026516,-11.091601350283607,2957.219,118.7546996698835,3194.728399339767,2719.7096006602333,0.39575359935638366,0.1606302403303147,71.00142857142858,13429841.25,0.9788517061695196,383326514.0,0.019816217732884445,0.023018193073555484,0.0203530196160928,-0.0036083516378079272,-0.08542473319514743,-0.0018434160524808396,62.042431570506324,48.20984426700312,0,0,-0.050875262234755914,RELIANCE.NS,IN,Conglomerate
2024-08-19,2885.39,2844.15,2791.65,2814.99,13371072,2873.756,2873.0950000000003,2937.679,2884.2258,2890.505538113429,2911.2281093588917,38.819076953323375,36.901009669319905,-20.72257124546286,-7.0549232144692375,-13.667648030993622,2937.679,107.30090733417349,3152.280814668347,2723.0771853316533,0.21414733796677737,0.14610297086119606,76.75285714285711,13128913.25,1.0184446135749572,369955442.0,-0.03188430718437252,0.018650155062711185,-0.024398781447213615,-0.01088556801371765,-0.12190442917346433,-0.021601312414411544,12.608719139902538,35.2131295302861,0,0,-0.006536435298171495,RELIANCE.NS,IN,Conglomerate
2024-08-20,2810.37,2792.15,2757.39,2772.84,16332596,2857.0,2867.522,2916.934,2890.1542,2872.4030198018386,2900.9335347536257,35.4208105420189,36.297950604309015,-28.530514951787154,-11.35004212734384,-17.180472824443314,2916.934,95.91402435185634,3108.762048703713,2725.1059512962875,0.12441884548728249,0.13152717799144373,79.93928571428569,13307772.4,1.2272974230234488,353622846.0,-0.014973410207496207,0.012535883787015364,-0.013354113515297413,-0.019702535203300564,-0.1301549059835494,-0.029328367091177587,7.042895564539281,27.231348758316045,1,0,0.02417016488509982,RELIANCE.NS,IN,Conglomerate
2024-08-21,2782.64,2811.51,2804.78,2807.77,23291990,2830.9,2863.475,2898.9874999999997,2896.2446,2862.459418878925,2894.0053610070463,41.66521373888509,43.81661223766487,-31.54594212812117,-15.389222552874651,-16.15671957524652,2898.9874999999997,78.76770917838493,3056.5229183567694,2741.45208164323,0.210485740439555,0.10868306148730573,78.7892857142857,14022309.0,1.6610665432443015,376914836.0,0.012597192769867593,0.002396919975638183,0.009030992151335092,-0.01420877454147118,-0.11334512268291907,-0.044413889805906215,22.965765601390515,14.205793435277444,1,0,0.0014139334774572188,RELIANCE.NS,IN,Conglomerate
2024-08-22,2813.2,2817.25,2779.01,2796.0,9976113,2819.8599999999997,2853.56,2884.2735,2901.8588,2852.2348412027736,2886.7192463413503,40.411678877924025,28.121059268600234,-34.484405138576676,-19.20825939176827,-15.276145746808407,2884.2735,67.88777769812164,3020.049055396243,2748.4979446037564,0.17492859910401418,0.09414887693292352,76.68928571428569,14004551.0,0.712347885173335,366938723.0,-0.004191938798405848,0.013676680972813342,-0.006114033840464135,-0.034246930210869886,-0.09522761691497217,-0.019360269360269244,17.60040114866393,15.869687438197909,1,1,0.010268240343347612,RELIANCE.NS,IN,Conglomerate
2024-08-23,2792.26,2795.88,2730.89,2759.77,5471738,2790.274,2838.23,2869.388,2905.4773999999998,2838.00942016,2877.2838734985926,42.83291206598378,33.33333333333333,-39.27445333859259,-23.221498451624907,-16.052954886967687,2869.388,60.103123887637906,2989.5942477752756,2749.1817522247243,0.04404200268785648,0.08378528646194502,74.07071428571427,13900147.6,0.3936460074966393,361466985.0,-0.012957796852646641,0.023549063871256187,-0.011635735927166022,-0.052624894012159085,-0.09737103758650911,-0.050875262234755914,11.746044657698219,17.43740380258422,1,1,0.055674929432525166,RELIANCE.NS,IN,Conglomerate
2024-08-26,2771.01,2814.14,2782.54,2796.59,5346252,2786.594,2830.175,2862.651,2908.8368,2831.637178606789,2871.2878823296087,47.4242082541319,28.18035426731082,-39.6507037228198,-26.50733968303609,-13.143364039783709,2862.651,60.34563542408816,2983.342270848176,2741.9597291518235,0.2263223780146972,0.08432133071627258,72.53071428571427,13118347.9,0.40754000680680175,366813237.0,0.013341691517771537,0.011299475432576318,0.009231291117675755,-0.02799655213163066,-0.04596548324480687,-0.006536435298171495,26.72143815826777,18.68929465487664,1,1,0.041976120918690185,RELIANCE.NS,IN,Conglomerate
2024-08-27,2800.25,2845.77,2835.14,2839.86,9096485,2799.998,2828.4990000000003,2857.0699999999997,2912.0692000000004,2832.902231926777,2868.9531608196316,49.34976256246318,56.06082760637529,-36.0509288928547,-28.416057607334107,-7.6348712855205925,2857.0699999999997,56.75255885722008,2970.57511771444,2743.5648822855596,0.42418844036741477,0.07945560851809746,72.65285714285713,12757983.8,0.7130032793266848,375909722.0,0.015472414619232655,0.003743142267575291,0.014145165610208368,-0.005867073674482359,-0.03781831487931475,0.02417016488509982,44.32016919492289,27.595884003629624,1,1,0.03198397104082584,RELIANCE.NS,IN,Conglomerate
2024-08-28,2798.48,2825.01,2801.12,2811.74,15349929,2800.792,2815.846,2849.6330000000003,2914.3858,2829.6464954998796,2864.7038068000206,43.33349318243576,60.175787380977184,-35.05731130014101,-29.744308391731735,-5.313002908409274,2849.6330000000003,52.03804641545424,2953.709092830909,2745.5569071690916,0.31795531053475085,0.07304526079735331,67.24285714285715,13182257.15,1.1644385070702017,360559793.0,-0.009901896572366398,0.008496518170240433,0.00473828649838306,-0.04306275461410969,-0.050241852672539666,0.0014139334774572188,32.88323097558505,34.64161277625857,1,1,0.04709894940499493,RELIANCE.NS,IN,Conglomerate
2024-08-29,2815.35,2835.08,2816.42,2824.71,8379034,2806.534,2813.1969999999997,2845.2215,2916.9,2828.887032988207,2861.7339628521763,42.88154163444186,55.00650195058517,-32.84692986396931,-30.36483270331005,-2.482097160659258,2845.2215,50.0922098444997,2945.4059196889993,2745.037080311001,0.3976312880582071,0.07042293170423745,61.71857142857146,12968588.55,0.6461021815591349,368938827.0,0.004612802037172736,0.0066059878713189135,0.0033246310405444447,-0.009290824915824891,-0.030288986384889527,0.010268240343347612,38.15837637760542,38.45392551603779,1,1,0.04807927185445582,RELIANCE.NS,IN,Conglomerate
2024-08-30,2826.67,2923.33,2905.49,2913.42,12770209,2837.264,2813.769,2844.981,2920.4054000000006,2841.89212896915,2865.571339474776,52.6937126904458,73.85421745489998,-23.679210505626088,-29.027708234242077,5.348497728615989,2844.981,49.733499130763015,2944.447998261526,2745.5140017384742,0.8440286788348179,0.06992454308938514,66.05000000000003,13222855.55,0.9657677939491826,381709036.0,0.03140499378697292,0.006123387633775433,0.030689822299726995,0.001967190562988108,-0.0016482593901097076,0.055674929432525166,74.23841867623443,48.42667534314163,1,1,0.020443327772857955,RELIANCE.NS,IN,Conglomerate
2024-09-02,2919.2,2952.99,2882.78,2913.98,12543975,2860.7419999999997,2823.668,2848.3815000000004,2923.0386,2852.982588080108,2869.1647801306567,54.3889450004591,86.63815633167012,-16.182192050548565,-26.45860495211125,10.276412901562686,2848.3815000000004,52.0746496842463,2952.530799368493,2744.232200631508,0.814925306252371,0.07312875706323455,68.24571428571426,13430222.7,0.934010875783104,394253011.0,0.00019221396159840864,0.024094194194872815,-0.0017881611400376858,0.03516531142206558,0.023896949019139413,0.041976120918690185,74.46618131502633,62.28765878962207,1,1,0.014543682523558976,RELIANCE.NS,IN,Conglomerate
2024-09-03,2927.59,2934.19,2927.89,2930.69,4036405,2878.9080000000004,2839.453,2853.4875,2925.6495999999997,2864.937590412801,2873.731162588527,49.35601169034188,85.22643690238507,-8.793572175725785,-22.9255983468959,14.132026171170114,2853.4875,54.95662527705135,2963.400750554103,2743.5742494458973,0.8511974198285907,0.07703783566885389,61.10785714285709,13098376.1,0.3081606957246635,398289416.0,0.005734425081846739,0.002149664413499221,0.001058891443132013,0.05692719377966271,0.03610304853689317,0.03198397104082584,89.95947771233709,79.55469256786596,1,1,0.015306975490413599,RELIANCE.NS,IN,Conglomerate
2024-09-04,2919.02,3008.8,2892.47,2944.17,4548025,2905.3940000000002,2853.093,2858.2839999999997,2928.3432000000003,2877.1272055913737,2878.9583497981894,59.02744062299732,82.48520710059157,-1.8311442068156794,-18.70670747117339,16.875563264357712,2858.2839999999997,58.543746072579445,2975.3714921451588,2741.1965078548405,0.8667599263833262,0.08192852224979615,62.88214285714285,12700964.4,0.3580849846264442,402837441.0,0.004599599411742705,0.03951198470195704,0.00861590533809,0.04857947766376869,0.0336804482768307,0.04709894940499493,76.7442697273335,80.38997625156564,0,1,-0.004177747888199468,RELIANCE.NS,IN,Conglomerate
2024-09-05,2936.68,2989.12,2937.64,2960.52,25483021,2932.5559999999996,2869.545,2861.5525000000002,2930.8547999999996,2889.956878473849,2885.0101326696126,55.56257635115213,100.0,4.946745804236343,-13.976016773296402,18.922762577532744,2861.5525000000002,62.407603186842934,2986.367706373686,2736.7372936263146,0.8964561004802707,0.08723600658987878,59.86785714285712,13472771.0,1.8914460216501845,428320462.0,0.005553347802606412,0.017388837096179936,0.008118010814931157,0.05884120171673812,0.022579140977151413,0.04807927185445582,82.62746932430413,83.11040558799156,0,1,-0.01324767270614613,RELIANCE.NS,IN,Conglomerate
2024-09-06,2973.58,3003.41,2948.63,2972.98,4579372,2944.468,2890.866,2864.548,2932.7660000000005,2902.729676681822,2891.536583535356,70.02255848731404,100.0,11.193093146466254,-8.942194752914075,20.13528789938033,2864.548,66.3253719492824,2997.1987438985648,2731.897256101435,0.9087123705917813,0.09261547992808548,55.49142857142855,11610806.2,0.3944059978878988,432899834.0,0.004208720089714069,0.01842595644773302,-0.00020177698262690335,0.07725643803650306,0.020565932160916178,0.020443327772857955,87.11093519453377,82.16089141539047,0,0,-0.02581584807163184,RELIANCE.NS,IN,Conglomerate
2024-09-09,2979.33,3000.66,2920.92,2956.36,4878669,2952.9440000000004,2906.843,2868.509,2933.4067999999997,2910.9805012732586,2896.345252436702,74.86720867208669,78.18325019690216,14.635248836556457,-4.226706007719155,18.861954844275612,2868.509,69.41072978635087,3007.330459572702,2729.6875404272982,0.8164172177327365,0.09678997665522637,57.07285714285711,10708134.85,0.4556039508968314,428021165.0,-0.005590350422808088,0.026972357899570015,-0.007709787099781525,0.057130290818460994,0.027534287521636225,0.014543682523558976,81.13058184275079,83.6229954538629,0,0,-0.021066446576195164,RELIANCE.NS,IN,Conglomerate
2024-09-10,2940.44,2984.23,2968.6,2975.55,14055234,2961.916,2920.412,2874.4555,2935.1344,2920.9142760328973,2902.2201150846754,73.74738153201606,82.47020356502489,18.694160948221906,0.3574674047014963,18.33669354352041,2874.4555,73.32277196895014,3021.1010439379,2727.8099560621,0.8446899826767524,0.10203361571459298,56.301428571428524,10951582.65,1.2833974016168885,442076399.0,0.006491090394945109,0.005252810404797384,0.011940389873620338,0.047780524392047496,0.04163311886075172,0.015306975490413599,88.03569500885887,85.42573734871446,0,0,-0.017371578363663875,RELIANCE.NS,IN,Conglomerate
2024-09-11,2980.69,2960.4,2909.04,2931.87,7275579,2959.4559999999997,2932.425,2874.1355,2936.2084000000004,2922.5997728497377,2904.419121546735,67.63766648492867,50.484480210215075,18.180651303002833,3.922104197569978,14.258547105432854,2874.1355,73.04304257188379,3020.2215851437672,2728.0494148562325,0.6976043780709309,0.10165567012669831,58.32071428571427,11052462.1,0.6582767057598229,434800820.0,-0.014679639058325478,0.017517829917418785,-0.01637875793859267,0.04272443398038228,-0.002178152450251325,-0.004177747888199468,72.31837645254816,80.49488443471927,0,0,-0.010856552302796474,RELIANCE.NS,IN,Conglomerate
2024-09-12,2922.85,2922.77,2920.12,2921.3,4314940,2951.612,2942.0840000000003,2877.6405,2936.354,2922.399807713424,2905.6709900604533,72.46529999165529,40.38024732901493,16.72881765297052,6.483446896242618,10.245370756727901,2877.6405,73.56457517575704,3024.769650351514,2730.511349648486,0.6483713454983008,0.10225679708876968,54.50928571428569,10712323.1,0.4028014798394683,430485880.0,-0.003605207597881077,0.0009071303871561235,-0.0005303043262566321,0.0341946606908321,0.02458613916947261,-0.01324767270614613,61.327676124541156,73.89391586198273,0,1,-0.010081128264813666,RELIANCE.NS,IN,Conglomerate
2024-09-13,2938.93,2898.08,2894.75,2896.23,8314016,2936.2619999999997,2940.3650000000002,2877.067,2935.8422000000005,2918.3736820441677,2904.9709154186125,64.32597193466754,24.80601928050791,13.40276662555516,7.867310845386851,5.535455780168308,2877.067,73.36233280599096,3023.791665611982,2730.342334388018,0.5653025853543667,0.10199600190884042,52.52214285714285,10470732.7,0.7940242048176624,422171864.0,-0.008581795775853274,0.0011497705638014858,-0.014529097324531476,-0.005900282142636493,-0.003944698558998483,-0.02581584807163184,45.796417565264846,59.81415671411806,1,1,0.009470932902428286,RELIANCE.NS,IN,Conglomerate
2024-09-16,2910.62,2913.73,2878.35,2894.08,6111487,2923.806,2938.375,2881.0215000000003,2935.2709999999997,2914.6361913947812,2904.1633884070397,58.840986172710615,16.36255115961802,10.472802987741488,8.388409274846374,2.084393712895114,2881.0215000000003,71.9582234264045,3024.937946852809,2737.1050531471915,0.545368337966299,0.09990654137968692,51.53642857142859,10107753.45,0.6046335049225499,416060377.0,-0.0007423443580102385,0.012224955771778212,-0.005682638063365978,-0.006829147763539933,0.028096014550673454,-0.021066446576195164,44.7611710321419,50.62842157398264,0,0,-0.000822368421052655,RELIANCE.NS,IN,Conglomerate
2024-09-17,2884.37,2942.14,2909.24,2923.86,20063113,2913.468,2937.692,2888.5724999999998,2934.3728,2916.0552392272275,2905.62372373405,68.18358741485568,37.54216498006751,10.431515493177358,8.797030519132738,1.6344849740446197,2888.5724999999998,67.8129317643311,3024.198363528662,2752.9466364713376,0.6300913376006372,0.09390511301247606,52.20214285714285,10294279.3,1.9489573253605692,436123490.0,0.010289971251658647,0.01125224873967592,0.013691031317059375,-0.0023305091974926695,0.05446401523347899,-0.017371578363663875,55.847801226448446,48.80179660795173,0,0,-0.002913956208573598,RELIANCE.NS,IN,Conglomerate
2024-09-18,2931.14,2915.76,2887.46,2900.04,14106621,2907.1020000000003,2933.279,2893.186,2933.0428,2913.5913557480476,2905.209766255128,61.8016606611311,22.04782705263942,8.381589492919375,8.713942313789182,-0.3323528208698079,2893.186,65.11126205439375,3023.408524108788,2762.9634758912125,0.5263164918910176,0.0900201536359865,53.13499999999999,9835010.85,1.4343267923973066,422016869.0,-0.008146764892983938,0.009758486089843735,-0.010610206267864825,-0.014988944252539826,0.032862378328709196,-0.010856552302796474,16.627060176185314,39.078677478258555,0,0,-0.008310230203721347,RELIANCE.NS,IN,Conglomerate
2024-09-19,2885.08,2942.13,2851.63,2891.85,7657926,2901.212,2926.412,2897.9785,2930.9192,2910.2465311881756,2904.219382336201,45.48045090726226,29.905603534846435,6.027148851974744,8.17658362090434,-2.1494347689295967,2897.9785,60.977717092740136,3019.93393418548,2776.02306581452,0.4748740183600413,0.08416586540268532,52.555,9719101.5,0.7879252225192604,414358943.0,-0.002824098977945111,0.03129484585990584,0.00234655538147907,-0.023195249483198954,0.03428111587982818,-0.010081128264813666,25.590125341823427,32.68832891481906,1,1,0.012863737745733905,RELIANCE.NS,IN,Conglomerate
2024-09-20,2910.04,2950.48,2902.21,2923.66,9938198,2906.698,2921.48,2906.173,2930.4757999999997,2912.310142087121,2905.66046766612,51.7933896546613,50.976659493461206,6.649674421001237,7.871201780686416,-1.2215273596851794,2906.173,51.73938285189426,3009.6517657037884,2802.694234296211,0.5844955961760923,0.07121308036634644,51.72785714285718,9942424.5,0.9995748019434493,424297141.0,0.010999878970209265,0.016510127716623503,0.004680348036451462,-0.016589415334109292,0.05938538356457235,0.009470932902428286,45.82935674717912,29.34884742172929,1,0,0.0076616296012532725,RELIANCE.NS,IN,Conglomerate
2024-09-23,2921.58,2903.07,2882.6,2891.7,11034231,2906.222,2915.014,2910.9285,2927.7326000000003,2909.139350590488,2904.6256677566657,43.162767860274236,48.22645055203188,4.5136828338222585,7.199697990896142,-2.686015157073883,2910.9285,45.07949075916259,3001.087481518325,2820.769518481675,0.3933633694803592,0.06194517077165873,53.21714285714289,10226823.45,1.0789498787182175,413262910.0,-0.010931503663216713,0.007078880935087726,-0.010227342739199298,-0.021871490616839684,0.034009275582048026,-0.000822368421052655,25.494687281125373,32.30472312337597,1,1,0.019109866168689704,RELIANCE.NS,IN,Conglomerate
2024-09-24,2897.59,2941.46,2894.44,2915.34,7935404,2904.518,2908.993,2914.7025000000003,2925.9896000000003,2910.0932967569233,2905.41981315296,45.118358224118694,57.12466487935661,4.673483603963177,6.69445511325828,-2.0209715092951024,2914.7025000000003,41.86124785966839,2998.424995719337,2830.9800042806637,0.5038072204729366,0.057448398743479234,48.46214285714287,10168769.4,0.7803700632280969,421198314.0,0.008175121900612314,0.016128479011018902,0.006125780389908121,-0.020234914553611927,0.026578775010035693,-0.002913956208573598,41.975227302398466,37.766423776900986,1,1,0.009127580316532491,RELIANCE.NS,IN,Conglomerate
2024-09-25,2931.98,2891.49,2863.5,2875.94,25302722,2899.6979999999994,2903.4,2917.9125,2923.7546,2904.8389429276403,2903.2348720646737,36.715461456304645,34.91373882382575,1.604070862966637,5.676378262794901,-4.072307399828264,2917.9125,35.53359446392232,2988.9796889278446,2846.8453110721553,0.20469846469641764,0.048710980146128645,48.48785714285717,10666409.05,2.372187257136247,395895592.0,-0.013514718694903505,0.00973247007934451,-0.019113363665502783,-0.019076562057662838,0.02283283660651425,-0.008310230203721347,16.016602977888933,27.82883918713759,1,1,0.018209698394264118,RELIANCE.NS,IN,Conglomerate
2024-09-26,2874.37,2949.0,2913.09,2929.05,6317457,2907.138,2904.175,2923.1295,2920.2106,2908.5637212279307,2905.148118242015,43.88144516560354,57.71091382701614,3.415602985915939,5.224223207275194,-1.8086202213592548,2923.1295,27.987860615672144,2979.1052212313443,2867.1537787686557,0.552884535198557,0.03829848881571971,49.79357142857147,10563330.2,0.5980553748044936,402213049.0,0.018467005570352635,0.012259947764629348,0.01902329901856103,0.0026529284907403916,0.036938305171150265,0.012863737745733905,51.949271958317595,36.647034079535,1,1,0.03714856352742357,RELIANCE.NS,IN,Conglomerate
2024-09-27,2939.7,2950.85,2942.23,2946.06,13863207,2911.618,2909.158,2924.7615,2915.546,2914.332379879487,2908.1801165989646,48.56697645945794,63.76377392982277,6.15226328052222,5.409831221971861,0.7424320585503592,2924.7615,28.341295382313742,2981.4440907646276,2868.0789092353725,0.6878751457193732,0.038760487489053835,45.65500000000004,10617980.1,1.3056349290356148,416076256.0,0.005807343677984189,0.0029259417662902197,0.002163486070006451,0.01720512528355833,0.011203328047449279,0.0076616296012532725,71.21417797834673,46.39335097151775,1,0,0.02794919315967781,RELIANCE.NS,IN,Conglomerate
2024-09-30,2941.05,2969.16,2929.2,2946.96,7102099,2922.67,2914.446,2926.4105,2910.3694,2919.352014023182,2911.054007010196,45.80902401125802,57.01722684013978,8.29800701298609,5.987466380292372,2.3105406326937183,2926.4105,28.63885848853805,2983.688216977076,2869.132783022924,0.6793847684916028,0.039145374155168285,46.51857142857148,10345886.3,0.6864659157847195,423178355.0,0.00030549275982161284,0.013559736134859814,0.0020094864079148074,0.018271782397169423,0.01131785393173601,0.019109866168689704,81.11120564893135,68.09155186186523,1,1,0.042735564785405966,RELIANCE.NS,IN,Conglomerate
2024-10-01,2973.7,2948.02,2937.09,2941.95,17776826,2927.9919999999997,2916.255,2926.9735,2905.4536,2922.8286274138927,2913.3435628058564,51.666556444679564,68.06644136046587,9.485064608036282,6.686986025955151,2.798078582081131,2926.9735,28.837405036006952,2984.648310072014,2869.2986899279863,0.6298357114715246,0.03940917816440365,42.54857142857145,11032907.35,1.6112547513367135,405401529.0,-0.001700057007899769,0.0037152228963769343,-0.010676934458751496,0.006187026738626145,0.0038420986184140027,0.009127580316532491,76.84846422124684,76.39128261617498,1,1,0.05700300820884108,RELIANCE.NS,IN,Conglomerate
2024-10-02,2941.04,2968.82,2895.9,2928.31,17704376,2938.4660000000003,2919.082,2926.1805,2900.6857999999997,2923.6719155376218,2914.452620029113,51.147337065043,55.0244053614317,9.219295508508822,7.193447922531912,2.0258475859769094,2926.1805,28.556326882149797,2983.2931537642994,2869.0678462357005,0.5186429789120786,0.039035632808215315,46.917857142857166,11690724.9,1.514394927350063,387697153.0,-0.004636380631893755,0.024901735130493416,-0.004328400837797408,0.009748141404946065,-0.005386917195678298,0.018209698394264118,65.24291670156349,74.40086219058055,1,1,0.05982631620286116,RELIANCE.NS,IN,Conglomerate
2024-10-03,2915.26,3094.22,2992.78,3037.86,21649354,2960.228,2933.683,2930.0474999999997,2899.6374,2941.2393137387644,2923.5972074599063,68.15908916070462,90.63849011143456,17.642106278858137,9.283179594015108,8.358926684843029,2930.0474999999997,37.33761189259839,3004.7227237851966,2855.3722762148027,1.2218759752826511,0.05097202266186572,56.87214285714286,11499041.55,1.8827092695643604,409346507.0,0.03741065665861876,0.03339192721190779,0.04205456803165338,0.050490170652004895,0.026123789064083303,0.03714856352742357,76.76738529998457,72.95292207426496,1,1,0.01243638614024345,RELIANCE.NS,IN,Conglomerate
2024-10-04,3053.77,3032.24,3025.33,3028.4,16462284,2976.696,2944.157,2932.8185000000003,2899.0558,2954.6486504687123,2931.3629721360426,66.90495368505837,81.93096355338426,23.285678332669704,12.08367934197969,11.201998990690013,2932.8185000000003,42.404253668832915,3017.6270073376663,2848.0099926623343,1.0635136320603868,0.057834132823178175,55.24000000000001,12093187.15,1.3612856920612784,392884223.0,-0.003114034221458506,0.0022817329282781578,-0.008307763845997435,0.03582495912657424,0.018641228666186782,0.02794919315967781,72.86780164032794,71.62603454729201,1,1,0.034651961431779066,RELIANCE.NS,IN,Conglomerate
2024-10-07,3026.19,3098.13,3052.71,3072.9,4161954,3001.884,2962.277,2938.6455,2901.8871999999997,2972.8411662198223,2941.850441135823,68.08737864077665,84.64437889216647,30.990725083999223,15.865088490636005,15.125636593363218,2938.6455,52.59269495752188,3043.830889915044,2833.4601100849563,1.1381803599687021,0.07158766847856125,56.787857142857156,12057351.4,0.34517975936408724,397046177.0,0.014694227975168506,0.014780825929898562,0.015435250265179846,0.0626621018777882,0.03942009768769705,0.042735564785405966,89.76470588198879,79.79996427410043,1,1,0.04053174525692338,RELIANCE.NS,IN,Conglomerate
2024-10-08,3083.85,3114.47,3105.8,3109.65,20450544,3035.424,2981.708,2945.3505,2905.0506,2993.8886795384487,2954.2835998384185,74.66406231614616,87.1591064821159,39.605079700030274,20.613086732768398,18.991992967261876,2945.3505,64.69983164990875,3074.7501632998174,2815.9508367001827,1.1348528883656577,0.08786707273023935,57.157142857142844,12377116.9,1.6522864341463532,417496721.0,0.011959386898369617,0.0027880951232443617,0.008366165669533802,0.06665088806108366,0.04506729848263347,0.05700300820884108,98.16618475080607,86.93289742437427,1,1,0.04339073529175308,RELIANCE.NS,IN,Conglomerate
2024-10-09,3118.97,3119.19,3090.95,3103.5,8060406,3070.4620000000004,3004.464,2953.932,2907.9109999999996,3010.7519599005423,2965.339599139576,75.02423798150815,86.7075664621677,45.412360760966294,25.57294153861986,19.839419222346432,2953.932,73.58918460294653,3101.1103692058928,2806.753630794107,1.0081181453701127,0.09964912476376786,52.71,12416358.25,0.6491762873243218,409436315.0,-0.0019777145337900315,0.009099403898821053,-0.004959970759576027,0.07912543377121906,0.05853943046588017,0.05982631620286116,93.8636630290826,93.93151788729249,1,1,0.029141292089576387,RELIANCE.NS,IN,Conglomerate
2024-10-10,3105.48,3093.48,3061.38,3075.64,15454039,3078.018,3019.123,2961.6490000000003,2911.165,3020.734735446266,2973.5120063744657,68.13863560414376,81.44448713023428,47.22272907180013,29.9028990454039,17.319830026396232,2961.6490000000003,77.95036942622178,3117.549738852444,2805.7482611475566,0.8655883892475444,0.10527968631825789,51.530714285714275,12973313.2,1.1912175070885125,393982276.0,-0.0089769614950862,0.010436852167350364,-0.00960882053659677,0.050046943548249345,0.052832643001403445,0.01243638614024345,82.96765614578987,91.66583464189284,1,1,0.04528163244072769,RELIANCE.NS,IN,Conglomerate
2024-10-11,3078.32,3139.78,3128.18,3133.34,6403343,3099.006,3037.851,2973.5045,2915.4671999999996,3038.0586225147895,2985.3538099647308,77.17009984708102,76.17037605525702,52.704812550058705,34.46328174645954,18.24153080359916,2973.5045,85.17351889401859,3143.851537788037,2803.157462211963,0.9691466962810188,0.11457661341220762,53.17928571428573,12877779.55,0.4972396427426308,400385619.0,0.01876032305471398,0.003702119782722801,0.017873385482984908,0.06356964895487538,0.08186849801293405,0.034651961431779066,97.66903141704911,91.50011686397386,1,1,0.02424569309427005,RELIANCE.NS,IN,Conglomerate
2024-10-14,3135.89,3205.3,3191.17,3197.45,17126851,3123.916,3062.9,2988.673,2922.4968,3062.5803731535652,3001.0679477090694,79.07451303720492,85.65402623697634,61.512425444495875,39.87311048618514,21.639314958310734,2988.673,96.53952177326553,3181.752043546531,2795.5939564534688,1.040651632005431,0.12920720570398062,54.765,13428547.75,1.2754059518159027,417512470.0,0.020460594764691864,0.0044191465073717155,0.019630790620838206,0.08499945706762224,0.10482433104820865,0.04053174525692338,97.70333528350575,92.78000761544824,1,1,0.015165209776540678,RELIANCE.NS,IN,Conglomerate
2024-10-15,3183.31,3288.38,3209.54,3244.58,7144112,3150.902,3093.163,3004.709,2930.817,3090.580315993086,3019.10939501171,87.39652653789963,85.81143095536079,71.47092098137591,46.19267258533387,25.278248396042045,3004.709,110.79195956481153,3226.292919129623,2783.1250808703767,1.0412644584976358,0.14749110088833856,57.55714285714287,12782597.7,0.5588935526858088,424656582.0,0.0147398708345714,0.024298984768437164,0.01924726149824577,0.10286714594061763,0.1096906144617047,0.04339073529175308,88.8401956785343,94.73752079302972,0,0,-0.0035967675323154147,RELIANCE.NS,IN,Conglomerate
2024-10-16,3222.12,3194.01,3193.88,3193.94,9733713,3168.9900000000002,3119.7259999999997,3019.404,2937.7309999999998,3106.4818059593626,3032.0621485027914,77.00699414775389,66.61934618872982,74.41965745657126,51.83806955966037,22.58158789691089,3019.404,115.56638991460737,3250.5367798292145,2788.2712201707855,0.8775665228620714,0.15309828020969568,55.96,12563952.3,0.774733299908079,414922869.0,-0.015607567081101337,4.0702079563194186e-05,-0.00874579469417374,0.0907110244475482,0.10134342974579669,0.029141292089576387,75.937627394833,87.49371945229102,0,1,-0.0029524662329285523,RELIANCE.NS,IN,Conglomerate
2024-10-17,3216.23,3224.12,3207.53,3214.91,14149958,3196.844,3137.4309999999996,3035.557,2944.1262,3123.1630666866818,3045.6086981528774,77.19117260351555,70.75369770127787,77.55436853380434,56.98132935454676,20.573039179257577,3035.557,119.31612235437653,3274.189244708753,2796.9247552912466,0.8757937243938297,0.15722468377874282,56.55857142857144,12888553.9,1.0978700179955783,429072827.0,0.0065655585264594585,0.0051603310823614135,-0.00041041840913111106,0.05828115844706461,0.11171395473485823,0.04528163244072769,81.2805748061524,82.0194659598399,0,1,-0.004979921677434107,RELIANCE.NS,IN,Conglomerate
2024-10-18,3221.0,3224.65,3197.03,3209.31,4945787,3212.038,3155.522,3049.8395,2950.051,3136.416441113625,3057.736597568923,76.28388803173902,77.15214300223445,78.67984354470173,61.321032192616634,17.35881135208509,3049.8395,122.2766006567007,3294.3927013134016,2805.2862986865985,0.8260445971320737,0.16037119416501847,55.67714285714286,12638933.35,0.39131360785966895,424127040.0,-0.0017418839096584593,0.008606211303984746,-0.003629307668424845,0.05973781534803857,0.09770287926776722,0.02424569309427005,79.85375050937661,79.02398423678733,0,0,-0.017972710644967194,RELIANCE.NS,IN,Conglomerate
2024-10-21,3194.19,3275.98,3221.91,3245.94,14162725,3221.736,3172.826,3067.5515000000005,2957.427,3153.266219480267,3071.6795884730805,78.64101452825568,75.01332859427762,81.5866310071865,65.37415195555965,16.212479051626843,3067.5515000000005,123.81071717386044,3315.1729343477214,2819.9300656522796,0.8602040761718519,0.16144565745523107,59.65857142857145,12795358.05,1.1068642110515843,438289765.0,0.011413668358619233,0.016657732428813687,0.016201290468000902,0.05631162745289475,0.12250233426704016,0.015165209776540678,89.18671015060848,83.44034515537916,0,0,-0.006635982180816624,RELIANCE.NS,IN,Conglomerate
2024-10-22,3262.69,3259.88,3211.33,3232.91,9645650,3219.4019999999996,3185.152,3083.43,2964.9528000000005,3165.519108838024,3083.624166868142,78.73151222456985,60.18965517241381,81.89494196988198,68.67830995844307,13.216632011438918,3083.43,123.62620604488784,3330.6824120897754,2836.1775879102242,0.8022821875341758,0.1603749150067914,57.917857142857166,12880870.35,0.7488352098167644,428644115.0,-0.004014245488209944,0.01501743011713446,-0.00912743778906089,0.03963790137153689,0.10893069075991124,-0.0035967675323154147,81.23477672502956,83.42507912833821,0,0,-0.002647769347120743,RELIANCE.NS,IN,Conglomerate
2024-10-23,3211.62,3208.67,3165.18,3184.51,5837529,3217.5160000000005,3193.2529999999997,3098.8585,2969.8775999999993,3168.440784410893,3091.0981098145553,65.63666218838634,32.863581902208054,77.34267459633747,70.41118288602989,6.931491710307583,3098.8585,115.34607689699195,3329.5506537939837,2868.166346206016,0.6856402538852807,0.1488884721867161,50.90500000000004,11907610.7,0.4902350821533759,422806586.0,-0.014971032289794572,0.013656732118908898,-0.008441222809669647,0.026102787175769304,0.1072936153049091,-0.0029524662329285523,60.5132104160407,76.97823243055959,1,1,0.020317097449843002,RELIANCE.NS,IN,Conglomerate
2024-10-24,3199.22,3207.65,3191.9,3198.9,3587598,3214.3140000000003,3205.5789999999997,3112.351,2976.8316000000004,3173.1268175913256,3099.084343542633,67.99054573080659,51.78391598331178,74.04247404869238,71.13744111856506,2.9050329301273194,3112.351,110.10092393608434,3332.552847872169,2892.1491521278313,0.6965219657228915,0.14150193719930568,51.662857142857156,11771117.75,0.3047796964923151,426394184.0,0.004518748567283515,0.004923567476318446,-0.00010002438094273259,0.0400762117803124,0.09212884723715886,-0.004979921677434107,62.031654431781604,67.92654719095061,1,1,0.03409296945825124,RELIANCE.NS,IN,Conglomerate
2024-10-25,3199.78,3156.2,3147.97,3151.63,6150781,3202.778,3207.408,3122.6295,2981.7102,3169.8196148772777,3102.977024427243,58.25902691815455,30.86135978707965,66.84259045003455,70.27847098485644,-3.435880534821891,3122.6295,103.13487528347206,3328.899250566944,2916.359749433056,0.5702975107104176,0.13211285589076632,50.320000000000036,11385496.45,0.5402294477699787,420243403.0,-0.014776954578136214,0.002611347144175365,-0.01504790954377646,0.0058372216229327645,0.06977794070724963,-0.017972710644967194,39.757709250926176,54.100858032916165,1,1,0.08916021233456983,RELIANCE.NS,IN,Conglomerate
2024-10-28,3152.79,3266.24,3190.93,3224.4,31602894,3198.4700000000003,3210.103,3136.5015,2989.8984,3178.216597220372,3111.972196235679,61.191846288891064,53.24530087315586,66.24440098469313,69.47165698482188,-3.2272560001287474,3136.5015,96.72208185665113,3329.945663713302,2943.0573362866976,0.7271934658353011,0.1233502765506349,55.53714285714289,12610536.2,2.506070399602009,451846297.0,0.02308963932948971,0.023356283339528775,0.02271321591351705,0.008428591533878649,0.09414447430572515,-0.006635982180816624,71.81497797325191,57.8681138853199,1,1,0.07378426994169462,RELIANCE.NS,IN,Conglomerate
2024-10-29,3246.32,3278.99,3180.63,3224.35,7864925,3196.7580000000003,3208.08,3150.6215,2998.9286000000006,3185.3140438136693,3120.297229812026,61.92873358997138,44.489816752590436,65.01681400164307,68.58068838818444,-3.5638743865413716,3150.6215,86.94452134763262,3324.5105426952655,2976.732457304735,0.7119986942722275,0.11038396246277764,60.545714285714276,12114941.15,0.6491921218129795,443981372.0,-1.5506760947858744e-05,0.030505373175979397,-0.006767663076958983,-0.006235013468615325,0.09599075443158456,-0.002647769347120743,71.79295154153387,61.12187958857064,1,1,0.05164141609936901,RELIANCE.NS,IN,Conglomerate
2024-10-30,3203.56,3292.23,3214.79,3249.21,6584923,3209.698,3213.607,3166.6665000000003,3007.7574,3195.144190933106,3129.847122446725,67.2346340979049,53.92317319726586,65.29706848638125,67.92396440782281,-2.626895921441559,3166.6665000000003,72.10230117322352,3310.8711023464475,3022.461897653553,0.7862027239633631,0.09107659574912716,63.06857142857143,11558968.5,0.5696808006976747,450566295.0,0.0077100811016175275,0.02383348567804981,0.014249772128502617,0.017304645672742813,0.1095853922569674,0.020317097449843002,73.77628771670973,72.46140574383185,1,1,0.02077735818860571,RELIANCE.NS,IN,Conglomerate
2024-10-31,3263.63,3350.79,3273.69,3307.96,7645886,3231.5099999999998,3222.9120000000003,3180.1715,3017.9966,3212.5004692717775,3143.0416905142015,67.30281411018629,78.30253565041949,69.45877875757606,68.23092727777383,1.2278514798022258,3180.1715,72.00187609215503,3324.17525218431,3036.16774781569,0.9436985080621378,0.0905635134358413,65.74285714285712,10858795.1,0.7041191242185678,458212181.0,0.0180813182281232,0.023307416050972987,0.01358303484156793,0.02894326746316378,0.08891127306722502,0.03409296945825124,78.88275317977087,74.8173308126715,0,1,-0.017415567298274537,RELIANCE.NS,IN,Conglomerate
2024-11-01,3319.66,3510.62,3370.23,3432.63,7435730,3287.71,3245.2439999999997,3200.3830000000003,3031.4538000000002,3246.3665509564307,3164.4942143183816,70.80649727510797,85.58942656150072,81.87233663804909,70.95920914983151,10.913127488217583,3200.3830000000003,83.04461211332891,3366.472224226658,3034.2937757733425,1.1991633595743068,0.10379334237596302,75.0785714285714,10407467.4,0.7144609730450875,465647911.0,0.03768788014365354,0.04089866953326137,0.034030593494504324,0.06958505099226953,0.13347972526746799,0.08916021233456983,78.49441610346486,77.05115233331516,0,0,-0.04768355459225149,RELIANCE.NS,IN,Conglomerate
2024-11-04,3438.12,3463.9,3461.03,3462.31,26136626,3335.292,3266.8810000000003,3219.8535,3044.7682,3279.5886200684095,3186.55610733331,69.87639444231438,99.98391144861311,93.03251273509932,75.37386986688847,17.658642868210848,3219.8535,96.19157832023296,3412.236656640466,3027.470343359534,1.1301396240523873,0.11949808066758708,70.8171428571428,11506201.0,2.2715250436242993,491784537.0,0.008646431453433578,0.0008289263526371301,0.007035821902665706,0.06665865666032023,0.12672394155358124,0.07378426994169462,86.67861574496989,81.3519283427352,0,0,-0.061406979733183986,RELIANCE.NS,IN,Conglomerate
2024-11-05,3473.74,3444.45,3347.98,3390.86,9553201,3368.594,3282.6760000000004,3233.9139999999998,3055.7881999999995,3296.7072939164004,3201.6906592124096,67.31865193836632,76.8952368642151,95.0166347039908,79.30242283431134,15.71421186967946,3233.9139999999998,99.72278245743718,3433.359564914874,3034.4684350851253,0.8934557282988298,0.12334623921032706,75.3621428571428,10961333.85,0.8715362800909234,482231336.0,-0.02063651146200074,0.028450009732035927,-0.023859010749214333,0.0488569121936584,0.09043139903204533,0.05164141609936901,66.97642354869171,77.38315179904215,0,0,-0.026126115498723124,RELIANCE.NS,IN,Conglomerate
2024-11-06,3391.69,3327.55,3308.05,3316.72,6528193,3382.096,3295.897,3244.575,3065.8877999999995,3299.7861717772976,3210.2118360565983,58.188164519294176,62.04145482987874,89.57433572069931,81.35680541158995,8.217530309109364,3244.575,96.38844582974878,3437.3518916594976,3051.798108340502,0.6871204566539613,0.11883028850277055,79.12142857142852,10884723.2,0.5997573186098735,475703143.0,-0.021864659702848344,0.005879302443376023,-0.022104024837169126,0.04151659124951701,0.06870307717093604,0.02077735818860571,46.53246932291042,66.72916953885735,0,0,-0.009129501435152676,RELIANCE.NS,IN,Conglomerate
2024-11-07,3338.42,3289.43,3219.09,3250.35,10447879,3370.5739999999996,3301.042,3253.3105,3074.4006,3292.18060688455,3213.1851900629804,53.00676962752396,50.134098715475446,78.9954168215695,80.88452769358567,-1.8891108720161611,3253.3105,87.80722140756157,3428.9249428151234,3077.6960571848767,0.49157102356436494,0.10796045616615403,84.12214285714279,10634415.2,0.9824591029265904,465255264.0,-0.020010733495742783,0.0216407463811522,-0.0263807429861952,0.016083653755978533,0.056804437450416856,-0.017415567298274537,28.231076795730807,47.246656555777655,0,1,-0.00436260710385028,RELIANCE.NS,IN,Conglomerate
2024-11-08,3259.37,3290.64,3251.59,3268.95,7718659,3337.8379999999997,3312.774,3260.091,3081.5112,3288.6066673622868,3217.316118275161,51.73155938172567,44.93258164246184,71.29054908712578,78.96573197229309,-7.6751828851673025,3260.091,83.16889093886469,3426.4287818777293,3093.7532181222705,0.5266295483186896,0.10204487045157844,82.23785714285707,10700181.0,0.721357730176926,472973923.0,0.005722460658083017,0.011945731809904643,0.0029392183151949573,0.03722518189000601,0.04327969514958463,-0.04768355459225149,33.35998896998935,36.041178362876856,1,1,0.012471894645069481,RELIANCE.NS,IN,Conglomerate
2024-11-11,3251.53,3267.76,3235.26,3249.7,25494372,3295.316,3315.304,3262.7035,3088.2255999999998,3282.6210262274117,3219.715032703212,51.251770670245286,17.274321084833005,62.90599352419986,75.75378428267364,-12.847790758473778,3262.7035,81.90874217689327,3426.520984353787,3098.8860156462133,0.4603110130406542,0.10041824784491546,81.17642857142846,11118557.05,2.2929566842527747,447479551.0,-0.0058887410330534795,0.010000923162134967,-0.0005628119685193798,0.007846421039573226,0.016341146851397204,-0.061406979733183986,28.051840617598092,29.880968794439415,1,0,0.020709603963442902,RELIANCE.NS,IN,Conglomerate
2024-11-12,3242.68,3325.33,3283.82,3302.27,7109409,3277.5979999999995,3323.096,3265.588,3095.6572,3285.6439452702953,3225.83047127483,58.72528970688477,23.536609564124618,59.8134739954653,72.56572222523133,-12.752248229766025,3265.588,82.25200004607625,3430.092000092153,3101.0839999078476,0.6114927295957533,0.10075000281241984,81.74071428571418,11116821.9,0.6395180587072229,454588960.0,0.016176877865649253,0.012570141145329483,0.018376774766545503,0.02416611099911603,0.017780421502937127,-0.026126115498723124,42.54791120903755,34.65324693220833,1,1,0.01616463826398218,RELIANCE.NS,IN,Conglomerate
2024-11-13,3306.36,3288.34,3284.92,3286.44,6210930,3271.542,3326.8190000000004,3270.213,3102.5026000000003,3285.7664152287434,3230.32023989067,56.4723627007364,28.841789593126933,55.44617533807332,69.14181284779917,-13.695637509725856,3270.213,80.59515338047224,3431.403306760945,3109.0226932390556,0.5503349125810499,0.0985809222585167,81.32714285714276,10940682.75,0.5676912103414012,448378030.0,-0.004793672231525603,0.0010406397195746864,-0.006024752295573999,0.011458169832051501,0.02896109507379596,-0.009129501435152676,38.182820901590624,36.260857576075416,1,1,0.012545489952654032,RELIANCE.NS,IN,Conglomerate
2024-11-14,3260.28,3261.74,3215.71,3236.17,15092950,3268.7059999999997,3319.6400000000003,3271.276,3108.0156,3278.1361974995325,3230.7535709946596,56.22294850278244,31.930548701153086,47.38262650487286,64.78997557921335,-17.407349074340488,3271.276,79.96509135735586,3431.2061827147118,3111.345817285288,0.3902458578972141,0.09777847097870253,82.74142857142844,10987832.35,1.3736056526558078,433285080.0,-0.015296186755273222,0.014223603827977369,-0.007395070362052563,-0.021702197124511824,0.006612937842739086,-0.00436260710385028,16.830813054890054,32.520515055172744,1,1,0.036017885339768796,RELIANCE.NS,IN,Conglomerate
2024-11-15,3256.34,3353.5,3274.69,3309.72,13122443,3276.8599999999997,3307.3489999999997,3276.2965,3114.7504,3282.9952440389884,3236.603130346724,56.273160402329246,62.90259486243317,46.3921136922645,61.11040320182319,-14.718289509558687,3276.2965,79.01630359915913,3434.329107198318,3118.263892801682,0.6057487457555211,0.09647027196608726,82.93571428571418,11396665.15,1.1514282183303228,446407523.0,0.022727483414035632,0.02381168195496179,0.016392637132481024,-0.035806364216358966,0.03128709909606742,0.012471894645069481,39.119367253434525,31.377667069971732,1,1,0.040172582574961035,RELIANCE.NS,IN,Conglomerate
2024-11-18,3293.43,3321.59,3313.32,3317.0,7194897,3290.3199999999997,3292.818,3279.8494999999994,3121.9632,3288.226744956907,3242.5586371346053,56.74043680067514,60.98285714285718,45.66810782230186,58.02194412591867,-12.35383630361681,3279.8494999999994,79.17692715983928,3438.203354319678,3121.4956456803206,0.6173021653277392,0.09656165889296472,76.75785714285709,11048273.75,0.6512235767851446,453602420.0,0.0021995818377384957,0.0024932167621337016,0.007156672526816422,-0.04196909000060656,0.02189196349901712,0.020709603963442902,34.550248453386935,30.166809587237168,1,1,0.03936991257160094,RELIANCE.NS,IN,Conglomerate
2024-11-19,3360.05,3402.42,3318.23,3355.65,7491990,3300.996,3289.297,3285.9865,3129.5651999999995,3298.5995534264844,3250.936013618541,57.59136165235501,72.24438379172796,47.66353980794338,55.950263262323475,-8.286723454380095,3285.9865,80.0985819754289,3446.183663950858,3125.789336049142,0.7174305033909735,0.09750323925604024,77.32785714285708,10940590.75,0.6847883707935634,461094410.0,0.011652095266807327,0.02508902895116444,-0.0013095043228519758,-0.010383796441020832,0.03796579552168189,0.01616463826398218,47.45176494507667,40.373793550632705,1,1,0.01595816011800988,RELIANCE.NS,IN,Conglomerate
2024-11-20,3362.53,3354.17,3306.47,3327.67,22535630,3309.2419999999997,3290.392,3293.1445,3137.4812,3303.0719298229233,3256.620162443955,51.4702591415656,55.94680651807457,46.45176737896827,54.05056408565233,-7.5987967066840625,3293.1445,76.88513944943281,3446.9147788988657,3139.374221101134,0.6122632417871051,0.09338811515791012,73.58499999999997,11775495.8,1.9137731836503067,438558780.0,-0.008338175912267376,0.01433435406755656,-0.010367193749941193,0.003301454448973784,0.044955110833377665,0.012545489952654032,37.96412464806906,39.98871268217755,1,1,0.052796701596011575,RELIANCE.NS,IN,Conglomerate
2024-11-21,3331.32,3368.49,3340.12,3352.73,26881298,3332.554,3300.63,3300.8360000000002,3146.1098,3310.711632927832,3263.739583436975,42.99957944907828,64.87723865523586,46.97204949085699,52.634861166693206,-5.662811675836217,3300.8360000000002,74.62199170698035,3450.079983413961,3151.5920165860393,0.6738562547455818,0.09042799061444778,62.02499999999996,12940180.8,2.077350876167752,465440078.0,0.0075307948203997555,0.008461761012664732,0.0064268818366273505,0.03149814635346959,0.04808840538935266,0.036017885339768796,55.20770377511096,46.874531122752224,1,1,0.06295168414993157,RELIANCE.NS,IN,Conglomerate
2024-11-22,3372.56,3451.58,3435.55,3442.68,6089940,3359.1459999999997,3318.0029999999997,3315.3885,3157.0388000000003,3331.014458632914,3276.9947286673832,48.44440922418575,89.33973406484549,54.01972996553059,52.91183492646068,1.1078950390699092,3315.3885,72.33772258067556,3460.063945161351,3170.713054838649,0.9399208858735376,0.08727510827844603,66.85214285714281,12937138.75,0.4707331077566817,471530018.0,0.02682888273138606,0.004656256172515334,0.020791327656136317,0.05314550543752583,0.09234903843408016,0.040172582574961035,96.22673506551814,63.13285449623271,1,1,0.02578223941812774,RELIANCE.NS,IN,Conglomerate
2024-11-25,3429.04,3452.17,3443.93,3447.59,10386849,3385.264,3337.792,3326.548,3168.1090000000004,3348.9491573060222,3289.631679866303,55.02560195602487,85.56467007171234,59.31747743971937,54.192963429112446,5.124514010606923,3326.548,74.73807481711937,3476.0241496342387,3177.071850365761,0.9048873358568559,0.08986862635632735,59.363571428571404,11876336.5,0.8745835153303786,481916867.0,0.0014262144608270244,0.0023900753859936496,0.005409677344094782,0.060894851832477004,0.06921907951867023,0.03936991257160094,98.0630973522031,83.16584539761072,1,1,0.004942583079774465,RELIANCE.NS,IN,Conglomerate
2024-11-26,3458.32,3449.44,3377.01,3409.2,18163754,3395.9739999999997,3348.4849999999997,3335.7905,3177.8158000000003,3358.2185177210267,3298.4887640782686,58.74664245450762,70.49435404996879,59.72975364275817,55.30032147184161,4.429432170916556,3335.7905,72.84022258377277,3481.470945167546,3190.1100548324544,0.7519538566580444,0.08734388155821059,58.622142857142826,12391277.95,1.4658498185128825,463753113.0,-0.01113531481411667,0.02124545347881573,-0.014203428254177213,0.03238075626765835,0.05732938421697398,0.01595816011800988,81.82779328393026,92.03920856721716,1,1,0.022113692361844572,RELIANCE.NS,IN,Conglomerate
2024-11-27,3388.84,3549.26,3466.64,3503.36,13877730,3431.1119999999996,3370.1769999999997,3348.4980000000005,3189.8821999999996,3380.5479765342902,3313.66468344226,72.73429778057326,76.33446247102864,66.88329309203027,57.616915795879386,9.266377296150885,3348.4980000000005,78.8609721765623,3506.219944353125,3190.776055646876,0.990933587694961,0.09420459223991012,61.652857142857165,12755918.3,1.0879443240127742,477630843.0,0.02761938284641574,0.023583074534154858,0.033793274394768175,0.06600455203807165,0.0782190132370637,0.052796701596011575,86.23894468569556,88.70994510727631,1,0,0.01875342528315671,RELIANCE.NS,IN,Conglomerate
2024-11-28,3508.46,3616.24,3521.83,3563.79,72099728,3473.3239999999996,3402.939,3361.2895000000003,3203.3210000000004,3408.739057068666,3332.1927924442716,74.64063649127498,87.73090444231376,76.54626462439455,61.40278556158247,15.143479062812084,3361.2895000000003,91.65061578310336,3544.590731566207,3177.9882684337936,1.052370811337964,0.10906601860158263,66.83785714285715,15978610.4,4.512264939367634,549730571.0,0.017249155096821234,0.02649145993450045,0.015770451993177677,0.10123695603135796,0.07733769453076822,0.06295168414993157,86.90485107211222,84.99052968057934,1,0,0.022072007609875932,RELIANCE.NS,IN,Conglomerate
2024-11-29,3562.85,3582.66,3490.46,3531.44,21168268,3491.076,3425.111,3366.2299999999996,3215.4766000000004,3427.616125212622,3346.9520718654812,73.0413163662534,77.90686779724535,80.66405334714091,65.2550391186942,15.409014228446708,3366.2299999999996,98.13267790947727,3562.495355818954,3169.964644181045,0.9208842648507921,0.1166084051410012,71.01714285714287,16665237.3,1.270204939103691,528562303.0,-0.009077414774720127,0.02610832974649823,-0.00881597597428773,0.06699056113508095,0.02878550848766115,0.02578223941812774,78.8280528298035,83.99061619587043,1,1,0.0255136714767914,RELIANCE.NS,IN,Conglomerate
2024-12-02,3521.65,3468.56,3461.48,3464.63,5036167,3494.4839999999995,3439.874,3366.346,3226.9352000000003,3433.3105674877756,3355.6690795741865,62.97592787954349,53.694664197946516,77.64148791358912,67.7323288776732,9.90915903591592,3366.346,98.25352584540481,3562.8530516908095,3169.8389483091905,0.7500775395935746,0.11674798234688359,70.61214285714287,15610214.35,0.3226199566811229,523526136.0,-0.018918628095054735,0.002043508253405958,-0.01619127397668246,0.04450708471510412,0.0006700728704247538,0.004942583079774465,62.14765435782058,75.96018608657876,1,1,0.05202864375128069,RELIANCE.NS,IN,Conglomerate
2024-12-03,3462.09,3505.38,3467.97,3484.59,5211491,3509.5620000000004,3452.768,3371.0325,3238.3202,3441.1997109513964,3365.2189033128834,65.73243350535927,55.92758731175905,75.98080763851294,69.38202462984115,6.598783008671788,3371.0325,101.66063078358705,3574.353761567174,3167.7112384328257,0.7792563333611411,0.12062847899989919,72.28357142857145,15393128.85,0.33855954252214665,528737627.0,0.005761076940394849,0.010735839797505467,0.00649896449832139,0.03842474632336512,0.02764195513822454,0.022113692361844572,67.13105135678451,69.36891951480285,1,1,0.06520996731322759,RELIANCE.NS,IN,Conglomerate
2024-12-04,3485.96,3594.78,3548.49,3569.06,6925557,3522.702,3476.907,3383.6494999999995,3252.1826,3460.870524651607,3380.3184281701465,75.06890579109871,72.31559551063714,80.55209648146047,71.61603900016502,8.93605748129545,3383.6494999999995,109.89086990833945,3603.4312398166785,3163.8677601833206,0.9218059702178407,0.1299081005976618,75.10214285714288,15412997.05,0.4493322439627506,535663184.0,0.02424101544227586,0.012969801572399301,0.02383848351672884,0.07254024587774621,0.07608118864420277,0.01875342528315671,86.18650270798953,71.82173614086486,1,1,0.05204171406476776,RELIANCE.NS,IN,Conglomerate
2024-12-05,3595.03,3688.79,3605.38,3642.45,9707772,3538.4339999999997,3505.879,3403.2545,3266.4506,3488.8058285518714,3399.735801159311,75.06289639795716,70.6114223052073,89.0700273925604,75.10683667864411,13.96319071391629,3403.2545,119.42094590477252,3642.096391809545,3164.412608190455,1.0007402557959475,0.1403608762197918,75.27357142857146,15375991.7,0.6313590406426247,545370956.0,0.020562837273679913,0.02289942209226673,0.013190432346875109,0.08641316181141923,0.12063316258249102,0.022072007609875932,87.8792634440053,80.3989391695931,1,1,0.019388049252563544,RELIANCE.NS,IN,Conglomerate
2024-12-06,3675.88,3637.62,3608.68,3621.54,5479714,3556.454,3523.7650000000003,3420.8840000000005,3279.9602,3509.2264703134388,3416.1659138032965,72.47793097339907,59.6931753331767,93.0605565101423,78.69758064494377,14.362975865198536,3420.8840000000005,124.46956074309954,3669.8231214861994,3171.9448785138015,0.9030222304978704,0.14554081429602764,76.83785714285715,15264044.45,0.3589948692140458,539891242.0,-0.005740641601120089,0.007991075619761777,-0.014782854717777882,0.05195371048136921,0.1078603221217822,0.0255136714767914,82.4100230171521,85.49192972304895,1,1,0.026944338596287754,RELIANCE.NS,IN,Conglomerate
2024-12-09,3669.8,3655.53,3636.37,3644.89,7171032,3592.506,3543.495,3440.6434999999997,3293.9188,3530.0977825731834,3433.1086029240982,71.84196218208179,69.6355014019177,96.98917964908514,82.35590044577206,14.63327920331308,3440.6434999999997,127.20202101485818,3695.047542029716,3186.239457970283,0.9014214915171063,0.14788166343280992,73.16428571428573,14347877.45,0.4997973759667584,547062274.0,0.006447533369781988,0.0052566744126695325,-0.006787835849363323,0.057228382725323934,0.12160814844447176,0.05202864375128069,88.51747227430288,86.26891957848676,1,1,0.0452441637470542,RELIANCE.NS,IN,Conglomerate
2024-12-10,3654.37,3724.23,3701.89,3711.82,6954280,3637.9519999999998,3573.757,3461.121,3309.3161999999998,3558.0550467930034,3453.7540768803283,77.39740682100218,92.76495622988828,104.3009699126751,86.74491433915269,17.556055573522414,3461.121,136.3875355819094,3733.8960711638188,3188.3459288361814,0.9595342949218405,0.1576223837096362,75.31857142857143,14340121.0,0.48495263847825004,554016554.0,0.01836269407307234,0.006018610816255671,0.01572090401354667,0.08876569283116287,0.12402074936331675,0.06520996731322759,96.76915466898349,89.23221665347948,1,1,0.052338206055250414,RELIANCE.NS,IN,Conglomerate
2024-12-11,3677.23,3756.25,3753.65,3754.8,12685360,3675.1,3598.9009999999994,3484.5389999999998,3325.8460000000005,3588.323501132825,3476.0539601961636,77.96075049722528,93.29872127680035,112.26954093666154,91.84983965865447,20.419701278007068,3484.5389999999998,144.76759709054323,3774.074194181086,3195.0038058189134,0.9667152826851201,0.1661827829626836,75.57642857142858,14663842.5,0.8650774266651168,566701914.0,0.011579225285708983,0.0006924470011716248,0.021094682682339442,0.07177109974424556,0.14251287107021593,0.05204171406476776,99.61765636509969,94.96809443612868,1,1,0.040276446148929335,RELIANCE.NS,IN,Conglomerate
2024-12-12,3728.24,3780.38,3659.23,3713.07,10517220,3689.2239999999997,3613.829,3508.3840000000005,3339.3502000000003,3607.515270189466,3493.6108389720766,70.1551947761528,76.73883174273092,113.90443121738917,96.26075797040143,17.643673246987746,3508.3840000000005,140.92981894322423,3790.243637886449,3226.524362113552,0.8630991679652932,0.16067775812816854,77.16928571428573,14435056.0,0.7285887405917414,556184694.0,-0.011113774368807894,0.032627987083455864,-0.004068944059394125,0.041887990033082856,0.14736555866966206,0.019388049252563544,83.31308723979645,93.23329942462654,1,1,0.06075565502400959,RELIANCE.NS,IN,Conglomerate
2024-12-13,3700.27,3722.87,3716.13,3719.12,10838372,3708.7400000000002,3632.597,3528.8540000000003,3353.1646,3624.6852286219705,3510.315340278171,70.20583113809883,68.98242139143356,114.36988834379963,99.88258404508107,14.487304298718556,3528.8540000000003,140.28634668908458,3809.4266933781696,3248.281306621831,0.8390672087655924,0.1590163227937964,77.19142857142856,14320852.45,0.7568244474982739,567023066.0,0.0016293794622777025,0.0018122566628659387,0.005094222854006549,0.053145459076184176,0.12369626433656022,0.026944338596287754,84.81295088855187,89.24789816448265,1,1,0.06760470218761427,RELIANCE.NS,IN,Conglomerate
2024-12-16,3713.51,3827.81,3795.4,3809.8,9452804,3741.722,3667.114,3553.494,3367.9026,3653.164424218752,3532.4995354859584,77.65810549571944,84.64227881642869,120.66488873279377,104.03904498262362,16.625843750170148,3553.494,144.33711779245584,3842.1682355849116,3264.8197644150887,0.9439363968172101,0.162473461660456,79.78142857142858,14433747.8,0.6549098318795737,576475870.0,0.024382111897438108,0.00850700824190019,0.025929646076077357,0.09962679997575496,0.1485679831172746,0.0452441637470542,95.08366773102104,87.73656861978976,1,1,0.05435193448474984,RELIANCE.NS,IN,Conglomerate
2024-12-17,3815.05,3909.05,3903.71,3906.09,5873554,3780.576,3709.264,3581.0160000000005,3383.8314,3692.0760512622082,3560.173072255801,77.7236242479314,87.89241571403703,131.90297900640735,109.61183178738037,22.291147219026982,3581.0160000000005,156.585834722657,3894.1876694453144,3267.8443305546866,1.0190028851823474,0.1749066016154222,76.86642857142854,14352826.0,0.4092262799516778,582349424.0,0.025274292613785443,0.0013670959962516938,0.023863383179768573,0.12096114607457409,0.16403379375083804,0.052338206055250414,99.3386509370616,93.07842318554482,1,1,0.0007501107245351246,RELIANCE.NS,IN,Conglomerate
2024-12-18,3926.52,3906.09,3905.98,3906.03,22176581,3810.822,3742.9610000000002,3609.934,3399.882,3724.9920433758484,3585.792248829603,75.69523695116827,84.95626192447534,139.19979454624536,115.52942433915337,23.67037020709199,3609.934,160.68737858273545,3931.308757165471,3288.5592428345294,0.960670904290383,0.1780502120899616,68.81142857142858,14334873.55,1.5470369777320443,560172843.0,-1.5360629171401463e-05,2.8161586060552315e-05,-0.00521836129702499,0.09441421550772477,0.1738032917927559,0.040276446148929335,99.32524521281738,97.91585462696666,1,1,0.02441353497028942,RELIANCE.NS,IN,Conglomerate
2024-12-19,3892.58,3948.67,3930.65,3938.66,11531166,3855.94,3772.582000000001,3639.2305,3417.1423999999997,3757.8640367027538,3611.9307376440884,80.56105907780982,84.37406521088842,145.9332990586654,121.61019928305576,24.323099775609634,3639.2305,164.68940883963762,3968.6093176792756,3309.8516823207246,0.9545366670946753,0.18101563925625758,65.27142857142859,13567366.95,0.849919162102477,571704009.0,0.008353750483227174,0.0045751600798229364,0.011837906992274556,0.08132163790855063,0.1747620595753312,0.06075565502400959,97.9453601262383,98.86975209203909,1,0,0.03120350576084263,RELIANCE.NS,IN,Conglomerate
2024-12-20,3930.26,3998.28,3948.36,3970.55,5471984,3906.226,3807.483,3665.6240000000007,3433.8866000000003,3790.5849541331945,3638.495256250889,90.06842805550278,99.97670807453419,152.0896978823057,127.70609900290576,24.38359887939994,3665.6240000000007,173.590201257541,4012.8044025150825,3318.443597484919,0.9391463311150089,0.1894249942247143,64.53285714285718,13536469.15,0.4042400965217657,577175993.0,0.008096662316625425,0.012572565513590686,0.010251230198508422,0.09637060477034631,0.1533311257508687,0.06760470218761427,94.77098300975888,97.3471961162715,1,1,0.013010791955774259,RELIANCE.NS,IN,Conglomerate
2024-12-23,3989.22,4073.59,3971.49,4016.87,14358283,3947.6400000000003,3844.6810000000005,3694.0880000000006,3450.275,3825.3980381127885,3666.52314087864,90.46648826176866,99.97985698459061,158.87489723414865,133.93985864915436,24.935038584994288,3694.0880000000006,182.4062185747485,4058.9004371494975,3329.275562850504,0.9423944568901631,0.19751150332607023,68.98214285714289,13735040.85,1.0453759920651424,591534276.0,0.011665890115978739,0.025417800426694153,0.006931179528828483,0.10205520605560103,0.16512404317218676,0.05435193448474984,89.198247952601,93.97153036286603,1,1,0.02015997530415481,RELIANCE.NS,IN,Conglomerate
2024-12-24,4049.78,3989.56,3844.59,3909.02,14424958,3948.226,3864.4010000000003,3719.079,3463.5638,3838.2629553262323,3684.485945854505,74.95815346665495,65.7472067039106,153.77700947172707,137.9072888136689,15.869720658058156,3719.079,175.42611780882518,4069.9312356176506,3368.2267643823498,0.7706851784268262,0.18867694696324336,73.41714285714286,13548101.05,1.0647216818092982,577109318.0,-0.026849263232317733,0.03708602156038156,-0.03475744361421249,0.053127576229450746,0.14660917517306116,0.0007501107245351246,64.85124196393741,82.9401576420991,1,1,0.02998449739320863,RELIANCE.NS,IN,Conglomerate
2024-12-25,3898.38,4040.3,3970.26,4001.39,9808118,3967.298,3889.06,3743.9805,3479.7128000000002,3863.3594237376255,3707.9604105896374,75.63710645105996,65.31563383903315,155.39901314798817,141.40563368053276,13.993379467455412,3743.9805,178.51363696913901,4101.007773938278,3386.953226061722,0.8604899664383062,0.1907206909534825,74.24214285714288,13344620.45,0.734986603909997,586917436.0,0.023629963520268582,0.017503917388703043,0.026423796551381173,0.06567327154575464,0.1421578142126414,0.02441353497028942,84.47011249470974,79.50653413708271,0,1,-0.013742724403269846,RELIANCE.NS,IN,Conglomerate
2024-12-26,3988.7,4110.06,4022.75,4061.56,14532451,3991.8779999999997,3923.9090000000006,3768.869,3496.6458000000002,3893.8518200857293,3734.153066116692,79.75923170566753,70.94792985480699,159.69875396903717,145.06425773823364,14.634496230803535,3768.869,186.58631796458494,4142.04163592917,3395.6963640708304,0.8921656785877806,0.19802897682518067,79.59214285714292,10466256.6,1.388504999150795,601449887.0,0.015037274547094803,0.021496666305552276,0.01826660315390525,0.09385495021639767,0.13967433546870045,0.03120350576084263,89.76123625136735,79.69419690333815,0,0,-0.04764425491682989,RELIANCE.NS,IN,Conglomerate
2024-12-27,4051.42,4047.59,4001.9,4022.21,5072364,4002.21,3954.218,3793.4075,3512.9038,3913.599232380257,3755.490687187269,74.97815437574477,61.05304934515151,158.108545192988,147.6731152291845,10.4354299638035,3793.4075,185.98825650180513,4165.38401300361,3421.4309869963895,0.8075496597240434,0.19611734990428106,81.42571428571432,9661461.4,0.5250099612249176,596377523.0,-0.009688395591841537,0.011359426782785755,-0.007209817792278467,0.08149508485878387,0.13897163763224074,0.013010791955774259,80.51371914007376,84.91502262871694,0,0,-0.025165269839217852,RELIANCE.NS,IN,Conglomerate
2024-12-30,4026.28,4109.64,4088.42,4097.85,6844230,4018.406,3983.023,3825.0685,3529.942,3941.945504321786,3780.8507137717224,75.26341278255522,65.09366848470479,161.0947905500634,150.3574502933603,10.737340256703106,3825.0685,180.90171982177523,4186.87193964355,3463.2650603564493,0.8769747190185212,0.1891748812568746,82.00357142857148,9751864.55,0.7018380190854866,603221753.0,0.018805582005912314,0.005178325219321125,0.017775713561893954,0.07560764344585014,0.18276699099182325,0.02015997530415481,97.29166204534461,89.18887247892856,0,0,-0.04671230035262408,RELIANCE.NS,IN,Conglomerate
2024-12-31,4088.42,4124.35,3947.74,4026.23,8267825,4041.8480000000004,3995.0370000000003,3852.1504999999997,3545.8084,3954.9123498107538,3799.027008619577,67.12168043903361,51.046979865771824,155.88534119117685,151.4630284729236,4.422312718253238,3852.1504999999997,167.27771709519888,4186.705934190398,3517.595065809602,0.7601654049059177,0.17369800800374285,91.44500000000009,9904681.25,0.8347390447583516,594953928.0,-0.017477457691228437,0.043864856205422124,-0.015211255203718023,0.03075709981080821,0.15543865992842765,0.02998449739320863,78.90436876488018,85.56991665009951,0,0,-0.04905333277035839,RELIANCE.NS,IN,Conglomerate
2025-01-01,4034.04,4011.74,3894.14,3946.4,11414476,4030.85,3999.0739999999996,3871.0175000000004,3561.0462000000007,3953.6027575321755,3809.9435550964517,64.04333433644297,54.460833452670784,143.65920243572373,149.90226326548364,-6.243060829759912,3871.0175000000004,154.45631666131823,4179.930133322637,3562.104866677364,0.6220126532032219,0.15960280898888032,92.22642857142867,10129127.2,1.1268961923100154,583539452.0,-0.019827481291431415,0.029799310764233252,-0.021725119235302116,0.010335302084213405,0.10572531703025456,-0.013742724403269846,56.408309244876726,77.53478001836716,0,0,-0.014103993513075341,RELIANCE.NS,IN,Conglomerate
2025-01-02,3945.4,3879.03,3859.27,3868.05,12481513,3992.148,3992.0130000000004,3882.2975000000006,3574.4292,3940.440794834909,3814.2477466404225,58.24594429987267,33.53664559462669,126.19304819448644,145.1604202512842,-18.967372056797757,3882.2975000000006,144.82280595611476,4171.94311191223,3592.651888087771,0.4754052894044996,0.14921350664762545,97.75000000000013,10267814.25,1.215595790935175,571057939.0,-0.01985353740117568,0.005108517211513582,-0.01960510974805604,-0.01792741693875577,0.06193633406086563,-0.04764425491682989,22.085423316546336,52.466033775434404,1,0,0.006323599746642428,RELIANCE.NS,IN,Conglomerate
2025-01-03,3868.78,3933.46,3911.01,3920.99,8254797,3971.904,3987.057,3897.2699999999995,3589.8163999999997,3937.448364860306,3822.1545979804023,56.424865077255525,32.328464033389466,115.29376687990361,139.1870895770081,-23.89332269710448,3897.2699999999995,131.29283822213438,4159.855676444268,3634.6843235557308,0.5451662107405341,0.13475364880760193,94.65857142857155,10406568.4,0.7932294191013611,579312736.0,0.013686482853117132,0.005725594811512933,0.01349521037639413,-0.012481897973832479,0.08268581874009384,-0.025165269839217852,27.30912210456337,35.26761822199547,0,0,-0.030403035967957015,RELIANCE.NS,IN,Conglomerate
2025-01-06,3895.69,3954.8,3867.74,3906.43,21605050,3933.62,3976.013,3910.347,3603.4570000000003,3932.6763087279487,3828.3972333338634,50.02169529594934,34.47739582774706,104.27907539408534,132.20548674042354,-27.9264113463382,3910.347,117.08891372305327,4144.524827446106,3676.1691725538935,0.4916366975404765,0.1197734254510132,93.78785714285729,11128269.3,1.9414562566834845,557707686.0,-0.0037133479044832995,0.02228633304576765,0.0027568928739188756,-0.027494043869978335,0.07175525187317033,-0.04671230035262408,22.104661138039248,23.833068853049642,0,0,-0.042122858978658195,RELIANCE.NS,IN,Conglomerate
2025-01-07,3908.72,3878.03,3789.3,3828.73,5747622,3894.12,3967.9840000000004,3916.1925,3615.5445999999997,3916.6845689236425,3828.4218827640025,45.512180395253225,14.117333333333235,88.26268615964,123.41692662426682,-35.154240464626824,3916.1925,109.31639935118511,4134.825298702371,3697.55970129763,0.29997854731904855,0.11165579766689943,102.14642857142869,11067936.4,0.519303804519169,551960064.0,-0.01989028345573829,0.023174786417422186,-0.02046449988742589,-0.02053967490573083,0.031496678179437465,-0.04905333277035839,11.768392777162253,20.394058673254946,0,0,-0.04442987622527572,RELIANCE.NS,IN,Conglomerate
2025-01-08,3826.58,3911.29,3874.29,3890.74,6794417,3882.988,3956.9190000000003,3922.9895000000006,3628.3752000000004,3912.6930967815424,3833.038047826214,47.30967886817875,31.4595363857795,79.65504895532831,114.66455109047912,-35.00950213515081,3922.9895000000006,102.78432572882332,4128.558151457647,3717.420848542354,0.42156026764842897,0.10480204010619655,104.99785714285726,10773389.25,0.6306665629234028,558754481.0,0.016195970987768815,0.009509759068966442,0.01676693026148234,-0.02765289062050935,0.03620432513049954,-0.014103993513075341,30.27607819719349,21.383044037464987,0,0,-0.06237373867182072,RELIANCE.NS,IN,Conglomerate
2025-01-09,3879.0,3956.54,3841.29,3892.51,9961370,3887.88,3940.014,3931.9615,3640.0661999999998,3909.5880049689963,3837.443384889126,45.46532168092228,40.62228100093969,72.14462007987049,106.1605648883574,-34.01594480848691,3931.9615,90.60632092945268,4113.174141858905,3750.7488581410944,0.3911458395074107,0.0921741689784396,108.97142857142866,10745596.75,0.9270186947022095,568715851.0,0.00045492631221843993,0.02960814487309484,0.0034828564062894395,-0.04162193836850858,0.04832658689440272,0.006323599746642428,30.804357558481403,24.282942844279038,0,0,-0.04792537462973767,RELIANCE.NS,IN,Conglomerate
2025-01-10,3870.05,3819.56,3787.55,3801.78,7294767,3864.0379999999996,3917.971,3936.0945,3647.4492,3893.002158050685,3834.801648637212,38.11513001580305,38.94431283574121,58.2005094134729,96.56855379338052,-38.368044379907616,3936.0945,81.84860462272259,4099.791709245445,3772.397290754555,0.089747129412877,0.08317747922231221,109.10857142857152,10568416.5,0.6902421294389628,561421084.0,-0.023308867543050615,0.008419740226944047,-0.01764059895866522,-0.05480320520310966,0.022225687797113425,-0.030403035967957015,4.225059382410262,21.768498379361706,0,0,-0.008638059014461685,RELIANCE.NS,IN,Conglomerate
2025-01-13,3809.32,3804.39,3691.88,3741.88,8909784,3831.1279999999997,3882.374,3932.6985,3653.0406,3869.7525952736523,3827.918553811458,40.247858659882844,20.797600026086727,41.834041462194364,85.6216513271433,-43.787609864948934,3932.6985,88.50304855143288,4109.704597102866,3755.6924028971343,-0.039016743273731,0.09001762891450775,104.83928571428581,10541265.5,0.8452289864789966,552511300.0,-0.015755777556828665,0.03006777341870121,-0.01770394716116849,-0.08686750369095997,-0.01782770749120688,-0.042122858978658195,11.561495595043437,15.530304178645025,1,0,0.007875720226196314,RELIANCE.NS,IN,Conglomerate
2025-01-14,3736.97,3664.8,3653.68,3658.62,7240568,3797.1059999999998,3845.613,3920.325,3658.3958000000002,3837.2706575392385,3815.3779037619533,29.78545227227157,16.991235314489742,21.89275377728518,72.87587181717167,-50.98311803988649,3920.325,107.64755950983556,4135.620119019671,3705.029880980329,-0.10778200915920652,0.10983534223290976,101.76214285714296,10609616.2,0.6824532745630069,545270732.0,-0.022250847167733956,0.003039397368405931,-0.02096618383342091,-0.09130377549220992,-0.06335491501731916,-0.04442987622527572,1.0495676376207435,5.612040871691472,1,1,0.04369407044186069,RELIANCE.NS,IN,Conglomerate
2025-01-15,3666.12,3671.87,3629.01,3648.06,9658105,3748.5699999999997,3815.779,3907.4265,3665.0226000000002,3808.161325610121,3802.983969926274,24.09861942822782,20.692340135613037,5.177355683847054,59.336168590506745,-54.15881290665969,3907.4265,123.70772035965045,4154.8419407193005,3660.011059280699,-0.024151805655156733,0.12663856413894792,97.0614285714286,9983692.4,0.9673879808849097,535612627.0,-0.002886334191580464,0.01174871027340228,-0.004926188995448872,-0.0755980133792824,-0.06604403960031036,-0.06237373867182072,3.8458432591676956,5.485635497277283,1,1,0.028820797903543305,RELIANCE.NS,IN,Conglomerate
2025-01-16,3676.25,3716.02,3697.92,3705.96,15886790,3711.2599999999998,3799.5699999999997,3895.7915000000003,3674.1348000000003,3792.438044747023,3795.797001116464,30.640204708791956,19.62054452189936,-3.3589563694408753,46.79714359851722,-50.1560999679581,3895.7915000000003,131.32405801460587,4158.439616029212,3633.1433839707884,0.1386200996411762,0.1348368443378678,97.65428571428576,10201473.6,1.5573032941727856,551499417.0,0.015871449482738775,0.004884024652180548,0.008081604896291589,-0.041904835769961624,-0.0590810072461192,-0.04792537462973767,15.534784188606704,6.810065028465037,1,1,0.007112866841520127,RELIANCE.NS,IN,Conglomerate
2025-01-17,3685.45,3839.84,3712.21,3768.94,8573107,3704.692,3784.3650000000002,3885.7110000000002,3684.1346000000003,3788.822960939788,3793.8075915568243,29.548196142318815,33.087893137711106,-4.984630617036146,36.44078875540655,-41.4254193724427,3885.7110000000002,133.0105449282416,4151.732089856483,3619.689910143517,0.2805230403663149,0.13692273555929124,100.9721428571429,10356529.75,0.8277971848825921,560072524.0,0.016994247104663796,0.03386363274553754,0.022653949992532143,-0.03877847176350868,-0.05077634080920779,-0.008638059014461685,28.24928332049043,15.876636922754935,0,0,-0.011562932814000781,RELIANCE.NS,IN,Conglomerate
2025-01-20,3769.8,3781.64,3763.11,3771.35,8690839,3710.5860000000002,3770.857,3873.435,3694.5676000000003,3786.134813102897,3792.144064653982,32.658865151721315,44.50741850474708,-6.009251551084617,27.950780694108317,-33.960032245192934,3873.435,131.59068270089153,4136.616365401783,3610.253634598217,0.30605579759710727,0.13589042563084958,89.68071428571427,10073157.55,0.8627719852577918,568763363.0,0.0006394370831055429,0.004913359937421568,0.00041116239588288926,-0.03457888660490527,-0.06112221704959331,0.007875720226196314,37.19070885470905,26.99159212126872,1,0,0.009487318864597638,RELIANCE.NS,IN,Conglomerate
2025-01-21,3769.85,3820.62,3816.77,3818.48,3458720,3742.558,3769.832,3868.9079999999994,3704.8918,3791.1109957024514,3794.094876419478,40.89148390771859,64.49439903118375,-2.98388071702675,21.763848411881302,-24.747729128908052,3868.9079999999994,131.85916189153994,4132.626323783079,3605.1896762169195,0.404390413079747,0.13632700688825458,83.76499999999997,9524845.65,0.3631260562079495,572222083.0,0.01249685126015887,0.0010082545934505093,0.012899717495387672,-0.002677127924925471,-0.023161815493397353,0.04369407044186069,57.848136048429595,41.09604274120968,0,0,-0.0037554210052167525,RELIANCE.NS,IN,Conglomerate
2025-01-22,3849.34,3776.16,3734.84,3753.2,6176046,3763.5860000000002,3756.078,3856.4985,3714.2270000000003,3785.278534825151,3791.0656238127654,41.66702944292076,69.20328108503205,-5.787088987614425,16.253660931982157,-22.040749919596582,3856.4985,130.40561823040875,4117.3097364608175,3595.687263539183,0.3019669294121436,0.13525805155155626,83.51571428571424,9343242.05,0.6610173755460637,566046037.0,-0.017095807755965753,0.011009272087815384,-0.02497571012172875,-0.03535060168502646,-0.06202594598377065,0.028820797903543305,37.917137361347216,44.31866075482861,1,1,0.04795641052968147,RELIANCE.NS,IN,Conglomerate
2025-01-23,3755.95,3788.42,3687.43,3732.32,13163478,3768.858,3740.0589999999997,3840.0364999999997,3724.15,3777.131067928973,3786.714092795609,35.6430821678056,66.41983007249206,-9.583024866635697,11.086323772258584,-20.66934863889428,3840.0364999999997,123.7691000156609,4087.5747000313213,3592.498299968678,0.28242449046924406,0.12892492039138542,86.05714285714284,9274793.4,1.419274372270721,552882559.0,-0.005563252691036857,0.027058237235813964,-0.006291351056322199,-0.04115339459628875,-0.08106244891125569,0.007112866841520127,31.542148810699665,42.43580740682548,1,1,0.044763042825909816,RELIANCE.NS,IN,Conglomerate
2025-01-24,3717.22,3766.37,3692.55,3725.36,8553152,3760.142,3732.417,3825.1940000000004,3732.4628000000002,3769.166288247592,3782.1693419634676,36.06017214036063,54.7169811320755,-13.003053715875467,6.268448274631774,-19.27150199050724,3825.1940000000004,118.45819419792795,4062.1103883958563,3588.2776116041446,0.28930541555977074,0.1238715675052266,85.1114285714285,9448832.8,0.905207159004109,544329407.0,-0.001864791872079552,0.019815534606046098,0.0021898085128128383,-0.020101110532434796,-0.07380271045022513,-0.011562932814000781,29.417152627150433,32.958812933065765,1,1,0.027213477355208626,RELIANCE.NS,IN,Conglomerate
2025-01-27,3714.35,3812.52,3802.81,3807.13,9745213,3767.2980000000002,3738.9420000000005,3810.6580000000004,3742.2654,3775.006859286424,3784.0182808078735,48.34746151727516,58.50822082609279,-9.011421521449392,3.21247431541554,-12.223895836864934,3810.6580000000004,99.57109058357446,4009.8001811671493,3611.5158188328514,0.49114200723369056,0.10451852733417517,82.97071428571424,9593881.95,1.0157735976964364,554074620.0,0.021949556552923744,0.002550477656396678,0.024978798443866416,0.0174377585598684,-0.0709445196871531,0.009487318864597638,54.38280462841761,38.447368688755894,0,1,-0.03478735950703027,RELIANCE.NS,IN,Conglomerate
2025-01-28,3829.73,3815.32,3795.2,3804.14,4591668,3764.4300000000003,3753.494,3799.5535000000004,3751.2352,3779.4888809346667,3785.508779430527,42.71681356388349,57.28634282920758,-6.019898495860161,1.3659997531603996,-7.385898249020561,3799.5535000000004,85.67952474653346,3970.912549493067,3628.1944505069337,0.5133827189548913,0.0901995718670742,78.51071428571426,9410074.1,0.4879523225059065,549482952.0,-0.0007853685059350246,0.005288974643413507,-0.006681933191110982,0.03977455980670297,-0.05516078316439954,-0.0037554210052167525,53.46991115301349,45.756622802860505,0,1,-0.03238576918830538,RELIANCE.NS,IN,Conglomerate
2025-01-29,3850.42,3973.29,3901.11,3933.19,10068961,3800.428,3782.007,3798.893,3763.3456,3803.135206944718,3796.448135250561,52.81795511221944,68.68667122796728,6.687071694157112,2.430214141359743,4.256857552797369,3798.893,84.53113179864717,3967.9552635972946,3629.8307364027055,0.8971820710948176,0.089006067608248,82.36071428571427,9342798.35,1.0777242047909334,559551913.0,0.03392356748174352,0.01835151619931442,0.021496356241651166,0.07815935044927991,-0.003347354550983228,0.04795641052968147,88.35250377573968,65.40173985239025,0,0,-0.05283497618981026,RELIANCE.NS,IN,Conglomerate
2025-01-30,3942.52,3924.93,3878.95,3899.39,20201528,3833.8419999999996,3801.35,3800.46,3774.2788,3817.9436366455307,3804.073462533524,57.34053273572273,76.53657651116353,13.87017411200668,4.718206135489131,9.151967976517549,3800.46,86.15548343731902,3972.770966874638,3628.149033125362,0.7870682052152482,0.09067900563331414,78.73785714285714,9728799.1,2.0764665521290753,539350385.0,-0.008593533493169714,0.011791587915029845,-0.010939703539865155,0.05219430323047192,0.00810227375550987,0.044763042825909816,78.53491344231861,73.45244279035725,0,0,-0.04146802448588105,RELIANCE.NS,IN,Conglomerate
2025-01-31,3909.49,3849.66,3808.4,3826.74,3046457,3854.118,3807.13,3795.7475,3781.96,3819.2969233154495,3805.752466117843,56.26162155780522,64.4276022248028,13.544457197606334,6.483456347912573,7.0610008496937615,3795.7475,81.67702233574592,3959.101544671492,3632.393455328508,0.5948629709834595,0.08607213449864559,77.20071428571428,9468382.1,0.32175050035734193,536303928.0,-0.01863111922634053,0.010782023341013235,-0.021166443704927967,0.015335876930914205,-0.024037296703128597,0.027213477355208626,57.432903450512775,74.77344022285702,0,0,-0.014056350836482268,RELIANCE.NS,IN,Conglomerate
2025-02-03,3844.43,3675.67,3673.9,3674.69,18396015,3827.63,3797.464,3784.1604999999995,3786.502,3797.0497043438413,3796.04413096287,51.07648611353011,44.63593826088797,1.0055733809713274,5.387879754524325,-4.382306373552997,3784.1604999999995,81.58647807696045,3947.3334561539205,3620.9875438460786,0.16455685249429278,0.08623997642482545,81.8178571428571,9307930.35,1.976380605772302,517907913.0,-0.0397335591129786,0.0004816732840047732,-0.044152189011103245,-0.025630079414533213,-0.05932270640968862,-0.03478735950703027,13.268270012741718,49.74536230185769,1,1,0.036941891696986584,RELIANCE.NS,IN,Conglomerate
2025-02-04,3693.12,3682.17,3679.97,3680.94,10403105,3802.9900000000002,3783.71,3776.7709999999997,3791.9368,3779.186672906327,3787.5178955174456,52.21533486053092,34.098641598830625,-8.331222611118392,2.644059281395781,-10.975281892514172,3776.7709999999997,83.99456491816485,3944.7601298363293,3608.78187016367,0.21477023515276905,0.088959129285988,79.29071428571426,9540704.5,1.0903915858214048,528311018.0,0.0017008237429552153,0.0005976734203762287,-0.0032980244346234454,-0.03601956799564221,-0.0386002669292429,-0.03238576918830538,2.3514479441452463,24.35087380246657,1,1,0.027577194955636264,RELIANCE.NS,IN,Conglomerate
2025-02-05,3668.5,3727.78,3723.47,3725.38,9585292,3761.428,3780.928,3768.5029999999997,3796.3772000000004,3770.908723228431,3782.9150866814743,51.332619675010974,41.014056224899626,-12.006363453043377,-0.2860252654920516,-11.720338187551326,3768.5029999999997,80.2402829729636,3928.983565945927,3608.0224340540726,0.36564416773400693,0.08516939800545974,77.78214285714284,9680248.25,0.9901906193169561,537896310.0,0.012073003091601642,0.0011569289575826475,0.01550497478533041,-0.007412341468613359,-0.042500912422829495,-0.05283497618981026,17.194963091562208,10.938227016149716,1,1,0.01857528627952032,RELIANCE.NS,IN,Conglomerate
2025-02-06,3715.78,3762.88,3717.53,3737.69,6477099,3729.0880000000006,3781.465,3760.762,3799.8552,3765.798150424057,3779.565079074143,47.69532575187692,19.595645412130636,-13.766928650085902,-2.9822059424108227,-10.78472270767508,3760.762,74.94025708945684,3910.6425141789136,3610.8814858210867,0.4230320227855573,0.07970752426177122,71.4585714285714,9506034.7,0.6813669971805387,544373409.0,0.0033043608974117067,0.012133162461303044,0.005896473957014128,0.0014387833840614483,-0.039773822032570294,-0.04146802448588105,21.30665686889573,13.617689301534385,1,1,0.03504035915231052,RELIANCE.NS,IN,Conglomerate
2025-02-07,3747.83,3799.69,3751.55,3772.95,6263885,3718.3299999999995,3786.2239999999997,3759.3205000000003,3804.6854,3766.8984349742022,3779.0750730561076,50.112546073548856,30.424820411196407,-12.176638081905367,-4.821092370309732,-7.355545711595634,3759.3205000000003,74.38495642160724,3908.090412843215,3610.5505871567857,0.5458073132496138,0.07914723570026816,74.56357142857142,9454490.6,0.6625300719501407,550637294.0,0.009433634143013458,0.012759246743261139,0.00670254520615748,0.012774604333540829,-0.007583289932610593,-0.014056350836482268,33.083937339145905,23.861852433201268,1,1,0.034787102930067926,RELIANCE.NS,IN,Conglomerate
2025-02-10,3794.98,3847.64,3780.68,3810.44,11500870,3745.4800000000005,3786.5549999999994,3762.7485,3811.6016,3773.597137285863,3781.398401683347,49.42668073818421,47.168172341904146,-7.801264397483919,-5.4171267757445705,-2.384137621739349,3762.7485,75.11511224186235,3912.978724483725,3612.5182755162755,0.6587280461146747,0.07985132383080333,76.37928571428571,9584044.9,1.2000015567538131,562138164.0,0.009936521819796207,0.017572773747909023,0.004073802760487792,0.0008694213226236869,0.018322340641602652,0.036941891696986584,45.60606566670362,33.33221995824841,1,1,0.028705346364199524,RELIANCE.NS,IN,Conglomerate
2025-02-11,3792.24,3835.74,3739.82,3782.45,4622611,3765.782,3784.386,3768.94,3817.5588000000002,3774.9591161649614,3781.4762978768517,52.20292518338882,82.90582631000355,-6.517181711890316,-5.63713776297372,-0.8800439489165965,3768.94,71.07521323812149,3911.090426476243,3626.789573523757,0.5475200825433687,0.07543257599017508,77.25642857142854,9453147.05,0.4890022853286424,557515553.0,-0.007345608381184365,0.025359224841035376,-0.0025815876632273756,-0.005701682903363148,0.033846094975701124,0.027577194955636264,36.25705601377374,38.31568633987441,1,1,0.010012029240307196,RELIANCE.NS,IN,Conglomerate
2025-02-12,3782.28,3809.39,3782.73,3794.58,7449909,3779.6220000000003,3770.525,3776.2660000000005,3822.0692,3777.977713678044,3782.446942731252,54.75165613456664,83.49840820657931,-4.469229053207982,-5.403556021020573,0.9343269678125905,3776.2660000000005,65.274345117578,3906.8146902351564,3645.7173097648447,0.5701424118711588,0.0691416813514309,71.96714285714282,9342737.25,0.7974010189143423,564965462.0,0.0032069161522294554,0.007025810498129656,0.0032520067261007845,-0.03524111471858726,0.04016381309517936,0.01857528627952032,40.308627542535426,40.72391640767092,0,1,-0.008409362828033617,RELIANCE.NS,IN,Conglomerate
2025-02-13,3792.05,3886.45,3854.42,3868.66,23572743,3805.8160000000003,3767.452,3784.4009999999994,3826.5934,3791.9288346506523,3788.8330966608737,59.92025032536757,85.95302619692853,3.095737989778627,-3.7036972188607327,6.799435208639359,3784.4009999999994,66.18324465175432,3916.7674893035082,3652.0345106964905,0.8182791975617828,0.06995373339319691,73.25642857142854,9727034.9,2.42342510527796,588538205.0,0.01952258220936165,0.008279352540670793,0.020202792684690198,-0.007880719804892578,0.04390225474640852,0.03504035915231052,65.05227295479119,47.20598550370011,0,0,-0.033355218602823755,RELIANCE.NS,IN,Conglomerate
2025-02-14,3897.46,3937.62,3877.46,3904.2,9330841,3832.066,3775.1979999999994,3791.1639999999998,3832.2466000000004,3809.2013216274754,3797.378795111818,57.17941511471381,87.41965931053072,11.8225265156575,-0.5984524719570852,12.420978987614586,3791.1639999999998,71.23800363645567,3933.640007272911,3648.6879927270884,0.8966843336035661,0.07516214401322327,71.95642857142856,9764921.6,0.9555468468331741,597869046.0,0.009186643437262498,0.01540904666768722,0.0017293314107131445,0.02024177237021596,0.03588807463106325,0.034787102930067926,76.92307692281993,60.76132580671551,0,0,-0.05318887352082369,RELIANCE.NS,IN,Conglomerate
2025-02-17,3916.69,4007.37,3849.79,3919.82,10813949,3853.942,3799.7110000000002,3798.5875,3837.7451999999994,3826.219579838633,3806.44851586674,58.398919641042035,86.20162681784564,19.771063971893,3.475450816812933,16.295613155080066,3798.5875,76.59868583971175,3951.7848716794238,3645.3901283205764,0.8956742164375769,0.08066017785789235,81.77499999999996,9871077.1,1.0955185330769495,608682995.0,0.004000819630141983,0.04020082554810163,0.0007991441753111198,0.06670766785769677,0.039367865618412656,0.028705346364199524,73.74576423644189,71.90703803801766,0,0,-0.08239919179962352,RELIANCE.NS,IN,Conglomerate
2025-02-18,3917.3,3841.93,3803.03,3820.32,9974898,3861.5160000000005,3813.649,3798.6795000000006,3839.9152000000004,3825.311952171151,3807.4760334065586,41.4376962874179,51.865136298421824,17.835918764592407,6.347544406368829,11.488374358223577,3798.6795000000006,76.62493599037296,3951.9293719807465,3645.429628019255,0.5706052792075017,0.08068586569659562,78.03499999999995,10196886.0,0.9782297283474849,598708097.0,-0.025383818644733713,0.010182393097957619,-0.0247568478288554,0.03786532787820507,0.0004818671303765676,0.010012029240307196,43.9079977208028,64.85894629335486,0,0,-0.06243979561921509,RELIANCE.NS,IN,Conglomerate
2025-02-19,3823.31,3763.24,3762.21,3762.67,6141426,3855.1339999999996,3817.3779999999997,3799.153,3840.0726,3815.6747287602047,3804.1570673809993,39.990629026590156,46.64199375254656,11.517661379205492,7.381567800936163,4.136093578269329,3799.153,76.35790057356499,3951.86880114713,3646.4371988528696,0.3805526352664986,0.08039465699175051,78.31142857142852,10195155.0,0.6023866628426284,592566671.0,-0.015090358922812741,0.0002737417844242178,-0.01586060246226019,0.010009717129527695,0.0025231802195460062,-0.008409362828033617,26.620085764756602,48.091282574000424,0,0,-0.030837144899765412,RELIANCE.NS,IN,Conglomerate
2025-02-20,3756.66,3762.24,3721.52,3739.62,17039907,3829.326,3817.571,3799.518,3840.6036,3803.9740012586344,3799.376543087048,43.12239484653279,41.00314300680986,4.597458171586368,6.8247458750662044,-2.2272877034798366,3799.518,76.0383955366755,3951.594791073351,3647.441208926649,0.3030665968898153,0.080050570137218,74.75142857142853,10388976.45,1.64019096990147,575526764.0,-0.006125969059205372,0.01088880688411895,-0.004535944163165,0.000516361710040103,0.0019558880267500633,-0.033355218602823755,19.707919752842162,30.07866774613385,0,0,-0.007936635273102621,RELIANCE.NS,IN,Conglomerate
2025-02-21,3767.81,3708.42,3687.02,3696.54,19680663,3787.7940000000003,3809.9300000000003,3798.077,3840.1519999999996,3787.4456933726906,3791.7590202198053,52.08337306203397,18.641597434776358,-4.313326847114695,4.597131330630024,-8.910458177744719,3798.077,77.77106897475511,3953.6191379495103,3642.53486205049,0.17360291770859748,0.08190573174238919,67.59142857142855,10945352.0,1.7980838991670711,555846101.0,-0.011519887047347077,0.005789197465736689,-0.018915497331335993,-0.020252057408658986,-0.00773616509545394,-0.05318887352082369,5.0610873549021225,17.12969762416696,1,0,0.0024347092145629023,RELIANCE.NS,IN,Conglomerate
2025-02-24,3690.11,3652.24,3552.5,3596.83,19503777,3723.196,3788.5690000000004,3787.5619999999994,3835.8926,3758.120202084584,3777.31983150603,43.19333171481751,4.612976580727178,-19.199629421445934,-0.16222081978516917,-19.037408601660765,3787.5619999999994,89.77326349140439,3967.108526982808,3608.0154730171907,-0.031149232472290202,0.09480849527097449,77.34571428571427,11433280.2,1.7058774868582784,536342324.0,-0.026973872864895276,0.027729973337625648,-0.02527837923530055,-0.05605914277616242,-0.055238460467596395,-0.08239919179962352,9.745641611867672,11.504882906537313,1,1,0.04093048601129334,RELIANCE.NS,IN,Conglomerate
2025-02-25,3603.14,3616.97,3553.62,3581.78,9111396,3675.488,3768.5020000000004,3776.4439999999995,3829.4064000000003,3730.990940225417,3762.8353976563326,37.798660911531805,0.0,-31.844457430915554,-6.498668142011248,-25.345789288904307,3776.4439999999995,100.71448463224726,3977.872969264494,3575.015030735505,0.016792443731356212,0.10667652917106198,78.52499999999996,11659266.6,0.7814724142706871,527230928.0,-0.00418424001134321,0.017686736762163566,-0.005928162658124232,-0.05305291543840618,-0.05845210744084073,-0.06243979561921509,6.437003979144775,7.081244315304851,1,1,0.07202284897453226,RELIANCE.NS,IN,Conglomerate
2025-02-26,3563.24,3671.69,3626.61,3646.64,10578100,3652.282,3753.708,3762.116499999999,3824.2185999999997,3718.01387249843,3754.2283301254133,42.8979267094117,21.377719182597147,-36.2144576269834,-12.441826039005683,-23.77263158797772,3762.116499999999,97.5756024443133,3957.2677048886258,3566.9652951113726,0.20413582620177453,0.103745434193,81.7078571428571,11684723.55,0.905293056309145,537809028.0,0.01810831486020903,0.012362064804858052,0.023405664507576446,-0.03898718698775627,-0.072854349777153,-0.030837144899765412,20.69602303950424,12.292889543505558,1,1,0.05692911831165115,RELIANCE.NS,IN,Conglomerate
2025-02-27,3645.32,3721.11,3700.99,3709.94,8882962,3646.346,3737.8360000000002,3752.6439999999993,3819.6441999999997,3716.771738267902,3750.9477127128057,45.291084373365244,41.46901795825917,-34.17597444490366,-16.788655720185282,-17.387318724718376,3752.6439999999993,92.61771283360723,3937.8794256672136,3567.408574332785,0.38473047246074815,0.0987226209931797,82.5985714285714,11118795.25,0.7989140011446833,546691990.0,0.017358445034332926,0.005423268300833685,0.017726838796040447,-0.04102712567142108,-0.04858452219449705,-0.007936635273102621,34.612086969827416,20.581704662825473,1,1,0.03242370496557889,RELIANCE.NS,IN,Conglomerate
2025-02-28,3687.68,3736.68,3680.63,3705.54,10266197,3648.1459999999997,3717.9700000000003,3746.5840000000003,3814.3439999999996,3715.043778534379,3747.5841780900623,41.75262595131769,44.13223140495868,-32.54039955568351,-19.93900448728493,-12.601395068398578,3746.5840000000003,91.47242077318964,3929.5288415463797,3563.639158453621,0.387824112302224,0.09765954349152751,81.26714285714282,11479782.25,0.8942849160501354,536425793.0,-0.0011860030081348727,0.015126000528933597,0.004843153418950474,-0.05088366374673425,-0.031671866915442326,0.0024347092145629023,33.64477762869909,29.650962546010245,1,1,0.04356180205853932,RELIANCE.NS,IN,Conglomerate
2025-03-03,3704.72,3748.11,3740.81,3744.05,9601864,3677.59,3700.393,3750.0520000000006,3808.8876,3719.5062741444744,3747.3223870953693,47.0300705358248,58.3108840919428,-27.816112950894876,-21.51442618000692,-6.3016867708879545,3750.0520000000006,89.90462927020351,3929.8612585404076,3570.2427414595936,0.4833100919018168,0.09589694145060335,77.45642857142856,11040074.7,0.8697280943463097,546027657.0,0.010392547375011496,0.0019497602863204904,0.010616186918306854,-0.04484134475562651,0.01887506156981944,0.04093048601129334,42.110932793892566,36.789265797473014,1,1,0.04996193961084927,RELIANCE.NS,IN,Conglomerate
2025-03-04,3770.19,3866.01,3818.75,3839.75,6251813,3729.1839999999997,3702.3360000000002,3757.9925000000003,3807.5022000000004,3738.0053088914783,3754.1688775469706,53.09362372440245,93.09843162302184,-16.163568655492327,-20.444254675104006,4.280686019611679,3757.9925000000003,90.4905452389023,3938.973590477805,3577.0114095221957,0.7258730450331232,0.09631796257057802,84.24357142857141,10832510.1,0.5771342343697207,552279470.0,0.02556055608231733,0.012308092974799898,0.01844999854118267,0.005085961385433713,0.04314387085907412,0.07202284897453226,63.14991096343319,46.30187379534161,1,1,0.022001432384920916,RELIANCE.NS,IN,Conglomerate
2025-03-05,3809.38,3875.06,3837.59,3854.24,21910101,3770.704,3711.493,3764.4354999999996,3804.5591999999997,3755.8875690620202,3761.5815538925617,48.92461891835456,98.43561117826918,-5.693984830541467,-17.4942007061915,11.800215875650032,3764.4354999999996,92.60896793423612,3949.6534358684717,3579.2175641315275,0.742429275486123,0.09840409584301438,80.35785714285713,11448750.55,1.9137546049726268,574189571.0,0.0037736831824988215,0.009721760969734651,0.011776194551341136,0.024336441941493536,0.03458975997079494,0.05692911831165115,66.33543649819433,57.198760085173355,1,1,0.04325885258831841,RELIANCE.NS,IN,Conglomerate
2025-03-06,3901.15,3835.13,3826.3,3830.23,9326256,3794.7619999999997,3720.554,3769.0625,3799.9326,3767.3248661294015,3766.666624360995,44.387112439864644,88.18268790815695,0.6582417684066968,-13.86371221127186,14.521953979678557,3769.0625,93.50975456435813,3956.0820091287164,3582.0429908712836,0.6635324044114507,0.0992392719031148,77.42785714285709,11591208.4,0.804597318378184,564863315.0,-0.0062295030926978745,0.0023053445876612165,-0.018179254835108082,0.02422973457196198,0.02475860758917947,0.03242370496557889,61.057005298082856,63.514117586570116,1,1,0.05559979426822936,RELIANCE.NS,IN,Conglomerate
2025-03-07,3782.13,3877.56,3858.48,3866.96,8965984,3827.046,3737.596,3773.763,3796.8276,3782.6533482633395,3774.09576381992,46.11346391388741,86.71436588103259,8.557584443419273,-9.379452880333632,17.937037323752904,3773.763,96.04393830568102,3965.850876611362,3581.675123388638,0.7425894898818017,0.10180177006945643,69.55285714285709,11726313.35,0.7646037563371308,573829299.0,0.009589502458076993,0.00493410844694411,0.02242916028797992,0.046102571593977126,0.024916842258710048,0.04356180205853932,96.7390635571995,74.71050178449222,1,1,0.04887301652978038,RELIANCE.NS,IN,Conglomerate
2025-03-10,3898.05,3943.82,3920.94,3931.11,6123575,3864.458,3771.024,3779.7964999999995,3793.4927999999995,3805.4928331459028,3785.726448739109,58.5925018225814,91.22409444789656,19.766384406793804,-3.5502854229081433,23.316669829701947,3779.7964999999995,102.07044452240977,3983.937389044819,3575.65561095518,0.8706104659069765,0.1080168675984359,66.70071428571426,11457448.6,0.5344623117521722,579952874.0,0.016589258745888236,0.0058202390673357625,0.008481163658750263,0.09293739209248142,0.03166825878376245,0.04996193961084927,96.75201880788931,84.84936255439055,1,1,0.047933026549753066,RELIANCE.NS,IN,Conglomerate
2025-03-11,3947.6,3977.37,3881.71,3924.23,3838483,3881.3540000000003,3805.2690000000002,3786.8854999999994,3791.4528000000005,3823.7600895849946,3795.985971673596,63.60115840517242,87.23342701272941,27.774117911398662,2.71459524395322,25.059522667445442,3786.8854999999994,107.0656595628773,4001.016819125754,3572.754180874245,0.8207015689249094,0.113090992123051,69.38285714285709,11418242.2,0.33617106701668437,576114391.0,-0.0017501418174510341,0.024376756714049756,-0.005920052690240645,0.09560888720133565,0.037483641555076774,0.022001432384920916,87.4926448087945,93.66124239129442,1,1,0.05482604230638888,RELIANCE.NS,IN,Conglomerate
2025-03-12,3906.59,4065.41,3985.43,4020.97,12633478,3914.7,3842.7019999999998,3798.2049999999995,3792.9442,3854.100075802688,3812.6514561841436,71.0714339210018,87.28806584362142,41.4486196185444,10.46140011887146,30.98721949967294,3798.2049999999995,119.20168223381255,4036.6083644676246,3559.8016355323743,0.9672018796724748,0.12553475363629,76.52785714285707,11677420.65,1.0818722127756686,588747869.0,0.024651969940599816,0.01989072288526901,0.029278731579195763,0.10265065923699623,0.05966141180315088,0.04325885258831841,91.33571191809217,91.86012517825866,1,1,0.03799580698189753,RELIANCE.NS,IN,Conglomerate
2025-03-13,4014.38,4114.62,3986.04,4043.19,6745414,3957.292,3876.0269999999996,3806.9315,3796.447,3883.1908333715055,3829.7283862388317,76.79938152299964,87.67997447453442,53.46244713267379,19.06160952163193,34.40083761104186,3806.9315,130.48542710627763,4067.9023542125556,3545.9606457874447,0.9526530380412127,0.13710299447861715,81.95499999999993,10836054.2,0.622497198057832,595493283.0,0.00552602978883221,0.0318016219865918,0.007176699764345371,0.08982625055930815,0.04511381201759779,0.05559979426822936,87.29274887908761,88.70703520199142,1,1,0.022615805836480707,RELIANCE.NS,IN,Conglomerate
2025-03-14,4079.53,4101.77,4019.29,4055.95,7008917,3995.09,3911.0679999999993,3814.5189999999993,3799.1462,3909.7691666989663,3846.485543616146,91.00750267952844,97.12710873559374,63.28362308282021,27.90601223386959,35.377610848950624,3814.5189999999993,140.46916428433428,4095.457328568668,3533.5806714313308,0.9296868306099765,0.1472994778993603,77.5578571428571,10719958.0,0.6538193849435432,602502200.0,0.0031559239115648285,0.020335556404783132,-0.005780077606977912,0.09456381526039381,0.038868398135341486,0.04887301652978038,89.54188948290633,89.3901167600287,1,1,0.019741367620409678,RELIANCE.NS,IN,Conglomerate
2025-03-17,4047.46,4128.72,4112.2,4119.54,8377966,4032.7760000000003,3948.6169999999997,3824.505,3803.4084,3942.0416025914333,3866.7118005413668,94.19896768254594,97.41683562363892,75.32980205006652,37.39077019710898,37.93903185295754,3824.505,154.7247542709731,4133.954508541947,3515.055491458054,0.9767094337767067,0.16182460660496745,78.23071428571428,10598158.85,0.790511382973715,610880166.0,0.015678201161257066,0.004010156473780185,0.017808699777139766,0.10028979313844633,0.05095131919322826,0.047933026549753066,98.17171536098027,91.66878457432473,0,1,-0.011671206008437851,RELIANCE.NS,IN,Conglomerate
2025-03-18,4095.54,4141.85,4137.41,4139.38,6200079,4075.8059999999996,3978.5800000000004,3840.4579999999996,3809.6214,3972.4013560389053,3886.9094457748934,93.73535468295108,96.90131964148983,85.49191026401195,47.010998210489575,38.480912053522374,3840.4579999999996,169.9681130032845,4180.394226006569,3500.5217739934305,0.9396736463051812,0.1770290033149591,73.40214285714289,10409417.9,0.5956220092170563,617080245.0,0.0048160716973255635,0.001072624402688189,0.010704327146112464,0.07803372615404647,0.0835165640574611,0.05482604230638888,99.46446381314885,95.72602288567849,0,0,-0.0007247462180326458,RELIANCE.NS,IN,Conglomerate
2025-03-19,4152.45,4208.57,4145.9,4173.75,13207662,4106.361999999999,4010.5310000000004,3861.0119999999997,3815.2816000000003,4003.3780704944584,3908.156895043681,93.39620876139149,100.0,95.22117545077754,56.65303365854717,38.568141792230364,3861.0119999999997,184.31627213770213,4229.644544275404,3492.3794557245956,0.924186639047027,0.1909512554093635,73.02499999999999,10762729.7,1.22716644763768,630287907.0,0.008303175837927501,0.015015274034138376,0.005129501860346314,0.0828983145834199,0.10925220654482048,0.03799580698189753,93.40455354757476,97.01357757390129,0,0,-0.049547768793051894,RELIANCE.NS,IN,Conglomerate
2025-03-20,4210.36,4172.73,4104.16,4134.63,11046689,4124.65,4040.971,3880.7625,3820.1240000000003,4023.5706750337727,3924.932681186454,87.69833599831318,79.61438249088073,98.63799384731874,65.05002569630149,33.58796815101725,3880.7625,191.64199388375067,4264.046487767501,3497.4785122324984,0.8311741529797015,0.19753024709314354,73.99214285714288,10463068.8,1.0557789646017652,619241218.0,-0.009372866127583035,0.016584313469399467,-0.017986585470121694,0.07947303425642849,0.105628379354052,0.022615805836480707,84.19274841781221,92.3539219261786,0,1,-0.05305432408704047,RELIANCE.NS,IN,Conglomerate
2025-03-21,4139.53,4161.35,4115.76,4136.02,13961406,4140.664,4067.8770000000004,3902.7365,3826.8088000000002,4040.8705711824227,3940.5687793859197,86.8399781950789,77.13216811831423,100.30179179650304,72.1003789163418,28.201412880161243,3902.7365,194.58021628962837,4291.896932579257,3513.576067420743,0.7997266428822899,0.19942951955847243,74.20785714285716,10177105.95,1.3718442842933867,633202624.0,0.0003361848581373561,0.01102267397159325,-0.000847922348672062,0.06957920433622289,0.11888955617956265,0.019741367620409678,81.38884613390456,86.32871603309718,0,0,-0.05190980701253867,RELIANCE.NS,IN,Conglomerate
2025-03-24,4109.43,4111.26,4039.63,4071.46,14126875,4131.048,4081.9120000000003,3926.468,3833.4004,4045.5766371543577,3950.2644256499043,73.13167615054405,53.47960694575317,95.31221150445344,76.74274543396413,18.569466070489312,3926.468,183.96122327674522,4294.390446553491,3558.5455534465095,0.6970415251332365,0.18740631353847623,72.38142857142861,9908260.85,1.425767224752947,619075749.0,-0.015609208852955359,0.01759319752619024,-0.009239724243992721,0.03570238431384509,0.13195786289593903,-0.011671206008437851,64.13268108911473,76.5714252136105,0,0,-0.044861057212891686,RELIANCE.NS,IN,Conglomerate
2025-03-25,4055.37,4169.51,4109.87,4136.38,15255772,4130.448,4103.1269999999995,3954.1980000000003,3842.9556,4059.546385284457,3964.0507648758467,75.58953707734726,53.75557537912581,95.4956204086102,80.49332042889336,15.002299979716838,3954.1980000000003,170.58214167652565,4295.362283353052,3613.033716646949,0.7670003996442721,0.17255801725303843,76.7085714285715,10215479.65,1.4933973762654036,634331521.0,0.015945140072602948,0.014418404498616158,0.019975982462754383,0.05406156112154492,0.15483921402207845,-0.0007247462180326458,81.11544196489109,75.54565639597013,0,0,-0.060963934648170626,RELIANCE.NS,IN,Conglomerate
2025-03-26,4149.52,3976.54,3959.29,3966.95,12363101,4089.0879999999997,4097.725,3970.2135000000003,3849.3334000000004,4045.300787548387,3964.2655230387472,59.811970719104316,26.934909976189857,81.03526450963955,80.6017092450426,0.43355526459694715,3970.2135000000003,154.46134577861147,4279.136191557223,3661.2908084427772,0.4947179341471413,0.15562019098325328,87.36214285714297,10304729.7,1.1997500332541442,621968420.0,-0.04096093685783231,0.004348428893733386,-0.043997859993434564,-0.013434569270598828,0.08783702257420534,-0.049547768793051894,30.98346139555259,58.74386148318613,0,0,-0.03485801434351321,RELIANCE.NS,IN,Conglomerate
2025-03-27,3965.28,3941.08,3894.62,3915.27,24547894,4045.2160000000003,4084.933,3980.4800000000005,3853.5195999999996,4025.2960510024814,3960.6362249489393,53.39422468910278,16.954743032472578,64.65982605354202,77.41333260674249,-12.753506553200467,3980.4800000000005,142.6213818029098,4265.72276360582,3695.237236394181,0.385693857442602,0.14332078724462763,89.14785714285725,11087976.3,2.2139199365063633,597420526.0,-0.013027640882794067,0.011866359152750174,-0.012611971916229776,-0.031638384542898024,0.0553459085591681,-0.05305432408704047,10.26739276751432,40.788765375985996,0,0,-0.0009118145108767406,RELIANCE.NS,IN,Conglomerate
2025-03-28,3904.37,3934.52,3910.77,3921.32,5102889,4002.2760000000003,4071.4700000000003,3991.2690000000002,3856.5671999999995,4009.2997354636377,3957.723911925164,49.25101369443807,20.21059687735675,51.57582353847374,72.24583079308874,-20.670007254615,3991.2690000000002,128.15618842072863,4247.581376841457,3734.956623158543,0.3635473618903101,0.1284365332636777,85.35428571428581,10829810.9,0.47118907023676004,602523415.0,0.0015452318741746573,0.006056633990593459,0.0043412893757497194,-0.03319320997546804,0.05823172870890625,-0.05190980701253867,12.118338126377955,17.789730763148285,0,0,-0.024045474483082252,RELIANCE.NS,IN,Conglomerate
2025-03-31,3922.09,3894.73,3884.08,3888.81,16967892,3965.746,4048.397,3998.507,3858.9164,3990.762853084617,3952.6191776036494,47.3924438293236,18.23718360529361,38.14367548096743,65.42539973066448,-27.28172424969705,3998.507,117.06700821145965,4232.641016422919,3764.372983577081,0.2657388668331755,0.117110719787591,81.1814285714287,11198112.3,1.5152456083829764,585555523.0,-0.008290575622494467,0.0027386269835752717,-0.008485271883101029,-0.05600868058084152,0.03866401356819482,-0.044861057212891686,1.4576720391954898,7.947800977695916,0,1,-0.014492865426698698,RELIANCE.NS,IN,Conglomerate
2025-04-01,3896.46,3887.09,3881.9,3884.21,13729909,3915.3119999999994,4022.8799999999997,4000.7299999999996,3860.2309999999998,3974.370106456214,3947.551831018131,38.351730716816625,21.558978097755144,26.81827543808322,57.70397487214822,-30.885699434065003,4000.7299999999996,114.2827031163595,4229.295406232719,3772.1645937672806,0.2451057841150132,0.11426185032864605,71.59071428571441,11572017.1,1.1864748984448963,571825614.0,-0.0011828811384458904,0.0013361790428423588,-0.0031438793160963683,-0.06164449748513068,0.011578878833257367,-0.060963934648170626,0.7071356414708656,4.761048602348098,0,0,-0.01200758970292537,RELIANCE.NS,IN,Conglomerate
2025-04-02,3854.44,3834.98,3823.62,3828.67,5931274,3887.656,3988.3720000000003,3999.4515,3861.7403999999997,3951.9547054629506,3938.7457693061824,32.710039332000804,1.8917482255089482,13.208936156768232,48.804967129072224,-35.59603097230399,3999.4515,116.13576915223818,4231.723038304476,3767.1799616955236,0.13236670913966878,0.11615169645358529,66.73428571428586,10773075.75,0.5505645357998586,565894340.0,-0.014298917926682586,0.0029670877876644265,-0.006685796120835529,-0.08267864630128774,-0.006634252148283393,-0.03485801434351321,1.3118586829424772,1.1588887878696061,1,1,0.010353464780197719,RELIANCE.NS,IN,Conglomerate
2025-04-03,3810.48,3992.93,3846.71,3911.7,19463593,3886.942,3966.079,4003.525,3865.3280000000004,3945.7616738532656,3936.7423789545446,39.556636694033,38.1646030589949,9.019294898721,40.84783268300198,-31.828537784280982,4003.525,111.2123058081295,4225.949611616259,3781.100388383741,0.2935817458934892,0.1111143862552143,72.57571428571438,11279942.6,1.7255044608556376,585357933.0,0.021686381955091427,0.03738016719072588,0.02656358254077524,-0.053917762895349886,0.021270263143466472,-0.0009118145108767406,22.880893622488937,8.299962648967421,0,0,-0.02027251578597533,RELIANCE.NS,IN,Conglomerate
2025-04-04,3932.62,3838.92,3817.52,3827.03,6353964,3868.084,3935.1799999999994,4001.5285000000003,3867.3614000000002,3927.4952624912244,3928.615535946346,29.450197411867236,33.43843843843845,-1.1202734551216054,32.45421145537726,-33.57448491049887,4001.5285000000003,114.11354637402013,4229.755592748041,3773.30140725196,0.11770862105148525,0.11406995739152342,74.10500000000005,11149341.6,0.5698958430069231,579003969.0,-0.021645320448909544,0.005591803565687883,-0.02684978462194996,-0.07470708555567918,-0.010325940790698596,-0.024045474483082252,2.4319140774775363,8.874888794302978,1,1,0.005753809089555029,RELIANCE.NS,IN,Conglomerate
2025-04-07,3818.27,3848.16,3819.88,3832.45,13672303,3856.8120000000004,3911.279,3996.5955000000004,3867.8677999999995,3912.8729144156514,3921.492162813719,27.991223163963326,33.280656206494214,-8.619248398067612,24.239519484688284,-32.8587678827559,3996.5955000000004,119.33107683977313,4235.257653679547,3757.933346320454,0.15611325995876982,0.11943272902123156,74.53142857142858,11526778.0,1.1861338713963372,592676272.0,0.0014162418376650887,0.0073790917037384355,0.003713723754474179,-0.058703757374504506,-0.025097237167110653,-0.014492865426698698,3.8179260963973065,9.710244598787922,0,0,-0.014721653250531541,RELIANCE.NS,IN,Conglomerate
2025-04-08,3808.09,3841.09,3834.74,3837.57,7627179,3847.4839999999995,3881.398,3992.2625,3868.5364,3901.287850659397,3915.2757062285473,24.838333033950093,39.25245406493834,-13.98785556915027,16.594044473920572,-30.581900043070842,3992.2625,123.5942125997851,4239.45092519957,3745.0740748004296,0.18709598785765555,0.12383375351671295,70.20642857142863,11716212.8,0.6509934975751296,600303451.0,0.0013359600255711257,0.0016546929437114394,0.0077414136745697385,-0.07223949443716482,-0.022083313159524276,-0.01200758970292537,5.644548295358734,3.9647961564111878,0,1,-0.014050558035423433,RELIANCE.NS,IN,Conglomerate
2025-04-09,3817.71,3952.47,3800.98,3868.31,5887662,3855.4119999999994,3871.5339999999997,3984.6295,3867.2388,3896.2143351733357,3911.7967649847437,29.813843495133867,46.99455617722665,-15.58242981140802,10.158749616854852,-25.74117942826287,3984.6295,126.40992347269015,4237.44934694538,3731.8096530546195,0.2699557582095212,0.1268975431443836,76.0564285714286,11378922.0,0.5174182126023702,606191113.0,0.00801027733696058,0.03916180450893559,0.013254018770411229,-0.02486545078712865,-0.037965963436683126,0.010353464780197719,18.26988304882023,9.244119146858752,0,0,-0.013194392383237163,RELIANCE.NS,IN,Conglomerate
2025-04-10,3883.05,3872.28,3800.5,3832.4,4853047,3839.5520000000006,3863.2470000000003,3974.09,3865.8989999999994,3886.396745146669,3905.9155230687666,28.131032297098713,50.761566417575246,-19.518777922097343,4.223244109064412,-23.742022031161753,3974.09,130.0066341627177,4234.103268325435,3714.0767316745646,0.22753313530352867,0.13085424251859917,77.9271428571429,11284303.65,0.4300705405006945,601338066.0,-0.009283123637971014,0.01872977768499673,-0.013043870153613022,-0.02116584552278644,-0.05213457690585899,-0.02027251578597533,8.644752174714405,10.85306117296445,0,0,-0.023082141738858142,RELIANCE.NS,IN,Conglomerate
2025-04-11,3841.88,3871.54,3831.06,3849.05,24693398,3843.9559999999997,3856.0199999999995,3963.7450000000003,3866.3452,3880.651092047182,3901.7032620574346,32.79279558079439,32.45196347543559,-21.052170010252667,-0.8318387147990055,-20.22033129545366,3963.7450000000003,131.3745819964415,4226.494163992883,3700.9958360071173,0.2817405044086297,0.1325762197077847,73.93357142857144,12168527.7,2.0292837867900992,626031464.0,0.004344536060953974,0.010516880788763332,0.0018662738034499271,-0.018430018463170605,-0.051011476965938884,0.005753809089555029,13.156825018256574,13.357153413930398,0,0,-0.03141814213896943,RELIANCE.NS,IN,Conglomerate
2025-04-14,3880.23,3777.34,3774.99,3776.03,21056946,3832.672,3844.7420000000006,3946.5695,3868.3720000000003,3864.5555394245384,3892.3941314461076,22.46588321591757,34.717727436174,-27.838592021569184,-6.233189376153043,-21.60540264541614,3946.5695,132.38524689132282,4211.339993782645,3681.7990062173544,0.17794844213234662,0.13417754015611702,72.22000000000003,12802476.7,1.6447555304079928,604974518.0,-0.018970914901079494,0.0006223467504229949,-0.026854078237623275,-0.02900115973781181,-0.08338552362642426,-0.014721653250531541,0.477195558408574,7.426257583793178,0,0,-0.024252985278189088,RELIANCE.NS,IN,Conglomerate
2025-04-15,3797.23,3812.63,3760.46,3783.65,9034092,3821.888,3834.686,3928.7830000000004,3870.4262,3852.108533359225,3884.339010527299,31.39312977099236,35.56725422926779,-32.230477168073776,-11.432646934537193,-20.797830233536583,3928.7830000000004,128.9697845519297,4186.72256910386,3670.843430896141,0.21866860035386582,0.13130761821347423,63.29714285714288,12944177.35,0.6979270337386846,614008610.0,0.002017992441797345,0.013788273228228372,-0.0035762911385395016,-0.025889434402362355,-0.0859379907135851,-0.014050558035423433,9.975480707145145,7.869833761270091,0,0,-0.016108783846286112,RELIANCE.NS,IN,Conglomerate
2025-04-16,3795.96,3864.93,3779.14,3817.27,8196551,3811.6800000000003,3833.546,3910.9590000000003,3872.2639999999997,3846.7487589962675,3879.3709356329073,39.67334035827185,44.86232030775455,-32.62217663663978,-15.670552874957712,-16.951623761682065,3910.9590000000003,117.45174144035113,4145.862482880702,3676.055517119298,0.3005797980273419,0.12012577113727964,64.25857142857146,12693621.8,0.6457219604792416,622205161.0,0.008885599883710071,0.02247417657120861,0.005613863159778905,-0.0029775352798753207,-0.08541000299490864,-0.013194392383237163,24.437561835830696,11.630079367128133,0,0,-0.007670403193905662,RELIANCE.NS,IN,Conglomerate
2025-04-17,3843.64,3752.25,3737.28,3743.94,5746234,3793.9880000000003,3816.7700000000004,3891.4245,3872.3889999999997,3830.932026842995,3869.339014399159,33.62988666986594,24.10576722881531,-38.40698755616404,-20.21783981119898,-18.18914774496506,3891.4245,110.58171926942323,4112.587938538846,3670.2610614611535,0.1665712448347076,0.11366708439996176,68.2757142857143,12428599.05,0.46233960195702006,616458927.0,-0.019210063736649463,0.003998461513805189,-0.025938953700131617,-0.04288672444205843,-0.09449213109758314,-0.023082141738858142,2.6051241932226925,12.339388912066171,1,0,0.03538518245484701,RELIANCE.NS,IN,Conglomerate
2025-04-18,3737.59,3790.05,3678.58,3728.12,4350067,3769.8019999999997,3806.879,3871.0294999999996,3871.4924,3815.1147919440727,3858.8783465927468,34.69881353672699,26.306461874034298,-43.76355464867402,-24.92698277869399,-18.836571869980027,3871.0294999999996,100.22613817474726,4071.4817763494943,3670.577223650505,0.14353235941562423,0.10356535714824334,73.57785714285716,11948032.1,0.3640822689049966,612108860.0,-0.004225495066694451,0.029899788633405137,-0.0025337182516000207,-0.025845107041230442,-0.09862137997398479,-0.03141814213896943,15.759503737821658,14.267396588958343,1,1,0.04879939486926399,RELIANCE.NS,IN,Conglomerate
2025-04-21,3738.07,3720.13,3655.91,3684.45,7172371,3751.486,3792.079,3851.679,3868.9726,3795.012516260369,3845.9577282429677,32.295802609188826,16.69095029949804,-50.94521198259872,-30.13062861947494,-20.81458336312378,3851.679,96.79359052835478,4045.2661810567097,3658.0918189432905,0.06807832241980905,0.1005209318100804,78.24214285714288,11600306.9,0.6182914334541069,604936489.0,-0.011713678744246447,0.017430009906494275,-0.01434430066852306,-0.03861759448916491,-0.0950543539663905,-0.024252985278189088,8.468340157828996,8.94432269629111,1,1,0.059525845105782516,RELIANCE.NS,IN,Conglomerate
2025-04-22,3667.0,3749.78,3701.04,3722.7,11137089,3739.296,3780.5919999999996,3830.995,3867.7775999999994,3783.887513758774,3836.8275260961645,40.31122570263496,37.44053506664773,-52.940012337390726,-34.6925053630581,-18.247506974332623,3830.995,74.35170691419886,3979.6984138283974,3682.2915861716024,0.13586915319540863,0.07763174518805621,78.58071428571432,11394372.75,0.9774200183665206,616073578.0,0.010381468061718913,0.013092647809382208,0.015189528224702653,-0.029933004479397174,-0.10001015380598499,-0.016108783846286112,19.81781496641202,14.681886287354217,1,1,0.025717892927176633,RELIANCE.NS,IN,Conglomerate
2025-04-23,3724.26,3797.46,3780.42,3787.99,9666079,3733.4399999999996,3772.56,3822.047,3867.6458000000002,3784.518665488193,3833.2099315504433,38.31005612987355,50.80376324172155,-48.69126606225018,-37.49225750289652,-11.199008559353658,3822.047,67.58997279262297,3957.226945585246,3686.867054414754,0.37403087102554894,0.0707369352523455,72.18785714285721,11259521.65,0.858480354848791,625739657.0,0.017538345824267276,0.004498427926154891,0.017112124287773263,-0.02076358926766475,-0.04511274404769405,-0.007670403193905662,44.537361747894046,24.274505624045016,0,1,-0.007156829875474724,RELIANCE.NS,IN,Conglomerate
2025-04-24,3759.52,3891.38,3864.46,3876.42,10062040,3759.936,3776.9619999999995,3820.1045,3867.801,3798.6573323361636,3836.410677377971,54.63416464936478,59.10588380184119,-37.75334504180728,-37.544475010678674,-0.2088700311286047,3820.1045,65.2888776273903,3950.6822552547806,3689.5267447452193,0.715639715544975,0.06836344673542122,72.8457142857144,10535228.95,0.9550849908121845,635801697.0,0.023344834595656394,0.006944551931935427,0.031094395029144413,0.011486274919110695,-0.009922687324245838,0.03538518245484701,74.35594820584593,46.237041640050656,0,0,-0.011304244638093985,RELIANCE.NS,IN,Conglomerate
2025-04-25,3897.75,3923.35,3899.4,3910.05,6957459,3796.322,3783.0620000000004,3819.5409999999997,3867.9179999999997,3815.7946658229075,3841.865442042597,56.91498841561222,79.13290539829524,-26.070776219689378,-35.24973525248082,9.17895903279144,3819.5409999999997,64.41206906360692,3948.3651381272134,3690.716861872786,0.8512889793594879,0.06745529796757253,74.17785714285726,10627957.45,0.6546373918125358,642759156.0,0.008675530515269259,0.00612524136519832,0.0031556667308054714,0.01584806640599634,-0.0028740322136423524,0.04879939486926399,85.69598057699737,68.19643017691244,0,0,-0.024577690822368048,RELIANCE.NS,IN,Conglomerate
2025-04-28,3934.24,3908.29,3900.16,3903.77,9413666,3840.186,3795.8360000000002,3820.2889999999998,3867.597,3829.329332619383,3846.4509648744606,55.886956212428395,81.87261839956446,-17.121632255077657,-31.624114653000184,14.502482397922527,3820.2889999999998,65.3390018853262,3950.9670037706524,3689.610996229347,0.8194148884677438,0.06841262730155671,74.26714285714297,10250246.15,0.9183842947630779,633345490.0,-0.001606117568829113,0.002082602202485809,-0.007744824921710942,0.03382918038257099,0.0038469351806851293,0.059525845105782516,83.57836525464135,81.21009801249488,0,0,-0.03030403942855242,RELIANCE.NS,IN,Conglomerate
2025-04-29,3919.09,3844.77,3797.38,3818.44,12950225,3859.334,3799.315,3817.0005000000006,3867.5594,3827.6540506779393,3844.3760785789987,45.95768825484316,71.12007818164624,-16.72202790105939,-28.64369730261203,11.921669401552638,3817.0005000000006,63.584075337942664,3944.168650675886,3689.832349324115,0.5056598290996726,0.06663250407006872,71.04571428571441,10211261.95,1.268229509259675,620395265.0,-0.02185835743396769,0.012410827458330486,-0.025681982296904233,0.00919482510274472,-0.016932658120956345,0.025717892927176633,60.77250972157959,76.6822851844061,0,0,-0.01504017347398412,RELIANCE.NS,IN,Conglomerate
2025-04-30,3811.78,3765.34,3757.32,3760.88,9233699,3853.9120000000003,3793.6760000000004,3813.611,3867.5236,3817.3811198044104,3838.191183846079,44.39937353171496,55.67276833472011,-20.81006404166874,-27.076970650423373,6.266906608754635,3813.611,64.72586613030366,3943.0627322606074,3684.1592677393924,0.2963294925473073,0.06788932183202408,70.28428571428582,10376383.2,0.8898763598209867,611161566.0,-0.015074218790919858,0.0021324796324258817,-0.013353341483502913,-0.014772337298645355,-0.017705887423047684,-0.007156829875474724,39.2499252167244,61.20026673098178,0,1,-0.012470485631022599,RELIANCE.NS,IN,Conglomerate
2025-05-01,3788.87,3852.74,3816.49,3832.6,45297160,3845.1479999999997,3802.542,3809.656,3869.3832,3819.722485988347,3837.777022078254,48.814106723185816,56.50386353695876,-18.054536089906833,-25.272483738320066,7.217947648413233,3809.656,60.70879884204828,3931.0735976840965,3688.2384023159034,0.5944838328093964,0.06374202693579929,73.95428571428579,11668061.55,3.8821492262226514,656458726.0,0.019070004892471903,0.009458331159001864,0.011541699768001668,0.023680935057719843,-0.020221387120689216,-0.011304244638093985,66.06715524952862,55.363196729277526,0,0,-0.03526848614517564,RELIANCE.NS,IN,Conglomerate
2025-05-02,3826.22,3820.38,3808.8,3813.95,9552678,3825.928,3811.125,3809.0019999999995,3871.7313999999997,3818.8344112209093,3836.0120574741486,52.96620775969959,38.56572830105791,-17.177646253239345,-23.653516241303926,6.475869988064581,3809.0019999999995,60.582103975575464,3930.16620795115,3687.8377920488488,0.5204185711405581,0.06361992351336068,70.36428571428574,11827997.25,0.8076326862831587,646906048.0,-0.004866148306632567,0.0030362222892268884,-0.0032068203082929827,0.023022327607480353,-0.003417793955103665,-0.024577690822368048,59.093628477194514,54.80356964781584,0,0,-0.027470208052019607,RELIANCE.NS,IN,Conglomerate
2025-05-05,3819.97,3818.75,3758.85,3785.47,11753893,3802.268,3821.227,3806.653,3875.5042,3813.701424879231,3832.2682013537255,50.137866254582896,26.75919707484509,-18.566776474494418,-22.636168287942027,4.069391813447609,3806.653,60.53586384599715,3927.7247276919943,3685.5812723080053,0.412518800201225,0.06361059318617311,70.9164285714286,11732076.75,1.0018594532413494,635152155.0,-0.007467323903040168,0.01582366258350595,-0.009031484540452142,0.027417932120126443,-0.01225847695338489,-0.03030403942855242,48.44451091815565,57.868431548292925,0,0,-0.02360605156030815,RELIANCE.NS,IN,Conglomerate
2025-05-06,3788.33,3784.76,3742.02,3761.01,7987641,3790.782,3825.058,3802.825,3879.0888,3805.5950518208874,3826.989816053608,45.678291596251356,25.059399021663154,-21.394764232720718,-22.387887476897767,0.993123244177049,3802.825,60.897487762563756,3924.6199755251273,3681.0300244748723,0.32833856725189337,0.06405499886273781,67.89214285714287,11750099.85,0.67979339939027,627164514.0,-0.006461549028257907,0.011363968721165026,-0.007211620951710252,0.010290917882182393,-0.01995012468827928,-0.01504017347398412,39.29853425052623,48.94555788195879,0,0,-0.002055298975541131,RELIANCE.NS,IN,Conglomerate
2025-05-07,3797.61,3743.52,3690.34,3713.98,13764261,3781.4020000000005,3817.657,3795.1085000000007,3880.4356,3791.5004284638276,3818.618718546634,47.60166506564201,28.931020572811576,-27.118290082806652,-23.333967998079547,-3.784322084727105,3795.1085000000007,61.9319820682078,3918.9724641364164,3671.244535863585,0.1725096739564076,0.06527558520995277,67.22642857142861,12143929.8,1.1334271601745292,613400253.0,-0.012504619769689529,0.01431887086090542,-0.022021745255562865,-0.019538066362371542,-0.039895975245003656,-0.012470485631022599,21.713281483616147,36.48544221743267,0,0,-0.012428715286565861,RELIANCE.NS,IN,Conglomerate
2025-05-08,3720.35,3741.14,3662.47,3697.43,9468197,3754.368,3799.7580000000003,3788.3599999999997,3880.1854000000003,3777.028054854008,3809.6417764106986,47.54609566149073,34.665764415873085,-32.61372155669051,-25.18991870980174,-7.423802846888766,3788.3599999999997,64.93536300370607,3918.2307260074117,3658.4892739925876,0.14992110695153824,0.06856303308417244,64.88357142857146,12374687.3,0.7651261001862971,603932056.0,-0.0044561360050404675,0.021276941010371746,-0.0061607106858209346,-0.04617404718786933,-0.03521814006888635,-0.03526848614517564,15.524977565003262,25.512264433048543,0,1,-0.005206318983726588,RELIANCE.NS,IN,Conglomerate
2025-05-09,3717.94,3745.56,3680.08,3709.18,8762318,3733.4139999999998,3779.671,3781.3665,3880.2582,3766.589892568776,3802.200163326837,52.08371951938795,7.997549686904435,-35.61027075806078,-27.27398911945355,-8.336281638607229,3781.3665,65.58379190616724,3912.5340838123348,3650.1989161876654,0.22483102187997747,0.06937575810876834,64.40285714285717,11578133.3,0.7567987875214057,612694374.0,0.003177883016040939,0.017653497538534763,-0.00235614345578408,-0.05137274459405894,-0.0363388368558476,-0.027470208052019607,17.90478380857903,18.381014285732807,0,0,-0.023514631266209784,RELIANCE.NS,IN,Conglomerate
2025-05-12,3695.74,3708.07,3686.55,3696.11,6054236,3715.542,3758.905,3777.3705,3879.2994,3755.74683217358,3794.3416326939955,47.660278408390994,8.313287109098653,-38.59480052041545,-29.53815139964593,-9.056649120769517,3777.3705,68.30437825800385,3913.979256516008,3640.761743483992,0.2025794609634693,0.0723300806823009,61.35285714285711,10827997.8,0.5591278787360042,606640138.0,-0.0035236898721549004,0.005822337538653925,0.0001001152678489952,-0.05319473227162452,-0.021165086082472917,-0.02360605156030815,12.8948175405824,15.441526304721561,0,0,-0.038765080043613453,RELIANCE.NS,IN,Conglomerate
2025-05-13,3694.69,3756.08,3751.04,3753.28,8892375,3713.996,3752.389,3775.8520000000003,3877.57,3755.3673195314905,3791.30003026647,46.90150149077864,40.534023407634045,-35.93271073497954,-30.817063266712655,-5.115647468266882,3775.8520000000003,68.49474698261508,3912.8414939652303,3638.8625060347704,0.4176141200793586,0.07256083870087791,60.296428571428514,10820911.95,0.8217767799342661,615532513.0,0.01546761324744117,0.0013428254753172213,0.015857893355053953,-0.01706456039639226,-0.008026640941947605,-0.002055298975541131,34.80910763556128,21.869569661574232,0,0,-0.0875207818228324,RELIANCE.NS,IN,Conglomerate
2025-05-14,3784.52,3676.95,3660.51,3667.82,7591756,3704.764,3743.0829999999996,3768.3795,3873.8415999999997,3741.8985011420305,3782.1533613418383,31.27939117636501,29.831623598666837,-40.25486019980781,-32.70462265333169,-7.550237546476119,3768.3795,71.81034014938444,3912.000180298769,3624.758819701231,0.1499128823545488,0.07622410656821102,59.53785714285706,10790672.2,0.7035479491678055,607940757.0,-0.022769417682666937,0.00448222649966332,-0.030836143024734704,-0.02474420880219519,-0.039151016302226394,-0.012428715286565861,2.7811596408355435,16.82836160565974,0,0,-0.03873417997611661,RELIANCE.NS,IN,Conglomerate
2025-05-15,3685.77,3789.7,3588.96,3678.18,15019592,3700.9139999999998,3727.6409999999996,3765.0915,3870.8006,3732.0956548124873,3774.4516308595944,28.28403918556947,40.79028606709193,-42.355976047107106,-34.634893332086776,-7.72108271502033,3765.0915,74.44539357105461,3913.9822871421093,3616.2007128578907,0.20813674348683728,0.07909012949197634,70.52428571428563,11254340.1,1.3345598704130268,622960349.0,0.0028245660910295456,0.0545759043874811,-0.002059271197062781,-0.04029118613995719,-0.017564384044616133,-0.005206318983726588,27.939748849065364,21.843338708487394,0,0,-0.04595207412361546,RELIANCE.NS,IN,Conglomerate
2025-05-16,3673.54,3636.14,3610.61,3621.96,14357569,3683.47,3708.442,3759.7835,3865.9006,3715.151707918258,3763.155954482679,25.86457922954382,33.87599880357219,-48.00424656442101,-37.30876397855362,-10.695482585867389,3759.7835,80.73884249298521,3921.2611849859704,3598.3058150140296,0.07324289107796025,0.08589733158088889,74.64428571428559,11754715.2,1.221430509738721,608602780.0,-0.015284733210446433,0.007048669781000535,-0.014040952323912599,-0.05033888750507998,-0.028475478257137588,-0.023514631266209784,12.510425354414636,14.410444614771846,0,0,-0.03623176401727246,RELIANCE.NS,IN,Conglomerate
2025-05-19,3614.25,3567.05,3541.46,3552.83,4597117,3654.814,3685.178,3753.2025000000003,3858.335,3690.1791374692953,3747.5762541289887,26.60277303077814,23.173535568443043,-57.39711665969344,-41.32643451478159,-16.07068214491185,3753.2025000000003,91.8078304122353,3936.818160824471,3569.58683917553,-0.04563020142247871,0.09784479298648106,72.79499999999987,11625952.5,0.3954184919112226,604005663.0,-0.019086351036455396,0.007202708826482816,-0.016993843812681216,-0.0614560411256726,-0.035723106569501506,-0.038765080043613453,3.652659984568033,14.70094472934934,0,0,-0.02358401612235883,RELIANCE.NS,IN,Conglomerate
2025-05-20,3564.46,3481.73,3379.23,3424.79,13347696,3589.1160000000004,3651.5559999999996,3738.3070000000007,3848.3462,3649.3500393970958,3723.666161199794,23.66437336425892,16.617451646242387,-74.31612180269804,-47.92437197236488,-26.391749830333154,3738.3070000000007,117.57007451773985,3973.4471490354804,3503.166850964521,-0.16665986494830434,0.12580034172443127,80.82928571428559,11736482.85,1.1372823556520295,590657967.0,-0.03603887605092282,0.029928842352369072,-0.039184055929919505,-0.08939619942515442,-0.08002525049023557,-0.0875207818228324,9.621760892041086,8.594948743674584,1,1,0.011098490710379494,RELIANCE.NS,IN,Conglomerate
2025-05-21,3462.01,3551.73,3504.96,3525.75,6626268,3560.702,3632.733,3725.1949999999997,3838.4418,3630.3346487206195,3709.0057047971654,27.009125919709888,24.728435924206366,-78.67105607654594,-54.0737087932011,-24.59734728334484,3725.1949999999997,126.05456481432098,3977.3041296286415,3473.085870371358,0.1044470894531114,0.13535352089142938,83.33499999999991,11584492.3,0.5719946335503513,597284235.0,0.029479179745327544,0.013265262710057922,0.018411269753692613,-0.05068147916790078,-0.06922932742694665,-0.03873417997611661,33.2131927914922,15.495871222700437,1,0,0.008789619229951029,RELIANCE.NS,IN,Conglomerate
2025-05-22,3525.31,3540.82,3483.84,3509.16,9917282,3526.8979999999997,3613.906,3706.832,3827.7612,3611.6923950712935,3694.202319240312,27.092759330798017,29.194859690532326,-82.50992416901863,-59.76095186836461,-22.748972300654025,3706.832,129.56677573644498,3965.9655514728897,3447.69844852711,0.11859049344137369,0.1398140252770128,85.70499999999993,11577254.4,0.856617709237027,587366953.0,-0.004705381833652433,0.016237504132038373,-0.004581157401759139,-0.05091915195149066,-0.09474205581438544,-0.04595207412361546,29.561794685043736,24.13224945619234,1,0,0.0347376580150236,RELIANCE.NS,IN,Conglomerate
2025-05-23,3491.17,3517.04,3469.69,3490.73,7957932,3500.6520000000005,3592.061,3685.8660000000004,3816.4568000000004,3593.0827958295563,3679.1302955774936,27.508317816916446,25.9290648997098,-86.04749974793731,-65.01826144427915,-21.02923830365816,3685.8660000000004,128.87662273826962,3943.6192454765396,3428.1127545234613,0.12146742393223665,0.1398603451544192,84.80857142857134,11627278.05,0.6844191117955494,579409021.0,-0.0052519691322139295,0.01356449797033467,-0.0001260322470690137,-0.05889441871249168,-0.1072415953760183,-0.03623176401727246,27.163982751413847,29.979656742649922,1,1,0.04676099268634348,RELIANCE.NS,IN,Conglomerate
2025-05-26,3472.12,3473.48,3465.48,3469.04,7638338,3483.8939999999993,3569.3540000000003,3664.1295,3803.4467999999997,3573.9992887788553,3663.568051445931,27.62510537205914,28.45226017359937,-89.56876266707559,-69.92836168883844,-19.640400978237153,3664.1295,126.83523217462302,3917.7999643492462,3410.459035650754,0.11546666360904778,0.13846151690281525,83.50857142857136,11538511.65,0.6619863609544164,571770683.0,-0.006213600020626098,0.0023061135069061454,-0.0008870661152261558,-0.06143485989323916,-0.11136158124069806,-0.02358401612235883,21.879796330981847,26.201857922479807,1,1,0.05502386827479655,RELIANCE.NS,IN,Conglomerate
2025-05-27,3447.15,3519.57,3417.38,3462.8,14644862,3491.496,3540.3060000000005,3646.3475,3789.9152000000004,3556.8917058898005,3648.6963439184,29.467351142791742,34.58126391505398,-91.80463802859958,-74.30361695679066,-17.50102107180892,3646.3475,128.97453705755814,3904.296574115116,3388.3984258848836,0.14421756381604373,0.14148353886460108,85.75999999999992,11623243.5,1.2599633432816457,557125821.0,-0.0017987685353872962,0.029510800508250706,0.004539982304221038,-0.07739363969647883,-0.09313751165397388,0.011098490710379494,20.359587789557487,23.134455623984394,1,1,0.04075314774171179,RELIANCE.NS,IN,Conglomerate
2025-05-28,3477.95,3586.03,3533.31,3556.74,5427518,3497.6940000000004,3529.1979999999994,3636.1405,3777.575,3556.8683665221383,3641.884762881887,39.79101661708146,75.58658134574367,-85.0163963597488,-76.44617283738229,-8.570223522366504,3636.1405,127.5028062632381,3891.1461125264764,3381.1348874735236,0.3443161716840632,0.14026169369770297,88.94285714285706,11432934.45,0.47472654977685547,562553339.0,0.027128335451079844,0.014822562233951718,0.022654149714624223,-0.030285019439340144,-0.05427984939694974,0.008789619229951029,43.24554778657817,28.4949773023725,1,1,0.0322317627940194,RELIANCE.NS,IN,Conglomerate
2025-05-29,3544.61,3670.7,3599.35,3631.06,8045268,3522.0739999999996,3524.486,3626.0635,3767.5036,3568.282463980271,3641.082928593738,44.803225033926715,72.77366895895508,-72.80046461346683,-75.71703119259921,2.916566579132379,3626.0635,118.82780647798381,3863.719112955968,3388.4078870440326,0.5105120597349724,0.1310818814705821,92.40571428571421,9570339.85,0.8406459211951683,570598607.0,0.020895539173512834,0.019649909392844035,0.024389142952250156,-0.012810683544579038,-0.052585712049261546,0.0347376580150236,61.35162131200491,41.65225229604685,1,0,0.011332778857964465,RELIANCE.NS,IN,Conglomerate
2025-05-30,3636.99,3664.23,3645.76,3653.96,6093642,3554.72,3527.686,3618.064,3757.8624,3581.463623367921,3642.0367857356055,47.23225425175651,80.48164365106106,-60.57316236768429,-72.68825742761622,12.115095059931932,3618.064,110.61501327625449,3839.294026552509,3396.8339734474907,0.5811282278422977,0.12229193654531705,93.15857142857138,9397388.05,0.648439898314096,576692249.0,0.006306698319499038,0.005054789871808872,0.004665946290750206,0.00883499541684607,-0.04194863592863041,0.04676099268634348,66.93059176050158,57.17592028636155,1,1,0.03221436468926875,RELIANCE.NS,IN,Conglomerate
2025-06-02,3691.84,3696.8,3630.42,3659.92,10933051,3592.8959999999997,3538.3949999999995,3611.7864999999997,3749.6316,3593.5338351574715,3643.3614682745606,43.42757377787788,87.58942457231733,-49.827633117089135,-68.11613256551081,18.288499448421675,3611.7864999999997,103.97797283306855,3819.742445666137,3403.8305543338624,0.6157300404304393,0.11515406332355455,93.61642857142854,9356345.95,1.1685170567557888,587625300.0,0.0016311070728742827,0.018137008459196368,-0.008646095172052804,0.03014216835593042,-0.033166291107841195,0.05502386827479655,68.38258581609287,65.55493296286646,1,1,0.0685616079039979,RELIANCE.NS,IN,Conglomerate
2025-06-03,3686.42,3662.64,3556.95,3603.92,7553014,3621.12,3556.308,3603.932,3738.9824,3595.131706671707,3640.43987803026,45.3068539028761,76.00246761258488,-45.308171358552954,-63.55454032411924,18.246368965566283,3603.932,97.86599950415855,3799.6639990083168,3408.200000991683,0.49996934583879876,0.10862136078497744,94.5392857142857,9334614.6,0.8091403356770257,580072286.0,-0.0153008808935714,0.029326400142059405,-0.022379435875450333,0.05230393688372148,-0.041768035713810936,0.04075314774171179,54.73968864946349,63.350955408685984,1,1,0.07810384248263014,RELIANCE.NS,IN,Conglomerate
2025-06-04,3601.72,3686.96,3658.91,3671.38,18285391,3644.0480000000002,3570.871,3601.8019999999997,3733.071,3606.8622133375984,3642.7317389181717,49.53922046945305,82.53166136377814,-35.86952558057328,-58.01753737541005,22.14801179483677,3601.8019999999997,95.78629055845072,3793.374581116901,3410.2294188830983,0.6815969686101921,0.10637596465149843,86.13214285714285,9560671.1,1.9125633437423297,598357677.0,0.018718506515128075,0.007640178897306338,0.01934075941494091,0.04130468694603984,-0.011470174852853288,0.0322317627940194,91.99546556635701,71.70591334397112,1,1,0.05764317504589567,RELIANCE.NS,IN,Conglomerate
2025-06-05,3689.9,3733.3,3623.33,3672.21,9296708,3652.278,3587.1760000000004,3600.541,3728.2098000000005,3616.915718977968,3644.915313814237,53.681372620844265,75.38136897173257,-27.999594836268898,-52.013948867581824,24.014354031312926,3600.541,94.62002274471874,3789.7810454894375,3411.300954510563,0.6893600263463021,0.10511756177162529,89.16071428571432,9552096.65,0.9732635009232762,607654385.0,0.00022607302975985455,0.02994654445142579,-0.004794167863626456,0.046464111069315805,-0.006820954014004288,0.011332778857964465,82.74634959165488,76.49383460249179,1,1,0.08130253988742475,RELIANCE.NS,IN,Conglomerate
2025-06-06,3685.84,3772.72,3770.82,3771.67,6771696,3675.8199999999997,3615.2699999999995,3603.6655,3725.2168,3640.7240699044346,3654.3045498324373,65.35029881316463,77.8314397688136,-13.58047992800266,-44.327255079665996,30.746775151663336,3603.6655,99.31170432293925,3802.2889086458786,3405.0420913541216,0.9229222052537845,0.11023409838999951,90.59000000000002,9452565.55,0.7163870218930116,614426081.0,0.027084507694276727,0.0005037556307946168,0.02328641503700015,0.08048173304724227,0.01684738944995945,0.03221436468926875,99.73315713207526,91.49165743002906,1,1,0.0515076875760605,RELIANCE.NS,IN,Conglomerate
2025-06-09,3756.0,4006.88,3834.03,3910.85,6069868,3726.006,3659.451,3614.4024999999992,3725.6576,3682.281905303752,3673.307916519837,83.56953422841042,84.81932283336495,8.973988783915047,-33.66700630694979,42.640995090864834,3614.4024999999992,119.40734037540155,3853.2171807508025,3375.587819249196,1.1206643139921013,0.13214614628599736,94.9907142857143,9453347.15,0.6420865817789647,620495949.0,0.036901425628435014,0.04419755296162106,0.041227369542055026,0.1273580010608122,0.058098920216119065,0.0685616079039979,83.7099236639801,88.72981012923674,1,1,0.006885971080455633,RELIANCE.NS,IN,Conglomerate
2025-06-10,3903.87,3896.21,3876.76,3885.4,10451219,3782.3020000000006,3701.7110000000002,3621.0085,3725.6814,3713.530842949329,3689.018441228441,77.73151360937624,79.0282712807045,24.512401720887738,-22.03112470138228,46.54352642227002,3621.0085,130.62280893252066,3882.2541178650413,3359.7628821349585,1.0060209280440024,0.14429439636221192,88.35857142857142,9531289.35,1.096516695664402,610044730.0,-0.006507536724752905,0.005005919596436612,-0.004731202627135399,0.12203996765623182,0.035201210674396854,0.07810384248263014,79.39270568264735,87.61192882623425,1,1,0.02546198589591797,RELIANCE.NS,IN,Conglomerate
2025-06-11,3912.92,3902.18,3867.66,3883.01,7163212,3824.6279999999997,3734.3379999999997,3631.768,3726.7682,3739.604559418663,3703.3881863280253,79.47181710681915,91.68384263822931,36.21637309063772,-10.381625142978278,46.597998233615996,3631.768,142.9615661858691,3917.691132371738,3345.844867628262,0.9393523495545874,0.15745671660285535,86.75428571428571,9509862.15,0.7532402819066855,602881518.0,-0.0006151232820301722,0.008890010584569983,-0.007643907874424269,0.09173287898468829,0.05866972752207045,0.05764317504589567,78.9872773535556,80.69663556672769,1,1,0.040113211142901894,RELIANCE.NS,IN,Conglomerate
2025-06-12,3892.31,4015.21,3935.21,3970.77,7944780,3884.34,3768.309,3646.3975,3727.9495999999995,3775.1684733542534,3723.1942466069077,84.11410216322243,92.15929253386663,51.97422674734571,2.0895452350865233,49.884681512259185,3646.3975,161.70310929781132,3969.8037185956227,3322.9912814043773,1.0014939128375018,0.1773839624426761,92.81499999999998,9156121.55,0.8677013612055683,610826298.0,0.022601023432852196,0.02014722585291514,0.020157695558673354,0.09355670245052417,0.079547493597377,0.08130253988742475,92.56644865581758,83.64881056400684,1,1,0.007545136081918535,RELIANCE.NS,IN,Conglomerate
2025-06-13,4013.13,4012.78,3928.48,3965.94,21538950,3923.1940000000004,3799.507,3663.5965000000006,3730.7277999999997,3804.5179389920604,3741.175413530702,86.17922879776334,90.90149553011956,63.34252546135849,14.340141280340921,49.00238418101757,3663.5965000000006,176.576227978475,4016.7489559569503,3310.444044043051,0.9280637086039802,0.1927900389449839,97.03285714285714,9515190.6,2.263638075348898,589287348.0,-0.0012163887608700463,0.021255994795679946,-0.011758901406131447,0.08538133969720518,0.09497067885896038,0.0515076875760605,91.7585266713083,87.77075089356049,1,1,0.0010438887123860319,RELIANCE.NS,IN,Conglomerate
2025-06-16,3961.17,3986.09,3899.13,3937.78,14157283,3928.5800000000004,3827.293,3682.844,3732.8344,3825.0197945317436,3755.738716236471,83.51349062993908,78.86159085380697,69.28107829527244,25.32832868332723,43.95274961194521,3682.844,184.66216243667992,4052.16832487336,3313.5196751266403,0.8451383822153765,0.2005647401156603,95.94500000000001,9993198.9,1.4166916644987757,575130065.0,-0.007100460420480403,0.022083508982212806,-0.005904821050344713,0.07591969223370998,0.1083502447344793,0.006885971080455633,83.93235111001471,89.4191088123802,1,1,0.008497173534326441,RELIANCE.NS,IN,Conglomerate
2025-06-17,3911.15,3997.94,3973.43,3984.33,7610241,3948.3660000000004,3865.334,3710.821,3735.7696,3849.529056911476,3772.671403927331,82.33194706994334,68.82750845546798,76.8576529841448,35.63419354349075,41.223459440654054,3710.821,185.8904404523817,4082.601880904763,3339.0401190952366,0.8678362902007261,0.20037661795309616,91.43999999999998,9706326.15,0.7840495052755356,582740306.0,0.011821381590642277,0.006151598888644783,0.018710609411549322,0.10555450731425786,0.16337936048633628,0.02546198589591797,93.26146728910823,89.65078169014375,1,0,0.009499715134037467,RELIANCE.NS,IN,Conglomerate
2025-06-18,3942.32,4053.66,4026.85,4038.77,15821774,3979.518,3902.0730000000003,3736.472,3739.1788,3878.643048155864,3792.382411048861,81.78430547110098,84.21451835988053,86.26063710700328,45.75948225619326,40.50115485081002,3736.472,194.2176826358064,4124.907365271613,3348.0366347283875,0.8891226533759728,0.20791557665707594,88.25214285714284,10166101.45,1.5563264365882916,598562080.0,0.01366352686649952,0.006638159637709824,0.024465289474211973,0.1000686390403609,0.1455066297950791,0.040113211142901894,97.00227496910271,91.39869778940856,0,0,-0.023323932781515122,RELIANCE.NS,IN,Conglomerate
2025-06-19,4044.77,4002.03,3999.68,4000.73,9069383,3985.5099999999998,3934.925,3761.0505000000003,3742.5454000000004,3897.4256561318853,3807.8155657896336,76.41010799530858,72.65763338209257,89.61009034225162,54.529603873404945,35.08048646884668,3761.0505000000003,195.03969214051057,4151.129884281021,3370.971115718979,0.807218876025659,0.20743108037550534,88.67499999999998,10123706.5,0.8958558907396327,589492697.0,-0.009418709161452599,0.0005873928008137955,-0.010888134554001606,0.08946111469659956,0.1400819569355629,0.007545136081918535,89.3438827483052,93.2025416688387,0,1,-0.0003474365928217704,RELIANCE.NS,IN,Conglomerate
2025-06-20,4009.33,3986.64,3956.83,3970.08,32781630,3986.3380000000006,3954.7660000000005,3785.018,3744.966,3908.6032474962103,3819.835153511553,72.7657075748679,49.8297725366359,88.7680939846573,61.37730189565542,27.390792089001877,3785.018,189.44524090368392,4163.908481807368,3406.127518192632,0.7442156888139292,0.20020537910639674,87.0692857142857,11364891.4,2.8844646166645624,556711067.0,-0.007661101848912555,0.007508664812797837,-0.00978966560497395,0.05260534458210819,0.13732084692886581,0.0010438887123860319,83.17328018344072,89.8398126336162,1,0,0.01439013823399038,RELIANCE.NS,IN,Conglomerate
2025-06-23,3967.38,3972.61,3970.14,3971.24,5084129,3993.03,3960.8049999999994,3810.1279999999997,3748.8701999999994,3918.2396709583313,3831.050327327787,79.3217957723993,51.331658291457224,87.1893436305445,66.53971024263323,20.649633387911265,3810.1279999999997,178.31473970424292,4166.757479408486,3453.4985205915136,0.7258814950834944,0.18720078664464423,79.70071428571428,11237180.95,0.45243807768014294,561795196.0,0.00029218554789833817,0.0006219719785255066,0.0009729342790452892,0.015441655906005103,0.144766275396075,0.008497173534326441,80.84725675625484,84.45480656266692,1,1,0.020635871919098436,RELIANCE.NS,IN,Conglomerate
2025-06-24,3974.84,4031.33,4014.86,4022.18,20125531,4000.6,3974.4829999999993,3838.097,3753.6408,3934.230490810896,3845.2080808617206,78.76164239800607,69.02786545224991,89.0224099491752,71.03625018394163,17.986159765233566,3838.097,164.28646249447962,4166.66992498896,3509.524075011041,0.7801250285692359,0.17121658206599455,78.06142857142858,11511214.4,1.748341100454084,581920727.0,0.01282722776764933,0.00409479436524365,0.011909913354999893,0.03520358264271373,0.16153979438604593,0.009499715134037467,92.68468384706462,85.56840692892006,1,1,0.03262161315505541,RELIANCE.NS,IN,Conglomerate
2025-06-25,4014.19,4004.8,3896.38,3944.57,5725488,3981.7599999999998,3980.639,3857.4885000000004,3756.1868,3935.8211845322967,3852.5682230213915,69.83338673502088,42.13732004429683,83.25296151090515,73.47959244933433,9.773369061570818,3857.4885000000004,151.73816198602643,4160.964823972054,3554.0121760279476,0.6434733010792885,0.15734399414125244,79.19214285714283,11526112.9,0.4967405362877769,576195239.0,-0.01929550641691813,0.027485885660533997,-0.017343474025888796,0.01585368052103897,0.10904086326242579,-0.023323932781515122,61.43049073659521,78.32081044663822,1,1,0.08018364485862839,RELIANCE.NS,IN,Conglomerate
2025-06-26,3922.78,4062.68,3948.67,3999.34,6351850,3981.482,3983.496,3875.9024999999992,3761.2947999999997,3945.5933099888666,3863.440206503039,67.7332419422679,42.21274242603786,82.15310348582761,75.21429465663299,6.9388088291946275,3875.9024999999992,145.0109616138067,4165.924423227612,3585.8805767723857,0.7128071882042049,0.14965387969771612,80.44928571428568,11441442.0,0.555161617289008,582547089.0,0.013884910142296869,0.02850720368860143,0.019516771269349906,0.007195078032724123,0.10142492825786409,-0.0003474365928217704,72.29827246852273,75.47114901739418,1,1,0.07655263118414535,RELIANCE.NS,IN,Conglomerate
2025-06-27,4002.67,4069.42,3993.44,4027.21,24349286,3992.9080000000004,3989.6230000000005,3894.565,3767.2766,3958.1497238367333,3875.571302319437,60.964532056839204,55.44855967078191,82.57842151729619,76.68712002876563,5.891301488530559,3894.565,138.8306633997086,4172.226326799418,3616.903673200583,0.7388611362054819,0.1425891347554071,69.07571428571426,12354224.2,1.9709278085686832,606896375.0,0.006968649827221451,0.01886665954841718,0.006130907619162667,0.015449048649248454,0.1021494488171737,0.01439013823399038,79.07910388541298,70.93595569684364,1,1,0.08275952830868016,RELIANCE.NS,IN,Conglomerate
2025-06-30,4063.03,4096.78,4018.33,4053.19,13684604,4009.2980000000002,4001.1639999999998,3914.2285,3774.6514,3972.771304784928,3888.728242890184,65.79497317142054,67.43590819452027,84.04306189474391,78.15830840196129,5.884753492782622,3914.2285,131.50458444181288,4177.237668883626,3651.2193311163746,0.7641761513278695,0.13438621116961277,72.24428571428568,12491801.85,1.0954867095104692,620580979.0,0.006451116281495084,0.019355125222350906,-0.002421837889456323,0.029308392038153386,0.10745316837526508,0.020635871919098436,80.97503491584784,77.45080375659451,1,1,0.051061016137906146,RELIANCE.NS,IN,Conglomerate
2025-07-01,4088.23,4178.57,4133.25,4153.39,22743852,4035.54,4018.0700000000006,3941.702,3783.2652000000003,4000.5587963564776,3908.3328174934168,71.49421266853221,76.99558348400875,92.22597886306085,80.9718424941812,11.254136368879642,3941.702,120.17238773836722,4182.046775476735,3701.357224523266,0.9403840266117016,0.12194974428643954,78.73428571428566,13251343.75,1.716342939459031,643324831.0,0.024721268926450657,0.010911568622255263,0.01593843790588699,0.04243122432127877,0.15246453861350973,0.03262161315505541,91.07693398032879,83.71035759386321,1,1,0.02657106604484527,RELIANCE.NS,IN,Conglomerate
2025-07-02,4119.09,4268.25,4254.94,4260.86,13652352,4098.798000000001,4040.279,3971.1760000000004,3792.7226,4040.6051353785583,3934.4459421266242,72.36036813788215,80.29702970297035,106.15919325193408,86.00931264573178,20.149880606202302,3971.1760000000004,122.64629598974393,4216.468591979488,3725.8834080205124,1.0904866462969518,0.12353650000877632,77.49571428571423,13019691.8,1.0485924829194126,656977183.0,0.02587524889307269,0.0031237825227764526,0.0344177961637073,0.05498951413425357,0.16056087901551996,0.08018364485862839,98.01274638960378,90.0215717619268,1,0,0.01906187952666838,RELIANCE.NS,IN,Conglomerate
2025-07-03,4235.75,4342.05,4276.27,4305.5,6356580,4160.030000000001,4070.7560000000003,4002.8405,3801.3042000000005,4081.3581914741644,3961.931427898034,74.66012084592148,100.0,119.42676357613027,92.69280283181149,26.73396074431878,4002.8405,123.14715653598707,4249.134813071974,3756.5461869280257,1.1144264888293212,0.12305976871769575,77.27357142857139,12872685.4,0.4938036865405188,663333763.0,0.010476758213130655,0.015278132621062469,0.01646697751283327,0.07617859740597344,0.1724547343425349,0.07655263118414535,91.7988646305746,93.62951500016906,1,0,0.019486703054232946,RELIANCE.NS,IN,Conglomerate
2025-07-04,4299.56,4420.9,4312.19,4360.5,8033717,4226.688,4109.798000000001,4032.282,3810.3132,4124.303085093524,3991.4550258345084,79.5476150534027,100.0,132.84805925901537,100.72385411725229,32.124205141763085,4032.282,134.80662573910206,4301.895251478204,3762.6687485217963,1.1086829897999746,0.13372737892743464,79.30499999999994,12935786.45,0.6210458413183034,671367480.0,0.012774358378817796,0.024930627221643183,0.01417354333931505,0.09834058759521214,0.15611917267417352,0.08275952830868016,88.4847098297711,92.7654402833165,1,0,0.016339869281045694,RELIANCE.NS,IN,Conglomerate
2025-07-07,4373.25,4283.48,4241.49,4260.15,7944864,4268.08,4138.689,4049.7470000000003,3817.4408000000003,4145.202610463751,4011.3583572560447,67.93088204701475,76.85868462318967,133.84425320770606,107.34793393534305,26.49631927236301,4049.7470000000003,140.7426301370673,4331.232260274135,3768.2617397258655,0.873737153757566,0.1390137508708891,83.50857142857139,13029536.25,0.6097579559089867,663422616.0,-0.023013415892672917,0.00985646045326806,-0.025861773280735034,0.07275057664608542,0.08931562192362263,0.051061016137906146,69.35293220455013,83.21216888829862,1,1,0.07382838632442534,RELIANCE.NS,IN,Conglomerate
2025-07-08,4262.97,4290.03,4242.74,4263.75,17474285,4290.152,4162.846,4068.6645,3826.347,4163.440670392404,4030.0540344979636,65.6610235562733,75.59937752273495,133.3866358944406,112.55567432716256,20.830961567278024,4068.6645,142.9006247076858,4354.465749415372,3782.863250584628,0.8412957438048663,0.14048897342865285,81.93428571428568,13380689.55,1.305932973690958,680896901.0,0.0008450406675821753,0.011091175608323393,0.00018297102724146834,0.060059470237533,0.09737736140423126,0.02657106604484527,70.0392740027644,75.95897201236187,1,1,0.07420932277924353,RELIANCE.NS,IN,Conglomerate
2025-07-09,4247.01,4369.03,4320.51,4342.08,13134509,4306.396,4202.597,4091.618,3837.9709999999995,4190.923644178189,4053.1670689814578,72.49957156228166,74.22892216030193,137.75657519673086,117.59585450107625,20.160720695654618,4091.618,148.27825217974024,4388.17450435948,3795.0614956405193,0.9222837744531013,0.1449580602878411,86.6621428571428,13679254.4,0.9601771891765395,694031410.0,0.018371152154793347,0.011174368044805335,0.022385160383417348,0.100773975363601,0.11822529429488982,0.01906187952666838,84.97292762890844,74.78837794540766,1,1,0.06627238558478887,RELIANCE.NS,IN,Conglomerate
2025-07-10,4330.79,4476.87,4319.41,4389.4,12988212,4323.1759999999995,4241.603,4112.549499999999,3849.1069999999995,4221.458468150775,4078.073212021726,77.04452814612247,69.52071437249418,143.38525612904914,122.75373482667082,20.631521302378317,4112.549499999999,159.448009658172,4431.445519316343,3793.6534806836553,0.9340764437771667,0.1550843433331399,94.77357142857136,13931426.0,0.9322958803861227,707019622.0,0.010898002800501017,0.03587278443522216,0.01353332763767953,0.09753109263028392,0.1054279144850998,0.019486703054232946,84.93169563629873,79.98129908932385,1,1,0.06563539435913812,RELIANCE.NS,IN,Conglomerate
2025-07-11,4426.25,4471.71,4399.79,4431.75,10165002,4337.4259999999995,4282.057,4135.839999999999,3861.4629999999997,4253.811011512194,4104.271492614518,78.20266281248851,69.30723352194521,149.53951889767632,128.11089164087193,21.42862725680439,4135.839999999999,170.54021809965838,4476.920436199316,3794.7595638006824,0.933783308266538,0.16493889328370268,100.4721428571428,13362728.6,0.7606980238528511,717184624.0,0.009648243495694153,0.016228352231056318,0.0012425868398754604,0.1004516774640507,0.11745260896533982,0.016339869281045694,92.22725628332577,87.37729318284431,1,1,0.06555649574096001,RELIANCE.NS,IN,Conglomerate
2025-07-14,4444.94,4612.76,4544.21,4574.67,4644756,4400.33,4334.205,4167.6845,3877.2470000000003,4303.17393281801,4139.115826497152,80.4097268854372,75.81170005061821,164.05810632085831,135.3003345768692,28.75777174398911,4167.6845,189.9664673311288,4547.617434662257,3787.7515653377427,1.0356017639807344,0.18232327070927087,109.10928571428566,12887102.25,0.360418932780724,721829380.0,0.032249111524792706,0.014984687420072964,0.029185995761466136,0.12865915488787838,0.16173833987678332,0.07382838632442534,94.68298947472753,90.613980464784,1,1,0.05517993647629238,RELIANCE.NS,IN,Conglomerate
2025-07-15,4547.1,4624.0,4545.1,4580.16,7712976,4463.612,4376.882,4197.476,3893.63,4345.787173922931,4171.7857652770745,88.0005739635772,100.0,174.00140864585683,143.04054939066674,30.960859255190087,4197.476,205.76230684944682,4609.000613698893,3785.951386301106,0.9649588229478777,0.1960819376686349,105.75928571428565,12892239.0,0.5982650028234039,729542356.0,0.0012000865636210278,0.017226472437640257,0.007270568054362608,0.10275220964079934,0.14954333601885383,0.07420932277924353,93.50835887626268,93.47286821143865,1,1,0.0884881750855866,RELIANCE.NS,IN,Conglomerate
2025-07-16,4615.11,4687.25,4583.92,4629.84,30225851,4521.164,4413.78,4227.029500000001,3911.9471999999996,4389.487608704018,4205.715708591743,87.927093358999,100.0,183.77190011227503,151.18681953498842,32.58508057728662,4227.029500000001,223.454606045391,4673.938712090782,3780.1202879092184,0.9506625608751439,0.21145308405852198,104.97214285714283,13612442.85,2.220457350132614,759768207.0,0.010846782645147934,0.022318265857994575,0.003191689905548791,0.0865975413414195,0.14634901219925878,0.06627238558478887,91.7254003256054,93.30558289219853,1,1,0.0715791474435401,RELIANCE.NS,IN,Conglomerate
2025-07-17,4641.37,4764.02,4608.28,4677.5,21152026,4578.784000000001,4450.98,4260.868,3931.5486,4433.797207364939,4240.662693142277,88.20785203116367,100.0,193.1345142226619,159.5763584725231,33.55815575013878,4260.868,238.14177381950688,4737.151547639014,3784.5844523609867,0.9373781144282116,0.22356174734298356,110.66928571428573,14216575.0,1.4878425015981345,780920233.0,0.010294092236448726,0.03329556386958148,0.007784339537677954,0.08640111485309498,0.16916162800288936,0.06563539435913812,88.39732328435618,91.21036082874143,1,1,0.07164297167290212,RELIANCE.NS,IN,Conglomerate
2025-07-18,4691.72,4768.63,4685.19,4722.28,12850881,4636.89,4487.157999999999,4298.478,3951.8106,4478.17917546264,4276.338049207488,88.46273238367878,100.0,201.84112625515172,168.02931202904884,33.81181422610288,4298.478,248.95272380621404,4796.383447612428,3800.572552387572,0.9255848193982438,0.23166592808538847,111.57500000000005,13220037.55,0.9720759097181301,793771114.0,0.009573490112239291,0.01766943086813633,0.006513602687285893,0.08296754959293651,0.18946721476645312,0.06555649574096001,92.70515282178737,90.94262547724965,1,1,0.06728952963399037,RELIANCE.NS,IN,Conglomerate
2025-07-21,4719.06,4872.76,4790.58,4827.1,19804788,4687.375999999999,4543.853,4341.271,3974.4303999999997,4531.859302314542,4317.135230749449,88.52369025971795,100.0,214.72407156509325,177.36826393625773,37.35580762883552,4341.271,262.9091706654737,4867.089341330947,3815.452658669052,0.9619741855802446,0.24224165749193088,113.36785714285725,13956070.5,1.419080433917238,813575902.0,0.022196904884928648,0.01702471463197018,0.022894389984441193,0.1330821684682466,0.21551454961170835,0.05517993647629238,92.7669618386859,91.28981264827648,1,1,0.056344388970603454,RELIANCE.NS,IN,Conglomerate
2025-07-22,4832.7,5066.08,4920.95,4985.45,9687258,4768.433999999999,4616.023,4389.434499999999,3999.0737999999997,4601.642486573844,4366.6400284737065,89.15475148331872,100.0,235.00245810013712,188.89510276903363,46.10735533110349,4389.434499999999,288.3762592877525,4966.187018575504,3812.6819814244946,1.0166995208543308,0.26279126323692653,122.23357142857152,13434156.85,0.7210915718099888,823263160.0,0.03280437529779778,0.02911071217241593,0.03160758996005719,0.1692641454119026,0.23948953055308309,0.0884881750855866,90.22180720104508,91.89797395383944,1,1,0.02428266254801481,RELIANCE.NS,IN,Conglomerate
2025-07-23,4953.15,5052.02,4888.61,4961.24,12142616,4834.714,4677.939,4440.268,4024.9422000000004,4656.965180947098,4410.684470810631,86.2343345931967,94.36321303841676,246.28071013646695,200.37222424252033,45.90848589394662,4440.268,295.35283836902533,5030.973676738051,3849.562323261949,0.940974262238286,0.2660675782353307,128.1064285714287,13755013.25,0.8827774206049986,811120544.0,-0.0048561313422058605,0.03293733018357665,0.0016333040590328402,0.1425952538875377,0.25773911985336784,0.0715791474435401,87.28580264120679,90.09152389364591,1,1,0.023119220194951273,RELIANCE.NS,IN,Conglomerate
2025-07-24,4950.41,5048.54,4983.86,5012.61,7382347,4901.736,4740.26,4490.931500000001,4051.6307999999995,4711.679768493698,4455.271547048421,86.17888885190237,94.38530578167396,256.4082214452774,211.57942368307175,44.828797762205625,4490.931500000001,302.5553227058485,5096.042145411698,3885.8208545883035,0.9310604217218286,0.269481128986965,126.09928571428587,13806538.1,0.534699315051373,818502891.0,0.010354266272141643,0.012903457480232331,0.0125646158600979,0.14198068073085168,0.2533593042852069,0.07164297167290212,93.51556531113215,90.34105838446133,1,1,0.021366114658830426,RELIANCE.NS,IN,Conglomerate
2025-07-25,5029.82,5076.75,5010.67,5040.04,13835933,4965.288,4801.089,4541.572999999999,4079.9924,4762.196727186975,4498.587728749923,97.07718124856635,94.1089157095581,263.6089984370519,221.98533863386783,41.6236598031841,4541.572999999999,305.600877256609,5152.774754513217,3930.3712454867814,0.9077761527337969,0.26915861729540985,122.31857142857156,13280870.45,1.041794060885967,832338824.0,0.005472199113834897,0.013111007055496943,0.002031881856606841,0.13725729113781227,0.25149669374082806,0.06728952963399037,95.59837412009975,92.13324735747956,0,1,-0.005218212553868673,RELIANCE.NS,IN,Conglomerate
2025-07-28,5018.52,5101.11,5097.46,5099.08,5564173,5019.683999999999,4853.530000000001,4593.867499999999,4110.9174,4814.024923004365,4543.068637732727,97.26053748231966,94.30647664738252,270.95628527163717,231.7795279614217,39.176757310215464,4593.867499999999,307.1128571213195,5208.093214242638,3979.6417857573606,0.9112596463191333,0.2674111581331003,123.30285714285726,12874848.9,0.4321738150904579,837902997.0,0.011714192744501917,0.0007158154019938735,0.016052541386700345,0.11463340525108912,0.25804119718049234,0.056344388970603454,99.74030958155338,96.28474967092843,0,1,-0.022637416945802014,RELIANCE.NS,IN,Conglomerate
2025-07-29,5089.06,5108.61,5104.83,5106.51,13614610,5043.896,4906.164999999999,4641.5235,4144.5518,4859.022627157539,4584.805034938855,97.02159069939103,92.61507488637402,274.21759221868433,240.26714081287426,33.95045140581007,4641.5235,309.1080420257777,5259.7395840515555,4023.307415948445,0.8760711764014433,0.2663849850383918,116.46357142857154,12418386.8,1.0963266906514224,851517607.0,0.0014571255991278065,0.0007402315867390849,0.003428924005611328,0.11491956612869436,0.2294800151201788,0.02428266254801481,99.73390775456198,98.35753048540505,0,0,-0.03573869433331178,RELIANCE.NS,IN,Conglomerate
2025-07-30,5112.84,5091.15,5063.77,5075.94,5190654,5066.836,4950.775,4682.277499999999,4175.5556,4892.394530671764,4621.185402722086,93.1189549051626,72.61684578855268,271.2091279496781,246.45553824023503,24.753589709443048,4682.277499999999,310.0087499762747,5302.294999952549,4062.26000004745,0.817460797501127,0.2648358624419066,108.26928571428581,11995301.9,0.43272387894431574,846326953.0,-0.005986476086407455,0.005394074792056999,-0.007217123946768005,0.09635322170960547,0.19129471515140128,0.023119220194951273,95.39093140699276,98.28838291436936,0,0,-0.024070418484063882,RELIANCE.NS,IN,Conglomerate
2025-07-31,5065.68,5149.97,5095.5,5119.71,14470027,5088.255999999999,4994.996,4722.987999999999,4207.7666,4927.366141337647,4658.113150669466,93.13120674089672,86.07986885843067,269.25299066818025,251.0150287258241,18.23796194235615,4722.987999999999,311.3841837176133,5345.756367435226,4100.219632564773,0.8185148931319515,0.26371795458091135,107.67785714285726,12400974.25,1.1668458898020944,860796980.0,0.008623033369188793,0.01063927449015464,0.010665892831759817,0.09453981827899516,0.1891092788294042,0.021366114658830426,95.00462229250029,96.70982048468501,0,0,-0.05789585738254699,RELIANCE.NS,IN,Conglomerate
2025-08-01,5124.38,5059.41,4977.2,5013.74,10414212,5082.996,5024.142,4755.65,4238.2268,4940.654427285701,4684.455880250079,78.86453580866974,50.20604646074178,256.19854703562214,252.05173238778372,4.146814647838426,4755.65,305.5663540654518,5366.782708130903,4144.517291869096,0.7111570830406335,0.2570133244165467,104.92785714285726,12519999.0,0.83180607028754,850382768.0,-0.020698437997464736,0.01639694120556384,-0.021590904655778596,0.061720186011841704,0.14980850819860092,-0.005218212553868673,77.4778051480855,89.2911196158595,0,0,-0.04208634671921563,RELIANCE.NS,IN,Conglomerate
2025-08-04,4969.97,5016.98,4956.98,4983.65,15008690,5059.91,5039.797,4791.825,4268.519,4947.269130780208,4706.618407639409,75.6944355999337,39.816520388630046,240.65072314079862,249.77153053838674,-9.120807397588123,4791.825,286.0195314917288,5363.864062983457,4219.785937016542,0.6676677454498239,0.23875624129985462,103.57785714285728,12873190.3,1.1658872808019252,835374078.0,-0.006001507856410626,0.012039368735763539,0.0027525317054220904,0.03243148059911727,0.16982970083213034,-0.022637416945802014,70.61743662208167,81.03328802088915,0,0,-0.02497767700380238,RELIANCE.NS,IN,Conglomerate
2025-08-05,5009.32,4936.3,4914.17,4924.01,7694601,5023.41,5033.653,4824.838,4297.7432,4943.690802967869,4722.721488555309,68.49823299334699,18.452445309403004,220.96931441255947,244.01108731322128,-23.04177290066181,4824.838,258.6553061631006,5342.148612326201,4307.527387673798,0.5958534366359274,0.21443646909019295,100.89142857142868,12384206.1,0.6213236695629872,827679477.0,-0.011967132523351243,0.00449430443886093,-0.01703025560355147,-0.012323862439699407,0.1548542949281737,-0.03573869433331178,58.286104598463574,68.7937821228769,0,0,-0.018338711741040403,RELIANCE.NS,IN,Conglomerate
2025-08-06,4951.84,4976.94,4935.21,4953.76,10513803,4998.974,5032.905000000001,4855.4220000000005,4325.6836,4945.2399102035815,4739.835452366323,67.77231671856102,24.523833350011742,205.40445783725863,236.28976141802877,-30.88530358077014,4855.4220000000005,233.50946730725286,5322.440934614506,4388.403065385495,0.6052826691925952,0.1923700698371466,93.54785714285715,12253170.8,0.858047464902108,838193280.0,0.006041823635614119,0.008423904266656264,0.0003877346602474403,-0.001507687594230367,0.14087257719802504,-0.024070418484063882,57.78432806906975,62.229289763204996,0,0,-0.04365976551145001,RELIANCE.NS,IN,Conglomerate
2025-08-07,5001.29,4857.02,4796.32,4823.3,8377314,4939.692,5013.974,4877.117,4349.5284,4926.479924018415,4746.018011450398,55.85351720941015,18.3947157726182,180.4619125680165,225.1241916480263,-44.662279080009824,4877.117,206.53132972737873,5290.179659454758,4464.054340545243,0.43485613045793914,0.16938804603402902,98.28428571428574,12022625.9,0.696795639561933,829815966.0,-0.026335551177287586,0.012584744884205447,-0.03558881808492693,-0.03776675225082338,0.09885177928646294,-0.05789585738254699,9.104315645930377,41.7249161044879,0,1,-0.010814172869197392,RELIANCE.NS,IN,Conglomerate
2025-08-08,4806.18,4894.34,4729.45,4802.73,14120119,4897.49,4990.243,4895.666,4372.5038,4907.441474169427,4750.218899491172,48.43511205291205,7.902146196345086,157.2225746782551,211.54386825407207,-54.32129357581695,4895.666,179.28938179734783,5254.2447635946955,4537.087236405305,0.3704106190384752,0.14648824637735583,99.31357142857145,12220381.75,1.1554563624449488,815695847.0,-0.004264715029129618,0.03433255669170784,-0.0007178257992834246,-0.0470849437702876,0.08370959553223889,-0.04208634671921563,17.426043945549655,28.10489588684993,1,0,0.0008849133721862135,RELIANCE.NS,IN,Conglomerate
2025-08-11,4812.07,4877.52,4844.49,4859.17,7507655,4872.594,4966.2519999999995,4909.891,4396.4888,4900.015093527977,4758.289351380826,40.6699766527766,26.361829025845026,141.72574214715132,197.58024303268795,-55.85450088553662,4909.891,163.02978087328418,5235.950561746568,4583.831438253431,0.4222212657578113,0.1328174339293896,87.5857142857144,12363526.7,0.6072421385038835,823203502.0,0.011751649582633306,0.006797457178899659,0.009787887541118598,-0.04704966386093179,0.06219027820585965,-0.02497767700380238,30.84752211540275,19.125960568960927,0,0,-0.039492341284622645,RELIANCE.NS,IN,Conglomerate
2025-08-12,4864.75,4904.94,4776.72,4833.71,15768207,4854.534000000001,4938.972,4922.5685,4421.0846,4889.814309908288,4763.876066093429,40.59499402646062,26.740506329114027,125.93824381485956,183.2518431891223,-57.313599374262736,4922.5685,144.88872533507467,5212.345950670149,4632.791049329851,0.3466780286132516,0.11773424815524254,85.07214285714288,12766288.25,1.2351441120605975,807435295.0,-0.005239577952613317,0.02652620864718256,-0.006380595097382924,-0.05342200446097245,0.055358328093341846,-0.018338711741040403,24.79311328825078,24.35555978306773,0,0,-0.022794085702286693,RELIANCE.NS,IN,Conglomerate
2025-08-13,4822.66,4809.94,4679.51,4737.48,13086939,4811.278,4905.126,4927.9505,4442.4066,4866.37826223009,4761.920801938337,30.969080722141598,24.014376863280518,104.4574602917528,167.49296660964842,-63.035506317895624,4927.9505,135.11215058828412,5198.1748011765685,4657.726198823431,0.14756963165261058,0.10967005499609371,89.85071428571428,11909342.65,1.0988799538083696,794348356.0,-0.019908103713296876,0.027531514644910764,-0.017662451841925955,-0.06667927516873728,0.02324918355709893,-0.04365976551145001,12.3219827402704,22.654206047974643,0,0,-0.0025013298209173307,RELIANCE.NS,IN,Conglomerate
2025-08-14,4734.66,4774.49,4768.46,4771.14,8946352,4800.846,4870.269,4932.6325,4464.3852,4851.726221886999,4762.603705498467,31.558951006748345,24.833250647704276,89.12251638853195,151.81887656542514,-62.696360176893194,4932.6325,127.37764593093631,5187.387791861873,4677.877208138127,0.1830438755169357,0.10329384638398316,87.77428571428572,11299058.95,0.791778434629865,803294708.0,0.007105043187517479,0.0012638488914595842,0.00770488271596963,-0.06808393444159921,0.020019241047568137,-0.010814172869197392,19.47668239591152,18.863926141477567,1,0,0.0014713464706546109,RELIANCE.NS,IN,Conglomerate
2025-08-15,4739.92,4816.59,4799.3,4806.98,10914119,4801.696,4849.593,4936.867499999999,4485.0914,4844.842187750537,4765.89083842454,29.309514365047946,46.95749440715874,78.9513493259974,137.2453711175396,-58.29402179154221,4936.867499999999,121.27782393184604,5179.423147863691,4694.311852136308,0.2322521632783737,0.09826297661974628,86.65857142857145,11202220.85,0.9742816332458191,814208827.0,0.007511831553884241,0.003596852909726349,0.01414791810831941,-0.04123867611802767,0.017936251132927294,0.0008849133721862135,27.094758321584916,19.631141152588945,0,0,-0.035496299131679176,RELIANCE.NS,IN,Conglomerate
2025-08-18,4776.29,4740.39,4608.77,4667.27,11073205,4763.316,4817.955,4928.876,4500.2198,4817.52338963507,4758.585591133765,23.797365658108305,32.51407032581207,58.937798501305224,121.58385659429273,-62.6460580929875,4928.876,133.53779821305713,5195.9515964261145,4661.800403573886,0.01023979071711529,0.10837180583405226,100.13571428571426,10765641.7,1.0285688749451067,803135622.0,-0.02906398612018335,0.02820063977442309,-0.022825247210696314,-0.06348359134369375,-0.033110977605601666,-0.039492341284622645,10.809312638560963,19.126917785352465,0,1,-0.0023011310680549624,RELIANCE.NS,IN,Conglomerate
2025-08-19,4666.95,4778.68,4679.4,4723.53,7178666,4741.28,4797.907,4915.780000000001,4516.9824,4803.062868152751,4755.98888067939,29.602361521097436,32.482694493232685,47.07398747336174,106.68188277010653,-59.607895296744786,4915.780000000001,140.3662100215063,5196.512420043014,4635.047579956988,0.15759209433185076,0.11421683640966676,105.04071428571426,10640212.1,0.6746731416497664,810314288.0,0.012054155855564241,0.02101817920072057,0.012123549641626288,-0.040714783276232236,-0.05253688232757325,-0.022794085702286693,21.20473022908117,19.702933729742348,0,0,-0.006869862158174089,RELIANCE.NS,IN,Conglomerate
2025-08-20,4747.43,4725.9,4725.41,4725.63,22596860,4738.91,4775.093999999999,4903.9995,4533.8348,4791.150119206174,4753.74007470312,26.034445012041175,35.145684442001084,37.41004450305445,92.8275151166961,-55.417470613641655,4903.9995,146.11920020370343,5196.237900407406,4611.761099592593,0.19482193347703186,0.11918369910410753,99.92214285714279,11162924.3,2.024277632673937,832911148.0,0.00044458275908065836,0.00010368987838651735,-0.004591958175264425,-0.04605188785891934,-0.04749014359313386,-0.0025013298209173307,25.9320078110555,19.315350226232542,1,0,0.03428325958655254,RELIANCE.NS,IN,Conglomerate
2025-08-21,4712.86,4869.77,4704.88,4778.16,14518428,4740.314,4770.58,4892.277,4549.9826,4789.151639328301,4755.548958058458,34.67752426047818,56.354264292408686,33.60268126984283,80.98254834732546,-47.37986707748263,4892.277,146.3515219600124,5184.980043920024,4599.573956079976,0.30506352364499906,0.11965922776652446,101.52071428571422,11519728.35,1.2603098179559227,847429576.0,0.011115978187035358,0.03450909973713015,0.013855705452737049,-0.009358737793626837,-0.046772040912817836,0.0014713464706546109,41.49579873094359,29.54417892369342,1,0,0.03900664691010758,RELIANCE.NS,IN,Conglomerate
2025-08-22,4734.09,4644.84,4629.56,4636.35,12640164,4706.188,4753.942,4872.092500000001,4563.3908,4765.6436948162545,4746.719405609623,30.277355018967384,34.26269702276697,18.92428920663133,68.57089651918663,-49.646607312555304,4872.092500000001,152.60424150400226,5177.3009830080055,4566.884016991996,0.1138008719863609,0.12528845994116167,107.84928571428561,11459939.9,1.102986840010667,834789412.0,-0.029678788487618513,0.0032956959677324722,-0.020645995323278418,-0.034642796909257645,-0.08009658653502738,-0.035496299131679176,7.4911046527215905,24.972970398240225,1,1,0.09355635359711822,RELIANCE.NS,IN,Conglomerate
2025-08-25,4647.08,4662.54,4651.73,4656.53,17325932,4704.04,4733.678,4849.965,4577.7658,4748.856972536831,4740.038708897757,34.09750297265157,31.76761433868964,8.818263639073848,56.62036994316407,-47.80210630409022,4849.965,150.02181895700912,5150.008637914018,4549.921362085982,0.17765522151212956,0.1237302281208035,104.75714285714275,12048027.85,1.438071921615626,852115344.0,0.0043525618212600925,0.002321471138379454,0.0020335350370550504,-0.04170259529919729,-0.08679016606917334,-0.0023011310680549624,12.972268245611998,20.65305720975906,1,1,0.08457155864989607,RELIANCE.NS,IN,Conglomerate
2025-08-26,4641.14,4774.15,4624.62,4691.08,7828004,4697.55,4719.415,4829.193499999999,4591.900799999999,4739.968207531164,4736.412137868272,34.47150626625677,53.8724262433724,3.5560696628917867,46.00750988710961,-42.451440224217826,4829.193499999999,141.12785898557985,5111.449217971159,4546.93778202884,0.2553397660231508,0.11689559259578268,111.65714285714277,11758697.55,0.6657202722490067,859943348.0,0.007419688050973594,0.031875389036206556,0.010760287343193446,-0.029507355633664467,-0.08135301801034367,-0.006869862158174089,27.791471114468653,16.084948004267414,1,1,0.09953784629552276,RELIANCE.NS,IN,Conglomerate
2025-08-27,4646.18,4921.31,4860.7,4887.64,12914019,4729.952,4734.431,4819.778499999999,4608.8782,4762.686944834061,4747.614201729943,53.52779910077861,68.32689344024308,15.072743104118672,39.820556530511425,-24.747813426392753,4819.778499999999,129.611503033858,5079.001506067715,4560.555493932284,0.6308940534036606,0.1075663564488127,116.8564285714285,12144865.8,1.0633314644504788,872857367.0,0.041900798963138586,0.01240066780695554,0.05196957500569242,0.031696176026073,-0.03709657718570336,0.03428325958655254,89.22697894640932,43.33023943549665,1,1,0.06666816704994627,RELIANCE.NS,IN,Conglomerate
2025-08-28,4906.82,4971.38,4959.07,4964.54,10836710,4767.228,4753.771,4812.0199999999995,4628.154399999999,4793.741261013437,4763.682779379657,58.35596913956398,72.86088837004577,30.058481633779593,37.86814155116506,-7.809659917385467,4812.0199999999995,114.47288656230468,5040.965773124609,4583.07422687539,0.8330919761426533,0.09515578618732332,111.05999999999987,11963199.95,0.9058369950727945,883694077.0,0.015733564665155297,0.0024795852183682517,0.01176321935591452,0.040535385673025726,-0.030308357309300704,0.03900664691010758,98.11367584981626,71.71070863689808,1,1,0.07921176987193168,RELIANCE.NS,IN,Conglomerate
2025-08-29,4947.64,5137.65,5016.07,5070.11,7470880,4853.9800000000005,4780.084000000001,4814.8385,4650.155,4836.259528549832,4786.381092018308,60.36702838719824,75.36181524401901,49.87843653152413,40.270200547236875,9.608235984287255,4814.8385,120.24917206306937,5055.336844126138,4574.3401558738615,1.030713633240407,0.09989882075009926,118.08285714285694,11816033.35,0.6322662729903117,891164957.0,0.021264810032752157,0.023979755863280272,0.024753215674538684,0.05473915015248654,0.011243103950344446,0.09355635359711822,87.22961730432758,91.52342403351771,1,1,0.06169491391705506,RELIANCE.NS,IN,Conglomerate
2025-09-01,5101.67,5064.39,5039.1,5050.34,15304184,4932.742,4818.391,4818.173000000001,4671.737,4869.194985696012,4805.9336037207395,60.70655450888139,95.6408616850044,63.26138197527234,44.868436832843976,18.392945142428367,4818.173000000001,125.96546319072418,5070.103926381449,4566.242073618552,0.9607751087445191,0.10457529290932314,111.1392857142855,11830808.05,1.2935872716160521,875860773.0,-0.0038993236833124723,0.005007583647832612,-0.010061411263368633,0.08207581734075808,0.01338175834980393,0.08457155864989607,83.4915292692417,89.61160747446183,1,1,0.0688329894620956,RELIANCE.NS,IN,Conglomerate
2025-09-02,5053.28,5240.03,5092.4,5158.02,14123303,5026.13,4861.84,4829.8735,4694.453799999999,4913.629603281241,4832.014077519308,70.55184142622576,96.3458588248342,81.61552576193299,52.21785461866179,29.397671143271197,4829.8735,145.6446900860956,5121.162880172191,4538.5841198278085,1.0632654712728606,0.12061987966025646,113.67428571428549,12152243.15,1.1621971074371478,889984076.0,0.021321336781286115,0.028621447764834464,0.020727131684763155,0.09198417285377691,0.0475242739149595,0.09953784629552276,87.00852263712741,85.90988973689889,1,1,0.05984079162159128,RELIANCE.NS,IN,Conglomerate
2025-09-03,5182.75,5228.67,5201.35,5213.49,2744849,5091.3,4910.626,4842.86,4719.832200000001,4959.761972007203,4860.271553258723,71.16648962131441,96.48189340688681,99.4904187484808,61.6723674446256,37.818051303855206,4842.86,167.24956294494433,5177.359125889889,4508.360874110111,1.0540074267951163,0.13814115043169528,116.07714285714259,11763795.45,0.23333020183292955,892728925.0,0.010754126583456314,0.005240251731564551,0.005931214123774801,0.10323702871363172,0.052430880785504286,0.06666816704994627,95.79571016681591,88.765254024395,1,1,0.03303353415850041,RELIANCE.NS,IN,Conglomerate
2025-09-04,5183.82,5386.17,5335.09,5357.79,5256454,5169.95,4968.589,4869.584499999999,4747.0012,5020.997053236864,4897.1247715359805,73.87787305248017,96.12117169259754,123.87228170088383,74.11235029587725,49.75993140500658,4869.584499999999,202.86918822563393,5275.322876451267,4463.846123548731,1.101625984050262,0.16664188759890483,125.16499999999976,11607752.45,0.4528399076222626,897985379.0,0.027678196371336616,0.009533781652507916,0.03356019306225268,0.1213082023205585,0.11081417286919737,0.07921176987193168,96.34936969372735,93.0512008325569,1,1,0.00454478432338723,RELIANCE.NS,IN,Conglomerate
2025-09-05,5356.81,5386.17,5380.3,5382.91,16484487,5232.51,5043.245,4898.5935,4774.115199999999,5076.675968123502,4933.10886253343,84.44551405467853,95.68255770784661,143.56710559007206,88.00330135471621,55.563804235355846,4898.5935,232.1711422132195,5362.935784426439,4434.251215573561,1.0215080730771828,0.18958188076897742,113.03428571428556,11725970.85,1.405809873234516,914469866.0,0.004688500295831011,0.0010904882303435874,0.0048723027324087615,0.1610232186957412,0.120802127123532,0.06169491391705506,99.57192567776299,97.23900184610208,1,1,0.03867239095582131,RELIANCE.NS,IN,Conglomerate
2025-09-08,5399.57,5419.03,5381.13,5397.97,10454101,5302.036,5117.389,4925.5335,4801.0108,5126.1058191814245,4967.543020864388,83.8031275060145,94.6189439303213,158.56279831703614,102.11520074718021,56.44759756985593,4925.5335,257.2601336201849,5440.05376724037,4411.013232759629,0.9591038779997483,0.20891960931349499,107.78357142857125,11873293.15,0.8804718276098634,924923967.0,0.0027977432281052206,0.007021157953822013,-0.00029631989213940333,0.15922586131733296,0.11088313436245278,0.0688329894620956,97.348975969465,97.75675711365177,1,0,0.01917387462323794,RELIANCE.NS,IN,Conglomerate
2025-09-09,5400.87,5542.88,5405.72,5466.68,6479638,5363.768,5194.949,4957.182,4827.2766,5178.501846999667,5004.51613043009,84.81690643763926,100.0,173.98571656957665,116.48930391165952,57.49641265791713,4957.182,283.01461547904074,5523.211230958082,4391.152769041918,0.9500633290056906,0.22836733892682076,117.96499999999982,11408864.7,0.5679476093754001,931403605.0,0.012728859182248087,0.025090182706866828,0.01218507388624207,0.16533506143574628,0.13094910534558357,0.05984079162159128,91.70169668711293,96.20753277811365,1,1,0.006129863097894761,RELIANCE.NS,IN,Conglomerate
2025-09-10,5469.66,5410.83,5365.61,5385.71,9414757,5398.2119999999995,5244.755999999999,4989.5935,4849.7735999999995,5210.380024384333,5032.752713361266,77.80167482725489,79.21874598978512,177.6273110230677,128.71690533394116,48.91040568912655,4989.5935,293.4553987679649,5576.50429753593,4402.68270246407,0.8374588622855526,0.23525395306684305,113.4064285714284,11225255.6,0.8387119631634968,921988848.0,-0.014811549240123845,0.008396293153547417,-0.015348303185204285,0.10190398638197573,0.13683012909817038,0.03303353415850041,82.883932655149,90.64486843724232,1,1,0.007282233911592106,RELIANCE.NS,IN,Conglomerate
2025-09-11,5335.6,5434.06,5340.61,5382.14,7474014,5403.082,5286.5160000000005,5020.1435,4871.3063999999995,5236.804636017513,5058.633253112344,89.0707347995097,74.96816983981292,178.17138290516868,138.60780084818666,39.56358205698203,5020.1435,301.2177148679606,5622.5789297359215,4417.708070264079,0.8004442319717829,0.2400072546674418,109.46714285714279,11151638.7,0.6702165960401322,914514834.0,-0.0006628652489643061,0.017362982010869905,0.008722542919257672,0.08411655460526068,0.12806163726069664,0.00454478432338723,82.49515387789681,85.69359440671958,1,1,0.012810889348846333,RELIANCE.NS,IN,Conglomerate
2025-09-12,5356.1,5608.61,5577.06,5591.08,4436953,5444.716,5338.612999999999,5059.3485,4895.918,5291.308538168665,5098.073752881885,90.87537286667778,78.98948728781967,193.2347852867797,149.53319773590528,43.70158755087442,5059.3485,322.3025133444836,5703.953526688967,4414.743473311033,0.9124475283184977,0.2548174045289979,123.77285714285706,10827780.4,0.4097748962682235,918951787.0,0.03882098942056489,0.00564291693196907,0.04387147364686164,0.10275319470386246,0.16311696740989157,0.03867239095582131,98.21847782995945,87.86585478766843,0,0,-0.014131437933279423,RELIANCE.NS,IN,Conglomerate
2025-09-15,5602.54,5546.79,5465.21,5501.47,3745990,5465.416,5383.726000000001,5101.0585,4920.7444,5323.641070758101,5127.954956372176,83.81612878996525,62.6975967099345,195.68611438592507,158.76378106590926,36.92233332001581,5101.0585,322.86959080419155,5746.797681608383,4455.319318391617,0.8100411988334518,0.2531785046606527,122.08285714285707,10461419.65,0.3580766059722491,915205797.0,-0.016027314937364423,0.014828763948541952,-0.018040031842696647,0.08932665919522242,0.17873403509974772,0.01917387462323794,85.67474696141832,88.79612622309152,1,0,0.009333868947753787,RELIANCE.NS,IN,Conglomerate
2025-09-16,5496.08,5544.72,5464.56,5500.19,10446671,5472.118,5417.943,5139.8915,4945.4732,5350.802444487625,5155.52792256688,80.53741462685079,61.280568553014845,195.27452192074452,166.06592923687631,29.208592683868204,5139.8915,321.7770418730844,5783.445583746168,4496.337416253831,0.7799286875019888,0.2504154353242839,111.3635714285713,10624819.9,0.9832326679501957,904759126.0,-0.00023266508769481664,0.01457404198763775,0.0007478057087958917,0.06633747057979589,0.16442364079406713,0.006129863097894761,83.30818733244554,89.06713737460778,1,1,0.03291704468391088,RELIANCE.NS,IN,Conglomerate
2025-09-17,5492.55,5476.77,5383.46,5424.93,20188311,5479.962,5439.087,5174.8565,4967.1302000000005,5362.206683797221,5175.483632006405,72.98938390708177,45.45830341796662,186.7230517908156,170.19735374766418,16.525698043151408,5174.8565,312.2458680739019,5799.348236147804,4550.364763852196,0.7002216246622303,0.24135615592342824,113.71999999999987,10504392.45,1.9218921202918196,884570815.0,-0.013683163672527532,0.017200221938344494,-0.012311221563752278,0.040556325992761266,0.14798026929742703,0.007282233911592106,69.00124886072005,79.32806105152797,1,1,0.05415922417432095,RELIANCE.NS,IN,Conglomerate
2025-09-18,5462.12,5452.5,5449.97,5451.09,27176280,5493.7519999999995,5448.4169999999995,5208.503000000001,4988.3640000000005,5375.881040136111,5195.898918524482,70.66276168781869,58.075193913344236,179.98212161162883,172.15430732045712,7.8278142911717055,5208.503000000001,303.37984308543076,5815.262686170862,4601.743313829139,0.6999036896553044,0.23298812966825402,103.32428571428558,11137285.05,2.4401169080145872,911747095.0,0.004822182037371947,0.0004641273580145037,-0.002019362445350473,0.017413896401314855,0.14083454718971322,0.012810889348846333,72.34113536185087,74.88352385167217,1,1,0.022256099238867844,RELIANCE.NS,IN,Conglomerate
2025-09-19,5429.03,5517.8,5507.48,5512.07,5605483,5477.95,5461.3330000000005,5252.289,5009.9704,5396.833187807479,5219.318998633814,73.97078215364809,64.05469138740452,177.51418917366482,173.22628369109867,4.287905482566146,5252.289,278.6430320396065,5809.575064079213,4695.0029359207865,0.7330768852335247,0.21220693076070532,105.87428571428563,10785551.0,0.5197214755443208,917352578.0,0.011186753474992983,0.0018722548879093962,0.015295550033796951,0.023994456530018082,0.1888813398470779,-0.014131437933279423,81.29830882764516,74.21356435007203,0,1,-0.01025386107215609,RELIANCE.NS,IN,Conglomerate
2025-09-22,5518.29,5698.61,5436.19,5552.82,9985523,5488.219999999999,5476.818,5297.1035,5029.5334,5420.831158914021,5244.022776512824,72.02682496819835,43.4940824377635,176.80838240119738,173.94270343311842,2.865678968078953,5297.1035,248.19560987415645,5793.494719748313,4800.712280251687,0.7575755672399873,0.18741986814047318,111.06928571428567,10418530.55,0.9584386198840085,927338101.0,0.007392866926581032,0.04725887026771133,0.006257373208003473,0.028686710003945848,0.19248023743001763,0.009333868947753787,70.68133370858163,74.77359263269256,0,1,-0.018615766403377032,RELIANCE.NS,IN,Conglomerate
2025-09-23,5543.99,5696.02,5669.42,5681.24,6559502,5524.43,5498.274,5346.6115,5051.555,5460.894057542633,5276.409237511915,74.13246932816033,77.0046567522908,184.48482003071786,176.05112675263834,8.433693278079517,5346.6115,217.8478079634702,5782.30711592694,4910.91588407306,0.8840163726311491,0.16298009156897175,116.2514285714286,10355105.45,0.6334557767873068,933897603.0,0.023126987728757653,0.0046820764480985985,0.024756538161139402,0.03924868475930543,0.21107292990100368,0.03291704468391088,95.2217209504423,82.40045449555636,0,0,-0.037402046032204206,RELIANCE.NS,IN,Conglomerate
2025-09-24,5721.16,5720.29,5717.5,5718.74,9279412,5583.192,5531.577,5388.1665,5073.333,5500.562664074536,5309.174479177738,70.92876277063306,79.60820440566843,191.3881848967976,179.11853838147022,12.269646515327395,5388.1665,204.55138377168285,5797.269267543366,4979.063732456634,0.904022566241933,0.15185231100163296,106.70642857142859,10173375.1,0.9121270961367486,943177015.0,0.006600671684350523,0.0004878697055644208,-0.00042299114165652587,0.06183585822482085,0.17004116506125633,0.05415922417432095,99.59176148309206,88.498272047372,0,0,-0.02482190132791484,RELIANCE.NS,IN,Conglomerate
2025-09-25,5751.17,5585.72,5561.77,5572.41,17521273,5607.456,5550.604,5418.56,5091.2312,5511.616100370761,5328.673406646076,59.63356853813776,66.7537601672195,182.94269372468534,179.88336945011326,3.0593242745720772,5418.56,182.23684161585152,5783.033683231703,5054.086316768297,0.7110577622986883,0.13452787575726233,115.89142857142853,10507603.25,1.667485050172117,925655742.0,-0.02558780430654306,0.0042979608463834355,-0.03108237106536046,0.03535210901240027,0.12244236122581342,0.022256099238867844,61.051411714967735,85.2882980495007,1,0,0.002611078510016407,RELIANCE.NS,IN,Conglomerate
2025-09-26,5562.46,5465.46,5447.63,5455.55,11958870,5596.152,5537.051,5437.832,5105.8966,5502.990546467568,5338.071672820451,52.652624983876024,50.42008891568081,164.91887364711692,176.890470289514,-11.971596642397088,5437.832,162.79107054269542,5763.414141085391,5112.24985891461,0.5272097233902423,0.11974703929261904,122.09714285714283,10732002.75,1.1143184701179405,913696872.0,-0.020971177641271876,0.0032682314340436174,-0.019219913491509266,-0.02424039720411797,0.07602201924613095,-0.01025386107215609,30.272861356852534,63.63867818497078,1,1,0.00716884640412041,RELIANCE.NS,IN,Conglomerate
2025-09-29,5449.37,5513.13,5398.52,5449.45,7563945,5575.478,5531.849,5457.7875,5118.3436,5494.753539318712,5346.321919278203,49.15764669071991,43.42171611059754,148.4316200405092,171.19870023971308,-22.76708019920389,5457.7875,134.8562994596962,5727.500098919393,5188.074901080608,0.48454373278465784,0.09883587403113198,119.9328571428571,10344990.8,0.731169743411493,906132927.0,-0.0011181274115351636,0.02103148024112133,1.4680596105588822e-05,-0.009455654579594297,0.07902636258152906,-0.018615766403377032,28.66624525909013,39.996839443636794,1,1,0.002233252897081428,RELIANCE.NS,IN,Conglomerate
2025-09-30,5452.44,5469.58,5468.08,5468.75,13355765,5532.9800000000005,5528.705,5473.3240000000005,5128.0096,5490.75299480814,5355.390665998343,54.32022974632178,40.751578623132644,135.36232880979696,164.03142595372987,-28.669097143932902,5473.3240000000005,114.93022466291718,5703.184449325835,5243.463550674166,0.49005048494879,0.08399299925449047,114.1514285714285,10306613.9,1.2958439923858995,919488692.0,0.0035416418170641784,0.0002742857142856641,0.0029913213166944358,-0.0057161661688049925,0.06024210840593858,-0.037402046032204206,33.749473240534854,30.896193285492505,0,1,-0.0026185142857142463,RELIANCE.NS,IN,Conglomerate
2025-10-01,5485.61,5581.95,5572.66,5576.79,17489076,5504.59,5543.891,5491.489,5140.3206,5503.989457145349,5371.7906166651455,59.13395211772544,37.97019326008341,132.19884048020322,157.66490885902454,-25.46606837882132,5491.489,99.35643845328475,5690.201876906569,5292.77612309343,0.7146338006051629,0.0723712191380273,115.56214285714272,11043825.25,1.5836065874361251,936977768.0,0.01975588571428566,0.0016658328536664098,0.016621670151538967,0.027992987927954793,0.0696846066646335,-0.02482190132791484,57.39690645115518,39.93754165026005,0,0,-0.03318037795936368,RELIANCE.NS,IN,Conglomerate
2025-10-02,5533.31,5622.61,5558.45,5586.96,11907772,5507.5,5557.478,5502.9475,5151.8076,5516.754156046065,5387.729089504776,49.76233328718446,33.8028515240905,129.02506654128865,151.93694039547736,-22.911873854188713,5502.9475,96.29332385868203,5695.534147717364,5310.360852282636,0.718116107723565,0.0699939978410948,103.96857142857132,11376391.15,1.0467089955228028,948885540.0,0.00182362972247474,0.01148388390108187,0.009695824018533198,0.0249252901713235,0.04277323299345448,0.002611078510016407,60.41623370821954,50.520871133303196,0,0,-0.03694137777968709,RELIANCE.NS,IN,Conglomerate
2025-10-03,5636.94,5559.34,5442.91,5494.66,14675414,5515.322,5555.737,5508.535,5160.9,5513.3550551159005,5395.649897689614,49.608373109436975,38.98007200158745,117.70515742628686,145.09058380163927,-27.38542637535241,5508.535,92.1129050620139,5692.760810124028,5324.309189875972,0.46234241013481997,0.06688740658777488,105.26714285714277,11285937.5,1.3003273055227087,934210126.0,-0.01652061228288737,0.02118966414664039,-0.025240644746968126,-0.0031585230231110373,0.02076014646352986,0.00716884640412041,33.013686429257994,50.27560886287757,0,0,-0.028629614935227976,RELIANCE.NS,IN,Conglomerate
2025-10-06,5513.65,5481.78,5445.49,5461.62,6169127,5517.755999999999,5546.617,5511.717500000001,5168.1508,5505.3958158673,5400.53657193483,47.86009919996451,51.12846253950542,104.85924393247024,137.04431582780546,-32.18507189533523,5511.717500000001,89.14352418411343,5690.004548368228,5333.430451631773,0.3595032548385377,0.06469382669492581,103.05357142857136,11071688.8,0.5571983239631587,928040999.0,-0.006013110911321173,0.006644548687018379,-0.009436580123872627,-0.016424087220547334,0.011791469756223139,0.002233252897081428,23.204583914665506,38.87816801738101,0,0,-0.019743226368733047,RELIANCE.NS,IN,Conglomerate
2025-10-07,5480.28,5470.1,5441.89,5454.43,17414775,5514.892,5523.936,5511.105,5175.1092,5497.554921118484,5404.528677717437,51.7704107352906,50.922085616945715,93.0262434010474,128.24070134245386,-35.214457941406465,5511.105,89.51058987637296,5690.126179752746,5332.083820247253,0.34170867358092155,0.06496743566043972,96.73071428571426,11618445.65,1.498890129172302,910626224.0,-0.0013164592190594293,0.005171942806121787,-0.004716912274554354,-0.03992262252606815,-0.0022408481930531465,-0.0026185142857142463,17.375765298140344,24.531345214021282,0,0,-0.009900209554435602,RELIANCE.NS,IN,Conglomerate
2025-10-08,5460.25,5405.52,5380.74,5391.75,15954722,5477.884,5491.236999999999,5511.407,5181.4254,5481.27724094641,5403.582108997626,46.58832187291584,37.71616361431945,77.69513194878346,118.13158746371978,-40.43645551493633,5511.407,89.074378802008,5689.555757604016,5333.258242395984,0.16416549402456596,0.06464728792628958,100.02500000000002,11945443.9,1.335632296123186,894671502.0,-0.011491576571704187,0.004595910418694497,-0.012545213131264586,-0.057178679219548334,0.0011214863035700073,-0.03318037795936368,3.242526873794077,14.607625362199975,1,0,0.022792228868178332,RELIANCE.NS,IN,Conglomerate
2025-10-09,5409.14,5431.35,5339.95,5380.57,32370568,5436.606,5472.053,5511.3285000000005,5186.6426,5465.783819262346,5401.877508331135,41.98033810650599,4.696158108607335,63.90631093121101,107.28653215721803,-43.38022122600702,5511.3285000000005,89.19490611349502,5689.718312226991,5332.93868777301,0.1335034541273241,0.06473568477253998,101.78857142857149,13190271.6,2.4541242612377854,862300934.0,-0.0020735382760699306,0.016987047840653233,-0.005281800803823775,-0.0344267561073216,-0.00029170552977075825,-0.03694137777968709,10.679917968105663,10.432736713346694,1,1,0.027543550218657176,RELIANCE.NS,IN,Conglomerate
2025-10-10,5360.56,5365.27,5315.02,5337.35,17619259,5405.144,5460.233,5498.642,5193.114799999999,5446.024770145062,5397.097692899198,36.89881191249259,0.0,48.927077245863984,95.61464117494722,-46.68756392908324,5498.642,95.1033137173259,5688.8486274346515,5308.435372565348,0.0760084646485576,0.06918312828317139,87.72642857142857,13849386.9,1.2722048892861177,844681675.0,-0.008032606210865989,0.009414784490428879,-0.004329771516407932,-0.02166600984318723,-0.0453812143628779,-0.028629614935227976,5.509906975582909,6.477450605827549,1,1,0.04948523143507533,RELIANCE.NS,IN,Conglomerate
2025-10-13,5313.19,5385.34,5328.55,5353.79,20164827,5383.5779999999995,5450.6669999999995,5491.258,5200.5176,5431.834805507359,5393.889715647403,26.951502780319558,9.461870503596941,37.94508985995617,84.08073091194902,-46.13564105199285,5491.258,100.45470320400887,5692.167406408018,5290.348593591982,0.15788560511452623,0.07317427314760355,81.55428571428567,14670328.75,1.3745312711870024,864846502.0,0.0030801802392572686,0.010607438842388168,0.007641360463298456,-0.017554065089137372,-0.0268437344927811,-0.019743226368733047,9.566461864905843,8.585428936198138,1,1,0.06035911008836714,RELIANCE.NS,IN,Conglomerate
2025-10-14,5360.06,5414.13,5389.48,5400.43,31099375,5372.778,5443.835000000001,5486.2699999999995,5210.046,5427.003296967766,5394.374181155003,27.87947018026661,33.66960234854557,32.6291158127633,73.79040789211187,-41.16129207934857,5486.2699999999995,102.44488700613708,5691.159774012273,5281.380225987726,0.2905215123250916,0.07469183033727342,83.07499999999995,15702963.95,1.9804778969464618,895945877.0,0.008711585624389562,0.004564451349243668,0.007531632108594373,-0.01249279999999997,-0.018137555248091353,-0.009900209554435602,27.767482687903506,14.28128384279742,1,1,0.05089594717457668,RELIANCE.NS,IN,Conglomerate
2025-10-15,5397.84,5533.17,5499.82,5514.64,20937024,5397.356000000001,5437.620000000001,5490.7555,5221.2636,5440.485866665033,5403.282760328709,45.797750847433,60.226925298094244,37.20310633632471,66.47294758095444,-29.26984124462973,5490.7555,101.57807722849003,5693.911654456981,5287.59934554302,0.558783599402348,0.07399934470108653,81.34428571428569,15740399.6,1.3301455618607319,916882901.0,0.021148315967432163,0.006047538914597202,0.021638284943603096,-0.011144403859567942,0.0165366189056817,0.022792228868178332,64.89807861092734,34.0773410545789,1,1,0.0268666676337892,RELIANCE.NS,IN,Conglomerate
2025-10-16,5574.47,5550.4,5511.46,5528.77,11768436,5426.996000000001,5431.801,5494.639499999999,5235.373,5454.068041024259,5412.578111415475,56.261973180076644,77.86998616874148,41.48992960878422,61.4763439865204,-19.986414377736175,5494.639499999999,101.46662684307,5697.57275368614,5291.706246313859,0.5840929206511511,0.07386590282623758,75.21285714285712,14970007.4,0.7861342282212748,928651337.0,0.002562270610592998,0.00704315788140808,-0.00819808878691456,-0.010415324255050984,0.014250360936987061,0.027543550218657176,69.49185604190826,54.05247244691304,0,1,-0.005563624458966521,RELIANCE.NS,IN,Conglomerate
2025-10-17,5500.11,5608.51,5595.84,5601.47,8682995,5479.82,5442.482,5499.1095000000005,5251.3478000000005,5476.745265482065,5426.570103162482,61.67158036975619,85.93739832107781,50.17516231958325,59.21610765313297,-9.040945333549722,5499.1095000000005,104.20712327791341,5707.5237465558275,5290.695253444173,0.7455698247380496,0.07579927133867369,72.72214285714283,15123883.0,0.5741246759099713,937334332.0,0.013149398509975985,0.0022619062496090866,0.018428722334640973,0.019438873378880617,0.016218952226659145,0.04948523143507533,93.12721479861806,75.83904981715122,1,1,0.01772748939117763,RELIANCE.NS,IN,Conglomerate
2025-10-20,5605.2,5707.76,5652.29,5676.94,4971724,5544.45,5464.014000000001,5505.3155,5267.7032,5507.544455407901,5445.116021446748,64.71494607087827,100.0,62.42843396115313,59.85857291473701,2.569861046416122,5505.3155,111.04573417606106,5727.406968352122,5283.224031647877,0.8863824695125293,0.08068255792136962,78.87642857142853,14873193.05,0.3342741299068844,942306056.0,0.013473248986426656,0.00977110908341298,0.01279882965817223,0.039424200145744326,0.022352606423402754,0.06035911008836714,92.15256912946933,84.92387998999855,0,0,-0.017620408177644986,RELIANCE.NS,IN,Conglomerate
2025-10-21,5704.35,5692.68,5661.39,5675.29,6626291,5599.4220000000005,5486.1,5505.018,5284.534799999999,5533.351462268223,5462.165945784031,58.19440284849092,99.49199507389173,71.1855164841927,62.12396162862815,9.061554855564552,5505.018,110.55650551457906,5726.131011029158,5283.904988970842,0.8850338774877915,0.08033143979878637,73.02571428571426,14876532.5,0.44541902184403376,935679765.0,-0.00029064954006907673,0.005513374646933363,-0.005094357814649399,0.04049185707764136,-0.0010473065739169396,0.05089594717457668,91.73244385575252,92.33740926127997,0,1,-0.024574955641033402,RELIANCE.NS,IN,Conglomerate
2025-10-22,5709.2,5665.06,5661.0,5662.8,6613655,5629.054,5513.205,5502.221,5303.0412,5553.266621919266,5477.02772757781,56.28501342526606,95.13504214691227,76.23889434145622,64.94694817119378,11.291946170262435,5502.221,105.45482429639999,5713.1306485928,5291.311351407199,0.8806819675403924,0.07666345957123931,69.46357142857141,14743244.65,0.4485888085300946,929066110.0,-0.002200768595085001,0.0007169598078688428,-0.00812723323757996,0.05027124773960212,-0.009781875028415321,0.0268666676337892,88.55222284440454,90.8124119432088,0,0,-0.03353288126015408,RELIANCE.NS,IN,Conglomerate
2025-10-23,5693.52,5545.79,5459.8,5498.01,18330614,5622.902,5524.9490000000005,5498.500999999999,5317.5786,5544.765603162456,5478.581969979454,50.24784339256917,47.563227148843865,66.1836331830018,65.19428517355539,0.9893480094464167,5498.500999999999,104.15275931365292,5706.806518627305,5290.195481372693,0.49882144264891903,0.07576811157341538,73.67428571428569,14783711.7,1.23991952305729,910735496.0,-0.029100445009535902,0.015640204364849124,-0.03433903806431976,0.021826683790007406,-0.01335149423678439,-0.005563624458966521,46.593165962095526,75.62594422075087,0,1,-0.008292091138430102,RELIANCE.NS,IN,Conglomerate
2025-10-24,5526.31,5707.59,5695.31,5700.77,11148003,5642.762000000001,5561.290999999999,5510.762000000001,5335.4544,5568.766279599,5495.040342573572,64.14168292827159,66.23070244970373,73.72593702542781,66.90061554392987,6.825321481497937,5510.762000000001,112.89712730490747,5736.556254609815,5284.967745390186,0.9207547271905205,0.08194665442266377,85.13214285714282,14743168.35,0.7561469813815848,921883499.0,0.03687879796508198,0.002154094973134785,0.031568985453217145,0.06808996974153847,0.0449487219437088,0.01772748939117763,98.2201965674538,77.78852845798463,0,0,-0.030190658454910535,RELIANCE.NS,IN,Conglomerate
2025-10-27,5681.72,5601.85,5556.96,5576.91,8820112,5622.755999999999,5583.603,5517.135,5353.647199999999,5570.019159660693,5501.104761642198,56.36444887863481,47.886475508588305,68.91439801849447,67.3033720388428,1.6110259796516715,5517.135,112.8514532938883,5742.837906587777,5291.432093412223,0.632419650466753,0.08181888120835756,93.3892857142857,14805976.7,0.5957129058758477,913063387.0,-0.02172688952545021,0.008049260253436451,-0.01844687876206183,0.04167514975372577,0.02338951637321207,-0.017620408177644986,66.68279268710413,70.49871840555114,0,0,-0.015453001751866258,RELIANCE.NS,IN,Conglomerate
2025-10-28,5542.65,5579.31,5501.03,5535.82,20167225,5594.861999999999,5597.142000000001,5520.4884999999995,5369.892999999999,5564.757750482124,5503.676260779814,57.65816527221117,37.09205327089128,61.08148970231014,66.05899557153626,-4.977505869226121,5520.4884999999995,112.33330608302545,5745.1551121660505,5295.8218878339485,0.5341205572373491,0.08139374338557549,93.71714285714286,15146549.7,1.3314731122248185,892896162.0,-0.007367879345372308,0.014140633185325121,-0.0012322625458938766,0.02507022588941976,0.012264228571428504,-0.024574955641033402,56.220400264662935,73.70779650640695,0,0,-0.027309413962159024,RELIANCE.NS,IN,Conglomerate
2025-10-29,5525.85,5476.38,5470.13,5472.91,10356428,5556.884,5592.968999999999,5515.2945,5384.8386,5550.627327331028,5501.397278499827,54.65254544721675,33.35417009376543,49.2300488312012,62.69320622346925,-13.463157392268045,5515.2945,111.99411720812326,5739.282734416246,5291.306265583754,0.4053867715175594,0.08122439678106236,91.88071428571422,14789917.3,0.7002356463321369,882539734.0,-0.011364170077784341,0.0011419884485582364,-0.00958042654071155,-0.007567130401984645,-0.018627203104294776,-0.03353288126015408,40.202169374038164,54.368454108601746,0,1,-0.007919004697683696,RELIANCE.NS,IN,Conglomerate
2025-10-30,5484.8,5484.95,5426.4,5452.42,10232716,5547.7660000000005,5585.334000000001,5508.567499999999,5398.3238,5535.518507741639,5497.769331944283,55.933706671616996,32.92092872219517,37.74917579735575,57.70440013824654,-19.955224340890794,5508.567499999999,111.50245967910283,5731.572419358205,5285.562580641794,0.37411152148131455,0.08096657410775665,91.38071428571428,14706164.5,0.695811290849406,872307018.0,-0.0037438949297540214,0.01073835104412159,-0.005903588098015279,-0.013809581516322833,-0.024081074502054767,-0.008292091138430102,32.665277814317456,43.02928248433952,1,0,0.010615469828076263,RELIANCE.NS,IN,Conglomerate
2025-10-31,5435.46,5555.59,5507.12,5528.66,20302700,5513.344,5578.053,5510.2675,5416.17,5534.463352704463,5500.057529578041,58.49353525737544,52.90603963212284,34.40582312642255,53.04468473588174,-18.63886160945919,5510.2675,111.53844316630769,5733.344386332616,5287.190613667384,0.5412245757546454,0.08096771575339134,94.69357142857143,14987528.8,1.3546395083731542,892609718.0,0.013982781957369239,0.00876704300861176,0.01714666283994044,-0.01299837364120493,0.0061878259983330075,-0.030190658454910535,43.72879225825145,38.86541314886902,1,0,0.013363093407805948,RELIANCE.NS,IN,Conglomerate
2025-11-03,5522.21,5490.91,5490.58,5490.73,8837162,5496.108,5559.432,5511.723,5432.854,5527.735144596085,5499.366601461148,54.42334822478247,21.030563830960958,28.368543134936772,48.10945641569275,-19.740913280755976,5511.723,111.05911816408734,5733.841236328175,5289.604763671825,0.4527436370207883,0.08059847576815261,93.10357142857141,15120930.55,0.5844323791016698,883772556.0,-0.00686061360257284,6.0101298005887585e-05,-0.005700616238787509,-0.03280112173107341,0.0053299204265400135,-0.015453001751866258,22.863946545269815,33.086005539279576,1,1,0.01278518521216676,RELIANCE.NS,IN,Conglomerate
2025-11-04,5447.94,5399.41,5372.82,5384.64,12323188,5465.872,5530.367,5508.2335,5446.725199999999,5505.7205069659185,5490.868334686247,43.58088090065178,22.114575779550393,14.852172279671322,41.45799958848846,-26.60582730881714,5508.2335,114.0111942000039,5736.255888400008,5280.211111599992,0.22898823473549615,0.08279329058942998,92.0442857142857,14866351.2,0.8289315249775934,871449368.0,-0.019321656683173094,0.0049381202828778165,-0.011619070694608907,-0.0512132419664898,-0.012795104163038085,-0.027309413962159024,3.5289902669031203,23.373909690141463,1,1,0.05250490283472975,RELIANCE.NS,IN,Conglomerate
2025-11-05,5403.17,5482.45,5387.26,5429.57,2517482,5457.204,5507.044,5510.1245,5457.5638,5494.005044355777,5486.32771730208,45.24631013992712,34.76003327691549,7.677327053696899,34.70186508153015,-27.024538027833252,5510.1245,112.27797236635732,5734.680444732715,5285.568555267285,0.32063601100339734,0.08150666821872148,96.2492857142857,14194489.2,0.17735628152393948,873966850.0,0.008344104712664002,0.017531775076107696,0.004886020613823875,-0.041186338913611675,0.007014420178977021,-0.007919004697683696,16.9433331342421,14.445423315471679,1,1,0.03474676631851148,RELIANCE.NS,IN,Conglomerate
2025-11-06,5379.41,5570.0,5462.53,5510.3,27700121,5468.78,5508.272999999999,5516.611,5468.479,5496.511960608735,5488.10344194637,45.66447599935325,55.10220790917285,8.408518662364258,29.443195797696973,-21.034677135332714,5516.611,108.06788489802189,5732.746769796044,5300.475230203956,0.4854003804959252,0.07835816946165125,100.58428571428574,13960966.85,1.9841117963752062,901666971.0,0.0148685807531721,0.01950347530987074,0.024331664624926523,0.0022353542463546816,0.024110828406655793,0.010615469828076263,41.04615752062752,20.506160307257577,0,1,-0.0011941273614866077,RELIANCE.NS,IN,Conglomerate
2025-11-07,5493.96,5612.83,5594.31,5602.54,8788040,5483.556,5498.45,5529.8705,5479.1276,5512.823966668929,5496.5802240244175,46.51750608500282,67.13072850100423,16.243742644511258,26.80330516705983,-10.559562522548571,5529.8705,100.95014071451097,5731.770781429022,5327.970218570978,0.6799638402803988,0.07302170328545127,100.3157142857143,13519405.9,0.6500314743836876,910455011.0,0.01673956045950309,0.003305643511692236,0.019763522122472708,-0.01723100563608082,0.0496857054530806,0.013363093407805948,68.62024673636041,42.203245797076676,0,1,-0.010325673712280548,RELIANCE.NS,IN,Conglomerate
2025-11-10,5604.72,5681.49,5464.47,5560.93,8791134,5497.596,5496.852,5540.2275,5489.3394,5520.224894873709,5501.346874096684,44.84009529309848,53.998463559091086,18.878020777025085,25.21824828905288,-6.340227512027795,5540.2275,92.1790843884917,5724.585668776984,5355.869331223016,0.556147498472085,0.06655256260756459,113.58214285714283,12950721.25,0.6788141873709013,901663877.0,-0.007426988473085316,0.03902584639618921,-0.007813057565764597,-0.0028653860291809607,0.038690348332676594,0.01278518521216676,56.19081757607863,55.285740611022185,1,0,0.016763383103185925,RELIANCE.NS,IN,Conglomerate
2025-11-11,5555.73,5741.17,5608.31,5667.36,13288570,5554.14,5510.005999999999,5553.5740000000005,5499.5262,5542.861064893137,5513.644142682116,50.18966808085847,68.70961591424283,29.216922211021483,26.017983073446604,3.198939137574879,5553.5740000000005,90.17510412651082,5733.924208253022,5373.223791746979,0.8154584657854907,0.0649492410663795,125.43571428571424,12060181.0,1.1018548476299943,914952447.0,0.019138885042609743,0.02344301403122022,0.02009276908704707,0.023761610746014128,0.04942754558433293,0.05250490283472975,79.96199266979777,68.25768566074561,0,0,-0.00043230004799410526,RELIANCE.NS,IN,Conglomerate
2025-11-12,5707.56,5681.1,5567.93,5618.23,8131674,5591.872,5524.5380000000005,5558.753500000001,5507.621000000001,5554.456285678809,5521.391243224181,55.53274916240194,78.13862721950514,33.06504245462747,27.427394949682785,5.637647504944688,5558.753500000001,90.79399361519198,5740.341487230385,5377.165512769617,0.6637677164290504,0.06533406715385069,119.01928571428569,11419913.5,0.712060847741023,906820773.0,-0.008668939329776193,0.020143354757633618,-0.015651171428769067,0.02655260181512209,0.018784544412690396,0.03474676631851148,66.62413465435954,67.59231496674532,0,1,-0.0020914060122138034,RELIANCE.NS,IN,Conglomerate
2025-11-13,5632.04,5553.26,5464.1,5503.72,9430117,5590.556,5529.668,5557.501,5510.5396,5546.650703266684,5520.082262244612,40.12963463869601,57.649850407510655,26.568441022071966,27.255604164160626,-0.6871631420886608,5557.501,91.40014308992451,5740.301286179849,5374.700713820152,0.35289683860932186,0.06578506641017814,115.05857142857134,11302997.55,0.8343022392053655,897390656.0,-0.020381864039029973,0.01619995203244054,-0.022783929091408604,0.009408666243613029,-0.004530845016160967,-0.0011941273614866077,35.53685353594273,60.70766028670001,1,1,0.02020088231232675,RELIANCE.NS,IN,Conglomerate
2025-11-14,5480.11,5554.46,5536.88,5544.69,6294126,5578.986,5531.271,5554.662,5513.7752,5546.349056610271,5521.9050576339005,48.239921337266445,53.86500033716196,24.443998976370494,26.6932831266026,-2.249284150232107,5554.662,90.84265961723239,5736.347319234465,5372.976680765535,0.472556946145978,0.06541723663273569,108.41071428571415,11183554.1,0.5628018947212948,903684782.0,0.007444056020291523,0.0031706010615556064,0.011784434983967137,0.0028994367532095833,-0.010136624850262677,-0.010325673712280548,46.659427175114196,49.606805121805486,1,1,0.012094454333786198,RELIANCE.NS,IN,Conglomerate
2025-11-17,5548.02,5671.09,5640.61,5654.15,3155285,5597.629999999999,5547.612999999999,5553.5225,5518.8988,5562.933817131768,5531.700979290648,56.01472038386859,55.58416827162363,31.232837841119363,27.601194069505958,3.6316437716134047,5553.5225,89.35893645862484,5732.240372917249,5374.804627082751,0.7815261237073112,0.0643619875195309,111.84785714285701,11092732.15,0.28444612859004903,906840067.0,0.01974141025016718,0.005390730702226698,0.019129347046330052,0.029762891273109382,-0.004014486677682005,0.016763383103185925,76.37572960478781,52.85733677194825,1,0,0.0051201329996553024,RELIANCE.NS,IN,Conglomerate
2025-11-18,5704.73,5671.66,5659.5,5664.91,14653675,5597.139999999999,5575.639999999999,5553.003500000001,5522.863399999999,5578.622460649958,5541.568314158008,60.30573686018554,62.05537262904048,37.05414649194972,29.491784553994716,7.562361937955007,5553.003500000001,88.64174935789046,5730.286998715782,5375.7200012842195,0.8156145405799744,0.06385139095113095,108.40642857142848,11494101.35,1.274886420338862,921493742.0,0.0019030269801827426,0.0021465477827534254,-0.006980172593618406,0.05204990491472028,-0.0018289814264997872,-0.00043230004799410526,79.29686439506092,67.44400705832098,0,0,-0.014012579193667718,RELIANCE.NS,IN,Conglomerate
2025-11-19,5698.67,5621.05,5594.83,5606.48,12226590,5594.789999999999,5593.331,5550.1875,5527.2788,5582.90823593458,5546.376587183341,57.94566047077755,42.05761102123881,36.53164875123912,30.899757393443597,5.631891357795521,5550.1875,85.81979356256801,5721.827087125136,5378.547912874864,0.6639846055977017,0.06185001394100837,109.22999999999989,11774748.1,1.0383737178739545,909267152.0,-0.010314373926505471,0.0046767312110264515,-0.016177458950945453,0.032582690710313944,-0.009945609945610001,-0.0020914060122138034,63.4342337449071,73.03560924825194,1,1,0.005573907335797212,RELIANCE.NS,IN,Conglomerate
2025-11-20,5603.22,5704.54,5543.19,5614.9,19676727,5617.026,5603.791,5556.032,5531.934,5587.830045790799,5551.452395540131,54.78239652189343,49.51393957086558,36.37765025066801,31.995335964888483,4.382314285779529,5556.032,86.05926810858307,5728.1505362171665,5383.913463782834,0.6710100529935172,0.06195735957501158,113.3857142857142,11842053.75,1.6615973676358826,928943879.0,0.001501833592557178,0.028736041603585394,0.002084515689192517,0.018982632524544796,0.02126041967912018,0.02020088231232675,65.72010316257432,69.48373376751412,1,0,0.005841600028495542,RELIANCE.NS,IN,Conglomerate
2025-11-21,5630.7,5685.16,5553.03,5611.75,7016120,5630.438,5604.712,5551.581,5532.3474,5591.510038746061,5555.9188847593805,56.98036591837211,73.36389982265668,35.59115398668018,32.714499569246826,2.8766544174333575,5551.581,80.28794685063386,5712.156893701268,5391.005106298732,0.6873537758763769,0.05784870785501966,120.10357142857136,11635459.6,0.6029946077080954,921927759.0,-0.000561007319809681,0.023545239898423227,-0.0033654785373037903,0.0016438972323267187,-0.015615434406229367,0.012094454333786198,64.8649382379127,64.67309171513138,1,1,0.01992604802423492,RELIANCE.NS,IN,Conglomerate
2025-11-24,5624.49,5751.93,5628.03,5683.1,15464878,5636.228,5616.929,5556.8904999999995,5535.98,5605.600802015897,5565.339708110539,67.93371148392063,76.45754482547702,40.26109390535839,34.22381843646914,6.037275468889256,5556.8904999999995,85.39962008275992,5727.68974016552,5386.091259834479,0.8694673930540405,0.061472955123189635,121.69428571428567,11967697.9,1.2922181723672876,937392637.0,0.012714393905644439,0.02180148158575051,0.01042050034758532,0.021969346853853544,0.01904101016512727,0.0051201329996553024,81.12540104729999,70.57014748259567,1,0,0.00851471907937551,RELIANCE.NS,IN,Conglomerate
2025-11-25,5714.68,5585.91,5585.23,5585.53,19042124,5620.352000000001,5608.746,5559.376,5537.6868,5602.512986321143,5566.835285287535,58.813689588136896,36.25841076578028,35.67770103360817,34.514594955896946,1.1631060777112268,5559.376,85.47745405424486,5730.33090810849,5388.4210918915105,0.5764938552768122,0.0615014735856898,121.69857142857147,11911442.85,1.5986411252738266,918350513.0,-0.017168446798402348,0.00012174314702457408,-0.022599690621343264,-0.014438821603003804,0.008979699484448656,-0.014012579193667718,42.5017277123617,62.830688999191466,1,1,0.010838720765979248,RELIANCE.NS,IN,Conglomerate
2025-11-26,5610.26,5682.33,5602.05,5637.73,20200042,5626.602000000001,5610.695999999999,5567.617,5541.942800000001,5607.930988425583,5572.086745636607,57.441341695572426,45.331821929101366,35.84424278897586,34.78052452251273,1.063718266463134,5567.617,84.64358912532398,5736.904178250648,5398.329821749352,0.7070830192924663,0.06081135906101936,118.5821428571429,12403623.55,1.6285596132462747,938550555.0,0.009345576874531192,0.014239773809669053,0.0048963862637372325,0.003470844020269759,0.030115605774624354,0.005573907335797212,60.32380224417052,61.3169770012774,1,1,0.005984678230422702,RELIANCE.NS,IN,Conglomerate
2025-11-27,5679.13,5704.93,5601.91,5647.7,7942416,5633.161999999999,5625.093999999999,5577.380999999999,5545.875,5614.04929789857,5577.687727441303,52.91746343480283,58.49336520234075,36.36157045726759,35.0967337094637,1.2648367478038907,5577.380999999999,81.87359659876162,5741.128193197523,5413.633806802476,0.7147181842514455,0.05871830997290447,118.61714285714295,12289108.55,0.6462971110872715,946492971.0,0.0017684422631094598,0.018241053880337515,-0.005534298387252053,0.026160487815513722,0.03581528935775302,0.005841600028495542,63.78765243350646,55.53772746334622,1,0,0.008637144324238122,RELIANCE.NS,IN,Conglomerate
2025-11-28,5630.4,5770.55,5685.98,5723.57,17446022,5655.526,5642.982,5587.1265,5550.105,5630.898636683405,5588.49382170491,60.06161688649127,67.52120215407433,42.40481497849487,36.55834996326993,5.846465015224936,5587.1265,87.19621643630131,5761.518932872603,5412.734067127398,0.8911967329992557,0.06242652027748836,111.89071428571444,12146274.65,1.4363268628766876,963938993.0,0.013433787205411107,0.014775743111377311,0.016547669792551775,0.03226149703590275,0.0352544739593319,0.01992604802423492,84.66960352395262,69.59368606720987,1,0,0.004109323376843443,RELIANCE.NS,IN,Conglomerate
2025-12-01,5718.96,5814.84,5664.81,5731.49,16789644,5665.204,5650.715999999999,5599.164500000001,5553.6784,5646.374231039804,5599.086131208251,54.51804258077244,69.0135924796747,47.288099831553154,38.70429993692658,8.583799894626573,5599.164500000001,89.76891065845909,5778.702321316919,5419.626678683083,0.8685170596048151,0.06413021846987556,109.73285714285728,12543898.75,1.3384708371892082,980728637.0,0.0013837517493453522,0.026176439285416804,0.0021909577965220166,0.01367844857317202,0.04384845002394955,0.00851471907937551,76.23595825946207,74.89773807230705,0,0,-0.014022531662796212,RELIANCE.NS,IN,Conglomerate
2025-12-02,5756.72,5691.6,5609.65,5646.07,9990641,5677.312,5648.832,5612.236,5552.975,5646.32742626445,5602.566417785418,51.86595174262735,44.371485028119686,43.76100847903217,39.7156416453477,4.045366833684469,5612.236,74.64751262480017,5761.5310252496,5462.9409747504,0.613312549908548,0.053203402440515205,110.35214285714301,12427271.4,0.803928704419483,970737996.0,-0.014903628899291421,0.014514520719719417,-0.019221014744504043,-0.00332573686077986,0.048551063766565594,0.010838720765979248,51.88173575853357,70.92909918064942,1,1,0.05435816417437267,RELIANCE.NS,IN,Conglomerate
2025-12-03,5642.61,5696.66,5651.32,5671.47,31774337,5684.06,5655.331,5624.331,5552.0296,5650.195514531458,5607.670386838349,62.76850005328135,66.73416932782933,42.525127693108516,40.277538854899866,2.2475888382086495,5624.331,62.02240273538116,5748.375805470762,5500.286194529238,0.6900079564815834,0.04411006588009849,102.95642857142879,13890114.15,2.287550294354471,1002512333.0,0.004498704408553378,0.007994400040905117,0.005114654388659763,0.011591943608110666,0.04455233103173928,0.005984678230422702,48.42063606256869,58.846110026854774,1,0,0.05159685231518463,RELIANCE.NS,IN,Conglomerate
2025-12-04,5648.75,5711.57,5684.41,5696.48,9023102,5693.816000000001,5663.489,5633.639999999999,5554.5109999999995,5657.316204603541,5614.248876702175,61.84138673490083,62.79454680081884,43.0673279013663,40.83549666419316,2.2318312371731395,5633.639999999999,57.83736271937942,5749.314725438759,5517.96527456124,0.77162372662167,0.04106571432989636,102.19642857142877,12956263.2,0.6964277557723777,1011535435.0,0.004409791464999202,0.004767856641293411,0.008449657003760321,0.014529199095264289,0.033787634067110606,0.008637144324238122,56.4292287868343,52.24386686931218,1,1,0.045147178608544225,RELIANCE.NS,IN,Conglomerate
2025-12-05,5693.54,5774.47,5725.2,5747.09,8899335,5698.5199999999995,5677.022999999999,5640.8675,5560.341799999999,5671.127557741458,5624.088959909422,57.98343870258386,68.38989009362398,47.03859783203643,42.076116897761814,4.962480934274616,5640.8675,62.58342111695035,5766.034342233901,5515.7006577660995,0.9243236391654601,0.044378579086950205,98.73857142857163,12961827.95,0.6865801912931431,1020434770.0,0.008884433896020116,0.008573034353036382,0.009405396291233709,0.02411725397603237,0.025800797495421746,0.004109323376843443,75.05981962055938,59.96989482332078,1,1,0.05433706449698894,RELIANCE.NS,IN,Conglomerate
2025-12-08,5754.41,5657.74,5645.83,5651.12,12134338,5682.446,5673.825,5645.3769999999995,5564.375199999999,5668.049471935081,5626.09125917539,48.96671612042741,37.52281886129584,41.95821275969047,42.052536070147546,-0.09432331045707798,5645.3769999999995,59.70339204871565,5764.783784097431,5525.970215902568,0.5240480473655094,0.04230250135550206,104.7207142857145,13128988.15,0.9242400813470091,1008300432.0,-0.016698885870936486,0.0021075468225763647,-0.017949711612481906,-0.005627210501310986,0.01621851021321974,-0.014022531662796212,39.73127185702292,57.07344008813885,1,1,0.06041280312575226,RELIANCE.NS,IN,Conglomerate
2025-12-09,5612.96,6008.02,5908.95,5952.98,14453190,5743.8279999999995,5710.57,5659.657999999999,5574.0598,5711.884937791222,5650.305239977213,69.02341004919182,68.95442175706434,61.579697814008796,45.9579684189198,15.621729395088998,5659.657999999999,91.12825534444711,5841.914510688894,5477.401489311105,1.304695532933214,0.06440548552186792,125.20785714285739,13187219.15,1.0959997509406862,1022753622.0,0.05341596002208404,0.016642085140548765,0.060577663122477074,0.06578605790318903,0.05039736314615628,0.05435816417437267,88.1591119332052,67.65006780359583,1,1,0.01995471175780894,RELIANCE.NS,IN,Conglomerate
2025-12-10,6000.43,6020.78,5918.75,5964.1,12664612,5802.353999999999,5743.207,5676.9515,5581.806,5750.687255054111,5673.549296275199,69.11497449147161,81.18124595564444,77.13795877891243,52.193966490918335,24.9439922879941,5676.9515,113.03706165756233,5903.025623315125,5450.877376684875,1.13507600026963,0.07964631133983968,120.9707142857145,13413866.05,0.9441432476401351,1035418234.0,0.0018679720072973804,0.017107359031535794,-0.006054566089429236,0.05789032110441639,0.06156209339952268,0.05159685231518463,87.88241582022913,71.92426653681908,0,1,-0.0046444559950370445,RELIANCE.NS,IN,Conglomerate
2025-12-11,5984.06,5960.6,5948.11,5953.66,4542082,5853.79,5773.803,5699.4484999999995,5589.1399999999985,5781.913831199632,5694.2982372918505,68.56773576913463,78.50346457647309,87.61559390778166,59.278291974291,28.337301933490657,5699.4484999999995,121.22321951788376,5941.894939035767,5457.002060964232,1.02426321667169,0.0850771575655871,112.67500000000025,13169464.3,0.34489494421614825,1030876152.0,-0.0017504736674436305,0.002097869209863948,-0.00508016296627966,0.054174265630256624,0.08175197866170514,0.045147178608544225,84.58959935694048,86.87704237012493,0,1,-0.009782217996996745,RELIANCE.NS,IN,Conglomerate
2025-12-12,5992.04,6064.53,6055.24,6059.37,9758373,5916.246000000001,5807.383,5725.1825,5600.434200000001,5824.599395630458,5721.340590085047,69.69855612677597,81.5167358565944,103.25880554541163,68.07439468851514,35.18441085689649,5725.1825,139.84104279979437,6004.864585599588,5445.5004144004115,1.0974417333210031,0.09770241755596071,110.58142857142879,13342676.65,0.7313654167460157,1040634525.0,0.017755464705744073,0.0015331626885300668,0.011236573854645278,0.05866967644319887,0.09282394507177139,0.05433706449698894,98.92343000188,90.46514839301653,0,0,-0.023716987079514862,RELIANCE.NS,IN,Conglomerate
2025-12-15,6039.74,6107.62,5900.44,5992.52,8818867,5984.526,5833.486,5742.101,5611.0522,5850.433334764234,5741.427953782451,72.01492940985558,70.73063603344877,109.00538098178276,76.26059194716868,32.74478903461409,5742.101,150.83170087365377,6043.764401747308,5440.437598252692,0.9150636082279088,0.10507074039528577,118.38928571428589,13625855.75,0.6472155961862729,1031815658.0,-0.01103250007839085,0.034573101132739766,-0.007818217340480141,0.045543131018286775,0.05984453896695352,0.06041280312575226,77.23992011216471,86.91764982366173,0,0,-0.0305163770834308,RELIANCE.NS,IN,Conglomerate
2025-12-16,5941.96,6243.87,5934.09,6071.77,6571224,6008.284,5876.056,5762.4439999999995,5623.399,5884.485129415891,5765.897734983751,72.81059491276015,86.56363541539908,118.58739443213926,84.7259524441628,33.86144198797646,5762.4439999999995,166.4964491292536,6095.4368982585065,5429.4511017414925,0.9644633588535308,0.11557349564124154,133.602142857143,13221733.2,0.4970016716869108,1038386882.0,0.01322482027594396,0.05101971912637479,0.021846326801253885,0.07539757742996467,0.0718210880667125,0.01995471175780894,73.19147610431625,83.1182754061203,0,0,-0.07620347938080663,RELIANCE.NS,IN,Conglomerate
2025-12-17,6059.19,5939.79,5933.68,5936.4,11146009,6002.744000000001,5902.549,5778.9400000000005,5634.292,5892.472032582677,5778.527532392362,63.40546062407129,47.971815824240366,113.9445001903141,90.56966199339307,23.374838196921033,5778.9400000000005,166.5744411114672,6112.088882222935,5445.791117777066,0.7363207688835867,0.11529757437276633,136.10714285714297,13167704.15,0.8464655665531818,1027240873.0,-0.022294981529274116,0.0010292433124450245,-0.0202650849370922,0.04671275701008715,0.05884619226323817,-0.0046444559950370445,51.51997729486372,67.31712450378156,0,0,-0.06804629068122092,RELIANCE.NS,IN,Conglomerate
2025-12-18,5953.17,5922.73,5873.57,5895.42,10566959,5991.0960000000005,5922.442999999999,5792.966,5644.589,5892.925566031496,5787.1862336966315,58.246873530343315,42.17054263565888,105.73933233486423,93.60359606168731,12.135736273176917,5792.966,163.82239090589576,6120.610781811792,5465.321218188209,0.6563492014626314,0.11311814425002138,131.8200000000001,12712215.75,0.8312444011781029,1016673914.0,-0.006903173640590232,0.008338676464101203,-0.009700714073340807,0.03492332106844942,0.04995992804858518,-0.009782217996996745,45.058497051425334,56.58998348353509,0,0,-0.050150795023933825,RELIANCE.NS,IN,Conglomerate
2025-12-19,5939.75,5953.55,5885.34,5915.66,8818559,5962.353999999999,5939.3,5808.1615,5656.1552,5896.423171257419,5796.702808978363,58.734811189209175,45.762711864406775,99.72036227905664,94.8269493051612,4.893412973895451,5808.1615,160.1831606327025,6128.527821265405,5487.7951787345955,0.6677743459030385,0.11031591365541382,125.9757142857144,12802337.7,0.688824066184095,1025492473.0,0.0034331735482797665,0.01153041249834989,-0.004055726251104186,0.029331365960860056,0.05415601193923458,-0.023716987079514862,48.2498186748317,48.27609767370691,0,0,-0.06951717982439831,RELIANCE.NS,IN,Conglomerate
2025-12-22,5929.74,5831.27,5792.35,5809.65,4911506,5925.780000000001,5955.153,5814.489,5665.2724,5883.073452602432,5797.661860165151,57.60964626635157,22.17294406061953,85.41159243728089,92.94387793158515,-7.532285494304261,5814.489,157.4593257053962,6129.407651410792,5499.570348589207,0.4923170635038379,0.10832203875894793,126.08071428571436,12274669.1,0.400133442282901,1020580967.0,-0.017920232062018426,0.0066991987469113235,-0.020252152708209785,0.02805284616146886,0.022267776389646388,-0.0305163770834308,27.392816533965252,40.23371075340742,0,0,-0.060113776217155857,RELIANCE.NS,IN,Conglomerate
2025-12-23,5811.02,5628.15,5593.83,5609.08,19192545,5833.242,5920.763000000001,5815.6665,5669.4454000000005,5840.92061374052,5783.6928334862505,47.50438003504026,17.0821743758799,57.22778025426942,85.80065839612202,-28.5728781418526,5815.6665,155.73564802597934,6127.1377960519585,5504.195203948042,0.16836992265620057,0.107114565820411,137.88285714285718,12282190.15,1.5626320064233814,1001388422.0,-0.03452359436454855,0.0061186504738733605,-0.03475121407256656,-0.057769386088983965,0.004216251635923651,-0.07620347938080663,2.3460094763363086,25.996214895044414,0,0,-0.019220620850478043,RELIANCE.NS,IN,Conglomerate
2025-12-24,5605.38,5606.01,5473.59,5532.45,24125007,5752.451999999999,5877.598,5810.4025,5669.801599999999,5793.463596241979,5765.082253228009,43.69895744501043,3.4908589168678503,28.381343013969854,74.3167953196916,-45.93545230572174,5810.4025,163.64503356114898,6137.692567122298,5483.112432877702,0.07537284518901435,0.11265659035574264,144.69642857142864,12478438.4,1.9333352694728796,977263415.0,-0.013661776975903428,0.02393514627334655,-0.013010714706226388,-0.07237470867356355,-0.018674182694098485,-0.06804629068122092,7.6413771615416834,12.460067723947738,0,0,-0.01065170042205521,RELIANCE.NS,IN,Conglomerate
2025-12-25,5543.37,5682.57,5533.51,5599.76,25499168,5693.32,5842.2080000000005,5808.0055,5671.2214,5763.663042973983,5752.836160396304,44.41216405852949,17.108297182162858,10.826882577678589,61.618812771288994,-50.791930193610405,5808.0055,166.48020117709612,6140.965902354193,5475.045097645808,0.18728188317921585,0.11465567735916746,149.84857142857143,13356276.0,1.909152378316203,1002762583.0,0.012166400057840532,0.026618997957050455,0.01017251238867154,-0.05944242701128377,-0.008488411211643565,-0.050150795023933825,16.37975801005301,8.789048215976992,0,0,-0.022890266725716812,RELIANCE.NS,IN,Conglomerate
2025-12-26,5594.91,5512.15,5498.24,5504.42,12693829,5611.072,5786.713000000001,5797.048,5669.2804,5723.779497901061,5734.434963329911,44.433398093619104,15.465465465465485,-10.655465428849311,47.163957131261334,-57.819422560110645,5797.048,179.0664322947095,6155.180864589419,5438.915135410581,0.09145329997070488,0.12355697747866062,149.86714285714288,13118666.35,0.967615738804445,990068754.0,-0.017025729674128964,0.0025270600717236923,-0.016173629245150253,-0.09158542884821352,-0.038289039882450915,-0.06951717982439831,4.002440670919654,9.341191947504774,1,0,0.011132871401528188,RELIANCE.NS,IN,Conglomerate
2025-12-29,5530.15,5575.02,5368.72,5460.41,11169798,5541.224,5733.5019999999995,5783.494,5664.949799999999,5683.26111360859,5714.136817898066,26.76183916288467,11.410988861952688,-30.875704289475834,31.5560248471139,-62.43172913658974,5783.494,193.93216796769534,6171.358335935391,5395.629664064609,0.0835090132469649,0.13412803261672748,139.10999999999999,12837674.05,0.8700795086724056,978898956.0,-0.007995392793427869,0.03778104574564225,-0.012610869506249772,-0.08879569863763503,-0.04729660175626227,-0.060113776217155857,10.47706107523223,10.286419918734955,1,1,0.0006556284235066379,RELIANCE.NS,IN,Conglomerate
2025-12-30,5448.89,5565.83,5449.61,5501.27,12304324,5519.662,5676.452,5776.254,5661.469400000001,5655.2624807457305,5698.368905461172,28.760887322521768,20.614804085988865,-43.10642471544179,16.62353493460276,-59.72995965004455,5776.254,201.87290270448514,6179.99980540897,5372.50819459103,0.1594590007918266,0.13979503166200805,140.12357142857147,12953358.2,0.9498944490013063,991203280.0,0.00748295457667103,0.021126030898316044,0.009612967044662397,-0.093959422046619,-0.025646157415688986,-0.019220620850478043,15.145974975701169,9.875158907284343,1,1,0.0043389980858965504,RELIANCE.NS,IN,Conglomerate
2025-12-31,5506.99,5521.98,5434.75,5473.52,10062767,5507.876,5630.164,5766.3565,5657.6838,5627.3020990925415,5681.713430982567,28.311108701937016,30.73884626314309,-54.411331890025394,2.4165615696771234,-56.827893459702516,5766.3565,211.88498444791293,6190.126468895825,5342.586531104174,0.15448648855041766,0.14698014904064707,145.21214285714282,11867779.7,0.847906382361784,981140513.0,-0.005044289773088795,0.01593672810184006,-0.00607773030275945,-0.07797318240010764,-0.03490276771277989,-0.01065170042205521,11.975089984560416,12.532708678497928,1,0,0.011243221912041967,RELIANCE.NS,IN,Conglomerate
2026-01-01,5459.82,5495.23,5452.67,5471.58,7094680,5482.24,5587.780000000001,5755.111500000001,5657.1552,5603.344853078304,5666.147991650525,20.701617968119194,39.02095883986878,-62.80313857222063,-10.627378458702433,-52.1757601135182,5755.111500000001,221.53663653948757,6198.184773078976,5312.038226921026,0.18003994234420534,0.1539755652271543,140.33285714285708,11771358.6,0.6027069294527372,974045833.0,-0.0003544337099344874,0.007778374802158007,0.0021539171621038906,-0.07189309667504606,-0.0394805213043844,-0.022890266725716812,11.753413700495022,12.958159553585526,1,1,0.0017289338728483372,RELIANCE.NS,IN,Conglomerate
2026-01-02,5448.49,5610.87,5529.56,5565.7,12290866,5494.496000000001,5552.784,5746.042,5654.4538,5597.5533372201035,5658.707399676412,29.288223762107194,44.39839484244453,-61.154062456308566,-20.732715258223664,-40.4213471980849,5746.042,225.55876822266006,6197.159536445321,5294.92446355468,0.30011639381019733,0.15701853082356224,135.48357142857134,11940935.15,1.0293050599722033,986336699.0,0.01720161269688103,0.01460912374004795,0.021512382329779173,-0.059158234246052044,-0.031562060103461076,0.011132871401528188,22.50814146143799,15.412215048831134,0,0,-0.024264692671182475,RELIANCE.NS,IN,Conglomerate
2026-01-05,5543.23,5535.88,5406.48,5463.99,17374327,5495.212,5518.218,5736.6855,5652.1954000000005,5577.005131493934,5644.283888589271,21.136165039322236,43.48722574825218,-67.27875709533691,-30.04192362564632,-37.236833469690595,5736.6855,233.4467890790836,6203.579078158167,5269.791921841832,0.20796824720104864,0.16277468170708898,124.72928571428565,12202934.6,1.4237825691713066,968962372.0,-0.018274430889196336,0.02368232738346462,-0.014294914697745806,-0.05949756009398155,-0.03311378983281188,0.0006556284235066379,16.290203990875405,16.850586384269462,1,1,0.002576871480365117,RELIANCE.NS,IN,Conglomerate
2026-01-06,5424.68,5538.77,5514.24,5525.14,8592585,5499.986,5509.8240000000005,5715.2935,5651.9818000000005,5569.025880494867,5635.4584153604355,28.98775827185227,59.88153756907767,-66.43253486556841,-37.32004587363074,-29.112488991937674,5715.2935,232.18260711133848,6179.658714222676,5250.928285777323,0.2952543664165264,0.16249916621870608,120.20714285714283,11909904.35,0.721465431293289,977554957.0,0.011191455328432243,0.004439706505173844,0.01851906471902149,-0.014965021001661527,-0.07186988701457075,0.0043389980858965504,26.746233948281148,21.848193133531506,0,0,-0.01881943262976149,RELIANCE.NS,IN,Conglomerate
2026-01-07,5546.86,5569.85,5507.23,5535.06,20504329,5512.294,5510.085,5693.8415,5653.2248,5563.800360418734,5628.021495704106,30.98484528684206,55.696415927711634,-64.22113528537193,-42.70026375597898,-21.52087152939295,5693.8415,227.7628235289071,6149.367147057815,5238.315852942186,0.3257161797300805,0.1600064375018989,120.1921428571429,12301890.2,1.6667623430127558,998059286.0,0.0017954296180731077,0.011313337163461548,-0.0021273296964403545,0.00047176205840093743,-0.07193709025670258,0.011243221912041967,28.442453362467,23.826297100541172,0,0,-0.04228319114878609,RELIANCE.NS,IN,Conglomerate
2026-01-08,5570.27,5498.83,5466.8,5481.04,10276791,5514.186,5498.213,5670.2105,5653.7972,5551.0679972773905,5617.133977503801,27.855789023172463,51.16459146379228,-66.06598022641083,-47.37340705006535,-18.692573176345476,5670.2105,223.8717341993822,6117.953968398764,5222.467031601236,0.28875124557728654,0.15792834089622773,120.19571428571433,12588625.65,0.8163552137754438,987782495.0,-0.009759605135265081,0.005843781472128264,-0.016018972150359755,-0.02120090861036905,-0.07938310215900801,0.0017289338728483372,24.282780239921486,26.490489183556534,0,0,-0.030443127581626817,RELIANCE.NS,IN,Conglomerate
2026-01-09,5446.26,5463.69,5404.22,5430.65,9004613,5487.176,5490.836,5638.7744999999995,5651.837,5532.542151542408,5603.320349540557,29.529447349090503,44.48843284587001,-70.77819799814915,-52.05436523968212,-18.723832758467033,5638.7744999999995,210.06667975159613,6058.9078595031915,5218.641140496808,0.25231138483461585,0.1490158400564227,116.87500000000007,12550937.65,0.7174453840550005,978777882.0,-0.009193510720593268,0.010950806993635825,-0.0028661870714945144,-0.013401956972760143,-0.10375996184421821,-0.024264692671182475,19.732356221061707,24.152529941150053,0,0,-0.053643670647160024,RELIANCE.NS,IN,Conglomerate
2026-01-12,5418.37,5493.85,5465.45,5478.07,5119895,5489.992,5492.602000000001,5613.052000000001,5651.5838,5524.161820535884,5594.042545870887,41.52115665894355,36.50226425556827,-69.88072533500326,-55.619637258746366,-14.261088076256897,5613.052000000001,195.46022698403095,6003.972453968063,5222.131546031938,0.3273536231857593,0.13928980311174474,105.97357142857156,12365989.05,0.41403033475673867,983897777.0,0.008731919751779227,0.005184307611986586,0.011018073701129453,0.0032341893740579497,-0.08584869136857298,0.002576871480365117,34.84148478561454,26.28554041553257,0,0,-0.06554863300395941,RELIANCE.NS,IN,Conglomerate
2026-01-13,5495.46,5441.37,5404.99,5421.16,14288729,5469.196,5484.590999999999,5580.521500000001,5652.314200000001,5508.315386607286,5581.236431361933,42.608753403732514,42.346592330510035,-72.92104475464657,-59.07991875792641,-13.841125996720166,5580.521500000001,167.19433600569565,5914.910172011392,5246.132827988609,0.2617121730803822,0.11984137038494752,101.51571428571444,12751864.3,1.12052069747004,969609048.0,-0.010388695288669147,0.006710740874645536,-0.013520251261948345,-0.01456209202602321,-0.10715326832208738,-0.01881943262976149,16.708618766873542,23.760819924516586,0,0,-0.07925794479410309,RELIANCE.NS,IN,Conglomerate
2026-01-14,5393.23,5329.84,5277.97,5301.02,9387670,5422.388,5467.341,5548.7525,5649.743200000001,5476.423788667704,5560.479658668457,31.460381292821026,16.924439197166507,-84.0558700007532,-64.07510900649177,-19.98076099426143,5548.7525,156.00458299194437,5860.761665983889,5236.743334016111,0.10300445145753485,0.11246101388873726,101.02071428571442,12663947.35,0.7412909260641449,960221378.0,-0.02216130864980914,0.009784909319336675,-0.01709736095067001,-0.031515368537979205,-0.1070311973586684,-0.04228319114878609,6.924001201541294,19.491368251343115,0,0,-0.040165854873213114,RELIANCE.NS,IN,Conglomerate
2026-01-15,5290.95,5327.94,5303.17,5314.18,10601181,5389.016,5451.601000000001,5519.6905,5645.8207999999995,5451.463205795749,5542.235239507831,36.85279889426404,17.711378786106863,-90.7720337120818,-69.41449394760978,-21.35753976447201,5519.6905,141.48927310936517,5802.66904621873,5236.71195378127,0.13687971624307235,0.10253420774903188,95.6921428571429,12665658.45,0.8370018980732977,970822559.0,0.0024825410958644323,0.004661114226464829,0.004390515880890214,-0.02876682786324969,-0.09859178820168868,-0.030443127581626817,10.877140282334427,11.503253416916413,0,0,-0.04341027213982218,RELIANCE.NS,IN,Conglomerate
2026-01-16,5328.8,5238.09,5060.33,5139.33,11707653,5330.752,5408.964,5480.874,5636.5566,5403.442712596403,5512.390406951695,31.20888639183468,13.087908051936807,-108.94769435529179,-77.3211340291462,-31.626560326145594,5480.874,133.39946446675194,5747.6729289335035,5214.075071066496,-0.14007753210468354,0.097356344602505,99.08857142857148,12810113.15,0.913938225913467,959114906.0,-0.03290253623324768,0.03458816616173035,-0.03555584747034317,-0.07660671613633507,-0.1312330323243729,-0.053643670647160024,14.34954771676109,10.716896400212262,0,0,-0.04571607583089621,RELIANCE.NS,IN,Conglomerate
2026-01-19,5147.57,5134.12,5106.88,5118.99,14058000,5258.936,5374.464,5446.340999999999,5627.7178,5359.680756812341,5483.2496360663845,27.076587273032544,13.996580564668903,-123.56887925404317,-86.5706830741256,-36.99819617991757,5446.340999999999,133.205171145928,5712.7513422918555,5179.930657708143,-0.11437367105153132,0.09783094458896612,93.10500000000002,13267437.85,1.0595865682094325,945056906.0,-0.003957714332412987,0.005321362221843461,-0.005552134308031629,-0.06314067192655914,-0.11888151609821584,-0.06554863300395941,10.654993279306373,11.960560426133954,0,0,-0.04849980171869828,RELIANCE.NS,IN,Conglomerate
2026-01-20,5082.54,5133.08,4878.22,4991.49,16297004,5173.002,5321.099,5415.461499999999,5614.200400000001,5303.036024995057,5446.822996357763,24.18351060980966,2.5658023006433694,-143.78697136270603,-98.0139407318417,-45.773030630864326,5415.461499999999,161.9719459879427,5739.405391975884,5091.517608024114,-0.15439032885269918,0.11963667066078308,105.07857142857145,13122660.8,1.2418977375458993,928759902.0,-0.024907257095638013,0.05105890225162198,-0.017914271210847776,-0.09658578787143868,-0.11010540052914208,-0.07925794479410309,15.460315293775334,13.48828542994759,0,0,-0.01881602487433609,RELIANCE.NS,IN,Conglomerate
2026-01-21,5031.58,5146.41,5041.44,5088.1,39398598,5130.418,5276.403,5393.244000000001,5603.5978,5269.968944226587,5420.250922553484,31.352602505251753,19.86427795874056,-150.28197832689693,-108.46754825085276,-41.814430076044175,5393.244000000001,175.02935255795725,5743.302705115915,5043.185294884086,0.06415310412146102,0.12981378373233238,113.10428571428578,13886340.35,2.8372194667388038,968158500.0,0.019354942111473816,0.020630490752929307,0.011233052043292405,-0.08075070550274066,-0.08031703856338501,-0.040165854873213114,28.64669350982239,18.254000694301357,0,0,-0.04404001493681331,RELIANCE.NS,IN,Conglomerate
2026-01-22,5111.24,5155.83,5025.61,5083.49,24422371,5084.280000000001,5236.648,5367.4305,5595.1932,5241.279875884035,5395.305669031004,24.31583096310979,25.114970142082512,-154.02579314696868,-117.57919723007593,-36.44659591689275,5367.4305,180.93938465907553,5729.309269318152,5005.551730681849,0.10768560623892566,0.13484246114340323,112.45642857142866,13832500.5,1.7655787711282735,943736129.0,-0.0009060356518151291,0.025616259695597835,-0.005429210915549763,-0.07253185526834327,-0.09219502264382762,-0.04341027213982218,29.679163714659964,24.59539083941922,0,0,-0.06529372537370981,RELIANCE.NS,IN,Conglomerate
2026-01-23,5104.07,4951.5,4866.68,4904.38,4602845,5037.289999999999,5184.021,5337.4285,5582.387,5189.44912574803,5358.940804658337,22.463661145719612,16.02102749494219,-169.4916789103063,-127.96169356612202,-41.52998534418427,5337.4285,205.1558329218482,5747.740165843697,4927.116834156303,-0.027706784925945693,0.1537488196211414,116.57000000000004,13427951.3,0.3427808572123093,939133284.0,-0.03523366820825846,0.017294744697593255,-0.039123679730090004,-0.09690736836290303,-0.10901057695452021,-0.04571607583089621,5.3614346459527855,21.229097290145038,0,0,-0.04208890828198464,RELIANCE.NS,IN,Conglomerate
2026-01-26,4901.93,4897.46,4849.33,4870.72,9664659,4987.636,5123.286,5307.944,5566.7184,5140.4138756329485,5322.776300609571,16.903018287748864,20.918952861442605,-182.3624249766226,-138.84183984822218,-43.52058512840043,5307.944,227.68804370526513,5763.3200874105305,4852.56791258947,0.019930874624676496,0.1715828529503869,115.16071428571429,13352694.35,0.7237983603063333,929468625.0,-0.006863252847454704,0.00988149595952759,-0.0063668799840050075,-0.11086933901903395,-0.10799372208314018,-0.04849980171869828,2.9686892799603934,12.669762546857706,0,0,-0.02493676499572961,RELIANCE.NS,IN,Conglomerate
2026-01-27,4872.38,4911.77,4886.22,4897.57,14263570,4968.852,5070.927000000001,5277.759,5551.3716,5103.053279381726,5291.279537601455,18.302057539504943,26.361190588034333,-188.22625821972906,-148.71872352252356,-39.5075346972055,5277.759,240.37298350472344,5758.504967009447,4797.013032990553,0.10458430638001161,0.18217806724761612,113.61999999999996,13450656.65,1.0604366248218353,943732195.0,0.005512532028118855,0.005216872857354763,0.005169958008200187,-0.09658265020770462,-0.10973829679328606,-0.01881602487433609,7.427251732090148,5.252458552667767,0,0,-0.013714964768242188,RELIANCE.NS,IN,Conglomerate
2026-01-28,4910.73,4962.17,4785.49,4864.02,12715181,4924.036,5027.227,5247.284,5536.5224,5066.278928707613,5259.63068296431,18.682367272358135,32.97630812788809,-193.35175425669695,-157.64532966935826,-35.70642458733869,5247.284,252.57488011950596,5752.4337602390115,4742.134239760988,0.12064319319999445,0.19253761002412506,121.36428571428567,13583277.35,0.9360907339427378,931017014.0,-0.006850335982946487,0.036323863799894725,-0.009511824107615287,-0.08243696496146025,-0.11135430216752651,-0.04404001493681331,11.086170873551545,7.160703961867353,0,0,-0.0030879807237635948,RELIANCE.NS,IN,Conglomerate
2026-01-29,4880.74,4772.51,4734.82,4751.57,7494948,4857.652,4970.965999999999,5211.2835,5519.2558,5017.862170444903,5221.996558300287,17.575155659116078,6.880557619865073,-204.13438785538347,-166.94314130656332,-37.191246548820146,5211.2835,269.65770558590793,5750.598911171815,4671.968088828184,0.0737990325538672,0.20697987786375943,125.10571428571431,13603290.75,0.5509657616510357,923522066.0,-0.023118737176245352,0.007932115069333416,-0.02646524912205395,-0.10586957912603645,-0.13159087503061273,-0.06529372537370981,2.206763896022281,6.906728833887982,1,1,0.008645563466391115,RELIANCE.NS,IN,Conglomerate
2026-01-30,4758.73,4726.94,4674.77,4697.96,16288422,4816.3679999999995,4926.829,5167.8965,5500.98,4968.646451914918,5183.1790354632285,12.970047942279379,6.112970425517275,-214.53258354831087,-176.46102975491286,-38.07155379339801,5167.8965,279.2689337929585,5726.434367585916,4609.358632414083,0.07931545265568621,0.21615675452703373,126.07714285714279,13803168.55,1.180049403942879,907233644.0,-0.011282586597692879,0.011104819964407542,-0.01277021390160542,-0.08588084439022203,-0.15590851105880654,-0.04208890828198464,3.0250456561400165,5.4393268085712725,1,1,0.038836005415116226,RELIANCE.NS,IN,Conglomerate
2026-02-02,4713.56,4778.44,4725.91,4749.26,6595261,4792.076,4889.856,5132.160000000001,5482.3032,4934.894690081853,5151.036884688175,17.93574741825263,25.09472737781769,-216.14219460632194,-184.3972627251947,-31.74493188112723,5132.160000000001,285.05537966103645,5702.270759322074,4562.049240677928,0.16418806018020377,0.22217185719929305,126.60571428571419,13264215.25,0.49722206541980946,913828905.0,0.010919633202496337,0.011060670504455153,0.007573893193253557,-0.07222713855662921,-0.13080734042339015,-0.02493676499572961,11.371303830107637,5.534371127423303,1,1,0.014867579370259731,RELIANCE.NS,IN,Conglomerate
2026-02-03,4736.3,4835.05,4826.69,4830.4,17772801,4778.642,4873.747,5097.423000000001,5467.200599999999,4918.818583915414,5127.286004340902,26.6728790372147,44.38283644469201,-208.46742042548794,-189.21129426525337,-19.256126160234572,5097.423000000001,276.8590230101205,5651.141046020241,4543.70495397976,0.25888179740623884,0.21725410899591108,122.50571428571422,13723226.05,1.2950890439432028,931601706.0,0.017084766889999603,0.0017307055316327531,0.019867829318239886,-0.03227292852434849,-0.1257416101673443,-0.013714964768242188,23.8268750860819,12.741074857443175,0,1,-0.018352517389864098,RELIANCE.NS,IN,Conglomerate
2026-02-04,4793.55,4879.7,4824.44,4849.0,8486007,4775.638000000001,4849.837,5063.12,5451.4259999999995,4908.077263313043,5106.672226241576,27.066201266047443,43.074290603165586,-198.59496292853328,-191.08802799790936,-7.506934930623913,5063.12,261.87797286846614,5586.875945736932,4539.364054263067,0.2955918192976068,0.2068905914680391,124.53,13122309.95,0.6466854071919398,940087713.0,0.0038506127856907657,0.011396164157555953,0.01156762733255901,-0.04699200094337774,-0.12394806921695523,-0.0030879807237635948,30.929134417327695,22.04243777783907,0,0,-0.030585687770674497,RELIANCE.NS,IN,Conglomerate
2026-02-05,4821.79,4879.01,4723.56,4792.65,12606801,4783.854,4820.753,5028.7005,5434.325,4890.319222803344,5083.411320594052,30.647106109324753,40.444503949658504,-193.09209779070807,-191.48884195646912,-1.6032558342389507,5028.7005,248.9794153080087,5526.6593306160175,4530.741669383982,0.26298191186985415,0.1980467242445314,117.50142857142853,13238810.45,0.9522607862203522,927480912.0,-0.011620952773767845,0.032435082887331095,-0.0060433988207686945,-0.05721266295399419,-0.12559477763344185,0.008645563466391115,24.504219847784952,26.420076450398174,0,0,-0.032094978769574234,RELIANCE.NS,IN,Conglomerate
2026-02-06,4809.4,4899.58,4865.07,4880.41,6607031,4820.343999999999,4818.356,5001.1885,5417.461799999999,4888.794726987445,5068.374185735233,37.61395493718202,68.47115494896205,-179.57945874778852,-189.10696531473303,9.52750656694451,5001.1885,232.05179828460214,5465.292096569205,4537.084903430796,0.3698798060463205,0.18559732214417096,122.82142857142857,13118931.35,0.5036256628002201,934087943.0,0.018311372622661803,0.007071127220867334,0.01476483553041657,-0.004887467936823819,-0.10132120464401129,0.038836005415116226,42.74726645316014,32.72687357275759,0,0,-0.025633092301671212,RELIANCE.NS,IN,Conglomerate
2026-02-09,4866.21,4835.46,4807.4,4819.87,12789290,4834.465999999999,4813.271,4968.278499999999,5399.229399999999,4878.190922835531,5049.966468273365,40.424487245296504,67.13711377885232,-171.7755454378339,-185.64068133935322,13.865135901519324,4968.278499999999,206.08018062155364,5380.438861243107,4556.118138756892,0.31996267235317327,0.16591677026278792,109.8321428571429,13502401.1,0.9471862788029398,921298653.0,-0.01240469550713974,0.005821733781200443,-0.009522811387093984,-0.010439934958281438,-0.12015180528908898,0.014867579370259731,30.162557685049265,32.47134799533144,0,0,-0.014234823760806758,RELIANCE.NS,IN,Conglomerate
2026-02-10,4820.65,4766.41,4722.03,4741.75,13359057,4816.736,4797.689,4934.307999999999,5381.142999999999,4857.200011630064,5027.135618771634,30.26833019996579,49.01832631826616,-169.93560714156956,-182.49966649979652,12.564059358226956,4934.307999999999,182.0996527237687,5298.507305447536,4570.108694552462,0.23564199997084734,0.1476192023065699,105.75500000000004,13455917.5,0.9928015690642003,907939596.0,-0.01620790602236155,0.00935941371856187,-0.016367087425966056,-0.03181577802869584,-0.12532557607596895,-0.018352517389864098,13.923419116089553,28.94441441809964,1,1,0.011128802657246917,RELIANCE.NS,IN,Conglomerate
2026-02-11,4722.19,4786.65,4631.92,4700.69,12867715,4787.0740000000005,4781.356,4904.2915,5361.7274,4833.121548302362,5002.954461825587,29.06137184115522,31.060362701866126,-169.83291352322522,-179.9663159044823,10.13340238125707,4904.2915,167.35170347366636,5238.994906947333,4569.588093052667,0.19584788237271497,0.13649409173466326,107.50571428571428,13629919.75,0.9440784899648078,895071881.0,-0.008659250276796593,0.03291644418159178,-0.004552972243809641,-0.03357922048017914,-0.11324801641948168,-0.030585687770674497,20.823618470792216,21.636531757310337,1,1,0.019899206286736693,RELIANCE.NS,IN,Conglomerate
2026-02-12,4734.47,4736.7,4560.53,4638.83,10317510,4756.3099999999995,4770.082,4870.523999999999,5340.5743999999995,4803.230540871229,4975.982279468136,33.33751647110496,22.75402525344191,-172.75173859690676,-178.5234004429672,5.771661846060425,4870.523999999999,147.21656172566705,5164.957123451333,4576.090876548666,0.10654223056801858,0.12090408483821181,104.60285714285718,13615736.2,0.7577635972586193,884754371.0,-0.013159770161401796,0.03797724857344677,-0.020200782769767285,-0.023726894479087934,-0.12708451727265546,-0.032094978769574234,19.495070212081757,18.080702599654497,1,1,0.04376750171918342,RELIANCE.NS,IN,Conglomerate
2026-02-13,4639.23,4797.52,4721.54,4755.31,14461141,4731.29,4775.817000000001,4851.322999999999,5320.7388,4795.858149967963,4959.636184692718,43.440153693998894,45.81221120631654,-163.77803472475534,-175.57432729932484,11.796292574569492,4851.322999999999,134.83433051442915,5120.991661028857,4581.654338971141,0.3219796849326026,0.1111732453307283,112.00571428571435,13753410.6,1.051458461404587,899215512.0,0.02510977983672613,0.015977927832251625,0.025021393636438766,0.012207426202011096,-0.07472180225827096,-0.025633092301671212,48.49616572042514,29.60495146776636,1,1,0.01345653595664631,RELIANCE.NS,IN,Conglomerate
2026-02-16,4755.43,4783.78,4725.24,4751.26,20980541,4717.568,4776.017,4832.936500000001,5302.7416,4788.996896126739,4944.200911752517,41.462532239429585,32.16702107094537,-155.20401562577808,-171.5002649646155,16.296249338837413,4832.936500000001,120.75014448181598,5074.436788963632,4591.436211036369,0.3308977178643639,0.0999393594199227,113.25500000000004,14099537.65,1.4880303193466546,878234971.0,-0.0008516794909270153,0.012320942234267886,-0.0008768923104743831,0.0004211182373674571,-0.07183643648454086,-0.014234823760806758,47.48780001980018,38.493011984102345,0,1,-0.004257817926192287,RELIANCE.NS,IN,Conglomerate
2026-02-17,4787.75,4847.57,4752.08,4794.52,16706455,4728.122,4772.429,4823.088,5279.5724,4789.846604414933,4933.113436807886,45.989983613746,46.32427573006998,-143.2668323929529,-165.85357845028298,22.58674605733009,4823.088,115.03503048161319,5053.1580609632265,4593.017939036773,0.43791456419659186,0.09540363392215902,107.5142857142857,14120010.2,1.1831757612203595,894941426.0,0.009104953212411004,0.019916487990451568,0.0014140253772646906,-0.007427956276912728,-0.03946116289925439,0.011128802657246917,69.01341984937633,54.9991285298672,0,1,-0.03326297523005439,RELIANCE.NS,IN,Conglomerate
2026-02-18,4808.96,4827.26,4767.81,4794.23,7751111,4746.83,4766.951999999999,4808.3945,5256.175,4790.520972966481,4922.825774822117,52.827337557328796,59.8277153558051,-132.30480185563556,-159.1438231313535,26.839021275717954,4808.3945,96.71214795932072,5001.818795918642,4614.970204081359,0.46338489967562796,0.08045275649433549,102.53214285714277,12537635.85,0.6182274293580293,887190315.0,-6.048572119854434e-05,0.012400322888135825,-0.003063032339632147,-0.011295112394308249,-0.0577563334053971,0.019899206286736693,68.927886742165,61.80970220378049,0,0,-0.049188295096397106,RELIANCE.NS,IN,Conglomerate
2026-02-19,4775.44,4880.5,4810.94,4841.86,7456613,4787.436,4771.873,4796.313,5233.939,4798.419284817792,4916.828310020478,59.61332905777344,75.80144021639786,-118.40902520268628,-150.99686354562007,32.58783834293379,4796.313,72.6327113562345,4941.57842271247,4651.047577287531,0.6567716499524325,0.060573787704196594,103.20857142857143,11689347.95,0.6378980584714259,894646928.0,0.00993485919532433,0.014366379862281444,0.013908666007736704,0.010267805911134742,-0.04753230556173027,0.04376750171918342,82.97596224721133,73.63908961291754,0,0,-0.054396450950667696,RELIANCE.NS,IN,Conglomerate
2026-02-20,4838.61,4865.82,4782.08,4819.3,13556655,4800.2339999999995,4765.762000000001,4792.058999999999,5209.1376,4801.631702538131,4909.603990759702,54.865916354036386,88.51752251675401,-107.97228822157103,-142.39194848081027,34.41966025923924,4792.058999999999,68.334586981304,4928.728173962607,4655.389826037392,0.5996603667439093,0.05703985446029738,103.44142857142859,12137038.45,1.116965554561166,881090273.0,-0.004659366441821855,0.017375967464150894,-0.003990815544132612,-0.01252148897326244,-0.017347758534208224,0.01345653595664631,76.32207638968798,76.07530845968809,0,0,-0.05636710725624061,RELIANCE.NS,IN,Conglomerate
2026-02-23,4831.57,4750.21,4715.68,4731.03,13314083,4796.188,4756.878,4785.0745,5183.9078,4790.769902147649,4896.376287740465,43.16415117702905,44.10851208385895,-105.60638559281597,-135.03483590321142,29.428450310395448,4785.0745,66.99725874015151,4919.069017480303,4651.079982519696,0.2983331668467606,0.05600519594011559,104.71500000000002,12319509.65,1.0807314818141742,867776190.0,-0.01831593799929454,0.007298622075952266,-0.0208089709970008,-0.018432032399214093,-0.02867953813809876,-0.004257817926192287,50.287568205131116,69.86186894734347,0,0,-0.024032821605443178,RELIANCE.NS,IN,Conglomerate
2026-02-24,4709.39,4694.86,4587.19,4635.04,6921711,4764.2919999999995,4746.207,4771.948,5155.1732,4766.8114556633955,4877.018044204134,36.697669791848035,30.500000000000014,-110.20658854073827,-130.0691864307168,19.86259788997853,4771.948,69.46905199636478,4910.88610399273,4633.009896007271,0.007305785577827923,0.05823118943991016,111.04214285714286,11952416.7,0.5791055143596596,860854479.0,-0.020289450711578616,0.023229572991813843,-0.015787607312196392,-0.02250434965993564,-0.05360413429517086,-0.03326297523005439,21.976109718265867,49.52858477102831,1,0,0.01147131416341618,RELIANCE.NS,IN,Conglomerate
2026-02-25,4623.68,4563.8,4554.1,4558.41,9514780,4717.128,4731.979,4756.6675000000005,5127.6134,4734.749693253642,4853.417448337162,35.79502728926627,14.373660862480008,-118.6677550835193,-127.7889001612773,9.121145077758001,4756.6675000000005,80.83263579285821,4918.332771585717,4595.002228414284,-0.1131728170659389,0.06797417376164394,105.72,11792396.65,0.8068571195103822,851339699.0,-0.01653275915633956,0.002127934959777135,-0.014116461346803047,-0.030267896840676545,-0.06283074493937124,-0.049188295096397106,1.2475396549690347,24.50373919278866,1,1,0.03984942117975354,RELIANCE.NS,IN,Conglomerate
2026-02-26,4558.64,4615.57,4548.81,4578.48,4561152,4664.451999999999,4725.944,4748.013,5101.2746,4710.708201983851,4833.051711423297,30.052457023559427,19.279510180834365,-122.34350943944628,-126.6998220169111,4.35631257746482,4748.013,90.13766617913284,4928.2883323582655,4567.737667641734,0.029794238118188394,0.07593716881492431,102.8507142857142,11645706.85,0.3916594902387149,855900851.0,0.004402850994096541,0.01458125840890093,0.004352175210149273,-0.013009745991985122,-0.03642795960072143,-0.054396450950667696,8.945099339717734,10.72291623765087,1,1,0.04737598504307128,RELIANCE.NS,IN,Conglomerate
2026-02-27,4594.81,4578.49,4522.99,4547.65,11372323,4610.122,4705.178,4740.4974999999995,5073.9144,4685.622324755566,4811.91084391046,31.280429101911707,6.002691790040302,-126.28851915489395,-126.61756144450769,0.3290422896137386,4740.4974999999995,100.23171905119436,4940.960938102388,4540.034061897611,0.018995828302815227,0.08457485236616899,101.59999999999991,11399901.9,0.997580689919736,844528528.0,-0.006733675805070671,0.012204105417080864,-0.010263754105173117,-0.04366907730516012,-0.03199473814166154,-0.05636710725624061,6.897709154969333,5.696782716552025,1,1,0.06175057447252996,RELIANCE.NS,IN,Conglomerate
2026-03-02,4539.64,4678.52,4568.39,4617.33,5452665,4587.382,4691.785,4733.901,5050.068,4675.11581325471,4797.497448065241,41.34361172181562,23.527407135554554,-122.38163481053107,-125.77037611771239,3.38874130718132,4733.901,103.89892051011891,4941.6988410202375,4526.103158979762,0.21950863534509382,0.08779137587380631,103.95928571428567,11342772.1,0.4807171008296023,849981193.0,0.01532219937770063,0.02385144661524653,0.017113691834590952,-0.028188312152986894,-0.02777906452794754,-0.024032821605443178,26.388073060819615,14.076960518502219,1,1,0.07069670134038519,RELIANCE.NS,IN,Conglomerate
2026-03-03,4595.22,4723.06,4660.33,4688.21,4917345,4598.0160000000005,4681.1539999999995,4726.7915,5031.6506,4677.130303523216,4789.40208154189,49.166310389055184,44.11942430235117,-112.27177801867401,-123.07065649790472,10.798878479230709,4726.7915,101.79169613924688,4930.374892278494,4523.208107721506,0.4052439897758765,0.0861402041018526,100.45928571428574,10699999.3,0.4595649403860297,854898538.0,0.015350862944602195,0.013380373319451792,0.02023624548987416,-0.02217323110551217,-0.029436485591255335,0.01147131416341618,46.21409191338368,26.499958043057536,1,1,0.06830325433374362,RELIANCE.NS,IN,Conglomerate
2026-03-04,4675.38,4763.74,4721.12,4740.06,10291486,4634.346,4675.737,4721.3445,5015.8027999999995,4686.811795288875,4785.7471125387865,56.854036047503634,66.41245233481283,-98.93531724991135,-118.24358864830606,19.30827139839471,4721.3445,97.7421899141844,4916.828879828369,4525.860120171631,0.5478695536080278,0.08280877611380728,93.27071428571428,10790273.25,0.9537742750143723,865190024.0,0.011059658163776964,0.00899144736564324,0.013834169628989826,-0.011298999005053822,-0.022466487935656754,0.03984942117975354,60.717182735977545,44.43978257006027,1,1,0.06312367353999737,RELIANCE.NS,IN,Conglomerate
2026-03-05,4724.06,4846.49,4754.51,4795.39,5670021,4677.728,4671.09,4721.4815,4999.7154,4703.516134475202,4786.461400498876,52.958719659835815,89.67653361907317,-82.94526602367387,-111.18392412337961,28.238658099705745,4721.4815,97.84925690361128,4917.180013807222,4525.782986192778,0.688832553097764,0.08289707957435853,89.53785714285706,10443434.25,0.5429268113669781,870860045.0,0.011672848023020821,0.01918092167685639,0.015099300178233303,-0.00959755135423146,0.0005717087623757777,0.04737598504307128,76.1936729040414,61.04164918446754,1,1,0.030687806414076757,RELIANCE.NS,IN,Conglomerate
2026-03-06,4796.88,4878.91,4788.12,4828.47,6445826,4733.892,4672.007,4718.8845,4986.1964,4722.7398060944015,4789.57314861007,55.465420825369854,90.10749237927166,-66.83334251566885,-102.31380780183746,35.48046528616861,4718.8845,94.02363848779531,4906.931776975591,4530.8372230244095,0.7913775242101311,0.07969988541806894,91.8414285714285,10435374.0,0.6176899248948888,877305871.0,0.006898291901180187,0.018803057697361927,0.006585530594885333,0.0019027659618617854,-0.010642548474410929,0.06175057447252996,85.44656093511954,74.11913885837949,1,1,0.034298649468672116,RELIANCE.NS,IN,Conglomerate
2026-03-09,4779.01,5030.23,4874.57,4943.76,11889977,4799.178000000001,4693.280000000001,4725.079,4975.863399999999,4756.7429128491085,4800.994396861176,59.58657725018626,100.0,-44.25148401206752,-90.70134304388348,46.44985903181596,4725.079,104.52195185706215,4934.122903714124,4516.035096285876,1.0230504121709105,0.08848271265478518,99.37357142857134,10390408.35,1.1443222879375778,889195848.0,0.023877128779923984,0.031486156285897446,0.034473667140258235,0.044964838523535056,0.02570401276382972,0.07069670134038519,82.9528428355751,81.53102555824535,1,0,0.005677864621259854,RELIANCE.NS,IN,Conglomerate
2026-03-10,4979.06,5015.85,5002.49,5008.43,5134689,4863.222,4730.619000000001,4738.4130000000005,4966.006600000001,4795.464003180015,4816.359997093681,62.70824434002567,100.0,-20.895993913665734,-76.74027321783994,55.84427930417421,4738.4130000000005,122.26500248493747,4982.943004969876,4493.882995030125,1.0521142487855677,0.10321177363384057,100.2764285714285,9979189.95,0.5145396080430749,894330537.0,0.013081136624755185,0.0026675025906317774,0.005898703771393393,0.08055809658600577,0.056240839352559746,0.06830325433374362,95.70223168500979,88.03387848523481,0,0,-0.013738836321961267,RELIANCE.NS,IN,Conglomerate
2026-03-11,4995.22,5063.93,5019.54,5039.27,11799169,4923.064,4778.705,4755.342000000001,4957.321599999999,4832.972618075398,4832.871849160815,61.95019189558947,100.0,0.10076891458265891,-61.37206479135542,61.47283370593808,4755.342000000001,139.0543200790324,5033.450640158066,4477.233359841935,1.010462385917994,0.11696683021242492,98.07857142857132,9925762.65,1.1887416843740783,906129706.0,0.006157618255621111,0.008808815562569879,0.008818430419479294,0.10548853657305957,0.0720277235895157,0.06312367353999737,95.44126890210481,91.36544780756323,0,0,-0.008074582231156646,RELIANCE.NS,IN,Conglomerate
2026-03-12,5048.31,4953.34,4933.92,4942.55,7766889,4952.496,4815.112,4770.528,4946.741,4849.8306768330285,4840.996156630385,56.846233321853504,75.57143939585276,8.834520202643944,-47.33074779255555,56.16526799519949,4770.528,142.20916247041512,5054.946324940831,4486.10967505917,0.8024101911066812,0.11923976756483601,99.62214285714279,9798231.6,0.7926826517672177,898362817.0,-0.019193256166071704,0.003929145886232034,-0.020949585108675825,0.07951765651482612,0.06547340600970508,0.030687806414076757,77.56128221230163,89.56826093313873,1,0,0.005369697828044195,RELIANCE.NS,IN,Conglomerate
2026-03-13,4906.21,5014.14,4978.03,4994.08,11276401,4985.618,4859.755,4782.4665,4935.3086,4872.022880397179,4852.33570058369,65.23355609863447,75.33471042766423,19.68717981348891,-33.92716227134666,53.61434208483557,4782.4665,150.63703770726934,5083.740575414539,4481.192424585462,0.8511976589887101,0.12599108657195018,97.33428571428567,9638994.6,1.1698730311693473,909639218.0,0.010425792354149088,0.007230560984203967,0.01790995493466076,0.0981671852495245,0.05021123754287293,0.034298649468672116,87.08729249068821,86.69661453503154,0,1,-0.015564428283087128,RELIANCE.NS,IN,Conglomerate
2026-03-16,4977.87,4979.11,4966.01,4971.83,6270831,4991.232,4895.205,4793.495,4925.4654,4887.377821874536,4861.187130170083,71.32527068954599,68.79884605297661,26.190691704452547,-21.903591476186815,48.094283180639366,4793.495,156.2034703267381,5105.901940653476,4481.088059346524,0.7854209954909819,0.13034620486864434,89.06499999999993,8903509.1,0.7043099777019403,903368387.0,-0.004455275045654017,0.0026348447151243745,-0.0012133703772896339,0.07677597226102528,0.046423475036095674,0.005677864621259854,82.97408215313529,82.54088561870837,0,0,-0.020606094737752434,RELIANCE.NS,IN,Conglomerate
2026-03-17,4996.7,5014.19,4879.96,4939.62,11174754,4977.469999999999,4920.346,4800.75,4913.755,4895.415080047684,4866.996972379707,75.57666760597398,49.30588156394602,28.418107667976983,-11.839251647354054,40.25735931533104,4800.75,159.58659144311602,5119.923182886232,4481.576817113768,0.7175464723312641,0.13296804994476513,92.8714285714285,8626924.05,1.2953345410135444,892193633.0,-0.00647849986825777,0.027174155096945186,-0.01142353953609152,0.05362601078023377,0.030263717744424712,-0.013738836321961267,77.01963249144629,82.36033571175659,0,0,-0.02589875334539915,RELIANCE.NS,IN,Conglomerate
2026-03-18,4950.51,5003.49,4994.65,4998.58,28750627,4969.332,4946.198,4810.9675,4903.0253999999995,4911.286606194194,4876.743863314543,76.78799163393357,48.31629687873913,34.54274287965109,-2.562852741953024,37.10559562160411,4810.9675,165.57650093492492,5142.120501869849,4479.81449813015,0.7832716281293938,0.13766586528376284,92.66499999999996,9676899.85,2.9710573091177226,920944260.0,0.011936140836744435,0.001768502254639993,0.009710110675463738,0.05453939401610941,0.042624154452331364,-0.008074582231156646,87.91917772749667,82.63763079069275,0,0,-0.04413653477587631,RELIANCE.NS,IN,Conglomerate
2026-03-19,4974.15,4998.8,4945.31,4969.09,8910105,4974.64,4963.568,4817.329,4892.7864,4920.179436010471,4883.584317883836,76.91944096681061,37.94820717131469,36.5951181266355,5.268741431764683,31.326376694870817,4817.329,169.2296758193016,5155.788351638603,4478.869648361397,0.7241938348941266,0.140517432643082,92.52142857142852,9749574.45,0.9138967174206545,912034155.0,-0.005899675507844204,0.010764546426003356,-0.0010172592302199316,0.03622228848957021,0.026277091861392154,0.005369697828044195,80.86128264099594,81.9333642866463,0,0,-0.052695765220593827,RELIANCE.NS,IN,Conglomerate
2026-03-20,4976.85,4964.27,4878.02,4916.35,7284824,4959.094,4972.356,4822.181500000001,4882.500400000001,4919.590292008861,4886.011405447996,69.52235453880708,44.70021846427707,33.5788865608647,10.93077045758469,22.648116103280014,4822.181500000001,170.67440822794322,5163.530316455887,4480.832683544114,0.6379358818013237,0.14157443740175096,89.6785714285713,9435982.9,0.7720259039441557,904749331.0,-0.010613613357777774,0.017543502801871804,-0.01215628359303331,0.018200382315723296,0.020137779345548168,-0.015564428283087128,63.434093161388965,77.40485117662719,0,0,-0.04607483193832829,RELIANCE.NS,IN,Conglomerate
2026-03-23,4865.61,4882.62,4858.79,4869.38,2600835,4938.604,4964.918,4829.099,4870.3266,4911.865631699806,4884.779449488885,62.20937285188629,24.301376638364545,27.086182210920924,14.161852808251938,12.924329402668986,4829.099,169.58577788870323,5168.270555777407,4489.927444222593,0.5593814535937625,0.1404699119969736,86.23785714285701,8900320.5,0.29221809571710416,902148496.0,-0.00955383567077206,0.004893846855245438,0.0007748257669644015,-0.015045228732786353,0.029243103510229407,-0.020606094737752434,43.2484466612898,62.51460748789157,0,0,-0.03339850247875498,RELIANCE.NS,IN,Conglomerate
2026-03-24,4814.11,4875.31,4760.79,4811.69,21540580,4913.018,4945.244,4837.931500000001,4858.1372,4896.453996053681,4879.365416193412,54.78957433435409,21.2040566784147,17.08857986026942,14.747198218655436,2.3413816416139834,4837.931500000001,163.4353730080321,5164.802246016065,4511.060753983937,0.4598595158479382,0.1351283068046732,89.02285714285706,9631263.95,2.2365265738017106,880607916.0,-0.011847504199713366,0.023800369516734584,-0.0005026889705469069,-0.03928177093420504,0.03811186095481367,-0.02589875334539915,18.479736280723476,41.72075870113407,0,0,-0.01220569072404909,RELIANCE.NS,IN,Conglomerate
2026-03-25,4807.17,4795.11,4764.24,4777.96,18239210,4868.894,4919.113,4848.909,4847.676,4878.224150506961,4871.853903882789,48.799867799551045,21.088776021174652,6.3702466241720686,13.071807899758763,-6.701561275586695,4848.909,150.53684696344536,5149.9826939268905,4547.835306073109,0.3821733658045691,0.12418203514515483,84.80999999999995,10067485.45,1.8116945168572838,862368706.0,-0.007010011035623598,0.006460916374350858,-0.006076340133590857,-0.0518547329275868,0.04816372375455491,-0.04413653477587631,5.664049614021051,22.464077518678106,0,0,-0.017486542373732705,RELIANCE.NS,IN,Conglomerate
2026-03-26,4778.76,4773.58,4654.17,4707.24,15953224,4816.523999999999,4895.582,4855.347,4835.5372,4851.918896582813,4859.660281372953,42.06412589518333,0.0,-7.7413847901398185,8.909169361779048,-16.65055415191887,4855.347,140.80124255960035,5136.9494851192,4573.744514880799,0.2370282440200337,0.11599685259123294,87.1671428571428,10637089.05,1.4997733332153185,846415482.0,-0.014801295950573112,0.02536730653206008,-0.01496622554804708,-0.04760902772860176,0.028122870472296446,-0.052695765220593827,12.95148379536074,12.365089896701752,0,1,-0.02044935036242046,RELIANCE.NS,IN,Conglomerate
2026-03-27,4667.48,4708.9,4674.57,4689.83,11224637,4771.219999999999,4865.157000000001,4862.456,4826.5472,4826.982143262381,4847.0802605305125,30.934182271409895,0.0,-20.09811726813132,3.1077120357969727,-23.20582930392829,4862.456,127.39959598387196,5117.255191967744,4607.656808032256,0.16125088806793653,0.10480267254559911,75.20785714285714,10629704.75,1.0559687411855214,835190845.0,-0.0036985579660268053,0.007320094758230598,0.004788451155654781,-0.060922131804056034,0.03126449924686381,-0.04607483193832829,8.702655212786219,9.106062874055999,0,1,-0.01829490621195229,RELIANCE.NS,IN,Conglomerate
2026-03-30,4667.11,4720.97,4695.38,4706.75,5574222,4738.694,4838.649,4866.927000000001,4818.3024000000005,4808.484890452784,4836.685426417141,25.59933999805881,6.950377916529746,-28.200535964356277,-3.153937564233679,-25.046598400122598,4866.927000000001,119.6794600106167,5106.285920021234,4627.568079978767,0.16540415542910075,0.09836141779861683,72.28285714285714,10635782.6,0.5241007348062253,840765067.0,0.003607806679559733,0.005436872576617562,0.008493478833794754,-0.05331638451033116,0.019366170492470802,-0.03339850247875498,12.831901600905795,11.495346869684246,1,0,0.00508418760291085,RELIANCE.NS,IN,Conglomerate
2026-03-31,4727.62,4755.08,4751.27,4752.96,5554738,4726.948,4819.983,4870.1645,4813.5318,4799.942599613894,4830.483542978834,27.40430905216634,26.013680567001828,-30.540943364939267,-8.631338724374798,-21.909604640564467,4870.1645,115.38935750780666,5100.9432150156135,4639.385784984386,0.24606735289188986,0.09477245173774572,71.77071428571428,10667652.25,0.5207085260293777,846319805.0,0.009817814840388905,0.0008016057362146302,0.005359990862208635,-0.037788331895975746,0.013811241390637274,-0.01220569072404909,27.440142214245235,16.32489967597908,0,0,-0.017490153504342576,RELIANCE.NS,IN,Conglomerate
2026-04-01,4763.37,4761.94,4640.39,4694.41,11230978,4710.237999999999,4789.566,4867.882,4805.657999999999,4783.706815057911,4820.404021276698,29.161207968020406,25.92181982425889,-36.69720621878696,-14.244512223257232,-22.452693995529728,4867.882,118.50774789688104,5104.897495793762,4630.866504206238,0.1340492434488763,0.09737931026007342,72.92785714285706,10714626.85,1.0481911417949994,835088827.0,-0.012318639332121517,0.025892497672758318,-0.014477145382362814,-0.06085128176402099,-0.009630679780424867,-0.017486542373732705,14.451578384123895,18.241207399758306,0,1,-0.025102196016112854,RELIANCE.NS,IN,Conglomerate
2026-04-02,4711.01,4647.71,4581.6,4610.98,16857723,4690.986,4753.755,4858.6615,4796.2078,4757.133458895155,4804.891130811758,19.463397525825798,21.528440867548753,-47.7576719166027,-20.947144161926328,-26.810527754676375,4858.6615,130.96420464250235,5120.589909285005,4596.733090714995,0.02719618945472031,0.10781916348152712,75.87214285714273,11274011.95,1.4952726304966681,818231104.0,-0.01777220140550151,0.014337516102864323,-0.021233238732242005,-0.07206752141740247,-0.03845568347934181,-0.02044935036242046,6.791650292408825,16.227790296925978,0,1,-0.041917336444747044,RELIANCE.NS,IN,Conglomerate
2026-04-03,4620.32,4653.62,4564.35,4604.03,16801434,4673.825999999999,4722.523,4847.4394999999995,4790.2008,4733.579080603592,4790.012528529405,19.949998365959672,27.51122151043711,-56.4334479258132,-28.044404914703705,-28.389043011109493,4847.4394999999995,142.7710429683648,5132.981585936729,4561.89741406327,0.07377649042248675,0.11781151097880466,80.24357142857129,11791792.35,1.424841285910086,801429670.0,-0.0015072717730286733,0.019389534820576784,-0.003525729819578825,-0.0635268034212374,-0.04648263321507651,-0.01829490621195229,8.820914102772372,10.021380926435027,0,0,-0.021233571458048606,RELIANCE.NS,IN,Conglomerate
2026-04-06,4586.85,4769.88,4699.32,4730.68,10576953,4678.611999999999,4708.653,4836.7855,4787.4,4733.133068203039,4785.617526416116,35.2113473570964,56.0302323521597,-52.48445821307632,-32.932415574378226,-19.552042638698097,4836.7855,143.1548354414705,5123.095170882941,4550.475829117059,0.31470150890624965,0.11838840936108559,82.50214285714277,11726141.15,0.9019976787506366,812006623.0,0.027508508849855673,0.014915403282400305,0.031357031513995125,-0.02848411912810256,-0.04310079777335463,0.00508418760291085,37.876303684387985,17.829622693189723,0,0,-0.04253299737035687,RELIANCE.NS,IN,Conglomerate
2026-04-07,4765.53,4741.79,4612.26,4669.83,15172008,4661.986,4694.467,4819.8555,4782.8452,4723.394134633341,4777.040672607514,26.79335319281111,45.17562199456409,-53.64653797417304,-37.07524005433719,-16.57129791983585,4819.8555,141.8027981861858,5103.461096372372,4536.249903627628,0.2355032800494302,0.11768219871832804,87.19214285714277,12228007.1,1.2407587463079943,796834615.0,-0.01286284424226547,0.027737626423225685,-0.02008171179280788,-0.02948236482400146,-0.06760601625659146,-0.017490153504342576,24.27897341460624,23.658730400588862,1,0,0.009760526614459142,RELIANCE.NS,IN,Conglomerate
2026-04-08,4641.64,4588.21,4567.25,4576.57,44974638,4638.418,4674.3279999999995,4796.720499999999,4777.0962,4700.805806228212,4762.190993155106,24.580354367423098,29.474737601526712,-61.385186926894676,-41.937229428848696,-19.44795749804598,4796.720499999999,141.86598292146687,5080.452465842933,4512.988534157066,0.11204494645840955,0.11830248013945116,90.69857142857134,13886780.55,3.238665333509189,751859977.0,-0.019970748399834704,0.004579849100963266,-0.014018751992827231,-0.04214978777553602,-0.09181885471506801,-0.025102196016112854,3.05561112221664,21.736962740403616,1,0,0.03972188778932684,RELIANCE.NS,IN,Conglomerate
2026-04-09,4585.08,4443.79,4396.83,4417.7,11766199,4599.762,4645.374,4770.478,4770.4187999999995,4657.251066808487,4736.673141810284,21.609865521913918,23.89577555140474,-79.42207500179666,-49.43419854343829,-29.987876458358365,4770.478,160.75645281641306,5091.990905632826,4448.965094367174,-0.04862183417736731,0.13479274220854118,97.03214285714277,14086746.05,0.8352672876311781,740093778.0,-0.03471377035640222,0.010629965819315346,-0.036505360866105625,-0.06150950450794945,-0.10619012453085963,-0.041917336444747044,4.296095020473236,10.543559852432034,1,1,0.06334517961835351,RELIANCE.NS,IN,Conglomerate
2026-04-10,4409.5,4510.81,4502.64,4506.27,8508250,4580.21,4627.018,4746.0875,4766.585,4634.023210376412,4719.6062424169295,30.26168447831624,40.21676165561068,-85.58303204051754,-56.66396524285415,-28.91906679766339,4746.0875,162.04615787763908,5070.179815755278,4421.995184244722,0.13001668299162114,0.13657241496504632,99.57142857142851,13948338.5,0.6099830019193324,748602028.0,0.02004889422097489,0.001813029401256085,0.021945798843401403,-0.03914001147163104,-0.09767765033800013,-0.021233571458048606,22.872429359591138,10.074711834093668,1,1,0.044964016803254125,RELIANCE.NS,IN,Conglomerate
