Date,Open,High,Low,Close,Volume,sma5,sma10,sma20,sma50,ema12,ema26,rsi,rsi_6,macd,macd_sig,macd_hist,bb_mid,bb_std,bb_upper,bb_lower,bb_pos,bb_width,atr,vol_sma20,vol_ratio,obv,daily_ret,hlpct,co_pct,mom10,mom20,roc5,stoch_k,stoch_d,target,target_3d,ret_5d,symbol,market,sector
2024-07-22,4475.43,4504.0,4431.68,4463.82,5549525,4452.49,4416.827,4417.696,4193.4494,4424.92872919573,4371.100031627967,53.07229456668165,66.84997422237481,53.8286975677629,56.949379796839494,-3.1206822290765928,4417.696,49.24012969756903,4516.176259395138,4319.215740604862,0.7341789120101705,0.044584443744031185,84.4157142857142,8877535.05,0.6251199621994212,71147504.0,-0.006636045611130514,0.016201370126927947,-0.002594164136183112,0.026850083964021776,0.00446898711959598,0.008205552129987748,76.4410286723988,79.69750714316818,0,1,-0.008586815776621792,TCS.NS,IN,IT Services
2024-07-23,4455.23,4558.29,4441.37,4493.33,9050709,4461.306,4433.008,4417.6095000000005,4210.6298,4435.454101308716,4380.336447558379,60.294990723562115,64.95276162790691,55.11765375033701,56.58303040456841,-1.4653766542313988,4417.6095000000005,49.09838720420937,4515.806274408419,4319.412725591582,0.8855549250741083,0.044456973577404864,82.21928571428563,9028977.95,1.0024067007045132,80198213.0,0.006610929652181463,0.026020790816604623,0.008551747047849789,0.03735640144799035,-0.00038486694282180434,0.009907287745125615,73.97748667999048,80.5168821987993,0,0,-0.00969882025135027,TCS.NS,IN,IT Services
2024-07-24,4478.59,4568.53,4476.06,4517.16,5019810,4484.356,4450.582,4418.737,4226.089599999999,4448.026361731613,4390.660239445674,60.62735718885104,65.27921522746692,57.36612228593913,56.7396502114682,0.6264720744709251,4418.737,51.17471662947539,4521.086433258951,4316.387566741049,0.980818490464927,0.04632519801876761,81.2442857142856,9076408.45,0.5530612107852847,85218023.0,0.005303416397193228,0.020470826802676652,0.008612085500121934,0.040479843000677196,0.005017120506562334,0.0261818165296428,80.23242390395112,76.88364641878012,0,0,-0.005538878410328518,TCS.NS,IN,IT Services
2024-07-25,4507.85,4485.32,4483.33,4484.22,12242740,4490.433999999999,4457.003,4421.647500000001,4242.4024,4453.59540919117,4397.709911147168,54.6364671736655,69.80224221719676,55.885498044001906,56.56881852962102,-0.6833204856191131,4421.647500000001,53.22439457272795,4528.0962891454565,4315.198710854545,0.7939089326497836,0.04814892600345523,81.15285714285703,9481487.2,1.2912255694206318,72975283.0,-0.0072921924394973026,0.00044377840516284607,-0.005241966791262989,0.014527116454487565,0.013151800380026168,0.0068233408100444315,67.55685535049253,73.92225531147803,1,0,0.014310181034828728,TCS.NS,IN,IT Services
2024-07-26,4510.12,4447.56,4379.02,4409.48,15797608,4473.602,4459.4130000000005,4421.8815,4257.2632,4446.807602822646,4398.595650659603,55.85749699519222,40.38586603078256,48.21195216304295,54.89743548538919,-6.685483322346236,4421.8815,53.15667114396008,4528.19484228792,4315.56815771208,0.4416747713242966,0.04808511593442563,81.83285714285707,9589270.65,1.6474252244173309,57177675.0,-0.01666733567933787,0.015543782940388532,-0.022314262148230648,0.005495532884265408,0.001062477297493425,-0.01872869210706707,38.79632123739246,62.195200163945366,1,1,0.051874597458203775,TCS.NS,IN,IT Services
2024-07-29,4416.88,4435.89,4417.17,4425.49,15570961,4465.936,4459.213,4424.619,4271.257799999999,4443.5276362039685,4400.617158522406,58.81668574430945,33.526710176456334,42.91047768156295,52.500032712438085,-9.589555030875133,4424.619,51.7761844155539,4528.171368831107,4321.066631168892,0.5042056015199251,0.04680736073821693,80.04571428571424,9319613.15,1.670773140323626,72748636.0,0.0036308136106752986,0.004230040063359317,0.0019493398054730312,-0.00045172321111963676,0.012526482929664073,-0.008586815776621792,39.346139167877936,48.566438585254296,1,1,0.05836415854515553,TCS.NS,IN,IT Services
2024-07-30,4413.55,4468.91,4434.42,4449.75,10447548,4457.219999999999,4459.263000000001,4425.625999999999,4284.6884,4444.485005782234,4404.306194109113,59.89730845834775,46.5050424760297,40.178811673121345,50.03577928470806,-9.856967611586718,4425.625999999999,52.07336336970613,4529.772726739411,4321.479273260587,0.6158173701404277,0.047065308609172275,81.66071428571429,9538753.2,1.0952738461381049,83196184.0,0.0054818788427948295,0.0077509972470345585,0.0082020142515643,0.00011237849075684814,0.004546675666706523,-0.00969882025135027,45.26267281085144,41.13504440537394,1,1,0.05455587392550143,TCS.NS,IN,IT Services
2024-07-31,4436.44,4497.72,4487.67,4492.14,13948923,4452.216,4468.286,4431.1155,4297.5761999999995,4451.817080186742,4410.894363604452,57.05676326139274,49.72218331232208,40.92271658228947,48.21316128884554,-7.290444706556073,4431.1155,53.04897245645875,4537.213444912917,4325.017555087083,0.7875856834423154,0.047887690994691194,73.35857142857147,9614141.1,1.4508754764504677,97145107.0,0.009526377886398096,0.0022372410476961856,0.012555111756270382,0.02049792022099517,0.025052768491790944,-0.005538878410328518,64.2853803353862,49.63139743803851,1,1,0.04023917331160631,TCS.NS,IN,IT Services
2024-08-01,4490.49,4550.63,4546.59,4548.39,11309051,4465.05,4477.742,4438.4535000000005,4311.351,4466.675372979322,4421.197914182067,65.3006439017064,56.332373575570855,45.47745879725517,47.66601948038311,-2.188560683127946,4438.4535000000005,58.61411041497425,4555.681720829949,4321.225279170052,0.9688994647394038,0.052823904015180966,72.5971428571429,9717408.45,1.163792784300141,108454158.0,0.012521871535615459,0.0008882263834013958,0.012893915808739725,0.0212311650871273,0.033342193687338595,0.014310181034828728,89.77820636405765,66.44208650343175,1,1,0.05067507403718663,TCS.NS,IN,IT Services
2024-08-02,4549.47,4652.03,4627.17,4638.22,7936954,4510.798000000001,4492.2,4448.6775,4325.6944,4493.068237616785,4437.4469350408535,68.1535466308299,75.37234743640425,55.62130257593162,49.25707914735762,6.364223428574,4448.6775,73.65299106908729,4595.983482138175,4301.371517861825,1.1433632132504432,0.06622461715336377,71.00214285714284,9649347.7,0.8225377947011077,116391112.0,0.019749845549744016,0.00535981475652175,0.019507766838770337,0.03217436198716417,0.046119077798878694,0.051874597458203775,94.98037220087625,83.01465296677337,1,1,0.021639766979574038,TCS.NS,IN,IT Services
2024-08-05,4619.17,4699.19,4671.45,4683.78,8832249,4562.456,4514.196,4465.5115000000005,4338.488,4522.409810250225,4455.875829819891,69.40798728918746,100.0,66.53398043033394,52.71246469931584,13.821515731018103,4465.5115000000005,86.55938778331975,4638.63027556664,4292.392724433361,1.1304010044099735,0.0775359219505317,70.4035714285714,9279547.8,0.9517972468661406,125223361.0,0.009822733721125632,0.0059225668156902885,0.013987361365783393,0.04927618049114879,0.07744933403878429,0.05836415854515553,95.21844358912993,93.3256740513546,1,1,0.007997813731644099,TCS.NS,IN,IT Services
2024-08-06,4684.27,4714.2,4675.17,4692.51,15840178,4611.008,4534.114,4483.561,4350.4532,4548.580052450439,4473.5660517339975,75.68953323903813,100.0,75.01400071644184,57.17277737106847,17.841223345373372,4483.561,94.42817726773839,4672.417354535476,4294.704645464523,1.0531955769052415,0.08424390993473012,68.02428571428565,9993289.35,1.5850813340973327,141063539.0,0.0018638791745129168,0.008317510245048263,0.001759078789223939,0.044327926059292366,0.08334025930851063,0.05455587392550143,93.52885016977895,94.5758886532617,1,1,0.014574289665871598,TCS.NS,IN,IT Services
2024-08-07,4716.51,4689.16,4659.9,4672.9,6601699,4647.16,4549.688,4500.135,4360.5968,4567.706805662405,4488.457615557456,70.53948133285816,92.52582231200194,79.24919010494887,61.58806424834532,17.661125856603547,4500.135,97.21603076059188,4694.567061521184,4305.702938478817,0.9442811505658807,0.08641165721523483,62.51571428571424,10025421.65,0.6584958291010304,134461840.0,-0.004179000151305123,0.006261636243016961,-0.00924624351480042,0.034477415012972745,0.07635289836044423,0.04023917331160631,87.67826242589742,92.1418520616021,1,1,0.008172655096406967,TCS.NS,IN,IT Services
2024-08-08,4670.99,4853.6,4719.1,4778.88,7922084,4693.258,4579.154,4518.0785000000005,4373.486,4600.195862468624,4510.140372636219,73.79141227104381,93.98392440790265,90.05548983240533,67.28155383248398,22.77393599992135,4518.0785000000005,113.41761481474344,4744.9137296294875,4291.2432703705135,1.0748699186297435,0.10041225694924812,72.42714285714283,9762228.55,0.8115035565825226,142383924.0,0.022679706392176202,0.028144669880803,0.02309788717166537,0.06571042455544096,0.08119212399971953,0.05067507403718663,84.25555227762595,88.48755495776743,1,0,0.024279747555912667,TCS.NS,IN,IT Services
2024-08-09,4775.7,4785.85,4700.78,4738.59,35858180,4713.332,4612.065,4535.739,4387.534799999999,4621.487752383293,4527.186304487768,72.52471595101073,80.67741935483859,94.30144789552469,72.68553603722673,21.615911858297963,4535.739,119.02810729094887,4773.795214581897,4297.682785418102,0.9260569301989141,0.10496909746431403,73.33785714285717,10812906.55,3.316238470937449,106525744.0,-0.008430845721173141,0.01795259771366222,-0.007770588604810164,0.07463691863893263,0.08054262116395838,0.021639766979574038,75.7659404103085,82.56658503794395,1,0,0.05015204944930862,TCS.NS,IN,IT Services
2024-08-12,4711.48,4731.75,4712.83,4721.24,7381804,4720.824,4641.64,4550.4265,4401.4514,4636.834547290032,4541.657920964571,69.06335212539932,67.47642303805975,95.17662632546126,77.18375635373656,17.9928699717247,4550.4265,123.02426762208314,4796.475035244166,4304.377964755833,0.8471134258727575,0.10814306537820682,66.82642857142862,10580892.2,0.6976541451150835,99143940.0,-0.003661426711321414,0.004007421779023321,0.002071535908036996,0.06682875794544785,0.06634684663319401,0.007997813731644099,72.11007627782003,77.37718965525148,1,1,0.05322542382933304,TCS.NS,IN,IT Services
2024-08-13,4736.35,4823.8,4710.58,4760.9,7332467,4734.502,4672.754999999999,4566.009,4416.1808,4655.921850757064,4557.999777915358,69.86147327249013,66.64795786201523,97.92207284170581,81.33142131759057,16.590651524115245,4566.009,129.12062128511963,4824.25024257024,4307.76775742976,0.8773429024337843,0.11311464457042594,68.30857142857154,10738877.25,0.682796361901207,106476407.0,0.008400335505079237,0.02378121783695866,0.005183316266744241,0.06992527670093818,0.07004551328875652,0.014574289665871598,80.46693918816524,76.11431862543124,1,1,0.034751832636686464,TCS.NS,IN,IT Services
2024-08-14,4745.06,4714.09,4708.68,4711.09,12923478,4742.14,4694.65,4581.467999999999,4428.6810000000005,4664.409375252237,4569.405519565507,67.99213285326813,53.40667400073339,95.00385568672937,84.06590907024882,10.937946616480545,4581.467999999999,126.92952108200836,4835.327042164015,4327.608957835982,0.7553030983144932,0.11081995646983069,69.62214285714292,11107404.0,1.1635011057938376,93552929.0,-0.010462307546892258,0.0011483542025303498,-0.007159024332672946,0.04874068929285369,0.07023769227449006,0.008172655096406967,69.97134308215686,74.18278618271404,1,1,0.039530129969922,TCS.NS,IN,IT Services
2024-08-15,4675.52,4942.03,4857.21,4894.91,5630028,4765.346,4729.302,4603.522,4445.1976,4699.871423179296,4593.646302085795,82.81928199580824,75.4068343594791,106.225121093501,88.49775261437094,17.727368479130064,4603.522,141.11171631017345,4885.745432620347,4321.298567379653,1.0162363686345015,0.12261196215431823,78.60357142857148,11017023.3,0.5110298249954844,99182957.0,0.03901857107378537,0.017328204195783452,0.04692312298951827,0.07618519959809933,0.09903386523508972,0.024279747555912667,91.0223678693537,80.48688337989192,1,1,0.002116484266309504,TCS.NS,IN,IT Services
2024-08-16,4901.88,4989.25,4965.83,4976.24,20470225,4812.875999999999,4763.104,4627.652,4463.1822,4742.390085123767,4622.127283041397,84.21359971175465,73.93635084655315,120.26280208236949,94.85076381470925,25.412038267660236,4627.652,161.16962765981373,4949.991255319627,4305.312744680373,1.0407160223989844,0.13931006710079216,83.4557142857143,11783311.05,1.7372216668063203,119653182.0,0.016615218665920306,0.004706364644791121,0.015169689996487979,0.07287709509251372,0.10739623111775742,0.05015204944930862,97.65513760954225,86.21628285368426,0,0,-0.02666872980402879,TCS.NS,IN,IT Services
2024-08-19,4940.72,5004.21,4947.19,4972.53,11361156,4863.134,4791.979,4653.0875,4480.9846,4777.796521359008,4648.202318312363,83.32695838433288,81.13554088586031,129.5942030466449,101.79945280450633,27.794750242138576,4653.0875,173.61450736360828,5000.316514727217,4305.858485272783,0.9599882015188075,0.14924671617593366,84.4271428571429,12073892.6,0.9409687029211522,108292026.0,-0.0007455428194781399,0.011466999696329427,0.006438332874559386,0.06164892458655191,0.11396292861271284,0.05322542382933304,93.86688349383611,94.18146299091069,0,0,-0.015111019943569892,TCS.NS,IN,IT Services
2024-08-20,4943.8,4942.98,4913.05,4926.35,9823434,4896.224,4815.362999999999,4674.7384999999995,4496.063,4800.651064077851,4668.893489495207,77.5475504688432,75.352896096512,131.75757458264343,107.79107794887346,23.966496633769964,4674.7384999999995,179.54219050495925,5033.822881009918,4315.654118990081,0.8503514957842186,0.15362757981428984,85.2492857142857,12112528.85,0.8110142242497755,98468592.0,-0.009287022903833542,0.006075491997116182,-0.0035296735304818734,0.049832605577825095,0.09636950769251329,0.034751832636686464,82.98588348393218,91.50263486243684,1,0,0.012169253098135435,TCS.NS,IN,IT Services
2024-08-21,4970.42,4940.04,4863.15,4897.32,4764237,4933.469999999999,4837.804999999999,4693.746499999999,4510.2006,4815.523296930341,4685.8805924136095,72.92906990497964,67.31745709353106,129.6427045167311,112.16140372269402,17.481300794037082,4693.746499999999,182.0870272634352,5057.92055452687,4329.572445473129,0.7795002794250412,0.15517414693221834,86.56357142857145,12099750.2,0.3937466912542797,93704355.0,-0.005892800958113176,0.015700423905316504,-0.014707006651346496,0.04802585118448932,0.08415907340010098,0.039530129969922,71.65022278784298,82.8343299218704,1,1,0.0017397270343779692,TCS.NS,IN,IT Services
2024-08-22,4890.77,4921.18,4892.55,4905.27,12449179,4935.5419999999995,4850.444,4714.799,4524.7222,4829.330551826534,4702.190887724891,69.66465884154871,77.58081927163231,127.13966410164358,115.15705605086714,11.982608050776435,4714.799,180.9237562854161,5076.646512570832,4352.951487429168,0.7631923578056273,0.1534943536599355,81.20571428571436,12110072.15,1.0280019654546844,106153534.0,0.0016233368454585673,0.005836579841679309,0.002964768328912836,0.026447619525914012,0.09389592838888383,0.002116484266309504,71.26426766555949,75.30012464577821,0,1,-0.0024789664992957983,TCS.NS,IN,IT Services
2024-08-23,4908.7,4851.72,4836.97,4843.53,6898109,4909.0,4860.938,4736.5015,4537.7968,4831.5150916604325,4712.695772629793,61.489664695982356,38.827520222666834,118.81931903063924,115.88950869618876,2.9298103344504796,4736.5015,167.93901064861404,5072.379521297228,4400.623478702772,0.6593264417629572,0.14182536257917658,81.72928571428585,11665097.2,0.5913459862686797,99255425.0,-0.012586463130470071,0.003045299605865341,-0.013276427567377675,0.02214582818939803,0.09843564320509457,-0.02666872980402879,53.3327524612897,65.41574763823071,1,1,0.02163091794620864,TCS.NS,IN,IT Services
2024-08-26,4853.16,4955.1,4851.22,4897.39,8875567,4893.972,4878.553,4760.096500000001,4551.5156,4841.649729630105,4726.419552493866,63.83725956343199,30.527979453746568,115.23017713623904,115.75764237708859,-0.5274652408495513,4760.096500000001,154.56035960359745,5069.217219207196,4450.975780792805,0.7220710089433597,0.12988002205717056,86.91071428571448,11330327.5,0.7833459550621149,108130992.0,0.011119988933691038,0.021211298262947997,0.00911364966331037,0.037310113444773085,0.10663225993053893,-0.015111019943569892,68.97563242406862,64.5242175169726,0,0,-0.009025215471914816,TCS.NS,IN,IT Services
2024-08-27,4885.43,5022.14,4957.62,4986.3,11736579,4905.962,4901.093,4786.924000000001,4565.8734,4863.903685543548,4745.7256089583625,69.35475902275141,52.39336740014607,118.17807658518541,116.24172923958949,1.9363473455959195,4786.924000000001,144.06649938941334,5075.056998778828,4498.791001221174,0.8459791152768933,0.12038336049570307,93.49214285714301,11394779.05,1.029996098959365,119867571.0,0.018154568045428254,0.012939454104243124,0.020647107828784615,0.04734398958180197,0.12057980785437383,0.012169253098135435,88.84739855585993,70.38526114707274,0,0,-0.01604797144175052,TCS.NS,IN,IT Services
2024-08-28,4995.89,4936.47,4881.35,4905.84,8097047,4907.666,4920.568,4807.609,4579.1902,4870.355442950711,4757.617675773465,58.095906134421625,46.814722783040835,112.7377671772465,115.54093680293744,-2.8031696256909413,4807.609,128.35682020714128,5064.322640414283,4550.895359585717,0.6913240758083283,0.10679472495131344,88.08142857142866,11102185.25,0.729320047211422,111770524.0,-0.01613621322423442,0.011235588604599549,-0.01802481639907647,0.0413386286400812,0.09209419118727369,0.0017397270343779692,63.810057256460645,73.87769607879638,0,0,-0.004048236387652393,TCS.NS,IN,IT Services
2024-08-29,4922.14,4914.68,4875.85,4893.11,8405856,4905.2339999999995,4920.388000000001,4824.845,4590.2968,4873.856151712437,4767.679010046933,60.2122822322679,49.311303778832,106.17714166550377,113.66817772374947,-7.491036058245697,4824.845,114.06561585796547,5052.976231715931,4596.713768284069,0.6496178306799163,0.0945652064329045,84.77857142857147,10957025.5,0.7671657999549422,103364668.0,-0.00259486652642571,0.007935648289123276,-0.005897841182899054,-0.0003677289265788808,0.07578945516985125,-0.0024789664992957983,58.83685318682161,70.49810299971405,0,1,-0.03804942051169902,TCS.NS,IN,IT Services
2024-08-30,4899.34,4949.26,4947.53,4948.3,27713398,4926.188,4917.593999999999,4840.349,4601.2608,4885.309072701658,4781.089029515332,64.29164883305218,56.09680070276849,104.22004318632571,111.77855077453118,-7.558507588205472,4840.349,108.29129716213146,5056.931594324263,4623.766405675738,0.7492143940191912,0.08949048687366047,86.94928571428578,11945847.7,2.31991871787226,131078066.0,0.011279125137182877,0.0003496150192995823,0.009993182755226222,-0.005614680963940577,0.06685323249005015,0.02163091794620864,76.44356536694808,66.36349193674344,0,0,-0.05300608289715658,TCS.NS,IN,IT Services
2024-09-02,4970.93,4862.18,4846.0,4853.19,8096639,4917.348,4905.66,4848.8195000000005,4609.4454000000005,4880.36766914256,4786.441182536238,55.42990951131401,51.25045306270385,93.92648660632221,108.20813787780567,-14.281651271483454,4848.8195000000005,101.83297674315973,5052.48545348632,4645.153546513681,0.5107295793054137,0.08400640753332939,86.16928571428578,11909067.2,0.679871746808873,122981427.0,-0.019220742477214503,0.0033338896684442514,-0.023685708710437882,-0.023999855204493548,0.03616950411846842,-0.009025215471914816,46.101575958507716,60.46066483742579,0,0,-0.05229137948442153,TCS.NS,IN,IT Services
2024-09-03,4902.64,4909.54,4903.68,4906.28,9024148,4901.343999999999,4903.653,4859.508,4617.669800000001,4884.354186878674,4795.33558185737,61.43990810094822,51.15307790085338,89.01860502130421,104.37023125225741,-15.351626230953201,4859.508,95.59049625742837,5050.688992514856,4668.327007485143,0.6223238758835898,0.07868327102859674,86.46428571428585,11568265.7,0.7800777967886927,132005575.0,0.010939196693309006,0.0011943876011965232,0.0007424571251404702,-0.004074010169801245,0.045555576866112,-0.01604797144175052,37.430469298280045,53.325203541245266,0,0,-0.054167312097964104,TCS.NS,IN,IT Services
2024-09-04,4893.45,4941.05,4841.93,4885.98,6433353,4897.371999999999,4902.519,4870.162,4625.4972,4884.604312255455,4802.062202576202,49.352513812555266,34.170663973744,82.54210967925246,100.00460688829071,-17.462497209038247,4870.162,84.98339878751821,5040.1287975750365,4700.195202424964,0.5465326176204194,0.06979923771529625,77.04857142857158,11559848.4,0.5565256758448773,125572222.0,-0.004137554318139225,0.02028661599105596,-0.0015265303620142696,-0.002315552179559477,0.045599092640544514,-0.004048236387652393,26.467570340624626,36.66653853247079,0,0,-0.05155158228236689,TCS.NS,IN,IT Services
2024-09-05,4906.03,4712.77,4702.25,4706.93,8206540,4860.136,4882.6849999999995,4866.5644999999995,4631.1156,4857.269776675718,4795.003499954972,32.89682590085238,26.06205020819803,62.266276720746646,92.45694078650378,-30.190664065757133,4866.5644999999995,90.40110196553789,5047.366703931075,4685.762296068924,0.058538290659020664,0.07430383545971218,83.43357142857154,11574071.2,0.7090451708085941,117365682.0,-0.0366456678087097,0.002235002432583064,-0.040582711479538215,-0.04043406377222869,-0.015055828980849006,-0.03804942051169902,1.4630029072448831,21.78701418204984,0,0,-0.030846007907489703,TCS.NS,IN,IT Services
2024-09-06,4707.92,4696.65,4677.5,4686.01,15274185,4807.678,4866.932999999999,4863.9355000000005,4636.739799999999,4830.922097518262,4786.9173138127335,32.19310893452007,25.55823065665875,44.0047837055281,82.76650930017894,-38.76172559465084,4863.9355000000005,94.96787476080296,5053.871249521607,4673.999750478394,0.03161661127993232,0.07809961687261982,81.46285714285725,10544871.45,1.448494049826084,102091497.0,-0.004444510540840829,0.004086632337531406,-0.004653859878671515,-0.03252173518074619,-0.011096127751082041,-0.05300608289715658,2.4692432683308723,10.133272172066784,0,0,-0.030595325234047732,TCS.NS,IN,IT Services
2024-09-09,4653.78,4618.8,4583.9,4599.41,17485423,4756.9220000000005,4837.135,4857.843999999999,4641.3132000000005,4795.304827488281,4773.007824960074,30.653064122896367,11.666337047047733,22.297002528207486,70.67260787576575,-48.37560534755826,4857.843999999999,107.66142212854794,5073.166844257095,4642.521155742903,-0.10010817916590423,0.088649550811863,84.50785714285732,11050052.4,1.5823835747255302,84606074.0,-0.018480541014637253,0.0075879297562063295,-0.011682975989408224,-0.06084465398916572,-0.02580466148723637,-0.05229137948442153,3.539156626497993,2.49046760069124,1,0,0.006798698093886113,TCS.NS,IN,IT Services
2024-09-10,4581.0,4690.9,4600.21,4640.52,16611141,4703.77,4802.557,4851.825,4645.5314,4771.49176338219,4763.180790620408,35.01785255886689,23.487171815393964,8.310972761782068,58.200280795201145,-49.88930803341908,4851.825,116.37861738401519,5084.5822347680305,4619.067765231969,0.04608285278299692,0.09594626136267598,85.55071428571442,11513986.1,1.4426923406923047,101217215.0,0.008938102930593494,0.019543068449221216,0.012992796332675713,-0.06934600806209013,-0.02528513516351938,-0.054167312097964104,12.919861263205439,6.309420386011425,0,0,-0.009684259522639849,TCS.NS,IN,IT Services
2024-09-11,4643.28,4666.13,4608.48,4634.1,6776110,4653.394,4775.383,4847.9755000000005,4650.5664,4750.354558708527,4753.607414753599,34.15118820792769,11.599887133182989,-3.252856045071894,45.9096533816055,-49.162509426677396,4847.9755000000005,122.39649364927094,5092.768487298542,4603.182512701459,0.0631502716635674,0.10098771633581519,87.6235714285716,11206617.7,0.6046524987951987,94441105.0,-0.0013834656460913752,0.012440387561767786,-0.001977050705535183,-0.05539112567878279,-0.016342290213092858,-0.05155158228236689,11.454910551270103,9.304642813657836,0,0,-0.010429209555253394,TCS.NS,IN,IT Services
2024-09-12,4621.4,4577.9,4548.82,4561.74,19943422,4624.356000000001,4742.246,4831.317,4653.7686,4721.336922318821,4739.378725411185,33.732435833785615,10.11415637455113,-18.041803092363807,33.11936204889767,-51.16116514126148,4831.317,137.42269275948368,5106.162385518967,4556.471614481033,0.009584271369536818,0.11377658949678127,88.83642857142877,11922287.4,1.672784731495004,74497683.0,-0.015614682462614216,0.006374760508050338,-0.01290950794131366,-0.06772175569320937,-0.06806458137126115,-0.030846007907489703,2.72965435645499,9.0348087236435,1,1,0.02443804337818478,TCS.NS,IN,IT Services
2024-09-13,4551.57,4551.47,4535.57,4542.64,8210639,4595.682,4701.68,4809.637,4655.946599999999,4693.845078517622,4724.790023183294,28.66422084561262,16.676808243073467,-30.944944665671756,20.306500675599086,-51.25144534127084,4809.637,147.21023627524895,5104.057472550498,4515.216527449502,0.046571952542716455,0.12242939438067223,82.73642857142873,11309308.1,0.7260071262885547,66287044.0,-0.004186998820625343,0.0035001673035937346,-0.00196196037850619,-0.08197966978558291,-0.08713406105814825,-0.030595325234047732,1.453028341243003,5.212531082989357,1,1,0.04127335646232133,TCS.NS,IN,IT Services
2024-09-16,4541.43,4674.03,4596.0,4630.68,5562091,4601.936,4679.429,4792.5445,4661.6182,4684.12737125949,4717.812061932178,28.589490415181643,41.17909638746297,-33.68469067268779,9.50826238545597,-43.192953058143765,4792.5445,147.14737097193182,5086.839241943863,4498.249758056137,0.22499593616405775,0.12281356675720043,83.2107142857144,11019354.85,0.504756455432919,71849135.0,0.01938080059172642,0.016850656922953622,0.01965240023516389,-0.04584819469256285,-0.06874769986304752,0.006798698093886113,22.990645169032504,9.057775955576824,1,1,0.021551910302590294,TCS.NS,IN,IT Services
2024-09-17,4621.04,4656.29,4547.01,4595.58,9056268,4592.947999999999,4648.359,4776.006,4666.8994,4670.504695352759,4708.749599726919,30.24123700835547,49.26944645786443,-38.24490437415989,-0.042370980962291936,-38.2025333931976,4776.006,149.8798272441647,5075.765654488329,4476.246345511671,0.19904889250660612,0.12552733580664105,83.52000000000011,10980996.55,0.8247217940595933,62792867.0,-0.007579880276762929,0.023779370612626905,-0.005509582258538018,-0.06332700131260338,-0.06714301663503408,-0.009684259522639849,14.506031086043919,12.9832348654398,1,1,0.03023557418214895,TCS.NS,IN,IT Services
2024-09-18,4600.93,4637.67,4544.25,4585.77,5961831,4583.282000000001,4618.338,4760.4285,4671.7864,4657.468585618095,4699.63232826319,30.354129378675623,38.14062296928475,-42.163742645095226,-8.466645324017362,-33.69709732107786,4760.4285,152.76999716723617,5065.968494334473,4454.888505665527,0.2141806257137386,0.12836659318983934,87.41928571428583,11040876.25,0.5399780166924689,56831036.0,-0.0021346598253102478,0.020371715109998904,-0.0032949860136964825,-0.061443149583092715,-0.06361642694371605,-0.010429209555253394,12.134690226952385,16.543788827342926,1,1,0.02864731549990518,TCS.NS,IN,IT Services
2024-09-19,4572.09,4689.68,4660.06,4673.22,7003720,4605.5779999999995,4614.967,4748.826,4676.8506,4659.891880572093,4697.67433403831,33.11273727377652,56.272045148464045,-37.78245346621679,-14.32980695815234,-23.452646508064454,4748.826,149.97695803374657,5048.779916067493,4448.872083932507,0.37397064023767984,0.12632760857838543,90.83071428571436,10768603.3,0.6503832627595016,63834756.0,0.01906986176803449,0.006338242154230605,0.02211898715904061,-0.007161780608592072,-0.04730626448697017,0.02443804337818478,33.94742034124024,20.196047218078842,0,1,-0.0019708038568695407,TCS.NS,IN,IT Services
2024-09-20,4658.32,4771.57,4696.99,4730.13,7570950,4643.076,4619.379000000001,4743.156,4683.7456,4670.697746735892,4700.080192992948,42.07353206399922,78.40491211497603,-29.382446257055562,-17.340334820272368,-12.042111436783195,4743.156,148.34284359657963,5039.8416871931595,4446.47031280684,0.47804747488206734,0.12510053946912011,90.54857142857145,10802245.35,0.7008681115664429,71405706.0,0.012177898750754368,0.01576700851773295,0.015415428738254345,0.009415259463808168,-0.023412676291877932,0.04127335646232133,47.9826378611819,31.354916143124836,1,0,0.007251386325534348,TCS.NS,IN,IT Services
2024-09-23,4729.04,4752.16,4713.13,4730.48,9459192,4663.036,4632.486,4734.8105,4689.8054,4679.8950176473745,4702.33353566675,37.851061477222444,83.82554202982064,-22.438518019375806,-18.359971460726914,-4.078546558648892,4734.8105,143.83579682091892,5022.482093641837,4447.138906358162,0.49247318800985934,0.12151345598383587,89.31142857142855,10831426.6,0.8733098119032805,80864898.0,7.399373801564302e-05,0.008250748338433202,0.0003045015478827194,0.028497133327970214,-0.034081418878218916,0.021551910302590294,48.06895531210391,43.333004504842,1,0,0.019243290321489637,TCS.NS,IN,IT Services
2024-09-24,4735.82,4778.81,4699.1,4734.53,16139670,4690.825999999999,4641.887000000001,4722.222,4695.511,4688.300400459146,4704.719934869848,39.29333917740043,76.81107037744614,-16.419534410702,-17.971884050528924,1.5523496398269252,4722.222,131.12262158197413,4984.467243163948,4459.976756836051,0.5234665838948733,0.11106857880205251,87.92499999999998,11051581.15,1.4603945191684613,97004568.0,0.000856149904449488,0.016835884448928026,-0.0002723921094973397,0.02025850551231323,-0.050492349036359685,0.03023557418214895,81.7957572764272,59.28245014990432,1,1,0.004572787583984272,TCS.NS,IN,IT Services
2024-09-25,4739.9,4764.11,4679.57,4717.14,9981275,4717.1,4650.191,4712.787,4701.8156,4692.737262334032,4705.640466844771,50.93565000641483,84.54194135030735,-12.90320451073967,-16.95814814216775,4.054943631428081,4712.787,123.79940655840679,4960.385813116814,4465.188186883187,0.5087904298584776,0.10507532511728652,80.84000000000002,11145792.55,0.8955194581008545,87023293.0,-0.0036730150616849366,0.017921876391199333,-0.0048017890672787415,0.017919337088107667,-0.03846436084340288,0.02864731549990518,74.64643973000068,68.17038410617725,1,1,0.0025905527501832726,TCS.NS,IN,IT Services
2024-09-26,4715.14,4727.08,4613.55,4664.01,14742389,4715.258,4660.418,4701.332,4706.0192,4688.317683170316,4702.555092573096,48.09629296320654,67.84020430499822,-14.237409402780031,-16.414000394117014,2.176590991336983,4701.332,116.6276213379593,4934.587242675919,4468.076757324082,0.41999751094067633,0.09922942803268044,86.84714285714283,11462619.2,1.2861273201741432,72280904.0,-0.011263180656075567,0.024341714533196838,-0.01084379254910549,0.022419076931171178,-0.046820938012838376,-0.0019708038568695407,52.80381516176291,69.74867072273025,0,1,-0.0052615667633645335,TCS.NS,IN,IT Services
2024-09-27,4655.58,4848.62,4697.08,4764.43,9702019,4722.118,4682.597,4692.138499999999,4711.435,4700.027271144058,4707.140670395319,63.9459806639173,69.63616792249739,-7.113399251260489,-14.55388016507207,7.44048091381158,4692.138499999999,102.53004562336479,4897.198591246729,4487.078408753269,0.6762690623021894,0.08740581346722232,92.73999999999991,10562050.25,0.9185733689750842,81982923.0,0.02153082862172262,0.03180653299554577,0.023380545495937557,0.048824031840515536,-0.037158215952953544,0.007251386325534348,73.10653250256169,66.85226246477508,0,0,-0.039610194713743385,TCS.NS,IN,IT Services
2024-09-30,4753.32,4861.63,4789.42,4821.51,11425083,4740.3240000000005,4701.68,4690.5545,4718.5888,4718.716922776086,4715.616325576922,64.89359951284541,69.65837707598322,3.10059719916444,-11.022984691505512,14.123581890669952,4690.5545,100.12755367531427,4890.8096073506285,4490.299392649372,0.8269716855957187,0.0853865389904693,93.14785714285706,10728472.45,1.064930910557457,93408006.0,0.011980446769078279,0.014976635950145296,0.014345762540705478,0.041209930291015606,-0.006527665308796782,0.019243290321489637,87.69551616240054,71.20195460890837,0,0,-0.024129370259524552,TCS.NS,IN,IT Services
2024-10-01,4827.32,4793.54,4726.29,4756.18,10991048,4744.654,4717.74,4683.049499999999,4723.8458,4724.480473389291,4718.622307482061,59.15801476324793,54.32078009414942,5.858165907229704,-7.646754571208269,13.504920478437974,4683.049499999999,87.9975261300161,4859.044552260031,4507.054447739967,0.707762942935587,0.0751625846619791,95.83142857142846,10826817.45,1.0151687728725147,82416958.0,-0.013549697086597368,0.01413949850509986,-0.014736955494971263,0.03494662262434778,-0.03059344350505866,0.004572787583984272,67.65932650411695,76.15379172302637,0,0,-0.0015768957440635,TCS.NS,IN,IT Services
2024-10-02,4774.26,4747.9,4714.53,4729.36,4017512,4747.098,4732.099,4675.2185,4728.089800000001,4725.231169820812,4719.418002228489,63.49640890205806,49.192616422525525,5.813167592323225,-4.954770138151016,10.767937730474241,4675.2185,74.99653004430945,4825.211560088619,4525.225439911381,0.6804800167665467,0.06416515509963311,92.71499999999989,10706025.4,0.37525706082697496,78399446.0,-0.005638979180771275,0.007055923000150725,-0.009404598827879323,0.03131208063204194,-0.03205498180508315,0.0025905527501832726,59.4338465311309,71.59622973254945,1,0,0.02292699223573602,TCS.NS,IN,IT Services
2024-10-03,4713.26,4679.31,4607.6,4639.47,11011568,4742.1900000000005,4728.724,4671.8455,4731.1948,4712.037143250252,4713.493790107073,56.99871344522024,40.11001604400641,-1.4566468568218625,-4.2551454818122165,2.798498624990354,4671.8455,75.01224612128782,4821.869992242576,4521.821007757425,0.3920992848686197,0.06422493733688038,99.54285714285697,10846276.8,1.0152393478249284,67387878.0,-0.019006800074428565,0.015456506885481438,-0.01565583057161801,-0.007222001104163711,-0.01433205932529269,-0.0052615667633645335,30.00189047819655,52.36502117114812,1,1,0.026645284914009526,TCS.NS,IN,IT Services
2024-10-04,4619.67,4590.77,4563.66,4575.71,6445260,4704.446,4713.282,4666.3305,4734.5194,4691.063735998781,4703.284171983126,45.88233531588485,39.052814282172065,-12.220435984344476,-5.848203582451588,-6.372232401892888,4666.3305,77.91459598920227,4822.159691978404,4510.501308021596,0.20923131009763565,0.0667887505946571,95.57285714285705,10404830.55,0.6194487598408068,60942618.0,-0.013742949086856915,0.005924763588600382,-0.009515831217379275,-0.03264603721250792,-0.02353814865952064,-0.039610194713743385,9.91240783915209,33.116048282826505,1,1,0.04412648528862184,TCS.NS,IN,IT Services
2024-10-07,4578.64,4750.06,4669.26,4705.17,8925380,4681.178000000001,4710.751,4671.6185000000005,4740.113,4693.233930512829,4703.4239061796425,57.1923607009254,43.14659758523382,-10.189975666813552,-6.716557999381944,-3.473417667431608,4671.6185000000005,76.71337482200681,4825.045249644014,4518.191750355987,0.6093404509879722,0.06568462285350592,100.22071428571424,9976828.4,0.8946108670556199,69867998.0,0.028292876952429324,0.01717259950224604,0.02763484353431851,-0.005350408415213614,0.022994253610789217,-0.024129370259524552,50.702627764664754,30.205642027337788,0,1,-0.012586155229247886,TCS.NS,IN,IT Services
2024-10-08,4741.01,4764.77,4735.81,4748.68,23134988,4679.678,4712.166,4677.0265,4746.091600000001,4701.764095223331,4706.77717004122,60.23882848343913,41.304295914225015,-5.013074817888992,-6.375861363065161,1.362786545176169,4677.0265,78.20362236025882,4833.433744720518,4520.619255279482,0.7290606810679005,0.0668831979979094,97.80499999999996,10303020.75,2.245456581706236,93002986.0,0.009247274806223782,0.006098536856556755,0.0016177987390869149,0.0029886810306409828,0.023307732754087818,-0.0015768957440635,62.09349934536341,40.90284498306008,0,1,-0.02855740963804687,TCS.NS,IN,IT Services
2024-10-09,4763.95,4951.05,4747.18,4837.79,15483006,4701.364,4724.231000000001,4687.211,4753.004599999999,4722.691157857897,4716.48439897114,60.32162165552363,59.22042707038748,6.206758886757598,-3.8593373129931043,10.066096199750703,4687.211,85.26369690247198,4857.738393804944,4516.683606195056,0.9415097089072282,0.07276284076176968,104.94499999999996,10738365.55,1.4418399602870697,108485992.0,0.01876521475441595,0.04214114295989651,0.015499742860438216,0.025576938568709018,0.043954597440711174,0.02292699223573602,70.7633134565405,61.186480188856216,0,0,-0.041134484961108275,TCS.NS,IN,IT Services
2024-10-10,4829.84,4790.09,4741.49,4763.09,7515204,4726.088000000001,4734.139,4697.2785,4757.2986,4728.906364432077,4719.937513810828,52.022085889570555,53.43881899557536,8.968850621248748,-1.2936997260570513,10.2625503473058,4697.2785,81.47186206391093,4860.222224127822,4534.334775872178,0.7019454887003556,0.06937792772039691,104.79857142857145,10116954.65,0.7428325535854257,100970788.0,-0.015440934807008921,0.010203460358714648,-0.013820333592828369,0.02124352220514103,0.04413885929491834,0.026645284914009526,51.4804202481957,61.44574435003319,0,0,-0.04382659156136037,TCS.NS,IN,IT Services
2024-10-11,4747.42,4803.96,4756.55,4777.62,16965818,4766.47,4735.4580000000005,4709.027499999999,4760.0866000000005,4736.400769996687,4724.21126246121,52.84256735570083,66.64177126749702,12.189507535476878,1.4029417263234623,10.786565809153416,4709.027499999999,74.65588874967042,4858.33927749934,4559.715722500659,0.7296955442767195,0.0634151223365372,105.39714285714288,10554713.6,1.6074160830459594,117936606.0,0.003050540720414663,0.009923350957169036,0.006361349954289584,0.002768431900562973,0.05172762974834,0.04412648528862184,55.23116239434357,59.15829869969324,0,0,-0.037732176271867535,TCS.NS,IN,IT Services
2024-10-14,4759.95,4651.9,4641.19,4645.95,19028951,4754.625999999999,4717.902,4709.791,4759.33,4722.485266774753,4718.412910976646,45.371028428093645,57.27152263033664,4.0723557981064005,1.9368245406917273,2.135531257414673,4709.791,73.88658249394646,4857.5641649878935,4562.017835012107,0.28398987392090214,0.06275147452949055,109.44857142857147,11228056.6,1.6947678465774882,98907655.0,-0.027559747321888373,0.0023052335905461166,-0.023949831405787044,-0.03641182948910204,0.003297571846899272,-0.012586155229247886,21.242159064453773,42.651247235664336,0,0,-0.017783230555645235,TCS.NS,IN,IT Services
2024-10-15,4662.49,4674.25,4564.12,4613.07,13575562,4727.503999999999,4703.590999999999,4710.6655,4757.7412,4705.652148660456,4710.60821071967,44.64820166822653,38.082298136645896,-4.956062059213764,0.5582472206865068,-5.514309279900271,4710.6655,72.55517635241131,4855.775852704823,4565.555147295177,0.1637197202645881,0.061609279073112616,111.27642857142862,11454021.3,1.185222242844769,85332093.0,-0.007077131695347627,0.02387347254647691,-0.010599486540451447,-0.03008927332439071,0.0038058308200488167,-0.02855740963804687,12.754588399254567,29.742636619350623,0,0,-0.02330985655973128,TCS.NS,IN,IT Services
2024-10-16,4587.63,4660.18,4621.67,4638.79,2300647,4687.704,4694.534,4713.3165,4757.059,4695.365664174137,4705.287382711984,48.66543899754465,35.094001790510234,-9.921718537846573,-1.5377459310494492,-8.383972606797123,4713.3165,68.61312758198808,4850.542755163976,4576.090244836024,0.22845393211680118,0.05822917054857101,106.53214285714297,11270962.1,0.20412159809129354,87632740.0,0.005575462761241434,0.008301733857318808,0.01115172758046937,-0.019150582742696654,0.011561853298355462,-0.041134484961108275,19.393892459744986,17.79687997448443,0,0,-0.016528017004434403,TCS.NS,IN,IT Services
2024-10-17,4620.75,4559.7,4550.06,4554.34,11698145,4645.954,4686.021,4707.3724999999995,4752.5682,4673.669408009892,4694.104225799201,38.69158476063342,11.059211430141502,-20.43481778930891,-5.317160302743664,-15.117657486565244,4707.3724999999995,76.91644125627157,4861.205382512542,4553.539617487457,0.0026014675778941627,0.06535827896029474,99.68357142857154,11505683.35,1.0167274404672852,75934595.0,-0.01820517850560166,0.0021166623484406744,-0.014372125737160736,-0.01834907866631319,-0.025438562704088397,-0.04382659156136037,1.0673582882338897,11.071946382411134,1,0,0.0008189990207141395,TCS.NS,IN,IT Services
2024-10-18,4553.5,4651.43,4554.08,4597.35,17860336,4609.9,4688.1849999999995,4700.7335,4749.7434,4661.927960560813,4686.936136692213,37.74867736434787,25.058688978510858,-25.008176131400432,-9.2553634685103,-15.752812662890133,4700.7335,80.49588418868927,4861.725268377379,4539.741731622622,0.17891681344278684,0.06849644566208403,99.69428571428587,12020152.65,1.4858658649509027,93794931.0,0.009443739378263372,0.02117524225912301,0.00962995497968392,0.00472932069558607,-0.02807111009633978,-0.037732176271867535,11.793311553874675,10.751520767284504,1,0,0.0024296605653257863,TCS.NS,IN,IT Services
2024-10-21,4612.6,4594.83,4538.14,4563.33,4201180,4593.376,4674.001,4692.376,4746.5852,4646.759043482651,4677.778814256299,39.0863920862902,19.539445628997953,-31.019770773647906,-13.608244929569018,-17.411525844078888,4692.376,85.75057817207473,4863.87715634415,4520.874843655851,0.12377513145984594,0.0730977894116383,97.12214285714299,11757252.05,0.3573266631358249,89593751.0,-0.007399915168521121,0.012422945524427813,-0.010681611238778508,-0.03014556328464224,-0.03533468062437628,-0.017783230555645235,6.100603036966556,6.320424293025025,0,0,-0.00021694683487716304,TCS.NS,IN,IT Services
2024-10-22,4571.32,4539.91,4478.04,4505.54,3807156,4571.87,4649.687,4680.9265,4741.478,4625.033036709625,4665.018690405761,37.76271186440679,24.734588116745343,-39.98565369613607,-18.88372668291268,-21.10192701322339,4680.9265,94.65143301249411,4870.229366024988,4491.623633975011,0.03675688149146934,0.08088264834961537,100.2392857142858,11140626.35,0.34173623085956645,85786595.0,-0.012663997563183038,0.013731983291677834,-0.014389716755769746,-0.05120159707539784,-0.04836594128667471,-0.02330985655973128,5.813830574394167,7.9025817217451175,0,1,-0.0020064187644543985,TCS.NS,IN,IT Services
2024-10-23,4520.01,4565.9,4559.1,4562.12,9147719,4556.536,4622.12,4673.175499999999,4738.4986,4615.354107953633,4657.395628599371,45.611048695514,41.55254169844485,-42.041520645738274,-23.515285475499045,-18.52623517023923,4673.175499999999,97.82395264078193,4868.823405281563,4477.5275947184355,0.21618530788665558,0.0837323166149108,95.85357142857154,11098948.55,0.8241968268069116,94934314.0,0.01255787319610957,0.001490535102101168,0.009316351070017622,-0.05698263049863683,-0.03286313316967493,-0.016528017004434403,17.775522716184042,9.896652109181574,0,1,-0.02928682279291195,TCS.NS,IN,IT Services
2024-10-24,4580.15,4568.97,4549.36,4558.07,8320339,4557.282,4601.618,4667.878500000001,4731.7618,4606.54116824424,4650.037337535845,48.92632809076299,35.58056448731689,-43.49616929160493,-27.511462238734886,-15.984707052870043,4667.878500000001,101.15779597790771,4870.1940919558165,4465.562908044185,0.2286207678343175,0.0866841722447456,91.83928571428585,10777846.05,0.7719852546988965,86613975.0,-0.0008877451711046813,0.004302259508958019,-0.004820802812133905,-0.04304348647621614,-0.022714359531819328,0.0008189990207141395,16.91930403159141,13.502885774056525,0,0,-0.03599769200560765,TCS.NS,IN,IT Services
2024-10-25,4577.39,4620.74,4598.74,4608.52,4065615,4559.516,4584.7080000000005,4660.0830000000005,4724.4074,4606.84560389968,4646.961655222564,43.491319514593215,61.016673444489626,-40.11605132288423,-30.032380055572155,-10.083671267312077,4660.0830000000005,99.31633061773414,4858.715661235468,4461.450338764533,0.3702051322283668,0.08524855082427724,83.86214285714297,10496025.85,0.3873479992098153,90679590.0,0.011068281092655674,0.004773766849226047,0.006800818807222741,-0.03539419208727346,-0.03272374659717947,0.0024296605653257863,27.585040485343768,20.75995574437306,0,0,-0.03568390719797265,TCS.NS,IN,IT Services
2024-10-28,4619.99,4573.47,4553.43,4562.34,8237528,4559.318,4576.347,4647.1245,4716.2036,4599.998587901642,4640.692773045607,37.49630941836434,42.97185530172241,-40.694185143965115,-32.164741073255755,-8.52944407070936,4647.1245,93.90574790295345,4834.935995805907,4459.313004194093,0.2742829861493295,0.0808291216669002,83.54000000000009,10336648.1,0.7969244114129791,82442062.0,-0.010020570595332234,0.004392482804875474,-0.01247838198783702,-0.017996319374939396,-0.053752869951529725,-0.00021694683487716304,17.822033360779248,20.77545929257146,0,0,-0.024281399457296016,TCS.NS,IN,IT Services
2024-10-29,4593.62,4504.43,4490.16,4496.5,4727052,4557.51,4564.6900000000005,4634.1405,4707.6066,4584.075728197958,4630.0108622334965,26.3607020654689,38.103884082737075,-45.935134035538795,-34.91881966571754,-11.016314369821252,4634.1405,95.96338476486072,4826.067269529722,4442.213730470279,0.14142443407607289,0.08283165757692491,74.13357142857156,10023448.3,0.47159933257706005,77715010.0,-0.01443119101163004,0.003173579450683256,-0.02114236702208253,-0.025269505990587526,-0.05459843824245514,-0.0020064187644543985,5.663966617557497,17.023680154560157,1,0,0.0010474813744023592,TCS.NS,IN,IT Services
2024-10-30,4446.88,4447.78,4413.1,4428.51,10596727,4530.7880000000005,4543.662,4619.098,4698.2304,4560.142539210711,4615.083624246731,26.608031769114675,36.768696966574,-54.94108503602001,-38.92327273978405,-16.01781229623596,4619.098,103.5328745959827,4826.1637491919655,4412.032250808034,0.039788688511323785,0.08965635680036263,73.21214285714294,10352409.05,1.0236000070341107,67118283.0,-0.015120649393973062,0.00783107636654124,-0.0041309862195507314,-0.04533078669221924,-0.06361325845357502,-0.02928682279291195,3.9425881389654713,9.14286270576739,0,1,-0.001567118511644039,TCS.NS,IN,IT Services
2024-10-31,4434.06,4405.02,4385.17,4393.99,13088991,4497.972,4527.6269999999995,4606.8240000000005,4688.0048,4534.580610070902,4598.705050645078,23.908045977011568,18.7525554770845,-64.12444057417542,-43.963506306668386,-20.160934267507038,4606.8240000000005,114.9159047395414,4836.6558094790835,4376.992190520918,0.036978800970960034,0.09977885392584263,72.92142857142868,10456280.2,1.2517826127323355,54029292.0,-0.0077949468331336424,0.004517534177364046,-0.00903686463421595,-0.035208175059394,-0.05291121615184502,-0.03599769200560765,3.051058530499931,4.219204429007619,1,1,0.017228077442142498,TCS.NS,IN,IT Services
2024-11-01,4400.75,4464.28,4427.91,4444.07,12725551,4465.082,4512.299,4600.242,4680.0156,4520.655900815181,4587.249781228938,34.55535834506399,31.908207960388566,-66.59388041375769,-48.4895811280906,-18.10429928566709,4600.242,120.42948736655173,4841.100974733104,4359.383025266897,0.1758019912414911,0.10471578440136455,68.19714285714294,10770294.75,1.18154146324162,66754843.0,0.011397385974933893,0.008183939496900747,0.009843776628981392,-0.03334094641478258,-0.02876930574708636,-0.03568390719797265,20.374982703679226,9.122876457714861,1,0,0.02383625820475377,TCS.NS,IN,IT Services
2024-11-04,4425.65,4512.23,4403.02,4451.56,7532678,4442.926,4501.122,4587.5615,4671.099,4510.025762219158,4577.19801909739,37.14440358501691,21.15766262403541,-67.17225687823156,-52.226116278121665,-14.9461406001099,4587.5615,122.13937626529601,4831.840252530592,4343.282747469408,0.221626423519604,0.10649612110073678,68.13142857142859,10700659.65,0.7039451344529835,74287521.0,0.0016853919942756423,0.024532972710684473,0.005854507247521812,-0.024493078519414402,-0.053900284155513956,-0.024281399457296016,24.140940329354883,15.855660521178,1,1,0.025135008850829754,TCS.NS,IN,IT Services
2024-11-05,4432.49,4530.85,4477.5,4501.21,7860585,4443.868,4500.689,4575.188,4661.397199999999,4508.669491107539,4571.568930966917,39.45100444717072,38.908444315418954,-62.89943985937771,-54.36078099437418,-8.538658865003526,4575.188,117.40121444723616,4809.990428894473,4340.385571105528,0.34246755804730084,0.10264165271216011,70.42999999999996,9936939.5,0.7910468015784134,82148106.0,0.011153393417139057,0.01185236858533339,0.015503701079976435,-0.0009610390763371557,-0.052113429416174695,0.0010474813744023592,43.5814617289732,29.36579492066909,1,1,0.01919039547143986,TCS.NS,IN,IT Services
2024-11-06,4500.87,4451.82,4397.37,4421.57,4055549,4442.48,4486.634,4554.3769999999995,4651.7118,4495.269569390499,4560.4572666866825,39.74416413045159,37.052908041607616,-65.18769729618361,-56.52616425473713,-8.661533041446482,4554.3769999999995,104.59309200798565,4763.56318401597,4345.190815984029,0.18256268781583862,0.09186160215367543,71.50928571428572,9365566.65,0.433027569877198,78092557.0,-0.01769302032120257,0.012314630323615254,-0.01761881591780757,-0.03080804538241,-0.08603515241463566,-0.001567118511644039,13.67084804321449,27.131083367180846,1,1,0.029127662798508203,TCS.NS,IN,IT Services
2024-11-07,4435.23,4472.64,4467.32,4469.69,7588407,4457.62,4477.796,4539.707,4643.2434,4491.334251020695,4553.733411145313,40.216125076640076,57.64007421150264,-62.39916012461799,-57.70076342871376,-4.698396695904229,4539.707,93.79742354783427,4727.301847095669,4352.112152904332,0.3133824007313821,0.08264623558111872,68.20357142857145,9369226.8,0.8099287542138744,85680964.0,0.010883012142745674,0.0011902391441015884,0.007769608340490181,-0.019389785589076114,-0.061598668091512154,0.017228077442142498,35.878931952133485,31.043747241440375,1,1,0.00415688783785928,TCS.NS,IN,IT Services
2024-11-08,4446.06,4586.18,4521.06,4550.0,12209453,4478.806,4471.9439999999995,4528.326,4635.2774,4500.359750867613,4553.456848677956,49.046071934620514,74.74071489739602,-53.09709781034326,-56.780030305039375,3.682932494696118,4528.326,75.41952269944218,4679.165045398884,4377.486954601116,0.5718447930445086,0.06662022363180158,72.29500000000007,9131408.55,1.3370830574563375,97890417.0,0.017967689034362744,0.01431208791208474,0.023378002096232666,-0.012698219818944145,-0.04764296867477946,0.02383625820475377,69.97070934299802,39.84016311278199,0,1,-0.01201538461538465,TCS.NS,IN,IT Services
2024-11-11,4519.26,4613.11,4523.71,4563.45,20814216,4501.183999999999,4472.055,4524.200999999999,4629.4826,4510.06594304542,4554.197115551824,54.42500191029263,71.42036890834706,-44.131172506404255,-54.250258745311726,10.119086238907471,4524.200999999999,70.75977194186159,4665.720543883723,4382.6814561162755,0.638669892942879,0.06256112134880494,72.58857142857148,9220671.8,2.2573424360096586,118704633.0,0.0029560439560438745,0.019590441442325444,0.009778149520051915,0.0002432962032641317,-0.017757401607851997,0.025135008850829754,75.68026488909588,60.50996872807578,0,0,-0.04220710208285394,TCS.NS,IN,IT Services
2024-11-12,4556.09,4632.88,4551.35,4587.59,17856018,4518.46,4481.164,4522.927000000001,4623.1088,4521.992721042168,4556.670766020824,52.047723947194946,73.03172936913745,-34.678044978655635,-50.33581599197972,15.657771013324087,4522.927000000001,69.28961561902817,4661.506231238057,4384.347768761944,0.7333069660640051,0.06127856197459107,74.10071428571435,9434694.6,1.8925907901045584,136560651.0,0.005289857454338298,0.01777185842675173,0.006913823036856841,0.020257978427665968,-0.005523436670156645,0.01919039547143986,81.71652335359205,75.7891658618953,0,0,-0.040415555880102594,TCS.NS,IN,IT Services
2024-11-13,4603.48,4602.2,4508.88,4550.36,9580345,4544.218,4493.349,4518.505499999999,4616.3964000000005,4526.356917806068,4556.203283764847,49.411531239982295,58.68712220297632,-29.846365958778733,-46.23792598533886,16.39156002656013,4518.505499999999,64.13690426900543,4646.77930853801,4390.231691461989,0.6241660334343974,0.05677709523114765,79.36571428571428,9798679.5,0.9777178672169177,126980306.0,-0.008115372123489784,0.020508267477733454,-0.011539096509594558,0.02751489778729166,-0.019063160867381468,0.029127662798508203,66.6868515600229,74.69454660090359,0,0,-0.0244002672316036,TCS.NS,IN,IT Services
2024-11-14,4583.03,4496.67,4481.55,4488.27,14516492,4547.934,4502.777,4515.201999999999,4612.0232,4520.497391988436,4551.171008201189,40.98210669986353,62.56877967890267,-30.673616212752677,-43.12506403082123,12.451447818068551,4515.201999999999,63.89511105587898,4642.992222111758,4387.411777888241,0.39462417563982227,0.056604431922084565,79.80428571428567,9939596.85,1.4604707573757625,112463814.0,-0.013645074235884458,0.003368781289894886,-0.020676277484541587,0.021456580465590624,-0.01450704163501182,0.00415688783785928,41.62125065584116,63.34154185648536,0,0,-0.005017523455585482,TCS.NS,IN,IT Services
2024-11-15,4499.71,4508.47,4484.81,4495.33,17719273,4537.0,4507.903,4510.101000000001,4608.2096,4516.625485527941,4547.034499866364,44.66149360271505,55.71606919921535,-30.40901433842282,-40.58185409234128,10.17283975391846,4510.101000000001,60.998411359821475,4632.097822719644,4388.104177280357,0.43946153813208383,0.05409937503378134,77.55928571428565,9932543.7,1.7839610628684108,130183087.0,0.0015729891472660018,0.0052632398511331955,-0.0009733960633016651,0.01153447177924738,-0.022191044841049834,-0.01201538461538465,44.47135763576566,50.92648661720989,1,0,0.004751597769240501,TCS.NS,IN,IT Services
2024-11-18,4475.32,4414.02,4336.29,4370.84,5747547,4498.478,4499.831,4500.4765,4603.6382,4494.196949289272,4533.982654135717,40.84457785678899,16.631900469343577,-39.78570484644479,-40.42262424316197,0.6369193967171825,4500.4765,67.04397506390316,4634.564450127806,4366.388549872194,0.01659899388254803,0.0595883347586755,83.76357142857134,10009862.05,0.5741883751346628,124435540.0,-0.027693183815203692,0.017783766964698473,-0.023345816611991147,-0.018132969116444575,-0.04218191539949989,-0.04220710208285394,11.649077851540401,32.58056204771572,1,1,0.025745623266923534,TCS.NS,IN,IT Services
2024-11-19,4377.21,4441.83,4370.47,4402.18,7247135,4461.396000000001,4489.928,4495.3085,4598.8714,4480.040495550538,4524.219216616699,47.97339942426996,21.840405098655523,-44.178721066160506,-41.173843607761725,-3.0048774583987807,4495.3085,70.52636522868032,4636.361230457361,4354.255769542639,0.16988054857852672,0.06275552855041173,82.90357142857134,10181861.0,0.7117691243507327,131682675.0,0.00717024645148312,0.016210150425467258,0.005704546960277105,-0.02200075090919995,-0.022940646404204568,-0.040415555880102594,22.215853535108447,26.112096340804822,1,1,0.00840719825177505,TCS.NS,IN,IT Services
2024-11-20,4420.04,4439.73,4439.0,4439.33,12431318,4439.1900000000005,4491.704,4489.169,4594.976000000001,4473.777342388197,4517.930960738483,53.47571446093464,25.237172634954433,-44.1536183502858,-41.769798556266565,-2.3838197940192316,4489.169,69.74439889980738,4628.657797799615,4349.680202200385,0.32135124545299204,0.062144596382797755,82.48999999999985,10346040.95,1.2015530248260786,144113993.0,0.008439000676937258,0.00016443922844199438,0.00436421389851576,0.004016672810788879,-0.02691511840986205,-0.0244002672316036,34.74156242612782,22.86883127092554,0,1,-0.014975232749085965,TCS.NS,IN,IT Services
2024-11-21,4420.64,4490.07,4446.29,4465.75,12580203,4434.686,4491.31,4484.553,4593.0562,4472.542366636047,4514.065610044275,51.724521938337226,35.338762779414296,-41.523243408228154,-41.72048752665888,0.1972441184307243,4484.553,67.97689043073568,4620.506780861471,4348.5992191385285,0.43084782239491437,0.060632032160815606,81.09357142857127,10559034.15,1.1914159600084293,156694196.0,0.00595134851430279,0.009803504450537969,0.010204404792063923,-0.0008814928999549831,-0.020254186530702656,-0.005017523455585482,43.64948245037374,33.53563280386999,0,0,-0.0025863516766501116,TCS.NS,IN,IT Services
2024-11-22,4475.15,4517.8,4515.8,4516.69,63600279,4438.958,4487.979,4479.9615,4592.537200000001,4479.33431023106,4514.260013693672,54.84576581402611,55.12256669069923,-34.92570346261164,-40.361530713849376,5.43582725123774,4479.9615,62.00153956280844,4603.964579125617,4355.958420874384,0.6480951128727405,0.05535899320812871,77.0107142857142,13535767.35,4.698682583467824,220294475.0,0.011406818563511001,0.0004428021405054492,0.009282370423335682,-0.007320879120879198,-0.019926136807478456,0.004751597769240501,60.82470750847679,46.405250794992774,0,0,-0.0032811638611460747,TCS.NS,IN,IT Services
2024-11-25,4493.47,4519.57,4454.41,4483.37,5981169,4461.464,4479.971,4476.013,4589.590999999999,4479.955185580171,4511.971816649688,48.639621778252234,48.03069222156358,-32.016631069516734,-38.69255078498281,6.6759197154660725,4476.013,58.917075900218784,4593.847151800437,4358.178848199563,0.5312176049432956,0.052651389439847866,76.00142857142848,13422949.4,0.4455927215524837,214313306.0,-0.007377083660822348,0.0145337101332224,-0.0022477061157631217,-0.017548126965344135,-0.017309100154745183,0.025745623266923534,49.59034357176707,51.35484451020585,1,0,0.0038698568264499134,TCS.NS,IN,IT Services
2024-11-26,4504.71,4480.78,4405.92,4439.19,7351223,4468.866,4465.130999999999,4473.1475,4586.4632,4473.683618567467,4506.580466512416,51.420417902747324,65.30109693306461,-32.896847944948604,-37.533410216975945,4.636562272027341,4473.1475,59.26089026056071,4591.669280521121,4354.625719478879,0.3567457396815528,0.052992565311604366,74.11642857142844,13554157.95,0.5423592144018645,206962083.0,-0.009854194501011548,0.016863436798150746,-0.014544776467294428,-0.03234813921906721,-0.012745468697876183,0.00840719825177505,34.6943592163096,48.369803432184476,1,1,0.017739722787265322,TCS.NS,IN,IT Services
2024-11-27,4436.09,4388.67,4360.19,4372.85,10172376,4455.57,4447.38,4470.3645,4582.2048,4458.170754171699,4496.674328312143,42.416126303918844,44.32359202632086,-38.50357414044447,-37.72744300166965,-0.7761311387748222,4470.3645,62.67602139281084,4595.716542785622,4345.012457214378,0.11103745167168752,0.05608135210701227,76.1114285714284,13532940.4,0.7516751679719827,196789707.0,-0.014944167742313219,0.006512914918186985,-0.014255797335037278,-0.03901010029975638,-0.012568561434884384,-0.014975232749085965,12.326781078214745,32.20382795543046,1,1,0.03234732497112858,TCS.NS,IN,IT Services
2024-11-28,4363.83,4498.57,4418.71,4454.2,12025202,4453.26,4443.973,4473.375,4577.8244,4457.559868914489,4493.528029506469,42.50977326035961,52.45744505040489,-35.96816059197954,-37.37558651973162,1.4074259277520795,4473.375,60.212061258963416,4593.799122517927,4352.950877482073,0.4203855523316513,0.0538403878583395,76.77071428571402,13479750.95,0.892093715418851,208814909.0,0.018603427970316666,0.01792914552556727,0.02070887271043537,-0.007590898052033501,0.013702807698697583,-0.0025863516766501116,39.75521764037973,28.925452644968015,1,1,0.02704862826096721,TCS.NS,IN,IT Services
2024-11-29,4471.16,4529.13,4480.06,4501.87,9205136,4450.296,4444.627,4476.265,4573.2591999999995,4464.376812158656,4494.145962751044,45.42985216410377,55.577516985793714,-29.769150592387632,-35.8542993342628,6.085148741875166,4476.265,60.1185207035195,4596.5020414070395,4356.027958592961,0.6064771708441841,0.053722038979824624,75.73714285714264,13303730.2,0.6919213761625009,218020045.0,0.010702258542499177,0.010899914924240106,0.006868463664908696,0.0014548431372112258,0.013006095763568037,-0.0032811638611460747,55.82791058344569,35.969969767346704,1,1,0.017070683960221045,TCS.NS,IN,IT Services
2024-12-02,4486.83,4512.29,4491.46,4500.72,9630677,4453.7660000000005,4457.615,4478.723,4568.664,4469.968071826725,4494.6329354084055,43.32518863430299,47.08587277836586,-24.664863581680947,-33.616412183746405,8.951548602065458,4478.723,60.060219262797524,4598.843438525595,4358.602561474405,0.5915622697910883,0.053640485703432994,71.40142857142837,13408630.15,0.7182446061990452,208389368.0,-0.0002554494021372866,0.00462814838514622,0.0030957268271802653,0.02971511196932397,0.011043319645247962,0.0038698568264499134,61.836711669129414,52.473279964318266,1,1,0.008585293019783391,TCS.NS,IN,IT Services
2024-12-03,4506.31,4550.2,4492.13,4517.94,9944785,4469.516,4469.191,4479.5595,4564.3322,4477.348368468955,4496.359407403649,47.42992135971586,56.70195029273777,-19.011038934693715,-30.69533753393585,11.684298599242133,4479.5595,60.50475496538793,4600.569009930776,4358.549990069225,0.6585846435594054,0.05402741494146845,68.88357142857123,13512840.15,0.7359507071538394,218334153.0,0.003826054497946929,0.012853203008447845,0.0025808255535008946,0.026296062405444465,0.0037167783773695007,0.017739722787265322,84.91889112203758,67.52783779153755,0,1,-0.0003629972952273741,TCS.NS,IN,IT Services
2024-12-04,4526.6,4542.49,4491.74,4514.3,18382476,4497.806,4476.688,4484.196,4560.2754,4483.03323485847,4497.688356414743,52.27427612840093,67.2769931453286,-14.655121556273116,-27.487294338403284,12.832172782130169,4484.196,59.36943200707521,4602.934864014151,4365.457135985849,0.6267655718678,0.05295881982595063,67.59357142857127,14229186.5,1.2918851480451712,199951677.0,-0.0008056769235534889,0.011242053031475257,-0.002717271241107556,0.016887683501789708,0.020972188611737552,0.03234732497112858,83.21724089531493,76.65761456216063,0,1,-0.011831291673127575,TCS.NS,IN,IT Services
2024-12-05,4536.24,4639.98,4522.44,4574.68,10555787,4521.902,4487.581,4489.4455,4558.4888,4497.1327371881935,4503.3915056008855,56.34201313959629,97.734260441796,-6.258768412692007,-23.24158915326101,16.982820740569004,4489.4455,62.574437733248914,4614.594375466498,4364.296624533502,0.8405324246080703,0.05575248678994767,74.88071428571409,14377555.5,0.7341850473687932,210507464.0,0.013375274128879289,0.025693600426690884,0.008473978449110284,0.024392319319263445,0.023489324763015018,0.02704862826096721,78.49781026679037,82.21131409471428,0,0,-0.00897767712714348,TCS.NS,IN,IT Services
2024-12-06,4574.13,4580.97,4576.93,4578.72,7863303,4537.272,4493.784000000001,4490.8815,4554.774600000001,4509.68462377482,4508.971452485337,70.57647384883413,96.42803877703273,0.7131712894824886,-18.450637064712293,19.16380835419478,4490.8815,64.34180594581647,4619.565111891633,4362.197888108368,0.8412963729722218,0.0573088432155709,63.9699999999998,14160248.0,0.5553082435202941,218370767.0,0.0008831218795630758,0.0008823426634515936,0.0010034695122349258,0.013733508387779647,0.006312087912087927,0.017070683960221045,78.10500732664485,79.94001949625003,1,0,0.0029309501345353706,TCS.NS,IN,IT Services
2024-12-09,4549.84,4540.17,4538.7,4539.36,6684069,4545.0,4499.383,4489.677000000001,4549.1316,4514.250066271061,4511.222477823048,63.36620157455766,64.90182049447495,3.027588448012466,-14.15499196216733,17.182580410179796,4489.677000000001,63.125794719338316,4615.928589438678,4363.425410561324,0.6967618792769116,0.05624083400148779,61.731428571428424,13453740.65,0.49681859321269184,211686698.0,-0.008596288919174078,0.0003238341968911765,-0.0023033777011934853,0.01248837370103284,-0.005278900831607647,0.008585293019783391,64.03731369933155,73.54671043092223,1,0,0.011294543724225559,TCS.NS,IN,IT Services
2024-12-10,4524.85,4576.81,4467.89,4516.3,10345936,4544.6720000000005,4507.094,4486.1125,4544.334,4514.565440690901,4511.598593952372,57.71134309816265,55.27420446851728,2.966846738529057,-10.730624222028045,13.697470960557101,4486.1125,59.196447517438465,4604.505395034877,4367.719604965123,0.6274886469769981,0.05278195543908043,66.82928571428563,13078236.55,0.7910802935369529,201340762.0,-0.005080011279122942,0.024117086995986966,-0.0018895653999576319,0.01737028602064794,-0.015539749628890154,-0.0003629972952273741,55.79541799186627,65.97924633928088,1,1,0.019345481921041463,TCS.NS,IN,IT Services
2024-12-11,4515.5,4517.73,4415.41,4460.89,8459121,4533.99,4515.897999999999,4481.639000000001,4538.964599999999,4506.30768058453,4507.842370594388,49.53982501988413,34.654903437516964,-1.5346900098575134,-8.891437379593935,7.356747369736421,4481.639000000001,57.44029292734798,4596.519585854697,4366.758414145305,0.4096931833780238,0.051267219807159856,70.51357142857134,13022175.35,0.6495934913367994,192881641.0,-0.012268892677634313,0.022937126896197115,-0.012093898793043423,0.020133322661422204,-0.019662180574723576,-0.011831291673127575,35.99127917353759,51.94133695491178,1,1,0.04690992156273732,TCS.NS,IN,IT Services
2024-12-12,4473.8,4551.37,4519.39,4533.61,12778235,4525.776,4523.839,4483.906000000001,4536.8474,4510.508037417713,4509.751098569893,51.5386294194675,53.78672000627516,0.7569388478204928,-6.961762134111046,7.718700981931539,4483.906000000001,58.59880844846218,4601.103616896925,4366.708383103077,0.7120520933586973,0.052274787605671426,73.25857142857129,12935262.5,0.9878604328392692,205659876.0,0.016301679709654238,0.007053981264377065,0.013368948097810834,0.017828117282564726,0.010101887809779608,-0.00897767712714348,61.982200936195106,51.25629936719964,1,1,0.06026323393498778,TCS.NS,IN,IT Services
2024-12-13,4542.67,4665.88,4533.15,4592.14,12012564,4528.460000000001,4532.866,4488.7465,4537.1759999999995,4523.066800891996,4515.854023636322,59.45743848361019,53.4489570164349,7.212777255673245,-4.126854256154185,11.339631511827431,4488.7465,63.39436669934633,4615.535233398693,4361.957766601307,0.9077393046981823,0.056491821669441354,78.08499999999991,12649927.05,0.9496152035426003,217672440.0,0.012910241507319897,0.028903735513283905,0.010890071257650095,0.020051667418206298,0.021535682586150573,0.0029309501345353706,75.87752298054944,57.95033436342735,1,1,0.044597943442490795,TCS.NS,IN,IT Services
2024-12-16,4600.32,4617.93,4568.8,4590.63,7335976,4538.714,4541.857000000001,4499.736,4534.885200000001,4533.461139216363,4521.39302138681,64.22292347571295,52.37639171555127,12.068117829553557,-0.8878598390126334,12.955977668566192,4499.736,60.87994721279202,4621.495894425584,4377.976105574416,0.8732509806612823,0.054118683596351934,76.06214285714279,12729348.5,0.5763040758681345,210336464.0,-0.0003288227275300981,0.010702234769517344,-0.0021063752086805903,0.019976803711406088,0.050285528639803845,0.011294543724225559,75.38355850673764,71.0810941411607,1,1,0.05917270614272985,TCS.NS,IN,IT Services
2024-12-17,4552.61,4618.3,4591.96,4603.67,6394512,4556.188,4550.43,4509.8105,4531.985,4544.262502413898,4527.487649620765,74.08992235117314,64.33762875105911,16.774852793132595,2.644682687416414,14.130170105716182,4509.8105,60.55714295519222,4630.924785910384,4388.696214089615,0.8874831911594715,0.053711474533290435,72.39571428571422,12686717.35,0.5040319981565603,216730976.0,0.002840568723682768,0.005721522176870718,0.01121554448986168,0.018975462268201904,0.0457705046136232,0.019345481921041463,75.16269413472608,75.47459187400437,1,1,0.05329226464972514,TCS.NS,IN,IT Services
2024-12-18,4601.46,4716.94,4632.71,4670.15,4567756,4598.04,4566.015,4521.3515,4528.6322,4563.629809734916,4538.055290895549,73.2599470067427,78.73659830400831,25.574518839367556,7.230649917806645,18.34386892156091,4521.3515,67.96033845483464,4657.272176909669,4385.430823090331,1.0473725682584774,0.06012391512123708,71.50642857142851,12293539.25,0.37155741203190024,221298732.0,0.014440652783539898,0.01803582326049089,0.01492787071929011,0.03452362492523742,0.05199433247809915,0.04690992156273732,84.48247272216867,78.3429084545441,1,1,0.040343457918910586,TCS.NS,IN,IT Services
2024-12-19,4666.67,4828.93,4789.13,4806.82,9006863,4652.682,4589.229,4538.405,4529.5068,4601.043685160443,4557.963892118965,77.56186619909265,99.56727324831631,43.07979304147739,14.400478542540796,28.67931449893659,4538.405,91.86312612853068,4722.1312522570615,4354.678747742938,1.2304753585873371,0.08096511979738313,77.49571428571426,12114872.25,0.7434549923995284,230305595.0,0.02926458464931536,0.00827990230547262,0.03003212140562105,0.050744532950938614,0.07637462912164805,0.06026323393498778,94.6532211257141,84.76612932753626,1,1,0.02473776842070219,TCS.NS,IN,IT Services
2024-12-20,4840.17,4853.88,4751.38,4796.94,8948457,4693.642,4611.0509999999995,4552.4175,4529.8932,4631.181579751231,4575.665911867381,76.3569064312916,96.01901366607238,55.515667883850256,22.62351641080269,32.89215147304756,4552.4175,108.28316843861948,4768.983836877239,4335.85116312276,1.064544110420871,0.0951434427431982,83.32928571428569,9382281.15,0.9537612338806075,221357138.0,-0.0020554129341228133,0.02136778863191506,-0.008931504471948617,0.04765960792535884,0.06204764993833978,0.044597943442490795,87.01393481860318,88.71654288882861,1,1,0.009020333796128543,TCS.NS,IN,IT Services
2024-12-23,4798.29,4926.21,4811.12,4862.27,5983725,4747.969999999999,4643.342,4571.3625,4534.2196,4666.733644404975,4596.89593963411,78.2214572576019,96.11143354614035,69.83770477086546,32.066354082815245,37.77135068805021,4571.3625,127.0810766431841,4825.524653286368,4317.200346713632,1.0722872116037634,0.11119754921484028,88.41500000000003,9382408.95,0.637759917962229,227340863.0,0.013619098842178712,0.023670014211464287,0.013333916874550544,0.07113557858376529,0.08451231997359132,0.05917270614272985,87.48238057931198,89.71651217454307,0,1,-0.01513901942919682,TCS.NS,IN,IT Services
2024-12-24,4848.11,4926.63,4786.91,4849.01,15954832,4797.038,4676.613,4591.853499999999,4538.9384,4694.776160650423,4615.571132848714,77.00711669114202,92.40464780410942,79.20502780170864,41.494088826593924,37.710938975114715,4591.853499999999,137.2786914992214,4866.410882998442,4317.296117001557,0.9683110269893773,0.11958455686723567,94.77000000000005,9812589.4,1.625955160627106,211386031.0,-0.0027271212828576807,0.02881412906963925,0.0001856393522424945,0.07366871111307938,0.09231864371653398,0.05329226464972514,84.81671296098588,86.43767611963365,0,0,-0.012957284064169738,TCS.NS,IN,IT Services
2024-12-25,4852.75,4887.77,4835.19,4858.56,17083214,4834.72,4716.38,4616.139,4543.3338,4719.973674396556,4633.570377472936,74.9525349834751,92.3166318026363,86.40329692361956,50.47593044599906,35.9273664776205,4616.139,139.44201918625043,4895.023038372501,4337.254961627499,0.9346268818641886,0.12083000029784222,89.54857142857158,10158131.3,1.6817278506994833,228469245.0,0.0019694741813278682,0.010822136600142841,0.0011972592859717072,0.08914588792819367,0.11107401351521329,0.040343457918910586,86.68479323953161,86.32796225994313,0,0,-0.0025913027728380333,TCS.NS,IN,IT Services
2024-12-26,4834.31,4943.36,4911.62,4925.73,10635235,4858.502,4755.592,4639.7155,4550.7616,4751.62849372021,4655.211908122127,77.45462601072829,92.33419465977596,96.41658559808275,59.6640614764158,36.752524121666944,4639.7155,150.07766026382856,4939.870820527657,4339.560179472343,0.976444161469843,0.12938522654140847,95.15642857142868,10088632.95,1.0541798872581754,239104480.0,0.013825083975498753,0.006443714941743323,0.018910661500809885,0.08649178028105631,0.10586188316644951,0.02473776842070219,96.66066862373961,89.38739160808568,0,0,-0.029313421563910258,TCS.NS,IN,IT Services
2024-12-27,4888.71,4873.79,4813.34,4840.21,15312039,4867.156,4780.399,4656.6325,4555.6188,4765.256417763272,4668.9155157043315,72.18232492294993,56.65908818954177,96.34090205894063,66.99942959292078,29.34147246601985,4656.6325,152.7667198145489,4962.165939629098,4351.0990603709015,0.8004212897646383,0.13122506001022524,100.32571428571431,10393978.1,1.4731643052851626,223792441.0,-0.01736189356704476,0.012489127537852144,-0.009920817557185858,0.054020565575091384,0.07515543540795266,0.009020333796128543,80.46216497759175,87.93587561362096,0,1,-0.0015701798062481842,TCS.NS,IN,IT Services
2024-12-30,4842.81,4845.13,4743.48,4788.66,9222781,4852.434,4800.201999999999,4671.0295,4560.125400000001,4768.856968876619,4677.78550460614,69.2720273980357,48.58403447568237,91.07146427047883,71.81383652843239,19.257627742046438,4671.0295,150.85594800042708,4972.7413960008535,4369.317603999146,0.6949384521433858,0.12918432478355754,99.80642857142864,10373583.3,0.8890640624571778,214569660.0,-0.010650364343695817,0.02122723267051311,-0.0111815247759027,0.04313786996556024,0.06397643043779655,-0.01513901942919682,70.69798276338538,82.60693878823889,1,0,0.007530290310859389,TCS.NS,IN,IT Services
2024-12-31,4769.96,4828.81,4752.07,4786.18,8570859,4839.868,4818.4529999999995,4684.441499999999,4565.7382,4771.522050587911,4685.814749203137,74.88105982958284,33.424824641658915,85.70730138477393,74.5925294997007,11.114771885073225,4684.441499999999,148.43365196098935,4981.308803921977,4387.574196078021,0.6713534947352581,0.12674608229045664,97.97928571428585,10304887.0,0.831727525811052,205998801.0,-0.0005178901822220361,0.016033663589748955,0.0034004478024966356,0.03964445757406598,0.05937219175110786,-0.012957284064169738,62.926622166514406,71.36225663583049,1,1,0.010110359409800651,TCS.NS,IN,IT Services
2025-01-01,4777.24,4862.56,4832.7,4845.97,8387450,4837.35,4836.035,4701.025,4571.4152,4782.975581266703,4697.678132191179,74.37418066046573,49.44939505904514,85.29744907552322,76.73351341486521,8.563935660658004,4701.025,146.9445847035093,4994.914169407019,4407.135830592981,0.7465980632966333,0.12503195341737447,96.97214285714303,9805135.7,0.8554138770956656,214386251.0,0.012492217175283926,0.006161821059559679,0.014386968207581383,0.03764761303170139,0.07347097002857583,-0.0025913027728380333,76.25850174282392,69.96103555757455,0,0,-0.018570069562956593,TCS.NS,IN,IT Services
2025-01-02,4851.52,4799.64,4766.71,4781.34,10096910,4808.472,4833.486999999999,4711.358,4575.8806,4782.723953379517,4703.8753226159815,64.62449370806665,38.34027903605716,78.84863076353577,77.15653688459933,1.6920938789364328,4711.358,144.84356914308617,5001.045138286173,4421.670861713827,0.6207889318341883,0.12297394436428359,93.1528571428573,9782191.85,1.0321724540525696,204289341.0,-0.01333685516006089,0.006887190620201324,-0.01446556955345661,-0.005300801777474384,0.04517474446300063,-0.029313421563910258,56.74391285760167,65.30967892231331,1,1,0.0016438906248039675,TCS.NS,IN,IT Services
2025-01-03,4807.45,4874.95,4798.73,4832.61,38073937,4806.952,4837.054,4724.0525,4580.3624,4790.3987297826725,4713.411246060907,67.36814906261662,35.23030072325844,76.98748372176578,77.12272625203263,-0.13524253026685074,4724.0525,143.72849638248942,5011.509492764979,4436.595507235021,0.6888238984119378,0.12169932182799333,96.33000000000013,11292723.55,3.3715457090468037,242363278.0,0.010722935411411783,0.01577201553611495,0.0052335437706049195,0.00743599044390808,0.05544999475836021,-0.0015701798062481842,68.48321001687964,67.16187487243506,0,0,-0.010302921195792791,TCS.NS,IN,IT Services
2025-01-06,4826.8,4837.06,4814.85,4824.72,8253423,4814.164,4833.299,4738.3205,4585.61,4795.678925200726,4721.6563560910945,65.98406293837772,46.740457051470926,74.02256910963115,76.50269482355235,-2.480125713921197,4738.3205,138.49773744970435,5015.3159748994085,4461.325025100591,0.6559583239233793,0.11691715446405544,95.94000000000013,11371191.25,0.7258186141387241,234109855.0,-0.0016326581288370612,0.004603375947204279,-0.00043092732244955165,-0.007722730329660865,0.0628634873638576,0.007530290310859389,61.809109930591454,62.34541093502423,0,0,-0.005449020875822885,TCS.NS,IN,IT Services
2025-01-07,4816.01,4858.38,4815.53,4834.57,12282608,4823.842,4831.855,4754.2339999999995,4592.3714,4801.66216747754,4730.020345818627,62.949719614391064,61.71711500178662,71.6418216589127,75.53052019062442,-3.888698531711711,4754.2339999999995,129.64666892021748,5013.5273378404345,4494.940662159564,0.6549133515508656,0.10907891275035284,90.91000000000018,11468024.85,1.071030721473304,246392463.0,0.002041569251687081,0.00886324947202988,0.0038538125959031717,-0.002977927453232776,0.07047140358257864,0.010110359409800651,45.57234340581568,58.62155445109556,0,0,-0.007001656817462454,TCS.NS,IN,IT Services
2025-01-08,4843.21,4841.76,4687.36,4755.98,7274107,4805.843999999999,4821.597,4768.9884999999995,4598.9208,4794.634141711762,4731.943286593704,45.59262084749287,44.44893757811909,62.6908551180577,72.96258717611107,-10.271732058053374,4768.9884999999995,109.77377628920715,4988.536052578414,4549.440947421585,0.4703742996729054,0.09207300566078867,90.59714285714303,11408774.15,0.6375887774420728,239118356.0,-0.016255840746953742,0.03246439219676451,-0.018010782105253014,-0.02111325166304434,0.06615047669859586,-0.018570069562956593,26.804687499895252,44.72871361210077,0,1,-0.011261611697273688,TCS.NS,IN,IT Services
2025-01-09,4777.16,4801.41,4779.43,4789.2,14496589,4807.415999999999,4807.944,4781.767999999999,4606.825,4793.798119909952,4736.18453162518,49.35510748208634,38.43552658382549,57.61358828477205,69.89278739784326,-12.279199113071215,4781.767999999999,94.7835515710644,4971.335103142128,4592.20089685787,0.519602557290515,0.07928745315209322,86.52071428571448,11494691.85,1.2611549685731707,253614945.0,0.006984890600885585,0.004589493025974061,0.0025203258839974884,-0.027717718997996132,0.056376706421593425,0.0016438906248039675,39.78124999984466,37.38609363518517,0,1,-0.027754113421865845,TCS.NS,IN,IT Services
2025-01-10,4782.66,4820.53,4752.64,4782.82,2433086,4797.4580000000005,4802.205,4791.302,4613.6,4792.1091783853435,4739.639016044249,42.65915180633826,50.395299145299035,52.47016234109469,66.40826238649355,-13.938100045398855,4791.302,83.64048897390046,4958.582977947801,4624.0210220521985,0.47464744615756205,0.06982693971190554,82.1364285714287,11015717.95,0.22087400840959184,251181859.0,-0.0013321640357470965,0.01419455467694482,3.345418658232469e-05,-0.011856923563233868,0.04152312429499094,-0.010302921195792791,37.28906249985435,34.624999999864734,0,0,-0.03712035995500562,TCS.NS,IN,IT Services
2025-01-13,4765.53,4806.66,4791.85,4798.43,6656616,4792.2,4803.182,4801.692,4620.5374,4793.081612479907,4743.993909908075,45.346826126954916,38.722449518279205,49.08770257183187,62.94415042356121,-13.856447851729342,4801.692,69.0314235540493,4939.754847108099,4663.629152891901,0.4881865394318073,0.05750591545982969,73.85928571428583,10981749.95,0.6061525188749615,257838475.0,0.0032637648918421025,0.0030864261852306695,0.006903744179554769,0.0020402367259317877,0.04526611815807424,-0.005449020875822885,43.38671874983076,40.15234374984323,0,0,-0.040240245246882855,TCS.NS,IN,IT Services
2025-01-14,4782.29,4828.5,4778.49,4800.72,88198848,4785.43,4804.636,4811.5445,4626.5276,4794.25674902146,4748.195848013888,44.60689243622255,41.777442784706075,46.060901007571374,59.56750054036324,-13.506599532791867,4811.5445,50.98410923491374,4913.512718469828,4709.576281530172,0.44692218731050204,0.04238481779387324,73.67571428571435,15071966.75,5.851846916272761,346037323.0,0.000477239430397125,0.010417187421884591,0.0038538022579133503,0.0030379133254494484,0.042802807325460046,-0.007001656817462454,44.28124999982725,41.652343749837435,0,0,-0.02503582795913961,TCS.NS,IN,IT Services
2025-01-15,4804.74,4718.63,4689.46,4702.42,6540423,4774.718,4790.281,4813.158,4632.1446000000005,4780.128018402771,4744.805040342981,30.320602076246544,21.80980417253319,35.32297805979033,54.71859604424867,-19.39561798445834,4813.158,46.59562477770847,4906.349249555417,4719.966750444583,-0.09414376633105875,0.03872353642053622,75.56571428571442,15170600.1,0.4311248418495428,339496900.0,-0.020476095252378812,0.006203188996302726,-0.02129563722490258,-0.02962255234762079,0.006909842296286106,-0.011261611697273688,8.028146489642362,31.89870507976677,0,0,-0.0002615674482501218,TCS.NS,IN,IT Services
2025-01-16,4684.79,4663.71,4650.34,4656.28,6362165,4748.134,4777.775,4805.631,4635.8764,4761.074477110034,4738.247622579972,32.58205647834235,25.31444983658534,22.82685453006252,48.34024774141144,-25.51339321134892,4805.631,58.34981386344441,4922.330627726889,4688.931372273111,-0.13989492901119316,0.048567868705218835,71.25785714285732,15038365.2,0.423062247280559,333134735.0,-0.009811969156306777,0.0028713908957358706,-0.006085651651406815,-0.026155847523915976,-0.03131800233834425,-0.027754113421865845,2.6445839454935944,18.317993478321046,1,1,0.0059983506146539245,TCS.NS,IN,IT Services
2025-01-17,4672.16,4625.74,4588.91,4605.28,6731897,4712.626,4755.0419999999995,4796.048000000001,4636.982,4737.10609601618,4728.3981588093875,32.61603215531622,8.146732204624286,8.707937206792849,40.41378563448772,-31.705848427694875,4796.048000000001,73.5983504964157,4943.244700992832,4648.8512990071695,-0.14800365331945767,0.061382497002865896,68.80928571428583,14927537.2,0.45097168131849097,326402838.0,-0.010952949564888681,0.007997342181146842,-0.014314578267864498,-0.047040833007422456,-0.03995463774823116,-0.03712035995500562,5.7229758075593145,5.465235414231732,1,1,0.0243003682729388,TCS.NS,IN,IT Services
2025-01-20,4591.49,4611.27,4600.6,4605.34,3277742,4674.008,4733.104,4783.2015,4637.8198,4716.834388936766,4719.282730858189,32.777798940992724,8.416119962512099,-2.44834192142298,31.841360123305584,-34.289702044728564,4783.2015,83.2248582092575,4949.651216418515,4616.751783581485,-0.03427997303629329,0.06959761842292454,64.09000000000007,14792238.05,0.2215852508143451,329680580.0,1.3028523781377643e-05,0.0023168756269890504,0.0030164499977125827,-0.045469996186307204,-0.05284157399733047,-0.040240245246882855,5.743951894819904,4.703837215957581,1,1,0.041651647869646924,TCS.NS,IN,IT Services
2025-01-21,4626.36,4718.39,4650.25,4680.53,12263889,4649.969999999999,4717.7,4774.7775,4639.6786,4711.249098331109,4716.412155641855,34.693386625217386,28.405011356143234,-5.163057310745899,24.440476636495287,-29.603533947241186,4774.7775,84.72636021025126,4944.2302204205025,4605.324779579498,0.22190620555886,0.07097826879701384,66.7092857142858,14607690.9,0.8395500866225143,341944469.0,0.01632669900593653,0.014558180377005545,0.01170898935664072,-0.031862192501091124,-0.03474523665655471,-0.02503582795913961,32.03048524670662,14.499137649695257,1,1,0.002431348586591664,TCS.NS,IN,IT Services
2025-01-22,4678.63,4715.4,4689.82,4701.19,21615649,4649.724,4712.221,4766.909000000001,4642.6952,4709.701544741707,4715.2845876261235,41.92768657468017,32.91916938390243,-5.5830428844165,18.43577273231293,-24.01881561672943,4766.909000000001,83.83879053845443,4934.586581076909,4599.231418923092,0.3040316434128374,0.07035065325428842,63.538571428571494,14834312.65,1.4571384635648443,363560118.0,0.004414030035060135,0.005441175532151324,0.004821924366747245,-0.011520233474488939,-0.03239025554896935,-0.0002615674482501218,39.25325129338807,25.675896144971507,0,1,-0.01117589376306849,TCS.NS,IN,IT Services
2025-01-23,4698.81,4689.13,4680.27,4684.21,8470390,4655.3099999999995,4701.722,4754.833,4646.614,4705.779768627598,4712.982764560436,33.9449541284404,45.664905013569474,-7.202995932838348,13.308018999282673,-20.51101493212102,4754.833,76.8622596529057,4908.557519305811,4601.108480694188,0.2702936385191221,0.06466032321462362,58.346428571428596,14726070.4,0.5751968580024677,355089728.0,-0.003611851467394289,0.0018914608866805245,-0.003107169687643734,-0.021922241710515267,-0.04903232617297326,0.0059983506146539245,35.36571789054308,35.5498181435459,0,1,-0.01067415850271447,TCS.NS,IN,IT Services
2025-01-24,4708.45,4721.9,4713.42,4717.19,13675430,4677.692,4695.159,4748.682,4651.0512,4707.535188838737,4713.294411850678,38.96562339661358,65.46959922791694,-5.759223011941685,9.494570597037802,-15.253793608979487,4748.682,74.55813680755296,4897.798273615106,4599.565726384893,0.39440455009732667,0.06280322565927765,59.45214285714285,14644239.95,0.9338435530180211,368765158.0,0.007040674948390446,0.0017976803987114715,0.0018562371905824476,-0.013722030099397431,-0.025416252600610423,0.0243003682729388,47.60455709337722,40.741175425769434,0,0,-0.008286713064345363,TCS.NS,IN,IT Services
2025-01-27,4718.51,4808.45,4788.13,4797.16,9591689,4716.056,4695.032,4749.107,4659.5776000000005,4721.323621325086,4719.506681711965,46.6440604984122,92.48140276301824,1.8169396131206668,7.959044400254375,-6.142104787133708,4749.107,74.82177526420682,4898.750550528413,4599.4634494715865,0.6605582059155142,0.06301965844457998,62.90999999999998,14662685.35,0.6541563238171565,378356847.0,0.01695288932606065,0.004235839538392606,0.01666839743901845,-0.00026466990244733424,0.001775026834229143,0.041651647869646924,82.36108364610485,55.110452876675026,0,0,-0.03205646674282281,TCS.NS,IN,IT Services
2025-01-28,4810.72,4694.12,4690.14,4691.91,12262905,4718.332,4684.151,4744.3935,4665.372200000001,4716.7984488135335,4717.462481825825,44.51483656661476,63.075854152191646,-0.6640330122918385,6.234428917745133,-6.898461930036971,4744.3935,75.33099273244605,4895.055485464893,4593.731514535108,0.3258236812744118,0.06351158919042475,59.525714285714194,14847287.65,0.8259356498736892,366093942.0,-0.02194006453818509,0.0008482686155528804,-0.02469692686333349,-0.022665350197470513,-0.019696292241411784,0.002431348586591664,42.99010810116033,57.65191628021412,0,0,-0.02479800337176108,TCS.NS,IN,IT Services
2025-01-29,4700.72,4686.72,4618.2,4648.65,3890241,4707.824,4678.773999999999,4734.5275,4669.5586,4706.31407207299,4712.365258085058,38.170585957883745,44.67067870277496,-6.051186012067774,3.7773059317825513,-9.828491943850326,4734.5275,74.24096052544003,4883.0094210508805,4586.04557894912,0.21081496187410037,0.06272301557055017,61.545714285714176,14622427.2,0.26604616872045916,362203701.0,-0.009220125705736049,0.014739763157042517,-0.011077026498066155,-0.011434537961305113,-0.040718370109596336,-0.01117589376306849,24.934262698672903,50.09515148197934,0,0,-0.024000516278919637,TCS.NS,IN,IT Services
2025-01-30,4654.7,4662.15,4611.85,4634.21,15617361,4697.823999999999,4676.567,4727.171,4672.9277999999995,4695.2211379079135,4706.575976695667,37.65964160563336,38.56528270964222,-11.354838787753579,0.7508769878753244,-12.105715775628903,4727.171,76.6099186171695,4880.390837234339,4573.951162765661,0.19664176102073694,0.06482517227927938,60.2892857142856,14898449.75,1.048254027352475,346586340.0,-0.0031062781667795525,0.010854061425785282,-0.0044020022772671445,-0.004739835233276257,-0.030771708349542237,-0.01067415850271447,18.90729997070457,28.94389025684592,0,0,-0.025212495765189802,TCS.NS,IN,IT Services
2025-01-31,4625.26,4806.22,4575.61,4678.1,14274919,4690.005999999999,4683.849,4719.4455,4676.156,4692.587116691311,4704.466644072202,40.45621103726147,49.044685574908584,-11.879527380890977,-1.7752038858779366,-10.104323495013041,4719.4455,73.12909504325236,4865.703690086504,4573.1873099134955,0.35865577860663966,0.06198109082368822,75.05857142857134,13708498.85,1.0413188281867327,360861259.0,0.009470869900155554,0.0492956542185826,0.011424222638292488,0.01581228502935783,-0.031972371037596536,-0.008286713064345363,40.52750207584139,28.123021581739604,0,0,-0.03254098886300005,TCS.NS,IN,IT Services
2025-02-03,4720.55,4658.32,4631.43,4643.38,14268601,4659.25,4687.653,4710.3785,4679.3562,4685.016791046494,4699.941705455434,38.131374087260866,38.522066370167735,-14.924914408939912,-4.4051459904903325,-10.51976841844958,4710.3785,70.58718254569781,4851.552865091396,4569.204134908604,0.2627101069061378,0.05994183486162138,74.81999999999991,14009257.75,1.018512203581078,346592658.0,-0.007421816549453841,0.0057910401474774035,-0.016347671351851736,0.008259976462106966,-0.03758560082243112,-0.03205646674282281,29.105823741500316,29.513541929348737,0,0,-0.019472883976758282,TCS.NS,IN,IT Services
2025-02-04,4641.68,4612.24,4546.22,4575.56,8801471,4635.9800000000005,4677.156,4697.428,4682.0836,4668.177284731649,4690.728241985921,39.96932127269279,14.186437390910953,-22.55095725427236,-8.03430824324674,-14.516649011025622,4697.428,70.36246260017172,4838.152925200343,4556.703074799657,0.0669992368922239,0.05991573482353026,73.81285714285703,13835200.9,0.6361649843360797,337791187.0,-0.014605739784381178,0.014428834940419334,-0.014244842384650737,-0.022426947375617567,-0.05357456816221495,-0.02479800337176108,11.188651184032455,26.940659000458037,1,0,0.00887104529281646,TCS.NS,IN,IT Services
2025-02-05,4560.84,4552.7,4524.58,4537.08,75267820,4613.666,4660.745,4686.483,4685.3682,4648.008471696011,4679.346886374261,40.4594205218505,18.09076295288743,-31.338414678250047,-12.695129530247403,-18.643285148002644,4686.483,77.44401394421658,4841.371027888434,4531.594972111567,0.01770642948713387,0.06609989959993472,73.73428571428563,17234886.55,4.367177898993602,262523367.0,-0.008409899553278866,0.006197818861468982,-0.005209566658772289,-0.034908182821796085,-0.0460262658800078,-0.024000516278919637,4.403424102566658,14.899299676033124,1,1,0.011507401236037218,TCS.NS,IN,IT Services
2025-02-06,4509.46,4547.0,4493.67,4517.37,19369366,4590.298000000001,4644.061,4672.8915,4686.631600000001,4627.910245281239,4667.348594245218,42.592811041269954,20.03560668310064,-39.43834896397857,-18.04377341699364,-21.394575546984928,4672.8915,82.1768881117994,4837.245276223599,4508.5377237764005,0.026869708827244727,0.0703435019724143,72.7314285714285,17478525.4,1.1081807216883,243154001.0,-0.004344203761009302,0.011805541720069004,0.0017540902901895348,-0.035617532091857584,-0.05675895765472316,-0.025212495765189802,7.529067920428409,7.707047735675822,1,1,0.024923794154563472,TCS.NS,IN,IT Services
2025-02-07,4521.19,4561.29,4497.54,4525.87,6871785,4559.852000000001,4624.929,4660.044,4687.1116,4612.211746007202,4656.868694938447,43.39785660878953,24.58239489489496,-44.6569489312451,-23.366408519843937,-21.29054041140116,4660.044,84.14825859912568,4828.340517198251,4491.747482801748,0.1013761834356742,0.07222958289587622,76.52285714285706,17700460.35,0.3882263215698612,250025786.0,0.0018816258132496877,0.014085689602217013,0.0010351257080545731,-0.04055804408980768,-0.05372353548743203,-0.03254098886300005,10.229366541679125,7.387286188224711,1,1,0.0213572197168721,TCS.NS,IN,IT Services
2025-02-10,4514.29,4576.18,4534.38,4552.96,10834583,4541.768,4600.509,4647.7705000000005,4688.1564,4603.096092775325,4649.17175223549,38.48126410835218,18.12856560717198,-46.0756594601653,-27.908258707908214,-18.167400752257084,4647.7705000000005,80.73386464017949,4809.2382292803595,4486.302770719642,0.20641037555068997,0.06948179961997875,72.0414285714285,17909358.7,0.6049676360009677,260860369.0,0.00598558951096706,0.009180840596005895,0.008566131108101496,-0.05090511886199334,-0.0511563157115974,-0.019472883976758282,18.83537708870057,12.197937183602685,1,1,0.004159931121731741,TCS.NS,IN,IT Services
2025-02-11,4592.39,4666.27,4576.06,4616.15,19362246,4549.8859999999995,4592.933,4638.542,4690.1206,4605.104386194505,4646.725695826625,42.86912188904541,43.94323590907058,-41.621309632119846,-30.65086889275054,-10.970440739369305,4638.542,72.4547711261944,4783.451542252389,4493.632457747612,0.4227380072686195,0.062480642517565854,77.64428571428569,14467528.6,1.338324270648114,280222615.0,0.013878883188079838,0.019542259242004808,0.005173776617402732,-0.01614694229002689,-0.03844631638587559,0.00887104529281646,38.909714721269005,22.658152783882883,0,1,-0.03600619563922314,TCS.NS,IN,IT Services
2025-02-12,4594.89,4602.69,4578.57,4589.29,7960405,4560.3279999999995,4586.997,4632.885499999999,4691.6204,4602.671403703043,4642.471198731905,42.170384057014644,53.734428548115,-39.79979502886181,-32.4806541199728,-7.319140908889011,4632.885499999999,71.61653149901309,4776.1185629980255,4489.652437001973,0.34781621265423873,0.06183319790570915,78.83428571428574,14538527.7,0.5475385552597217,272262210.0,-0.00581870173196275,0.005255714936296166,-0.0012187451712661551,-0.012769298613575897,-0.024057825545144906,0.011507401236037218,30.376771078116846,29.373954296028785,0,0,-0.044956845176486904,TCS.NS,IN,IT Services
2025-02-13,4593.42,4646.29,4616.91,4629.96,22715085,4582.846,4586.572,4631.5695,4692.726,4606.86964928719,4641.544443046893,42.8948440172681,74.96505752069679,-34.67479375970288,-32.91948204791881,-1.755311711784067,4631.5695,71.40552938011439,4774.380558760228,4488.758441239771,0.4943649321891935,0.06166853752715913,80.21357142857148,15356173.7,1.4792150677994045,294977295.0,0.008861937249552865,0.0063456271760433695,0.007954857165247681,-0.0009170926652007916,-0.005652581030350379,0.024923794154563472,43.2969057753247,37.527797191570166,0,0,-0.050827652938686296,TCS.NS,IN,IT Services
2025-02-14,4622.75,4633.65,4613.63,4622.53,16528830,4602.178,4581.014999999999,4632.432,4693.602199999999,4609.278934012238,4640.1359654698035,33.86968650126545,80.26361229423276,-30.857031457565427,-32.506991929848134,1.6499604722827073,4632.432,71.17507677330576,4774.782153546611,4490.081846453389,0.4652195668435899,0.061458065027864606,75.125,15846020.35,1.043090226557091,278448465.0,-0.0016047654839351777,0.004330961616256724,-4.759071980968191e-05,-0.011878754195079333,0.0037457005871521787,0.0213572197168721,41.22860342332021,38.3007600922539,0,0,-0.04641614007913408,TCS.NS,IN,IT Services
2025-02-17,4612.5,4596.35,4552.34,4571.9,9394792,4605.965999999999,4573.867,4630.76,4694.253000000001,4603.5283287795855,4635.081448464529,37.67079660564219,60.66150924167318,-31.55311968494334,-32.316217480867174,0.7630977959238336,4630.76,72.22995966831179,4775.219919336624,4486.300080663376,0.296275671928281,0.06239145165657157,72.49428571428572,16151872.85,0.5816533788740555,269053673.0,-0.010952876455101457,0.00962619479865933,-0.008802168021678387,-0.015393958711111377,-0.00726113598561684,0.004159931121731741,25.029595264677404,36.51836815444076,0,0,-0.054218158752378454,TCS.NS,IN,IT Services
2025-02-18,4579.27,4491.46,4416.72,4449.94,5939587,4572.724,4561.305,4619.2305,4692.9258,4579.899355121188,4621.3672644725975,32.42717416296716,33.42344081869078,-41.46790935140962,-34.14655585497567,-7.32135349643395,4619.2305,81.65602001690738,4782.5425400338145,4455.918459966185,-0.01830379427300361,0.07070963011427096,78.3135714285714,15835657.75,0.37507672360014704,263114086.0,-0.026675999037599207,0.01679573207728261,-0.028242492799064604,-0.027454562938744265,-0.04926578827611405,-0.03600619563922314,8.528883183546613,24.92902729051472,0,0,-0.000993271819395125,TCS.NS,IN,IT Services
2025-02-19,4437.54,4434.45,4341.79,4382.97,5064594,4531.46,4545.894,4603.3195,4691.3674,4549.60253125639,4603.708204716261,29.670507509062688,12.930815210479508,-54.10567345987147,-38.13837937595483,-15.967294083916642,4603.3195,94.79198064433004,4792.90346128866,4413.735538711339,-0.0811396135573262,0.08236836973345824,82.44571428571427,15008105.0,0.3374572381085261,258049492.0,-0.015049641118756507,0.02114091586298302,-0.012297353939341935,-0.033966780396201934,-0.06768924463805959,-0.044956845176486904,8.866782938206317,14.14175379547676,0,0,-0.0007780112572068898,TCS.NS,IN,IT Services
2025-02-20,4397.1,4412.6,4380.26,4394.63,12212882,4484.394,4533.62,4588.8405,4688.587799999999,4525.760603370792,4588.220927752139,25.800338062797692,17.48296137912601,-62.460324381347164,-43.0027683770333,-19.457556004313865,4588.8405,103.50186316528485,4795.84422633057,4381.836773669431,0.03090095660913018,0.09022049309864845,68.28357142857138,15195229.6,0.8037312707844,270262374.0,0.0026602965569009207,0.007358981302178518,-0.0005617338700506453,-0.027170676743326294,-0.06182045638432088,-0.050827652938686296,16.284516765235832,11.226727628996235,0,1,-0.016501958071555634,TCS.NS,IN,IT Services
2025-02-21,4386.49,4454.14,4371.02,4407.97,25373677,4441.482000000001,4521.83,4573.3795,4684.9044,4507.6389720829775,4574.869005149768,29.14178377133136,9.191514393911547,-67.23003306679038,-47.84822131498472,-19.381811751805664,4573.3795,106.3756430112342,4786.130786022469,4360.628213977531,0.1112608692230372,0.09303898179559436,70.88714285714279,15780141.95,1.607949755613589,295636051.0,0.0030355228995386785,0.018856752654845887,0.004896853748668201,-0.02605024006434109,-0.06555173736906916,-0.04641614007913408,20.3957100591088,15.182336587516964,0,0,-0.007044058829801525,TCS.NS,IN,IT Services
2025-02-24,4407.41,4341.19,4310.29,4324.02,16566128,4391.906,4498.936,4549.7225,4679.5722000000005,4479.389899454827,4556.287594747479,28.33195506856866,7.173395311468838,-76.8976952926514,-53.65811611051806,-23.239579182133348,4549.7225,106.6003718209695,4762.923243641939,4336.521756358061,-0.02931921377119412,0.09372032849998746,70.92428571428569,16128863.9,1.0271105935049403,279069923.0,-0.019045047947240934,0.0071461279087498405,-0.018920409038410427,-0.050283771436603786,-0.09862918893678752,-0.054218158752378454,3.8569582560710955,13.512395026805223,1,0,0.013401880657351262,TCS.NS,IN,IT Services
2025-02-25,4328.8,4447.94,4443.57,4445.52,9881571,4391.022,4481.8730000000005,4537.403,4676.4092,4474.179145692546,4548.08258666062,43.09981008651617,34.93251943344944,-73.90344096807439,-57.70718108202933,-16.196259886045063,4537.403,103.49539029144866,4744.393780582897,4330.412219417103,0.2780505012311891,0.09123755618923486,76.1342857142856,16009797.2,0.6172202095589188,288951494.0,0.028098852456741596,0.0009830121110688754,0.026963592681568397,-0.036963703519166224,-0.05251379502164355,-0.000993271819395125,37.988089218388794,20.74691917785621,0,0,-0.003533894797459025,TCS.NS,IN,IT Services
2025-02-26,4440.84,4380.99,4378.41,4379.56,18152827,4390.34,4460.9,4523.9485,4670.5974,4459.622354047539,4535.599430587922,40.29110481746067,40.31592272552159,-75.97707654038277,-61.36116017370002,-14.615916366682747,4523.9485,105.7386715731419,4735.425843146284,4312.471156853717,0.15861945811310413,0.09349237425944916,77.11857142857136,16722926.5,1.0855053339195544,270798667.0,-0.014837409346938002,0.0005891002749133104,-0.013799191144014632,-0.045699879502058005,-0.05788562270766762,-0.0007780112572068898,19.4589583683931,20.43466861428431,1,1,0.02571719533469108,TCS.NS,IN,IT Services
2025-02-27,4377.55,4339.47,4308.23,4322.11,11007604,4375.836,4430.115,4508.3435,4660.9032,4438.466607270995,4519.785396926883,36.571059499644086,41.400553891369405,-81.31878965588749,-65.35268607013752,-15.966103585749963,4508.3435,111.48366126572293,4731.310822531445,4285.3761774685545,0.08237490165443902,0.09891319174388374,77.65999999999998,16492438.65,0.6674333351281961,259791063.0,-0.013117756121619695,0.007227951162740759,-0.012664618336738093,-0.06649085521257214,-0.06734696960215447,-0.016501958071555634,3.8766618254835516,20.44123647075513,1,1,0.020191526823704287,TCS.NS,IN,IT Services
2025-02-28,4312.67,4396.39,4361.34,4376.92,11462329,4369.625999999999,4405.554,4493.2845,4652.502799999999,4428.997898460073,4509.202773838271,38.80693812151886,47.769577592503964,-80.20487537819827,-68.32312393174968,-11.88175144644859,4493.2845,107.62090515347074,4708.526310306941,4278.0426896930585,0.229688902369177,0.09580600129232562,79.37214285714286,16351809.15,0.7009822701494611,271253392.0,0.012681306121315794,0.008007914241062704,0.014897963442597067,-0.05313324088756588,-0.06438083837455388,-0.007044058829801525,19.185007261704975,14.173542485193856,1,1,0.01112654560741344,TCS.NS,IN,IT Services
2025-03-03,4368.23,4398.49,4368.76,4381.97,12875279,4381.216,4386.561,4480.214,4642.8967999999995,4421.762837158523,4499.77812302218,33.92150939250803,46.6556904712904,-78.01528586365657,-70.26155631813106,-7.753729545525516,4480.214,104.2538462448347,4688.721692489669,4271.706307510331,0.26441156959920875,0.09307934508915101,73.4021428571428,16282143.05,0.7907606615235663,284128671.0,0.0011537793699678556,0.006784619703008641,0.003145438770393854,-0.04154290338808797,-0.056297352359703456,0.013401880657351262,21.812695971065043,14.958121686084505,1,1,0.015504442066011315,TCS.NS,IN,IT Services
2025-03-04,4393.74,4432.15,4427.95,4429.81,11293245,4378.074,4384.548,4472.9265,4634.5127999999995,4423.000862211059,4494.5952986352495,39.35693120845684,65.00099259805444,-71.59443642419046,-70.52813233934295,-1.0663040848475163,4472.9265,102.3142669104386,4677.555033820877,4268.297966179122,0.3946469018877492,0.09149648840455192,74.30214285714275,16406731.75,0.6883299174846376,295421916.0,0.01091746406296723,0.0009481219284797472,0.0082094070199858,-0.004523656498739093,-0.03185402442542551,-0.003533894797459025,35.96403005373042,25.653911095500124,1,0,0.0036096356277131036,TCS.NS,IN,IT Services
2025-03-05,4434.74,4517.69,4471.79,4492.19,14953221,4400.6,4395.469999999999,4470.682,4627.185399999999,4433.6453449478195,4494.417128351351,41.064688103978284,57.950867150499,-60.77178340353112,-68.57686255218059,7.805079148649469,4470.682,101.32039601393414,4673.322792027868,4268.041207972132,0.5530692754015906,0.09065318983896535,76.50785714285699,13391001.8,1.1166617783098365,310375137.0,0.014081868071090797,0.01021773344404164,0.012954536229854931,0.02491917581001002,-0.009894028758584916,0.02571719533469108,56.53002273967018,38.102249588155196,0,0,-0.013360966477375058,TCS.NS,IN,IT Services
2025-03-06,4504.24,4425.67,4396.34,4409.38,13306870,4418.054,4396.945,4465.2825,4616.8584,4429.912214955847,4488.118081328159,37.40709669033808,54.804408068569906,-58.2058663723119,-66.50266331620685,8.296796943894947,4465.2825,101.57851621567556,4668.439532431352,4262.125467568649,0.3624155429636617,0.0909940333814517,81.92428571428556,13087877.0,1.0167324298102411,297068267.0,-0.018434215827914602,0.006651728814480329,-0.02106015665239388,0.0033563690231031007,-0.02390550253798107,0.020191526823704287,35.10689990269651,42.533650898699015,1,1,0.019395016986514912,TCS.NS,IN,IT Services
2025-03-07,4431.29,4471.56,4388.88,4425.62,6932345,4427.794,4398.71,4460.2699999999995,4608.5666,4429.251874193409,4483.488593496646,40.991723322494835,69.2304834095048,-54.236719303236896,-64.04947451361286,9.812755210375968,4460.2699999999995,100.90262888442862,4662.075257768856,4258.464742231143,0.41414990772911103,0.09049015318301876,82.81642857142846,13090905.0,0.5295542569780884,304000612.0,0.0036830574820041484,0.018682128153791243,-0.0012795371099609352,0.004004110735780886,-0.022150437374471643,0.01112654560741344,56.04411343427856,49.22701202554839,1,1,0.0273385423963195,TCS.NS,IN,IT Services
2025-03-10,4414.5,4479.98,4425.85,4449.91,7258103,4441.382,4411.299000000001,4455.1175,4601.7916,4432.430047394423,4481.001290112633,49.99789989499477,65.29483257197941,-48.57124271820976,-60.95382815453224,12.38258543632248,4455.1175,98.52341377480428,4652.164327549609,4258.070672450392,0.48678613590169023,0.08845864449122359,75.61499999999991,12912081.0,0.5621171705693938,311258715.0,0.00548849652704031,0.012164290963185106,0.008021293464716691,0.02911411140558995,-0.022633627354512242,0.015504442066011315,67.64059963683943,52.930537657938146,1,1,0.025510628304842298,TCS.NS,IN,IT Services
2025-03-11,4445.35,4477.89,4420.13,4445.8,8411434,4444.58,4411.326999999999,4446.6,4594.9839999999995,4434.4869631798965,4478.39378698404,54.82276362854818,63.428282913283205,-43.90682380414364,-57.54442728445452,13.63760348031088,4446.6,90.94092698009564,4628.481853960192,4264.718146039809,0.49780077016184066,0.0818071578105297,72.01571428571424,12364540.4,0.6802867755370207,302847281.0,-0.0009236141854553903,0.012992037428581406,0.00010122937451487887,6.29847576885112e-05,-0.03690304691138713,0.0036096356277131036,65.67841115217408,63.121041407764004,1,1,0.03472940753070297,TCS.NS,IN,IT Services
2025-03-12,4436.32,4466.05,4405.07,4432.17,8144106,4432.576,4416.588000000001,4438.744000000001,4586.708,4434.130507306067,4474.969802571761,52.87284192481939,50.5799665781971,-40.83929526569409,-54.20340088070244,13.364105615008349,4438.744000000001,84.52599907720102,4607.795998154403,4269.6920018455985,0.4805562783278173,0.07617109621747231,74.06142857142855,12373725.45,0.6581773108455942,294703175.0,-0.003065814926447419,0.013758497530552012,-0.0009354600209179456,0.01201262227255695,-0.03423623261986053,-0.013360966477375058,59.17120213855093,64.16340430918812,1,1,0.035966580704259954,TCS.NS,IN,IT Services
2025-03-13,4446.33,4502.38,4488.92,4494.9,9202133,4449.68,4433.867,4431.991,4580.9792,4443.479660028211,4476.44611356872,56.18498754891494,50.664834895245576,-32.966453540509065,-49.95601141266376,16.9895578721547,4431.991,73.06310300007044,4578.117206000141,4285.864793999859,0.7152557084771768,0.06594156260701246,73.1392857142857,11698077.85,0.7866362603633844,303905308.0,0.014153337981169356,0.00299450488331154,0.010923615656055395,0.03997815881594868,-0.029170878366119868,0.019395016986514912,89.1196409811462,71.32308475729037,1,1,0.027851565107121612,TCS.NS,IN,IT Services
2025-03-14,4538.25,4552.59,4541.83,4546.61,6807195,4473.878,4450.836,4428.195,4575.2592,4459.345866177717,4481.643438738428,66.59855930560316,89.72844652886349,-22.29757256071116,-44.424323642273244,22.126751081562084,4428.195,64.06014267035489,4556.315285340709,4300.07471465929,0.9621243220155873,0.05786569260869518,70.28285714285714,11211996.1,0.6071349233581232,310712503.0,0.01150414914681086,0.0023665984106835316,0.0018421197598188354,0.038769271542545836,-0.016423906388925547,0.0273385423963195,97.55279096375185,81.9478780278163,1,1,0.016618975456438978,TCS.NS,IN,IT Services
2025-03-17,4515.73,4604.49,4530.59,4563.43,10123174,4496.582,4468.982,4427.771500000001,4570.0334,4475.3588098426835,4487.701702804192,60.419207182369256,89.76282532171517,-12.342892961508369,-38.008037506120274,25.665144544611906,4427.771500000001,63.08061961739636,4553.932739234793,4301.610260765208,1.0376393764906453,0.05698633691226565,66.71000000000004,11248415.2,0.899964387875335,320835677.0,0.0036994595973705025,0.01619395936827856,0.010563076180371759,0.04141059842947348,-0.0018526214484130277,0.025510628304842298,86.14055221735609,90.93766138741802,1,1,0.017885669332059484,TCS.NS,IN,IT Services
2025-03-18,4561.21,4644.55,4564.71,4600.2,13037919,4527.462,4486.020999999999,4435.2845,4565.346,4494.5651467899625,4496.0349103459885,70.5575432319618,90.45055714055023,-1.4697635560260096,-30.70038271610142,29.23061916007541,4435.2845,73.88304010749184,4583.050580214984,4287.518419785016,1.058028946017271,0.06663206394762304,67.71071428571427,11603331.8,1.1236357023216639,333873596.0,0.008057535669441451,0.017355767140555364,0.008548170331993316,0.038464403665168456,0.033766747416819065,0.03472940753070297,86.81315413865711,90.16883243992164,1,1,0.020959958262684264,TCS.NS,IN,IT Services
2025-03-19,4581.71,4606.37,4579.74,4591.58,12126217,4559.344,4495.96,4445.715,4562.058,4509.490508822276,4503.112324663464,77.62038498595776,88.30670590708428,6.378184158811564,-23.28466934111882,29.662853499930385,4445.715,80.53470598704689,4606.784411974094,4284.645588025906,0.9528016778955763,0.07246052073696022,64.51785714285708,11956412.95,1.0142018376672213,321747379.0,-0.0018738315725402854,0.00579974649249154,0.002154217530135634,0.022125065947789402,0.04759558016596044,0.035966580704259954,81.2965643865636,84.75009024752558,1,1,0.049316357332334526,TCS.NS,IN,IT Services
2025-03-20,4615.83,4622.15,4618.44,4620.09,14664251,4584.382,4517.031000000001,4456.988,4558.6758,4526.50581515731,4511.777337956336,76.34504127754555,95.79840124780664,14.72847720097434,-15.68204003270019,30.41051723367453,4456.988,88.4028730540454,4633.793746108091,4280.18225389191,0.9612463214270359,0.07933866822529072,61.395714285714156,12078981.4,1.2140303308993976,336411630.0,0.006209191607246423,0.0008030146598874119,0.0009229109390942247,0.047786763671990196,0.05130352270839644,0.027851565107121612,91.13093295590437,86.41355049370833,1,1,0.019813466837226068,TCS.NS,IN,IT Services
2025-03-21,4629.17,4681.24,4574.92,4622.17,13328397,4599.494000000001,4536.686,4467.698,4555.4628,4541.223382056186,4519.954572448285,76.19182623108135,94.0350148778632,21.26880960790095,-8.29187010457996,29.56067971248091,4467.698,94.88900388847279,4657.476007776946,4277.919992223055,0.9069807713985764,0.08495561149249714,66.86642857142844,11476717.4,1.1613421655444642,349740027.0,0.00045020767993686484,0.023002182957350487,-0.0015121501262642088,0.04441185641785794,0.048593797144717454,0.016618975456438978,79.7954576546731,84.07431833238032,1,1,0.037954034576832996,TCS.NS,IN,IT Services
2025-03-24,4624.95,4683.76,4614.09,4645.05,9240206,4615.818,4556.2,4483.7495,4552.3952,4557.196707893696,4529.220900694696,74.82125559297023,92.548409405256,27.975807198999973,-1.038334643863971,29.014141842863943,4483.7495,96.44520923273873,4676.639918465477,4290.859081534522,0.9181143399508744,0.08603978365224663,68.25857142857136,11110421.3,0.8316700977243682,358980233.0,0.00495005592611264,0.014998762123117095,0.004345992929652432,0.04385257229921513,0.07424341238014609,0.017885669332059484,86.87262615271679,85.93300558776473,1,1,0.03534945802520961,TCS.NS,IN,IT Services
2025-03-25,4648.32,4736.91,4664.38,4696.62,12188508,4635.102000000001,4581.282,4496.3045,4550.3132000000005,4578.646445140819,4541.620834323028,74.17744873098859,94.2697600212724,37.02561081779095,6.574454448467015,30.451156369323932,4496.3045,106.9755712140787,4710.255642428157,4282.353357571843,0.968133747092039,0.0951675503418906,68.5428571428571,11225768.15,1.085761504368723,371168741.0,0.011102140988794362,0.015443020725539706,0.010390850888060587,0.05641729272571849,0.056483830912918975,0.020959958262684264,88.42341177459294,85.03049852732757,1,1,0.03376044900375175,TCS.NS,IN,IT Services
2025-03-26,4707.17,4825.83,4811.77,4818.02,17545066,4680.389999999999,4619.867,4518.2275,4552.6251999999995,4615.473145888385,4562.094847125073,94.28645743020641,96.33285118693105,53.37829876331216,15.935223311436047,37.44307545187611,4518.2275,125.17165266250511,4768.57080532501,4267.88419467499,1.098762766213568,0.11081482963173264,70.92571428571429,11195380.1,1.5671700537286757,388713807.0,0.025848376066192502,0.002918211215394824,0.02354918135524674,0.0870566787826279,0.10011508005370406,0.049316357332334526,98.21261013823512,91.16954935518159,1,0,0.022031872013814624,TCS.NS,IN,IT Services
2025-03-27,4810.01,4723.76,4701.93,4711.63,11874049,4698.698,4641.54,4537.7035000000005,4553.7321999999995,4630.266508059402,4573.171525381143,75.92972022266143,68.03473244599343,57.09498267825984,24.167175184800808,32.92780749345903,4537.7035000000005,123.34100604144433,4784.385512082889,4291.021487917112,0.8525317848078545,0.10872548727912011,73.31214285714285,11238702.35,1.0565319352432236,376839758.0,-0.02208168500753427,0.004633216105677927,-0.02045317993101462,0.04821686800596248,0.09012264842866102,0.019813466837226068,72.85863675236992,86.49821955506597,1,1,0.03906928175599522,TCS.NS,IN,IT Services
2025-03-28,4713.86,4814.45,4784.12,4797.6,11280884,4733.784000000001,4666.639,4558.7375,4557.5786,4656.010122204109,4589.7958572031175,78.35091896475808,72.74078249506775,66.21426500099187,32.576593148039024,33.63767185295285,4558.7375,130.1604971553845,4819.058494310769,4298.416505689232,0.9587845491130265,0.11420749464548527,76.77357142857143,11229630.1,1.0045640769089912,388120642.0,0.01824633937724318,0.006321910955476405,0.01776463450335456,0.055203767202377296,0.09611324858576364,0.037954034576832996,93.29071204464958,88.12065297841819,1,1,0.0260338502584625,TCS.NS,IN,IT Services
2025-03-31,4787.91,4826.03,4795.83,4809.25,12197107,4766.624000000001,4691.221,4580.1015,4561.6568,4679.585488018862,4606.051719966362,79.27601372577445,73.39318761566544,73.53376805249991,40.768028128931206,32.7657399235687,4580.1015,134.60951304753664,4849.320526095073,4310.882473904927,0.925580062677577,0.11756028817047573,74.80499999999996,11195721.5,1.0894434905831223,400317749.0,0.002428297482074404,0.006279565420802316,0.004457059552079234,0.05386737607457537,0.09750865478312254,0.03534945802520961,96.01387305184343,87.38774061628762,1,1,0.019994801684254382,TCS.NS,IN,IT Services
2025-04-01,4839.44,4896.21,4822.35,4855.18,8704228,4798.336,4716.718999999999,4601.370000000001,4565.1498,4706.600028323653,4624.505666986435,82.38825168828383,74.84334728429214,82.09436133721738,49.03329477058845,33.06106656662893,4601.370000000001,142.95902309476983,4887.28804618954,4315.451953810461,0.9438509625076291,0.12427518160438181,76.66071428571422,11066270.65,0.7865547020075184,409021977.0,0.009550345687997064,0.015212618275735286,0.0032524424313551646,0.055428024868484194,0.09602443445655684,0.03376044900375175,89.9260968840632,93.07689399351871,1,1,0.0077772605753030355,TCS.NS,IN,IT Services
2025-04-02,4872.41,4949.36,4904.02,4924.17,6517570,4819.566000000001,4749.978000000001,4622.969,4569.6094,4740.072331658475,4646.703025378271,82.5554763457659,75.83857561374421,93.369306280204,57.90049707251157,35.46880920769243,4622.969,157.48978162007035,4937.948563240141,4307.989436759859,0.9781278456618242,0.13626721842178602,78.37285714285703,10644488.1,0.6122952392332291,415539547.0,0.014209565865735074,0.009207643115487487,0.010623079749033763,0.07243476101908275,0.0961624508313319,0.022031872013814624,93.98476490652638,93.30824494747765,0,0,-0.00093010598740495,TCS.NS,IN,IT Services
2025-04-03,4885.29,4898.66,4893.35,4895.71,27578648,4856.3820000000005,4777.54,4647.2855,4573.8394,4764.016588326403,4665.147986762068,77.4432425633608,61.18195687843627,98.86860156433431,66.09411797087611,32.7744835934582,4647.2855,160.2956386600144,4967.876777320029,4326.694222679971,0.8874473785996428,0.13796926283954788,76.45357142857127,11358077.0,2.428108699376778,387960899.0,-0.0057796542361453485,0.0010846230679510032,0.0021329337664699414,0.05965684651164804,0.1102944178093066,0.03906928175599522,87.18867158562657,90.36651112540535,0,0,-0.010347835145464113,TCS.NS,IN,IT Services
2025-04-04,4886.69,4937.6,4910.41,4922.5,9631422,4881.361999999999,4807.573,4672.1295,4577.9456,4788.398651660802,4684.21109914153,77.791365458739,89.3722693155084,104.18755251927178,73.71280488055525,30.474747638716522,4672.1295,162.62033343683174,4997.370166873663,4346.888833126337,0.8849003607171445,0.1392258784237866,74.16714285714274,11493030.85,0.8380227363591619,397592321.0,0.0054721378513025165,0.005523616048754694,0.007328068692712873,0.06497597448817327,0.11227353455561029,0.0260338502584625,93.0170284671962,91.39682165311636,0,0,-0.02907872016251911,TCS.NS,IN,IT Services
2025-04-07,4905.28,4937.31,4879.89,4905.41,5916426,4900.594,4833.6089999999995,4694.9045,4580.1106,4806.40039755914,4700.59620313784,74.36495138345597,77.10019606857362,105.80419442130005,80.13108278870422,25.673111632595834,4694.9045,161.75458296525775,5018.413665930515,4371.395334069484,0.8253470413947841,0.13781288455620191,72.47428571428561,11425947.0,0.5178061373988398,391675895.0,-0.003471813103098076,0.011705443581675816,2.6502054928583615e-05,0.05605106511232383,0.1023616207968252,0.019994801684254382,88.26247195788845,89.48939067023703,0,0,-0.02858272804923545,TCS.NS,IN,IT Services
2025-04-08,4898.68,4932.33,4861.43,4892.94,27967945,4908.146,4853.241,4717.2615,4584.1312,4819.714182550041,4714.843891978688,73.9106287092576,70.95078355780288,104.87029057135351,85.07892434523409,19.791366226119422,4717.2615,156.32197802427712,5029.905456048554,4404.617543951445,0.780956174908329,0.13255315866991385,75.63642857142843,12403772.55,2.2547932600720526,363707950.0,-0.0025420912828897357,0.014490265566302703,-0.0011717442249747929,0.041800273388096,0.10057582437356594,0.0077772605753030355,84.93216536672112,88.73722193060189,0,0,-0.048404435778897636,TCS.NS,IN,IT Services
2025-04-09,4900.7,4997.71,4857.09,4919.59,9601786,4907.2300000000005,4863.397999999999,4741.6325,4589.55,4835.079692926958,4730.010270532377,73.83339699516165,67.8470490440564,105.06942239458112,89.0770239551035,15.992398439477626,4741.6325,147.26907010371292,5036.170640207425,4447.094359792574,0.8020958505982853,0.12423490863425761,83.49714285714273,12476656.55,0.7695799905961191,373309736.0,0.005446623093682046,0.02858368278656784,0.003854551390616947,0.021081274050335885,0.10997321853629272,-0.00093010598740495,81.52274178650983,84.90579303703977,0,0,-0.06960539394543042,TCS.NS,IN,IT Services
2025-04-10,4897.04,4904.35,4797.6,4845.05,6847968,4897.098,4876.74,4759.14,4593.7668,4836.61358632281,4738.531732068973,65.90228031621903,28.731182795699056,98.08185425383726,90.87799001485025,7.203864238987009,4759.14,136.83709153973783,5032.814183079476,4485.465816920525,0.6569567122346986,0.11500993165967709,84.61642857142844,12358948.3,0.5540898205642772,366461768.0,-0.015151669143160351,0.02203279635916615,-0.010616617385193742,0.02831716412366836,0.07789939709448501,-0.010347835145464113,60.20541160507744,75.55343958610277,0,0,-0.043081082754564015,TCS.NS,IN,IT Services
2025-04-11,4825.39,4827.94,4740.5,4779.36,6608442,4868.469999999999,4874.916,4770.7775,4595.792,4827.805342273147,4741.556048243082,59.031186540970104,23.939434663799744,86.24929403006536,89.95225081789329,-3.7029567878279295,4770.7775,127.38144584693136,5025.540391693863,4516.014608306137,0.5168440936245061,0.10680141410653063,87.10785714285703,12349010.65,0.5351393445320783,359853326.0,-0.013558167614369454,0.018295336614103416,-0.009539125334945176,-0.00380190095047539,0.0511919869969053,-0.02907872016251911,34.49434494334583,58.740832778310995,0,0,-0.03860140269826917,TCS.NS,IN,IT Services
2025-04-14,4782.04,4790.35,4745.08,4765.2,15306197,4840.428,4870.511,4780.866,4598.2284,4818.173751154201,4743.307452093588,54.85570251210738,12.6543209876545,74.86629906061353,86.93506046643735,-12.068761405823821,4780.866,117.71893115205022,5016.3038623041,4545.4281376959,0.46673007508827935,0.0984917219198576,83.77999999999994,12608161.8,1.213991066168657,344547129.0,-0.002962739781058543,0.009500125912866392,-0.003521509648601146,-0.009159432343920582,0.04421454914395517,-0.02858272804923545,21.390898640809276,38.69688506307748,0,0,-0.052591706539074856,TCS.NS,IN,IT Services
2025-04-15,4760.45,4676.92,4639.45,4656.1,8385249,4793.0599999999995,4850.603,4783.661,4599.839199999999,4793.239327899709,4736.847640770498,38.33227647431834,8.80671491358531,56.39168712921037,80.82638579899196,-24.434698669781596,4783.661,113.80206708418699,5011.265134168374,4556.056865831626,0.21977442223027885,0.09515897308288626,83.53285714285708,12375528.3,0.6775668980881489,336161880.0,-0.022895156551666185,0.008047507570712013,-0.02192019662006271,-0.04100362911364763,0.01215164558062698,-0.048404435778897636,4.647462736547218,20.177568773567412,0,0,-0.007452589076695215,TCS.NS,IN,IT Services
2025-04-16,4658.03,4588.85,4567.81,4577.16,7886001,4724.574,4815.902,4782.94,4600.6408,4759.996354376676,4725.018926542881,39.91116846480501,7.220656768180476,34.977427833795446,71.65659420595266,-36.67916637215721,4782.94,115.12109290473732,5013.1821858094745,4552.697814190525,0.05312272753887175,0.09627642655330268,81.54714285714279,12163517.5,0.6483322239366841,328275879.0,-0.016954103219432692,0.004596736841184351,-0.017361416736255998,-0.07047075953917115,-0.0031405311461414342,-0.06960539394543042,2.1749244010183095,9.404428592791573,1,0,0.022911587097676156,TCS.NS,IN,IT Services
2025-04-17,4564.46,4665.59,4612.91,4636.32,10223023,4682.8279999999995,4789.963,4783.7515,4603.0198,4740.969222934111,4718.448635638238,37.39251430536878,14.731442515998864,22.520587295873156,61.82939282393676,-39.3088055280636,4783.7515,113.96411851174966,5011.6797370235,4555.823262976501,0.1765835117108003,0.09529267438889831,80.51928571428569,11941456.1,0.856095107522515,338498902.0,0.012925045224549736,0.011362459881972972,0.015743373805441153,-0.052983121957795754,0.003512918579508195,-0.043081082754564015,15.936264247462201,7.586217128342548,1,0,0.0012035407392070319,TCS.NS,IN,IT Services
2025-04-18,4612.36,4648.0,4552.37,4594.87,12176977,4645.929999999999,4757.2,4782.3865,4604.3998,4718.492419405786,4709.294662563993,33.987631083624635,16.054274084124785,9.197756841792398,51.303065627507884,-42.105308785715486,4782.3865,116.14395814429295,5014.674416288585,4550.098583711414,0.09637052371003929,0.09714309635515116,85.19285714285714,11883885.1,1.0246628836336626,326321925.0,-0.008940280222245245,0.0208123407191018,-0.0037919850141784226,-0.06655764347384463,-0.005906316730020733,-0.03860140269826917,9.543270310303264,9.218152986261229,1,1,0.006781475863299802,TCS.NS,IN,IT Services
2025-04-21,4605.21,4531.95,4500.7,4514.59,7653567,4595.807999999999,4718.118,4775.8635,4603.6323999999995,4687.12281642028,4694.872094873287,25.802463873140383,15.442846328538977,-7.749278453006809,39.49259681140495,-47.24187526441176,4775.8635,127.38289190572377,5030.629283811448,4521.097716188553,-0.01277195879913858,0.10668888832831758,85.70785714285714,11804553.15,0.648357142738847,318668358.0,-0.017471658610580865,0.006922001776461002,-0.019677712851309755,-0.07967122014265882,-0.02808581177812941,-0.052591706539074856,2.7947123800270366,9.42474897926414,1,1,0.019062639132235493,TCS.NS,IN,IT Services
2025-04-22,4530.42,4627.91,4616.19,4621.4,11840729,4588.868,4690.964,4772.1025,4603.7374,4677.011613894084,4689.429717442641,29.586429158969224,34.88670282086849,-12.418103548557156,29.11045673941253,-41.52856028796968,4772.1025,130.90739192973106,5033.917283859462,4510.287716140538,0.21219635159887104,0.10972722562409647,87.07500000000002,11787164.2,1.004544247840015,330509087.0,0.023658848311806757,0.002536028043449543,0.020082023300263437,-0.055496286486243496,-0.016015773045296444,-0.007452589076695215,24.285225649334404,12.207736113221538,0,1,-0.00815770112952785,TCS.NS,IN,IT Services
2025-04-23,4615.2,4703.37,4664.95,4682.03,9329952,4609.842,4667.2080000000005,4765.303,4605.5922,4677.783673294994,4688.881590221625,36.19210090984283,53.0343810705174,-11.097916926631115,21.0687820062038,-32.16669893283492,4765.303,131.92464643839978,5029.152292876799,4501.453707123201,0.34219590075000594,0.11073767727959534,90.72857142857148,11376408.5,0.8201139384091264,339839039.0,0.013119401047301693,0.008205842337616774,0.014480412549832173,-0.048288576893603,-0.028225287566261748,0.022911587097676156,36.48417536863142,21.188037799330925,0,0,-0.03442523862512614,TCS.NS,IN,IT Services
2025-04-24,4689.94,4678.23,4612.83,4641.9,15592014,4610.9580000000005,4646.893,4761.816499999999,4605.831,4672.263108172687,4685.401472409545,32.17507305297927,58.33290428872984,-13.138364236858251,14.22735275759139,-27.36571699444964,4761.816499999999,134.31748137490058,5030.4514627498,4493.181537250198,0.27680399682009577,0.11282877563624923,92.67928571428573,11562306.75,1.3485209300020577,324247025.0,-0.008571068532239212,0.014089058359720276,-0.0102432014055595,-0.04192939185354139,-0.01479954920059523,0.0012035407392070319,28.409891149014236,29.726430722326658,0,0,-0.05655227385337891,TCS.NS,IN,IT Services
2025-04-25,4655.31,4629.63,4623.16,4626.03,7606896,4617.1900000000005,4631.5599999999995,4753.237999999999,4605.901000000001,4665.150322299965,4681.003585543465,32.22502163180128,48.50943013587508,-15.853263243499896,8.211229557373132,-24.064492800873026,4753.237999999999,137.35628503238095,5027.950570064761,4478.525429935237,0.26847073293683016,0.11558965491090675,89.91642857142857,11378607.35,0.6685260416753864,316640129.0,-0.003418858657015411,0.001398607445260592,-0.006289591885394175,-0.03208170131565735,-0.03576163081540784,0.006781475863299802,25.21679644267675,30.03695432010744,0,0,-0.05942892717946058,TCS.NS,IN,IT Services
2025-04-28,4619.71,4604.98,4597.19,4600.65,12643113,4634.402,4615.1050000000005,4742.808,4606.476000000001,4655.2271957922785,4675.051468069575,31.70420260644225,50.87815253722269,-19.824272277296586,2.6041291904391866,-22.428401467735775,4742.808,140.7570297992132,5024.322059598427,4461.293940401573,0.24751172249969863,0.11871197805113229,86.91214285714288,11400907.65,1.108956609348852,303997016.0,-0.0054863457435425644,0.0016932389988367448,-0.004125800104334746,-0.03453160412994216,-0.04337474658210749,0.019062639132235493,20.110259350877985,24.57898231418963,0,0,-0.049740797496005795,TCS.NS,IN,IT Services
2025-04-29,4568.16,4595.37,4574.36,4583.7,8349940,4626.861999999999,4607.865,4729.2339999999995,4609.1512,4644.223011824236,4668.284692629407,28.716622945418095,63.00184369943933,-24.06168080517091,-2.729032808682834,-21.332647996488074,4729.2339999999995,142.43024277464326,5014.094485549286,4444.373514450713,0.24455214502703673,0.12046791744676898,78.74571428571433,11383193.25,0.733532242059385,295647076.0,-0.003684262006455552,0.0045836333093343005,0.00340180729221318,-0.015549494211894221,-0.055915537631972545,-0.00815770112952785,20.562368388404376,21.963141393986344,0,0,-0.03685450618495967,TCS.NS,IN,IT Services
2025-04-30,4586.59,4526.42,4516.39,4520.85,12400884,4594.625999999999,4602.2339999999995,4709.068,4611.9088,4625.242548466661,4657.363604245233,29.148443529714413,27.33420495018271,-32.121055778571645,-8.607437402660599,-23.513618375911044,4709.068,141.92874478339812,4992.925489566796,4425.210510433204,0.16846391777892894,0.12055782144863308,74.84000000000002,11677358.95,1.0619595570486804,283246192.0,-0.013711630342299719,0.002218609332315278,-0.014333088416445648,-0.012302388380567741,-0.08190618926641435,-0.03442523862512614,6.157560200445845,15.610062646576042,0,0,-0.011090834688167073,TCS.NS,IN,IT Services
2025-05-01,4537.18,4381.79,4377.47,4379.39,7912536,4542.124,4576.540999999999,4683.252,4611.604,4587.41907947179,4636.7729668217125,26.55977120620743,0.0,-49.35388734992284,-16.75672739211305,-32.597159957809794,4683.252,152.73896440798023,4988.729928815961,4377.77407118404,0.002644919098118392,0.13045547359650747,77.61357142857143,10694053.35,0.7399004849830411,275333656.0,-0.031290575887277794,0.0009864387506019609,-0.034777108247846716,-0.05541679607964922,-0.1054637631722467,-0.05655227385337891,0.46502615772026307,9.061651582190136,1,1,0.02789886262698671,TCS.NS,IN,IT Services
2025-05-02,4403.68,4461.91,4262.48,4351.11,10978354,4487.139999999999,4552.164999999999,4654.682500000001,4610.4668,4551.06383647613,4615.6127469886105,26.12736224330959,0.0,-64.54891051248069,-26.315164016186582,-38.2337464962941,4654.682500000001,158.94537455812275,4972.573249116246,4336.791750883755,0.022520707438054264,0.13658965960242272,88.625,10761399.95,1.0201602979954019,264355302.0,-0.006457520339590794,0.04583428136727282,-0.011937742978597144,-0.05305046715141026,-0.11607719654647031,-0.05942892717946058,20.102519902878047,8.908368753681358,1,1,0.03503014173394847,TCS.NS,IN,IT Services
2025-05-05,4341.5,4382.64,4363.14,4371.81,17280499,4441.372,4537.887000000001,4628.0025000000005,4611.4226,4523.48632317211,4597.553284194557,31.75031134049739,7.002232595900367,-74.06696102244678,-35.865523417438624,-38.20143760500815,4628.0025000000005,159.42745153814613,4946.857403076293,4309.147596923708,0.0982616269526218,0.13779374711929107,81.89500000000005,11329603.6,1.5252517285554696,281635801.0,0.004757406730696578,0.004460395122385359,0.006981458021419651,-0.03162634923658625,-0.10877785954690833,-0.049740797496005795,24.79756855445866,15.121704871685631,1,1,0.03334088169430949,TCS.NS,IN,IT Services
2025-05-06,4365.16,4449.65,4386.86,4414.77,13359213,4407.586,4517.224,4604.094,4610.8076,4506.760734991785,4584.013781624033,39.07068150920034,20.32567049808449,-77.25304663224779,-44.14302806040046,-33.11001857184733,4604.094,153.34327271980777,4910.780545439616,4297.407454560384,0.19133957322971726,0.13322340744543834,81.14857142857143,10599167.0,1.2604020428773277,294995014.0,0.009826593561934382,0.014222711488930506,0.011364990057635737,-0.044711559267754164,-0.09772652025162765,-0.03685450618495967,34.541495611072,26.480528022802872,1,1,0.03678787343395018,TCS.NS,IN,IT Services
2025-05-07,4420.41,4538.9,4416.15,4470.71,22350471,4397.558,4496.092,4581.65,4612.6306,4501.214468069972,4575.620908889564,38.80544552447649,33.95894261620154,-74.40644081959181,-50.195710612238734,-24.210730207353073,4581.65,136.68017397521396,4855.010347950428,4308.2896520495715,0.29708103089549986,0.11932834151468073,83.69857142857134,11236601.25,1.989077347647506,317345485.0,0.012671101778801486,0.02745648901404308,0.011379034976391058,-0.045134268682601286,-0.09124337597238796,-0.011090834688167073,47.22946766756516,35.52284394436524,1,1,0.03494299563156633,TCS.NS,IN,IT Services
2025-05-08,4495.12,4548.77,4463.8,4501.57,5770780,4421.994000000001,4482.058999999999,4564.476000000001,4616.2198,4501.269165289977,4570.1356563661675,43.60170072692358,46.9893816364771,-68.86649107619087,-53.92986670502916,-14.936624371161706,4564.476000000001,122.70680718903138,4809.889614378063,4319.062385621938,0.3718367761303876,0.10753199901938738,82.93714285714279,11182741.85,0.5160433426223335,323116265.0,0.006902706728908692,0.01887563672229497,0.0014348893911616115,-0.030231155345871286,-0.0708929732407303,0.02789886262698671,54.228945995476806,45.3333030913713,1,1,0.020926032473115086,TCS.NS,IN,IT Services
2025-05-09,4507.03,4549.97,4466.38,4503.53,11360257,4452.478,4469.808999999999,4550.6845,4618.752,4501.616986014596,4565.201904031873,49.15025046866834,84.34975096845571,-63.58491801727723,-55.86087696747878,-7.724041049798451,4550.6845,112.34753928745842,4775.379578574917,4325.9894214250835,0.3950700204484595,0.0987522112661809,82.1814285714285,11420332.6,0.9947395056830914,334476522.0,0.00043540364806049503,0.0185609954857593,-0.0007765646112848646,-0.02648058918770524,-0.05771274815037997,0.03503014173394847,54.67350132673757,52.04397166325982,1,1,0.02254675776557491,TCS.NS,IN,IT Services
2025-05-12,4493.1,4524.81,4511.77,4517.57,4291916,4481.63,4461.500999999999,4538.303,4621.464,4504.071295858504,4561.673614837126,40.69640329026363,100.0,-57.60231897862195,-56.20916536970742,-1.393153608914531,4538.303,100.4807029444461,4739.264405888892,4337.341594111108,0.4484154683613442,0.0885623572903121,75.60714285714286,10869618.55,0.3948542982813046,338768438.0,0.00311755445173012,0.0028865075693341943,0.005446128508155593,-0.018058317846391225,-0.05196633929320915,0.03334088169430949,57.85796910780952,55.586805476674606,1,1,0.02145622536009406,TCS.NS,IN,IT Services
2025-05-13,4516.26,4583.95,4571.76,4577.18,11418828,4514.112,4460.849,4534.357,4624.4114,4515.31878880335,4562.822235962472,40.58780229447573,100.0,-47.503447159122516,-54.46802172759044,6.964574568467924,4534.357,97.10410344735816,4728.5652068947165,4340.148793105283,0.6102502326861118,0.08566074832426018,74.49357142857141,11021297.5,1.0360692072717204,350187266.0,0.013195146948470127,0.0026632118465948324,0.013489037389341308,-0.0014224316600125464,-0.016949807779042536,0.03678787343395018,75.69452796133345,62.74199946529348,0,1,-0.0023049126317951085,TCS.NS,IN,IT Services
2025-05-14,4588.43,4663.71,4597.5,4626.93,4321250,4545.356,4471.457,4536.8455,4627.1062,4532.489744372066,4567.57095923282,48.678985545613436,100.0,-35.0812148607547,-50.590660354223296,15.509445493468597,4536.8455,98.88024178533237,4734.605983570666,4339.085016429335,0.7277616295549827,0.08717973030848045,75.73142857142855,10843059.95,0.3985267647139805,354508516.0,0.010869137766048143,0.014309704274753608,0.00839066957543029,0.023464613955340274,0.01087355478069374,0.03494299563156633,90.83318794683647,74.79522833865978,0,0,-0.023298385754701334,TCS.NS,IN,IT Services
2025-05-15,4608.31,4599.32,4592.93,4595.77,7577471,4564.196,4493.095,4534.818,4630.834,4542.225168314825,4569.65977707081,47.39989688949997,83.37069057530161,-27.43460875598521,-45.95945003457568,18.524841278590472,4534.818,97.1335075580295,4729.085015116059,4340.550984883941,0.6568768634318322,0.0856779765432775,76.82142857142857,10710782.35,0.7074618869963419,346931045.0,-0.006734487014067647,0.0013904090065425439,-0.002721171101769898,0.04940870760539706,-0.008746160748179466,0.020926032473115086,83.06706876334516,83.19826155717168,0,0,-0.006125197736179255,TCS.NS,IN,IT Services
2025-05-16,4567.65,4622.02,4591.51,4605.07,6515900,4584.504,4518.491,4535.3279999999995,4634.423,4551.893603958699,4572.2827565509815,50.39058357781628,81.20853938005071,-20.3891525922827,-40.84539054611709,20.45623795383439,4535.3279999999995,97.49152360454885,4730.3110472090975,4340.3449527909015,0.6788411890099622,0.08598409958841126,76.9407142857143,10427728.5,0.6248627757365589,353446945.0,0.002023599962574174,0.006625306455709379,0.008192396527753195,0.05836671561969253,0.002219866938564019,0.02254675776557491,85.38494130527276,86.42839933848477,0,0,-0.003200819965820223,TCS.NS,IN,IT Services
2025-05-19,4612.88,4647.77,4587.88,4614.5,3906211,4603.89,4542.76,4540.3234999999995,4637.7148,4561.525357195822,4575.40995977377,52.75837363424683,82.01858156846912,-13.884602577948499,-35.45323295248337,21.56863037453487,4540.3234999999995,98.9221881488547,4738.167876297709,4342.47912370229,0.6874617347922358,0.08714990299597193,79.34071428571431,10240360.7,0.38145244420419255,357353156.0,0.0020477430310505973,0.012978654242060319,0.00035119057942099933,0.05551247652574087,0.022130470319563944,0.02145622536009406,87.73521421606627,85.39574142822805,1,0,0.002030555856539218,TCS.NS,IN,IT Services
2025-05-20,4611.68,4623.96,4520.77,4566.63,7529082,4601.780000000001,4557.946,4537.585,4640.1314,4562.3106868580035,4574.759592382285,54.21298682176247,61.84337582078033,-12.448905524281145,-30.852367466842924,18.40346194256178,4537.585,97.30446852399088,4732.193937047982,4342.976062952018,0.5746240137786278,0.08577643704655198,81.90357142857147,10024778.35,0.7510471539705261,349824074.0,-0.01037382164914935,0.022596531796965594,-0.009768674322587519,0.03439816796798012,-0.011851387025576532,-0.0023049126317951085,75.80440146530472,82.97485232888123,0,1,-0.0028292197966552912,TCS.NS,IN,IT Services
2025-05-21,4582.48,4604.9,4450.52,4519.13,12071981,4580.219999999999,4562.7880000000005,4529.4400000000005,4641.8706,4555.667504264465,4570.638881830541,65.54878048780483,35.1161478898517,-14.971377566076626,-27.676169486689666,12.70479192061304,4529.4400000000005,91.20377439096096,4711.847548781922,4347.032451218079,0.47173910819667253,0.08054309088182271,82.68928571428569,10161879.8,1.1879671920575963,337752093.0,-0.010401543370056276,0.03416144257854167,-0.01382439203225887,0.010830494485216002,-0.034792600645446425,-0.023298385754701334,63.965805149006954,75.83514027679261,0,1,-0.007344333975787487,TCS.NS,IN,IT Services
2025-05-22,4533.5,4613.28,4531.1,4567.62,20039037,4574.589999999999,4569.393,4525.726000000001,4643.325,4557.50634976224,4570.415260953959,73.05407074557579,34.69419354838692,-12.908911191719199,-24.722717827695572,11.813806635976373,4525.726000000001,87.8332827697146,4701.39256553943,4350.0594344605715,0.6192429528941203,0.07763022575356536,75.16928571428564,10384230.95,1.9297562974794684,357791130.0,0.01072994138252259,0.017991864472084233,0.0075261938899288325,0.014672658650204395,-0.01600206811865823,-0.006125197736179255,68.03074159075072,69.26698273502076,1,0,0.010834964379698775,TCS.NS,IN,IT Services
2025-05-23,4587.16,4628.55,4559.77,4590.33,11351214,4571.642,4578.073,4523.941000000001,4644.1993999999995,4562.556142106511,4571.890426810727,73.16892149794307,48.53211009174298,-9.334284704215861,-21.645031202999633,12.310746498783772,4523.941000000001,86.03184403707975,4696.00468807416,4351.877311925841,0.6929198448038979,0.07606805131814115,77.82999999999986,10571446.85,1.0737615283227264,369142344.0,0.004971954759809272,0.014983672197856093,0.0006910593918676003,0.019273769687334186,-0.007717200277559733,-0.003200819965820223,73.49467220489979,68.49707298155246,0,0,-0.015807142405883545,TCS.NS,IN,IT Services
2025-05-26,4624.41,4748.69,4524.0,4623.87,10512290,4573.516,4588.703,4525.102,4645.4082,4571.989043320894,4575.740765569129,72.62203565864635,54.48601698959631,-3.751722248234728,-18.06636941204665,14.314647163811923,4525.102,87.26929330345003,4699.6405866069,4350.5634133931,0.7829402996761534,0.07714238777683308,88.3192857142856,10464905.7,1.0045278282318562,379654634.0,0.007306664226754966,0.04859349419424659,-0.00011677165303246183,0.023530349280697305,0.005047112907958784,0.002030555856539218,62.46466590466579,67.99669323343873,0,0,-0.02314295168333025,TCS.NS,IN,IT Services
2025-05-27,4612.46,4568.14,4542.17,4553.71,11339520,4570.931999999999,4586.356000000001,4523.6025,4644.4784,4569.176882809987,4574.108857007023,58.71153280994165,38.753838753838735,-4.931974197036652,-15.43949036904465,10.507516172007998,4523.6025,86.46337331494396,4696.529246629888,4350.675753370112,0.5870527566908188,0.07645532366287695,85.28857142857136,10614384.7,1.0683161815007345,368315114.0,-0.015173436969464937,0.005703042134873443,-0.012737237829701993,-0.0051276113240030785,-0.006542749307328122,-0.0028292197966552912,34.60777408849107,56.85570406601886,0,0,-0.023304075138733005,TCS.NS,IN,IT Services
2025-05-28,4551.86,4510.49,4466.31,4485.94,7938224,4564.294,4572.257,4521.857,4642.3656,4556.371208531527,4567.577830556766,48.47746887724287,36.09608160733355,-11.206622025238175,-14.592916700283356,3.38629467504518,4521.857,86.87327001533464,4695.603540030669,4348.110459969331,0.3966396683523682,0.07684742796184432,85.46214285714275,10391251.7,0.763933303248414,360376890.0,-0.014882370638446552,0.009848549022053244,-0.014481991976902978,-0.03047160860440956,-0.007721999181570016,-0.007344333975787487,11.879129355696573,36.31718978295112,0,1,-0.009788360967823873,TCS.NS,IN,IT Services
2025-05-29,4502.19,4648.33,4592.13,4617.11,7342456,4574.192,4574.391,4533.743,4642.306,4565.715637988215,4571.246880147907,58.838910505836566,63.104536700192526,-5.531242159691828,-12.78058179216505,7.249339632473221,4533.743,82.50776161894049,4698.7585232378815,4368.727476762119,0.7526035077289895,0.07279438787679172,91.09071428571418,10362747.7,0.7085432844666011,367719346.0,0.029240248420620896,0.012172116323844925,0.025525355438125567,0.004643400344229498,0.05428153235952937,0.010834964379698775,55.87081195272529,34.119238465637615,0,0,-0.044935035119371025,TCS.NS,IN,IT Services
2025-05-30,4625.75,4568.29,4477.35,4517.77,5458956,4559.68,4565.661,4542.075999999999,4640.218000000001,4558.339385990029,4567.285629763829,50.01374003847216,44.13101320963532,-8.946243773800234,-12.013714188492088,3.0674704146918543,4542.075999999999,70.65655632408456,4683.3891126481685,4400.76288735183,0.41399948828199723,0.062224019434346016,99.55357142857123,10086777.8,0.5411991388172406,362260390.0,-0.02151562340944857,0.02012940012439311,-0.023343241636486236,-0.018957366554688493,0.03830286984240816,-0.015807142405883545,22.55424757681009,30.10139629507729,0,0,-0.03232346932225427,TCS.NS,IN,IT Services
2025-06-02,4513.85,4544.62,4494.65,4516.86,11451882,4538.278,4555.897,4549.3285,4637.6542,4551.9579419915635,4563.550397927068,45.492452548199026,40.88212663506165,-11.592455935504404,-11.929462537894553,0.337006602390149,4549.3285,58.69097969561639,4666.710459391233,4431.946540608767,0.36169723112158825,0.0516040815215728,98.38142857142839,9795346.95,1.1691143651512657,350808508.0,-0.00020142681012991215,0.011062995089506691,0.0006668365142835144,-0.02115938888286928,0.03317847756421233,-0.02314295168333025,22.249052553837387,33.55803736112423,0,0,-0.027802499966791072,TCS.NS,IN,IT Services
2025-06-03,4539.36,4449.82,4445.81,4447.59,6374342,4517.054,4543.993,4550.9695,4632.6736,4535.901335531323,4554.960738816241,36.97830443495684,29.905157083580335,-19.059403284918517,-13.35545068729935,-5.703952597619168,4550.9695,55.078348833846306,4661.126197667692,4440.812802332308,0.03076162326555089,0.048410211348446974,97.27571428571407,9446103.4,0.674811724503066,344434166.0,-0.01533587492195898,0.000901611884188607,-0.020216506291631266,-0.026067362584663134,0.007434135866647651,-0.023304075138733005,0.587691494979488,15.130330541875628,0,0,-0.020750563788478726,TCS.NS,IN,IT Services
2025-06-04,4430.66,4465.64,4423.13,4442.03,21603119,4508.272,4536.282999999999,4549.5355,4625.1538,4521.459591603427,4546.595498899313,38.40608126451684,35.070317095342475,-25.135907295885772,-15.711542009016636,-9.424365286869136,4549.5355,57.59384373853369,4664.723187477068,4434.347812522932,0.03334639163827152,0.05063711997721195,97.88357142857123,9408735.8,2.2960700739338353,322831047.0,-0.0012501152309454255,0.00956994887472409,0.0025662090975153416,-0.0170608059515881,-0.006415088431144134,-0.009788360967823873,5.805381496480407,9.547375181765732,0,0,-0.023086291627926858,TCS.NS,IN,IT Services
2025-06-05,4458.67,4500.01,4337.35,4409.64,18930725,4466.778,4520.485,4544.939,4619.1140000000005,4504.256577510591,4536.450647123812,35.75811458803986,38.734349161351375,-32.19406961322056,-19.008047529857425,-13.186022083363138,4544.939,64.83642226078318,4674.611844521567,4415.266155478434,-0.021693653359612357,0.05706252362090588,107.32285714285692,10066733.05,1.880523008353439,303900322.0,-0.007291711222121244,0.036887364954953906,-0.01099655278367512,-0.03458694024459119,-0.020421763962350736,-0.044935035119371025,17.574269460744,7.989114150734603,1,0,0.0016622672145572004,TCS.NS,IN,IT Services
2025-06-06,4420.79,4383.31,4362.48,4371.74,5567110,4437.572,4498.626,4538.349499999999,4610.5968,4483.869411739731,4524.249858442204,33.013798315094164,0.0,-40.38044670247291,-23.282527364380524,-17.097919338092385,4538.349499999999,75.14415251788486,4688.637805035769,4388.06119496423,-0.05429961752609816,0.06623037958435614,106.41357142857123,9777075.7,0.5694043496661942,298333212.0,-0.008594805925200344,0.004764693234271954,-0.011095301970912231,-0.04761967004550871,-0.029263710911218488,-0.03232346932225427,8.360480381172723,10.580043779465681,1,0,0.020918444372263645,TCS.NS,IN,IT Services
2025-06-09,4370.33,4397.68,4386.17,4391.28,14782667,4412.456,4475.367,4532.035,4602.2374,4469.6248868566945,4514.400239294024,37.22404371584697,11.801654889170663,-44.775352437329275,-27.581092378970276,-17.194260058359,4532.035,81.9776675301494,4695.990335060299,4368.079664939701,0.07075199795022137,0.07235395801676861,100.89571428571415,10301613.25,1.4349854926862555,313115879.0,0.004469616216883798,0.002621103641762219,0.004793688348475978,-0.05030201973671411,-0.027955294549946053,-0.027802499966791072,13.110808576814405,13.015186139577013,1,1,0.029501648722012774,TCS.NS,IN,IT Services
2025-06-10,4381.56,4357.0,4353.94,4355.3,10817217,4393.9980000000005,4455.526,4520.941,4592.2398,4452.036442724895,4502.615036378577,37.859588279756345,9.738835725677845,-50.57859365368222,-32.18059263391267,-18.398001019769552,4520.941,90.15252396851751,4701.246047937035,4340.635952062965,0.04066455183804823,0.07976438884603672,92.53571428571422,10271532.7,1.053125785879474,302298662.0,-0.008193510775901247,0.0007025922439326102,-0.005993299190241426,-0.0435710662295139,-0.04847526206091968,-0.020750563788478726,4.363786648503966,8.611691868830336,1,1,0.014325075195738446,TCS.NS,IN,IT Services
2025-06-11,4340.19,4358.11,4324.57,4339.48,11373522,4373.487999999999,4440.88,4506.568499999999,4580.545999999999,4434.720066921065,4490.5309596052575,32.23374762483256,13.27535838032469,-55.81089268419237,-36.906652643968606,-18.904240040223762,4506.568499999999,95.14120399506636,4696.850907990132,4316.2860920098665,0.06094601239036994,0.08444669508078739,88.20642857142853,10624146.3,1.0705350442571517,290925140.0,-0.0036323559800703897,0.007729036658768386,-0.00016358730838969557,-0.03264867563988816,-0.062125426578746756,-0.023086291627926858,3.5155144770264792,6.996703234114922,1,1,0.03253846082940837,TCS.NS,IN,IT Services
2025-06-12,4354.28,4452.5,4388.54,4416.97,14174475,4374.954,4420.866,4497.6285,4570.9712,4431.989287394747,4485.081999632604,37.56098961024056,44.281672143118065,-53.092712237856176,-40.143864562746124,-12.948847675110052,4497.6285,94.71776270222473,4687.064025404449,4308.19297459555,0.2871083055090147,0.08423796025145576,91.36642857142859,10953996.5,1.2940002040351022,305099615.0,0.0178569782554594,0.014480514923122762,0.014397328605414927,-0.04334746194047778,-0.038905341215944245,0.0016622672145572004,21.786286899882747,9.88852934180437,1,1,0.03153745667278707,TCS.NS,IN,IT Services
2025-06-13,4412.36,4498.49,4434.94,4463.19,4524559,4393.244000000001,4415.407999999999,4490.5345,4561.785,4436.789397026325,4483.460370029667,38.6768519562521,61.49388280746922,-46.670973003341715,-41.44928625086524,-5.221686752476472,4490.5345,91.50596025884781,4673.546420517695,4307.5225794823045,0.42529311772950457,0.08151008327300657,81.14,10854429.45,0.41683983520296086,309624174.0,0.010464186987912294,0.014238694745235122,0.01151991224650491,-0.012081181644926775,-0.030809520810758606,0.020918444372263645,42.81566592524452,22.705822434051218,1,1,0.02768647536851465,TCS.NS,IN,IT Services
2025-06-16,4439.99,4561.52,4488.28,4520.83,16806591,4419.154,4415.804999999999,4485.851000000001,4554.093400000001,4449.718720560736,4486.2284907690355,47.64131994261118,79.50057382563612,-36.509770208299415,-40.46138304235208,3.9516128340526677,4485.851000000001,87.11913898733037,4660.089277974661,4311.61272202534,0.600376910303504,0.07768348880719467,82.32785714285721,11499448.45,1.4615126639823615,326430765.0,0.012914529742179992,0.01620056494050528,0.018207248214518936,0.0008789291676076783,-0.02029905731931958,0.029501648722012774,60.61897701982762,41.74030994831827,1,1,0.002063780323524611,TCS.NS,IN,IT Services
2025-06-17,4515.96,4484.07,4364.58,4417.69,9838824,4431.632,4412.8150000000005,4478.404,4544.5884,4444.7912250898535,4481.151565525483,45.340469981020526,53.92667043325698,-36.36034043562995,-39.641174521007656,3.2808340853777054,4478.404,86.21169235635239,4650.827384712706,4305.980615287295,0.32393919449647884,0.07700215733670597,87.24571428571439,11614935.55,0.8470837492435548,316591941.0,-0.022814394701857865,0.02704807263523985,-0.021760600182459247,-0.006722741979364177,-0.03261486041128814,0.014325075195738446,28.76204595988146,44.065562968317835,0,1,-0.01493767104527477,TCS.NS,IN,IT Services
2025-06-18,4427.33,4483.34,4478.56,4480.68,4473433,4459.872,4416.68,4476.4815,4535.8102,4450.31257507603,4481.116634745809,39.72959544708599,67.2557115331681,-30.804059669779235,-37.87375155076197,7.069691880982738,4476.4815,85.68280397857288,4647.847107957145,4305.115892042854,0.5122501243088932,0.07656263427296965,80.3357142857144,11235008.15,0.3981690571208836,321065374.0,0.014258583105650313,0.0010668023603557222,0.012050152123286114,0.008700976805649852,-0.008508274822808803,0.03253846082940837,64.05301165245359,51.14467821072086,0,1,-0.052793326013015895,TCS.NS,IN,IT Services
2025-06-19,4481.43,4568.68,4546.35,4556.27,8699725,4487.731999999999,4431.343,4475.914,4530.0346,4466.613717372025,4486.683550691881,53.00574604959089,75.62105561727375,-20.069833319855206,-34.312967904580624,14.243134584725418,4475.914,85.08288605205121,4646.079772104102,4305.748227895898,0.7361109376041421,0.0760362116448457,76.6385714285716,10668042.55,0.8154939524970349,329765099.0,0.016870207200692766,0.0049009387064408,0.016700026554020354,0.033252147567601975,-0.0024848827179142496,0.03153745667278707,94.91622629103725,62.57709463445741,0,0,-0.07000902053653546,TCS.NS,IN,IT Services
2025-06-20,4557.24,4588.4,4585.45,4586.76,19761699,4512.446,4452.844999999999,4475.7355,4526.1826,4485.097760853252,4494.096621012624,55.21626220112835,72.57425479299062,-8.99886015937227,-29.250146355538952,20.25128619616668,4475.7355,84.83359249451411,4645.402684989028,4306.068315010972,0.8271831851467121,0.07581644848717722,75.3642857142858,11088566.8,1.7821687486097166,349526798.0,0.006691877347040354,0.0006431555171840633,0.006477604866101842,0.04918407773563849,-0.0007777218631339622,0.02768647536851465,99.37838759769807,86.11587518039626,0,0,-0.0664281540782602,TCS.NS,IN,IT Services
2025-06-23,4567.36,4542.74,4520.1,4530.16,28979126,4514.312,4466.733,4471.05,4521.4818,4492.0304130296745,4496.7679824196375,56.280520270784166,58.66476905162375,-4.737569389963028,-24.347630962423768,19.61006157246074,4471.05,78.57853858602049,4628.207077172041,4313.892922827959,0.688060254946723,0.07029985223694908,75.05071428571442,12011908.6,2.412532808272217,320547672.0,-0.012339865177162124,0.004997615978242362,-0.008144748826453722,0.03162631396768134,-0.020266573238434504,0.002063780323524611,77.92517909230223,90.73993099367915,0,0,-0.05827387995125999,TCS.NS,IN,IT Services
2025-06-24,4476.91,4400.15,4312.95,4351.7,9725439,4501.1140000000005,4466.3730000000005,4460.9495,4515.3938,4470.441118717417,4486.02220594209,44.56007226738936,33.32939065980645,-15.581087224672956,-22.594322214873607,7.013234990200651,4460.9495,80.35725909467882,4621.664018189357,4300.234981810642,0.16011315831641365,0.07205395093099415,87.52928571428583,11931204.55,0.815126263581973,310822233.0,-0.0393937520970562,0.020038146011898746,-0.0279679511091293,-0.0008265791105090958,-0.044361630406855146,-0.01493767104527477,14.067888909006843,63.790485199669014,0,0,-0.011480570811407076,TCS.NS,IN,IT Services
2025-06-25,4346.01,4290.49,4207.04,4244.13,8854453,4453.803999999999,4456.838,4448.8589999999995,4508.7332,4435.624023530123,4468.104264758079,40.8601437990789,33.04084424467469,-32.48024122795596,-24.57150601749008,-7.908735210465878,4448.8589999999995,93.51359579732816,4635.886191594655,4261.8318084053435,-0.047324157130213464,0.08407872292406386,86.24357142857154,11977016.0,0.7392870027653797,301967780.0,-0.02471907530390416,0.019662451432915614,-0.023442191803510957,-0.021972678754136332,-0.053903975532441306,-0.052793326013015895,9.725718481199634,33.90626216083621,1,1,0.012669263194105662,TCS.NS,IN,IT Services
2025-06-26,4246.58,4285.8,4198.48,4237.29,11871186,4390.008,4438.87,4429.868,4500.7526,4405.111096833181,4451.006911810284,42.31160721433721,23.2861376358248,-45.89581497710242,-28.83636780941255,-17.059447167689868,4429.868,96.07862474364484,4622.02524948729,4237.710750512711,-0.0010948078041086834,0.0867552936056995,89.11214285714297,12203452.5,0.9727726663603873,290096594.0,-0.0016116377208049704,0.02060751093269047,-0.002187642761939673,-0.04067947031562369,-0.08226358046483617,-0.07000902053653546,9.953323758694312,11.248977049633567,1,1,0.0026266788442612654,TCS.NS,IN,IT Services
2025-06-27,4246.51,4301.14,4266.81,4282.07,19238416,4329.07,4420.758,4418.0830000000005,4494.4966,4386.181697320384,4438.493066489138,43.93014750836474,17.72142958044911,-52.31136916875403,-33.531368081280846,-18.78000108747318,4418.0830000000005,99.13592561942163,4616.354851238843,4219.811148761158,0.15700375734043698,0.08975469733764527,91.82000000000009,12892425.5,1.4922261530829748,309335010.0,0.01056807535004678,0.008017150583711127,0.008373935302163685,-0.04058084016140917,-0.0521717573050422,-0.0664281540782602,21.437730816522812,13.705591018805558,1,1,0.010051213548587512,TCS.NS,IN,IT Services
2025-06-30,4258.3,4286.56,4249.86,4266.17,5610779,4276.272,4395.2919999999995,4405.5485,4489.5282,4367.718359271094,4425.728394895588,44.93308926358396,10.917956845056622,-58.01003562449387,-38.42710158992345,-19.582934034570414,4405.5485,101.80194736400483,4609.152394728009,4201.94460527199,0.15772142967512826,0.09243066770367558,91.77428571428585,12600370.35,0.44528679704348556,303724231.0,-0.0037131574215273355,0.00860256389220123,0.0018481553671648408,-0.056330364114554166,-0.055500945346988795,-0.05827387995125999,17.35997127611482,16.250341950443953,1,0,0.020411751055396277,TCS.NS,IN,IT Services
2025-07-01,4260.4,4315.21,4290.97,4301.74,4740003,4266.28,4383.697,4398.255999999999,4483.135,4357.5678424601565,4416.544069346593,47.90165465705899,20.649157072368325,-58.97622688643605,-42.536926649225975,-16.439300237210077,4398.255999999999,103.83544650829617,4605.926893016592,4190.585106983407,0.2676227067782776,0.09443329038443653,92.88142857142871,12518653.4,0.3786351830273388,308464234.0,0.008337689309146024,0.00563492912170288,0.00970331424279186,-0.026246748866489034,-0.03279304072542666,-0.011480570811407076,26.482355354876738,21.760019149171427,1,1,0.040771873706918704,TCS.NS,IN,IT Services
2025-07-02,4294.63,4328.54,4273.38,4297.9,9467304,4277.034,4365.419,4391.049499999999,4475.4524,4348.3881743893635,4407.7556197643235,42.789142836379455,37.45920745920736,-59.36744537495997,-45.90303039437278,-13.464414980587193,4391.049499999999,105.62363419109887,4602.296768382197,4179.802231617801,0.27952495974587266,0.09621721111645398,88.74857142857152,11911862.65,0.7947794130433989,298996930.0,-0.0008926620390818929,0.012834174829564908,0.0007614160009124803,-0.040792915361061444,-0.032446876765803045,0.012669263194105662,25.49753795643852,23.113288195809996,1,1,0.06381023290444165,TCS.NS,IN,IT Services
2025-07-03,4300.0,4257.95,4240.79,4248.42,8515813,4279.26,4334.634,4382.9884999999995,4467.5828,4333.008455252539,4395.9529812619685,37.04472246015759,51.3713956908126,-62.944526009429865,-49.3113295173842,-13.633196492045663,4382.9884999999995,110.18373723132335,4603.355974462646,4162.621025537353,0.19467250026726624,0.10055580773830304,87.00500000000011,11391117.05,0.7475835965021888,290481117.0,-0.011512599176341842,0.004039148671740509,-0.011995348837206495,-0.06756623290542485,-0.036560807684981156,0.0026266788442612654,12.807755436980003,21.59588291609839,1,1,0.07301773365156938,TCS.NS,IN,IT Services
2025-07-04,4255.72,4357.78,4298.97,4325.11,6587600,4287.868,4308.469,4380.657,4461.5644,4331.79330829061,4390.705353019808,38.45908908649195,69.40687704410863,-58.91204472919799,-51.23147255974697,-7.680572169451018,4380.657,110.925137680653,4602.507275361306,4158.8067246386945,0.3748097113922636,0.10128630265334856,87.79285714285717,11442141.55,0.5757313345130454,297068717.0,0.018051416761996064,0.013597342032916132,0.016305114058251743,-0.05704462409195177,-0.010666233582051987,0.010051213548587512,32.47589249068407,23.59372862803417,1,1,0.06837282751190155,TCS.NS,IN,IT Services
2025-07-07,4304.16,4368.09,4341.39,4353.25,10000209,4305.284,4290.778,4378.7555,4456.6164,4335.094337784362,4387.930882425488,45.831500504567,66.97834176128248,-52.83654464112533,-51.55248697602264,-1.2840576651026865,4378.7555,111.05932949624727,4600.874158992495,4156.636841007506,0.4425858680307794,0.10145287125186316,79.70214285714292,11203018.65,0.8926351387770707,307068926.0,0.006506192906076347,0.0061333486475607145,0.011405245158169942,-0.039051600826460864,-0.008660345047457607,0.020411751055396277,39.69275748861394,28.32546847209265,1,1,0.06012519382070858,TCS.NS,IN,IT Services
2025-07-08,4385.67,4498.69,4459.88,4477.13,4361079,4340.362,4303.321,4384.847,4454.485,4356.94597812523,4394.538224468619,49.78712687238404,83.21158690176328,-37.59224634338898,-48.76043884949591,11.168192506106934,4384.847,113.02877440349457,4610.904548806989,4158.789451193011,0.7041139534740526,0.10310852296873181,85.40142857142857,10880211.75,0.40082662905649524,311430005.0,0.02845690001722856,0.00866849968618084,0.020854282241933197,0.028823218512305626,0.027972814731476614,0.040771873706918704,71.46337710281234,47.877342360703416,1,1,0.02340338565107558,TCS.NS,IN,IT Services
2025-07-09,4449.8,4576.92,4568.34,4572.15,8367919,4395.2119999999995,4336.1230000000005,4396.4805,4455.511,4390.054289182887,4407.6946522868175,50.9305487190305,85.85863943774041,-17.640363103930213,-42.53642370038278,24.896060596452564,4396.4805,119.87977655155557,4636.240053103111,4156.720946896889,0.8663451523109595,0.10906885773884659,86.24357142857141,10729931.6,0.7798668744666672,319797924.0,0.021223417680522827,0.0018765788523994293,0.027495617780568103,0.07728792473369084,0.05361702323780726,0.06381023290444165,95.83247845687364,68.99620434943328,1,1,0.026094944391588326,TCS.NS,IN,IT Services
2025-07-10,4587.81,4561.73,4556.15,4558.63,4432099,4457.254,4368.257,4403.5635,4459.095799999999,4415.9890139239815,4418.875048414554,48.31816714297671,83.70956481266018,-2.886034490572456,-34.60634585842072,31.72031136784826,4403.5635,125.22008386394357,4654.003667727888,4153.123332272113,0.8095879175573701,0.11374431990265636,85.09142857142862,10242812.8,0.4327032675337708,315365825.0,-0.0029570333431754303,0.0012240519629798212,-0.006360333143699047,0.07583620663206903,0.03207175959990671,0.07301773365156938,95.16700137381049,87.48761897783213,1,1,0.017943987557665464,TCS.NS,IN,IT Services
2025-07-11,4547.04,4674.4,4577.97,4620.83,11780957,4516.397999999999,4402.133,4411.4455,4464.4902,4447.5030117818305,4433.8346744589535,55.38490776704797,96.61534610088883,13.66833732287705,-24.95140922216116,38.61974654503821,4411.4455,133.83576201625664,4679.117024032513,4143.773975967487,0.8911221052667446,0.12135320453690394,88.59928571428574,10605632.7,1.1108206575152602,327146782.0,0.01364445019665994,0.0208685452613445,0.016228139624895256,0.07911127095073178,0.03532002894790498,0.06837282751190155,88.7439065387277,93.24779545647057,1,1,0.016507856813602784,TCS.NS,IN,IT Services
2025-07-14,4635.23,4637.29,4597.15,4614.99,5883890,4568.746,4437.015,4416.1535,4469.3538,4473.270240738471,4447.253587462852,69.66993888863993,94.10833840535615,26.01665327561932,-14.757796722605065,40.774449998224384,4416.1535,139.4255700430898,4695.00464008618,4137.3023599138205,0.8565280384682878,0.12628688748528177,75.95142857142862,10059497.65,0.5849088711791814,321262892.0,-0.0012638422101657332,0.008697743657080866,-0.004366557862284162,0.08176420536453066,0.02082803379025533,0.06012519382070858,87.51680954763931,90.47590582005914,1,1,0.031906894706164035,TCS.NS,IN,IT Services
2025-07-15,4620.08,4602.62,4565.33,4581.91,25242803,4589.701999999999,4465.031999999999,4424.3645,4472.696599999999,4489.98404985563,4457.228136540268,78.39537307912177,84.27774779636633,32.755913315361795,-5.25505471501169,38.01096803037348,4424.3645,144.27217481569733,4712.908849631394,4135.820150368605,0.773000494032349,0.13043425767986766,69.16571428571433,10829696.6,2.330887152379952,296020089.0,-0.007167946192732755,0.008138527382683601,-0.008261761701094312,0.06512945924207414,0.03717327381504809,0.02340338565107558,80.5660615227758,85.60892586971424,1,1,0.03278763659696504,TCS.NS,IN,IT Services
2025-07-16,4586.82,4701.89,4683.11,4691.46,9714165,4613.564,4504.388000000001,4434.9035,4477.1116,4520.98034987784,4474.578644945644,82.55745602087495,83.57194323486115,46.40170493219648,5.076297214429947,41.32540771776653,4434.9035,155.83761931050861,4746.578738621018,4123.228261378983,0.9115766480747752,0.14055558982103986,71.49857142857147,11091733.2,0.8758021806905543,305734254.0,0.023909243088581,0.004003018250181532,0.02281319083809208,0.0915703017752858,0.04704196684431827,0.026094944391588326,97.73801778334902,88.60696295125467,1,1,0.03048091638850159,TCS.NS,IN,IT Services
2025-07-17,4692.27,4672.86,4614.49,4640.43,9846307,4629.924,4543.589,4439.1115,4479.8888,4539.357219127403,4486.863930505849,75.46110779549277,62.40462175713989,52.49328862155471,14.559695495854905,37.93359312569981,4439.1115,160.35800044948346,4759.827500898967,4118.395499101033,0.813857898319527,0.14449558246009114,72.43571428571431,11149062.3,0.8831510535956864,295887947.0,-0.010877210932204395,0.01257857569233612,-0.011047957598345596,0.09227195051336734,0.01847124950891854,0.017943987557665464,86.67100412039325,88.32502780883932,1,1,0.032025049402749195,TCS.NS,IN,IT Services
2025-07-18,4644.87,4707.06,4689.15,4697.11,11798577,4645.18,4580.789,4444.629,4483.7604,4563.626877723187,4502.437713432074,78.94079406866175,71.74759721088007,61.18916429111323,23.885589254906574,37.30357503620665,4444.629,167.44730014324458,4779.523600286489,4109.73439971351,0.8769559135667385,0.1506963124645113,74.57357142857141,10750906.2,1.0974494319884,307686524.0,0.012214385304810005,0.0038129828767043887,0.011246816380219151,0.08600937317201174,0.02405837671907829,0.016507856813602784,97.86604327943479,94.09168839439234,1,1,0.017319160079282803,TCS.NS,IN,IT Services
2025-07-21,4706.14,4784.62,4744.34,4762.24,19804919,4674.63,4621.688,4456.233,4488.653799999999,4594.18274268885,4521.682327252757,79.74498759818114,72.00522859543744,72.50041543609314,33.60855449114389,38.891860944949244,4456.233,181.16603423088492,4818.56506846177,4093.9009315382305,0.922274243207601,0.1626180984978517,77.32142857142857,10292195.85,1.924265469135484,327491443.0,0.013865972906744739,0.008458204542398385,0.011920597347292585,0.09395049675529776,0.051229978632101325,0.031906894706164035,95.88474339389903,93.47393026457566,1,1,0.017483369170810503,TCS.NS,IN,IT Services
2025-07-22,4726.89,4753.77,4714.84,4732.14,19413919,4704.676,4647.189,4475.255,4491.753,4615.406936121334,4537.271784493922,77.12847040008009,66.9502560986198,78.1351516274126,42.513873918397636,35.62127770901496,4475.255,189.398257939521,4854.051515879042,4096.458484120958,0.8390804683129531,0.1692848858350898,76.76714285714284,10776619.85,1.8014848318617427,308077524.0,-0.006320555032925612,0.0082267219482078,0.0011106668443731267,0.056958363951906676,0.08742330583450153,0.03278763659696504,90.34992552803209,94.70023740045526,1,1,0.01720151981978546,TCS.NS,IN,IT Services
2025-07-23,4740.13,4852.25,4820.23,4834.46,7988454,4733.276,4673.42,4504.7715,4495.9036,4649.107407487282,4559.285726384082,84.34445251881206,80.44164798341421,89.82168110319981,51.97543535535808,37.84624574784173,4504.7715,197.31717628104676,4899.405852562093,4110.137147437907,0.917713888639748,0.1752072674771653,81.26714285714284,10733319.9,0.7442667627686413,316065978.0,0.021622352677646894,0.006623283675941845,0.019900298093086057,0.05737125859825265,0.13909328884836225,0.03048091638850159,96.78462984366544,94.33976625519881,0,1,-0.011093276188033463,TCS.NS,IN,IT Services
2025-07-24,4815.94,4803.94,4777.12,4789.04,7001351,4762.9980000000005,4696.461,4532.3589999999995,4499.769,4670.635498643085,4576.304561467331,78.22267644875969,63.91296908862787,94.33093717575412,60.44653571943729,33.88440145631682,4532.3589999999995,196.5208060740635,4925.400612148126,4139.317387851873,0.8265315835088193,0.17343798765633522,77.55142857142859,10489828.15,0.6674418524728785,309064627.0,-0.009395051360441498,0.005600287322718981,-0.005585617761017382,0.050543694048431176,0.13021294270630523,0.032025049402749195,87.62674705381585,91.58710080850443,1,1,0.027859445734427002,TCS.NS,IN,IT Services
2025-07-25,4803.75,4791.22,4768.24,4778.46,5091547,4779.268,4712.224,4557.1785,4503.2368,4687.223883467225,4591.279038396156,76.43190153540134,72.24639783386525,95.94484507106972,67.54619758976378,28.398647481305943,4557.1785,194.58310148068367,4946.344702961367,4168.012297038633,0.7843020518166406,0.170792609050219,76.12285714285716,9782484.7,0.5204757927732008,303973080.0,-0.0022092110318560065,0.004809080749864111,-0.005264637002340817,0.034112919107606166,0.1159229064447802,0.017319160079282803,81.19377118515384,88.53504936087835,1,1,0.03149341001075645,TCS.NS,IN,IT Services
2025-07-28,4789.12,4852.54,4839.86,4845.5,13193850,4795.92,4735.275,4586.1449999999995,4507.8568,4711.574055241498,4610.110220737739,74.63980414977733,73.14326710128212,101.46383450375924,74.32972497256287,27.134109531196373,4586.1449999999995,192.08705018134012,4970.31910036268,4201.970899637319,0.8375487829011877,0.1675368312003203,71.02571428571433,10161638.25,1.2983977954147505,317166930.0,0.014029624607091007,0.0026168610050557573,0.011772517706799648,0.0499481038962164,0.13579627628528623,0.017483369170810503,97.62475117211235,88.81508980369398,1,1,0.017647301620059785,TCS.NS,IN,IT Services
2025-07-29,4818.36,4858.09,4777.9,4813.54,6832857,4812.2,4758.438,4611.735,4512.795,4727.261123665883,4625.179093276098,67.63386660822566,58.92422239231792,102.08203038978536,79.88018605600737,22.201844333777984,4611.735,186.2054018804885,4984.145803760976,4239.324196239023,0.7709440729984209,0.16150572561558543,69.62571428571437,10266280.95,0.6655629597237002,310334073.0,-0.006595810545867331,0.016659257012507186,-0.001000340364771148,0.05055315359751722,0.11897511239637915,0.01720151981978546,85.2454129956771,88.02131178431439,1,1,0.0021688819455119024,TCS.NS,IN,IT Services
2025-07-30,4805.52,4845.57,4729.05,4780.83,12492058,4801.474,4767.375,4635.8815,4518.0289999999995,4735.502489255748,4636.708790070754,65.78932408618046,58.39395924559522,98.79369918499378,83.66288868180466,15.130810503189124,4635.8815,174.29802436525895,4984.477548730519,4287.285451269482,0.7079032457871373,0.15039040524674457,76.80571428571433,10417518.65,1.1991393747935,297842015.0,-0.006795414601312166,0.02437233702097233,-0.005137841482294396,0.019049506976506203,0.11236417785430097,-0.011093276188033463,73.60978275695578,85.49331564158172,1,1,0.0023238642662466447,TCS.NS,IN,IT Services
2025-07-31,4789.34,4935.26,4912.22,4922.46,6441756,4828.158,4795.5779999999995,4669.5835,4525.1258,4764.265183216402,4657.8755463623065,69.25945317787685,63.360053440213754,106.38963685409544,88.20823831626282,18.18139853783262,4669.5835,160.01653718074593,4989.616574361492,4349.5504256385075,0.8950786969497244,0.13707135737541634,79.56714285714295,10313815.8,0.6245753754323036,304283771.0,0.029624563098876067,0.004680586535999334,0.027795061532480902,0.06077669526315432,0.1586566299942096,0.027859445734427002,96.53988592410306,85.13169389224528,0,0,-0.04226138963038806,TCS.NS,IN,IT Services
2025-08-01,4920.27,5013.57,4861.25,4928.95,11095400,4858.255999999999,4818.762,4699.775500000001,4531.8982,4789.601308875417,4677.9551355210915,70.03011279538615,74.08835783891737,111.64617335432558,92.89582532387539,18.750348030450198,4699.775500000001,148.124841211557,4996.0251824231145,4403.525817576887,0.8867928196996302,0.12606971648881984,87.58000000000006,10539205.8,1.0527737248689342,315379171.0,0.0013184464678228647,0.030903133527418376,0.0017641308302181822,0.04935800949945812,0.13961263412953673,0.03149341001075645,81.12172050669035,83.7571297292497,0,0,-0.03846661053571232,TCS.NS,IN,IT Services
2025-08-04,4918.43,4961.64,4906.51,4931.01,24759021,4875.358,4835.639,4728.663500000001,4538.041,4811.356492125353,4696.699940297685,73.18984987378775,77.05842704601086,114.6565518276675,97.24797062463382,17.408581203033677,4728.663500000001,132.50174657340168,4993.666993146804,4463.660006853197,0.8817808165400755,0.11208388719000513,87.97071428571437,11277146.4,2.1955038913475584,340138192.0,0.0004179389119387533,0.01118026530061568,0.0025577267542686117,0.035439205079962566,0.1327192327571356,0.017647301620059785,79.31241856249558,85.6580083310963,0,0,-0.04202992895978719,TCS.NS,IN,IT Services
2025-08-05,4908.28,4847.71,4805.0,4823.98,8582335,4877.446,4844.822999999999,4746.005999999999,4543.4464,4813.2985702599135,4706.128092868403,58.83254685542134,46.65713930657382,107.17047739151076,99.23247197800922,7.938005413501543,4746.005999999999,119.95140057102103,4985.908801142042,4506.103198857957,0.6625116497767998,0.10109671211624756,88.40142857142862,11488209.2,0.7470558816899086,331555857.0,-0.021705492383913394,0.00885368513136273,-0.017175059287567743,0.019407709831069875,0.07747150518300772,0.0021688819455119024,52.493234439078606,70.97579116942148,0,0,-0.006471834460341719,TCS.NS,IN,IT Services
2025-08-06,4850.61,4819.51,4769.88,4791.94,14166014,4879.668,4840.571,4756.9955,4549.5664,4810.012636373773,4712.484530433816,60.36050821263963,46.645546030562755,97.52810593995673,98.89159877039873,-1.3634928304419986,4756.9955,113.05496401844917,4983.105428036898,4530.885571963102,0.5772732544360455,0.09506417571210674,86.76785714285714,11778113.95,1.2027403417386413,317389843.0,-0.006641818581337389,0.010356974419544016,-0.012095385941147192,-0.008795191189915785,0.04807147622015906,0.0023238642662466447,31.684236483472997,54.49662982834903,1,0,0.008320221037826148,TCS.NS,IN,IT Services
2025-08-07,4787.99,4751.79,4684.53,4714.43,7246754,4838.062,4833.11,4764.7855,4551.5128,4795.3076153931925,4712.628639290573,51.151565117949026,40.94775875231765,82.67897610261934,95.64907423684286,-12.97009813422352,4764.7855,103.64319895300868,4972.0718979060175,4557.499102093982,0.3785364102298476,0.08700765140675232,89.68071428571427,11918846.7,0.608007936874636,310143089.0,-0.01617507731732859,0.014266836075620157,-0.015363440608686343,-0.015579322787030336,0.034176934736971365,-0.04226138963038806,9.087041089201824,31.088170670584446,1,1,0.019809393712495238,TCS.NS,IN,IT Services
2025-08-08,4674.41,4786.63,4701.52,4739.35,18578036,4800.142,4829.199,4770.711499999999,4555.9444,4786.698751486548,4714.607999343152,48.39212711257222,13.385322935413,72.09075214339555,90.93740981815341,-18.846657674757864,4770.711499999999,98.22577919077082,4967.163058381541,4574.259941618458,0.42018006815830405,0.08235734161728317,89.50928571428565,12258700.65,1.5154978504595549,328721125.0,0.005285898825520885,0.017958158819243505,0.013892662389475166,-0.008184645262281132,0.02564907170356845,-0.03846661053571232,16.660588378262222,19.143955316978985,1,1,0.058227394051926895,TCS.NS,IN,IT Services
2025-08-11,4742.68,4777.0,4681.17,4723.76,7435835,4758.692,4817.025,4776.15,4560.0824,4777.015866642464,4715.285925317743,49.39911085615947,10.410958904109748,61.72994132472104,85.09591611946695,-23.36597479474591,4776.15,91.96151437595154,4960.073028751903,4592.226971248097,0.35757629059320584,0.07701727489792597,92.9685714285714,12336297.9,0.6027606059383013,321285290.0,-0.0032894806249802455,0.020286805426181605,-0.003989305624667083,-0.025124342173150294,0.0235688484698775,-0.04202992895978719,12.812876052909766,12.853501840124578,1,1,0.05580088742865863,TCS.NS,IN,IT Services
2025-08-12,4736.34,4807.52,4780.95,4792.76,14001208,4752.447999999999,4814.947,4786.6925,4566.9858,4779.438041005163,4721.024745664649,46.85984517605954,28.801864515931186,58.41329534051329,79.75939196367622,-21.346096623162936,4786.6925,79.80413878432584,4946.300777568652,4627.084222431348,0.519007472832577,0.0666883354502586,90.37214285714286,11774218.15,1.1891411075018083,335286498.0,0.014607007976696451,0.005543778532619007,0.011912151576953545,-0.00431698915974521,0.04601792702170071,-0.006471834460341719,33.57099879652965,21.014821075900517,1,1,0.02455370183359884,TCS.NS,IN,IT Services
2025-08-13,4785.28,4888.64,4786.34,4831.81,6765936,4760.4220000000005,4820.045,4793.71,4574.7814,4787.495265465907,4729.231060800697,53.25192743419355,51.516795164852354,58.264204665209945,75.46035450398297,-17.196149838773024,4793.71,77.11466663695741,4947.939333273915,4639.4806667260855,0.6235173594756791,0.06434654297981413,93.58357142857143,11626806.7,0.5819255099574753,342052434.0,0.008147706123402765,0.02117219013164404,0.009723568944762047,0.010663420368429932,0.029916060245637865,0.008320221037826148,45.31889289998415,30.567589249807828,1,1,0.006461346783089406,TCS.NS,IN,IT Services
2025-08-14,4856.85,4833.13,4787.57,4807.82,12156370,4779.1,4808.581,4802.079500000001,4582.745,4790.622147701922,4735.052463704413,52.187714226103516,53.17523794289372,55.569683997508946,71.48222040268817,-15.912536405179225,4802.079500000001,68.1677989635075,4938.415097927016,4665.743902072985,0.5210528287797256,0.05678189956121593,95.19642857142857,11742309.85,1.0352621519979606,329896064.0,-0.004965013111028926,0.009476228311374162,-0.010095020435053698,-0.02328916842391815,0.03607208814700358,0.019809393712495238,38.10168471709349,38.99719213786907,0,1,-0.0033279116106675888,TCS.NS,IN,IT Services
2025-08-15,4797.32,5025.13,5007.46,5015.31,11763192,4834.292,4817.217,4817.989500000001,4595.6164,4825.189509593934,4755.812281207998,60.46311015810812,89.58530680980932,69.37722838593618,71.06122199933777,-1.6839936134015971,4817.989500000001,78.69869780740979,4975.38689561482,4660.592104385181,1.126822633335538,0.06533737593856798,105.4271428571429,11740540.6,1.0019292466030698,341659256.0,0.04315677375608917,0.0035232119250847,0.04543995397429299,0.01752097302670963,0.06774378287925997,0.058227394051926895,97.1450168621435,60.18853149307369,0,0,-0.035547154612576404,TCS.NS,IN,IT Services
2025-08-18,5009.26,4994.61,4981.55,4987.35,14044833,4887.01,4822.851000000001,4829.245,4607.5378,4850.137277348714,4772.963223340899,60.76262895215921,82.36921791792822,77.17405400781445,72.2837884010331,4.890265606781341,4829.245,86.05917862912118,5001.363357258242,4657.126642741758,0.9592915088128116,0.07128168368273159,102.1107142857143,11452536.3,1.2263512121458011,327614423.0,-0.0055749295656699616,0.002618625121556913,-0.004373899538054619,0.011425651134351789,0.04726977220803663,0.05580088742865863,89.01616467005178,74.75428874976289,1,0,0.00812656019729907,TCS.NS,IN,IT Services
2025-08-19,4999.59,4929.7,4895.02,4910.44,9348018,4910.546,4831.497,4838.16,4618.6406,4859.414619295065,4783.146688278699,57.60916787018442,71.00360036003582,76.26793101636576,73.08061692409964,3.1873140922661207,4838.16,84.69485934815229,5007.549718696305,4668.770281303695,0.7133541532378231,0.07002237160253895,100.38285714285719,10949241.25,0.8537593548996507,318266405.0,-0.015421015168376129,0.007062503563833856,-0.017831462179895292,0.017922959879601574,0.037678513315328566,0.02455370183359884,66.65600651219123,84.27239601479548,1,0,0.018560454867588394,TCS.NS,IN,IT Services
2025-08-20,4911.95,4865.73,4860.86,4863.03,6024680,4916.79,4838.606,4839.5885,4629.1116,4859.970831711208,4789.063970628473,46.07696877681695,58.30987914193127,70.9068610827353,72.64586575582678,-1.7390046730914719,4839.5885,84.86992507269828,5009.328350145396,4669.8486498546035,0.5690512569068232,0.07014639783748607,92.89357142857145,10851052.55,0.5552161338287745,312241725.0,-0.009654939272244367,0.001001433262800947,-0.009959384765722393,0.014835327654352914,0.005909656921352147,0.006461346783089406,52.8724270262446,69.51486606949584,1,1,0.01165322854269868,TCS.NS,IN,IT Services
2025-08-21,4863.8,4818.48,4770.49,4791.82,10745652,4913.59,4846.344999999999,4839.7275,4636.6086,4849.486088371023,4789.268120952292,41.660483841541314,45.60520473877393,60.21796741873095,70.16028608840762,-9.942318669676666,4839.7275,84.78501350166196,5009.297527003324,4670.157472996676,0.35873830167102616,0.0700742043858002,88.62357142857147,11038267.6,0.97349071574504,301496073.0,-0.014643134013156422,0.010014983868340164,-0.014799128253625903,0.016415558190491675,0.0005804921236822747,-0.0033279116106675888,32.169438306686224,50.56595728170732,1,1,0.03480723399459906,TCS.NS,IN,IT Services
2025-08-22,4805.33,4874.26,4807.25,4837.03,9104791,4877.933999999999,4856.113,4842.656,4644.0854,4847.569767083172,4792.806037918813,44.56963897748808,53.06705306705307,54.763729164359574,67.080974703598,-12.317245539238428,4842.656,83.56010111860039,5009.776202237201,4675.535797762799,0.4831678039962573,0.06902005933816745,90.57428571428578,11238929.8,0.8101118480060399,310600864.0,0.009434828520269889,0.0138535423596683,0.006596841424000686,0.020610421260299328,0.012257087011296575,-0.035547154612576404,45.31340853574443,43.45175795622506,1,1,0.0045151673650980495,TCS.NS,IN,IT Services
2025-08-25,4852.94,5056.53,5004.96,5027.88,5860666,4886.04,4886.525,4851.775,4654.2264,4875.30980291653,4810.218923999011,60.74130265292792,51.36764225873134,65.09087891751915,66.68295554638223,-1.592076628863083,4851.775,93.27385770719681,5038.322715414393,4665.227284585606,0.9720106049217275,0.07689874959756181,97.2521428571429,10872270.6,0.5390470561828128,316461530.0,0.03945602983649055,0.010256808038375906,0.03604825116320508,0.06438091689670933,0.03763904653802497,0.00812656019729907,92.36732736548291,56.61672473597116,0,0,-0.0225065037351726,TCS.NS,IN,IT Services
2025-08-26,5023.65,5022.47,4984.86,5001.58,13615924,4904.267999999999,4907.407,4861.177,4665.904200000001,4894.735987083218,4824.393818517687,61.11087555649777,51.553866649195164,70.34216856553121,67.41479815021202,2.9273704153191886,4861.177,98.54518301669049,5058.26736603338,4664.086633966619,0.8561894039391159,0.08108750865617116,96.4607142857144,11211423.95,1.2144686389752803,302845606.0,-0.005230832875884106,0.007519623798878166,-0.004393220069072351,0.04356988457590183,0.03906480469675122,0.018560454867588394,85.3607203748792,74.34715209203547,0,0,-0.029042822468100082,TCS.NS,IN,IT Services
2025-08-27,5011.04,4937.46,4905.49,4919.7,8746412,4915.602,4916.196,4868.1205,4674.6846,4898.576604455031,4831.453535664563,60.82910410753658,51.00030246726874,67.1230687904681,67.35645227826323,-0.2333834877951375,4868.1205,97.47252408946862,5063.065548178937,4673.175451821063,0.632292408761323,0.0800904777023893,95.65214285714299,11024141.65,0.793387048561096,294099194.0,-0.01637082681872526,0.006498363721363854,-0.018227753121104983,0.01818987087654511,0.029047257484579037,0.01165322854269868,63.54699488474118,80.42501420836773,0,0,-0.022186312173506417,TCS.NS,IN,IT Services
2025-08-28,4910.98,5016.05,4912.66,4958.61,9020730,4948.96,4931.275,4869.928,4682.731400000001,4907.81251146195,4840.872533022791,61.39889369489263,60.51809138128354,66.93997843915895,67.27315751044237,-0.33317907128342483,4869.928,98.8585361753879,5067.645072350776,4672.210927649224,0.7242649027342009,0.08119917680538008,96.95785714285732,11153090.35,0.8088098372833645,303119924.0,0.007909018842612303,0.020850601277369964,0.009698675213499222,0.03136348698578573,0.007343889031094175,0.03480723399459906,73.91304347806391,74.27358624589473,0,0,-0.043356908488467516,TCS.NS,IN,IT Services
2025-08-29,4917.31,4893.65,4831.05,4858.87,8031804,4953.3279999999995,4915.631,4866.424,4688.1736,4900.2828943139575,4842.205678724813,56.45896874492066,56.9425749135414,58.077215589144544,65.4339691261828,-7.356753537038259,4866.424,97.89368988859086,5062.211379777182,4670.636620222818,0.4807086646517316,0.08046457923811878,99.22428571428587,10999910.55,0.7301698712295555,295088120.0,-0.02011450789636604,0.012883654018318367,-0.011884546632201063,-0.031192488599907198,-0.014218038324592452,0.0045151673650980495,30.897776534642407,56.11927163248247,0,0,-0.0125975792725469,TCS.NS,IN,IT Services
2025-09-01,4875.56,5003.09,4844.02,4914.72,7139844,4930.696,4908.3679999999995,4865.6095000000005,4695.864799999999,4902.503987496426,4847.577109930406,55.90456640458576,57.87084878325537,54.926877566020266,63.332550814150295,-8.405673248130029,4865.6095000000005,97.39453132142161,5060.398562642844,4670.820437357157,0.6260607226428841,0.08006769250298584,104.60357142857154,10118951.7,0.7055912021409093,302227964.0,0.011494442123374471,0.03236603509456639,0.008031897874293786,-0.014562843995308161,-0.003303582835970764,-0.0225065037351726,50.423017759577775,51.744612590761335,1,0,0.0006816258098121253,TCS.NS,IN,IT Services
2025-09-02,4926.79,4885.73,4832.79,4856.32,6008456,4901.644,4902.956,4867.2265,4705.957200000001,4895.398758650822,4848.2247314170445,51.16480215946997,26.243491746981277,47.17402723377745,60.10084609807573,-12.926818864298276,4867.2265,96.9343743427177,5061.095248685435,4673.357751314565,0.4718714334454997,0.07966292453634334,103.14857142857156,9990257.75,0.6014314694301587,296219508.0,-0.011882670833740394,0.010901258566154762,-0.014303430834272608,-0.011021415596158324,0.006704007893896691,-0.029042822468100082,30.006292826073235,37.109029040097774,1,0,0.014008549683711236,TCS.NS,IN,IT Services
2025-09-03,4835.73,4843.7,4784.03,4810.55,6301655,4879.814,4897.7080000000005,4868.157,4717.2856,4882.345103473773,4845.434010571327,50.127107990576334,24.900801471554374,36.91109290244549,55.46289545894968,-18.551802556504192,4868.157,96.26062145634374,5060.678242912688,4675.635757087312,0.3503879386793792,0.07909409779210004,105.05785714285723,9597039.8,0.6566248004280653,289917853.0,-0.009424831971533876,0.012403987070082976,-0.005207073182331142,-0.010791625797085258,0.0038836045526446927,-0.022186312173506417,14.005034260893705,31.478114948848212,1,1,0.013017222562908604,TCS.NS,IN,IT Services
2025-09-04,4814.78,4787.49,4708.53,4743.62,5288303,4836.816000000001,4892.888,4869.616499999999,4727.4122,4861.002779862423,4837.892232010462,35.445126589737825,25.91903719912476,23.1105478519612,48.992425937551985,-25.881878085590785,4869.616499999999,94.00193409406364,5057.620368188126,4681.612631811872,0.1649098201690052,0.0772150612632795,96.82285714285725,9499117.25,0.556715145639965,284629550.0,-0.01391317001174508,0.016645515450222276,-0.014779491482473773,-0.01005880855290886,0.00619162868045553,-0.043356908488467516,10.0833333333044,18.031553473423752,1,1,0.047674560778477204,TCS.NS,IN,IT Services
2025-09-05,4756.16,4822.41,4777.86,4797.66,12693032,4824.5740000000005,4888.950999999999,4872.532,4737.723999999999,4851.257736806666,4834.912066676345,40.11423687474593,28.862973760932988,16.345670130321196,42.463074776105834,-26.11740464578464,4872.532,90.59141434864499,5053.71482869729,4691.349171302711,0.29337997828319107,0.07436906671818773,100.0392857142858,9204867.05,1.3789477405925443,297322582.0,0.011392143552814149,0.009285776816195999,0.008725526475137774,-0.00813929208625952,0.012303374935381362,-0.0125975792725469,25.612068965443676,16.56681218654723,1,1,0.03184885965241402,TCS.NS,IN,IT Services
2025-09-08,4815.45,4943.37,4897.83,4918.07,14506613,4825.244000000001,4877.969999999999,4882.2475,4750.762,4861.536546528718,4841.071913589226,50.38039305620645,57.37419033383156,20.46463293949182,38.06338640878303,-17.59875346929121,4882.2475,83.97432733472516,5050.196154669451,4714.29884533055,0.6066471775850094,0.06879972990693987,103.85214285714294,9558405.95,1.5176810399352165,311829195.0,0.025097651771905483,0.00925972993470827,0.021310573258984847,-0.021840218939195077,0.04113460463698404,0.0006816258098121253,60.212643677987884,31.969348658911958,0,1,-0.00614062020264039,TCS.NS,IN,IT Services
2025-09-09,4924.29,4948.4,4905.12,4924.35,5681324,4838.85,4870.247,4888.826999999999,4763.2142,4871.200154755068,4847.240660730781,53.18783921478927,51.36855867890743,23.95949402428687,35.2426079318838,-11.283113907596935,4888.826999999999,81.71866913543694,5052.264338270873,4725.389661729126,0.6086746773265427,0.06686157569938155,103.40214285714293,9142411.75,0.6214250171542518,317510519.0,0.001276923671277741,0.008788977225418776,1.2184497663701363e-05,-0.015441120605888425,0.027455996127492277,0.014008549683711236,62.017241379132315,49.2806513408546,0,1,-0.0034197406764344684,TCS.NS,IN,IT Services
2025-09-10,4947.37,4876.81,4870.26,4873.17,17595687,4851.374000000001,4865.594,4890.8949999999995,4774.719599999999,4871.503207869673,4849.161352528506,54.31908680647731,52.444792664171146,22.341855341167502,32.66245741374054,-10.320602072573038,4890.8949999999995,80.71703260548828,5052.329065210976,4729.460934789023,0.4451014258444155,0.06601412020128986,100.65571428571437,9683899.3,1.8170041465627231,299914832.0,-0.010393249870541355,0.0013440942959098159,-0.014997867553868989,-0.009457893774010517,0.008559939236021163,0.013017222562908604,47.31034482745035,56.513409961523486,0,1,-0.004422172836162086,TCS.NS,IN,IT Services
2025-09-11,4885.2,5014.03,4934.36,4969.77,3918043,4896.603999999999,4866.71,4898.992499999999,4789.1466,4886.621175889723,4858.095326415304,56.6828443119802,70.13200485535096,28.525849474419374,31.835135825876307,-3.309286351456933,4898.992499999999,80.06509442982383,5059.122688859647,4738.862311140352,0.720999864245823,0.06537270218707807,104.82857142857145,9271982.95,0.42256792301716617,303832875.0,0.01982282579922323,0.016030922960214262,0.017311471382949174,0.0022506307211094256,0.033684705334226406,0.047674560778477204,75.06896551702586,61.46551724120281,0,0,-0.03490906017783535,TCS.NS,IN,IT Services
2025-09-12,4979.79,4951.57,4949.57,4950.46,13334925,4927.164000000001,4875.869,4895.75,4801.6536,4896.442533445151,4864.937154088259,45.28846153846155,79.73377034098085,31.505379356891353,31.769184532079315,-0.26380517518796154,4895.75,76.33266328521795,5048.415326570436,4743.084673429564,0.6791827955579649,0.06236647156019203,90.59285714285723,9350569.6,1.4261081564369986,290497950.0,-0.003885491682713793,0.00040400286034016953,-0.005889806598269011,0.01885006184565552,-0.012930407093479812,0.03184885965241402,77.06249601810195,66.48060212085936,0,0,-0.02426037176343221,TCS.NS,IN,IT Services
2025-09-15,4952.68,4912.38,4868.26,4887.87,4932301,4921.124,4873.184,4890.776,4812.346,4895.123682145897,4866.635883415058,43.37269346885965,62.656789292027895,28.48779873083913,31.112907371831284,-2.6251086409921527,4890.776,73.22767490939108,5037.231349818782,4744.320650181217,0.49007888751047407,0.05989043449086709,93.3914285714286,8894943.0,0.5545061329222534,285565649.0,-0.012643269514348243,0.009026426643914601,-0.013085844431699061,-0.0054631799980467965,-0.019946464555325116,-0.00614062020264039,58.31815816838473,70.14987323450414,0,0,-0.0215860896464104,TCS.NS,IN,IT Services
2025-09-16,4885.69,4945.82,4876.87,4907.51,13774419,4917.755999999999,4878.303000000001,4890.6295,4820.953600000001,4897.029269508067,4869.663595754689,49.2339596556275,47.9342723004696,27.36567375337836,30.3634606481407,-2.9977868947623385,4890.6295,73.18918517142076,5037.007870342842,4744.251129657158,0.5576604998399207,0.05986074812774581,91.45285714285716,9116263.05,1.5109719205643235,299340068.0,0.004018110137953723,0.014049894956910074,0.00446610407127676,0.010540903400105606,-0.0005966878731843428,-0.0034197406764344684,64.70473465119444,66.69512961256034,0,0,-0.031873597812332566,TCS.NS,IN,IT Services
2025-09-17,4892.98,4901.33,4811.85,4851.62,6645280,4913.446000000001,4882.41,4890.059,4826.543,4890.043228045288,4868.327033106191,43.417053271476604,38.085252776776635,21.716194939096567,28.634007506331873,-6.9178125672353055,4890.059,73.45961259877278,5036.978225197546,4743.139774802455,0.3691832197294638,0.060088937658018225,90.90071428571426,9147293.05,0.726474951354603,292694788.0,-0.011388667572761024,0.01844332408555928,-0.008452926437465761,0.008537485318726556,-0.0023462738251666115,-0.004422172836162086,46.83797053994493,56.62028778650801,0,0,-0.010880901636978968,TCS.NS,IN,IT Services
2025-09-18,4851.48,4844.89,4757.4,4796.28,16266915,4878.748,4887.6759999999995,4890.282,4831.296,4875.61811603832,4862.990215839058,45.92635018158625,37.573132495070645,12.627900199262513,25.432786044918,-12.804885845655487,4890.282,73.15181910177367,5036.585638203547,4743.978361796453,0.17874346409144826,0.059834438260827134,88.51928571428574,9423356.2,1.7262335126169261,276427873.0,-0.011406499272408,0.018241220279045938,-0.01137797125825283,0.011101226489474314,0.0009307528246051966,-0.03490906017783535,28.72340425522513,46.755369815454806,1,0,0.001315602925600734,TCS.NS,IN,IT Services
2025-09-19,4819.34,4917.34,4760.78,4830.36,6634374,4854.728,4890.946,4889.9485,4835.4866,4868.655328955501,4860.573162813939,44.34932883208744,21.762203767470112,8.082166141562084,21.962662064246818,-13.880495922684734,4889.9485,73.4220783713748,5036.79265674275,4743.104343257251,0.2971029242086614,0.06005959234242234,88.34000000000007,9299835.35,0.713386101681241,283062247.0,0.007105506767745018,0.03241166289882493,0.0022866201596063443,0.006815822713572839,-0.0013789453445606226,-0.02426037176343221,39.878887070245874,38.48008728847195,0,0,-0.01387474225523555,TCS.NS,IN,IT Services
2025-09-22,4789.59,4820.06,4752.2,4782.36,3699474,4833.625999999999,4877.375,4877.6725,4838.834,4855.379124500809,4854.779595198083,44.97595304730594,19.49626188575165,0.5995293027253865,17.690035511942533,-17.090506209217146,4877.6725,69.57064314897266,5016.813786297945,4738.531213702055,0.1574974167046882,0.05705232825611663,88.07071428571433,9191775.75,0.4024764852997545,279362773.0,-0.009937147541798086,0.014189646952547777,-0.0015095237796970017,-0.02759415787087216,-0.04883171436072464,-0.0215860896464104,24.16693944345606,30.923076922975657,0,1,-0.017589641934107836,TCS.NS,IN,IT Services
2025-09-23,4805.84,4808.38,4705.26,4751.09,8963603,4802.342,4860.049,4865.148,4842.2176,4839.334643808377,4847.09888444266,45.87976051887578,21.996560478257393,-7.764240634282942,12.599180282697438,-20.36342091698038,4865.148,68.63105485514588,5002.410109710292,4727.885890289708,0.08452481809868169,0.05642669440282751,90.27285714285719,8959159.7,1.0004958388568699,270399170.0,-0.006538612735134897,0.02170449307421627,-0.01139238925973162,-0.035184339049823876,-0.05008217403300552,-0.031873597812332566,14.84276322176752,26.296196578489788,0,1,-0.022037048340486032,TCS.NS,IN,IT Services
2025-09-24,4735.62,4822.19,4780.15,4798.83,7179119,4791.784,4852.615,4859.1044999999995,4844.365,4833.10316014555,4843.523411520978,53.930264675313566,30.045534665099808,-10.420251375428052,7.995293951072339,-18.415545326500393,4859.1044999999995,68.89576058115861,4996.896021162317,4721.312978837682,0.2812837121912683,0.0567147799197524,88.06428571428569,8880795.05,0.808386878786615,277578289.0,0.01004822051360832,0.008760468697576533,0.013347777059811954,-0.015254957245489087,-0.02456857125434475,-0.010880901636978968,30.30410985513386,23.104604173452447,0,0,-0.028765344886149347,TCS.NS,IN,IT Services
2025-09-25,4825.22,4836.91,4775.14,4802.59,13386990,4793.046,4835.897,4851.3035,4847.6082,4828.408827815465,4840.491306963865,50.37801530463588,38.866433534674634,-12.082479148400125,3.9797393311778455,-16.06221847957797,4851.3035,65.79926525548406,4982.902030510968,4719.704969489032,0.31491624636243654,0.05425285410856725,86.84857142857138,9099108.05,1.4712418464750676,290965279.0,0.0007835243173857087,0.012861809981694597,-0.004689941598516838,-0.03363938371393449,-0.03146446282325077,0.001315602925600734,31.52184473870028,25.556239271867195,0,0,-0.018217253606907846,TCS.NS,IN,IT Services
2025-09-26,4787.08,4786.51,4744.81,4763.34,16343664,4779.642,4817.185,4846.527,4848.9328000000005,4818.398238920779,4834.776395336906,36.44930201600906,41.930426261636526,-16.37815641612724,-0.09183981828317268,-16.286316597844067,4846.527,68.62765639382486,4983.78231278765,4709.27168721235,0.19696254989817077,0.05664068838886963,80.56785714285706,9514701.05,1.7177273564756554,274621615.0,-0.008172673494926674,0.008754361435461475,-0.004959181797670986,-0.03779850761343384,-0.01966094997396506,-0.01387474225523555,18.810117563173858,26.878690719002638,1,0,0.0031154610000545535,TCS.NS,IN,IT Services
2025-09-29,4763.59,4705.68,4692.28,4698.24,7529054,4762.817999999999,4798.222,4835.7029999999995,4847.6528,4799.912356009889,4824.662588274903,32.04763795156808,21.90370874447092,-24.750232265014347,-5.023518307629409,-19.726713957384938,4835.7029999999995,74.15521375717283,4984.0134275143455,4687.392572485654,0.036570009594438,0.06133975867182716,82.55214285714283,9534161.55,0.7896922210540662,267092561.0,-0.013666880802126302,0.002852131862143631,-0.013718644971541766,-0.03879603999288039,-0.04404727024123456,-0.017589641934107836,1.8523698523641066,17.394777384746053,1,1,0.008128575807110794,TCS.NS,IN,IT Services
2025-09-30,4690.2,4677.53,4621.48,4646.39,22379386,4741.878000000001,4772.11,4825.2065,4845.9378,4776.293532008367,4811.4572113656395,32.01357824942107,21.55082227894721,-35.163679357272486,-11.051550517558027,-24.112128839714458,4825.2065,85.12892385424864,4995.464347708497,4654.948652291503,-0.02513438413168221,0.0705701808651969,84.17142857142855,10352708.05,2.161693706634207,244713175.0,-0.011036047541206795,0.012063128579389184,-0.00934075305956892,-0.053208246137043,-0.0432282057195571,-0.022037048340486032,6.345688447315577,9.00272528761782,1,1,0.027787163798131287,TCS.NS,IN,IT Services
2025-10-01,4648.72,4705.13,4625.33,4660.79,10415706,4714.2699999999995,4753.027,4817.7185,4842.4644,4758.523757853234,4800.296677190398,21.81970741673048,29.671319225573967,-41.77291933716424,-17.195824281479272,-24.577095055684968,4817.7185,92.7328674643536,5003.184234928707,4632.252765071293,0.07693398173953794,0.0769931804561303,79.81000000000002,10558410.6,0.9864841791164876,255128881.0,0.003099180223786524,0.01712156093709072,0.002596413636441238,-0.03933325363486839,-0.031131575391587285,-0.028765344886149347,11.90887333753864,6.7023105457394125,1,1,0.02712415706350213,TCS.NS,IN,IT Services
2025-10-02,4674.85,4720.93,4710.44,4715.1,6262527,4696.772,4744.909000000001,4816.2925000000005,4840.9856,4751.843179721967,4793.985812213327,29.822365488152016,31.69195784318022,-42.14263249136002,-22.185185923455425,-19.957446567904594,4816.2925000000005,94.14088232539287,5004.574264650786,4628.010735349215,0.23127376358534368,0.078185353007836,82.66285714285712,10607121.8,0.5904077022658774,261391408.0,0.01165253100869168,0.0022247672371738594,0.008609901921984959,-0.016925617353448774,-0.006012285975689369,-0.018217253606907846,28.864771535953665,15.706444440269266,1,1,0.022612457848189882,TCS.NS,IN,IT Services
2025-10-03,4687.97,4820.64,4744.2,4778.18,11108824,4699.74,4739.691000000001,4815.318499999999,4840.98,4755.89499822628,4792.815011308636,40.60406708810885,45.76200562519534,-36.92001308235558,-25.13215135523546,-11.78786172712012,4815.318499999999,94.4440875681607,5004.206675136321,4626.430324863678,0.40169183440520356,0.07845303488700997,84.33,10527911.4,1.0551782326760242,272500232.0,0.013378295264151241,0.015997722982387542,0.019242870581505592,-0.010802507473562928,-0.004060312735791993,0.0031154610000545535,48.3134981807725,29.69571435142157,0,1,-0.016117015265226575,TCS.NS,IN,IT Services
2025-10-06,4778.17,4741.17,4732.64,4736.43,4257539,4707.378,4735.098,4806.2365,4838.7986,4752.900383114545,4788.638343804289,35.88029447690732,45.3681710213777,-35.737960689744796,-27.25331322213733,-8.484647467607466,4806.2365,92.76169185920644,4991.759883718413,4620.713116281587,0.3118660338088065,0.07720110473896764,82.65785714285714,10015457.7,0.42509675567829963,268242693.0,-0.008737636505949942,0.0018009344590752831,-0.008735561941075986,-0.009604044864878314,-0.036933187205550055,0.008128575807110794,38.8528358005854,38.677035172437165,0,1,-0.011303872325781228,TCS.NS,IN,IT Services
2025-10-07,4742.53,4814.43,4744.36,4775.5,9570463,4733.2,4737.539,4798.794,4838.0378,4756.377247250768,4787.66513315212,43.53820033955858,64.60712395069207,-31.28788590135173,-28.060227757980215,-3.2276581433715137,4798.794,88.66733080217499,4976.12866160435,4621.45933839565,0.4343219205154454,0.07390801172307586,81.39642857142859,10209914.65,0.9373694482970581,277813156.0,0.008248828759213067,0.014672809129931094,0.006951985543579757,0.00513776838578095,-0.030227339648887797,0.027787163798131287,52.05840600266327,46.408246661340364,0,0,-0.022418594911527645,TCS.NS,IN,IT Services
2025-10-08,4777.46,4813.45,4766.22,4787.21,8131636,4758.4839999999995,4736.3769999999995,4794.496000000001,4838.165400000001,4761.120747673727,4787.631419585296,49.16845444377215,81.3881954350927,-26.510671911568352,-27.750316588697842,1.2396446771294904,4794.496000000001,86.93886511435369,4968.373730228708,4620.618269771294,0.4790484957708601,0.07253222454609237,78.03999999999996,9736712.1,0.835152059682235,285944792.0,0.0024520992566223754,0.009865871770820519,0.002040833413570801,-0.002421423555324931,-0.017639442088004276,0.02712415706350213,56.01635908856891,48.97586696393916,0,0,-0.03079246575771688,TCS.NS,IN,IT Services
2025-10-09,4806.69,4887.3,4769.26,4821.72,25641630,4779.808,4738.29,4787.0935,4836.1506,4770.443709570077,4790.156499616016,49.20850128252113,82.91944523994601,-19.712790045939073,-26.142811280146088,6.430021234207015,4787.0935,76.95972632866021,4941.01295265732,4633.17404734268,0.6124825335640935,0.06430601476962501,75.28857142857136,10822891.45,2.36920306826111,311586422.0,0.007208791759709676,0.024480890636531253,0.003126891894421635,0.003983267361985954,-0.02979011101117357,0.022612457848189882,75.3291701148322,61.134645068688094,0,0,-0.046767543532183486,TCS.NS,IN,IT Services
2025-10-10,4861.59,4744.99,4666.11,4701.17,13968131,4764.406,4732.072999999999,4774.629,4831.595,4759.7862157900645,4783.564907051863,43.434947845071584,47.758071265329725,-23.778691261798485,-25.66998727647657,1.8912960146780833,4774.629,68.87064510257893,4912.370290205158,4636.887709794842,0.23334430115029445,0.05769716985555503,80.82071428571427,10854551.75,1.2868453746286321,297618291.0,-0.025001451764100846,0.016778801872721752,-0.03299743499553995,-0.013051766197668013,-0.050356936527110596,-0.016117015265226575,29.978933112519954,53.77482077197366,1,0,0.002044171982719112,TCS.NS,IN,IT Services
2025-10-13,4703.99,4718.59,4654.33,4682.89,6971872,4753.698,4730.538,4764.38,4826.6326,4747.956028745439,4776.107506529499,44.36698823840361,32.07958776845827,-28.151477784060262,-26.16628537799331,-1.9851924060669504,4764.38,66.33718866520675,4897.054377330413,4631.705622669587,0.1928947335578997,0.05569428858755409,78.045,10956530.3,0.6363210955277424,290646419.0,-0.003888393740281604,0.01372229542013297,-0.004485553753301977,-0.00326718090178435,-0.04193646721373512,-0.011303872325781228,23.102099164761718,42.80340079737127,1,0,0.013583492245173412,TCS.NS,IN,IT Services
2025-10-14,4684.47,4680.96,4658.42,4668.44,13273766,4732.286,4732.743,4752.4265,4823.5217999999995,4735.722793553832,4768.132135675459,38.60366738336215,35.7505134761285,-32.40934212162665,-27.414896726719984,-4.994445394906666,4752.4265,60.46851849693122,4873.363536993862,4631.489463006137,0.15276766287727442,0.05089485844498046,74.71428571428578,10931497.65,1.2142677253132168,277372653.0,-0.0030857013510888764,0.004828165297186027,-0.0034219452787609336,0.004745619717673177,-0.0487151325213806,-0.022418594911527645,17.66608983516036,23.582374037480648,1,1,0.009270762824412637,TCS.NS,IN,IT Services
2025-10-15,4682.95,4640.77,4639.02,4639.8,15397703,4702.804,4730.644,4741.835499999999,4820.479,4720.965440699397,4758.626051551348,36.36485467794623,20.259489786972992,-37.66061085195088,-29.464039551766167,-8.196571300184711,4741.835499999999,60.72993941908092,4863.295378838161,4620.375621161837,0.0799621201004351,0.051229056274995695,72.40357142857147,11369118.8,1.3543443354339533,261974950.0,-0.0061348116287238685,0.0003771714298029274,-0.009214277325188272,-0.00450352837179957,-0.043659643582968144,-0.03079246575771688,6.891881724449499,15.886690241457165,0,1,-0.001133669554722272,TCS.NS,IN,IT Services
2025-10-16,4619.72,4598.12,4594.7,4596.22,21732070,4657.704,4718.755999999999,4731.8324999999995,4818.114799999999,4701.773834437951,4746.595973658651,36.10298030867483,13.272566439752381,-44.82213922069968,-32.53565948555287,-12.286479735146813,4731.8324999999995,67.40016217966532,4866.63282435933,4597.032175640669,-0.003012513673561437,0.056975949321664186,71.49785714285723,11642376.55,1.8666350499859883,240242880.0,-0.009392646234751445,0.000744089708499447,-0.005086888382844611,-0.02521261479077863,-0.04171149307379873,-0.046767543532183486,0.5194805194788926,8.359150693029555,1,1,0.021822280047517406,TCS.NS,IN,IT Services
2025-10-17,4630.78,4754.42,4675.86,4710.78,9606554,4659.625999999999,4712.0160000000005,4725.853499999999,4817.5434,4703.159398370573,4743.9429385728245,50.963518455911725,33.688172675410115,-40.78354020225106,-34.18523562889251,-6.598304573358554,4725.853499999999,63.384136341358285,4852.621772682716,4599.085227317282,0.4405470324654226,0.05364883726619549,77.7221428571429,11790985.55,0.8147370840652854,249849434.0,0.024924829533834236,0.016676643782979405,0.017275707332238353,-0.014105789233557653,-0.024755918813504585,0.002044171982719112,39.67190704019244,15.694423094706915,0,0,-0.02314478706286427,TCS.NS,IN,IT Services
2025-10-20,4712.55,4751.98,4742.11,4746.5,7929092,4672.348,4713.023,4724.0605,4817.9982,4709.827183236639,4744.1323505303935,57.88752146987912,58.88022567879951,-34.305167293754494,-34.209221961864905,-0.0959453318895882,4724.0605,62.19765712927994,4848.455814258559,4599.66518574144,0.5901943137213713,0.0526645728853529,75.18214285714286,12002466.45,0.6606218290556581,257778526.0,0.0075826084003074445,0.0020794269461704012,0.007204167595037211,0.0021260738573143367,-0.007498389916275605,0.013583492245173412,51.879699247942995,30.69036226920475,0,0,-0.04810702622985363,TCS.NS,IN,IT Services
2025-10-21,4705.17,4715.19,4708.94,4711.72,5927921,4681.004,4706.6449999999995,4722.092,4816.3774,4710.118385815617,4741.73143567629,53.88784561596363,55.30489824458101,-31.613049860672618,-33.68998754162645,2.076937680953833,4722.092,61.91956442797708,4845.931128855954,4598.2528711440455,0.4581230904308044,0.05245095981015531,72.16500000000003,11850682.35,0.5002176520056963,251850605.0,-0.007327504476982938,0.001326479502177267,0.0013920857269766637,-0.0133556695633964,-0.008286519514469237,0.009270762824412637,39.99316472987025,43.848257006001866,0,0,-0.046025655174755875,TCS.NS,IN,IT Services
2025-10-22,4699.37,4639.12,4630.88,4634.54,4825746,4679.952,4691.378,4713.8775000000005,4812.432,4698.490941843984,4733.791329329896,44.05777004101139,44.932129402619196,-35.300387485912324,-34.01206753048363,-1.2883199554286975,4713.8775000000005,62.10080454392682,4838.079109087854,4589.675890912147,0.18061001551090117,0.05269615474217432,73.64357142857145,11733013.7,0.411296339720771,247024859.0,-0.01638043007649015,0.0017779542306243991,-0.013795466200785663,-0.03189122683149481,-0.03423542821896175,-0.001133669554722272,13.615857826337642,35.16290726805027,0,0,-0.017427835340724118,TCS.NS,IN,IT Services
2025-10-23,4641.51,4734.75,4665.93,4696.52,10395165,4700.012000000001,4678.858,4708.574,4810.206,4698.187720021832,4731.0304901202735,43.96684201193926,57.710712343665065,-32.84277009844118,-33.778208044075136,0.9354379456339572,4708.574,58.553853520568886,4825.681707041137,4591.466292958862,0.4485345571824176,0.04974232412663052,73.26285714285716,11583422.45,0.897417334769023,257420024.0,0.013373495535695223,0.01465340294515621,0.011851746522142225,-0.025965837916759993,-0.022085999429474423,0.021822280047517406,34.79835953508288,29.469127363763562,0,0,-0.035928730208750426,TCS.NS,IN,IT Services
2025-10-24,4721.34,4628.76,4580.14,4601.75,4311573,4678.206,4668.916,4700.4945,4801.9348,4683.351147710781,4721.4541575187695,40.772561593905,50.65992028449363,-38.1030098079882,-34.64316839685775,-3.459841411130448,4700.4945,61.66505762033087,4823.824615240662,4577.164384759338,0.09967401389590484,0.052475379022626584,78.32285714285717,10981817.9,0.392610098496525,253108451.0,-0.020178770664236567,0.010565545716301259,-0.02532967335544036,-0.02114792700540502,-0.033923675404233244,-0.02314478706286427,7.035421278789338,18.483212880069924,1,0,0.008718422339327514,TCS.NS,IN,IT Services
2025-10-27,4591.07,4565.13,4480.58,4518.16,16816574,4632.5380000000005,4652.443,4691.4905,4792.5509999999995,4657.937124986046,4706.395331035895,33.38240991863621,25.179114478635228,-48.45820604984874,-37.406175927455955,-11.052030122392786,4691.4905,73.93751063355528,4839.36552126711,4543.61547873289,-0.08607092162922793,0.06303967631057922,81.4064285714286,11446193.9,1.4691846632805456,236291877.0,-0.018164828597816096,0.01871337004443877,-0.015880829523397373,-0.035176995402411815,-0.03832924669663529,-0.04810702622985363,9.239771833179462,17.0245175490172,1,1,0.03501204029959104,TCS.NS,IN,IT Services
2025-10-28,4521.18,4536.04,4461.91,4494.86,14201277,4589.166,4635.085,4683.914,4784.2394,4632.848336526654,4690.726047255455,31.400068711906258,16.501597444089526,-57.8777107288015,-41.50048288772507,-16.377227841076433,4683.914,85.63993948965823,4855.193878979317,4512.634121020683,-0.05188619097161333,0.07313536456018634,83.32785714285721,11037288.45,1.2866634570320161,222090600.0,-0.005156966552755993,0.01649217105760438,-0.0058214890802831985,-0.03718158528330662,-0.032612415229888336,-0.046025655174755875,7.745833235365743,8.007008782444823,1,1,0.034221310563621765,TCS.NS,IN,IT Services
2025-10-29,4505.14,4561.84,4547.31,4553.77,8567357,4573.012,4626.482,4678.563,4778.0542,4620.682438599477,4680.58115486616,33.46579619642354,30.242913966927816,-59.89871626668355,-45.18012956351677,-14.718586703166778,4678.563,90.37345407283843,4859.309908145677,4497.8160918543235,0.15478524285578638,0.077265993060535,79.6807142857144,10944871.0,0.7827736130673799,230657957.0,0.013106081168267947,0.003190762818499079,0.010794337134914633,-0.018541747489115856,-0.02296177257503551,-0.017427835340724118,31.404054562130003,16.129886543558374,1,1,0.016241487822177936,TCS.NS,IN,IT Services
2025-10-30,4527.59,4527.96,4527.64,4527.78,6240915,4539.264,4619.638000000001,4669.197,4772.7734,4606.389755738019,4669.262550801998,37.88719209757871,34.68468468468478,-62.87279506397954,-48.71866266360933,-14.154132400370209,4669.197,95.92375931465246,4861.0445186293055,4477.349481370695,0.13143385692315676,0.08217580822966529,70.43214285714294,10943790.4,0.5702699157807412,224417042.0,-0.005707358957523279,7.067481193866271e-05,4.1964930570029054e-05,-0.01489049697360012,-0.0397276834001401,-0.035928730208750426,22.518888243059948,20.556258680185206,1,1,0.006064782299493254,TCS.NS,IN,IT Services
2025-10-31,4530.35,4673.38,4616.66,4641.87,13844434,4547.288,4612.747,4662.3815,4768.8702,4611.8482548552465,4667.233472964813,47.472706212879196,43.179832771745886,-55.38521810956627,-50.05197375280073,-5.33324435676554,4662.3815,92.55622309967264,4847.493946199345,4477.2690538006555,0.4445971882993849,0.07940682082721254,76.24214285714295,11080570.9,1.2494331632828446,238261476.0,0.02519777904403475,0.012219213377364733,0.024616199631369517,-0.014628150752104663,-0.02852759837427643,0.008718422339327514,61.52268298498673,38.4818752633922,0,0,-0.006691268820539942,TCS.NS,IN,IT Services
2025-11-03,4651.52,4707.54,4651.41,4676.35,5654499,4578.9259999999995,4605.732,4659.3775000000005,4761.8396,4621.771600262132,4667.908771263716,50.475606383106694,60.95898460453635,-46.13717100158374,-49.26901320255733,3.131842200973594,4659.3775000000005,90.98811159332003,4841.35372318664,4477.401276813361,0.5466338395814649,0.07811181780682107,79.18500000000007,11150418.9,0.5071108577713741,243915975.0,0.007428040854224882,0.012002951019489153,0.005338040038523877,-0.014779311071315582,-0.012684659120899111,0.03501204029959104,73.31031417704259,52.45062846836306,0,0,-0.023268147166059072,TCS.NS,IN,IT Services
2025-11-04,4663.09,4651.16,4646.71,4648.68,11214132,4609.69,4599.428000000001,4653.0365,4754.781599999999,4625.911354067958,4666.484417836774,50.534553334938614,72.94332723948801,-40.5730637688157,-47.52982331580901,6.956759546993311,4653.0365,86.79186490347861,4826.6202298069575,4479.452770193043,0.48745130086404936,0.07461094698351065,79.20071428571444,11232602.35,0.9983555593103001,232701843.0,-0.005917007922845774,0.0009572609859140359,-0.003090225580033146,-0.013379402850763666,-0.0265563815307297,0.034221310563621765,63.85080851914868,66.22793522705929,0,0,-0.0009830747653098992,TCS.NS,IN,IT Services
2025-11-05,4650.38,4651.27,4608.9,4627.73,6725956,4624.482000000001,4598.747,4645.0625,4748.9422,4626.191145749811,4663.613720219235,51.949948636706765,73.55099436350075,-37.422574469424035,-45.50837354653202,8.085799077107986,4645.0625,80.94505146444426,4806.952602928888,4483.172397071112,0.4464683149653059,0.06970416562913988,79.00571428571448,11162318.35,0.6025590013243977,225975887.0,-0.004506655652787628,0.009155676757285245,-0.0048705697168824206,-0.0014694014939995448,-0.033313767309142595,0.016241487822177936,56.68866021655079,64.61659430424733,1,0,0.018730565525646448,TCS.NS,IN,IT Services
2025-11-06,4638.71,4555.84,4554.76,4555.24,9768371,4629.974,4584.619000000001,4631.7384999999995,4740.8748,4615.275584865224,4655.586037240031,39.84593288941121,50.24858795278509,-40.31045237480703,-44.46878931218703,4.15833693738,4631.7384999999995,71.74499999268149,4775.228499985363,4488.248500014636,0.23343612792516424,0.06195945646989022,72.9178571428573,10368655.4,0.942105767918011,216207516.0,-0.01566426736218396,0.00023708959352299551,-0.017994226843234918,-0.030081847836270437,-0.0552665853678771,0.006064782299493254,32.174992243140714,50.90482032628003,1,1,0.04131286167139403,TCS.NS,IN,IT Services
2025-11-07,4584.76,4616.19,4606.51,4610.81,9460663,4623.762000000001,4585.525,4627.220499999999,4735.9136,4614.588571809036,4652.269293740769,41.36557429207771,62.76402767102232,-37.68072193173339,-43.1111758360963,5.430453904362913,4627.220499999999,69.9656223460181,4767.151744692035,4487.289255307964,0.44136227389187793,0.06048177072694311,74.32857142857158,10143282.0,0.9327022621768514,225668179.0,0.01219913769636749,0.0020994142027099968,0.005681867753163632,0.0019688162112241336,-0.01922074717570299,-0.006691268820539942,54.57410936792799,47.812587275873135,1,1,0.0012730951828421322,TCS.NS,IN,IT Services
2025-11-10,4589.76,4605.87,4536.87,4567.54,8497756,4602.0,4590.463000000001,4621.4529999999995,4728.97,4607.350329992261,4645.993049759971,40.92339846897667,35.39283889478456,-38.64271976770942,-42.21748462241893,3.574764854709507,4621.4529999999995,69.88937334329317,4761.231746686586,4481.674253313413,0.30714879308085724,0.06049125532015855,76.92714285714302,10219576.2,0.8315173743195561,217170423.0,-0.009384468238769372,0.015106600051665642,-0.004841211740917915,0.010929227827257249,-0.02463222497218609,-0.023268147166059072,38.71499780076708,41.8213664706119,1,1,0.02187391900235136,TCS.NS,IN,IT Services
2025-11-11,4535.34,4644.63,4643.7,4644.11,5436418,4601.085999999999,4605.388000000001,4620.2365,4724.725799999999,4613.005663839605,4645.853564592566,50.60292579665585,44.56360447861855,-32.84790075296041,-40.34356784852723,7.495667095566816,4620.2365,69.23717044563715,4758.7108408912745,4481.762159108725,0.5862018907104175,0.059942533630581274,76.65928571428587,9827708.8,0.5531724186646211,222606841.0,0.016763947332699924,0.00020025365462921654,0.023982766451903392,0.03320459369146089,-0.005211591023982276,-0.0009830747653098992,66.7790646530318,53.356057273908924,1,0,0.0006998111586504763,TCS.NS,IN,IT Services
2025-11-12,4635.69,4762.73,4675.75,4714.41,25359639,4618.422,4621.451999999999,4623.967000000001,4722.803,4628.606330941205,4650.931819067191,51.11540619739381,59.690402476780086,-22.32548812598634,-36.73995190401905,14.414463778032712,4623.967000000001,72.28944547699108,4768.545890953983,4479.388109046018,0.8127807918652985,0.06253456867401999,77.97428571428587,10325805.6,2.455947509224122,247966480.0,0.01513745367788455,0.018449816626042517,0.01698129081107306,0.035276265599711865,0.016080434501487106,0.018730565525646448,83.93723821526524,63.14376688968801,1,0,0.0028953782127563166,TCS.NS,IN,IT Services
2025-11-13,4742.36,4805.12,4694.08,4743.43,5054103,4656.0599999999995,4643.017,4631.3275,4722.7992,4646.271510796404,4657.783536173326,59.62238522140719,66.66090662980248,-11.512025376921883,-31.69436659859962,20.182341221677735,4631.3275,76.67686392807548,4784.681227856151,4477.97377214385,0.8655030156954814,0.0662245232521853,77.59285714285728,9491907.25,0.5324643756433276,253020583.0,0.006155595291881699,0.02340922075375341,0.00022562605959910103,0.04762819748309344,0.03202849297901311,0.04131286167139403,82.02558200494745,77.58062829108148,0,0,-0.003290867578946144,TCS.NS,IN,IT Services
2025-11-14,4760.21,4627.74,4607.82,4616.68,59701544,4657.2339999999995,4640.4980000000005,4626.6225,4719.1796,4641.71897067388,4654.738829790117,56.320570724697184,57.65168875161905,-13.019859116237058,-27.95946510212711,14.93960598589005,4626.6225,74.3981454123148,4775.41879082463,4477.82620917537,0.466590229012547,0.06432177720339094,78.62428571428589,11996656.75,4.9765147296962775,193319039.0,-0.026721170123728988,0.004314788982557976,-0.0301520311078649,-0.005426692259800414,-0.019975460539443435,0.0012730951828421322,45.09483989381122,70.35255337134127,1,1,0.035434554701647025,TCS.NS,IN,IT Services
2025-11-17,4621.73,4751.63,4600.1,4667.45,8286154,4677.215999999999,4639.608,4622.67,4714.1672,4645.677590570206,4655.680397953812,60.69556164247731,57.139255823333585,-10.002807383605614,-24.36813355842281,14.365326174817195,4622.67,69.64210062131818,4761.954201242636,4483.385798757364,0.6607504641582831,0.060261364641043445,84.1528571428573,12014509.85,0.6896788478076076,201605193.0,0.010997080152836958,0.0324652647591227,0.009892399599282165,-0.0019031937301529078,-0.016654376909301605,0.02187391900235136,50.385613377359036,59.16867842537254,1,1,0.02324824047392049,TCS.NS,IN,IT Services
2025-11-18,4691.95,4689.95,4613.29,4647.36,14398513,4677.866,4639.476,4619.452,4708.6274,4645.936422790174,4655.064072179455,56.09301962214027,60.6854082998661,-9.127649389281032,-21.320036724594456,12.192387335313423,4619.452,66.73711368616645,4752.926227372333,4485.977772627667,0.604544527242492,0.05778790530664862,84.84428571428582,12438039.45,1.1576190846042795,187206680.0,-0.004304277496277487,0.01649538662810356,-0.00950351133323898,-0.0002839515733500386,-0.013659555321623662,0.0006998111586504763,43.145451924307366,46.20863506515918,1,1,0.031598585003098645,TCS.NS,IN,IT Services
2025-11-19,4605.28,4747.47,4712.53,4728.06,27331146,4680.5960000000005,4649.509,4624.128,4705.7252,4658.570819283994,4660.47117794394,62.17182030338389,61.11537748589896,-1.9003586599465052,-17.436101111664865,15.53574245171836,4624.128,70.99064242265591,4766.109284845312,4482.146715154688,0.8660059849168434,0.061408890430922916,90.12857142857158,13563309.45,2.0150792906166948,214537826.0,0.01736469737657531,0.007389923139721813,0.026660702497996645,0.021680175809738467,0.020178917433014032,0.0028953782127563166,71.27306616935239,54.93471049033957,1,1,0.009304027444660079,TCS.NS,IN,IT Services
2025-11-20,4739.9,4730.83,4725.41,4727.82,4277304,4677.474,4666.767000000001,4625.693,4700.8862,4669.224539394148,4665.459979577723,56.06246561428749,52.17999154663976,3.7645598164253897,-13.195968926046813,16.960528742472203,4625.693,72.98745372360295,4771.667907447206,4479.718092552795,0.8498101207431342,0.06311482731222069,80.1157142857144,13257416.4,0.32263478405681034,210260522.0,-5.076077714760707e-05,0.0011464057430272147,-0.002548576974197215,0.037886038935379895,0.006664509040736455,-0.003290867578946144,71.18359739022851,61.86737182796272,1,1,0.006540012098599446,TCS.NS,IN,IT Services
2025-11-21,4709.13,4862.12,4714.79,4780.27,17930352,4710.192,4683.713,4634.619000000001,4697.4824,4686.308456410434,4673.964425534929,57.14875350833743,55.56495468277945,12.344030875504359,-8.087968965736579,20.431999841240938,4634.619000000001,80.44073064261852,4795.500461285237,4473.737538714764,0.9526655800969311,0.06942597062895649,85.94857142857154,13938355.35,1.2864036153014555,228190874.0,0.01109390797450005,0.030820434828988545,0.015106824402805872,0.03675276144538597,0.03879393708915102,0.035434554701647025,74.83474250553488,72.43046868837189,1,0,0.010610279335685924,TCS.NS,IN,IT Services
2025-11-24,4790.34,4790.32,4764.48,4775.96,16578521,4731.894,4704.554999999999,4647.509,4695.2442,4700.101001578059,4681.519653273083,59.04645476772609,88.18565400843835,18.581348304976018,-2.7541055115940574,21.335453816570077,4647.509,81.44583262255688,4810.4006652451135,4484.6173347548865,0.8942835252062079,0.07009848297015817,85.67714285714295,13926452.7,1.190433785738289,211612353.0,-0.0009016227116879216,0.005410430573119275,-0.0030018746059772596,0.045630689605345554,0.057058625635214355,0.02324824047392049,73.50960799362493,73.17598262979608,1,0,0.003974070134590724,TCS.NS,IN,IT Services
2025-11-25,4814.53,4830.85,4764.89,4794.21,11651129,4761.264,4719.565,4662.4765,4692.9782000000005,4714.579309027588,4689.867086363966,61.87819287080109,86.00318109520515,24.712222663622015,2.739160123449159,21.973062540172855,4662.4765,79.39706823934193,4821.270636478684,4503.682363521316,0.9147933384705583,0.06811579060126086,87.3621428571429,13798945.3,0.8443491804877884,223263482.0,0.0038212212832602344,0.013758262570889943,-0.004220557354507187,0.032320509204131875,0.06659829227161707,0.031598585003098645,79.12067640252388,75.82167563389453,0,1,-0.009530245859067366,TCS.NS,IN,IT Services
2025-11-26,4825.95,4796.33,4752.62,4772.05,7847120,4770.062,4725.329,4673.3904999999995,4691.3868,4723.420953792574,4695.954709596265,66.66615420093775,85.00364943012713,27.466244196309162,7.684576938021162,19.781667258288,4673.3904999999995,78.66683086718969,4830.724161734379,4516.05683826562,0.813535892165754,0.06733169921680873,85.27214285714295,13762933.45,0.5701632910124047,215416362.0,-0.004622242246376307,0.009159585503083763,-0.011168785420484767,0.012226344335770634,0.04793390970558464,0.009304027444660079,72.30745580300606,74.9792467330516,1,1,0.015504866881109747,TCS.NS,IN,IT Services
2025-11-27,4754.98,4838.53,4694.91,4758.74,11267169,4776.246,4726.86,4684.9385,4690.6359999999995,4728.854653209101,4700.605471848394,62.16149558526107,63.85476878612663,28.249181360707553,11.797497822558443,16.451683538149112,4684.9385,72.90799127922355,4830.754482558447,4539.122517441553,0.7530638229923281,0.062248835308474575,91.17714285714295,14014246.15,0.8039796129897709,204149193.0,-0.002789157699521261,0.030180257799327072,0.000790749908516845,0.003227622205872027,0.05100954551678738,0.006540012098599446,68.21521906205004,73.21445042252664,1,0,0.026084635848985238,TCS.NS,IN,IT Services
2025-11-28,4756.38,4895.62,4779.28,4830.99,36763764,4786.389999999999,4748.291,4694.3945,4690.6486,4744.567783484625,4710.26358504481,70.67344664689162,78.23017566901967,34.30419843981508,16.298837946009776,18.005360493805306,4694.3945,79.03488733166712,4852.464274663334,4536.324725336666,0.932073431780352,0.06734405242818872,95.67285714285721,15160212.65,2.4250162200055803,240912957.0,0.015182590349546388,0.024082020455429645,0.015686299244379965,0.04642080456085318,0.04074220088024871,0.010610279335685924,78.13007579832787,72.88425022112796,1,1,0.007565737043546017,TCS.NS,IN,IT Services
2025-12-01,4832.55,4801.97,4789.31,4794.94,8502438,4790.186,4761.04,4700.324,4690.9002,4752.31735525622,4716.535912078528,62.63973854018261,54.40990801418839,35.78144317769238,20.1953589923463,15.586084185346081,4700.324,82.00268579685537,4864.329371593711,4536.318628406289,0.7884539667200744,0.06978470913650896,93.14357142857145,15302609.6,0.5556200979197629,232410519.0,-0.007462238588777925,0.0026402832986434062,-0.007782640634860021,0.027314700746660314,0.025359521849305455,0.003974070134590724,65.93123984817956,70.75884490285246,1,1,0.013595582009368279,TCS.NS,IN,IT Services
2025-12-02,4753.38,4803.7,4704.37,4748.52,9974776,4781.048,4771.156000000001,4705.316000000001,4690.8488,4751.733146755263,4718.905103776415,52.977635001833235,43.41777010170801,32.828042978848316,22.721895789646705,10.10614718920161,4705.316000000001,81.7318206022016,4868.779641204404,4541.852358795598,0.6321517117844672,0.06948040947913724,91.76571428571431,15240641.8,0.6544852557006322,222435743.0,-0.00968103876169446,0.020918096585879176,-0.0010224303548209167,0.021767196860152938,0.021477064457007256,-0.009530245859067366,50.22333513789188,64.76155026146641,1,1,0.03158036609301407,TCS.NS,IN,IT Services
2025-12-03,4758.76,4914.74,4791.08,4846.04,8697665,4795.846,4782.954,4716.2315,4691.793000000001,4766.2418934083,4728.322503496681,58.00053019788852,59.00733377359148,37.919389911618964,25.76139461404116,12.157995297577806,4716.2315,85.32366039939063,4886.878820798781,4545.584179201219,0.8803414533304733,0.07236596456248802,95.70714285714283,15339227.25,0.5670210298878628,231133408.0,0.020536925189322153,0.02551774232156035,0.01834091233850444,0.024953152032757497,0.04717431656557336,0.015504866881109747,78.16552250165853,64.77336582924329,1,1,0.006359831945258243,TCS.NS,IN,IT Services
2025-12-04,4850.45,4896.29,4872.14,4882.87,6594032,4820.6720000000005,4798.459,4732.613,4693.3985999999995,4784.184679037792,4739.770466200631,74.13983857803564,68.32462464448707,44.41421283716136,29.491958258665203,14.922254578496155,4732.613,84.23196955902647,4901.076939118053,4564.149060881948,0.9459619096694626,0.0711927804441297,89.60999999999993,15180510.3,0.4343748289953843,237727440.0,0.007600019809989256,0.004945861757530856,0.006683915925325153,0.03279524178162463,0.07192376252403831,0.026084635848985238,89.87096364070091,72.75327376008374,1,1,0.010499972352325582,TCS.NS,IN,IT Services
2025-12-05,4891.74,4904.66,4837.84,4867.54,13244382,4827.982,4807.186,4745.449500000001,4695.4826,4797.00857457044,4749.2348761116955,69.39194820802074,67.87122207621562,47.77369845874455,33.14830629868108,14.62539216006347,4745.449500000001,84.2550261174728,4913.959552234946,4576.939447765055,0.8622647384528489,0.07101963775398314,83.55928571428565,15369696.25,0.8617204219816367,224483058.0,-0.003139547028694123,0.013727673527076507,-0.00494711493251785,0.01825629096264425,0.055680021514657785,0.007565737043546017,84.34234533062092,84.12627715766008,1,1,0.04014758995303591,TCS.NS,IN,IT Services
2025-12-08,4873.41,4935.38,4799.94,4860.13,11431773,4841.02,4815.603,4760.079,4698.7204,4806.719563098065,4757.449329733051,71.14043280408559,56.08198363666733,49.270233365014064,36.372691711947674,12.89754165306639,4760.079,76.81099858883522,4913.70099717767,4606.45700282233,0.8256402137626871,0.0645459863912501,87.75785714285712,15516397.1,0.7367542986667763,213051285.0,-0.0015223295545593318,0.027867567328440316,-0.0027249913305051328,0.017623681940384772,0.06405855230605528,0.013595582009368279,68.70711523238367,80.97347473456847,1,1,0.02448905687707925,TCS.NS,IN,IT Services
2025-12-09,4857.69,4900.3,4897.02,4898.48,10649121,4871.012000000001,4826.03,4772.7975,4703.7622,4820.836553390671,4767.896046049122,68.48854365561525,71.40494500950982,52.940507341549164,39.68625483786798,13.254252503681187,4772.7975,77.65289962223213,4928.103299244464,4617.491700755535,0.9046291272139176,0.06507956779831205,83.47642857142851,15777032.25,0.6749761397631586,223700406.0,0.007890735433002671,0.0006695954663485563,0.008396995279647644,0.02174915158076085,0.05477260443874066,0.03158036609301407,84.6550505257009,79.23483702956847,1,1,0.01461065473371348,TCS.NS,IN,IT Services
2025-12-10,4894.52,4934.07,4831.09,4876.86,12601292,4877.176,4836.511,4780.92,4708.0836,4829.455545176721,4775.967450045483,65.452245676606,79.56325439970517,53.48809513123797,42.44662289654198,11.041472234695988,4780.92,79.69345452884144,4940.306909057683,4621.533090942317,0.8009657460779216,0.06667625020190648,90.44499999999991,15139114.9,0.8323664395752463,211099114.0,-0.004413614019042611,0.021116045980401003,-0.0036081168327021145,0.02196330717406547,0.03445818246609855,0.006359831945258243,75.664324031789,76.34216326329116,1,1,0.0015071172844822733,TCS.NS,IN,IT Services
2025-12-11,4885.7,4938.84,4930.38,4934.14,8817492,4887.43,4854.051,4790.4555,4712.4644,4845.560845918764,4787.683935227299,65.7948223120984,74.91234023300547,57.87691069146513,45.53268045552662,12.344230235938511,4790.4555,86.12177434034945,4962.699048680699,4618.211951319301,0.9170968988378257,0.07191113608326515,84.34857142857138,15327284.35,0.575280736193771,219916606.0,0.011745262320427718,0.0017145845071275482,0.009914648873240393,0.036858496156545684,0.040205083663087615,0.010499972352325582,98.07321772599494,86.13086409449492,1,1,0.01667970507525096,TCS.NS,IN,IT Services
2025-12-12,4889.94,5066.45,5060.17,5062.96,7222315,4926.514,4877.248,4812.7695,4718.16,4879.006869623569,4808.074754840092,73.46304774362333,83.49763773669143,70.93211478347712,50.61256732111672,20.319547462360397,4812.7695,95.97826686425984,5004.72603372852,4620.812966271481,1.1516852933818025,0.07976967678526033,91.95357142857132,12703322.9,0.5685374203518497,227138921.0,0.026107893168819674,0.001240381120925013,0.03538284723329224,0.04801707310509862,0.0966668688321477,0.04014758995303591,99.06066641519341,90.93273605765908,0,0,-0.0010329925577133858,TCS.NS,IN,IT Services
2025-12-15,5051.94,4989.64,4970.76,4979.15,42619045,4950.318,4895.669,4828.3544999999995,4723.0144,4894.413505066098,4820.746995222308,63.655561462578994,66.54510954964566,73.66650984378975,55.22335582565133,18.443154018138422,4828.3544999999995,96.44512912179559,5021.244758243591,4635.464241756408,0.8908841778019639,0.07989896278061244,93.82785714285703,14419967.45,2.955557437436696,184519876.0,-0.0165535576026673,0.0037918118554364335,-0.014408326306326985,0.038417581867552064,0.06678164736633496,0.02448905687707925,76.5032028850823,91.2123623420902,0,1,-0.01569545002661088,TCS.NS,IN,IT Services
2025-12-16,4985.58,4979.43,4962.55,4970.05,12258709,4964.632,4917.822,4844.489,4726.9054,4906.049888902083,4831.806477057693,64.90739346483966,66.21334592011331,74.24341184438981,59.02736702939903,15.21604481499078,4844.489,91.43411766203994,5027.35723532408,4661.620764675919,0.843310033523967,0.07549536610529714,91.91142857142846,14312977.25,0.8564750666060713,172261167.0,-0.00182762118032187,0.0033963441011653226,-0.0031149836127384637,0.046652430652076804,0.06943512015423825,0.01461065473371348,74.05393766465517,83.20593565497693,0,1,-0.024651663464150375,TCS.NS,IN,IT Services
2025-12-17,4970.46,4886.57,4882.33,4884.21,16936375,4966.102,4921.639,4852.2964999999995,4728.8454,4902.68990599407,4835.688219497863,58.51648724597156,48.153802364996054,67.00168649620628,60.62223092276049,6.379455573445789,4852.2964999999995,87.55349169600356,5027.403483392007,4677.189516607992,0.5911257203488154,0.07217489013376296,87.91857142857134,13793238.7,1.227875058243206,155324792.0,-0.01727145602156921,0.0008681035418212799,-0.017352518680360095,0.007876534242391653,0.033026230631590936,0.0015071172844822733,49.668581528806754,66.74190735951471,0,1,-0.01575689824966575,TCS.NS,IN,IT Services
2025-12-18,4876.84,5099.5,4949.99,5016.44,18705380,4982.562,4934.996,4866.7275,4732.739799999999,4920.18992045652,4849.0772402758,61.63994928509561,64.03999356240443,71.11268018071951,62.720320774352295,8.392359406367213,4866.7275,89.7160076589879,5046.159515317976,4687.295484682024,0.9171844688189371,0.07373826264895215,93.51928571428562,14514642.5,1.2887247282373833,174030172.0,0.027072955503551155,0.02980400443341701,0.02862509329811329,0.027354813869711725,0.06104716338608496,0.01667970507525096,78.97907017923464,67.56719645756549,0,0,-0.05310140258828955,TCS.NS,IN,IT Services
2025-12-19,5031.37,5117.88,5009.62,5057.73,8699566,4981.5160000000005,4954.015,4880.6005,4739.871,4941.349932693978,4864.533000255371,66.38648126208147,62.844789956141206,76.81693243860718,65.53964310720328,11.277289331403907,4880.6005,96.8145627625272,5074.229625525054,4686.971374474945,0.9573937405303293,0.07934643514666473,98.27499999999996,14053103.2,0.6190494197004531,182729738.0,0.008230936680195589,0.021404859492297694,0.005239129700259458,0.039073125233690886,0.05804274653942132,-0.0010329925577133858,85.45379797324007,71.36714989376047,0,0,-0.07437130886781218,TCS.NS,IN,IT Services
2025-12-22,5044.91,4963.65,4850.87,4901.0,8558105,4965.886,4958.102000000001,4886.852499999999,4744.2332,4935.142250741058,4867.234259495714,58.35818277495176,34.090373280943,67.90799124534442,66.0133127348315,1.894678510512918,4886.852499999999,93.68842173454478,5074.229343469088,4699.47565653091,0.5377514631411673,0.07668610561462653,105.95571428571422,13652082.4,0.6268717198138417,174171633.0,-0.030988210125886484,0.02301163027953004,-0.02852578143117941,0.008409240082055458,0.0261811237950067,-0.01569545002661088,33.635250917889735,66.02270635678812,0,0,-0.0646113038155478,TCS.NS,IN,IT Services
2025-12-23,4918.31,4924.46,4785.99,4847.53,13446501,4941.382,4953.007,4889.5185,4747.815,4921.663442934741,4865.774684718253,50.0858186174563,36.25120127021266,55.888758216487986,63.9884018311628,-8.099643614674811,4889.5185,91.64989506844688,5072.818290136894,4706.218709863107,0.38546495342676707,0.07497662198715724,103.97357142857143,13741851.0,0.978507191024907,160725132.0,-0.010910018363599283,0.028565063032095044,-0.014391122153745139,-0.010401185673923341,0.01112174894299578,-0.024651663464150375,18.5422881074496,45.877112332859774,0,0,-0.06325695766710049,TCS.NS,IN,IT Services
2025-12-24,4840.81,4877.33,4751.18,4807.25,16427536,4925.99,4946.046,4891.278499999999,4751.164000000001,4904.061374790935,4861.439522887272,45.661801826609754,34.034206809979565,42.6218519036629,59.71509184566282,-17.09323994199992,4891.278499999999,89.59019790576528,5070.45889581153,4712.098104188469,0.2655198281606387,0.07326526012022991,109.39499999999998,14170871.8,1.1592465920659452,144297596.0,-0.008309386429789956,0.026241614228503487,-0.006932724068904473,-0.01427352845888541,0.007376284825179935,-0.01575689824966575,15.290428142854331,22.48932238939786,0,0,-0.04361953299703569,TCS.NS,IN,IT Services
2025-12-25,4796.75,4761.17,4741.16,4750.06,20140183,4872.714,4927.638,4890.8445,4754.2408000000005,4880.368855592329,4853.189187858585,43.56922335836746,36.06059976308735,27.17966773374428,53.208007023279116,-26.028339289534834,4890.8445,90.28437857974664,5071.413257159494,4710.275742840507,0.1101637342617439,0.07383950038054025,109.34285714285716,14614522.5,1.37809371615845,124157413.0,-0.011896614488532853,0.0042125783674303065,-0.009733673841661513,-0.037307413247293364,-0.0018240122385335678,-0.05310140258828955,2.3624973455024727,12.065071198602107,0,0,-0.06437181846124063,TCS.NS,IN,IT Services
2025-12-26,4746.88,4728.51,4644.04,4681.58,5803154,4797.4839999999995,4889.5,4883.374000000001,4753.6568,4849.78595473197,4840.477396165356,40.83879773009469,9.891241855116903,9.30855856661401,44.4281173319461,-35.11955876533209,4883.374000000001,101.03855795531146,5085.451115910623,4681.296884089378,0.0007005145272022426,0.08276126952823236,107.24142857142859,13066492.0,0.44412483135298814,118354259.0,-0.014416660000084347,0.018043053840793535,-0.013756404206549654,-0.0753274764169577,-0.030927408253794697,-0.07437130886781218,7.922505487067518,8.525143658474745,0,0,-0.021330405546845177,TCS.NS,IN,IT Services
2025-12-29,4673.44,4651.78,4530.38,4584.34,8054972,4734.152,4850.019,4872.844,4750.4136,4808.948115542436,4821.504255708664,34.80036385453562,0.0,-12.556140166227124,33.031265832311455,-45.58740599853858,4872.844,119.94519724047791,5112.734394480956,4632.953605519044,-0.10132461873708225,0.09846011671250178,115.17214285714284,13044118.7,0.6175174856759403,110299287.0,-0.020770765425347837,0.026481456436471366,-0.019065185388061127,-0.07929265035196764,-0.04392130037080744,-0.0646113038155478,9.184680851048203,6.489894561206036,0,0,-0.003592665465475986,TCS.NS,IN,IT Services
2025-12-30,4589.3,4579.74,4509.82,4540.89,5352798,4672.824,4807.103,4862.4625,4746.997,4767.708405458984,4800.718014545058,34.080420011182625,0.0,-33.009609086074306,19.823090848634298,-52.8326999347086,4862.4625,138.77881811207124,5140.020136224142,4584.904863775857,-0.0792895925591342,0.1141634043343617,113.13928571428576,12813019.8,0.4177623749740576,104946489.0,-0.009477918304488742,0.01539786253355282,-0.010548449654629094,-0.0863492318990754,-0.04372520280003034,-0.06325695766710049,5.109693122380933,7.4056264868321895,1,1,0.021464955107919126,TCS.NS,IN,IT Services
2025-12-31,4503.07,4600.14,4595.5,4597.56,6402947,4630.886,4778.438,4850.038500000001,4746.2573999999995,4741.531727696063,4785.669272726906,34.042290915987095,15.598249428862445,-44.137545030842375,7.0309636727389595,-51.16850870358134,4850.038500000001,150.9179224917133,5151.874344983427,4548.202655016574,0.08176190105263174,0.12446740164366303,112.94428571428573,12698283.9,0.5042371509557169,111349436.0,0.012479932348063993,0.0010092309833910416,0.020983462393429304,-0.058689122703569185,-0.051274855345808,-0.04361953299703569,14.429497089079423,9.574623687502823,1,0,0.014320639643636834,TCS.NS,IN,IT Services
2026-01-01,4628.97,4509.85,4391.85,4444.29,15311985,4569.732000000001,4721.223,4828.1095,4741.2128,4695.802231127438,4760.381919191579,21.332653723182418,11.897963468402281,-64.57968806414101,-7.29116667463704,-57.28852138950397,4828.1095,175.72174240079815,5179.552984801596,4476.666015198403,-0.04606148157311103,0.14558223453777236,118.18714285714292,13134181.55,1.1658117999890294,96037451.0,-0.03333724845352759,0.026550922644555924,-0.03989656446249606,-0.11405498720207952,-0.08982012627819291,-0.06437181846124063,7.222842031311019,8.920677414257096,1,1,0.0394371204399353,TCS.NS,IN,IT Services
2026-01-02,4438.17,4633.93,4539.96,4581.72,4543673,4549.76,4673.622,4813.818499999999,4740.8122,4678.251118646294,4747.147702955166,32.45605516169759,34.87619937470802,-68.89658430887175,-19.612250201483988,-49.284334107387764,4813.818499999999,183.78374764280835,5181.385995285616,4446.251004714382,0.18427771364843878,0.15271348318825925,125.14714285714295,12699146.1,0.3577935560727539,100581124.0,0.030922824568153873,0.02050976489178294,0.032344412223949924,-0.09411534423545731,-0.05871959963349038,-0.021330405546845177,26.15181190856279,15.934717009651047,0,1,-0.005855879451385104,TCS.NS,IN,IT Services
2026-01-05,4601.24,4603.28,4539.55,4567.87,5866551,4546.466,4640.308999999999,4799.2055,4741.8064,4661.269408085326,4733.867873106635,32.32051484939599,38.672271921260794,-72.59846502130858,-30.20949316544891,-42.38897185585967,4799.2055,191.37012447570243,5181.945748951405,4416.465251048595,0.19779047195325208,0.15950150455167023,128.49357142857147,12420885.0,0.4723134082383495,94714573.0,-0.0030228822363654873,0.013951798102832525,-0.007252392833234658,-0.06797184248112631,-0.06013419394131436,-0.003592665465475986,24.244177237821734,19.20627705923182,0,1,-0.005650335933378048,TCS.NS,IN,IT Services
2026-01-06,4569.75,4659.68,4621.31,4638.36,7920452,4565.960000000001,4619.392,4786.199500000001,4744.676399999999,4657.744883764507,4726.793215839477,39.04480112648941,55.68440104385884,-69.04833207496995,-37.97726094735312,-31.071071127616825,4786.199500000001,193.09946906289528,5172.3984381257915,4400.00056187421,0.30859670314246695,0.16138020913073517,128.78571428571436,12284451.55,0.6447541693667089,102635025.0,0.01543170011405759,0.008272320389101237,0.015013950434921966,-0.04314981031576903,-0.053102186800803475,0.021464955107919126,33.95314243208406,28.116377192822835,0,0,-0.03396027906415189,TCS.NS,IN,IT Services
2026-01-07,4631.44,4673.58,4655.25,4663.4,13475202,4579.128,4605.007,4775.5265,4746.869000000001,4658.614901646891,4722.09742207359,32.606810657417626,63.41105637657351,-63.48252042669901,-43.07831284322231,-20.404207583476705,4775.5265,193.72292020673393,5162.9723404134675,4388.080659586532,0.3553004209818094,0.16226308886083507,115.92357142857152,12328147.05,1.0930434924489731,116110227.0,0.00539845980044662,0.003930608568854483,0.006900661565300023,-0.02992355296687299,-0.04376996674089473,0.014320639643636834,37.40203572849956,31.86645179946842,0,0,-0.032943774928163805,TCS.NS,IN,IT Services
2026-01-08,4680.82,4638.27,4604.58,4619.56,17263000,4614.182,4591.957,4759.7975,4748.7046,4652.6064552396765,4714.502057475546,28.466823270397015,52.47792395026131,-61.895602235869774,-46.84177072175181,-15.053831514117967,4759.7975,192.93605490653673,5145.669609813073,4373.925390186926,0.31828500112608266,0.16213803625595102,112.3921428571429,12750422.45,1.3539158183801339,98847227.0,-0.009400866320710022,0.007292902354335307,-0.013087450489441214,-0.02747333717889877,-0.06375579128277675,0.0394371204399353,39.82336481280205,37.059514324461865,0,0,-0.008018079643948739,TCS.NS,IN,IT Services
2026-01-09,4634.4,4564.44,4547.26,4554.89,14477413,4608.816000000001,4579.2880000000005,4734.393999999999,4746.965,4637.573154433572,4702.678942106987,31.298831818623924,65.5634357762018,-65.10578767341485,-50.49457411208442,-14.61121356133043,4734.393999999999,184.16739100469675,5102.7287820093925,4366.059217990606,0.2563303701309456,0.15559954748561922,102.78071428571437,13113177.35,1.1040353919993775,84369814.0,-0.013999168752002356,0.0037717705586733396,-0.017156481960983547,-0.02706137671469877,-0.10035038791536965,-0.005855879451385104,30.611516869697144,35.94563913699955,1,0,0.008553444759368478,TCS.NS,IN,IT Services
2026-01-12,4554.35,4565.13,4523.61,4542.06,5621878,4603.654,4575.06,4712.5395,4744.2792,4622.878822982254,4690.781242691654,32.7365410916325,41.405166435506246,-67.90241970940042,-53.97614323154763,-13.926276477852788,4712.5395,179.4684277900267,5071.476355580054,4353.602644419946,0.2625216004570477,0.15233266716596333,95.85571428571438,11263319.0,0.4991315171725566,78747936.0,-0.002816752984155513,0.0091412266680738,-0.002698518998319686,-0.009222701632077834,-0.08778405952823254,-0.005650335933378048,30.94051248242786,33.79179805497566,0,1,-0.010164991215439678,TCS.NS,IN,IT Services
2026-01-13,4541.3,4501.08,4464.64,4480.84,19117016,4572.150000000001,4569.054999999999,4688.079,4740.9223999999995,4601.026696369599,4675.23003952931,31.97963938299823,34.352188140530046,-74.20334315971013,-58.02158321718014,-16.181759942529993,4688.079,175.82528624506946,5039.729572490139,4336.428427509861,0.20533390784396302,0.15001904724304516,92.37500000000013,11606234.35,1.6471332368768483,59630920.0,-0.01347846571819844,0.008132403745724343,-0.013313368418731798,-0.01322427982179708,-0.09843160531584194,-0.03396027906415189,24.095635221422857,28.549221524515925,1,1,0.013966131350371835,TCS.NS,IN,IT Services
2026-01-14,4469.8,4511.79,4508.16,4509.77,5898764,4541.424000000001,4560.276,4669.357,4738.5632000000005,4586.98720462043,4662.973740304917,36.30685768340914,22.817401598106073,-75.98653568448663,-61.61457371064143,-14.371961973845195,4669.357,173.76520138273213,5016.887402765464,4321.826597234536,0.27039850509428714,0.14885578582463896,89.86500000000011,11054353.8,0.533614499147431,65529684.0,0.006456378714705391,0.0008049190978695817,0.008942234551879572,-0.019094911213774268,-0.07666337033010451,-0.032943774928163805,35.02643616694881,30.02086129026648,1,0,0.01367697243983601,TCS.NS,IN,IT Services
2026-01-15,4486.82,4627.27,4546.72,4582.52,18141421,4534.0160000000005,4574.099,4647.661,4739.1088,4586.2999423711335,4657.014203986034,44.38231557934855,35.772586546580484,-70.71426161490035,-63.43451129149322,-7.279750323407129,4647.661,154.12781544447608,4955.916630888953,4339.405369111048,0.39433931861594984,0.13264979132035928,90.68500000000007,11026155.85,1.6453077211576217,83671105.0,0.016131643077141433,0.017577664691039555,0.021329137340026876,0.031102830823371175,-0.08649958935021629,-0.008018079643948739,67.67827352405622,42.26678163747594,0,0,-0.01884116163159133,TCS.NS,IN,IT Services
2026-01-16,4577.1,4596.87,4591.43,4593.85,6720079,4541.808,4575.312,4624.467000000001,4738.7696000000005,4587.461489698651,4652.335374061142,50.59753446347565,44.89333810034561,-64.87388436249057,-63.722385905692704,-1.1514984567978672,4624.467000000001,120.3792455927338,4865.225491185468,4383.708508814533,0.4364155344019603,0.10412377953412373,80.91000000000005,10927181.5,0.6149873492091854,90391184.0,0.0024724387454937435,0.0011841919087472196,0.0036595224050154766,0.0026474773665785545,-0.09171703511258988,0.008553444759368478,71.69985447033802,58.13485472044766,0,0,-0.024606811280298624,TCS.NS,IN,IT Services
2026-01-19,4614.04,4544.19,4457.26,4495.89,9651001,4532.5740000000005,4568.1140000000005,4604.2115,4737.3366,4573.373568206551,4640.74682783439,47.35381286164558,39.64984913339416,-67.37325962783962,-64.45256065012208,-2.920698977717535,4604.2115,104.42522680066467,4813.06195360133,4395.361046398671,0.24067209782791915,0.09072148557957614,85.34357142857145,10981826.3,0.87881558654633,80740183.0,-0.021324161650902895,0.019335437477335973,-0.02560662673058188,-0.01575789153369067,-0.08265864109365428,-0.010164991215439678,36.92897454997013,58.769034181454764,0,1,-0.0015480805802633446,TCS.NS,IN,IT Services
2026-01-20,4460.04,4577.45,4516.2,4543.42,8185412,4545.09,4558.620000000001,4589.006,4735.3228,4568.765326944005,4633.537433179991,46.78174857930902,50.21268610033775,-64.77210623598603,-64.51646976729486,-0.25563646869116496,4589.006,87.97592412282391,4764.957848245648,4413.0541517543525,0.37045887708798686,0.07668407853274085,86.93714285714285,10718771.85,0.7636519697308447,88925595.0,0.01057187787067737,0.013481034110865056,0.01869489959730886,-0.02046844143188531,-0.06273504238240912,0.013966131350371835,53.79973733697581,54.14285545242796,1,0,0.0077782815588258725,TCS.NS,IN,IT Services
2026-01-21,4525.98,4604.52,4545.0,4571.45,9904140,4557.426,4549.425,4577.216,4732.4636,4569.178353568005,4628.938364055547,58.88112864925268,65.81160785956092,-59.76001048754188,-63.565177911344264,3.805167423802388,4577.216,71.43388142008277,4720.083762840166,4434.348237159835,0.4798205001399402,0.06242561541344536,76.60785714285716,10392602.05,0.9529989697816852,98829735.0,0.006169361406165308,0.01301993896903333,0.010046442980302654,-0.019717373590084408,-0.049050912683966996,0.01367697243983601,52.78753698200438,47.838749622983414,0,0,-0.00465716566953589,TCS.NS,IN,IT Services
2026-01-22,4580.66,4542.34,4459.26,4496.18,26142677,4540.158,4537.087,4564.522,4727.518599999999,4557.947837634466,4619.104411162543,43.45764371156728,47.95866254093187,-61.15657352807739,-63.0834570346909,1.926883506613514,4564.522,60.88047873109894,4686.282957462197,4442.7610425378025,0.21935995977431097,0.053351022281049695,71.07571428571426,10692726.75,2.4449025179753594,72687058.0,-0.016465235319209293,0.0184779079129353,-0.018442757157261423,-0.02670817134099357,-0.053447745923209444,-0.01884116163159133,17.99186390524233,41.52637940807415,1,1,0.04023193021631677,TCS.NS,IN,IT Services
2026-01-23,4480.58,4506.93,4459.92,4480.81,4134888,4517.55,4529.679,4554.4835,4724.8012,4546.080477998395,4608.860380706058,43.35683545462872,31.540164797270236,-62.779902707663496,-63.022746169285426,0.2428434616219306,4554.4835,56.991188171610396,4668.465876343221,4440.50112365678,0.17682065261416754,0.05005282216663885,69.88142857142859,10609313.45,0.3897412994484295,68552170.0,-0.0034184574460986994,0.010491406687627844,5.1332639970812166e-05,-0.016263839521920342,-0.04288509434848908,-0.024606811280298624,10.886649408233795,27.222016765160138,1,1,0.031630441817439126,TCS.NS,IN,IT Services
2026-01-26,4479.75,4499.77,4480.26,4488.93,32692134,4516.158,4524.366,4549.713,4721.2308,4537.288096767872,4599.976648801906,37.39816829428732,30.733068899662015,-62.68855203403382,-62.95590734223511,0.2673553082012887,4549.713,58.3377698453382,4666.388539690676,4433.037460309323,0.23952123915011075,0.05128918667645666,64.71714285714286,11841171.55,2.7608865475066486,101244304.0,0.00181217235276665,0.0043462473239716075,0.002049221496734916,-0.011697335570203804,-0.020812156166427398,-0.0015480805802633446,14.640347633068469,14.506286982181502,1,1,0.05731432657671198,TCS.NS,IN,IT Services
2026-01-27,4482.47,4619.39,4546.25,4578.76,7950309,4523.226000000001,4534.158,4551.6065,4719.8588,4543.668389572816,4598.40504518695,43.56525970076636,65.6861631648685,-54.73665561413418,-61.312056996614935,6.575401382480756,4551.6065,58.650072219198,4668.906644438396,4434.306355561604,0.6157436767422102,0.05154230465149854,71.51999999999998,11971047.1,0.6641280641082714,109194613.0,0.02001145039018204,0.01597375708706819,0.02148145999861203,0.021853045411128313,0.008339774801856104,0.0077782815588258725,67.12336334972025,30.883453463674144,1,1,0.03883584201836299,TCS.NS,IN,IT Services
2026-01-28,4581.41,4592.58,4516.23,4550.16,6957272,4518.968,4538.197,4549.236500000001,4716.3008,4544.667098869306,4594.831338136065,44.598717389950764,51.37427616018266,-50.16423926675907,-59.08249345064377,8.918254183884699,4549.236500000001,57.64447234878424,4664.52544469757,4433.947555302432,0.5040051541885371,0.05068496425610905,72.77214285714288,11998763.35,0.5798323724892556,102237341.0,-0.006246232604460666,0.016779629727302684,-0.006821044176354698,0.00895611084379011,-0.010309816511366976,-0.00465716566953589,54.64384447941479,45.46918515406781,1,1,0.04828401638623703,TCS.NS,IN,IT Services
2026-01-29,4537.41,4682.8,4672.48,4677.07,5657050,4555.146,4547.652,4560.8755,4715.2858,4565.036775966336,4600.923090866727,58.66918317534196,65.34728276663762,-35.88631490039097,-54.443257740593204,18.556942840202233,4560.8755,58.82763765756593,4678.530775315132,4443.220224684868,0.9937921384646231,0.051593285243197715,77.0821428571429,11516016.6,0.4912331846384118,107894391.0,0.027891326898394686,0.0022065096310293435,0.03077967386680266,0.020632752284768907,0.05237732011187379,0.04023193021631677,97.45943069922184,73.07554617611893,1,1,0.03476963141453937,TCS.NS,IN,IT Services
2026-01-30,4696.98,4638.69,4609.61,4622.54,11979058,4583.492,4550.521,4562.9165,4712.1312,4573.883425817669,4602.524343395118,55.39135560974301,69.53859475507171,-28.640917577448818,-49.28278970796433,20.64187213051551,4562.9165,60.27910166577674,4683.474703331553,4442.358296668447,0.7472809744654159,0.052842607718781055,78.93500000000002,11887785.85,1.0076777243024004,95915333.0,-0.011659008738376775,0.006290913653531096,-0.015848481364618063,0.006245306224626379,0.008909317898081914,0.031630441817439126,73.2819012145371,75.12839213105788,1,1,0.039099715740696706,TCS.NS,IN,IT Services
2026-02-02,4648.45,4762.68,4733.04,4746.21,8946967,4634.947999999999,4575.553,4571.8335,4711.5362,4600.395206461105,4613.16772536585,66.40455967261354,80.74178751795391,-12.772518904745084,-41.98073554732048,29.208216642575394,4571.8335,72.91651464626828,4717.666529292536,4426.000470707463,1.0978635321670118,0.06379629935889165,83.41500000000003,12041806.65,0.7429920208034547,104862300.0,0.02675368952999868,0.006244982838937611,0.02103066613601936,0.05567751880050431,0.039042266964690375,0.05731432657671198,94.60742583951728,88.44958591775871,1,1,0.02090931501134574,TCS.NS,IN,IT Services
2026-02-03,4703.87,4767.07,4748.18,4756.58,6720201,4670.512,4596.869000000001,4577.7445,4710.7836,4624.42363623632,4623.790856820231,65.61554911612487,80.84164918992414,0.6327794160888516,-33.45803255463861,34.090811970727465,4577.7445,82.72536672471428,4743.195233449428,4412.2937665505715,1.0404494022796902,0.07228482649016,82.69428571428573,11981794.1,0.5608676282571382,111582501.0,0.002184901215917412,0.003971340753229305,0.011205666823272929,0.04691619969098171,0.025487456773514827,0.03883584201836299,96.61405377458252,88.1677936095456,1,1,0.016322651989454595,TCS.NS,IN,IT Services
2026-02-04,4749.85,4790.15,4753.63,4769.86,13694660,4714.451999999999,4616.710000000001,4583.0675,4710.739799999999,4646.7984614307325,4634.610793352066,62.817460317460295,76.73774345198115,12.18766807866632,-24.328892427977625,36.51656050664394,4583.0675,91.48800720227638,4766.043514404553,4400.091485595447,1.0104289231756844,0.07984871023807227,76.90999999999998,11992767.0,1.141909857674225,125277161.0,0.0027919219270988727,0.007656409202784121,0.004212764613618344,0.043401984053199616,0.02282883732898755,0.04828401638623703,93.90489350808404,95.04212437406125,1,1,0.023229193309656893,TCS.NS,IN,IT Services
2026-02-05,4780.28,4841.3,4838.4,4839.69,18861274,4746.976,4651.061,4594.0740000000005,4712.3588,4676.4740827490805,4649.801845696358,65.57329279108069,86.319275445947,26.672237052722267,-14.128666531837645,40.80090358455991,4594.0740000000005,107.88190372616114,4809.8378074523225,4378.3101925476785,1.0691779425360866,0.09393135916063824,80.98785714285721,12072680.7,1.5623102197749488,144138435.0,0.014639842678820791,0.0005992119329956973,0.01242814228454974,0.07640041101557316,0.04765172440665322,0.03476963141453937,99.58077283590346,96.69990670618999,0,0,-0.002225349144263311,TCS.NS,IN,IT Services
2026-02-06,4830.71,4812.61,4795.81,4803.28,24543795,4783.124,4683.307999999999,4606.4935000000005,4711.8045999999995,4695.982685403068,4661.170597866998,71.11920302301615,70.48265117335849,34.81208753607007,-4.3405157182561,39.152603254326166,4606.4935000000005,117.04216128680325,4840.577822573607,4372.409177426394,0.920332506328357,0.10163232513995964,74.36571428571428,12575999.8,1.9516375189798014,119594640.0,-0.007523209131163333,0.003497609966521996,-0.005678254335282931,0.0719668988419504,0.05453260122637427,0.039099715740696706,90.0481624958379,94.51127627994178,1,1,0.0025836511716992305,TCS.NS,IN,IT Services
2026-02-09,4787.84,4863.59,4830.93,4845.45,14400756,4802.972,4718.96,4621.6630000000005,4712.8148,4718.977656879519,4674.820923950924,70.90491285870516,87.68809386940794,44.156732928594465,5.358934011114017,38.79779891748045,4621.6630000000005,127.44962703999396,4876.562254079989,4366.763745920012,0.9389714689569773,0.11030629194726356,72.8478571428572,13014943.7,1.1064784624094486,133995396.0,0.008779417398111278,0.0067403440340924195,0.012032565833442144,0.07942204489711346,0.0667956830160763,0.02090931501134574,95.51356565158274,95.04750032777467,1,0,0.013817086132350997,TCS.NS,IN,IT Services
2026-02-10,4824.66,4875.8,4800.96,4834.22,12665011,4818.499999999999,4744.505999999999,4639.332,4714.5288,4736.707248128824,4686.628262917522,68.6205870264602,74.00840198592414,50.0789852113021,14.302944251151636,35.77604096015046,4639.332,131.33529427426356,4902.0025885485275,4376.661411451473,0.8709741564064077,0.11323638340539995,73.82928571428576,12692343.45,0.997846461691323,121330385.0,-0.0023176381966586446,0.015481297913620946,0.001981486778342602,0.05579239794180091,0.07886467715874712,0.016322651989454595,90.0177654004657,91.85983118262875,0,0,-0.006042339819040121,TCS.NS,IN,IT Services
2026-02-11,4808.31,4905.4,4860.87,4880.66,23428857,4840.66,4777.556,4657.8765,4715.2212,4758.853825339774,4701.000984182891,78.4059341568651,78.28227571115988,57.85284115688228,23.012923632297767,34.83991752458451,4657.8765,138.08943575109194,4934.055371502184,4381.697628497816,0.9033319036813693,0.11858574245243497,70.90000000000002,13568848.1,1.7266650124364638,144759242.0,0.009606513563718666,0.009123766048032564,0.015046866778553046,0.07263480844629644,0.08224144468564898,0.023229193309656893,94.44643979506505,93.32592361570447,0,1,-0.0031245774137104165,TCS.NS,IN,IT Services
2026-02-12,4882.62,4889.58,4780.38,4828.92,8880515,4838.506,4792.741,4670.1965,4714.142199999999,4769.633236825963,4710.47646683601,74.40719083477069,61.453727406717995,59.15676998995241,30.241692903828696,28.915077086123713,4670.1965,141.950099062839,4954.096698125678,4386.296301874322,0.7795410166092175,0.12157955157801907,75.34214285714286,13105802.8,0.6776017049789803,135878727.0,-0.010601025271172348,0.022613752143331674,-0.010998193592781912,0.03246690770076155,0.053769541649572705,-0.002225349144263311,82.0106317916875,88.82494566240605,0,0,-0.0003499747355517613,TCS.NS,IN,IT Services
2026-02-13,4813.34,4852.95,4785.88,4815.69,4606728,4840.987999999999,4812.056,4681.2885,4713.1052,4776.718892698891,4718.270061885195,72.7472711071508,44.03637809362885,58.44883081369608,35.88312048580217,22.565710327893903,4681.2885,144.31794268851206,4969.924385377024,4392.652614622975,0.732821881838615,0.12331471789314531,78.73928571428567,13000135.25,0.3543599783425347,131271999.0,-0.002739743048135068,0.013927391505679515,0.00048822647060024136,0.04178438693878239,0.048290649455249746,0.0025836511716992305,76.94837731562826,84.46848296746025,1,1,0.0320764002666285,TCS.NS,IN,IT Services
2026-02-16,4808.96,4934.65,4894.6,4912.4,14621360,4854.378,4828.675,4702.114,4714.1506,4797.592909206754,4732.650057301107,73.00584730803176,70.86264912817377,64.94285190564642,41.695066769771024,23.247785135875397,4702.114,146.19590239776727,4994.5058047955345,4409.722195204465,0.8595962618483618,0.12436610630685377,77.9178571428571,13248653.2,1.1036109614816576,145893359.0,0.020082272737655504,0.008152837716796498,0.021509848283200125,0.03501530695017707,0.09264239116170536,0.013817086132350997,94.6823765592116,84.5471285555091,1,0,0.01247658985424649,TCS.NS,IN,IT Services
2026-02-17,4915.96,4807.29,4803.18,4805.01,10440772,4848.536,4833.517999999999,4715.193499999999,4712.2812,4798.734000098023,4738.0100530565815,65.85065492405872,43.81159331578629,60.723947041441534,45.50084282410513,15.223104217336406,4715.193499999999,142.9158623392127,5001.025224678425,4429.361775321574,0.6571142953085275,0.12123859802502901,80.26571428571417,13361421.2,0.7814117272635843,135452587.0,-0.02186100480416897,0.0008553572209004386,-0.0225693455601708,0.010181685160346454,0.057575570825501465,-0.006042339819040121,60.11567807020656,77.24881064834878,1,1,0.05138594924880491,TCS.NS,IN,IT Services
2026-02-18,4783.08,4896.43,4840.59,4865.41,6162320,4845.486,4843.072999999999,4729.8915,4712.0522,4808.991846236789,4747.447086163502,62.770545158665634,54.14859939879222,61.54476007328685,48.70962627394148,12.835133799345371,4729.8915,142.4699616456706,5014.831423291341,4444.951576708659,0.7378018819438992,0.12048476092581863,77.32142857142844,13174330.2,0.46775201765080876,141614907.0,0.012570213173333622,0.011476936167761537,0.017212758306359648,0.02003203448319235,0.06430344857758485,-0.0031245774137104165,78.69800639897035,77.83202034279614,1,1,0.0428781952600088,TCS.NS,IN,IT Services
2026-02-19,4848.48,4867.53,4794.98,4827.23,9260513,4845.147999999999,4841.827,4746.4439999999995,4709.914000000001,4811.797716046513,4753.356931632872,64.19388391928437,42.733578131374905,58.44078441364127,50.65585790188145,7.784926511759821,4746.4439999999995,132.7899256403971,5012.023851280794,4480.864148719205,0.6520936163073869,0.11190687229460128,77.68499999999987,12330222.0,0.7510418100305242,132354394.0,-0.007847231785193864,0.01502932323506134,-0.004382816882815979,-0.0025745450638366973,0.073629169650681,-0.0003499747355517613,46.718912752111784,61.84419907376287,1,1,0.05974440828383987,TCS.NS,IN,IT Services
2026-02-20,4814.26,4981.99,4960.7,4970.16,18068111,4876.0419999999995,4858.515,4770.9115,4708.058000000001,4836.161144347049,4769.416418178585,65.12542043198121,65.39098596460636,66.74472616846379,53.873631555197925,12.87109461326586,4770.9115,126.18790880751621,5023.287317615032,4518.535682384968,0.8947456255556022,0.10579773597350499,78.72928571428558,13026883.15,1.386986388452683,150422505.0,0.02960911330100302,0.00428356431181203,0.03238296228287779,0.03474292566746051,0.10921016512639437,0.0320764002666285,94.94033616998873,73.45241844035694,1,1,0.03512562975839817,TCS.NS,IN,IT Services
2026-02-23,4977.44,5023.67,4933.7,4973.69,12801795,4888.299999999999,4871.339,4795.1495,4707.9488,4857.319429832119,4784.547794609802,64.80019632704816,67.58917041457009,72.77163522231695,57.65323228862173,15.118402933695215,4795.1495,115.25722242355678,5025.663944847114,4564.635055152887,0.8872653189207449,0.0961448417185181,83.6657142857142,12032366.2,1.0639465025635189,163224300.0,0.0007102387045889724,0.018089185293008243,-0.0007533993378120573,0.026466066103251418,0.10799010009066734,0.01247658985424649,81.49163086919886,74.38362659709976,1,1,0.0163158540238737,TCS.NS,IN,IT Services
2026-02-24,4951.24,5121.47,4996.27,5051.92,10056471,4937.682,4893.1089999999995,4818.8075,4709.5862,4887.257979088716,4804.353143157224,67.66363568046897,66.19839316398092,82.90483593149202,62.703553017195794,20.201282914296222,4818.8075,117.04991597718973,5052.9073319543795,4584.70766804562,0.9978912160099933,0.09716089798330024,91.61285714285714,12137674.3,0.8285335331057999,173280771.0,0.015728764760168046,0.024782656890840516,0.020334300094517727,0.04503311806247945,0.10333802164778239,0.05138594924880491,79.60948723187539,85.34715142368763,1,1,0.0006670731127966789,TCS.NS,IN,IT Services
2026-02-25,5043.07,5091.66,5059.92,5074.03,7193651,4979.406,4912.446,4845.000999999999,4713.3826,4915.99213615199,4824.329206627059,65.6080991074997,88.94550929411075,91.66292952493131,68.49542831874291,23.167501206188405,4845.000999999999,112.28676403699154,5069.574528073982,4620.427471926017,1.0099198511133958,0.09270319162944916,89.34857142857138,12149493.25,0.5920946873982018,180474422.0,0.004376553864669175,0.006255382802228904,0.006139117640642287,0.0396196416058483,0.11513221513089644,0.0428781952600088,86.09164736554534,82.39758848887317,0,0,-0.002077244320589311,TCS.NS,IN,IT Services
2026-02-26,5071.7,5119.24,5112.75,5115.63,5798364,5037.086,4941.117,4866.929,4715.3664,4946.705653667069,4845.9070431732025,70.66107502414377,88.30914324208457,100.79861049386636,74.9560647537676,25.842545740098757,4866.929,120.30236498092849,5107.533729961857,4626.324270038143,1.0168248355682992,0.09887332647006244,89.44357142857143,12156558.95,0.47697408015497017,186272786.0,0.008198611360200836,0.0012686609469407507,0.008661789932368167,0.05937352451479838,0.0937681069558507,0.05974440828383987,98.28784191826702,87.99632550522922,0,0,-0.00033817926628787465,TCS.NS,IN,IT Services
2026-02-27,5127.01,5145.12,5144.43,5144.74,11087642,5072.0019999999995,4974.022,4893.039,4717.1066,4977.172476179827,4868.042817752966,70.14525530740549,100.0,109.12965842686117,81.79078348838632,27.338874938474845,4893.039,121.13473311719164,5135.308466234383,4650.769533765617,1.0194649658316273,0.09902617421783615,87.24214285714281,12111988.15,0.9154270089484021,197360428.0,0.005690403723490389,0.00013411756473591778,0.0034581559232371504,0.06832873378477444,0.11296819497505695,0.03512562975839817,99.89581619756565,94.75843516045931,1,0,0.006274369550259173,TCS.NS,IN,IT Services
2026-03-02,5131.78,5087.62,5028.62,5054.84,12773477,5088.232,4988.266,4908.4705,4720.1834,4989.121325998315,4881.879646067561,63.42787583688376,66.00877192982463,107.24167993075389,86.88096277685985,20.360717153894043,4908.4705,121.10392064040994,5150.67834128082,4666.262658719181,0.8021568154548195,0.09868974104286465,90.19071428571422,12303313.65,1.0382142831728685,184586951.0,-0.017474158072127932,0.011671981704660944,-0.014992848485317883,0.028996010096897784,0.06502662124094805,0.0163158540238737,75.24812194967586,91.14392668850282,1,1,0.03747695278188812,TCS.NS,IN,IT Services
2026-03-03,5064.57,5130.03,4995.51,5055.29,8722590,5088.906,5013.294,4923.406,4724.3386,4999.301121998574,4894.724857469964,61.25904243659013,65.60826319816383,104.5762645286095,90.42002312720979,14.156241401399711,4923.406,119.79827137846506,5163.00254275693,4683.80945724307,0.7752209996056179,0.09732958962022682,94.71499999999995,12403433.1,0.7032399196606366,193309541.0,8.90235892727631e-05,0.0266097493912264,-0.0018323371974319463,0.05208730054672106,0.0627993222020864,0.0006670731127966789,75.37149750486547,83.50514521736896,1,1,0.024649426640212413,TCS.NS,IN,IT Services
2026-03-04,5048.1,5086.14,5045.38,5063.49,9920204,5086.798,5033.102,4938.0875,4729.4634,5009.176333998793,4907.225979138856,66.02319767203574,53.02293985473162,101.95035485993685,92.72608947375521,9.224265386181642,4938.0875,117.96902242250357,5174.025544845007,4702.149455154992,0.7657530286851658,0.09555847070144449,89.82642857142855,12214710.3,0.8121521464039841,203229745.0,0.0016220632248593603,0.008049783844737951,0.003048671777499726,0.040711882451838655,0.06155945876818181,-0.002077244320589311,77.27702928382894,75.96554957945672,1,1,0.009995082443137182,TCS.NS,IN,IT Services
2026-03-05,5067.51,5135.7,5096.45,5113.9,12895865,5086.451999999999,5061.768999999999,4951.798,4736.7402,5025.287667229748,4922.535165869312,69.38568549697722,59.07497610051442,102.75250136043633,94.73137185109144,8.021129509344888,4951.798,121.80344946288734,5195.404898925774,4708.191101074225,0.832712252226811,0.09839129097177447,90.19357142857143,11916439.85,1.0821909966514875,216125610.0,0.009955583994438522,0.007675159858423576,0.009154397327285048,0.05938602469739385,0.05665858763681153,-0.00033817926628787465,91.08356657311046,81.24403112060159,0,1,-0.003932419484151017,TCS.NS,IN,IT Services
2026-03-06,5129.94,5261.94,5109.08,5177.02,7360173,5092.908,5082.455,4970.485,4746.649,5048.631103040556,4941.385894323437,67.98765566371208,62.72648119739633,107.24520871711866,97.2341392242969,10.011069492821761,4970.485,126.40136560307229,5223.287731206145,4717.682268793855,0.9084904443351837,0.10172155482054329,92.61499999999998,11057258.75,0.6656416839624302,223485783.0,0.012342830325192233,0.029526638877186127,0.009177495253354163,0.04162039049044708,0.07780933029096793,0.006274369550259173,81.81428816155189,83.39162800616373,0,0,-0.021805981047011702,TCS.NS,IN,IT Services
2026-03-09,5161.62,5283.79,5212.67,5244.28,7306209,5130.796,5109.514,4990.4265,4759.8478000000005,5078.730933342009,4963.822494743924,81.58261794860734,67.8169972077039,114.90843859808501,100.76899909905454,14.139439499030473,4990.4265,136.6797027350544,5263.785905470108,4717.067094529891,0.9643218687911473,0.10955352432103913,92.43999999999998,10702531.4,0.6826617035048639,230791992.0,0.012992030164071133,0.013561442180811538,0.01601435208325755,0.05440427529661074,0.08231020854616178,0.03747695278188812,91.91710480536008,88.27165318000745,0,0,-0.03462057708589161,TCS.NS,IN,IT Services
2026-03-10,5223.97,5218.22,5149.24,5179.9,10455574,5155.718,5122.312,5007.710499999999,4772.628,5094.2954051355455,4979.828235874003,72.48252098197051,74.63556851311947,114.46716926154204,103.50863313155205,10.958536129989994,5007.710499999999,137.73935818958898,5283.189216379177,4732.231783620821,0.8125277739463919,0.11002182190009704,92.69857142857141,10592059.55,0.9871142588964901,220336418.0,-0.012276232390337705,0.013316859398827614,-0.00843611276481147,0.02533294272276665,0.07150688218575052,0.024649426640212413,78.74634315975784,84.15924537555658,0,0,-0.019907720226259196,TCS.NS,IN,IT Services
2026-03-11,5176.01,5123.77,5106.35,5114.1,10310806,5165.839999999999,5126.319,5019.3825,4782.9588,5097.342265883923,4989.7742924759295,69.7288970193803,59.212958611398406,107.56797340799312,104.32050118684027,3.2474722211528473,5019.3825,136.28968172997912,5291.961863459958,4746.803136540041,0.6737429767188534,0.10861071594360631,92.76999999999991,9936157.0,1.0377055195780904,210025612.0,-0.012702947933357689,0.003406268942726318,-0.011960950616399096,0.00789707589430888,0.04782959681682408,0.009995082443137182,51.52960667242286,74.06435154584689,0,0,-0.012121389882872924,TCS.NS,IN,IT Services
2026-03-12,5078.37,5114.67,5077.08,5093.79,7611906,5161.818,5124.135,5032.625999999999,4795.9488,5096.795763440242,4997.479159699935,60.227329130887995,54.57317073170734,99.31660374030707,103.31972169753367,-4.003117957226593,5032.625999999999,129.50825535160715,5291.642510703214,4773.609489296785,0.6180696933823369,0.10293493325479101,84.4007142857142,9872726.55,0.7710033485123369,202413706.0,-0.003971373262157685,0.007379573951810491,0.003036407351177058,-0.004269268887702959,0.05485077408613104,-0.003932419484151017,45.728241309247,58.668063713809204,0,0,-0.01440970279497189,TCS.NS,IN,IT Services
2026-03-13,5068.02,5067.69,5061.28,5064.13,9526500,5139.24,5116.074,5045.048,4805.597,5091.770261372512,5002.4162589814205,57.17163066577859,41.986281518693914,89.35400239109185,100.52657783624532,-11.17257544515347,5045.048,119.10201909997556,5283.252038199951,4806.843961800048,0.5400538969524996,0.09443083126261798,80.29642857142848,10118715.15,0.9414731927231696,192887206.0,-0.00582277636101991,0.0012657652943345822,-0.000767558139075923,-0.015668430280247336,0.051589699503082675,-0.021805981047011702,23.80324684326416,40.35369827497798,0,0,-0.010406525898821628,TCS.NS,IN,IT Services
2026-03-16,5066.92,5083.88,5045.79,5062.72,14467653,5102.928,5116.862,5052.564,4815.494,5087.300990392126,5006.883202760575,50.97522213393053,27.03158910055447,80.41778763155071,96.50481979530642,-16.08703216375571,5052.564,114.96167111376727,5282.487342227535,4822.640657772466,0.5220856218883322,0.09101254025777374,72.46142857142844,10111029.8,1.4308781454804784,178419553.0,-0.0002784288712966987,0.007523623664747925,-0.0008289059231246968,0.001558901963266912,0.030600113997231615,-0.03462057708589161,23.314139031416317,30.948542394642462,1,0,0.0041361165539473,TCS.NS,IN,IT Services
2026-03-17,5045.54,5109.71,5050.43,5076.78,5733824,5082.304,5119.011,5066.1525,4824.2624,5085.682376485644,5012.060743296829,50.25198379973244,7.187404150904598,73.6216331888154,91.92818247400822,-18.30654928519283,5066.1525,99.13255765975644,5264.417615319513,4867.887384680487,0.5268012352610446,0.07827048843060834,73.85714285714273,9875682.4,0.5806002245880016,184153377.0,0.0027771632640161137,0.011676692706792113,0.006191606844855771,0.004250992524662323,0.0565597157966371,-0.019907720226259196,28.191341750977415,25.102909208552603,1,0,0.00175504946048477,TCS.NS,IN,IT Services
2026-03-18,5074.57,5103.94,5010.64,5052.11,29993020,5069.906,5117.8730000000005,5075.4875,4832.036599999999,5080.517395487853,5015.0273549044705,43.99326701214201,9.01802321852324,65.49004058338232,86.64055409588305,-21.150513512500723,5075.4875,87.32118925798153,5250.129878515963,4900.845121484037,0.43307036871839,0.06881797207299939,77.29214285714268,11067217.4,2.7100775385439215,154160357.0,-0.004859379370388384,0.01846753138787176,-0.0044259907736016275,-0.002247461730940592,0.038372922323093084,-0.012121389882872924,19.633689468503945,23.7130567502992,1,1,0.02266181852730842,TCS.NS,IN,IT Services
2026-03-19,5035.07,5039.76,5004.9,5020.39,2292971,5055.226000000001,5108.522,5085.1455000000005,4840.053199999999,5071.26702695126,5015.4245878745105,38.298673190928774,11.540671427398522,55.84243907674954,80.48093109205635,-24.63849201530681,5085.1455000000005,66.65434036293387,5218.454180725868,4951.836819274133,0.25712196817318034,0.05243062591850777,78.55785714285697,10718840.3,0.21391967058976794,151867386.0,-0.00627856479767841,0.006943683658041234,-0.0029155503299847798,-0.018285457283091056,0.04001466679648602,-0.01440970279497189,8.630498126791254,18.818509782090842,1,1,0.05207762743531874,TCS.NS,IN,IT Services
2026-03-20,5050.03,5011.74,5011.18,5011.43,14130792,5044.686,5091.963,5087.209,4849.184,5062.06133049722,5015.128692476399,45.181057258941856,12.72628530050656,46.93263802082129,73.77127247780935,-26.83863445698806,5087.209,63.469996965055685,5214.148993930111,4960.269006069889,0.2015164501980265,0.04990555486518684,70.92142857142842,10521974.35,1.3429790063136766,137736594.0,-0.0017847219040751927,0.00011174455195410867,-0.007643518949390758,-0.03198558243931837,0.008303555619939784,-0.010406525898821628,5.52240876923299,11.262198788176034,1,1,0.05891731501786901,TCS.NS,IN,IT Services
2026-03-23,4991.42,5111.15,5061.66,5083.66,13222179,5048.874,5075.901,5092.7074999999995,4860.0160000000005,5065.384202728417,5020.205085626295,52.71644420613187,56.38026788631165,45.17911710212229,68.05284140267194,-22.873724300549654,5092.7074999999995,57.61109714700035,5207.929694294,4977.485305705999,0.46073890079989777,0.04524987712095299,68.43571428571411,10542993.55,1.254119874319768,150958773.0,0.01441305176366825,0.009735112104269373,0.01847971118438867,-0.030627655273936516,0.0221103446334614,0.0041361165539473,28.24052493804644,14.1311439446902,1,1,0.05024726279884972,TCS.NS,IN,IT Services
2026-03-24,5077.07,5143.21,5039.68,5085.69,12287636,5050.656,5066.4800000000005,5094.396,4872.113,5068.50817153943,5025.055820024347,52.151079415526524,57.473807509598366,43.45235151508314,63.13274342515418,-19.680391910071044,5094.396,56.842504611723214,5208.081009223446,4980.710990776553,0.46170999122958106,0.044631398589125765,72.91928571428551,10654551.8,1.1532756212912099,163246409.0,0.0003993186011652661,0.020357119682870836,0.001697829653717241,-0.018187609799417026,0.006684587246037044,0.00175504946048477,28.968410484316465,20.91044806386527,1,1,0.033706340732525986,TCS.NS,IN,IT Services
2026-03-25,5092.8,5178.62,5156.98,5166.6,12772928,5073.553999999999,5071.73,5099.0245,4885.249599999999,5083.599222071825,5035.540574096617,54.821415501720054,70.36549972791602,48.05864797520826,60.117924335165,-12.05927635995674,5099.0245,58.83094410218923,5216.686388204379,4981.362611795622,0.7871596785946279,0.04615074440389744,74.39928571428553,10933515.65,1.1682360222134018,176019337.0,0.015909345634515848,0.004188441141175267,0.01449104618284356,0.010265735906611173,0.01824388109648556,0.02266181852730842,57.97984868565411,38.39626136933898,1,1,0.010602717454418764,TCS.NS,IN,IT Services
2026-03-26,5176.55,5306.65,5261.99,5281.84,7478282,5125.844,5090.535,5107.335,4899.236,5114.097803291545,5053.784976015387,58.7548443137779,86.92339837346123,60.312827276157805,60.15690492336357,0.15592235279423505,5107.335,71.64422182605045,5250.623443652101,4964.046556347899,1.1089290788257253,0.056110845931223514,73.4842857142855,11017511.55,0.6787631932400203,183497619.0,0.022304803932953865,0.008455386759158058,0.020339801605312343,0.03691750150673667,0.03249062187843932,0.05207762743531874,91.77796188867697,59.575407019549154,0,0,-0.017942610908319945,TCS.NS,IN,IT Services
2026-03-27,5308.88,5315.93,5299.29,5306.69,16492937,5184.896,5114.790999999999,5115.432500000001,4913.4928,5143.727372015923,5072.518681495728,55.61008935152726,97.05476300046017,71.20869052019498,62.36726204272986,8.841428477465115,5115.432500000001,84.15427179798974,5283.74104359598,4947.123956404022,1.0681752569199334,0.06580422812575332,68.29285714285697,11287776.3,1.4611323878616918,199990556.0,0.004704799842478957,0.0031356646044892753,-0.0004125163876373353,0.0478976645544249,0.031478753056519926,0.05891731501786901,97.02922547632996,82.26234535022031,0,0,-0.010629978385773398,TCS.NS,IN,IT Services
2026-03-30,5330.8,5370.76,5313.77,5339.1,14287422,5235.9839999999995,5142.429,5129.6455,4930.357,5173.784699398088,5092.265445829377,65.18330599320959,100.0,81.51925356871106,66.1976603479261,15.321593220784962,5129.6455,96.48354097301925,5322.6125819460385,4936.678418053961,1.0427208047265017,0.07523603022704055,66.08071428571417,11363473.55,1.2573110396062794,214277978.0,0.0061073852062210054,0.010674083647054577,0.0015569895700455136,0.05459120788824978,0.0562352121926708,0.05024726279884972,91.34641666186157,93.38453467562279,0,0,-0.010913824427338015,TCS.NS,IN,IT Services
2026-03-31,5392.01,5321.74,5205.41,5257.11,12498996,5270.268,5160.4619999999995,5139.7365,4944.6308,5186.603976413767,5104.476153545719,63.230641132389614,75.70162700411926,82.12782286804759,69.3836928519504,12.744130016097188,5139.7365,98.82315216032609,5337.382804320652,4942.090195679348,0.7969281424275494,0.07690911949303773,70.37642857142853,11552293.85,1.0819491851872185,201778982.0,-0.015356520761926284,0.022128127431227003,-0.02501849959476624,0.0355205464881283,0.03992253659038347,0.033706340732525986,68.93620510558965,85.77061574792704,1,0,0.009259840482698678,TCS.NS,IN,IT Services
2026-04-01,5236.92,5302.81,5156.24,5221.38,17432263,5281.224,5177.389,5147.630999999999,4957.6294,5191.954133888572,5113.135697727518,61.47660424199906,68.2806563737774,78.8184361610538,71.27064151377108,7.547794647282714,5147.630999999999,98.71808941578583,5345.067178831571,4950.194821168428,0.6867666818608444,0.0767095305904924,78.16071428571429,11927896.8,1.4614698492805664,184346719.0,-0.006796509869490985,0.028071122959825282,-0.0029673930478214283,0.033504812840575715,0.031182050324973565,0.010602717454418764,59.170174383482326,73.15093205031116,1,1,0.017698386250378118,TCS.NS,IN,IT Services
2026-04-02,5200.69,5243.05,5142.29,5187.07,11242604,5262.2699999999995,5194.057,5151.2895,4971.4472,5191.202728674946,5118.612312710665,60.966602440590854,53.15379163713668,72.59041596428142,71.53459640387315,1.055819560408267,5151.2895,98.75805744480583,5348.805614889611,4953.7733851103885,0.5905761537973913,0.07668608603324391,83.03571428571429,11845233.75,0.9491246258331858,173104115.0,-0.006571059758148312,0.019425224645123508,-0.002618883263566425,0.033200607920898406,0.014308062339897232,-0.017942610908319945,49.79227026717921,59.29954991875038,1,1,0.028357049355416386,TCS.NS,IN,IT Services
2026-04-03,5188.02,5250.66,5249.99,5250.28,7940070,5250.987999999999,5217.942,5154.952499999999,4986.8366,5200.291539648031,5128.365474732098,65.06941766293865,44.20917431192655,71.92606491593324,71.61289010628518,0.31317480964806066,5154.952499999999,101.09365990197848,5357.139819803956,4952.765180196043,0.7357405501287009,0.07844391187073688,84.85714285714286,11874228.6,0.668680854882577,181044185.0,0.012186070363422896,0.00012761224163281674,0.01200072474662536,0.04766104684690786,0.014150998064523579,-0.010629978385773398,67.06937079738945,58.67727181601697,1,1,0.012540283565828814,TCS.NS,IN,IT Services
2026-04-06,5260.28,5295.29,5269.26,5280.83,12440631,5239.334,5237.659000000001,5156.78,5002.6746,5212.682072009872,5139.659143270461,65.9711025187458,45.35226455787212,73.02292873941133,71.89489783291042,1.1280309065009106,5156.78,103.1038263111923,5362.987652622384,4950.572347377615,0.8007890309152701,0.07997535385350725,83.83785714285717,12130949.7,1.0255281146266633,193484816.0,0.0058187372863924836,0.004929149395075171,0.003906636148645372,0.03878504856737086,0.0069694981961299085,-0.010913824427338015,75.41955939409765,64.09373348622206,1,1,0.02493168687497982,TCS.NS,IN,IT Services
2026-04-07,5306.89,5316.34,5297.35,5305.79,6428829,5249.07,5259.669,5163.074500000001,5017.2152,5227.006368623737,5151.965132657834,69.84665936473166,43.848568790396996,75.04123596590307,72.52416545950895,2.51707050639412,5163.074500000001,108.30138554179156,5379.677271083584,4946.471728916417,0.8294406144603257,0.08390456929627543,79.71000000000011,11929612.45,0.5388966731357084,199913645.0,0.004726529731121865,0.0035791088603198016,-0.00020727770878992336,0.04327829655366333,0.02430355798374495,0.009259840482698678,82.24184114119538,74.91025711089412,1,1,0.01003997519690758,TCS.NS,IN,IT Services
2026-04-08,5324.69,5372.78,5266.61,5313.79,10211759,5267.552,5274.388000000001,5173.058999999999,5032.4878,5240.357696527777,5163.952159868364,73.83892879196587,64.4033340109779,76.40553665941297,73.30043969948976,3.105096959923216,5173.058999999999,112.665659920279,5398.390319840557,4947.727680159442,0.8122757193690792,0.08711724333339871,83.92142857142868,11924660.1,0.8563563286507153,210125404.0,0.0015077867763331199,0.019980089540606625,-0.002047067528813431,0.028488754693608787,0.03904694863221292,0.017698386250378118,83.68639380507834,80.44926478012376,1,1,0.01502317554890209,TCS.NS,IN,IT Services
2026-04-09,5274.9,5411.21,5272.52,5334.16,7177091,5296.969999999999,5279.62,5185.0775,5045.6296,5254.788820138889,5176.560148026262,75.74466727293026,81.08599779492818,78.22867211262655,74.28608618211712,3.9425859305094377,5185.0775,116.51937687855579,5418.116253757112,4952.038746242889,0.8198663260844663,0.08988824323534853,93.17000000000007,11902919.35,0.6029689176236486,217302495.0,0.0038334220960933862,0.026000344946528336,0.011234336195944754,0.009905638944004203,0.047188831891381344,0.028357049355416386,79.26143245477004,81.72988913368123,1,1,0.006788322809964553,TCS.NS,IN,IT Services
2026-04-10,5322.14,5316.53,5315.8,5316.12,12854630,5310.138,5280.563,5197.677,5059.5012,5264.224386271368,5186.897914839131,70.29863779252528,89.07527402652458,77.32647143223676,74.89416323214105,2.4323082000957044,5197.677,116.37675423974358,5430.430508479487,4964.9234915205125,0.7544386994915788,0.0895605896555105,87.35857142857152,12069325.85,1.0650660272739239,204447865.0,-0.00338197579375199,0.00013731819447255255,-0.0011311239463823396,0.00177700223679933,0.04975978104827483,0.012540283565828814,74.40583532938275,79.11788719641034,1,1,0.0041101404783940865,TCS.NS,IN,IT Services
