Date,Open,High,Low,Close,Volume,sma5,sma10,sma20,sma50,ema12,ema26,rsi,rsi_6,macd,macd_sig,macd_hist,bb_mid,bb_std,bb_upper,bb_lower,bb_pos,bb_width,atr,vol_sma20,vol_ratio,obv,daily_ret,hlpct,co_pct,mom10,mom20,roc5,stoch_k,stoch_d,target,target_3d,ret_5d,symbol,market,sector
2024-07-22,257.66,272.81,267.46,269.84,13540944,251.24200000000002,244.90200000000004,233.24200000000002,222.8364,244.547286022728,235.60978931795398,74.18679855430855,88.41405508072175,8.93749670477402,5.419814933261625,3.517681771512395,233.24200000000002,15.34833596329271,263.9386719265854,202.5453280734146,1.0961232554205247,0.2632173615939994,13.981428571428568,9967256.75,1.35854257405955,119837242.0,0.041210063281370335,0.019826563889639034,0.04727159823004222,0.17189264309910524,0.2183492866173018,0.1224625623960065,94.93865030513052,91.40617784902963,0,0,-0.005262377705306687,TSLA,US,EV/Auto
2024-07-23,270.31,261.86,255.18,258.15,20481450,255.76799999999997,247.952,234.74200000000002,223.48219999999998,246.64042880609824,237.3130603225314,66.90110644137576,67.43957555511886,9.32736848356683,6.2013345666994155,3.1260339168674136,234.74200000000002,16.263192086491024,267.26838417298205,202.21561582701798,0.8598309586865165,0.2771245381980512,14.287142857142852,10874562.9,1.8834272517355846,99355792.0,-0.04332196857396975,0.025876428432981335,-0.044985387147922905,0.13397759718866675,0.13149243918474673,0.09608525815217384,73.95629774251272,85.37056083422176,1,1,0.0623668409839242,TSLA,US,EV/Auto
2024-07-24,255.23,268.98,253.08,260.15,8330761,259.96,249.996,236.35100000000003,224.3322,248.71917526102845,239.03618334021138,65.3652845090648,75.65090606123724,9.682991920817074,6.897672398140951,2.7853195226761223,236.35100000000003,17.126872974794193,270.6047459495884,202.09725405041164,0.8473926623117048,0.28985488489105987,14.832142857142854,10832026.4,0.769086034623583,107686553.0,0.0077474336625993345,0.06111858543124693,0.01927673079175924,0.08526970088857366,0.14115892441987965,0.08762908148333959,77.5093266996356,82.13475824909295,1,1,0.07145877378435528,TSLA,US,EV/Auto
2024-07-25,257.48,273.04,256.23,263.7,5060504,262.2,251.609,238.5595,225.50459999999998,251.02424675828942,240.8945870954922,72.29531471840986,75.58989350595114,10.129659662797224,7.544074574661402,2.5855850881358213,238.5595,17.68248924932885,273.9244784986577,203.1945215013423,0.8554434509284199,0.29648769802510033,15.362142857142855,10581212.95,0.4782536317583863,112747057.0,0.013645973476840378,0.06374668183517732,0.02415721609436,0.06515328997859182,0.2012025691249486,0.044356435643564396,80.57808275981326,77.34790240065387,0,1,-0.0021236253318164255,TSLA,US,EV/Auto
2024-07-26,263.27,278.46,271.84,274.78,9108197,265.32399999999996,255.339,241.352,227.32780000000002,254.67941977151955,243.444580513551,71.59906850378421,74.39772229522556,11.23483925796856,8.282231826594964,2.952607431373595,241.352,18.794434114498074,278.9408682289961,203.76313177100386,0.9446529195213823,0.3114858648682455,15.24142857142857,10581980.1,0.8607270145284989,121855254.0,0.04201744406522567,0.024092000873338355,0.043719375545851306,0.1570658581775306,0.2551043712602199,0.06027164685908293,93.12278078689734,83.7367300821154,0,1,-0.07926341072858278,TSLA,US,EV/Auto
2024-07-29,273.91,269.29,267.73,268.42,4820972,265.03999999999996,258.14099999999996,244.23499999999999,229.07260000000002,256.79357138817284,245.32185243523392,69.08529163935962,60.20723104056439,11.471718952938915,8.920132235199727,2.5515867177391875,244.23499999999999,18.269843861862654,280.77468772372526,207.69531227627468,0.8309415255821375,0.2992174563316125,15.481428571428566,9930743.25,0.485459284685536,117034282.0,-0.02314578935875955,0.0058117874971842275,-0.020043079843671152,0.1165557404326123,0.27358132472955043,-0.005262377705306687,81.2371519326998,84.97933849313681,0,0,-0.04150212353773952,TSLA,US,EV/Auto
2024-07-30,268.26,276.64,272.35,274.25,18249640,268.26,262.014,246.9985,230.75900000000001,259.47940819327636,247.49386127116892,67.17041161264666,55.44310046902003,11.985546922107432,9.533217466405443,2.452329455701989,246.9985,18.428101045899794,283.8547020917996,210.14229790820042,0.8697003279292534,0.29843259851092513,15.132142857142851,10460388.15,1.7446425499380203,135283922.0,0.02171969301840404,0.015642661804865347,0.02232908372466145,0.16444463315217384,0.25239747922184685,0.0623668409839242,92.13231171571425,88.83074814510381,0,0,-0.1026800364630811,TSLA,US,EV/Auto
2024-07-31,269.98,279.03,278.51,278.74,15974240,271.97799999999995,265.96899999999994,249.99849999999998,232.53040000000001,262.44279313371794,249.83754723504669,66.03230120357989,80.90663464425107,12.605245898671257,10.14762499187578,2.4576209067954764,249.99849999999998,18.469438846802785,286.9373776936055,213.0596223063944,0.88904132710137,0.29551279462443025,14.297857142857135,10636177.95,1.501877702048253,151258162.0,0.01637192342752969,0.001865537777133229,0.032446847914540125,0.16534972197834352,0.2742982536344518,0.07145877378435528,99.46375739461058,90.94440701434155,0,0,-0.15713568199756045,TSLA,US,EV/Auto
2024-08-01,284.14,266.35,260.57,263.14,9145876,271.86600000000004,267.033,251.85999999999999,233.9154,262.550062374166,250.8343970148878,62.49026479750779,53.18695374120658,11.715665359278177,10.461233816300204,1.2544315429779722,251.85999999999999,17.77701472777635,287.4140294555527,216.3059705444473,0.658631808715843,0.2823316878854247,14.386428571428564,10518061.8,0.8695399688999764,142112286.0,-0.05596613331419964,0.02196549365348508,-0.07390722883059793,0.042138613861386176,0.16480014164932943,-0.0021236253318164255,70.61760354899009,87.40455755310496,0,0,-0.07642319677738085,TSLA,US,EV/Auto
2024-08-02,262.07,258.55,248.56,253.0,23163266,267.51000000000005,266.41700000000003,253.68050000000002,234.9448,261.0807449848763,250.99654147103527,55.7303983991268,39.99999999999999,10.084203513841004,10.385827611358774,-0.3016240975177702,253.68050000000002,15.720360741474849,285.12122148294975,222.23977851705033,0.4891780473158313,0.2478765335358908,14.15357142857142,11072127.7,2.092033666480051,118949020.0,-0.03853462035418398,0.0394861660077491,-0.034609073911418264,-0.0237691001697794,0.16810563737938033,-0.07926341072858278,51.867603549336806,73.98298816431249,0,0,-0.028972332015810287,TSLA,US,EV/Auto
2024-08-05,251.87,271.16,246.19,257.28,11485928,265.28200000000004,265.16099999999994,255.0315,236.192,260.495989049315,251.46662532314804,59.950612767514166,31.26338329764451,9.029363726166991,10.114534418564809,-1.085170692397817,255.0315,14.731630229221908,284.4947604584438,225.56823954155618,0.5381576913837014,0.2310558535579196,14.23857142857142,11436136.4,1.004353795189624,130434948.0,0.016916996047430688,0.0970537935319612,0.02147933457727593,-0.046546101393418304,0.1173456093112133,-0.04150212353773952,54.81927710729498,59.1014947352073,0,0,-0.05359919154228843,TSLA,US,EV/Auto
2024-08-06,254.4,247.14,245.25,246.09,4988310,259.65,263.95500000000004,255.9535,236.8042,258.2795998547538,251.06468127997329,52.95225055622112,28.33300989714725,7.21491857478054,9.534610538823348,-2.319691964042807,255.9535,13.448928454674217,282.8513569093484,229.05564309065156,0.31664896141059223,0.2101776839093299,13.762857142857131,11298772.7,0.4414912744026372,125446638.0,-0.043493470149253644,0.007680117030323484,-0.03266509433949425,-0.046717024985473476,0.08100153744783656,-0.1026800364630811,2.4866785079192937,36.3911863881837,0,0,-0.006623592994432936,TSLA,US,EV/Auto
2024-08-07,246.91,240.49,230.5,234.94,11608131,250.89000000000001,261.434,255.71499999999997,237.33399999999997,254.68877814603368,249.86006098070942,42.34524847428072,15.426561125769553,4.828717165324264,8.593430941017267,-3.7647137756930036,255.71499999999997,13.790114880632832,283.29522976126566,228.13477023873432,0.12337152047043012,0.21571069167751455,13.887857142857131,11497495.9,1.009622450952781,113838507.0,-0.04530862692510873,0.04252149484956792,-0.048479202948246404,-0.0969056313665192,-0.019899044678987177,-0.15713568199756045,9.148980012174965,22.15164520912975,1,1,0.02477228228483863,TSLA,US,EV/Auto
2024-08-08,237.19,250.65,236.93,243.03,6742603,246.868,259.367,255.488,237.9662,252.89507176835747,249.35013281741678,43.05519676224918,20.463192721257215,3.54493895094069,7.583731750753883,-4.038792799813193,255.488,13.96747296588148,283.42294593176297,227.55305406823703,0.27701764609266966,0.2186791233377194,14.062857142857132,10785371.05,0.6251618366748878,120581110.0,0.03443432365710386,0.05645393572786712,0.02462161136631132,-0.07838452787258243,-0.018338247768307947,-0.07642319677738085,25.81908098030459,12.484913166799622,0,1,-0.02925564745093201,TSLA,US,EV/Auto
2024-08-09,242.52,251.12,241.3,245.67,5050198,245.402,256.456,255.89750000000004,238.19,251.7834969902526,249.07553708296876,38.819502266629655,31.606654032427855,2.707959907283822,6.608576769945169,-3.900616862661347,255.89750000000004,13.524766706811716,282.94703341362344,228.8479665863766,0.3109486798918326,0.2114091260252071,13.789285714285706,10632210.3,0.47499037194642657,125631308.0,0.010862856437476864,0.039972320592502227,0.012988619495245705,-0.10593929689205905,0.03448711470439614,-0.028972332015810287,31.259015041597788,22.07569201135912,0,0,-0.056254324907396125,TSLA,US,EV/Auto
2024-08-12,244.94,249.7,238.52,243.49,6148739,242.644,253.96300000000002,256.052,238.3904,250.50754982705556,248.65899386657543,42.56441468857781,37.97116114343535,1.8485559604801267,5.656572129985762,-3.8080161695056356,256.052,13.354997329996324,282.7619946599927,229.34200534000738,0.2648445804618457,0.20862945542224504,13.540714285714277,10290451.25,0.5975188311087105,119482569.0,-0.00887369235152835,0.04591564335272111,-0.005919817098040617,-0.09287683481111697,0.012853577371048308,-0.05359919154228843,26.766948278863275,27.94834810025522,0,0,-0.033841225512341366,TSLA,US,EV/Auto
2024-08-13,242.38,249.0,240.84,244.46,4646109,242.31800000000004,250.984,256.499,238.59,249.5771423988825,248.346009436731,41.95797027165557,32.30259525124242,1.2311329621514915,4.771483940848437,-3.540350978696946,256.499,12.76833744277735,282.0356748855547,230.96232511444532,0.2642801959491919,0.19911714966105243,12.987857142857134,9983079.55,0.4653983283747019,124128678.0,0.003983736498418766,0.03337969401933493,0.008581566135784435,-0.108623518687329,0.03795855978260865,-0.006623592994432936,28.765711930171772,28.930558416877616,1,0,0.011617442526384636,TSLA,US,EV/Auto
2024-08-14,250.08,241.14,240.45,240.76,11927267,243.48199999999997,247.186,256.5775,238.80540000000002,248.2206402664945,247.78082596117824,38.25997952917092,40.723981900452465,0.4398143053162755,3.9051497353129268,-3.4653354299966512,256.5775,12.660692953098186,281.89888590619637,231.2561140938036,0.18766520010429272,0.19737807022126022,12.073571428571421,10337564.55,1.1537790926027065,112201411.0,-0.015135400474515337,0.002865924572176158,-0.037268074216101864,-0.136256009184186,0.006563819557673822,0.02477228228483863,21.141561920025925,25.558074043020326,1,0,0.009054660242565182,TSLA,US,EV/Auto
2024-08-15,241.88,248.85,225.57,235.92,6066285,242.06,244.464,255.74849999999998,238.86559999999997,246.3282120132467,246.89753334950018,28.755740214301312,52.18554861730596,-0.5693213362534664,3.0102552909132596,-3.579576627166726,255.74849999999998,13.45935646971823,282.66721293943647,228.82978706056352,0.13169672998959514,0.21050925373428367,12.68214285714285,10366410.55,0.5851865875419542,106135126.0,-0.020103007144043894,0.09867751780222671,-0.024640317512714435,-0.10344303412632061,-0.06566336633663372,-0.02925564745093201,19.360269359907214,23.08918107003498,1,1,0.02708545269582907,TSLA,US,EV/Auto
2024-08-16,234.4,235.52,228.91,231.85,7565840,239.296,242.349,254.38299999999998,239.2042,244.10077281146295,245.77736719649675,29.49422451497138,19.61956521739124,-1.676594385033809,2.0728851629179936,-3.7494795479518026,254.38299999999998,14.444338574060911,283.2716771481218,225.49432285187817,0.11000291074984438,0.2271274192694343,12.67928571428571,10205263.0,0.7413664163906,98569286.0,-0.017251610715496746,0.028509812378570216,-0.010878839590397323,-0.0835968379446641,-0.10537891649945985,-0.056254324907396125,11.747100635769796,17.416310638567648,1,1,0.03653224067284877,TSLA,US,EV/Auto
2024-08-19,231.86,237.75,233.26,235.25,15281330,237.648,240.14600000000002,252.65349999999998,239.7146,242.73910409202242,244.9939786618939,27.51902236569056,22.807933194154515,-2.2548745698714754,1.2073330739331092,-3.4622076438045846,252.65349999999998,14.566487954060458,281.7864759081209,223.52052409187905,0.20130926454118273,0.23061604852500062,12.513571428571426,10292282.3,1.4847366278773146,113850616.0,0.014664653871037325,0.01908607863966386,0.014620891917473327,-0.08562655472636804,-0.12818707382152383,-0.033841225512341366,18.106995884434983,16.404788626704004,0,1,-0.025972369819341146,TSLA,US,EV/Auto
2024-08-20,237.61,255.01,241.14,247.3,8374475,238.21599999999998,240.267,252.11100000000002,240.1886,243.44078534054424,245.16552164211413,33.32979851537645,56.56217705821564,-1.7247363015698909,0.6209191216367627,-2.3456554232066535,252.11100000000002,14.5530448613629,281.2170897227258,223.0049102772742,0.4173540649697621,0.23089900656941068,13.583571428571428,9686933.55,0.8645123962358143,122225091.0,0.0512221041445271,0.056085725838835095,0.04078111190589292,0.004916900321020767,-0.042029827619600835,0.011617442526384636,47.66396139399729,25.839352638067357,0,0,-0.06453699959563286,TSLA,US,EV/Auto
2024-08-21,247.33,246.34,240.22,242.94,7315243,238.652,241.067,251.25049999999996,240.5394,243.36374098164404,245.00001911310304,37.84011557909945,47.655768044417016,-1.6362781314589938,0.16947962347548332,-1.8057577549344772,251.25049999999996,14.561491564360653,280.37348312872126,222.12751687127866,0.3573205917191669,0.2318242799803813,12.79142857142857,9636157.65,0.7591451392303509,114909848.0,-0.017630408410837073,0.025191405285151944,-0.01774956535795199,0.03405124712692609,-0.06615414184124535,0.009054660242565182,38.10046062649482,34.623805968309036,0,0,-0.016053346505309984,TSLA,US,EV/Auto
2024-08-22,243.37,245.27,239.95,242.31,9875511,239.93,240.99500000000003,250.18099999999998,240.9184,243.2016261648264,244.80003221943124,42.732834806254246,52.6405451448041,-1.598406054604851,-0.18409754192940075,-1.4143085126754502,250.18099999999998,14.383414388582546,278.94782877716506,221.41417122283488,0.36319312320913344,0.22996813328790042,12.13,9876908.0,0.9998584577421944,105034337.0,-0.0025932328970116325,0.02195534645692735,-0.004355508074107929,-0.002962597210220963,-0.08111490329920357,0.02708545269582907,36.71857863486031,40.82766688511748,0,0,-0.044447195740992984,TSLA,US,EV/Auto
2024-08-23,242.41,242.87,238.28,240.32,7018138,241.62399999999997,240.45999999999998,248.458,241.19420000000002,242.75829716594092,244.46705840858846,38.09991580129107,58.301886792452834,-1.7087612426475403,-0.489030302625456,-1.2197309400220844,248.458,13.30517018621746,275.06834037243493,221.84765962756506,0.3470895169612887,0.2142039328363573,10.674285714285714,9772405.05,0.7181586565367901,98016199.0,-0.008212620197267984,0.01909953395464757,-0.008621756528160478,-0.02177718077095292,-0.1254094184438459,0.03653224067284877,50.10190217221122,41.64031381118879,0,0,-0.005742343541944028,TSLA,US,EV/Auto
2024-08-26,239.46,235.09,224.39,229.14,9616913,240.402,239.025,246.494,241.1748,240.6631669408058,243.32817508473866,38.10526315789473,45.96846176733114,-2.6650081439328517,-0.9242258943526347,-1.740782249580217,246.494,13.10098686519855,272.6959737303971,220.2920262696029,0.16884174110829764,0.21259725372861654,10.952857142857145,10012202.1,0.960519168853057,88399286.0,-0.04652130492676432,0.04669634284696396,-0.04309696817822152,-0.05893465850753632,-0.14633782877579926,-0.025972369819341146,15.512736772844129,34.11107252663856,1,1,0.020511477699223235,TSLA,US,EV/Auto
2024-08-27,230.23,232.11,230.72,231.34,8415169,237.20999999999998,237.71299999999997,244.3485,241.173,239.22882917189736,242.4375948686692,47.1107544141252,43.9679111385375,-3.2087656967718488,-1.3811338745456212,-1.8276318222262276,244.3485,11.761368643504927,267.8712372870099,220.82576271299016,0.22349093896892508,0.19253432934446985,10.051428571428575,9520478.55,0.883901798833232,96814455.0,0.009601117220912947,0.006008472378291719,0.004821265690810027,-0.05366931195287572,-0.15646308113035545,-0.06453699959563286,22.697583278161463,29.43740740773894,1,1,0.055762081784386686,TSLA,US,EV/Auto
2024-08-28,235.16,241.05,237.43,239.04,14293791,236.43,237.541,242.36350000000002,241.22280000000003,239.19977845477385,242.18524762538888,46.777580358585034,35.28153955808979,-2.9854691706150334,-1.702000944832219,-1.2834682257828143,242.36350000000002,8.568198407329774,259.49989681465956,225.22710318534047,0.40302803919783414,0.14141070594036514,9.622857142857146,9436456.1,1.5147412687331563,111108246.0,0.033284343390680426,0.015143908969146842,0.016499404660586393,-0.007144043861106453,-0.14242663413934142,-0.016053346505309984,47.8445460467719,28.684955365925834,1,0,0.06977911646586343,TSLA,US,EV/Auto
2024-08-29,239.97,234.15,229.45,231.54,7853207,234.276,237.10299999999998,240.7835,241.4102,238.02134841584063,241.39475712790642,39.418900703908946,31.730769230769226,-3.373408712065782,-2.0362825075074378,-1.337126204558344,240.7835,7.364293852595011,255.51208770519003,226.05491229480998,0.18620548740973258,0.12233884551997004,9.606428571428577,9371822.65,0.8379593228901613,103255039.0,-0.031375502008032075,0.020298868445969242,-0.03512939117375038,-0.018565615462868723,-0.12008816599528771,-0.044447195740992984,23.35075114228118,31.29762682240485,1,1,0.08858080677204816,TSLA,US,EV/Auto
2024-08-30,230.46,240.23,237.92,238.94,6092310,234.0,237.81199999999998,240.08049999999997,241.64520000000002,238.16267969105036,241.2125062118641,46.83983886650923,45.56228601527521,-3.0498265208137525,-2.2389913146456437,-0.8108352061681088,240.08049999999997,6.785026451486296,253.65055290297255,226.5104470970274,0.45797731929961305,0.11304585672652345,9.428571428571434,8518274.85,0.7152045915488873,109347349.0,0.031959920532089514,0.009667699003893592,0.0367959732706899,0.030580116454604234,-0.0555731225296443,-0.005742343541944028,47.51796211471205,39.57108643458838,0,1,-0.021972043190759183,TSLA,US,EV/Auto
2024-09-02,236.43,244.11,225.62,233.84,7737348,234.94,237.671,238.9085,241.8924,237.4976510020654,240.6652350568682,43.02417235943248,42.11295034079845,-3.167584054802802,-2.4247098659584383,-0.7428741888443637,238.9085,5.57411524723647,250.05673049447296,227.76026950552705,0.27267692828985163,0.09332636130088542,10.166428571428579,8330845.85,0.92875888121746,101610001.0,-0.02134427052816601,0.0790711597670242,-0.010954616588373087,-0.005993623804463333,-0.0911069651741292,0.020511477699223235,30.862181579658372,33.91029827888387,0,1,-0.013727334929866664,TSLA,US,EV/Auto
2024-09-03,233.34,252.04,237.99,244.24,3263268,237.51999999999998,237.36499999999995,238.81599999999997,242.2142,238.53493684142953,240.93055298603593,52.100941801497235,68.7344913151365,-2.3956161446064073,-2.4188911216057853,0.023274976999378083,238.81599999999997,5.462909770250206,249.7418195405004,227.89018045949956,0.7482193660231089,0.09149989565569028,11.180000000000005,8244593.75,0.39580696188857556,104873269.0,0.04447485460143685,0.057525384867108,0.046712951058341015,-0.012373635260816807,-0.007517574870982147,0.055762081784386686,64.82691051388554,47.73568473608532,0,0,-0.1040779561087456,TSLA,US,EV/Auto
2024-09-04,242.43,258.21,253.73,255.72,8663421,240.856,238.64300000000003,239.85500000000002,242.76919999999998,241.17879568421668,242.02806127990203,61.06639839034205,74.5865268253328,-0.8492655956853525,-2.1049660128718894,1.255700417186537,239.85500000000002,6.55404937102972,252.96309874205946,226.74690125794058,1.1051602261733589,0.10930019171586824,10.515000000000002,8097358.25,1.0699069576294271,113536690.0,0.04700294792007864,0.017519161582912838,0.05481994802600822,0.052605581625092546,0.08844811441219025,0.06977911646586343,92.63749260518524,62.77552823290972,0,0,-0.18578914437666194,TSLA,US,EV/Auto
2024-09-05,252.98,257.51,247.68,252.05,13822830,244.958,239.61699999999996,240.30599999999998,243.41960000000003,242.85129024683596,242.77167788077605,61.34066921176735,64.28100987925359,0.07961236605990507,-1.6680503331330792,1.7476626991929842,240.30599999999998,7.073765765507325,254.45353153101462,226.15846846898535,0.9150547384658387,0.11774596997957408,10.716428571428574,8451369.6,1.6355725780147425,99713860.0,-0.014351634600344054,0.03900019837318383,-0.0036761799351581245,0.04019644257356281,0.037114759494712546,0.08858080677204816,81.78592548545883,79.7501095348432,0,0,-0.18178932751438215,TSLA,US,EV/Auto
2024-09-06,253.51,237.66,230.51,233.69,24237742,243.908,238.954,239.70699999999997,243.7148,241.44185984363614,242.0979116666611,49.25014420303787,51.90569048041128,-0.656051823024967,-1.4656506296466891,0.8095988066217221,239.70699999999997,7.1028090069685845,253.91261801393713,225.5013819860628,0.2882175912943425,0.11852484920238382,11.833571428571432,9410746.8,2.5755383647620436,75476118.0,-0.07284268994247178,0.030596088835506054,-0.07818232022374585,-0.027588215712383457,-0.04876460292261975,-0.021972043190759183,27.498521584047985,67.30731322489736,0,0,-0.07094869271256787,TSLA,US,EV/Auto
2024-09-09,234.19,236.38,226.04,230.63,11265308,243.26600000000002,239.10299999999998,239.064,244.1122,239.7784956578976,241.2472099726994,41.22908555193096,42.020357211446125,-1.4687143148018151,-1.4662633666812617,-0.0024509481205534644,239.064,7.3210578758163845,253.70611575163275,224.42188424836723,0.21199517394637765,0.12249536317949597,11.16071428571429,9666575.25,1.1653875900477173,64210810.0,-0.013094270186999935,0.044833716341998744,-0.015201332251525689,0.006502574845072884,-0.05281531069037748,-0.013727334929866664,18.450620933812846,42.57835600110656,0,0,-0.06187399731171128,TSLA,US,EV/Auto
2024-09-10,233.11,223.67,214.94,218.82,17335026,238.18200000000002,237.85100000000003,237.78199999999998,244.109,236.55410985234084,239.58371400534512,38.231850117096016,37.223545423613466,-3.0296041530042714,-1.7789315253940432,-1.2506726276102282,237.78199999999998,8.479672660017801,254.74134532003558,220.8226546799644,-0.05904280625559984,0.14264616598366803,11.775714285714288,10301021.1,1.682845239211748,46875784.0,-0.0512075618956771,0.039895804770862325,-0.061301531465568694,-0.05411947782484661,-0.10488423463961394,-0.1040779561087456,8.96695169842923,18.30536473876336,0,0,-0.019422356274563568,TSLA,US,EV/Auto
2024-09-11,219.72,210.42,206.44,208.21,3819421,228.68,234.76800000000003,236.15449999999996,243.89839999999995,232.19347544098162,237.25685843630725,34.839053885826075,19.46092558060687,-5.0633829953256395,-2.4358218218143683,-2.627561173511271,236.15449999999996,10.70870697143222,257.5719139428644,214.7370860571355,-0.15237801525421169,0.1813847624565592,12.280000000000001,9895628.8,0.38597048163624714,43056363.0,-0.04848734119367515,0.019115316267138343,-0.052384853449606805,-0.12897423025435062,-0.13519687655756762,-0.18578914437666194,3.4189685145177156,10.278847048919936,0,1,-0.03904711589260845,TSLA,US,EV/Auto
2024-09-12,207.08,213.72,200.24,206.23,18231663,219.516,232.23700000000002,234.67000000000002,243.5048,228.19909295577952,234.955938655175,34.8421520675856,0.0,-6.756845699395484,-3.3000265998923344,-3.4568190995031496,234.67000000000002,12.628700812456033,259.9274016249121,209.41259837508795,-0.06300328161796889,0.21525888801128762,12.915000000000001,10503897.7,1.7357043818406208,24824700.0,-0.009509629700782951,0.06536391407619951,-0.004104693838110479,-0.10931156603610603,-0.12584774499830453,-0.18178932751438215,10.332930826111186,7.572950346352715,0,1,-0.051786839935993645,TSLA,US,EV/Auto
2024-09-13,208.13,217.21,217.03,217.11,11726463,216.2,230.054,233.933,243.5152,226.49307805926466,233.63261461475827,44.636647347302734,19.188712522045876,-7.139536555493606,-4.067928592833609,-3.0716079626599972,233.933,13.218279647598125,260.36955929519627,207.49644070480375,0.18182319392753404,0.22601821286507892,12.561428571428573,10711928.85,1.0947105856933894,36551163.0,0.052756630946031224,0.0008290728202255895,0.04314611060374224,-0.09136184816271864,-0.06357558766443816,-0.07094869271256787,29.10125927153528,14.284386204054732,0,0,-0.14559439915250338,TSLA,US,EV/Auto
2024-09-16,217.84,219.04,214.22,216.36,17064583,213.346,228.30599999999998,232.98850000000002,243.2372,224.93414251268317,232.3519047454971,43.23396567299007,27.833205423381983,-7.417762232813942,-4.7378953221006945,-2.6798669107132476,232.98850000000002,13.782081530588592,260.5526630611772,205.42433693882282,0.1983674061989059,0.236613936405092,12.693571428571428,10801091.5,1.5798941634839254,19486580.0,-0.0034544700842891185,0.0222776853391464,-0.0067939772309639915,-0.07475196715703036,-0.08029755579171094,-0.06187399731171128,27.807486630536378,22.413892242727616,0,0,-0.1255777408023665,TSLA,US,EV/Auto
2024-09-17,219.47,215.14,214.12,214.57,7433171,212.496,225.339,231.352,242.9756,223.33965865061901,231.03352855887107,38.32426758278463,28.767847699629854,-7.693869908252054,-5.329090240228228,-2.364779668023826,231.352,13.935620999136745,259.22324199827347,203.4807580017265,0.19893699029920306,0.24094230435140396,12.159999999999998,10754026.3,0.6911988218590444,12053409.0,-0.008273248289887292,0.004753693433356146,-0.02232651387423192,-0.12147887323943674,-0.13234937323089369,-0.019422356274563568,24.719682594018966,27.209476165363544,0,0,-0.13571328703919472,TSLA,US,EV/Auto
2024-09-18,212.03,204.28,196.71,200.08,11635465,210.86999999999998,219.775,229.209,242.183,219.76124887056395,228.73874370627618,35.92771515476831,26.864197530864246,-8.977494835712235,-6.058771160210985,-2.9187236755012504,229.209,15.289549888387041,259.78809977677406,198.62990022322592,0.023710635488553327,0.26682285404709816,12.750714285714283,10970037.4,1.0606585479226764,417944.0,-0.06753040965652224,0.037834866053389433,-0.05635994906354586,-0.21758173001720627,-0.17642216185066262,-0.03904711589260845,5.479674796658878,19.335614673738082,0,0,-0.07467013194722127,TSLA,US,EV/Auto
2024-09-19,199.11,195.97,195.21,195.55,10364283,208.734,214.125,226.871,241.14260000000002,216.03644068537488,226.27840140474308,30.079882471765686,31.60952934340503,-10.241960719368194,-6.895409072855082,-3.346551646513112,226.871,16.691636071303652,260.2542721426073,193.4877278573927,0.03088780712937242,0.29429298713771396,12.477857142857141,10994476.0,0.9426808569429905,-9946339.0,-0.02264094362255098,0.003886474047538248,-0.017879564059977513,-0.22416187264431664,-0.19297593991168338,-0.051786839935993645,0.539682539673979,10.246346643450613,0,0,-0.05384812068524669,TSLA,US,EV/Auto
2024-09-20,195.51,190.41,181.58,185.5,7690378,202.412,209.30599999999998,224.13000000000002,240.10300000000004,211.33852602233196,223.2555984743936,28.772176356929563,25.606024947046407,-11.917072452061632,-7.899741749476825,-4.017330702584807,224.13000000000002,18.742052350684364,261.6141047013688,186.6458952986313,-0.01528508294042534,0.3344853852782001,12.154999999999998,11028088.0,0.6973445716660429,-17636717.0,-0.05139350549731536,0.04760107816685921,-0.05119942713901485,-0.2062133595789294,-0.22811251664447396,-0.14559439915250338,5.115490016897865,3.7116157844102466,0,0,-0.00964959568733148,TSLA,US,EV/Auto
2024-09-23,188.52,191.19,187.59,189.19,8981422,196.978,205.16199999999998,222.1325,239.07879999999997,207.93106004380013,220.7305341957561,24.311712552496502,10.453257790368255,-12.799474151955962,-8.87968823058184,-3.919785921374123,222.1325,20.248364943736597,262.6292298874732,181.6357701125268,0.09326962829308173,0.36461778341567197,11.261428571428569,10996313.45,0.8167665667290918,-8655295.0,0.01989218328840958,0.019028489877799915,0.0035539995756229234,-0.17968174131726145,-0.17434756044339705,-0.1255777408023665,9.93083648688592,5.195336347819261,1,0,0.006659971457265046,TSLA,US,EV/Auto
2024-09-24,189.99,188.26,183.19,185.45,19541683,191.154,201.825,219.83799999999997,238.0774,204.47243504667,218.1155439962685,14.656473191831822,9.636980934969955,-13.643108949598513,-9.832372374858966,-3.810736574739547,219.83799999999997,21.698244556694213,263.2344891133884,176.44151088661152,0.10379283321453557,0.39480425689090193,10.692142857142857,11552639.15,1.6915339477617157,-28196978.0,-0.019768486706485566,0.02733890536518013,-0.02389599452590202,-0.15249977150169092,-0.19836604132445756,-0.13571328703919472,5.096799683852244,6.714375395878682,1,0,0.045996225397681334,TSLA,US,EV/Auto
2024-09-25,182.96,196.6,175.97,185.14,4512951,188.166,199.518,217.14299999999997,236.9964,201.49821399738747,215.6715115116588,15.169182717334735,10.024449877750598,-14.173297514271326,-10.700557403086853,-3.472740111184473,217.14299999999997,22.51950782391978,262.18201564783953,172.1039843521604,0.14471914472580363,0.41483276594347646,11.463571428571429,11063597.15,0.40790988056629657,-32709929.0,-0.0016716095982745038,0.1114291887214463,0.011915172715282375,-0.1108015945439701,-0.2254852744310576,-0.07467013194722127,14.864645809452654,9.964093993396945,1,1,0.035162579669439475,TSLA,US,EV/Auto
2024-09-26,183.14,186.25,184.04,185.02,8031761,186.06,197.397,214.817,235.6468,198.9631039548327,213.39982463966948,18.72509960159364,16.443850267379673,-14.436720684836786,-11.447790059674674,-2.988930625162112,214.817,23.34167767839559,261.5003553567912,168.1336446432088,0.18086055755366584,0.43463371480445107,10.082857142857142,11072524.85,0.7253774891841864,-40741690.0,-0.0006481581505886069,0.011944654631867167,0.010265370754558037,-0.10284633661445952,-0.20091560853416246,-0.05384812068524669,14.980963416404904,11.647469636569939,1,1,0.041887363528267274,TSLA,US,EV/Auto
2024-09-27,185.97,187.12,180.98,183.71,11880511,185.702,194.057,212.05550000000002,234.1378,196.61647242302132,211.19949809252785,19.155929529318982,19.198751300728404,-14.583025669506526,-12.074837181800708,-2.5081884877058176,212.05550000000002,23.603136605790027,259.2617732115801,164.84922678841997,0.19976977558518197,0.44522564339389864,9.782857142857143,11361934.9,1.0456414386213884,-52622201.0,-0.007080315641552315,0.03342224157621573,-0.01215249771461977,-0.1538390677536733,-0.23114589436678656,-0.00964959568733148,16.22641509399947,15.35734143995235,1,1,0.07147134070001626,TSLA,US,EV/Auto
2024-09-30,180.44,191.32,189.75,190.45,18674747,185.954,191.466,209.88600000000002,232.55,195.66778430521126,209.66179920392318,30.01831243837161,65.55625392834695,-13.994014898711924,-12.45867272526114,-1.5353421734507844,209.88600000000002,23.48924914217491,256.86449828434985,162.9075017156502,0.2931394072810541,0.4476572833264343,9.205714285714285,11908804.85,1.5681460622687036,-33947454.0,0.03668825866855352,0.008243633499562876,0.055475504322459075,-0.11975411351451293,-0.18555422511118724,0.006659971457265046,33.61968887778917,21.60902246273119,1,1,0.08852717248621689,TSLA,US,EV/Auto
2024-10-01,188.87,194.28,193.75,193.98,5536827,187.66,189.407,207.373,231.2666,195.40812516912064,208.49969529402193,38.86715693944608,65.20634920634922,-13.091570124901295,-12.5852522052098,-0.5063179196914955,207.373,22.27773471900888,251.92846943801774,162.81753056198224,0.3497041982805158,0.4297133130909318,8.595,12022482.8,0.4605393604273353,-28410627.0,0.018535048569178203,0.002732240437144391,0.027055646741001374,-0.09595936058162835,-0.205781198820832,0.045996225397681334,41.81564894260933,30.553917638132663,1,1,0.07397669862872469,TSLA,US,EV/Auto
2024-10-02,193.53,195.84,188.31,191.65,4935584,188.962,188.564,204.1695,229.8966,194.82995204317044,207.25108308036715,38.65546218487396,71.61785216178535,-12.421131037196716,-12.552427971602903,0.13129693440618695,204.1695,19.377393088203192,242.92428617640638,165.41471382359362,0.33847801477536926,0.3796334533435853,8.170000000000002,11836090.95,0.4169943948433081,-33346211.0,-0.01201154758222489,0.03929037307571464,-0.009714256187620944,-0.04213314674130353,-0.2505474737994682,0.035162579669439475,36.40585093948445,37.28039625329433,1,1,0.1481867988520742,TSLA,US,EV/Auto
2024-10-03,190.75,196.34,189.92,192.77,3535033,190.512,188.286,201.2055,228.47799999999998,194.51303633354965,206.17802302227142,27.669724770642176,75.18151815181534,-11.664986688721768,-12.374939715008164,0.7099530262863958,201.2055,15.887572592902458,232.98064518580492,169.43035481419508,0.36726260492216906,0.315847679965478,7.844285714285716,11321701.1,0.31223511878130056,-29811178.0,0.0058439864336028435,0.03330393733447482,0.01058977719522632,-0.014216312963436506,-0.23519143027177147,0.041887363528267274,39.00626886373335,39.07592291527572,1,1,0.11614877833687798,TSLA,US,EV/Auto
2024-10-04,193.22,203.58,191.45,196.84,10884708,193.138,189.42000000000002,199.363,226.9192,194.87103075397295,205.48608640900267,33.12002767208577,80.94240837696339,-10.615055655029721,-12.022962902983108,1.4079072479533874,199.363,13.939347979919004,227.241695959838,171.484304040162,0.4547503942779574,0.279677733177151,8.366428571428575,10654049.4,1.0216497567910885,-18926470.0,0.02111324376199608,0.06162365372860395,0.018735120587833918,0.06113207547169819,-0.1576875347682828,0.07147134070001626,53.280571864863944,42.89756388936059,1,1,0.08346880715301763,TSLA,US,EV/Auto
2024-10-07,198.4,215.81,200.51,207.31,8586932,196.51,191.232,198.197,225.69699999999997,196.78471837642195,205.62123293237215,44.54135338345864,91.7551309271055,-8.836514555950203,-11.38567323353399,2.5491586775837867,198.197,12.030971916813993,222.258943833628,174.135056166372,0.6893654158267687,0.242808355661353,9.561428571428575,10520130.6,0.816238078238489,-10339538.0,0.053190408453566373,0.07380251796790414,0.04490927419332202,0.0957767323854326,-0.1011143389845206,0.08852717248621689,78.66465863256364,56.98383312038698,0,1,-0.027495055713665506,TSLA,US,EV/Auto
2024-10-08,207.74,211.9,205.48,208.33,9223855,199.38000000000002,193.51999999999998,197.67249999999999,224.3786,198.56091558551446,205.8219398416641,57.77861587780502,89.66282165039935,-7.261024256149625,-10.560743438013064,3.2997191818634395,197.67249999999999,11.290445366722988,220.25339073344597,175.091609266554,0.7359849335677123,0.22846770019432902,8.74428571428572,10114572.05,0.9119371578417735,-1115683.0,0.00492016786455074,0.030816493063741176,0.002840088572240124,0.12337557293070933,-0.04793894525180509,0.07397669862872469,81.22489959635483,71.0567100312608,0,1,-0.0017280276484424872,TSLA,US,EV/Auto
2024-10-09,205.23,223.35,217.41,220.05,8936715,205.06,197.01100000000002,198.2645,223.2048,201.86692862942516,206.87614985475275,70.34207904350714,92.41783273673938,-5.009221225327593,-9.45043899542854,4.4412177701009465,198.2645,12.149752639890883,222.56400527978175,173.96499472021824,0.9482704431266391,0.24512209981776056,9.469285714285718,10370436.75,0.8617490616536414,7821032.0,0.05625690011040185,0.026993865030552164,0.07221166496091123,0.18856000864210887,0.05686566447336827,0.1481867988520742,93.03503587815463,84.30819803569103,0,0,-0.09107021131561022,TSLA,US,EV/Auto
2024-10-10,223.01,220.18,211.15,215.16,3963802,209.538,200.025,198.71099999999998,222.2452,203.91201656246085,207.489919127862,76.934253541591,85.31090417542802,-3.5779025654011605,-8.275931709382924,4.698029143981763,198.71099999999998,12.613140140763337,223.93728028152665,173.48471971847331,0.826029042244878,0.2538991830487464,9.116428571428575,9657043.7,0.41045704179043513,3857230.0,-0.022222222222222254,0.04196876742869508,-0.03520021523682702,0.16290130796670632,0.04330116859816724,0.11614877833687798,82.71422540982032,85.65805362810993,0,0,-0.10596765197992186,TSLA,US,EV/Auto
2024-10-11,217.42,219.19,208.53,213.27,15888289,212.824,202.981,198.519,221.4506,205.35170633987514,207.91817065546405,72.60608336462639,80.09395184967704,-2.5664643155889166,-7.134038230592903,4.567573915003987,198.519,12.344695813864803,223.2083916277296,173.8296083722704,0.7987315406879824,0.24873580491142147,9.471428571428575,9865135.0,1.6105494136117333,-12031059.0,-0.008784160624651371,0.04998358887771376,-0.019087480452492367,0.16090577540689122,-0.017686886831560056,0.08346880715301763,78.7252005048813,84.82482059761875,0,0,-0.06887982369766021,TSLA,US,EV/Auto
2024-10-14,211.16,204.82,199.04,201.61,14784886,211.68400000000003,204.097,197.7815,220.33719999999997,204.7760592046438,207.4508003430682,63.206930369401796,55.7262905162065,-2.674741138424423,-6.2421788121397,3.5674376737152773,197.7815,11.643416154069703,221.0683323081394,174.4946676918606,0.5822031083652295,0.23548038929851028,10.05928571428572,9751150.15,1.5162195491144652,-26815945.0,-0.054672480892764996,0.028669212836522653,-0.04522636863020817,0.058598057232869705,-0.06817341467923832,-0.027495055713665506,54.11566061515167,71.85169550995111,0,0,-0.03467089926094935,TSLA,US,EV/Auto
2024-10-15,200.68,212.09,204.68,207.97,4913405,211.612,205.496,197.45149999999998,219.57479999999998,205.26743471596964,207.48926707669372,66.97902721999111,50.879062333510916,-2.221832360724079,-5.438109521842506,3.216277161118427,197.45149999999998,11.228693168092502,219.908886336185,174.99411366381497,0.7341879825596098,0.22747243081031318,9.334285714285718,9625161.85,0.5104749993918285,-21902540.0,0.031546054263181356,0.035630138962179,0.03632648993404258,0.0721208371997113,-0.03075919280421302,-0.0017280276484424872,63.70073164824876,65.51386425609392,0,0,-0.09044573736596628,TSLA,US,EV/Auto
2024-10-16,204.74,210.54,191.59,200.01,6611205,207.60399999999998,206.33200000000002,197.448,218.87620000000004,204.45859859976446,206.93514726028707,59.984014919408544,40.647482014388466,-2.47654866052261,-4.845797349570235,2.369248689047625,197.448,11.22784161664344,219.9036832332869,174.99231676671312,0.5570456924607218,0.22745921187525994,10.530000000000003,9373948.85,0.7052742019950107,-28513745.0,-0.03827475116603363,0.0947452627363894,-0.023102471427063183,0.04362118445082164,-0.0003498600559777021,-0.09107021131561022,44.91385414102162,54.24341546814069,0,0,-0.019549022548872586,TSLA,US,EV/Auto
2024-10-17,202.89,200.38,185.94,192.36,5852789,203.044,206.29100000000003,197.2885,217.8628,202.59727572646997,205.8553262265583,55.31261515784303,15.738678544914592,-3.2580505000883306,-4.528247979670298,1.2701974795819675,197.2885,11.278765924935364,219.8460318498707,174.73096815012929,0.39075710868565194,0.22867558777887587,11.122857142857145,9148374.15,0.6397626796054597,-34366534.0,-0.03824808759562015,0.0750675816174097,-0.05190004435875634,-0.002126886963739194,-0.01631296343646127,-0.10596765197992186,17.16118684797756,41.925257545749325,1,0,0.012372634643377012,TSLA,US,EV/Auto
2024-10-18,191.2,198.88,198.34,198.58,6377881,200.106,206.465,197.94250000000002,216.921,201.97923330369989,205.3163297512766,55.02534305847448,30.13895543842837,-3.3370964475767266,-4.29001767324945,0.9529212256727231,197.94250000000002,10.933159544778817,219.80881908955766,176.0761809104424,0.5145772134046525,0.22093607072202448,11.045000000000002,9082749.3,0.7021971087325829,-27988653.0,0.032335204824287755,0.0027193070802561826,0.03859832635963089,0.008839666734403728,0.07051212938005391,-0.06887982369766021,33.78775728324549,31.95426609074823,1,0,0.015359049249672685,TSLA,US,EV/Auto
2024-10-21,199.32,197.9,192.0,194.62,22855377,198.708,205.196,198.214,215.9436,200.84704355953352,204.5238954673931,50.393507132316785,28.714905272768746,-3.6768519078595716,-4.167384520170596,0.4905326123110241,198.214,10.770583916146144,219.75516783229227,176.67283216770772,0.41657833901120206,0.21735263737358207,11.241428571428573,9776447.05,2.3377996674364776,-50844030.0,-0.019941585255312755,0.030315486589095112,-0.023580172586676745,-0.061212676667792176,0.02870130556583339,-0.03467089926094935,23.20235231159579,24.717098814272948,1,1,0.02034734354126,TSLA,US,EV/Auto
2024-10-22,195.48,189.43,188.95,189.16,14999845,194.946,203.27900000000002,198.3995,214.83759999999998,199.04903685116582,203.38567810426767,48.52575488454706,33.44855091730919,-4.3366412531018455,-4.20123586675704,-0.13540538634480548,198.3995,10.569248081108187,219.53799616221636,177.26100383778362,0.28145323278019124,0.2130902160752404,11.108571428571432,9549355.15,1.5707702974299476,-65843875.0,-0.028054670640222046,0.002537534362431173,-0.03233067321448569,-0.09201747227955659,0.020005392289026647,-0.09044573736596628,8.607324244624234,21.86581127982184,1,1,0.07903362233030253,TSLA,US,EV/Auto
2024-10-23,191.63,207.76,186.77,196.1,5624241,194.164,200.884,198.94750000000002,213.94439999999997,198.59533887258993,202.84593192993557,51.84446660019939,34.45928253469495,-4.25059305734564,-4.211107304874806,-0.03948575247083408,198.94750000000002,10.12016843785395,219.18783687570792,178.70716312429212,0.4296577913224557,0.2034741514782157,12.149285714285714,9604919.65,0.5855582992244709,-60219634.0,0.03668851765700998,0.10703722590460452,0.023326201534084816,-0.10883890024994325,0.059198444420438534,-0.019549022548872586,27.158513765646653,19.65606344062223,1,1,0.08419173890872012,TSLA,US,EV/Auto
2024-10-24,196.18,199.98,190.54,194.74,25234187,194.64000000000001,198.842,199.4335,213.12080000000003,198.00220981363844,202.24542421281683,48.800822293284604,41.65875276986391,-4.243214399178385,-4.217528723735545,-0.025685675442839617,199.4335,9.638033909028739,218.70956781805748,180.15743218194254,0.37825577175077507,0.19330822372330442,11.957142857142856,10465040.95,2.411283884055525,-85453821.0,-0.006935237123916305,0.04847488959613599,-0.007340197777513801,-0.09490611637850899,0.05253486109609762,0.012372634643377012,23.52312215922155,19.76298672316415,1,1,0.09515251104036149,TSLA,US,EV/Auto
2024-10-25,193.84,204.82,199.08,201.63,11961863,195.25,197.67800000000003,200.3295,212.5164,198.56033138206874,202.199832431675,46.618242438675864,65.03405773597143,-3.6395010496062525,-4.101923188909347,0.4624221393030945,200.3295,8.90441077869828,218.13832155739655,182.52067844260344,0.5365128033674792,0.1777952978199183,11.322142857142854,10469108.55,1.1425864771851584,-73491958.0,0.035380507343124146,0.028467985914653143,0.04018778373895896,-0.05457870305246881,0.0975450438190626,0.015359049249672685,41.940657577066546,30.874097833978254,1,1,0.13212319595298316,TSLA,US,EV/Auto
2024-10-28,202.81,204.69,193.7,198.58,10405842,196.042,197.375,200.73600000000002,211.78300000000002,198.5633573232949,201.93167054149671,44.332054412277635,50.0,-3.36831321820182,-3.955201194767497,0.5868879765656771,200.73600000000002,8.61037770429003,217.95675540858008,183.51524459141996,0.43740112006459364,0.1715761538388159,11.648571428571426,10055663.3,1.0348239250588347,-83897800.0,-0.015126717254376754,0.0553429348370665,-0.020856959715887448,-0.015029016417836383,0.04268836965082712,0.02034734354126,33.78775728324549,33.08384567317787,1,1,0.13244032631684943,TSLA,US,EV/Auto
2024-10-29,200.55,206.18,202.46,204.11,6453472,199.03199999999998,196.98899999999998,201.2425,210.9192,199.41668696728553,202.09304285235285,40.01503382610874,66.2333219295245,-2.6763558850673235,-3.6994321328269812,1.0230762477596578,201.2425,8.489135393952115,218.22077078790423,184.26422921209578,0.5844461734424229,0.1687344451377801,11.118571428571427,10101495.55,0.638862961350019,-77444328.0,0.027847718803504895,0.01822546666004494,0.01775118424324234,-0.018560369284031264,0.05222187854417992,0.07903362233030253,53.066588783496925,42.931667881269654,1,1,0.09298907451864191,TSLA,US,EV/Auto
2024-10-30,202.79,217.07,209.04,212.61,6672187,202.334,198.249,202.2905,210.31260000000003,201.4464274367163,202.87214186215078,48.471772743617414,86.33405639913241,-1.425714425434478,-3.2446885913477965,1.8189741659133185,202.2905,8.536241299677743,219.3629825993555,185.21801740064453,0.802226109739522,0.16879173860632196,11.39928571428571,10188325.7,0.6548854582764804,-70772141.0,0.04164421145460784,0.03776868444552106,0.0484244785243434,0.06299685015749223,0.10936603182885474,0.08419173890872012,80.21052631337719,55.6882907933732,1,1,0.05244344104228382,TSLA,US,EV/Auto
2024-10-31,212.28,214.55,212.24,213.27,8876062,206.04000000000002,200.34,203.31550000000001,209.7318,203.26543860246662,203.6424132138939,50.0,83.03193535975385,-0.37697461142727207,-2.6711457953630022,2.29417118393573,203.31550000000001,8.563625323670955,220.44275064734194,186.1882493526581,0.7906041431919574,0.168479536948808,10.802857142857139,10455377.15,0.8489470081959685,-61896079.0,0.0031042754338930223,0.01083134055417626,0.0046636517806451176,0.10870243293824067,0.10634434818695859,0.09515251104036149,87.79312559949273,73.69008023212228,1,1,0.08983917100389172,TSLA,US,EV/Auto
2024-11-01,209.58,236.57,221.64,228.27,39204638,211.36800000000002,203.309,204.887,209.49079999999998,207.11229420596706,205.46680969145393,65.58335281739538,92.30381024476411,1.6454845145131287,-1.8078197333869457,3.4533042479000744,204.887,10.065000902031867,225.01700180406374,184.75699819593626,1.0807997492131067,0.19649857535095433,11.45071428571428,11871373.65,3.3024514140828667,-22691441.0,0.07033338022225344,0.06540500284721865,0.08917835671300134,0.14951153187632182,0.15967283072546223,0.13212319595298316,83.60655737539788,83.87006976275593,1,0,0.0071844745257807485,TSLA,US,EV/Auto
2024-11-04,231.62,228.49,222.0,224.88,5776173,216.62800000000001,206.33499999999998,205.76550000000003,209.40560000000002,209.8457874073819,206.90491924862653,60.23979653627226,82.1754774425685,2.9408681587553644,-0.858082154957753,3.7989503137131173,205.76550000000003,11.010030104170662,227.78556020834137,183.7454397916587,0.9340246988022597,0.21403063398124872,11.165714285714282,11730835.7,0.492392243427956,-28467614.0,-0.014850834538047142,0.028859836357039974,-0.029099386926737372,0.1554824786763951,0.08475230331387773,0.13244032631684943,76.91092237651768,82.77020178380276,1,1,0.005647456421202568,TSLA,US,EV/Auto
2024-11-05,223.11,231.15,216.64,223.09,6802324,220.42400000000004,209.728,206.50350000000003,209.2406,211.88335857694835,208.1038878101248,65.10471204188484,85.14482363062803,3.7794707668235503,0.06942842939907852,3.710042337424472,206.50350000000003,11.666107579335915,229.83571515867186,183.1712848413282,0.8554420333934704,0.22597404071658678,10.848571428571427,11609759.15,0.5859142576687942,-35269938.0,-0.007959800782639581,0.06504101483676981,-8.964188068630088e-05,0.179371960245295,0.07084913358613742,0.09298907451864191,73.37546908802342,77.96431627997966,1,1,0.023488278273342544,TSLA,US,EV/Auto
2024-11-06,225.33,226.08,221.9,223.76,14890144,222.654,212.494,206.689,208.935,213.71053418161122,209.2636658263157,72.61596081820801,82.73908697100964,4.446868355295521,0.9449164145787979,3.501951940716723,206.689,11.919586225598643,230.5281724511973,182.8498275488027,0.8580451467870601,0.2306767409110496,10.115714285714285,11907430.6,1.2504916677413458,-20379794.0,0.0030032722219730523,0.01868072935279463,-0.006967558691665797,0.14105048444671087,0.0168598045898658,0.05244344104228382,74.27710843224342,74.85449996559485,1,1,0.06980693600286014,TSLA,US,EV/Auto
2024-11-07,225.74,242.01,224.76,232.43,21190710,226.48600000000002,216.263,207.5525,208.9528,216.59045200131388,210.9797810085061,73.54946431056074,82.83631544068918,5.610670992807769,1.8780673302249593,3.73260366258281,207.5525,13.12968267344151,233.81186534688302,181.293134653117,0.9736881426949504,0.2530382948579901,10.953571428571427,12768776.0,1.6595724085399879,810916.0,0.03874687164819446,0.07421589295670002,0.02963586426849633,0.193540104755058,0.08026584867075659,0.08983917100389172,82.65749456765649,76.77002402930778,1,0,0.01381060964591474,TSLA,US,EV/Auto
2024-11-08,234.24,231.19,228.89,229.91,6601583,226.81400000000002,219.09099999999998,208.38450000000003,208.7722,218.63961323277746,212.38208787161653,75.05324435609825,75.96754057428211,6.25752536116093,2.753958936412429,3.503566424748501,208.38450000000003,14.008843625968879,236.4021872519378,180.36681274806227,0.8841412712897472,0.2689037548551193,10.736428571428572,12304440.7,0.5365203201377272,-5790667.0,-0.010841973927634196,0.010003914575225122,-0.01848531420757141,0.14025690621435305,0.07802316312655311,0.0071844745257807485,78.09558290952036,78.3433953031401,0,1,-0.023400461049976062,TSLA,US,EV/Auto
2024-11-11,232.15,229.33,223.61,226.15,36588478,227.06799999999998,221.848,209.61150000000004,208.6184,219.79505735123945,213.40197928950008,76.90964644260151,44.903846153846146,6.393078061739374,3.4817827614780015,2.911295300261372,209.61150000000004,14.451943695536388,238.5153873910728,180.70761260892726,0.7860947348611997,0.27578532085248064,10.781428571428568,13394620.3,2.7315798767674004,-42379145.0,-0.016354225566525993,0.025292947158853444,-0.025845358604239307,0.13883573370933622,0.12172015277019987,0.005647456421202568,71.28892107039667,77.34733284919118,0,1,-0.012071633871324372,TSLA,US,EV/Auto
2024-11-12,224.08,229.57,227.34,228.33,8651135,228.11599999999999,224.26999999999998,210.6295,208.30020000000002,221.10812545146004,214.50780485809025,75.19149601375648,58.80551301684537,6.600320593369787,4.105490327856485,2.4948302655133023,210.6295,15.035530017087629,240.70056003417525,180.55843996582476,0.7943112078371927,0.28553512242143175,9.52642857142857,13581506.8,0.636978981081909,-33728010.0,0.009639619721423909,0.00976656593522631,0.018966440556859306,0.11866150605065884,0.0978987353945282,0.023488278273342544,73.42141052897962,74.26863816963221,1,0,0.0018394429115753397,TSLA,US,EV/Auto
2024-11-13,228.73,246.75,233.47,239.38,7245927,231.24,226.94700000000003,212.598,207.9734,223.91918307505736,216.35026104450196,80.30138474070051,78.2322357019064,7.568922030555399,4.798176668396379,2.77074536215902,212.598,16.110790303722908,244.81958060744583,180.3764193925542,0.9155910339310847,0.3031221423277195,10.167857142857141,13613242.9,0.5322704164581963,-26482083.0,0.04839486707835139,0.055476648007120585,0.04656144799524962,0.1259112929777526,0.19684015799210042,0.06980693600286014,86.1074458042204,76.93925913453224,0,0,-0.06378979029158649,TSLA,US,EV/Auto
2024-11-14,237.42,237.32,234.29,235.64,8817712,231.88199999999998,229.18400000000003,214.762,207.64520000000002,225.7223856792991,217.7791818414283,74.11714650404198,68.60902255639095,7.943203837870783,5.427182102291342,2.516021735579441,214.762,16.155971553642658,247.07394310728532,182.45005689271468,0.8230693977433624,0.3009093145634224,9.81142857142857,13761489.05,0.6407527068625828,-35299795.0,-0.015623694544239286,0.012858597861089555,-0.0074972622356688735,0.1048905143714538,0.2249948014140153,0.01381060964591474,79.05749292970673,79.52878308763559,0,0,-0.044474622305211264,TSLA,US,EV/Auto
2024-11-15,235.19,228.05,221.71,224.53,12861874,230.80599999999998,228.81,216.05949999999999,207.46200000000002,225.53894172860288,218.2792590513385,66.5139366170294,38.50407450523863,7.259682677264379,5.793682217285986,1.4660004599783933,216.05949999999999,15.826658880376325,247.71281776075264,184.40618223924733,0.6338011399529956,0.2930055633805147,10.021428571428569,14085688.7,0.9131163808045551,-48161669.0,-0.04714819215752841,0.028236761234453154,-0.04532505633723658,-0.016384106540500376,0.1306778124685264,-0.023400461049976062,49.83066154775726,71.6652000938948,0,0,-0.0656037055181935,TSLA,US,EV/Auto
2024-11-18,222.61,223.61,223.27,223.42,13552665,230.26,228.664,217.49949999999998,207.31779999999998,225.21295069338086,218.66006638558585,63.0209035738368,40.151745068285265,6.552884307795011,5.945522635387804,0.6073616724072073,217.49949999999998,15.06517820915801,247.629856418316,187.36914358168397,0.5982480910149927,0.27706138559562193,9.568571428571426,13620553.1,0.9950156873573888,-61714334.0,-0.004943660089965718,0.0015217975114066853,0.0036386505547654426,-0.006492351476342972,0.14798068030007183,-0.012071633871324372,38.13312118700255,55.67375855482219,0,1,-0.06020051920150382,TSLA,US,EV/Auto
2024-11-19,229.13,232.12,226.05,228.75,15757494,230.344,229.22999999999996,219.47899999999998,207.5164,225.75711212524237,219.40749015380473,61.36939983093828,53.765932792583996,6.349621971437642,6.026342502597777,0.323279468839865,219.47899999999998,13.683086717011918,246.84517343402382,192.11282656597615,0.6693879493543693,0.249373957726244,9.264285714285714,13658435.55,1.1536821174455725,-45956840.0,0.023856413928923237,0.02653551912556703,-0.0016584471697217171,0.02537092653189288,0.2092937196024529,0.0018394429115753397,47.84120544631001,45.268329393689946,0,0,-0.07851366120218584,TSLA,US,EV/Auto
2024-11-20,229.25,227.08,221.73,224.11,11350974,227.29000000000002,229.26500000000001,220.8795,207.83440000000002,225.50371025979132,219.75583339881578,57.23052294557097,44.294213088155765,5.747876860975538,5.970649374273326,-0.22277251329778824,220.8795,12.550845840651304,245.98119168130262,195.7778083186974,0.5643482527084409,0.22728855942891005,9.600714285714286,13944772.2,0.8139948808920033,-57307814.0,-0.020284153005464378,0.02387220561320847,-0.02242093784068731,0.001564175902753151,0.14283528811830704,-0.06378979029158649,24.80903354284933,36.9277867253873,0,0,-0.037035384409441874,TSLA,US,EV/Auto
2024-11-21,226.49,233.62,218.39,225.16,7985345,225.19400000000002,228.538,222.40050000000002,208.213,225.45083175827983,220.1561518066771,47.45123750204883,23.647146034099322,5.294679951602745,5.8354554897392035,-0.5407755381364581,222.40050000000002,10.95860943685275,244.31771887370553,200.48328112629451,0.5629527864675304,0.19709684891542023,9.024285714285716,13082330.1,0.6103915990935286,-49322469.0,0.004685199232519643,0.06764078877212817,-0.005872223939220894,-0.0312782343071033,0.15620827770360468,-0.044474622305211264,28.296247093048965,33.648828694069444,0,0,-0.030289571860010578,TSLA,US,EV/Auto
2024-11-22,223.51,210.48,209.26,209.8,19757682,222.248,226.527,222.80900000000003,208.0668,223.04301148757705,219.38901211368713,39.66840230200056,16.52849740932642,3.653999373889917,5.399164266569331,-1.7451648926794139,222.80900000000003,10.274528494752355,243.35805698950475,202.2599430104953,0.18346479337646177,0.1844544609007041,9.696428571428573,13472121.05,1.4665604963102303,-69080151.0,-0.0682181559779712,0.005815061963747301,-0.06133953738060329,-0.08746900961245696,0.04051976392401935,-0.0656037055181935,1.4403841023889479,18.181888246095752,1,1,0.07154432793136323,TSLA,US,EV/Auto
2024-11-25,213.88,211.8,208.51,209.97,9130716,219.558,224.90900000000002,223.37849999999997,207.93900000000002,221.03177895088666,218.6912929126043,40.80717488789237,23.680404916847408,2.3404860382823642,4.787428620911921,-2.446942582629557,223.37849999999997,9.110611669915713,241.5997233398314,205.15727666016855,0.13206367239840638,0.16314214071407818,8.895000000000001,13408364.75,0.6809715792545411,-59949435.0,0.00081029551954237,0.015668905081603807,-0.018281279221908153,-0.07154543444616412,0.057357236378285714,-0.06020051920150382,3.8179916316993405,11.184874275712422,1,1,0.031194932609420523,TSLA,US,EV/Auto
2024-11-26,209.76,214.02,208.21,210.79,7529876,215.96599999999998,223.15500000000003,223.7125,207.8634,219.4561206506574,218.10600061584796,40.93133827436722,26.927292656192876,1.3501200348094358,4.099966903691409,-2.7498468688819733,223.7125,8.466732965274597,240.6459659305492,206.7790340694508,0.11843310598318456,0.1513859612714847,9.011428571428572,13462184.95,0.5593353135937036,-52419559.0,0.0039053198075915674,0.027562977370712272,0.004910373760464774,-0.07681863968817071,0.032727450884326936,-0.07851366120218584,6.694343539006335,3.9842397576982123,1,1,0.05313345035343242,TSLA,US,EV/Auto
2024-11-27,210.4,216.64,215.14,215.81,14252645,214.30599999999998,220.798,223.8725,208.178,218.89517901206673,217.93592344494098,37.75419982316533,26.090169992608978,0.9592555671257514,3.471824636378267,-2.5125690692525158,223.8725,8.273921538882474,240.42034307776495,207.32465692223505,0.25638819022009496,0.1478327447783094,8.125714285714286,13841207.85,1.0297254491611836,-38166914.0,0.023815171497699072,0.006950558361489502,0.025712927756531768,-0.09846269529618179,0.015051032406754095,-0.037035384409441874,19.719771665290086,10.077368945331925,0,1,-0.03359436541402161,TSLA,US,EV/Auto
2024-11-28,215.15,221.04,216.19,218.34,17856114,212.942,219.06800000000004,224.12600000000003,208.63379999999998,218.80976685636054,217.96585553882227,41.47635184912332,38.43687374749496,0.8439113175382715,2.9462419726102604,-2.102330655071989,224.12600000000003,8.00528798916554,240.1365759783311,208.11542402166896,0.3193069378593817,0.14287120618098426,8.24642857142857,14290210.45,1.2495346246258658,-20310800.0,0.011723275103100006,0.02221306219647239,0.014826864977853455,-0.07341707689696142,0.023772682515121657,-0.030289571860010578,26.28437986439324,17.56616502289656,0,1,-0.06613538517907847,TSLA,US,EV/Auto
2024-11-29,214.69,230.11,220.57,224.81,7923490,215.94400000000002,219.096,223.95299999999997,209.42,219.73287964772263,218.47283700039878,49.0507225843015,49.423773460651965,1.2600426473238429,2.609002107552973,-1.3489594602291302,223.95299999999997,7.948202776000713,239.8494055520014,208.05659444799855,0.5269557793008487,0.1419619790932066,8.637142857142859,12726153.05,0.6226146539535249,-12387310.0,0.029632682971512336,0.042435834704673214,0.047137733475955415,0.0012470493920633263,-0.015157488938537744,0.07154432793136323,43.07213284787047,29.692094792517935,0,0,-0.054268048574351635,TSLA,US,EV/Auto
2024-12-02,219.88,216.85,216.25,216.52,7870732,217.254,218.406,223.535,209.9666,219.23859047113498,218.32818034765026,42.30016951362628,64.42060085836911,0.9104101234847235,2.26928371073932,-1.3588735872545965,223.535,8.11496440956,239.76492881912,207.30507118088,0.2838869141551716,0.14521152230341916,9.004285714285716,12830881.0,0.6134209635783416,-20258042.0,-0.03687558382634226,0.002771106595220872,-0.015281062397601894,-0.030883537731626443,-0.03717538242618279,0.031194932609420523,21.56201349191589,30.306175401393205,1,0,0.01404027341585068,TSLA,US,EV/Auto
2024-12-03,217.03,224.95,219.61,221.99,9124971,219.494,217.73000000000002,223.47999999999996,210.69740000000002,219.66188424481734,218.5994298246733,37.772465194768664,71.01398601398603,1.0624544201440358,2.0279178526202615,-0.9654634324762257,223.47999999999996,8.121863929186143,239.72372785837226,207.23627214162767,0.45413614370281036,0.14537075226686608,8.290714285714287,12947013.35,0.7047934568791144,-11133071.0,0.025263255126547257,0.024055137618703183,0.022853983320173035,-0.029551912568305916,-0.004930745439060469,0.05313345035343242,47.337684642825934,37.323943660870775,0,0,-0.07784134420469391,TSLA,US,EV/Auto
2024-12-04,219.44,208.77,208.38,208.56,6855862,218.044,216.175,222.72000000000003,211.16580000000002,217.95390205327004,217.85575927612302,33.242574257425744,47.294346032516394,0.09814277714701802,1.6419628375256108,-1.5438200603785928,222.72000000000003,8.77887656162308,240.27775312324619,205.16224687675387,0.0967593375786452,0.15766660491349968,8.899285714285716,12545299.25,0.5464884748374197,-17988933.0,-0.06049822064056942,0.001869965477551519,-0.04958075100232599,-0.06938556958636388,-0.06792992491955663,-0.03359436541402161,1.3774104682653296,23.425702867669056,1,1,0.0035960874568470302,TSLA,US,EV/Auto
2024-12-05,208.04,213.59,196.16,203.9,24801123,215.15600000000003,214.04900000000004,221.2935,211.5434,215.79176327580433,216.82198764258868,36.12642905178211,35.42227662178702,-1.0302243667843527,1.1075253966636158,-2.1377497634479683,221.2935,9.413078961015922,240.11965792203185,202.46734207796814,0.03804966281296319,0.1701465060830687,9.14928571428572,12725819.9,1.9488819774290553,-42790056.0,-0.022343690065209088,0.08548307994072842,-0.019900019226976,-0.09442174453721797,-0.12274663339500069,-0.06613538517907847,20.66203950825784,23.12571153978304,1,1,0.009955860716037268,TSLA,US,EV/Auto
2024-12-06,208.39,217.98,208.31,212.61,14388520,212.71599999999998,214.33,220.42849999999999,212.1214,215.3022612333653,216.50998529193654,43.404514948139116,43.90814373803956,-1.2077240585712445,0.6444755056166422,-1.8521995641878868,220.42849999999999,9.374404275809782,239.17730855161955,201.67969144838042,0.2914934173346155,0.17011238157982753,10.065000000000003,13115166.75,1.0970900467514035,-28401536.0,0.04271701814615003,0.04548233855394622,0.02025049186611535,0.013393708293613082,-0.07524683571832447,-0.054268048574351635,43.913507740418794,21.98431923898066,0,0,-0.059498612482950075,TSLA,US,EV/Auto
2024-12-09,211.93,223.72,216.23,219.56,13629333,213.324,215.28900000000004,220.099,212.7036,215.9572979667023,216.73591449717185,44.50161541222926,44.474847400547254,-0.7786165304695487,0.35985709839940333,-1.138473628868952,220.099,9.278035692741998,238.65507138548398,201.542928614516,0.48547645163439307,0.16861568099264135,10.237142857142858,11967209.5,1.1388897187026166,-14772203.0,0.032688961008419115,0.03411368190911776,0.03600245364018305,0.0456731914082964,-0.02913995135971703,0.01404027341585068,62.46663107147714,42.3473927733846,0,0,-0.0822098742940427,TSLA,US,EV/Auto
2024-12-10,224.45,205.55,204.03,204.71,3022552,209.86800000000002,214.68099999999998,218.91799999999998,212.91820000000004,214.2269444333443,215.84509802121843,39.656643207506924,39.078971703347506,-1.6181535878741329,-0.035745038855304744,-1.5824085490188282,218.91799999999998,9.670175854276735,238.25835170855345,199.5776482914465,0.13268506658415577,0.17669037455545114,10.845,11685780.35,0.258652109728204,-17794755.0,-0.0676352705410821,0.007425138000061478,-0.08794831811054593,-0.02884387304900604,-0.1034467656462138,-0.07784134420469391,22.824345968424364,43.0681615934401,0,0,-0.010795759855405263,TSLA,US,EV/Auto
2024-12-11,205.44,212.71,206.59,209.31,20506002,210.01799999999997,214.031,217.4145,213.2714,213.47049144359192,215.36101266367388,41.85759786294051,38.08270676691728,-1.8905212200819506,-0.40670027510063456,-1.483820944981316,217.4145,8.599705304008674,234.61391060801736,200.21508939198264,0.26439599632307886,0.1582176957648938,10.328571428571427,12348784.1,1.660568374454909,2711247.0,0.02247081236871673,0.02923892790583711,0.018837616822338237,-0.03011908623326076,-0.12561617511905754,0.0035960874568470302,38.73343151579577,41.341469518565766,1,0,0.019827050785915734,TSLA,US,EV/Auto
2024-12-12,206.82,210.39,202.36,205.93,19523558,210.42400000000004,212.79000000000002,215.929,213.53460000000004,212.31041583687625,214.66241375784765,47.73286467486819,46.95249130938586,-2.3519979209713995,-0.7957598042747881,-1.5562381166966115,215.929,7.816091296671277,231.56118259334255,200.29681740665745,0.18017901721418736,0.14479002443645972,9.766428571428568,12884076.4,1.5153244888143873,-16812311.0,-0.016148296784673444,0.03899383285563531,-0.004303258872428601,-0.056837959146285644,-0.1260821592259378,0.009955860716037268,28.777614137591254,30.11179720727047,0,0,-0.018452872335259607,TSLA,US,EV/Auto
2024-12-13,207.26,208.29,193.3,199.96,5789894,207.894,210.305,214.7005,213.597,210.41035186195944,213.57333831319067,44.50905101481076,45.56905083220873,-3.162986451231234,-1.2692051336660777,-1.893781317565156,214.7005,8.308467130141247,231.3174342602825,198.0835657397175,0.056461505799871456,0.15479176117619764,10.602142857142852,12530477.4,0.4620648801405699,-22602205.0,-0.02899043364249987,0.07496499299822472,-0.03522146096673146,-0.11053778746497034,-0.10942858415356516,-0.059498612482950075,18.092909534960793,28.53465172944928,0,1,-0.005351070214042908,TSLA,US,EV/Auto
2024-12-16,202.41,201.83,201.27,201.51,20178312,204.28400000000002,208.804,213.60500000000002,213.48100000000002,209.04106696011172,212.67975180279657,44.94993469743143,35.12064343163533,-3.638684842684853,-1.7431010754698328,-1.8955837672150202,213.60500000000002,8.539502943750414,230.68400588750086,196.52599411249918,0.14591030415307768,0.1599120422033275,10.32071428571428,12861759.75,1.568860779811971,-2423893.0,0.0077515503100620275,0.0027790184109831935,-0.004446420631369791,-0.06932384999076302,-0.0980664219854982,-0.0822098742940427,22.30372181411829,23.058081828890113,0,1,-0.01831174631531929,TSLA,US,EV/Auto
2024-12-17,203.26,204.08,201.24,202.5,5204690,203.842,206.85500000000002,212.29250000000002,213.3644,208.03474896624354,211.92569150795205,42.4245873648264,22.782386726228438,-3.8909425417085117,-2.172669368717569,-1.7182731729909428,212.29250000000002,8.09494961136465,228.48239922272933,196.1026007772707,0.19757378148315732,0.1525244577425302,10.105714285714281,12334119.55,0.42197495791461187,2780797.0,0.004912907548012546,0.01402469135795545,-0.003739053429087139,-0.08779674760124334,-0.11475409836065575,-0.010795759855405263,24.99320836661249,21.79661323856386,0,0,-0.08874074074074079,TSLA,US,EV/Auto
2024-12-18,200.98,224.15,204.91,213.46,20249406,204.672,207.34499999999997,211.76,213.2326,208.86940297144025,212.03934463160883,47.46572496884089,65.93806921675775,-3.1699416601685755,-2.3721238270077705,-0.797817833160805,211.76,7.612574777094051,226.9851495541881,196.53485044581188,0.555828679823265,0.14379627459497743,11.278571428571425,12779041.15,1.5845793262369041,23030203.0,0.054123456790123425,0.09013398294720264,0.062095730918190484,0.02349443805140017,-0.04752130650127173,0.019827050785915734,54.767726159881335,34.021552113537375,0,0,-0.0963646584840252,TSLA,US,EV/Auto
2024-12-19,210.95,205.68,199.3,202.13,7701297,203.912,207.16799999999998,210.6085,212.972,207.83257174506124,211.3053152595478,38.78781886493969,39.49678174370977,-3.4727435144865524,-2.592247764503527,-0.8804957499830253,210.6085,7.210126121242066,225.02875224248413,196.18824775751585,0.2060210925011722,0.1369389387647286,11.44928571428571,12764838.75,0.603321087520899,15328906.0,-0.053077860020612766,0.03156384505005903,-0.041810855652800114,-0.00868072584600299,-0.10228282110499198,-0.018452872335259607,27.898894153936812,35.88660956014355,1,0,0.01978924454558939,TSLA,US,EV/Auto
2024-12-20,204.05,201.72,196.62,198.89,12864848,203.698,205.796,210.06300000000002,212.68439999999998,206.4567914765863,210.38565781824104,40.82630866895618,39.65922444183311,-3.9288663416547536,-2.8595714799337726,-1.069294861720981,210.06300000000002,7.672406539363636,225.4078130787273,194.71818692127275,0.13593561085389652,0.14609724776523444,11.231428571428566,12420197.05,1.0358005523108385,2464058.0,-0.016029288081927495,0.025642314847274136,-0.02528791962741846,-0.06453130144395858,-0.0520019065776931,-0.005351070214042908,17.661927329615672,33.44284921447794,1,0,0.012217808839056765,TSLA,US,EV/Auto
2024-12-23,202.99,200.53,195.65,197.82,11199862,202.95999999999998,203.622,209.45549999999997,212.6086,205.12805432633897,209.4548641714141,36.819718617079275,46.32807137954699,-4.326809845075132,-3.153019152962045,-1.1737906921130876,209.45549999999997,8.146526205109339,225.74855241021865,193.1624475897813,0.14293062750950966,0.15557531227531282,10.977857142857138,12523654.35,0.894296568134159,-8735804.0,-0.005379858213082622,0.024668890910804403,-0.02546923493755627,-0.09901621424667517,-0.05786540934419204,-0.01831174631531929,14.651539707790818,20.0707870637811,1,1,0.03245374582954219,TSLA,US,EV/Auto
2024-12-24,201.63,185.75,183.55,184.53,13645821,199.36599999999999,201.60399999999998,208.1425,212.1398,201.959122891511,207.6085702615331,36.876024030584375,29.231898238747576,-5.649447370022102,-3.6523047963740565,-1.9971425736480457,208.1425,9.856796145967765,227.85609229193554,188.4289077080645,-0.09888881869492068,0.18942399838419174,11.024999999999993,12829451.6,1.0636323641742906,-22381625.0,-0.06718228692750983,0.01192218067516429,-0.08480880821264289,-0.09857847686971821,-0.12457896484652964,-0.08874074074074079,2.413793103388798,11.575753380265098,1,1,0.09559421232319942,TSLA,US,EV/Auto
2024-12-25,183.81,193.0,192.8,192.89,5304956,195.252,199.96200000000002,206.99650000000003,211.99739999999997,200.56387321589145,206.51830160123598,44.22047244094487,40.04145077720206,-5.954428385344528,-4.1127295141681515,-1.8416988711763764,206.99650000000003,10.24323667751489,227.4829733550298,186.51002664497025,0.15571185055400547,0.1979402874438051,10.384999999999993,12382067.15,0.4284386045799627,-17076669.0,0.04530428656586993,0.00103686038674349,0.049398835754042685,-0.07844823467583972,-0.10620453176405176,-0.0963646584840252,23.004926107807705,13.356752972995777,1,1,0.058893669967339024,TSLA,US,EV/Auto
2024-12-26,192.42,207.59,204.96,206.13,21389995,196.052,199.982,206.38600000000002,212.27280000000002,201.4202004134479,206.48953841715328,46.75285628382441,42.74688303977834,-5.069338003705383,-4.304051212075598,-0.7652867916297845,206.38600000000002,9.889323536016375,226.16464707203278,186.60735292796727,0.493528374323046,0.1916665575372062,10.42928571428571,12558761.2,1.70319293090843,4313326.0,0.06864015760277886,0.012758938533872976,0.0712503897720027,0.0009712038071187923,-0.05592195658147847,0.01978924454558939,55.61576354542815,27.011494252208223,0,0,-0.03410469121428228,TSLA,US,EV/Auto
2024-12-27,206.78,209.19,195.02,201.32,14625199,196.53799999999998,200.118,205.21149999999997,212.32760000000002,201.4047849652251,206.10660838187184,40.65956575174108,49.079754601226995,-4.701823416646732,-4.383605652989825,-0.31821776365690724,205.21149999999997,8.934873294539845,223.08124658907965,187.3417534109203,0.39111485210514363,0.17415930967799179,10.647857142857138,12893846.65,1.1342773233403296,-10311873.0,-0.023334788725561495,0.07038545599011327,-0.02640487474597932,0.0068013602720542465,-0.10448823450914113,0.012217808839056765,43.768472905325865,40.79638751952058,1,1,0.02056427577985298,TSLA,US,EV/Auto
2024-12-30,203.79,210.56,199.18,204.24,11070706,197.822,200.391,204.5975,212.52,201.8409718936525,205.9683406718507,49.725819624314546,56.12268253604947,-4.127368778198218,-4.332358278031504,0.20498949983328618,204.5975,8.52960471410927,221.65670942821853,187.53829057178146,0.48952178874426183,0.16675872802096955,10.351428571428567,13053845.35,0.848079999041815,758833.0,0.014504271806079938,0.055718762240228537,0.00220815545413322,0.013547714753610274,-0.05671531498244964,0.03245374582954219,50.96059113174975,50.114942527501256,0,0,-0.037406972189581,TSLA,US,EV/Auto
2024-12-31,205.28,203.5,201.11,202.17,18742471,201.34999999999997,200.358,203.6065,212.7802,201.8915916023214,205.6869813075565,45.70810290935321,54.86686059521145,-3.7953897052350953,-4.224964563472222,0.4295748582371264,203.6065,7.4906294268595515,218.58775885371912,188.6252411462809,0.45205676590737676,0.1471589448632095,10.003571428571423,13534720.35,1.384769624385359,-17983638.0,-0.010135135135135198,0.011821734184043947,-0.015150038971087606,-0.0016296296296296475,-0.08928330104959692,0.09559421232319942,45.86206896438759,46.86371100048774,1,1,0.023890784982935287,TSLA,US,EV/Auto
2025-01-01,203.19,216.54,194.42,204.25,9855311,203.62199999999999,199.43699999999998,203.39100000000002,212.9432,202.254423663503,205.5805379688999,48.97410845139228,79.45041816009554,-3.3261143053969136,-4.04519451185716,0.7190802064602462,203.39100000000002,7.402094938170693,218.1951898763414,188.58681012365864,0.529012056946248,0.14557369673455162,11.009999999999996,13684692.8,0.7201703701985644,-8128327.0,0.010288371172775479,0.10829865361024092,0.005216792164943086,-0.04314625690995977,-0.020665515918680488,0.058893669967339024,50.98522167362104,49.269293923252796,1,0,0.027221542227662265,TSLA,US,EV/Auto
2025-01-02,204.33,200.17,198.25,199.1,27755109,202.216,199.13400000000001,203.151,213.03040000000001,201.76912771527142,205.10049695499137,49.469528744140135,60.25768087215064,-3.3313692397199475,-3.9024294574297174,0.5710602177097699,203.151,7.462293918516196,218.0755878370324,188.22641216296762,0.3642843593203776,0.14693098076759578,10.367857142857142,13832392.1,2.006529802858191,-35883436.0,-0.02521419828641369,0.009643395278705898,-0.02559584985060648,-0.014990352743284086,-0.023540951446787695,-0.03410469121428228,38.30049260989404,45.049261082634224,1,1,0.15489703666499244,TSLA,US,EV/Auto
2025-01-03,193.42,205.93,205.08,205.46,20182129,203.044,199.791,202.7935,213.107,202.33695422061461,205.1271268699846,52.299988354489344,48.56776400171017,-2.7901726493699925,-3.6799780958177726,0.88980544644778,202.7935,7.150021917523099,217.0935438350462,188.49345616495378,0.5932339799152148,0.14103059353456296,10.722142857142856,14122072.55,1.4291193802768432,-15701307.0,0.03194374686087409,0.004137058308166345,0.06224795781169359,0.03303333500930172,-0.03362965053384137,0.02056427577985298,53.96551724005011,47.750410507855065,1,1,0.05144553684415465,TSLA,US,EV/Auto
2025-01-06,202.78,199.62,194.19,196.6,27625816,201.516,199.669,201.6455,213.06740000000002,201.45434587898117,204.49548652907427,46.852997653082994,41.399416909621024,-3.041140650093098,-3.5522106066728383,0.5110699565797403,201.6455,6.079384036493018,213.80426807298602,189.48673192701398,0.292515986405627,0.12059548140598947,11.324285714285713,14821896.7,1.863851482391489,-43327123.0,-0.04312274895356771,0.027619532044620487,-0.030476378340909018,-0.006167222727732291,-0.10457278192749142,-0.037406972189581,32.14285714206541,41.46962233066986,1,1,0.09486266531027465,TSLA,US,EV/Auto
2025-01-07,197.01,210.52,204.18,207.0,7116778,202.48200000000003,201.916,201.76,213.1252,202.30752343606133,204.68100640265294,46.53359089933462,53.95189003436424,-2.3734829665916095,-3.316465078656593,0.9429821120649833,201.76,6.161154198089819,214.08230839617963,189.43769160382035,0.7126224985941748,0.12214817997738465,10.772142857142857,15026608.0,0.4736117110653508,-36210345.0,0.0528992878942014,0.030628019323523555,0.05070808588370795,0.12176881807836115,0.011186556592252428,0.023890784982935287,71.08214610272563,52.39684016161372,0,1,-0.009468599033816472,TSLA,US,EV/Auto
2025-01-08,203.55,217.48,203.67,209.81,11444233,203.594,203.608,201.785,213.0692,203.46175059974456,205.0609325316584,54.53579021970235,60.71228266965789,-1.5991819319138472,-2.973008449308044,1.373826517394197,201.785,6.194327201051977,214.17365440210395,189.39634559789604,0.8238850539657173,0.12279063758002387,10.747142857142858,14573519.55,0.785275799401813,-24766112.0,0.013574879227053138,0.06582145750886126,0.0307541144680385,0.08771838871895898,0.0023888012995079144,0.027221542227662265,77.39463601304469,60.206546419278574,0,1,-0.027882369763118975,TSLA,US,EV/Auto
2025-01-09,214.63,233.25,227.29,229.94,4141712,209.762,205.98899999999998,202.98549999999997,213.40259999999998,207.53532743055425,206.90382946042735,65.28803545051699,73.91547197914726,0.631497970126901,-2.252107165421055,2.883605135547956,202.98549999999997,8.81303787458986,220.61157574917968,185.35942425082027,1.2646199977323322,0.17366832359053108,12.027857142857144,13804427.25,0.300027782751524,-20624400.0,0.09594394928745054,0.0259198051664525,0.07133205982355063,0.11550962984524338,0.11659301704462677,0.15489703666499244,93.34004023957061,80.60560745178032,0,0,-0.09828650952422369,TSLA,US,EV/Auto
2025-01-10,228.03,220.86,212.16,216.03,11284514,211.87599999999998,207.45999999999998,203.78900000000002,213.15780000000004,208.8422001335462,207.5798431262778,57.95961185418305,63.550504242036176,1.262357007268406,-1.5492143308831627,2.811571338151569,203.78900000000002,9.244674654831941,222.2783493096639,185.29965069033614,0.8310284151744303,0.18145581272368136,12.949285714285717,14079158.25,0.801504819969985,-31908914.0,-0.06049404192398011,0.04027218441864438,-0.05262465465047308,0.07306775283131328,0.08036607321464295,0.05144553684415465,65.3521126747414,78.69559630911891,0,0,-0.07299912049252422,TSLA,US,EV/Auto
2025-01-13,217.74,221.66,210.12,215.25,6970723,215.606,208.561,204.476,212.9652,209.82801549761624,208.14800369880876,65.07656065959952,58.60432413429424,1.6800117988074703,-0.9033691049450361,2.5833809037525066,204.476,9.571166898005773,223.61833379601154,185.33366620398846,0.7814181414353832,0.18723306203092713,12.754285714285716,13418778.8,0.5194751761259246,-38879637.0,-0.0036106096375503327,0.05361207897768353,-0.011435657205789351,0.05390716803760287,0.06818520172696152,0.09486266531027465,55.50061804559949,71.3975903199705,0,0,-0.11874564459930315,TSLA,US,EV/Auto
2025-01-14,217.58,208.14,202.57,205.04,6727952,215.21400000000003,208.848,204.603,212.6042,209.09139772875207,207.91778090090625,55.856550660368256,57.24587912087912,1.1736168278458194,-0.4879719183868649,1.6615887462326844,204.603,9.560412950782064,223.72382590156414,185.48217409843588,0.5114273306429931,0.18690660353436342,13.055000000000003,13494941.9,0.4985535729832543,-45607589.0,-0.047433217189314814,0.0271654311352557,-0.05763397371055422,0.014195973685512175,0.012543209876543226,-0.009468599033816472,27.77777777706661,49.543502832469166,0,0,-0.13353492001560674,TSLA,US,EV/Auto
2025-01-15,207.73,204.02,203.91,203.96,15557077,214.044,208.81900000000002,204.128,212.2082,208.30195192432856,207.62461158955907,48.8151141203451,46.89288634505315,0.6773403347694966,-0.25490946775559253,0.9322498025250892,204.128,9.330433847870179,222.78886769574035,185.46713230425962,0.4954986015860928,0.18283496331369484,12.085714285714287,13260325.45,1.1732046762694897,-61164666.0,-0.005267264923917159,0.0005393214355730257,-0.01814855822453104,-0.0014198286413708017,-0.04450482526000188,-0.027882369763118975,25.01280081861209,36.09706554709273,0,0,-0.12164149833300653,TSLA,US,EV/Auto
2025-01-16,201.48,211.93,203.67,207.34,9509527,209.52399999999997,209.64300000000003,204.3885,211.70640000000003,208.15395932058567,207.6035292259058,53.33925005546928,47.50454637300465,0.5504300946798821,-0.09384155526849755,0.6442716499483797,204.3885,9.344434467977374,223.07736893595475,185.69963106404524,0.5789641152050345,0.18287593417304127,11.663571428571432,13350736.95,0.7122847467768627,-51655139.0,0.016571876838595845,0.039837947332691144,0.02908477268200779,0.041386238071321024,0.02577549102063026,-0.09828650952422369,33.66615463303467,28.818911076237793,0,0,-0.09327674351307036,TSLA,US,EV/Auto
2025-01-17,207.04,201.28,199.44,200.26,17016339,206.36999999999998,209.123,204.457,211.1134,206.93950404049545,207.05956353218752,47.88971367974548,9.275521405049389,-0.12005949169207497,-0.09908514255321305,-0.020974349138861925,204.457,9.306952183576328,223.07090436715265,185.84309563284734,0.3872616964822928,0.18208136055074287,11.415000000000004,13558311.5,1.255048443528647,-68671478.0,-0.034146811999614224,0.00918805552776798,-0.032747295208497174,-0.025309062591258757,0.0068882296746946015,-0.07299912049252422,15.540194572054766,24.739716674567177,0,0,-0.018675721561969394,TSLA,US,EV/Auto
2025-01-20,203.75,191.01,188.63,189.69,5755771,201.25799999999998,208.43199999999996,204.0505,210.3842,204.28573418811132,205.77292795716104,43.929961089494164,10.211480362537756,-1.4871937690497248,-0.3767068678525155,-1.1104869011972092,204.0505,9.777733821505796,223.60596764301158,184.49503235698842,0.1328264743578057,0.19167282258966037,12.022142857142862,13286106.95,0.4332172387625377,-74427249.0,-0.05278138420053924,0.012546786862709942,-0.06900613496898649,-0.03514750762970498,-0.04109796784956021,-0.11874564459930315,2.3756163155003276,17.193988506863253,1,0,0.03732405503716607,TSLA,US,EV/Auto
2025-01-21,189.95,186.48,170.59,177.66,6726439,195.78199999999998,205.498,203.707,209.37079999999997,200.18946738994006,203.6904869919621,38.208425720620845,7.62119503945884,-3.5010196020220405,-1.0015694146864207,-2.49945018733562,203.707,10.586799675465144,224.88059935093028,182.5334006490697,-0.11508200774424561,0.2078828842487136,11.806428571428574,12940137.85,0.5198119647688325,-81153688.0,-0.06341926300806577,0.08944050433361785,-0.06470123716733504,-0.1417391304347826,-0.03722971874491954,-0.13353492001560674,11.28311522484386,9.73297537079965,1,1,0.06799504671845114,TSLA,US,EV/Auto
2025-01-22,179.37,179.59,178.79,179.15,11296375,190.82,202.432,203.02,208.16620000000003,196.952626253026,201.87267163954812,40.85617380144835,13.66825708672468,-4.920045386522105,-1.7852646090535578,-3.1347807774685474,203.02,11.711725119006411,226.44345023801284,179.59654976198718,-0.009532109007001757,0.23075017474039464,11.51571428571429,13239708.8,0.8532192299260214,-69857313.0,0.008386806259146784,0.004465531677340474,-0.0012265150248022096,-0.14613221486106476,-0.07123230856965101,-0.12164149833300653,13.661027768693573,9.10658643634592,1,1,0.04471113591962039,TSLA,US,EV/Auto
2025-01-23,174.43,190.68,185.86,188.0,3235245,186.952,198.238,202.1135,207.2134,195.5752991371758,200.8450655471739,42.17601720738483,31.61290322580645,-5.2697664099981125,-2.482164969242469,-2.7876014407556435,202.1135,12.151714314839763,226.41692862967952,177.81007137032046,0.2096397340625817,0.24049287780934264,11.851428571428574,12331971.3,0.26234611311931016,-66622068.0,0.049399944180853916,0.025638297872204018,0.07779625064451182,-0.18239540749760808,-0.08795420365788575,-0.09327674351307036,27.784870730485395,17.57633790800761,0,1,-0.05962765957446814,TSLA,US,EV/Auto
2025-01-24,188.92,203.46,190.96,196.52,5642960,186.204,196.28699999999998,201.87349999999998,206.6532,195.72063773145646,200.52469009463374,49.964041711614534,38.854552946023915,-4.804052363177277,-2.946542448029431,-1.8575099151478462,201.87349999999998,12.215444613491195,226.30438922698238,177.44261077301758,0.3904358341063207,0.24204156788148404,12.150714285714288,11882859.35,0.47488229549041194,-60979108.0,0.04531914893617017,0.06360675758160184,0.04022866821913929,-0.09031153080590659,-0.02384263858533664,-0.018675721561969394,41.382061920820604,27.609320139999856,0,0,-0.15245267657235906,TSLA,US,EV/Auto
2025-01-27,196.96,206.46,189.01,196.77,9333480,187.62,194.439,201.5,206.1202,195.88207808046315,200.2465647201138,44.94015233949946,45.81635099496526,-4.364486639650664,-3.2301312863536777,-1.1343553532969866,201.5,12.253420575067258,226.0068411501345,176.9931588498655,0.40349633452499195,0.24324408089342814,12.402857142857146,11795998.05,0.7912411624007378,-51645628.0,0.0012721351516384871,0.08868221781730617,-0.000964662875705895,-0.08585365853658533,-0.0365746180963572,0.03732405503716607,41.781040535560486,36.982657728955495,0,0,-0.11871728413884242,TSLA,US,EV/Auto
2025-01-28,196.59,192.65,187.41,189.74,3652576,190.036,192.90900000000002,200.8785,205.34,194.9371429911611,199.4683001943733,40.47099040926788,50.06549646319101,-4.531157203212217,-3.4903364697253862,-1.040820733486831,200.8785,12.529761317926948,225.93802263585388,175.81897736414612,0.27775913447885564,0.24949930067905857,12.085000000000004,11041503.3,0.33080420029361396,-55298204.0,-0.03572699090308484,0.02761673869491089,-0.034844091764408926,-0.07461958642216149,-0.061482910421922,0.06799504671845114,30.56176188907499,37.908288115152025,0,0,-0.0956045114367029,TSLA,US,EV/Auto
2025-01-29,186.11,190.28,184.66,187.16,11445122,191.63799999999998,191.22899999999998,200.024,204.601,193.74065945405937,198.55657374163385,25.626709206927984,66.53899721448467,-4.815914287574486,-3.7554520332952066,-1.0604622542792796,200.024,12.865969556608894,225.75593911321778,174.29206088678222,0.25003827065558837,0.25728851650891027,10.812142857142861,11120993.85,1.029145517498374,-66743326.0,-0.013597554548329338,0.03002778371430849,0.0056418247272813984,-0.08236909197881948,-0.08367197062423504,0.04471113591962039,32.445662815107774,34.929488413247746,0,0,-0.07218422739901686,TSLA,US,EV/Auto
2025-01-30,185.71,181.57,172.96,176.79,5581943,189.39600000000002,188.174,198.9085,203.6336,191.13286569189634,196.94423410690214,26.703870814533374,46.861702127659555,-5.811368415005802,-4.166635309637326,-1.6447331053684762,198.9085,13.877676991637271,226.66385398327455,171.15314601672546,0.10154534484715586,0.27907660037791254,10.556428571428574,10012335.55,0.5575065292826178,-72325269.0,-0.05540713827740973,0.04870184965185409,-0.04803187765845665,-0.14734252917912616,-0.112054244098443,-0.05962765957446814,12.14019972562872,25.049208143270494,0,0,-0.027886192657955666,TSLA,US,EV/Auto
2025-01-31,176.33,171.07,162.95,166.56,13566308,183.404,184.804,196.9635,202.7688,187.35242481621992,194.69354901449498,24.009821714529735,22.49871729091845,-7.341124198275054,-4.801533087364872,-2.539591110910182,196.9635,15.53781677917351,228.03913355834703,165.887866441653,0.010814478763147563,0.31554712988131556,10.72071428571429,9681544.5,1.4012543761737215,-85891577.0,-0.05786526387239088,0.04875120076819917,-0.05540747462113425,-0.16828123439528608,-0.18933125669230022,-0.15245267657235906,7.370355246889157,17.318739262541886,1,1,0.0848342939481268,TSLA,US,EV/Auto
2025-02-03,165.93,178.5,169.34,173.41,6517726,178.732,183.176,195.80400000000003,202.0376,185.2074363829553,193.11698912484488,32.48809655630606,19.0297507370678,-7.90955274188957,-5.423137018269812,-2.486415723619758,195.80400000000003,16.407311720533162,228.61862344106635,162.9893765589337,0.1587801770698741,0.3351782746103116,10.667857142857146,8626140.0,0.7555784214517245,-79373851.0,0.04112632084534096,0.05282278991953852,0.045079250285993556,-0.08582423954873741,-0.11795523906408956,-0.11871728413884242,21.355655369102593,13.622070113873486,1,0,0.1001672337235453,TSLA,US,EV/Auto
2025-02-04,171.36,176.22,167.9,171.6,19154890,175.10399999999998,182.57,194.03400000000002,201.2538,183.11398463173137,191.52313742012853,32.22759226713532,17.622845382042698,-8.409152788397165,-6.020340172295283,-2.388812616101882,194.03400000000002,17.033439063084046,228.1008781261681,159.96712187383193,0.17073589900011507,0.35114338854007565,11.181428571428574,9228045.6,2.0757253219765928,-98528741.0,-0.010437691021279116,0.048484848484565905,0.0014005602240813497,-0.034110097939885176,-0.17101449275362324,-0.0956045114367029,17.66026949739363,15.462093371128459,1,1,0.07960372960372952,TSLA,US,EV/Auto
2025-02-05,173.73,175.13,172.46,173.65,3913092,172.402,182.02,192.226,200.41060000000002,181.65798699608038,190.19920080851935,31.222829116040586,26.261434051342576,-8.541213812438968,-6.524514900324021,-2.016698912114948,192.226,17.189150311200976,226.60430062240195,157.84769937759805,0.2298295776126128,0.3576862715992957,10.843571428571432,8851488.55,0.44208288084122516,-94615649.0,0.011946386946386944,0.015375755830605308,-0.0004604846601020181,-0.030700530281886684,-0.17234640865545015,-0.07218422739901686,24.592047804537103,21.202657557011104,1,1,0.05217391304347818,TSLA,US,EV/Auto
2025-02-06,175.54,176.86,167.86,171.86,16667916,171.416,180.406,189.322,199.48100000000002,180.15060438129876,188.8407410082403,33.179341388296635,26.888217522658636,-8.690136626941523,-6.957639245647521,-1.732497381294002,189.322,15.28266083197789,219.8873216639558,158.75667833604422,0.21434948088888534,0.3228924442356867,10.922142857142859,9477798.75,1.7586271539446694,-111283565.0,-0.010308090987618757,0.05236820667955098,-0.0209638828755783,-0.08585106382978713,-0.252587631556058,-0.027886192657955666,20.478051022282788,20.91012277473784,1,1,0.03636681019434418,TSLA,US,EV/Auto
2025-02-07,171.26,181.69,179.89,180.69,4406098,174.24200000000002,178.823,187.555,198.5986,180.23358832263742,188.236982217042,44.55732946298984,56.178707224334616,-8.003393894404581,-7.166790175398933,-0.8366037190056481,187.555,14.02325718602034,215.6015143720407,159.50848562795932,0.37761402523478504,0.29907509127339876,10.793571428571429,9133877.95,0.4823906714901231,-106877467.0,0.051379029442569335,0.009961813049920026,0.05506247810314694,-0.08055159780175047,-0.16358839050131924,0.0848342939481268,40.77223626658763,28.614111697802503,1,1,0.03608390060324318,TSLA,US,EV/Auto
2025-02-10,183.68,191.56,190.15,190.78,18341746,177.716,178.22400000000002,186.3315,198.0838,181.85611319607784,188.42535396186688,58.12484518206589,88.542329726289,-6.569240765789033,-7.047280293476953,0.4780395276879199,186.3315,12.460108251198578,211.25171650239716,161.41128349760285,0.5892548425288124,0.26748259421797616,10.205714285714288,9702429.1,1.8904280485360054,-88535721.0,0.0558414964856937,0.007390711814616867,0.038654181184458514,-0.030441632362656956,-0.11368176538908248,0.1001672337235453,63.96230751404362,41.737531600971344,1,0,0.02861935213334732,TSLA,US,EV/Auto
2025-02-11,188.36,188.3,182.83,185.26,9045653,180.448,177.77599999999998,185.3425,197.3492,182.37978808898893,188.19088323210255,53.60386929338208,69.69092721834495,-5.811095143113619,-6.800043263404286,0.9889481202906678,185.3425,11.656056422126543,208.65461284425308,162.03038715574692,0.49823053360608244,0.25155712094233434,10.635714285714286,9818314.15,0.9213039978656623,-97581374.0,-0.028933850508439107,0.029526071466967903,-0.016457846676489515,-0.02361125751027726,-0.0964689816621147,0.07960372960372952,51.27556883357214,52.00337087140113,1,1,0.04771672244413261,TSLA,US,EV/Auto
2025-02-12,185.97,184.91,180.96,182.71,3614624,182.26000000000002,177.331,184.28,196.8322,182.43058992145217,187.78489177588568,46.62928507709953,68.01816412585147,-5.3543018544335155,-6.510894981610132,1.1565931271766168,184.28,10.80728311931637,205.89456623863273,162.66543376136727,0.4636818989765906,0.23458396178115304,10.119285714285713,9221191.5,0.3919909491098901,-101195998.0,-0.013764439166576659,0.021618959005956815,-0.017529709092770133,-0.023776447958965496,-0.10418709550892336,0.05217391304347818,45.414847160528296,53.55090783604802,1,1,0.15877620272563076,TSLA,US,EV/Auto
2025-02-13,186.1,184.14,173.29,178.11,12623045,183.51000000000002,177.46300000000002,182.8185,196.3164,181.76588377969028,187.06823295307376,37.65258215962441,56.68064709406832,-5.302349173383476,-6.269185819964802,0.9668366465813261,182.8185,9.410899769612476,201.64029953922494,163.99670046077506,0.3749189738589471,0.2059069463880514,9.789999999999997,9376867.4,1.3461898430823664,-113819043.0,-0.025176509222264776,0.060917410588619825,-0.0429339065016499,0.00746648566095387,-0.1409761743995369,0.03636681019434418,34.8425649268021,43.84432697363417,1,1,0.18988265678513283,TSLA,US,EV/Auto
2025-02-14,179.33,187.66,186.84,187.21,7086120,184.814,179.52800000000002,182.166,195.8084,182.6034401212764,187.0787342181528,44.26858513189448,68.86212828704842,-4.475294096876382,-5.910407475347119,1.4351133784707368,182.166,8.551084511089657,199.2681690221793,165.0638309778207,0.6474666749232547,0.18776466543795692,9.22571428571428,8880356.45,0.7979543661274582,-106732923.0,0.05109202178429051,0.004380107900195572,0.043941337199331146,0.12397934678194056,-0.06516528512933184,0.03608390060324318,81.6835016807514,53.9803045893606,1,1,0.08119224400405955,TSLA,US,EV/Auto
2025-02-17,186.99,198.4,194.51,196.24,8558975,185.906,181.811,182.49349999999998,195.342,184.70137241031082,187.75734663852924,53.8056206088993,69.01442895573491,-3.0559742282184175,-5.3395208259213796,2.283546597702962,182.49349999999998,8.96960262864512,200.43270525729022,164.55429474270974,0.8831412763820878,0.19660103244435492,9.356428571428566,9020516.65,0.9488341281611482,-98173948.0,0.04823460285241166,0.019822666123013616,0.04946788598294311,0.13165330719105017,0.03453002266856453,0.02861935213334732,93.90691113980517,70.14432591578623,0,1,-0.04484304932735428,TSLA,US,EV/Auto
2025-02-18,197.42,194.17,194.04,194.1,9175415,187.674,184.061,183.31550000000001,195.1298,186.14731511641688,188.22717290335356,54.08427495291902,55.03946569520339,-2.079857786936685,-4.687588218124441,2.607730431187756,183.31550000000001,9.25218635612302,201.81987271224605,164.81112728775398,0.7914040958565293,0.20188552208782232,9.112142857142853,9142965.45,1.0035490177260795,-107349363.0,-0.010905014268243085,0.0006697578567713844,-0.01681693850665169,0.13111888111888104,0.09253630530226276,0.04771672244413261,87.87023977185132,87.82021753080262,0,1,-0.03956723338485324,TSLA,US,EV/Auto
2025-02-19,193.95,211.87,211.6,211.72,14162319,193.476,187.868,184.94400000000002,195.178,190.0815743292758,189.96738262624086,68.9404619889383,79.3738898756661,0.11419170303494752,-3.7272322338925634,3.841423936927511,184.94400000000002,11.151776068128884,207.24755213625778,162.64044786374225,1.1002631292835934,0.24119249217208633,9.367142857142854,9286262.65,1.525082587979289,-93187044.0,0.09077794951056162,0.0012752692234967646,0.0916215519459056,0.21923409156348983,0.18180295841473626,0.15877620272563076,99.69337693990815,93.82350928385488,0,0,-0.10872850935197431,TSLA,US,EV/Auto
2025-02-20,210.55,214.17,210.14,211.93,7723949,200.24,191.875,186.1405,195.298,193.44287058631033,191.59424343933262,77.60068134809588,84.21545667447305,1.8486271469777193,-2.612060357718507,4.460687504696226,186.1405,12.67644499185741,211.49338998371482,160.78761001628519,1.0086106557389913,0.2724059512419771,8.666428571428568,9510697.85,0.8121326436489996,-85463095.0,0.0009918760627243284,0.01901571273524742,0.0065542626454212355,0.2331548935179797,0.12728723404255327,0.18988265678513283,95.16303174054931,94.2422161507696,0,0,-0.12914641626952295,TSLA,US,EV/Auto
2025-02-21,210.2,207.34,198.47,202.41,12706766,203.28,194.047,186.435,195.347,194.82242895764722,192.39541071367086,67.08696676879566,75.51448971020577,2.427018243976363,-1.6042446373795327,4.031262881355896,186.435,12.994697096569306,212.42439419313862,160.44560580686138,0.8073369059793277,0.2788038103682165,8.774999999999997,9863888.15,1.2882105432014106,-98169861.0,-0.04492049261548625,0.043821945555833124,-0.037059942911336505,0.12020587746969946,0.02997150417260319,0.08119224400405955,74.605916647061,89.82077510917281,0,0,-0.07558915073365935,TSLA,US,EV/Auto
2025-02-24,202.54,189.98,185.41,187.44,5696149,201.52,193.71300000000002,185.9685,195.06560000000002,193.6866706564707,192.02834320177203,58.07998367680066,50.214993456720876,1.6583274546986786,-0.9517302189638904,2.610057673662569,185.9685,12.769672655822072,211.50784531164416,160.42915468835585,0.5288084910070167,0.27466313178314417,9.394999999999998,9682021.6,0.5883222168888554,-103866010.0,-0.0739587965021491,0.024381135296498144,-0.07455317468117627,-0.01750707621343961,-0.04741576459826202,-0.04484304932735428,42.280285034716464,70.68307780744226,1,0,0.04438753734528378,TSLA,US,EV/Auto
2025-02-25,187.22,191.13,182.66,186.42,7228971,199.984,193.829,185.80249999999998,194.74400000000003,192.568721324706,191.61291031790992,56.58315290236106,39.20404573438873,0.9558110067960683,-0.5702219738118987,1.526032980607967,185.80249999999998,12.739608303902044,211.28171660780407,160.3232833921959,0.5121177194925757,0.2742612893547392,9.747857142857141,9860841.35,0.7330987296435177,-111094981.0,-0.005441741357234409,0.04543503915864481,-0.0042730477512858585,0.006261470365972022,-0.017497628333509097,-0.03956723338485324,40.07773698898555,52.32131289025434,1,1,0.04774165862031965,TSLA,US,EV/Auto
2025-02-26,187.16,188.75,188.67,188.7,12125420,195.38,194.42800000000003,185.8795,194.24880000000002,191.9735334285974,191.39713915723178,58.637669265490345,44.08154318281455,0.5763942713656149,-0.3408987247763959,0.9172929961420109,185.8795,12.75289212812477,211.38528425624955,160.37371574375047,0.5552913796162453,0.2744335363083323,9.27142857142857,9894856.25,1.2254264709073999,-98969561.0,0.01223044737689083,0.00042395336512765535,0.008228253900362064,0.03278419353073159,0.008228253900405935,-0.10872850935197431,37.69569471532055,40.017905579674185,1,1,0.06857445680975083,TSLA,US,EV/Auto
2025-02-27,187.03,185.12,184.12,184.56,17869798,189.906,195.073,186.268,193.89739999999998,190.83298982419777,190.89068434829855,52.08535402521823,7.747355320472948,-0.05769452410078202,-0.2842578846412731,0.2265633605404911,186.268,12.578578950782175,211.42515790156435,161.11084209843565,0.4660533990534789,0.2701178721136136,8.89642857142857,10509249.0,1.7003875633370602,-116839359.0,-0.02193958664546891,0.005418292154283603,-0.013206437469853994,0.03621357588007412,0.043950449686068316,-0.12914641626952295,27.568493150010582,35.11397495143889,1,1,0.163469874295622,TSLA,US,EV/Auto
2025-02-28,185.19,192.76,182.6,187.11,9753527,186.846,195.063,187.2955,193.6618,190.26022215893656,190.61063362688046,47.84750733137831,14.008120649652,-0.3504114679438999,-0.2974886013017985,-0.052922866642101385,187.2955,11.692059597504052,210.67961919500812,163.9113808049919,0.49603363293376423,0.24970294742674823,8.845714285714283,10318609.95,0.9452364322350966,-107085832.0,0.013816644993498217,0.05429960985487519,0.010367730438952689,-0.0005341595000266652,0.1233789625360231,-0.07558915073365935,33.80626223009286,33.02348336514134,1,1,0.16941905830794712,TSLA,US,EV/Auto
2025-03-03,189.14,196.7,195.0,195.76,8511462,188.51,195.015,188.41299999999998,193.62060000000002,191.10634182679246,190.9920682095491,55.940257976917856,40.10711097887532,0.11427361724335583,-0.2151361575927676,0.32940977483612344,188.41299999999998,11.358385309634146,211.12977061926827,165.6962293807317,0.6617087244149615,0.24113803844902126,8.96285714285714,10418296.75,0.816972427189461,-98574370.0,0.04622949067393489,0.008684102983200371,0.03500052870870786,-0.0024459845087648757,0.12888530073236826,0.04438753734528378,54.96575342331298,38.78016960113881,1,1,0.09348181446669401,TSLA,US,EV/Auto
2025-03-04,194.5,196.74,194.18,195.32,12070001,190.29,195.137,189.599,193.8364,191.75459693036285,191.3126557779966,57.30845021444301,70.64989517819707,0.44194115236624043,-0.08372069560096597,0.5256618479672064,189.599,10.731515760894315,211.0620315217886,168.13596847821137,0.6332756743510101,0.2264044802100794,8.838571428571427,10064052.3,1.1993180719740424,-110644371.0,-0.0022476501838986085,0.01310669670277952,0.004215938303320192,0.006285419886656429,0.13822843822843822,0.04774165862031965,53.88943248400467,47.5538160458035,1,1,0.11401802170796649,TSLA,US,EV/Auto
2025-03-05,198.81,202.0,201.35,201.64,12821220,192.878,194.129,190.99849999999998,194.01139999999998,193.27542817184545,192.07764430166537,63.37083759518126,81.21410992616903,1.197783870180075,0.17258021755524228,1.0252036526248327,190.99849999999998,10.360822602477423,211.72014520495483,170.27685479504513,0.7567725654500324,0.21698228211055443,8.540714285714285,10509458.7,1.2199694718844587,-97823151.0,0.032357157485152443,0.0032235667526124886,0.014234696443769174,-0.04761005101076898,0.16118629427008346,0.06857445680975083,60.31042128412066,56.38853573047944,1,1,0.10117040269787747,TSLA,US,EV/Auto
2025-03-06,200.04,215.09,214.45,214.73,6237157,198.91199999999998,194.409,193.142,194.1834,196.57613153002308,193.7555967031189,64.95977386388344,86.9849389030975,2.8205348269041792,0.7021711394250298,2.1183636874791496,193.142,10.62419364122861,214.39038728245723,171.89361271754277,1.0079914939430523,0.22002865541774672,8.819285714285716,9987920.75,0.6244699504178635,-91585994.0,0.06491767506447133,0.0029804871233504136,0.07343531293704542,0.013211909592790061,0.24944722448504586,0.163469874295622,98.89196675595898,71.03060684136143,1,1,0.12108228938667165,TSLA,US,EV/Auto
2025-03-07,213.02,223.68,214.92,218.81,42587886,205.252,196.049,195.048,194.5332,199.9967266792503,195.61147855939078,62.96679305986441,98.74750925135213,4.3852481198595115,1.4387865355119265,2.9464615843475848,195.048,11.64323503607436,218.33447007214872,171.76152992785129,1.0102104338993358,0.23877681465105338,8.659285714285717,11897010.15,3.579713044145546,-48998108.0,0.019000605411447102,0.040034733330103676,0.027180546427437852,0.08102366483869372,0.21096906303613938,0.16941905830794712,88.14508276319025,82.4491569344233,1,1,0.08226315067867107,TSLA,US,EV/Auto
2025-03-10,217.34,220.13,209.21,214.06,8016038,208.91199999999998,198.71099999999998,196.212,194.7296,202.16030719013486,196.97803579216634,61.13342257920571,86.09697294401286,5.18227139796852,2.1874835080032455,2.994787889965275,196.212,12.337098353724828,220.88619670744964,171.53780329255034,0.8616733750393921,0.25150548088112756,9.282142857142858,11380724.75,0.7043520928355558,-57014146.0,-0.021708331429093786,0.051013734466733504,-0.015091561608470184,0.142018779342723,0.12202536953559084,0.09348181446669401,76.58227847914844,87.87310933276588,1,1,0.04330561524806131,TSLA,US,EV/Auto
2025-03-11,211.16,218.77,216.64,217.59,5258774,213.36599999999999,201.828,197.82850000000002,195.03799999999998,204.53410608396027,198.5048480478085,53.88484447385837,83.88699161751009,6.029258036151759,2.9558384136329487,3.0734196225188106,197.82850000000002,12.930354037160843,223.6892080743217,171.96779192567834,0.8820757719070353,0.26144572773074615,8.349285714285715,11191380.8,0.46989496864453323,-51755372.0,0.0164907035410633,0.009789052805690679,0.030450842962538152,0.16720308979723209,0.17451149735506855,0.11401802170796649,85.17526776813108,83.30087633682325,1,1,0.038007261363114164,TSLA,US,EV/Auto
2025-03-12,213.81,229.48,216.09,222.04,9742237,217.446,205.16199999999998,199.79500000000002,195.3938,207.22732053258176,200.24819273423043,56.335380373480376,86.885698509111,6.979127798351328,3.7604962905766257,3.2186315077747025,199.79500000000002,13.488732724993902,226.7724654499878,172.81753455001223,0.9122885457925359,0.27005145724220087,9.017857142857142,11497761.45,0.8473159053655697,-42013135.0,0.020451307504940397,0.0603044496484403,0.03849211917104672,0.17668256491785916,0.21525915385036387,0.10117040269787747,84.12969283096994,81.96241302608315,1,1,0.02981444784723486,TSLA,US,EV/Auto
2025-03-13,219.13,242.78,239.09,240.73,12185167,222.64600000000002,210.779,202.926,196.22639999999998,212.38157891218458,203.24684527936446,71.53776978417267,90.22432599300268,9.134733632820115,4.835343759025324,4.299389873794791,202.926,15.332016861869045,233.5900337237381,172.2619662762619,1.1164224892829118,0.3022188750932556,9.537857142857144,11475867.55,1.061807822816165,-29827968.0,0.08417402269861296,0.015328376189027831,0.09857162414959807,0.3043454703077588,0.35158048397057984,0.12108228938667165,96.59355267370233,88.63283775760112,0,0,-0.06492751215054204,TSLA,US,EV/Auto
2025-03-14,240.01,244.75,230.45,236.81,9655667,226.246,215.74899999999997,205.406,196.8534,216.13979754107925,205.73300500734965,81.68399435245797,78.00608828006091,10.4067925337296,5.94963351396618,4.45715901976342,205.406,16.613990426587517,238.63398085317505,172.17801914682497,0.9725535406107393,0.32353466649477886,9.345,11604344.9,0.8320733527944906,-39483635.0,-0.016283803431229926,0.06038596343034342,-0.013332777800869364,0.2656191545080433,0.26494311201324705,0.08226315067867107,87.2244569575668,89.31590082074636,0,0,-0.028968371268105253,TSLA,US,EV/Auto
2025-03-17,234.6,226.63,220.69,223.33,7295911,228.1,218.506,206.7605,197.388,217.24598253475935,207.03648617570977,70.42160008852498,54.62925030725114,10.20949635904958,6.801606082982861,3.40789027606672,206.7605,16.928688970595523,240.61787794119107,172.90312205880895,0.744695558351209,0.3275033475061949,9.891428571428573,11541191.7,0.6321626533451782,-46779546.0,-0.05692327182129131,0.026597411901551068,-0.04803921568606966,0.14083571720474053,0.13804525071341223,0.04330561524806131,65.53499597641941,83.11766853589619,1,1,0.042134957238167736,TSLA,US,EV/Auto
2025-03-18,226.93,226.93,225.01,225.86,9636920,229.754,221.56,208.34849999999997,197.7652,218.5712159909502,208.4308205903069,70.50320017656149,62.6609442060086,10.140395400643314,7.469363946514951,2.6710314541283626,208.34849999999997,17.166517985218974,242.68153597043792,174.01546402956203,0.7550240534266046,0.3295731523891285,9.982142857142858,11564266.95,0.833335931134318,-37142626.0,0.011328527291452062,0.008500841229042393,-0.004715110386441978,0.15635879582224055,0.16362699639361167,0.038007261363114164,69.6057924365309,74.12174845683904,1,1,0.0787213317984592,TSLA,US,EV/Auto
2025-03-19,225.29,234.85,223.71,228.66,12841250,231.07799999999997,224.262,209.19549999999998,198.1422,220.1233366077271,209.92927838131834,74.6975806451613,62.06671026814912,10.194058226408771,8.014302802493717,2.1797554239150543,209.19549999999998,17.749632012493997,244.694764024988,173.69623597501197,0.7741535709800175,0.339388409643786,10.450714285714286,11498213.5,1.1168038307164996,-24301376.0,0.012397060125741488,0.048718621533942394,0.014958497935927233,0.13400119024003176,0.08001133572643115,0.02981444784723486,74.11102172044873,69.75060337779968,1,1,0.03240619260036737,TSLA,US,EV/Auto
2025-03-20,227.53,230.52,220.76,225.1,28750876,227.952,225.29899999999998,209.85399999999998,198.0454,220.88897712961523,211.05303557781033,71.0377671945952,53.401511783014676,9.835941551804893,8.378630552355952,1.457310999448941,209.85399999999998,18.097313670964187,246.04862734192835,173.65937265807162,0.7106113685777365,0.34495055935799074,10.422142857142859,12549559.85,2.2909866204601097,-53052252.0,-0.015568967025277769,0.04335850732988299,-0.010679910341446521,0.04829320542076099,0.062143160477516,-0.06492751215054204,61.14297013919035,68.28659476539,1,1,0.021235006663705036,TSLA,US,EV/Auto
2025-03-21,223.59,234.11,226.63,229.95,6393970,226.58,226.413,211.231,198.32379999999998,222.28298064813598,212.45281076581284,69.76529078506186,32.69107257546561,9.830169882323133,8.66893841834939,1.1612314639737438,211.231,18.543343223236224,248.31768644647244,174.14431355352755,0.7523681918343518,0.3511481406261095,10.38071428571429,12233920.05,0.5226427384865296,-46658282.0,0.021545979564637996,0.03252881061086101,0.028444921507990252,0.05091174992002179,0.13606047132058685,-0.028968371268105253,70.73363654200644,68.66254280054851,0,1,-0.001130680582735355,TSLA,US,EV/Auto
2025-03-24,231.04,238.02,228.51,232.74,10647937,228.462,228.281,213.496,198.6736,223.89175285611503,213.95556556924723,71.0603331832508,43.21892702432524,9.936187286867806,8.922388192053074,1.0137990948147326,213.496,18.248686874172137,249.99337374834428,176.99862625165574,0.7636354074669466,0.3419021784780354,10.877142857142863,12481509.45,0.8530968301196271,-36010345.0,0.012133072407045198,0.040861046661335214,0.007358033240965457,0.08726525273287877,0.24167733674775937,0.042134957238167736,72.32718893842566,68.06793187320748,0,0,-0.031881069004038864,TSLA,US,EV/Auto
2025-03-25,232.91,245.07,242.49,243.64,10617771,232.01799999999997,230.88600000000002,216.35700000000003,199.4456,226.929944724405,216.15441262555427,72.47912652536931,87.02150929639079,10.775532098850732,9.293016973412605,1.4825151254381268,216.35700000000003,18.265759482531436,252.8885189650629,179.82548103493716,0.8734172677738749,0.33769666768252493,11.280714285714291,12650949.45,0.8392864268945106,-25392574.0,0.0468333762997335,0.010589394188102917,0.04606929715320906,0.11972057539408976,0.3069413153095162,0.0787213317984592,96.01226993597287,79.69103180546831,0,0,-0.029674930224921958,TSLA,US,EV/Auto
2025-03-26,244.46,236.17,235.99,236.07,5608743,233.5,232.289,218.7255,200.0878,228.33610707449654,217.6296413581228,62.13879408418659,65.72220511241144,10.706465716373742,9.575706722004833,1.1307589943689091,218.7255,17.547856811708176,253.82121362341636,183.62978637658367,0.7471028255097282,0.3209110380203121,10.866428571428573,12325115.6,0.45506612083491366,-31001317.0,-0.031070431784600228,0.00076248570338974,-0.03432054323801724,0.06318681318681318,0.25103338632750405,0.03240619260036737,74.90239821319291,81.08061902919714,1,0,0.02359469648832979,TSLA,US,EV/Auto
2025-03-27,238.19,235.08,225.73,229.88,32483345,234.456,231.204,220.9915,200.53859999999997,228.5736290630355,218.53707535333214,56.149316742584155,51.7010596765198,10.036553709703355,9.667876119544538,0.36867759015881774,220.9915,15.736422142345678,252.46434428469135,189.51865571530865,0.6412090359383601,0.2848330753404446,10.965714285714286,13055792.95,2.4880405683792217,-63484662.0,-0.02622103613335025,0.040673394814509094,-0.034888114530270437,-0.04507124164001164,0.2455570004334633,0.021235006663705036,57.64082543062908,76.18516452659829,1,1,0.050287106316339036,TSLA,US,EV/Auto
2025-03-28,233.76,234.56,225.78,229.69,16084436,234.404,230.49200000000002,223.1205,201.1272,228.74537843795315,219.36321793807576,59.145699239321246,57.06371191135735,9.382160499877386,9.610732995611109,-0.2285724957337223,223.1205,13.65384020590628,250.42818041181255,195.81281958818744,0.6202866721066856,0.24477966311199703,10.812857142857144,13372338.4,1.2028139219978218,-79569098.0,-0.0008265181834000712,0.038225434280821,-0.017411019849343696,-0.03006629787593429,0.22756667201111624,-0.001130680582735355,46.92891649251453,59.82404671211217,1,1,0.11363141625669382,TSLA,US,EV/Auto
2025-03-31,227.41,227.61,223.49,225.32,22830760,232.92,230.69099999999997,224.5985,201.8398,228.21839713980648,219.80446106283566,54.47908216479314,42.76788503592628,8.413936076970828,9.371373611883053,-0.9574375349122253,224.5985,12.040875241399558,248.68025048279912,200.51674951720088,0.5149802233022961,0.21444266531336498,10.919285714285715,14088303.3,1.6205470519259013,-102399858.0,-0.019025643258304692,0.018285105627470797,-0.009190448968782433,0.008910580754936559,0.1510012259910094,-0.031881069004038864,31.849551413669765,45.47309777893779,1,1,0.15693236286170786,TSLA,US,EV/Auto
2025-04-01,227.07,237.65,235.42,236.41,16949751,231.474,231.746,226.65300000000002,203.0148,229.47864373368242,221.03450100749714,57.73162595501991,54.55222029273132,8.444142726185277,9.185927434743498,-0.741784708558221,226.65300000000002,10.13730063727654,246.9276012745531,206.37839872544694,0.7406212548185965,0.17890432753560398,10.843571428571432,14332290.8,1.1826267031487594,-85450107.0,0.049218888691638485,0.009432765111419083,0.04113269035961981,0.046710351545204976,0.21037272168748733,-0.029674930224921958,64.47908121146519,47.75251637254983,1,1,0.14512922465208766,TSLA,US,EV/Auto
2025-04-02,236.56,242.8,240.71,241.64,4880136,232.58800000000002,233.044,228.65299999999996,204.2646,231.3496216208082,222.5608342930754,50.57254309802441,47.11316397228637,8.788787327732791,9.106499413341357,-0.3177120856085658,228.65299999999996,8.80039598391372,246.2537919678274,211.05220803217253,0.868932262334277,0.15395198810206262,9.818571428571431,13935236.6,0.3502011332766942,-80569971.0,0.022122583647053773,0.008649230259854968,0.02147446736548237,0.056765503367445014,0.1983733386232891,0.02359469648832979,85.93109105471979,60.75324122661825,1,1,0.15494123489488487,TSLA,US,EV/Auto
2025-04-03,242.37,244.09,239.31,241.44,27897405,234.9,234.67800000000003,229.98850000000002,205.33339999999995,232.90198752529923,223.95929103490576,53.05610561056105,59.845984598459864,8.942696490393473,9.07373882875178,-0.13104233835830748,229.98850000000002,8.60073024745422,247.18996049490846,212.78703950509157,0.8328641775085526,0.1495853966162104,9.13857142857143,15018249.0,1.8575669601984253,-108467376.0,-0.0008276775368315503,0.019797879390242724,-0.003837108553022939,0.07258996001776996,0.12438876728915393,0.050287106316339036,85.11074651004469,78.5069729254099,1,1,0.14947813121272358,TSLA,US,EV/Auto
2025-04-04,239.94,256.58,255.15,255.79,4498144,240.11999999999998,237.262,231.8375,206.5188,236.42322021371473,226.31712136420856,71.1824588880188,86.56505786057016,10.106098849506168,9.28021083290266,0.8258880166035087,231.8375,9.941569226445608,251.72063845289122,211.9543615471088,1.1023319722801286,0.17152650846222423,9.06857142857143,13113761.9,0.34300940426488874,-103969232.0,0.0594350563286945,0.005590523476267204,0.06605818121169432,0.11237225483800839,0.16900507289429179,0.11363141625669382,97.7945281938081,89.6121219195242,1,1,0.07928378748191878,TSLA,US,EV/Auto
2025-04-07,257.6,261.98,259.65,260.68,6262556,247.192,240.05599999999998,234.1685,207.797,240.15503248852784,228.8625198172519,72.04355533046342,88.61201096436582,11.292512671275944,9.682671200577317,1.6098414706986262,234.1685,10.966552629652893,256.10160525930576,212.2353947406942,1.104371786061788,0.18732754626870918,9.253571428571432,13026087.8,0.48077025238765453,-97706676.0,0.019117244614722972,0.008938161730823626,0.011956521739083957,0.12004812236830786,0.2177894048397646,0.15693236286170786,96.84619116698576,93.25048862361285,1,1,0.05930642933865271,TSLA,US,EV/Auto
2025-04-08,262.51,278.02,264.88,270.72,11571864,254.054,242.76399999999998,236.825,209.4166,244.85733518260048,231.96307394498953,74.39109255393183,99.56331877729261,12.894261237610948,10.324989207984045,2.5692720296269034,236.825,12.987982096821954,262.8009641936439,210.84903580635608,1.1524300646969137,0.21936842979866333,9.696428571428573,13341742.3,0.8673427257440937,-86134812.0,0.03851465398189369,0.048537234042373846,0.03127499904753633,0.11114759481201797,0.2441748242106716,0.14512922465208766,87.25113517137187,93.96395151072191,0,1,-0.021165780141844004,TSLA,US,EV/Auto
2025-04-09,271.88,280.37,278.05,279.08,7361586,261.54200000000003,247.065,239.677,211.255,250.12236053912346,235.45321665755384,79.65282355526259,99.53563965637338,14.669143881569624,11.193820142701162,3.475323738868463,239.677,15.575413519896934,270.8278270397939,208.5261729602061,1.1324551182627005,0.2599400613297389,9.688571428571427,13222709.75,0.5567380349751657,-78773226.0,0.03088061465721026,0.008313028522257706,0.026482271590310087,0.18219172279408657,0.2568906503332733,0.15494123489488487,97.73206750883027,93.94313128239595,0,0,-0.0627776981510677,TSLA,US,EV/Auto
2025-04-10,276.79,286.33,270.5,277.53,14313694,268.76,251.82999999999998,241.517,213.2698,254.33892045618137,238.57001545824338,77.1203830369357,95.55724803249555,15.768904997937994,12.10883711374853,3.6600678841894645,241.517,17.73089100382358,276.97878200764717,206.05521799235282,1.00777200073062,0.29365868247370036,10.175714285714282,13329136.1,1.073865014112579,-93086920.0,-0.005553963021355912,0.05703887867957679,0.002673506990849665,0.20728206020532447,0.1528683587421591,0.14947813121272358,85.99618077520692,90.32646115180302,0,0,-0.02662775195474354,TSLA,US,EV/Auto
2025-04-11,279.74,284.07,269.67,276.07,15855240,272.816,256.46799999999996,243.48000000000002,215.46,257.6821634629227,241.34779211950388,75.07813404329207,92.59532595325955,16.33437134341881,12.953943959682588,3.3804273837362206,243.48000000000002,19.28729060670177,282.05458121340354,204.90541878659647,0.9224284356942479,0.31686036810616974,10.524999999999993,13639114.75,1.162482985746345,-108942160.0,-0.005260692537743639,0.05216068388433302,-0.013119325087534484,0.20192433279637778,0.16578691778218824,0.07928378748191878,83.67281985863029,89.13368938088917,0,0,-0.009961241714057989,TSLA,US,EV/Auto
2025-04-14,273.24,277.55,275.02,276.14,9682896,275.908,261.55,246.1205,217.5146,260.5218306224731,243.92499272776018,71.50608787718372,88.58551384148656,16.596837894712905,13.682522746688653,2.9143151480242526,246.1205,19.985784810051413,286.09206962010285,206.14893037989717,0.8755106477483287,0.3248130051738107,9.824999999999998,13758464.0,0.7037773472549445,-99259264.0,0.0002535588799941202,0.009162019265556848,0.010613380178558644,0.2255458902893661,0.23646621591367012,0.05930642933865271,83.7842138751785,84.48440483633857,0,0,-0.04490475845585562,TSLA,US,EV/Auto
2025-04-15,271.6,271.38,259.88,264.99,23862079,274.762,264.408,248.077,219.3824,261.20924129593874,245.48536365055867,68.27141774071268,56.60435182347535,15.723877645380071,14.090793726426938,1.6330839189531332,248.077,19.812559307565156,287.7021186151303,208.4518813848697,0.7134126103641315,0.3194582215600042,10.439999999999998,14469721.95,1.6491040694044525,-123121343.0,-0.040378069095386326,0.0433978640701785,-0.024337260677377306,0.12089167124910127,0.17324891525723896,-0.021165780141844004,66.04073838214451,77.83259070531776,1,1,0.08830521906487032,TSLA,US,EV/Auto
2025-04-16,267.39,270.09,254.73,261.56,4789218,271.258,266.4,249.72199999999998,221.1406,261.2632041734866,246.67607746393188,70.73841319717205,32.398155265180534,14.587126709554724,14.190060323052494,0.3970663865022299,249.72199999999998,19.478548957088183,288.67909791417634,210.76490208582362,0.6519363688926155,0.31200373146154814,10.798571428571424,14067120.35,0.34045472992240877,-127910561.0,-0.01294388467489338,0.0587245756229594,-0.021803358390284532,0.0824366826684324,0.14388174582349333,-0.0627776981510677,60.58243157128292,70.1357946095353,1,1,0.060445022174644425,TSLA,US,EV/Auto
2025-04-17,261.26,270.63,269.74,270.14,13249779,269.78000000000003,269.27,251.974,223.1062,262.62886506987326,248.41414581306177,73.85867641854432,32.96493902439022,14.214719256811492,14.194992109804295,0.019727147007197132,251.974,19.08166008446183,290.1373201689237,213.81067983107633,0.7380034011565707,0.30291474651172123,10.81928571428571,13292065.5,0.9968185909993754,-114660782.0,0.03280318091451284,0.0032945879913996146,0.03398912960256452,0.118870112657389,0.2000888494002666,-0.02662775195474354,74.23615531390459,66.953108422444,1,1,0.05123269415858456,TSLA,US,EV/Auto
2025-04-18,265.51,284.69,264.22,273.32,14864288,269.22999999999996,271.023,254.14249999999998,224.95879999999997,264.27365505912354,250.25902391388257,78.71500358937547,42.44707570864731,14.014631145240969,14.15891991689163,-0.14428877165066112,254.14249999999998,18.910638296722553,291.9637765934451,216.32122340655488,0.7535279309235446,0.29763834536369405,11.838571428571424,13715581.4,1.0837518645945359,-99796494.0,0.01177167394684231,0.07489389726300702,0.029415087943846136,0.0685327807967473,0.18860621874320516,-0.009961241714057989,74.44509919319496,69.75456202612747,1,1,0.06786916434948043,TSLA,US,EV/Auto
2025-04-21,271.29,264.91,262.8,263.74,26776832,266.75,271.329,255.69250000000002,226.418,264.1915542807968,251.25761474154146,66.65042037285247,32.87024173381495,12.933939539255363,13.91392384136438,-0.9799843021090169,255.69250000000002,18.325460538479355,292.34342107695875,219.0415789230413,0.6097857811334707,0.2866796724723282,11.709285714285707,14522026.15,1.8438770099668902,-126573326.0,-0.035050490267817924,0.00800030332900589,-0.027829997419632796,0.011738529998465586,0.1331958408524534,-0.04490475845585562,51.9566142056156,66.87928957090504,1,1,0.1614089633730189,TSLA,US,EV/Auto
2025-04-22,263.86,294.56,283.45,288.39,15970577,271.43,273.096,257.92999999999995,228.4806,267.9143920837512,254.00816181421183,73.03182579564492,60.11226679874527,13.90623026953935,13.912385126999373,-0.006154857460023422,257.92999999999995,19.47246801323117,296.8749360264623,218.98506397353762,0.8910649638557882,0.30198066162378445,13.454285714285705,14789666.45,1.0798469305677323,-110602749.0,0.09346325927049359,0.03852422067326013,0.09296596680022363,0.06527039007092172,0.18367263175176496,0.08830521906487032,88.8325791839125,71.74476419424101,1,1,0.028190991365858675,TSLA,US,EV/Auto
2025-04-23,291.51,289.53,267.65,277.37,4650222,274.592,272.925,259.995,230.37379999999996,269.36910099394333,255.7386683560976,65.99590419374945,60.24156187954997,13.630432637845729,13.855994629168645,-0.2255619913229161,259.995,19.220510837178598,298.4360216743572,221.55397832564282,0.7259955542605193,0.29570585337571376,14.675714285714276,14741740.4,0.31544590790339055,-115252971.0,-0.03821214327819955,0.07888380142020086,-0.048506054680633535,-0.006127275333237758,0.1749481086118525,0.060445022174644425,56.84157669955208,65.87692336302672,1,1,0.07005083462522976,TSLA,US,EV/Auto
2025-04-24,276.75,285.13,283.06,283.98,13843950,277.36,273.57000000000005,262.7,232.4912,271.61693161025977,257.8306188589898,63.479009276083026,67.62024520591012,13.786312751269975,13.842058253588913,-0.05574550231893838,262.7,18.554555689697864,299.80911137939574,225.59088862060426,0.7867220368287865,0.28252083273128653,14.148571428571419,13809770.65,1.0024749395476065,-101409021.0,0.02383098388434224,0.007289245721503993,0.026124661246518136,0.023240730731812986,0.2353401774839048,0.05123269415858456,73.43710770591426,73.03708786312627,1,1,0.03764349602084649,TSLA,US,EV/Auto
2025-04-25,281.52,299.72,285.59,291.87,8635377,281.07,275.15,265.809,234.5844,274.73278828560444,260.3520545110633,64.49753648786839,67.265215318608,14.38073377454117,13.949793357779367,0.4309404167618034,265.809,17.931258182291433,301.6715163645829,229.94648363541717,0.8633459478163387,0.2698367351327302,14.830714285714276,13437317.7,0.6426413775539908,-92773644.0,0.027783646735685563,0.048411964230484945,0.03676470588222243,0.057231861484406066,0.2707126997257172,0.06786916434948043,82.55167814886524,70.94345418477718,1,1,0.05433926062973238,TSLA,US,EV/Auto
2025-04-28,288.57,307.47,305.38,306.31,11152833,289.584,278.16700000000003,269.8585,236.7858,279.59082085704995,263.7563467845029,65.89264981691525,72.23345464348297,15.834474072547039,14.326729500732903,1.5077445718141362,269.8585,17.44475981491269,304.74801962982536,234.96898037017462,1.0223846643021275,0.2585763993329548,14.706428571428564,12853421.35,0.867693653589466,-81620811.0,0.04947408092643979,0.006823153014897354,0.06147555185895462,0.1092561744042877,0.3594443458192793,0.1614089633730189,97.80053090447852,84.59643891975266,1,0,0.019620645751036392,TSLA,US,EV/Auto
2025-04-29,301.85,302.93,291.39,296.52,13334360,291.21000000000004,281.32,272.864,238.83419999999998,282.19530995596534,266.1832840696263,57.689594356261026,72.0295698924731,16.012025886339018,14.663788777854124,1.3482371084848932,272.864,16.532975151750907,305.9299503035018,239.79804969649817,0.8577093623805061,0.2423621313429448,15.082857142857138,12672651.8,1.0522153656730815,-94955171.0,-0.031961085175149395,0.03891811682166837,-0.01765777704151858,0.11898562209894692,0.25426166405820383,0.028190991365858675,79.2377701918991,86.5299930817476,1,1,0.07045055982733062,TSLA,US,EV/Auto
2025-04-30,296.19,300.43,293.9,296.8,18835242,295.096,284.844,275.62199999999996,240.5358,284.4421853473553,268.4511889619249,58.59270489610276,58.40495702578455,15.990996385430378,14.929230299369376,1.0617660860610023,275.62199999999996,15.626072544241119,306.8741450884822,244.36985491151773,0.8388247420969233,0.2267754031852961,14.418571428571427,13370407.1,1.4087260358193554,-76119929.0,0.0009442870632674349,0.02200134770882085,0.0020594888416150246,0.1347300810521488,0.22827346465816922,0.07005083462522976,79.7686765248432,85.60232587374026,1,1,0.09198113207547176,TSLA,US,EV/Auto
2025-05-01,294.33,301.35,289.32,294.67,8313406,297.23400000000004,287.297,278.2835,242.1906,286.01569529391605,270.39332311968656,58.24468085106384,71.02576567817209,15.622372174229497,15.067858674341403,0.5545134998880936,278.2835,13.939822272898281,306.16314454579657,250.40385545420344,0.7938792848002206,0.2003686495656148,14.249285714285717,12391207.15,0.6709116576336425,-84433335.0,-0.007176549865229087,0.04082533003006483,0.001155165970165721,0.09080476789812697,0.22046885354539447,0.03764349602084649,75.729996206376,78.24548097437275,1,1,0.18515627651270905,TSLA,US,EV/Auto
2025-05-02,296.73,313.65,303.0,307.73,13225862,300.40600000000006,290.738,280.8805,244.297,289.3563575563905,273.1590028975558,62.55664202241834,74.95272115990753,16.197354658834684,15.29375787124006,0.9035967875946227,280.8805,14.360590984393482,309.6016819687869,252.15931803121302,0.967416348467337,0.20450819454312208,15.424285714285713,12827593.05,1.031047751312336,-71207473.0,0.04432076560219911,0.034608260487977674,0.03707073770755545,0.12589638518952162,0.20305719535556532,0.05433926062973238,89.95247793465803,81.81705022195906,1,1,0.16494979365027773,TSLA,US,EV/Auto
2025-05-05,305.4,312.48,312.19,312.32,17620494,301.608,295.596,283.4625,246.7946,292.88922562463813,276.0598175064357,69.84819256898432,73.08647550237072,16.829408118202423,15.600887920632534,1.228520197569889,283.4625,15.157684129110393,313.7778682582208,253.1471317417792,0.9759549637203992,0.21389332457107277,14.602142857142855,13395489.95,1.3154048676357024,-53586979.0,0.01491567283007833,0.0009285348360626663,0.02265880812042357,0.18419655721543937,0.19809728402639237,0.019620645751036392,97.74270196711234,87.80839203604877,1,1,0.18766009221311486,TSLA,US,EV/Auto
2025-05-06,316.01,322.52,313.32,317.41,15979403,305.786,298.498,285.797,249.4144,296.66165245161693,279.12279399594524,73.09951195301515,65.88437321121924,17.538858455671686,15.988482027640368,1.5503764280313188,285.797,16.61707431972784,319.0311486394557,252.56285136054436,0.9756101975408112,0.23257171096505128,14.233571428571427,13615866.9,1.1735868118990784,-37607576.0,0.01629738729508201,0.028984594058066866,0.004430239549367438,0.10062762231700151,0.17246601654846327,0.07045055982733062,91.44340254367987,93.0461941484834,1,1,0.12923348350713582,TSLA,US,EV/Auto
2025-05-07,316.72,324.18,324.04,324.1,16176212,311.246,303.171,288.048,252.12240000000003,300.8829366898297,282.4544388937,72.67226890756304,93.3103015075377,18.428497796129705,16.476485181338237,1.9520126147914674,288.048,18.591279393136826,325.23055878627366,250.86544121372634,0.9847971895404386,0.2581691855950715,14.069285714285712,14056598.2,1.150791295237329,-21431364.0,0.021076840679247644,0.0004319654427632039,0.02330133872182588,0.1684753217723618,0.16131575175576907,0.09198113207547176,99.86966438416637,96.35192296498617,1,1,0.1365936439370563,TSLA,US,EV/Auto
2025-05-08,324.28,351.25,347.61,349.23,4870754,322.158,309.696,291.633,255.41580000000002,308.3209464298559,287.40077676520076,76.9279886484569,96.24272358440643,20.920169664655134,17.36522207800162,3.5549475866535154,291.633,22.875684654694865,337.38436930938974,245.88163069061025,1.1294565700249948,0.31375989211943,14.546428571428569,13584451.2,0.3585535823078681,-16560610.0,0.07753779697624186,0.010422930446953478,0.07693968175626961,0.22976970209169667,0.25835044860015155,0.18515627651270905,97.71622385418071,96.3430969273423,1,1,0.007416315894968939,TSLA,US,EV/Auto
2025-05-09,348.87,376.93,343.74,358.49,12982283,332.31,316.358,295.754,258.8434,316.0392623637242,292.6666451645706,83.68769110431629,100.0,23.372617199153638,18.566701102232024,4.805916096921614,295.754,26.9801493109674,349.7142986219348,241.79370137806524,1.0813162788300117,0.3648998736906505,16.165714285714284,13440803.35,0.9658858697693937,-3578327.0,0.02651547690633671,0.09258277776202241,0.02757474130757139,0.22825230410799335,0.2985474698446047,0.16494979365027773,83.12591507976643,93.57060110603783,1,1,0.018522134508633492,TSLA,US,EV/Auto
2025-05-12,358.0,374.84,367.8,370.93,17824012,344.03200000000004,322.82000000000005,300.4935,262.34680000000003,324.48399123084357,298.4639307197674,82.13673882572809,100.0,26.020060511076167,20.057372984000853,5.962687527075314,300.4935,31.328568982219306,363.1506379644386,237.83636203556136,1.0620788172523499,0.4170282416373739,15.132142857142854,13847859.15,1.2871311384524633,14245685.0,0.03470110742280119,0.018979322244037918,0.03611731843565332,0.2109627501550717,0.3432679075831102,0.18766009221311486,94.50951683661687,91.78388525685466,0,0,-0.008573046127301698,TSLA,US,EV/Auto
2025-05-13,377.55,363.35,354.5,358.43,8488840,352.236,329.011,305.1655,265.60900000000004,329.7064541184061,302.90586178595646,81.20092378752886,82.42160033750528,26.80059233244964,21.406016853690613,5.394575478759027,305.1655,32.69290386146092,370.5513077229218,239.77969227707817,0.9073093371026766,0.4285268663902542,14.742857142857142,13079197.2,0.6490336693574993,5756845.0,-0.033699080689078786,0.024691013586963514,-0.050642299033106505,0.20878861459598008,0.3526170798898072,0.12923348350713582,80.29189304271554,85.97577498636626,0,1,-0.006026281282258794,TSLA,US,EV/Auto
2025-05-14,355.73,381.25,358.06,368.37,12891908,361.09000000000003,336.168,310.50600000000003,268.9436,335.65469194634363,307.75505721770384,81.67079486602115,83.54397051079515,27.899634728639796,22.704740428680452,5.194894299959344,310.50600000000003,33.89662588393982,378.2992517678797,242.7127482321204,0.9267681405606294,0.43666307103670343,15.844999999999999,13484331.7,0.9560657013453844,18648753.0,0.02773205367854259,0.0629530092025329,0.035532566834296946,0.24113881401617254,0.40835754702553917,0.1365936439370563,86.53564708251584,87.11235232061608,0,0,-0.07221000624372242,TSLA,US,EV/Auto
2025-05-15,366.38,372.42,335.33,351.82,8623237,361.608,341.883,314.59000000000003,271.6854,338.1416624161369,311.0191270587177,71.125519768835,66.15008156606851,27.122535357419224,23.58829941442821,3.534235942991014,314.59000000000003,33.69717714243153,381.9843542848631,247.19564571513698,0.7762100801638342,0.4284583380568285,17.37,13253004.6,0.6506627447588191,10025516.0,-0.04492765426066192,0.10542322778663694,-0.03974016048900121,0.1939457698442324,0.3023617383578885,0.007416315894968939,67.98651147538358,78.27135053353831,0,1,-0.030100619635040626,TSLA,US,EV/Auto
2025-05-16,350.97,365.5,364.83,365.13,14563743,362.93600000000004,347.623,319.18050000000005,274.6118,342.29371435211584,315.0273398751959,70.89371980676327,60.74324324324323,27.266374476919964,24.323914426926564,2.9424600499934,319.18050000000005,34.03103853759619,387.24257707519246,251.11842292480767,0.8375558164967485,0.42648017078097905,17.232857142857142,13237977.35,1.1001485736679726,24589259.0,0.03783184583025401,0.0018349628899246323,0.04034532866045423,0.18652715042407286,0.3359066295916875,0.018522134508633492,82.46491895918128,78.99569250569355,0,0,-0.05918440007668502,TSLA,US,EV/Auto
2025-05-19,367.83,373.44,363.21,367.75,12131359,362.3,353.16600000000005,324.381,277.6856,346.2100659902518,318.93272211208745,76.65992963545176,56.873515439429916,27.277343878164345,24.914600317174123,2.3627435609902214,324.381,33.04587192947003,390.47274385894,258.2892561410599,0.8280969563440074,0.4074945441239549,16.89785714285714,12505703.7,0.9700660051568306,36720618.0,0.007175526524799469,0.02781781101284079,-0.00021749177609158197,0.1774782274590163,0.3943656631531052,-0.008573046127301698,85.31491352022935,78.58878131826474,0,0,-0.08356220258327673,TSLA,US,EV/Auto
2025-05-20,363.86,370.38,344.99,356.27,6735983,361.868,357.052,327.775,280.4592,347.75774814559765,321.698446403638,70.53663927066785,38.960843373493965,26.059301741959644,25.14354060213123,0.9157611398284118,327.775,32.638155665771706,393.0513113315434,262.49868866845657,0.7182644777104014,0.3982995123566121,18.244999999999997,12043974.0,0.5592823797791012,29984635.0,-0.031216859279401765,0.07126617453035261,-0.020859671302091938,0.12242840490217688,0.23537570650854756,-0.006026281282258794,72.82715109243088,80.2023278572805,0,0,-0.06363151542369538,TSLA,US,EV/Auto
2025-05-21,361.97,350.73,334.59,341.77,13530035,356.548,358.819,330.995,282.8538,346.83655612319797,323.1852281532872,64.98472893866122,37.82163742690057,23.651327969910767,24.84509807568714,-1.1937701057763732,330.995,30.51105313092097,392.01710626184195,269.97289373815806,0.5882876768721884,0.36871920277742914,18.93428571428571,12487964.65,1.0834458853592377,16454600.0,-0.04069946950346648,0.047224741785273194,-0.05580572975645561,0.05452020981178629,0.23218084147528573,-0.07221000624372242,49.546325877961046,69.22946349687375,0,0,-0.03294613336454333,TSLA,US,EV/Auto
2025-05-22,338.24,342.57,340.16,341.23,13022743,354.43,358.019,333.85749999999996,284.8638,345.97400902732136,324.5218779211842,61.58047566371682,27.000000000000014,21.45213110613713,24.16650468177714,-2.7143735756400105,333.85749999999996,28.48640467513893,390.83030935027784,276.8846906497221,0.5647019173138195,0.3413001615965329,17.75071428571428,12446904.3,1.0462635238335105,3431857.0,-0.0015800099482107255,0.0070626849925062435,0.008839877010380704,-0.022907539443919434,0.20159870413409386,-0.030100619635040626,42.05039096376993,54.80795597805394,0,0,-0.04832517656712487,TSLA,US,EV/Auto
2025-05-23,339.22,353.65,335.42,343.52,5410283,350.108,356.52200000000005,336.44,286.998,345.5964691769642,325.92914622475547,60.959674019952224,40.72418417523467,19.667322952208735,23.266668335863464,-3.599345383654729,336.44,26.769048702205314,389.9780974044106,282.9019025955894,0.5661211393631873,0.31826237905273747,18.71357142857142,12285649.6,0.440374154869747,8842140.0,0.0067110160302434885,0.053068234746002835,0.012676139378536873,-0.04175848698708484,0.1769623462500427,-0.05918440007668502,44.45752980944415,45.3514155503917,0,0,-0.059152305542617634,TSLA,US,EV/Auto
2025-05-26,343.96,338.96,335.46,337.02,9107613,343.962,353.131,337.97549999999995,289.2718,344.27701238050815,326.7506909496243,56.82086956521738,12.94489849723169,17.526321430883854,22.118598954867544,-4.5922775239836895,337.97549999999995,25.81352327651837,389.6025465530367,286.3484534469632,0.4907461295552794,0.30550762734508263,18.56071428571428,12183388.6,0.7475434422617496,-265473.0,-0.018921751280857046,0.010385140347723028,-0.02017676474002739,-0.09141886609333305,0.10025790865463091,-0.08356220258327673,22.68834119869443,36.39875399063616,0,0,-0.028633315530235515,TSLA,US,EV/Auto
2025-05-27,337.67,335.97,331.7,333.6,8683096,339.428,350.648,339.8295,291.4266,342.6343950911992,327.25804717602216,53.38126423690204,5.9127291505292305,15.376347915177064,20.77014874692945,-5.393800831752387,339.8295,23.94320241409015,387.71590482818027,291.9430951718197,0.4349554427526267,0.2818260617635571,18.457142857142852,11950825.4,0.726568666414567,-8948569.0,-0.010147765711233658,0.01279976019180827,-0.012053188023774513,-0.06927433529559468,0.1250505868069609,-0.06363151542369538,3.8345105952809058,23.66012720113982,1,0,0.03336330935251808,TSLA,US,EV/Auto
2025-05-28,330.28,334.01,327.72,330.51,5482467,337.17600000000004,346.86199999999997,341.515,293.4636,340.769103538707,327.49893257058613,42.09726443768995,7.547791694133053,13.270170968120851,19.270153191167733,-5.999982223046882,341.515,21.849676500073898,385.21435300014775,297.8156469998522,0.37408280392232734,0.2559146918877344,16.96714285714285,11283186.65,0.48589699737910497,-14431036.0,-0.009262589928057618,0.01903119421494337,0.0006963788300815122,-0.10277709911230559,0.11357816711590285,-0.03294613336454333,5.212030636928535,10.578294143634615,1,0,0.07152582372696736,TSLA,US,EV/Auto
2025-05-29,333.75,328.43,321.78,324.74,17174920,333.878,344.154,343.0185,295.4564,338.3030876096751,327.2945671948338,35.31970421922574,10.596945858398755,11.008520414841314,17.61782663590245,-6.609306221061136,343.0185,19.347916051252202,381.71433210250444,304.3226678974956,0.26381823303547947,0.22561950508437076,15.219999999999995,11726262.35,1.4646541261586115,-31605956.0,-0.017457868143172628,0.020477920798114047,-0.026996254681567026,-0.07697117844352219,0.10204635694166342,-0.04832517656712487,4.9772994786451354,4.674613570284849,1,1,0.0705795405555214,TSLA,US,EV/Auto
2025-05-30,331.29,333.25,315.16,323.2,7135264,329.81399999999996,339.96099999999996,343.79200000000003,297.32140000000004,335.97953566972507,326.99126592093165,27.063911580970668,10.128261831048079,8.988269748793414,15.891915258480642,-6.9036455096872285,343.79200000000003,18.134038827864938,380.0600776557299,307.52392234427015,0.2161139860281113,0.2109884910389095,15.344285714285709,11421732.45,0.6247093780673021,-38741220.0,-0.004742255342735757,0.05597153465329209,-0.024419692716277617,-0.11483581190261005,0.05027134176063419,-0.059152305542617634,12.165229232680154,7.451519782751265,1,1,0.14702970297029716,TSLA,US,EV/Auto
2025-06-02,323.19,340.38,316.96,327.37,10570049,327.884,335.923,344.54449999999997,299.214,334.6549917205366,327.01932029717705,33.77559548683661,17.02735810534918,7.635671423359554,14.240666491456425,-6.604995068096871,344.54449999999997,17.038492172909624,378.6214843458192,310.4675156541807,0.24800440341260668,0.1978089004219795,15.843571428571424,11069210.2,0.9549053504372561,-28171171.0,0.012902227722772386,0.07153984787832873,0.012933568489084047,-0.10980285520054378,0.048187756147541005,-0.028633315530235515,18.47480708097327,11.872445264099511,1,1,0.18798301615908608,TSLA,US,EV/Auto
2025-06-03,330.13,357.76,334.32,344.73,3560200,330.11,334.769,345.9105,301.2358,336.2049929943002,328.3312224981677,38.539848749272835,60.905233380480944,7.873770496132522,12.967287292391644,-5.093516796259122,345.9105,15.798614687769883,377.5077293755398,314.31327062446024,0.48131956466102105,0.18269020093607116,16.35785714285714,10448250.05,0.3407460237089154,-24610971.0,0.053028683141399746,0.06799524265347374,0.04422500227169842,-0.032391164004827666,0.0860716423553134,0.03336330935251808,50.7378174322111,27.1259512486215,1,1,0.12105125750587398,TSLA,US,EV/Auto
2025-06-04,347.6,360.52,349.05,354.15,9281672,334.83799999999997,336.00699999999995,347.413,303.5974,338.9657633028694,330.24372453639535,51.21341526924277,74.84885126964926,8.722038766474043,12.118237587208124,-3.3961988207340816,347.413,15.025188710610598,377.4633774212212,317.3626225787788,0.6120950979242992,0.17299512350507718,14.836428571428561,10103523.05,0.9186568918000447,-15329299.0,0.02732573318249054,0.032387406466095114,0.01884349827382368,0.036223191034906455,0.09271829682196842,0.07152582372696736,66.90116677990899,45.37126376436445,1,1,0.13796413948891728,TSLA,US,EV/Auto
2025-06-05,364.24,350.14,345.68,347.66,5165213,339.42199999999997,336.65,347.3345,305.95300000000003,340.30333817935104,331.53381901583975,40.20630115483799,69.16201117318442,8.76951916351129,11.448493902468758,-2.678974738957468,347.3345,15.019296176304849,377.37309235260966,317.2959076473903,0.5054180301738797,0.17296636154786343,14.464285714285703,10118246.0,0.5104849683942287,-20494512.0,-0.018325568262035685,0.012828625668719873,-0.045519437733237605,0.018843595229024457,-0.004495604615869175,0.0705795405555214,55.765271104053475,57.80141843872451,1,1,0.140194442846459,TSLA,US,EV/Auto
2025-06-06,348.64,376.57,366.04,370.72,11990348,348.92600000000004,339.37,347.946,308.7736,344.98282461329705,334.4364990901132,51.35455623460732,87.05673758865252,10.546325523183839,11.268060226611775,-0.721734703427936,347.946,15.729562646577877,379.4051252931558,316.4868747068443,0.861961748569226,0.18082763010964537,15.798571428571412,10068649.25,1.1908595196262777,-8504164.0,0.0663291721797159,0.0284041864479164,0.06333180357944215,0.07918025151374031,0.0341153170241848,0.14702970297029716,90.47386419002653,71.04676735799633,1,1,0.043051359516616206,TSLA,US,EV/Auto
2025-06-09,372.71,392.47,386.06,388.91,8647598,361.23400000000004,344.559,348.84499999999997,312.04540000000003,351.74085159586673,338.4715732333532,64.02784940691082,91.75244630829845,13.269278362513546,11.66830385379213,1.600974508721416,348.84499999999997,17.52379540120074,383.89259080240146,313.7974091975985,1.0715799443222098,0.20093503305078775,15.538571428571414,9609828.55,0.8998700710565672,143434.0,0.04906668105308598,0.016481962407712693,0.043465428885612355,0.15396712361284215,0.04847275766317094,0.18798301615908608,95.39516233222875,80.54476587543624,0,1,-0.02879843665629589,TSLA,US,EV/Auto
2025-06-10,387.98,390.82,382.98,386.46,15852924,369.58000000000004,349.84499999999997,350.24649999999997,315.0464,357.0822590426564,342.0262715138053,71.4258318151309,88.38508509809016,15.05598752885112,12.345840588803929,2.7101469400471903,350.24649999999997,19.35583232516716,388.9581646503343,311.5348353496656,0.9677336963694676,0.22105382723438388,14.549999999999983,9978032.75,1.588782359049447,-15709490.0,-0.006299658018564802,0.020286704962944907,-0.003917727717913606,0.15845323741007178,0.07820215941745934,0.12105125750587398,92.22610270220888,92.69837640815472,1,1,0.04305749624799482,TSLA,US,EV/Auto
2025-06-11,388.2,406.66,400.1,403.01,22649758,379.35200000000003,357.09499999999997,351.9785,318.2738,364.1480653437862,346.5435847367007,75.67747298420615,88.26155462184875,17.604480607085463,13.397568592460237,4.206912014625226,351.9785,22.376968722561863,396.7324374451237,307.2245625548763,1.070134192790339,0.2542992679666318,15.820714285714274,10465925.25,2.1641427102546227,6940268.0,0.04282461315530717,0.016277511724234448,0.038150437918500396,0.2193579619376116,0.0940358878301708,0.13796413948891728,96.01092896069929,94.54406466504564,1,0,0.009503486265849403,TSLA,US,EV/Auto
2025-06-12,402.13,402.41,391.59,396.4,4138532,389.1,364.261,354.2075,321.37300000000005,369.10990144474215,350.2366525352659,71.21649815438934,78.80027266530332,18.873248909476274,14.492704655863445,4.380544253612829,354.2075,24.481702700287165,403.1709054005743,305.24409459942564,0.9308574909556251,0.27646735543677714,15.334285714285707,10241690.0,0.40408678605905995,2801736.0,-0.016401578124612293,0.027295660948468102,-0.014249123417764825,0.22066884276652088,0.12671252344949124,0.140194442846459,88.78688524493124,92.34130563594647,1,1,0.04288597376387493,TSLA,US,EV/Auto
2025-06-13,395.13,391.96,382.46,386.68,10331093,392.29200000000003,370.60900000000004,355.28499999999997,323.99080000000004,371.8129935301664,352.93615975574465,69.4227158948686,75.47662575084875,18.876833774421755,15.36953047957511,3.507303294846645,355.28499999999997,25.443087883600448,406.17117576720085,304.3988242327991,0.8084826038295795,0.28645271129970395,15.754285714285706,10030057.5,1.0300132347184217,-7529357.0,-0.02452068617558012,0.024568118340683336,-0.02138536684123859,0.19641089108910892,0.059020075041765985,0.043051359516616206,78.16393442537523,87.65391621033524,1,1,0.07629047274231926,TSLA,US,EV/Auto
2025-06-16,385.95,378.04,377.44,377.71,9150191,390.05199999999996,375.643,355.783,326.3314,372.7202252947562,354.77125903364373,66.53422295524399,55.59289486317807,17.948966261112446,15.885417635882579,2.063548625229867,355.783,25.794948526284525,407.37289705256904,304.193102947431,0.7125125388110806,0.29000765664702377,16.03428571428571,9880999.1,0.9260389542957297,-16679548.0,-0.023197475949105262,0.0015885202933426021,-0.02134991579214577,0.1537709625194732,0.027083616587355586,-0.02879843665629589,68.36065573695775,78.43715846908806,1,1,0.08985729792698094,TSLA,US,EV/Auto
2025-06-17,381.69,404.11,402.29,403.1,7438175,393.38,381.47999999999996,358.1245,328.97900000000004,377.3940367878706,358.3511657728802,73.3123514676601,60.180800688764506,19.042871014990396,16.516908311704146,2.5259627032862504,358.1245,27.882476004793364,413.88945200958676,302.35954799041326,0.9032595597981045,0.31142774096400017,17.470714285714283,9916108.7,0.7501101969454816,-9241373.0,0.06722088374679003,0.004515008682697787,0.056092640624443746,0.169320917819743,0.13144525219636805,0.04305749624799482,96.10928961643596,80.87795992625631,1,1,0.044629124286777344,TSLA,US,EV/Auto
2025-06-18,401.96,412.11,402.62,406.84,6572159,394.14599999999996,386.749,361.378,331.5342,381.9241849743521,361.9429312721031,76.71482493817518,64.35615666384896,19.981253702248978,17.209777389813112,2.7714763124358655,361.378,29.616177940265267,420.6103558805305,302.14564411946947,0.8837598498598588,0.32781384522780366,17.525,9568214.9,0.6868740284173562,-2669214.0,0.009278094765566847,0.02332612329165442,0.01214051149365075,0.14877876605957918,0.19039119875939958,0.009503486265849403,94.56420835384664,86.34471790241344,1,1,0.06661095270868156,TSLA,US,EV/Auto
2025-06-19,410.88,426.33,403.06,413.4,9373298,397.546,393.323,364.98650000000004,334.25159999999994,386.76661805522104,365.7545659935897,78.42198134610537,58.51778980160681,21.012052061631323,17.970232324176756,3.041819737454567,364.98650000000004,31.376460381193592,427.7394207623872,302.23357923761284,0.8857469852473564,0.34386433888494644,17.895,9385742.65,0.9986739836006494,6704084.0,0.01612427489922319,0.05628930817596443,0.006133177570078487,0.18909279180808825,0.2114995750666704,0.04288597376387493,88.17774526754889,92.95041441261048,1,1,0.1356313497822934,TSLA,US,EV/Auto
2025-06-20,413.02,418.59,414.25,416.18,13014996,403.446,397.869,368.61949999999996,337.05379999999997,391.2917537390332,369.48978332821605,78.2312925170068,67.30230930720785,21.801970410817148,18.736579941504836,3.0653904693123124,368.61949999999996,32.928273801192404,434.47604760238477,302.76295239761515,0.861091658541608,0.3573145077903158,16.592857142857138,9765978.3,1.33268724008047,19719080.0,0.006724721819061585,0.010428180114348472,0.007650961212513617,0.12262624082865758,0.21151606893339547,0.07629047274231926,88.96859036964497,90.57018133034683,1,1,0.09762602719976932,TSLA,US,EV/Auto
2025-06-23,421.78,416.61,407.68,411.65,13569418,410.23400000000004,400.143,372.351,339.764,394.4237916253358,372.6127623415742,73.16212100235357,74.02347508177789,21.811029283761627,19.351469809956196,2.459559473805431,372.351,33.38433825991775,439.1196765198355,305.5823234801645,0.7942921894485271,0.3586329915571929,15.059999999999999,9989068.55,1.358426621426417,6149662.0,-0.010884713345187258,0.021693185958893028,-0.024017260182976858,0.05847111156822904,0.2214408640436769,0.08985729792698094,81.79789212545816,86.31474258755065,1,1,0.18146483663306223,TSLA,US,EV/Auto
2025-06-24,406.52,435.28,409.73,421.09,16989355,413.832,403.606,376.7255,342.88599999999997,398.52628522143806,376.2036688354653,73.1658361018826,91.36155606407318,22.322616385972765,19.94569912515951,2.3769172608132543,376.7255,33.76925719224164,444.2640143844833,309.18698561551673,0.828438524325641,0.3585555763244272,15.757142857142854,10404381.5,1.6329037307115535,23139017.0,0.022932102514271913,0.06067586501683555,0.03584079504074622,0.08960823888630132,0.2622601918465226,0.044629124286777344,84.1629464276321,84.97647630757841,1,1,0.19029186159728328,TSLA,US,EV/Auto
2025-06-25,416.16,436.59,431.82,433.94,9873985,419.25200000000007,406.69899999999996,381.897,346.3336,403.97454903352457,380.480434107656,78.5998408910103,88.64661654135332,23.494114925868587,20.65538228530133,2.838732640567258,381.897,34.235738652066544,450.3684773041331,313.4255226958669,0.8800341547178693,0.3585860967954909,16.259285714285713,10623957.4,0.9294073478299764,33013002.0,0.030516041701299068,0.010992303083350209,0.04272395232592572,0.07674747524875314,0.3129406069407885,0.06661095270868156,96.24379872294485,87.40154575867837,1,1,0.08754666543761802,TSLA,US,EV/Auto
2025-06-26,437.09,488.69,454.09,469.47,16769333,430.466,414.006,389.1335,350.32019999999994,414.0507722591361,387.0722538044465,80.23391096687278,93.68112707490582,26.978518454689606,21.920009519178986,5.05850893551062,389.1335,36.724005668886235,462.5815113377725,315.68548866222756,1.0468936362994357,0.3774951852646134,18.105,10603678.05,1.5814636524669237,49782335.0,0.08187767894178921,0.07370012993359815,0.07408085291341823,0.18433400605449046,0.44567962061957256,0.1356313497822934,82.72359550487442,87.71011355181712,1,1,0.048203293075169906,TSLA,US,EV/Auto
2025-06-27,477.39,468.0,447.85,456.81,14217335,438.592,421.01899999999995,395.81399999999996,353.99,420.62911498849974,392.23801278266507,71.51730257320315,77.90204396451983,28.39110220583467,23.214228056510127,5.176874149324544,395.81399999999996,36.24819406027757,468.3103881205551,323.3176118794448,0.9206830269781742,0.3663154315934858,18.095714285714287,10957781.6,1.2974645983577007,35565000.0,-0.026966579334142815,0.04411024277042067,-0.043109407402662135,0.18136443570911354,0.4133972772277228,0.09762602719976932,71.3438202240778,83.43707148396568,1,1,0.15087235393270726,TSLA,US,EV/Auto
2025-06-30,454.74,501.12,474.54,486.35,17089256,453.532,431.883,403.76300000000003,358.4422,430.74002037488435,399.2092710960225,77.01628171147291,83.55810616929696,31.530749278861833,24.87753230098047,6.653216977881364,403.76300000000003,37.84535987687902,479.4537197537581,328.072280246242,1.045555652447432,0.374926477926757,20.70071428571429,11283741.95,1.5145024196071395,52654256.0,0.06466583481097188,0.05465199958866111,0.06951224875737895,0.28762807444865124,0.4856278828237164,0.18146483663306223,88.05789133175892,80.70843568690371,1,1,0.13241492752133222,TSLA,US,EV/Auto
2025-07-01,475.52,513.57,491.34,501.22,16709776,469.558,441.695,411.5875,362.69880000000006,441.5830941633637,406.7656213861718,76.80550248376002,88.98076420924362,34.81747277719188,26.865520396222756,7.951952380969125,411.5875,41.04020479006507,493.66790958013013,329.5070904198698,1.0460042198708284,0.39884792215473375,21.20214285714286,11941220.75,1.3993355411894934,69364032.0,0.03057468900997229,0.04435178165267891,0.0540460969043279,0.24341354502604817,0.45394946769935896,0.19029186159728328,90.9277896122021,83.44316705601294,1,1,0.11485974222896123,TSLA,US,EV/Auto
2025-07-02,507.56,472.37,471.57,471.93,14141273,477.15600000000006,448.204,417.47650000000004,366.59,446.2518489074616,411.59261239517474,68.34410064603875,68.8659640789669,34.65923651228684,28.424263619435578,6.23497289285126,417.47650000000004,40.81422240179405,499.1049448035881,335.84805519641196,0.8335448821191608,0.39105647768625323,22.504285714285718,12184200.8,1.1606236692501268,55222759.0,-0.05843741271298042,0.0016951666560683072,-0.07019859721004373,0.15998918493756764,0.3325709445150362,0.08754666543761802,69.41159186021146,82.79909093472416,1,1,0.19755048418197596,TSLA,US,EV/Auto
2025-07-03,474.64,530.32,461.52,492.1,16343256,481.68199999999996,456.07399999999996,424.6985000000001,370.75239999999997,453.30541061400595,417.5561225887783,74.36667899408282,70.47022384907785,35.749288025227656,29.889268500593992,5.860019524633664,424.6985000000001,40.58868889299796,505.875877785996,343.52112221400415,0.9151495271057669,0.3822823852017597,26.42285714285715,12743102.95,1.2825176710576862,71566015.0,0.04273938931621224,0.1398089819139611,0.03678577448163503,0.1903725205611999,0.4154633837657482,0.048203293075169906,74.99999999950941,78.44646049064099,1,1,0.07130664499085548,TSLA,US,EV/Auto
2025-07-04,488.42,540.06,514.27,525.73,7438671,495.466,467.029,432.44899999999996,375.4296,464.44765513492814,425.5690023978299,80.71209228981657,70.06992009132418,38.878652737098264,31.68714534789485,7.191507389203412,432.44899999999996,44.363137957922035,521.175275915844,343.72272408415586,1.0256672785830119,0.41034330483196374,29.188571428571432,12515519.1,0.5943557231792549,79004686.0,0.0683397683397684,0.04905559888146179,0.07638917325237217,0.26322744966120437,0.4181322831247303,0.15087235393270726,89.59860637229012,78.00339941067033,1,1,0.020447758355049084,TSLA,US,EV/Auto
2025-07-07,534.05,553.05,548.91,550.75,3787449,508.346,480.939,440.541,380.31839999999994,477.72493896032387,434.8416688877506,80.68243215161462,80.79596118541829,42.88327007257328,33.92637029283054,8.956899779742741,440.541,50.358475469168845,541.2579509383377,339.8240490616623,1.0471224008083135,0.4572421224726373,29.25428571428571,12272511.65,0.3086123524997955,82792135.0,0.04759096874821678,0.007517022242383058,0.03127048029204901,0.3379084173448319,0.41613740968347424,0.13241492752133222,98.47104965699351,87.689885342931,0,0,-0.014035406264185202,TSLA,US,EV/Auto
2025-07-08,559.18,567.55,551.78,558.79,5587087,519.86,494.709,449.15749999999997,385.56379999999996,490.1964868125818,444.0230267487159,81.02159977134455,77.64463440696075,46.17346006386589,36.37578824703761,9.797671816828277,449.15749999999997,55.13463663232826,559.4267732646565,338.88822673534344,0.9971126441355729,0.49100492929278056,29.776428571428564,11759219.8,0.4751239129721928,88379222.0,0.014598275079437117,0.02822169330154756,-0.000697449837260433,0.3270084779975777,0.4459193706981317,0.11485974222896123,94.6744482941536,94.24803477447908,0,0,-0.056783407004420305,TSLA,US,EV/Auto
2025-07-09,555.39,576.33,556.23,565.16,12972728,538.5060000000001,507.831,457.265,390.931,501.7293349952615,452.9961358791634,81.00686498855833,76.09369898792032,48.73319911609815,38.847270420849725,9.885928695248424,457.265,59.722644960287475,576.710289920575,337.819710079425,0.9516502914045125,0.5224335556857129,29.549999999999994,11275368.3,1.1505368609079616,101351950.0,0.011399631346301842,0.0355651496920597,0.017591242190140965,0.30239203576531315,0.4023473362943848,0.19755048418197596,93.3768158903446,95.5074379471639,0,0,-0.05543562884846753,TSLA,US,EV/Auto
2025-07-10,563.08,532.53,522.92,527.19,10389488,545.5240000000001,513.603,463.8045,395.5814,505.6463603806059,458.4919776663019,69.82958808188346,71.05945121951223,47.154382714304006,40.50869287954058,6.645689834763424,463.8045,59.867726256349314,583.5399525126986,344.0690474873014,0.7646897751211696,0.5163186321497115,32.19642857142857,11587916.1,0.8965794206449751,90962462.0,-0.06718451411989512,0.018228722092569632,-0.06373872273910677,0.12294715317272664,0.32994450050454116,0.07130664499085548,70.86273347126676,86.30466588525498,0,0,-0.007226995959710991,TSLA,US,EV/Auto
2025-07-11,531.31,541.14,532.76,536.48,7983669,547.6740000000001,521.57,471.29449999999997,400.1564,510.3899972451281,464.26886820993764,71.92538729054696,68.44248670212768,46.12112903519045,41.631180110670556,4.489948924519894,471.29449999999997,59.076349393234246,589.4471987864684,353.1418012135315,0.7758527764017931,0.5013964677551628,32.55499999999999,11470544.9,0.6960147380605486,98946131.0,0.017621730305961814,0.015620339994006067,0.009730665713030703,0.17440511372342993,0.38740043446777706,0.020447758355049084,76.08043217241247,80.10666051134127,1,0,0.06783104682373997,TSLA,US,EV/Auto
2025-07-14,540.69,560.82,528.78,543.02,19830240,546.1279999999999,527.237,479.56000000000006,404.7704,515.4099976689545,470.1022853799448,71.63644106895696,59.27276627694948,45.30771228900966,42.36648654633838,2.9412257426712785,479.56000000000006,56.814752068731956,593.1895041374639,365.93049586253613,0.7792408559772014,0.4738906670165441,33.01857142857143,12004547.35,1.6518938840377115,118776371.0,0.01219057560393666,0.05900335162598261,0.004309308476198224,0.11652102395394248,0.4376638161552515,-0.014035406264185202,76.9496920623005,74.6309525686599,1,0,0.012614636661633094,TSLA,US,EV/Auto
2025-07-15,551.39,532.06,523.05,527.06,14914280,539.782,529.821,485.758,408.96340000000004,517.2023057198845,474.3213753520505,66.34372367312552,35.92729000831645,42.880930367834026,42.46937531063751,0.41155505719651586,485.758,54.758906663183716,595.2758133263674,376.24018667363254,0.6885629321151155,0.45091511957041147,33.337857142857146,12378352.6,1.2048678266873876,103862091.0,-0.02939118264520646,0.0170948279132981,-0.04412484811105736,0.05155420773313102,0.3075167452245098,-0.056783407004420305,61.65161892853627,71.5605810544164,1,1,0.013319166698288809,TSLA,US,EV/Auto
2025-07-16,530.18,548.28,522.27,533.83,23213925,533.516,536.0110000000001,492.10749999999996,413.15799999999996,519.76041253221,478.7294216225106,62.56442292675309,34.94571773220753,41.030990909699426,42.1816984304499,-1.1507075207504727,492.10749999999996,52.43982153759326,596.9871430751865,387.2278569248134,0.6989065693587029,0.4262468792894782,31.285,13210440.9,1.7572406113076353,127076016.0,0.012844837399916598,0.048723376355677396,0.0068844543362503435,0.13116352001356146,0.31213744961164114,-0.05543562884846753,66.92092154368837,68.5074108448417,0,1,-0.07363767491523532,TSLA,US,EV/Auto
2025-07-17,545.54,543.38,507.38,523.38,5965943,532.754,539.139,497.6065,416.64099999999996,520.3172721426392,482.0368718728629,63.10897562128313,25.98298459415959,38.28040026977635,41.40143879831519,-3.12103852853884,497.6065,49.432080705697864,596.4706614113957,398.74233858860424,0.6303480433729693,0.3973588022310683,32.31214285714286,13040073.15,0.4575083647051194,121110073.0,-0.019575520296723714,0.06878367534092097,-0.040620302819150474,0.06356431619589498,0.26603773584905666,-0.007226995959710991,53.880324013118354,60.81762149511432,0,1,-0.06524895869158165,TSLA,US,EV/Auto
2025-07-18,521.44,577.71,568.99,572.87,8145330,540.0319999999999,543.853,505.441,420.92859999999996,528.4023071976178,488.7652517344485,65.79639231724238,73.1878172588832,39.637055463169304,41.04856213128602,-1.411506668116715,505.441,48.250341247769434,601.9416824955389,408.9403175044611,0.8493705860695224,0.3818474658579259,33.027857142857144,12796589.85,0.6365234378029677,129255403.0,0.09455844701746341,0.015221603505131716,0.09863071494304487,0.08966579803321095,0.3764957470325341,0.06783104682373997,95.83440915658974,72.21188490446548,0,0,-0.1388273081152792,TSLA,US,EV/Auto
2025-07-21,567.45,559.15,542.45,549.87,12810229,541.4019999999999,543.765,512.3520000000001,424.5074000000001,531.705029167215,493.29152938394554,58.62619241817085,55.96649140005346,38.41349978326946,40.52154966168271,-2.1080498784132544,512.3520000000001,43.803243763566265,599.9584875271327,424.7455124728676,0.7141279776093414,0.34197773221129824,33.25642857142857,12758630.4,1.0040441328213305,116445174.0,-0.04014872484158705,0.030370814919834798,-0.030980703145597074,-0.0015978211529732445,0.33577067897485735,0.012614636661633094,76.0392460618294,75.25132641051249,0,0,-0.09905977776565378,TSLA,US,EV/Auto
2025-07-22,546.31,552.04,519.71,534.08,16289090,542.8059999999999,541.294,518.0015000000001,428.0204,532.0704092953357,496.31289757784907,61.57398785802079,46.3197760579615,35.757511717486636,39.5687420728435,-3.8112303553568623,518.0015000000001,38.36169653168835,594.7248930633768,441.2781069366234,0.6047822532178265,0.29622845904202444,33.44785714285713,12723617.15,1.280224682002108,100156084.0,-0.02871587829850686,0.060534002396531214,-0.022386557082933717,-0.04422054796972019,0.2683274359400605,0.013319166698288809,62.44943626764397,78.10769716202103,0,0,-0.09133463151587784,TSLA,US,EV/Auto
2025-07-23,529.73,505.49,485.75,494.52,21299008,534.9440000000001,534.23,521.0305,430.54339999999996,526.2934232498994,496.1800903498553,50.42031401973044,38.78395146835795,30.113332900044156,37.67766023828363,-7.5643273382394725,521.0305,33.452498683323626,587.9354973666473,454.1255026333527,0.30187952287763187,0.2568179688771344,31.985714285714273,13294868.3,1.6020471897380744,78857076.0,-0.0740713001797485,0.0399174957533772,-0.06646782323057703,-0.1249911529478378,0.13960455362492508,-0.07363767491523532,9.536755110814061,49.3418124800958,1,1,0.01781525519695859,TSLA,US,EV/Auto
2025-07-24,493.89,495.38,484.3,489.23,12520529,528.1139999999999,530.434,522.0185,433.29159999999996,520.5913581345303,495.66526884244087,42.96832858133621,34.46858893996378,24.926089292089443,35.127346049044796,-10.201256756955353,522.0185,32.1145871553375,586.247674310675,457.789325689325,0.24475384159815342,0.24608006923337772,29.351428571428563,13082428.1,0.9570492531849456,66336547.0,-0.010697241769796917,0.02264783435189448,-0.009435299358137507,-0.07200440069045322,0.04209001640147392,-0.06524895869158165,5.27780751519883,25.75466629788561,1,0,0.04155509678474334,TSLA,US,EV/Auto
2025-07-25,484.84,499.89,488.1,493.34,22406517,512.208,526.12,523.845,435.85580000000004,516.3988414984487,495.49302670595824,37.97091731969994,39.05566890119498,20.905814792490503,32.283039797733935,-11.377225005243432,523.845,29.10884591539466,582.0626918307894,465.6273081692107,0.23800919410459137,0.22227067865753494,28.242142857142852,13491887.2,1.6607398955470147,88743064.0,0.00840095660527762,0.02389832569825286,0.01753155680220788,-0.08041306292872064,0.07996760140977632,-0.1388273081152792,9.67776469318401,8.164109106398959,1,1,0.08375562492398747,TSLA,US,EV/Auto
2025-07-28,497.65,506.59,486.46,495.4,19746319,501.314,521.358,524.2975,438.40880000000004,513.1682504986874,495.48613583885,36.37653127014829,6.87005901347284,17.682114659837396,29.362854770154627,-11.680740110317231,524.2975,28.560481691903526,581.4184633838071,467.17653661619295,0.24704995952117384,0.2178952346089696,28.479999999999997,13624740.35,1.4492986320066914,108489383.0,0.004175619248388607,0.04063383124739476,-0.004521249874400641,-0.08769474420831647,0.01860799835509397,-0.09905977776565378,11.883096028135244,8.946222745506018,1,1,0.07803794913201445,TSLA,US,EV/Auto
2025-07-29,501.86,507.31,467.68,485.3,11529082,491.558,517.182,523.5015000000001,440.98940000000005,508.8808273450432,494.73160725817377,33.107707927912685,8.022363801846268,14.149220086869434,26.320127833497587,-12.170907746628153,523.5015000000001,29.44565275303817,582.3928055060765,464.61019449392376,0.1756609513756308,0.22499001628825838,29.874999999999996,13365705.65,0.8625867903512606,96960301.0,-0.020387565603552593,0.08166082835342743,-0.03299725022908183,-0.07923196600007576,-0.03176249950121701,-0.09133463151587784,16.013814414105116,12.524891711808115,1,1,0.03286626828765704,TSLA,US,EV/Auto
2025-07-30,493.93,531.16,481.08,503.33,21227491,493.32,514.132,525.0715,444.22060000000005,508.0268539073443,495.36852523906595,44.4880798373683,30.574857864813595,12.65832866827833,23.58776800045374,-10.92943933217541,525.0715,27.310933471874137,579.6933669437483,470.44963305625174,0.30098172017178343,0.20805496753735156,30.434999999999995,13720016.55,1.5471912424776744,118187792.0,0.03715227694209755,0.09949734766435636,0.019031036786550617,-0.05713429368900225,0.06653529125082103,0.01781525519695859,32.400254475757485,20.09905497266594,0,1,-0.006735143941350552,TSLA,US,EV/Auto
2025-07-31,500.53,509.58,509.55,509.56,13026760,497.38599999999997,512.75,525.9445,447.5872,508.26272253698363,496.4197455917525,43.692004873933826,66.41204714098653,11.842976945231158,21.238809789409224,-9.395832844178067,525.9445,26.467556003328777,578.8796120066575,473.0093879933424,0.34523977206013545,0.20129542948564683,29.884999999999998,13554191.75,0.9610871145387836,131214552.0,0.012377565414340541,5.8874322945117045e-05,0.018040876670693044,-0.02640528870037062,0.03548059337533016,0.04155509678474334,38.062346632390586,28.825471840751053,0,0,-0.052967265876442404,TSLA,US,EV/Auto
2025-08-01,502.44,536.4,533.26,534.66,13466664,505.65,508.929,526.391,451.41,512.3238421466784,499.25235702946213,48.19780977839096,84.61069632789885,13.071485117216298,19.60534485497064,-6.533859737754341,526.391,26.538973902344924,579.4689478046898,473.3130521953101,0.577894872931499,0.20166738338835216,29.51357142857142,13855591.4,0.9719298613316598,144681216.0,0.0492581835308894,0.005872891183170826,0.06412705994732873,-0.06669925113900188,0.016985905312612903,0.08375562492398747,60.87430700662656,43.778969371591536,0,0,-0.06632252272472217,TSLA,US,EV/Auto
2025-08-04,532.28,535.28,533.09,534.06,6226898,513.382,507.34799999999996,525.5565,455.3508,515.6678664318049,501.8307009532577,51.61603102779574,82.77527366387638,13.837165478547206,18.451708979685954,-4.614543501138748,525.5565,25.989421385387555,577.5353427707752,473.57765722922494,0.5817977040862398,0.19780496586257124,28.243571428571414,13977563.85,0.4454923348110955,138454318.0,-0.001122208506340483,0.00410066284686335,0.0033441046065916975,-0.028752250531943968,-0.03030413073082172,0.07803794913201445,60.329001180947586,53.0885516066549,0,0,-0.08416657304422714,TSLA,US,EV/Auto
2025-08-05,534.21,504.79,498.41,501.25,7027191,516.5719999999999,504.06499999999994,522.6795,458.70380000000006,513.4497331346041,501.7876860678304,43.285796719149275,53.14956390653603,11.66204706677371,17.093776597103506,-5.431729530329797,522.6795,25.292341565026707,573.2641831300534,472.09481686994656,0.2881819290515981,0.19355908594064491,28.93214285714284,14049569.05,0.5001712490127055,131427127.0,-0.06143504475152595,0.012728179551096792,-0.06169858295415349,-0.06147019173157586,-0.10297249413912202,0.03286626828765704,30.509860946737145,50.571056378103755,0,0,-0.030922693266832946,TSLA,US,EV/Auto
2025-08-06,498.49,519.48,484.31,499.94,7327281,515.894,504.60699999999997,519.4185,462.0924,511.37131265235735,501.6508204331739,44.98029809833818,58.705994291151285,9.720492219183427,15.61911972151949,-5.898627502336064,519.4185,23.680058071361035,566.7786161427221,472.05838385727793,0.29435755666651103,0.18235821844093303,28.872857142857125,13767296.7,0.5322236185827521,124099846.0,-0.0026134663341645936,0.07034844181287689,0.002908784529272563,0.010960122947504702,-0.11540094840399173,-0.006735143941350552,29.319276560671444,40.05271289611871,0,0,-0.02694323318798253,TSLA,US,EV/Auto
2025-08-07,502.32,485.57,480.16,482.57,12116166,510.4959999999999,503.941,517.1875,465.24899999999997,506.94034147507165,500.23742632699026,27.577473182359938,37.55694078158715,6.702915148081388,13.835878806831872,-7.132963658750484,517.1875,24.975805529391415,567.1391110587829,467.2358889412172,0.15348965462379385,0.1931663509218079,26.404999999999976,13853630.6,0.8745841054413487,111983680.0,-0.0347441693003161,0.011210808794555728,-0.039317566491401265,-0.013613228951617873,-0.084637417249948,-0.052967265876442404,16.278561276743417,25.36923292805066,0,1,-0.046231634788735265,TSLA,US,EV/Auto
2025-08-08,484.99,506.26,493.56,499.2,5898421,503.404,504.52699999999993,515.3235,468.769,505.74951970967595,500.16057993239724,37.00702600133338,44.47878917075249,5.588939777278711,12.18649100092124,-6.5975512236425295,515.3235,24.851015075103707,565.0255301502074,465.62146984979256,0.3377983761265887,0.19289642389726439,25.924285714285695,13749368.2,0.42899575349245844,117882101.0,0.03446132167353966,0.025440705128154145,0.02929957318701557,0.011878217861920781,-0.06949000894721147,-0.06632252272472217,37.36367946849972,27.653839101971517,0,0,-0.08968349358974359,TSLA,US,EV/Auto
2025-08-11,500.85,495.78,483.78,489.11,4220196,494.41400000000004,503.898,512.6279999999999,472.00379999999996,503.1895936004951,499.3420184559121,38.12140102488244,21.101383073214066,3.8475751445829474,10.518707829653582,-6.671132685070635,512.6279999999999,24.61131866267356,561.8506373253471,463.4053626746528,0.2611058521223277,0.19204037752620273,24.71642857142856,12968866.0,0.3254097678694677,113661905.0,-0.020212339743589713,0.024534358324253165,-0.023440151741991752,-0.012696810658054059,-0.09927811130345099,-0.08416657304422714,31.184516879639364,28.275585874960825,0,0,-0.038089591298480885,TSLA,US,EV/Auto
2025-08-12,484.22,486.34,485.27,485.75,9454090,491.314,503.94300000000004,510.5625,474.82419999999996,500.5065792004189,498.3352022739799,47.13567182702985,20.387397327448838,2.1713769264389953,8.849241649010665,-6.67786472257167,510.5625,25.065641796772045,560.6937835935441,460.4312164064559,0.25252478869852935,0.1963766770706659,21.538571428571412,12695856.5,0.7446594292665935,104207815.0,-0.00686962033080496,0.002202779207406671,0.0031597207880649557,0.0009272614877395835,-0.078378173263006,-0.030922693266832946,26.29511059333098,31.61443564715668,0,0,-0.050499227997941265,TSLA,US,EV/Auto
2025-08-13,489.91,502.1,473.96,486.47,147365492,488.62,502.25699999999995,508.19449999999995,477.47060000000005,498.3471054772776,497.45629840182295,49.07083221115001,35.06467259498791,0.8908070754546316,7.257554734299458,-6.366747658844827,508.19449999999995,24.988802855634574,558.1721057112691,458.2168942887308,0.2826576554528295,0.19668692089808443,22.757142857142846,18903434.85,7.795698790915832,251573307.0,0.0014822439526505082,0.05784529364594363,-0.007021697862858435,-0.033496910575566696,-0.08871738193807022,-0.02694323318798253,27.342840511825667,28.27415599493199,0,0,-0.05638579974099123,TSLA,US,EV/Auto
2025-08-14,481.55,463.79,457.43,460.26,10687679,484.158,497.32699999999994,505.0385,479.7226,492.4875507884656,494.70101703869494,40.30594303129762,23.32616294702879,-2.2134662502293168,5.363350537393703,-7.57681678762302,505.0385,26.884034838736603,558.8065696774732,451.2704303225268,0.08359580073557929,0.21292661718806294,23.989285714285707,19139521.65,0.5584088587496722,240885628.0,-0.053877936974530916,0.013818276626224733,-0.04421140068519533,-0.0967501373734202,-0.12060071076464518,-0.046231634788735265,3.583639356672342,19.07386348727632,1,1,0.005018902359535948,TSLA,US,EV/Auto
2025-08-15,447.66,459.95,450.02,454.43,6173358,475.204,489.304,499.1165,481.3968,486.63254297485554,491.71797873950226,38.25334021446185,27.60980267345643,-5.085435764646718,3.273593276985619,-8.359029041632336,499.1165,24.051459584768942,547.2194191695379,451.0135808304621,0.03551155759862808,0.19275226993874786,23.282857142857136,19040923.05,0.3242152525680601,234712270.0,-0.01266675357406677,0.021851550293726547,0.015123084483726172,-0.1500579807728275,-0.20674847696685106,-0.08968349358974359,5.10534846023266,12.010609442910214,0,1,-0.006359615342296898,TSLA,US,EV/Auto
2025-08-18,453.08,476.12,465.98,470.48,8426689,471.47800000000007,482.946,495.14699999999993,483.02819999999997,484.1475363633393,490.14479512915403,45.89109459909061,26.935432059107015,-5.997258765814706,1.4194228684255537,-7.41668163424026,495.14699999999993,21.6673101092014,538.4816202184028,451.81237978159714,0.21538922141355177,0.1750373938176554,22.001428571428566,18821746.05,0.4477102458987727,243138959.0,0.03531897101863879,0.02155245706507914,0.038403813895916024,-0.11905029397445965,-0.14437958062814849,-0.038089591298480885,23.68603843454871,10.791675417151227,0,0,-0.04969392960380892,TSLA,US,EV/Auto
2025-08-19,475.82,471.27,453.18,461.22,13210395,466.572,478.94300000000004,491.504,484.52340000000004,480.6202230766718,488.00221771216115,37.72804103281461,27.2993651310435,-7.381994635489377,-0.340860632357433,-7.041134003131944,491.504,20.887931645352865,533.2798632907057,449.7281367092943,0.1375419008172226,0.16999195648711193,19.716428571428565,18667811.3,0.7076563010010551,229928564.0,-0.019682026866179148,0.0392220632235392,-0.030683872052392255,-0.07986034912718198,-0.13642150988615942,-0.050499227997941265,12.965964343448004,13.919117079409782,0,0,-0.013312518971423715,TSLA,US,EV/Auto
2025-08-20,460.33,472.5,448.28,459.04,17275425,461.08600000000007,474.85299999999995,489.73,485.644,477.3001887571838,485.8568682519839,34.92120343839541,27.834024896265603,-8.556679494800107,-1.9840244048459685,-6.572655089954139,489.73,22.090342733989996,533.91068546798,445.54931453202005,0.1526762806521494,0.18042874836293368,20.999999999999996,18466632.15,0.9354940264246274,212653139.0,-0.004726594683665097,0.05276228651086455,-0.0028023374535597534,-0.08180981717806135,-0.07174633988514112,-0.05638579974099123,12.210621879117046,16.28754155237124,0,0,-0.021675670965493277,TSLA,US,EV/Auto
2025-08-21,450.04,468.14,458.11,462.57,12434386,461.54800000000006,472.85300000000007,488.39699999999993,486.96740000000005,475.0340058714632,484.13191504812045,25.30318602261049,31.049793847129692,-9.097909176657254,-3.4068013592082265,-5.691107817449027,488.39699999999993,22.9112238869922,534.2194477739844,442.57455222601556,0.21818397690573205,0.18764426388323677,19.79928571428571,18462325.0,0.6735005112573573,225087525.0,0.007689961659114619,0.02168320470410595,0.027841969602640054,-0.041444764490125796,-0.05449379637389373,0.005018902359535948,16.425287356133065,13.867291192899364,0,0,-0.026223058131742194,TSLA,US,EV/Auto
2025-08-22,459.75,454.79,448.94,451.54,24591325,460.96999999999997,468.0870000000001,486.3070000000001,488.2646,471.4195434296996,481.7176991186135,23.61555186085178,40.893901420217226,-10.29815568891388,-4.785072225149358,-5.513083463764522,486.3070000000001,24.300966647437765,534.9089332948756,437.7050667051245,0.14232904286743553,0.19988169322989635,20.61642857142857,18571565.4,1.324138442086393,200496200.0,-0.023845039669671553,0.012955662842687397,-0.017857531266954045,-0.09547275641025632,-0.0847285847488547,-0.006359615342296898,4.578651685329016,11.071520306859698,0,0,-0.006887540417238824,TSLA,US,EV/Auto
2025-08-25,456.12,450.88,444.07,447.1,15333762,456.29400000000004,463.88599999999997,483.892,489.6524,467.67807520974577,479.15342510981105,28.8493086477619,42.11658421165843,-11.475349900065282,-6.123127760132544,-5.3522221399327385,483.892,25.708962516680714,535.3099250333614,432.47407496663857,0.14222593603037761,0.21251818601363598,18.603571428571435,18350937.55,0.8355846191855947,185162438.0,-0.009833015901138276,0.015231491836244174,-0.019775497676006767,-0.08589069943366523,-0.0974969721437221,-0.04969392960380892,4.018034743349487,8.340657928270513,0,1,-0.0350480876761351,TSLA,US,EV/Auto
2025-08-26,446.75,462.69,448.99,455.08,6295909,455.066,460.81899999999996,482.38100000000003,490.69199999999995,465.7399097928618,477.3702084349997,33.345708345708346,29.9583550234252,-11.630298642137916,-7.224561936533619,-4.405736705604297,482.38100000000003,26.497815977525985,535.376631955052,429.38536804494805,0.2424221677043338,0.21972520457871303,17.205000000000005,18089278.9,0.34804641394265784,191458347.0,0.01784835607246693,0.030104596993868957,0.01864577504192801,-0.06313947503860018,-0.06227076035442003,-0.013312518971423715,17.703810901789602,8.766832443489358,0,0,-0.09646655533093074,TSLA,US,EV/Auto
2025-08-27,453.27,457.16,442.64,449.09,18231849,453.076,457.081,479.66900000000004,491.537,463.17838520934464,475.2753781805439,36.42335766423356,32.745376955903154,-12.096992971199256,-8.199048143466747,-3.897944827732509,479.66900000000004,27.011578394612673,533.6921567892254,425.6458432107747,0.2169824773520468,0.22525181651977805,16.829285714285724,17939496.8,1.0162965097049705,173226498.0,-0.013162520875450445,0.03233204925508853,-0.009221876585679143,-0.07683927066417262,-0.10776230306160972,-0.021675670965493277,10.138321282456154,10.620055642531739,0,0,-0.012647798882183814,TSLA,US,EV/Auto
2025-08-28,441.91,452.99,448.39,450.44,7590148,450.65,456.099,476.713,492.27780000000007,461.21863363867624,473.4357205375313,27.43010553601185,37.470862470862414,-12.217086898855086,-9.002655894544416,-3.2144310043106703,476.713,26.80238188551025,530.3177637710205,423.10823622897954,0.2549378249992538,0.2248932324937983,15.465714285714297,17667666.2,0.4296066885389374,180816646.0,0.0030060789596739745,0.010212236923874013,0.019302572922044466,-0.021335766740537943,-0.11602166575084383,-0.026223058131742194,13.118062562847001,13.653398249030909,1,0,0.03762987301305398,TSLA,US,EV/Auto
2025-08-29,448.84,453.2,444.61,448.43,18528577,450.02799999999996,455.49899999999997,472.40150000000006,492.92280000000005,459.25115154041833,471.58344494215004,29.64778867320392,28.445121951219505,-12.332293401731704,-9.668583395981875,-2.663710005749829,472.40150000000006,23.752316734648122,519.9061334692963,424.8968665307038,0.24769303276762192,0.20111974017523515,14.97785714285715,17920761.85,1.0339167565068246,162288069.0,-0.0044623035254417465,0.019155721071250405,-0.0009134658230083208,-0.013203353651827565,-0.16128006583623233,-0.006887540417238824,9.73763874857491,10.998007531292679,1,0,0.038222242044466226,TSLA,US,EV/Auto
2025-09-01,443.84,443.59,421.71,431.43,11427115,446.89400000000006,451.59399999999994,467.27,493.31839999999994,454.97097438035394,468.6091156871631,26.08733932030286,24.06499871034302,-13.638141306809189,-10.462494978147339,-3.17564632866185,467.27,20.60853910907843,508.48707821815685,426.0529217818431,0.06522876499920083,0.17641653955130296,16.612142857142864,18180772.7,0.6285274317011053,150860954.0,-0.03791004170104584,0.050715063857286885,-0.027960526315726406,-0.083000340078218,-0.19216941916638575,-0.0350480876761351,12.091056101354784,11.648919137592221,1,1,0.1191850358111397,TSLA,US,EV/Auto
2025-09-02,437.15,423.12,401.62,411.18,3738482,438.11400000000003,446.59000000000003,462.7665,493.12019999999995,448.233901398761,464.3551071177266,21.718879122530225,17.09417368999631,-16.121205718965598,-11.594237126310992,-4.526968592654606,462.7665,22.542758500000907,507.8520170000018,417.6809829999982,-0.07209613455165485,0.1948521208856059,16.731428571428577,18016337.25,0.20750509610353257,147122472.0,-0.046936930672415,0.05228853543447568,-0.059407526020680695,-0.10849486145440357,-0.1796907730673316,-0.09646655533093074,12.832214764928429,11.55363653828603,1,1,0.22510822510822504,TSLA,US,EV/Auto
2025-09-03,411.35,445.95,441.37,443.41,3889667,436.97799999999995,445.02700000000004,459.94000000000005,493.3096,447.4917627220285,462.80361770159294,43.94451232660103,42.59799568692126,-15.31185497956443,-12.33776069696168,-2.974094282602749,459.94000000000005,21.13660606127113,502.2132121225423,417.6667878774578,0.3044861134234714,0.18382055103905,17.14071428571429,17844456.55,0.21797619732071932,151012139.0,0.07838416265382553,0.01032904084253773,0.0779384951985464,-0.03404932032066921,-0.11307356882825936,-0.012647798882183814,56.09395973079071,27.005743532357965,1,1,0.1787284905617823,TSLA,US,EV/Auto
2025-09-04,446.05,468.16,466.78,467.39,27963285,440.36800000000005,445.509,459.1809999999999,493.26800000000003,450.5530299955626,463.1433497236984,54.12004069175992,59.45052675067136,-12.590319728135796,-12.388272503196506,-0.20204722493929061,459.1809999999999,20.545495318794988,500.2719906375899,418.09000936240994,0.5998880760967903,0.17897513458745246,18.177142857142858,18636812.5,1.5004327322371929,178975424.0,0.05408087323244848,0.0029525663792488066,0.047842170160188616,0.010420044533800299,-0.03145657624800546,0.03762987301305398,88.28187919344585,52.40268456305498,1,1,0.10366075440210532,TSLA,US,EV/Auto
2025-09-05,457.84,482.67,451.89,465.57,11102502,443.796,446.912,457.4995,493.4432,452.86333307316835,463.3231015960176,48.2838168472562,57.775722068044,-10.459768522849231,-12.002571707127052,1.5428031842778207,457.4995,18.35753150329932,494.21456300659867,420.78443699340136,0.6099072061777423,0.16050318309208383,18.826428571428576,18897016.55,0.5875266808967958,167872922.0,-0.0038939643552493575,0.06611250724903649,0.016883627468074296,0.031071444390308622,-0.06736778846153846,0.038222242044466226,78.90191239877971,74.42591710767208,1,1,0.05028244947054161,TSLA,US,EV/Auto
2025-09-08,464.14,493.4,474.42,482.85,18017511,454.08000000000004,450.48699999999997,457.18649999999997,493.3732,457.476666446527,464.76953851483535,57.15893294499239,65.28962331201137,-7.292872068308327,-11.060631779363307,3.76775971105498,457.18649999999997,17.836162342419776,492.85882468483953,421.5141753151604,0.8597116283543907,0.15605152245204765,19.52214285714286,19586882.3,0.9198763644035189,185890433.0,0.037115793543398556,0.03930827379095092,0.04031111302615531,0.07995974055021238,-0.012798756925844867,0.1191850358111397,88.50512094041729,85.22963751088095,0,1,-0.033757895826861395,TSLA,US,EV/Auto
2025-09-09,485.7,510.87,498.04,503.74,13759627,472.592,455.35300000000007,458.08599999999996,493.4236,464.59410237783055,467.65623936559615,63.16409471080222,81.04765993988836,-3.062136987765598,-9.460932821043766,6.398795833278168,458.08599999999996,19.707890324753727,497.5017806495074,418.6702193504925,1.0791335252862921,0.17208899922469317,19.79357142857143,19802159.15,0.694854848954446,199650060.0,0.0432639536087811,0.025469488228003562,0.03714226889018505,0.10692625472444406,0.03703551209469902,0.22510822510822504,93.47368420967072,86.96023918295589,0,0,-0.0815698574661532,TSLA,US,EV/Auto
2025-09-10,511.58,526.56,519.54,522.66,21629811,488.442,462.71000000000004,459.89549999999997,494.4382,473.52731739662585,471.73059200519185,66.22563050170115,98.41904100069493,1.796725391433995,-7.209401178548213,9.006126569982207,459.89549999999997,23.706852323856758,507.3092046477135,412.48179535228644,1.16188141661975,0.20619338370395204,20.707142857142856,13515375.1,1.600385430635556,221279871.0,0.037559058244332366,0.013431293766476391,0.021658391649357532,0.16382016967645674,0.0743930766542642,0.1787284905617823,96.8785016800314,92.9524356100398,0,0,-0.06801744920215813,TSLA,US,EV/Auto
2025-09-11,528.54,531.05,503.68,515.84,15027116,498.13199999999995,469.25,462.67449999999997,494.913,480.0369608740681,474.99795556037043,67.7663572060124,90.3689666703824,5.039005313697658,-4.759719880099039,9.798725193796695,462.67449999999997,26.806793615560544,516.288087231121,409.0609127688789,0.9958211411019264,0.23175509880490583,21.688571428571425,13732346.95,1.0942859920761039,206252755.0,-0.013048635824436383,0.05305908808922706,-0.024028455745971743,0.1451913684397479,0.12075783252944006,0.10366075440210532,88.2484740779708,92.86688665589095,1,0,0.002229373449131433,TSLA,US,EV/Auto
2025-09-12,509.89,504.67,476.43,488.98,10676012,502.814,473.305,464.40200000000004,494.17800000000005,481.41281304728835,476.03366255590083,60.29599763988593,61.65892644994062,5.37915049138752,-2.7319458058017263,8.111096297189246,464.40200000000004,27.355170703368223,519.1123414067365,409.6916585932636,0.7246193257738387,0.235616304006523,23.969999999999995,13957479.65,0.7648953466397963,195576743.0,-0.05207040942928043,0.05775287332803439,-0.04100884504492922,0.09042659946925946,0.07602931144510716,0.05028244947054161,67.49594375285876,84.20763983695365,1,0,0.048509141478179085,TSLA,US,EV/Auto
2025-09-15,502.97,467.14,466.08,466.55,6163949,499.554,476.817,464.20550000000003,492.494,479.1262264246286,475.33116903324014,52.63278703576184,50.43286219081273,3.795057391388468,-1.4265451663636872,5.221602557752155,464.20550000000003,27.32330940019595,518.852118800392,409.55888119960815,0.5214514644359084,0.2354414964935753,24.492142857142856,13844342.65,0.445232302507891,189412794.0,-0.045870996768784034,0.0022719965705663495,-0.07240988528128438,0.08140370396124519,-0.008353171229382728,-0.033757895826861395,50.16611295642307,68.63684359575088,1,1,0.0859500589433071,TSLA,US,EV/Auto
2025-09-16,464.41,464.07,461.51,462.65,20792304,491.33599999999996,481.96399999999994,464.27699999999993,490.57120000000003,476.59142235930113,474.39182317892426,53.14267173449523,39.88178721699055,2.199599180376879,-0.7013162970155739,2.9009154773924526,464.27699999999993,27.316956002875703,518.9109120057514,409.6430879942485,0.48510998077243866,0.23535049983365,23.814999999999998,14223438.1,1.4618337979877174,168620490.0,-0.008359232665309246,0.005533340538191871,-0.003789754742568545,0.12517632180553528,0.003100472659468334,-0.0815698574661532,47.152901181741846,54.93831929700789,1,1,0.14680644115422048,TSLA,US,EV/Auto
2025-09-17,459.89,504.62,473.11,487.11,17535919,484.226,486.334,465.68050000000005,489.01019999999994,478.2096650732548,475.3339103508574,57.6763659200335,41.95763613502273,2.875754722397403,0.014097906867021686,2.8616568155303814,465.68050000000005,27.75136705499283,521.1832341099857,410.17776589001437,0.6930490483301386,0.2383725928393673,26.48428571428571,14236462.8,1.2317608674704739,186156409.0,0.05286933967361951,0.06468764755380776,0.05918806671147631,0.09855438533185978,0.061149355176019604,-0.06801744920215813,66.0511473378193,54.45672049199473,1,1,0.17815277863316292,TSLA,US,EV/Auto
2025-09-18,484.14,536.99,500.99,516.99,16892591,484.45599999999996,491.29400000000004,468.40150000000006,488.80620000000005,484.17587044660024,478.4195466211692,62.85242951409718,47.52076956711851,5.756323825431025,1.1625430905798229,4.593780734851202,468.40150000000006,30.00661493298986,528.4147298659798,408.38827013402033,0.9048149058766037,0.25624695849971274,29.43357142857143,14459373.05,1.1682795494179776,203049000.0,0.06134138079694518,0.06963384204710027,0.06785227413544052,0.10612122638481791,0.11764705882352944,0.002229373449131433,85.22567777140263,66.14324209698792,1,1,0.07292210681057676,TSLA,US,EV/Auto
2025-09-19,509.36,521.65,505.53,512.7,6961263,489.2,496.00699999999995,471.45950000000005,488.33060000000006,488.56419807020023,480.9588394640493,65.99740167709933,48.595957789304244,7.605358606150958,2.4511061936940504,5.154252412456907,471.45950000000005,31.28692470715948,534.033349414319,408.8856505856811,0.8295346249685358,0.26544740073828704,28.67642857142857,13577869.95,0.5126917928174889,196087737.0,-0.008298032843962133,0.03144138872628938,0.006557248311593911,0.1012307494039566,0.13544757939495944,0.048509141478179085,82.05658565352698,77.77780358758297,1,1,0.1021650087770627,TSLA,US,EV/Auto
2025-09-22,509.42,519.86,496.09,506.65,17572127,497.21999999999997,498.38700000000006,474.437,487.6032,491.34662913632326,482.8618883926408,69.90534172886868,59.707724425887235,8.484740743682437,3.657833103691728,4.826907639990709,474.437,31.67784999017273,537.7926999803454,411.0813000196546,0.7542233769750712,0.2670773990233135,28.245,13689788.2,1.2835936874762104,178515610.0,-0.011800273064170197,0.04691601697415005,-0.005437556436721371,0.04929066998032505,0.1331916797137105,0.0859500589433071,68.27023635151356,78.51749992548105,1,1,0.12243165893614916,TSLA,US,EV/Auto
2025-09-23,501.56,543.6,520.15,530.57,3987973,510.8040000000001,501.07,478.2115,487.67339999999996,497.38099388458124,486.395822585783,68.82505399568035,84.60540540540536,10.985171298798264,5.123300742713036,5.861870556085227,478.2115,33.68391827360712,545.5793365472142,410.8436634527858,0.8886016137865465,0.28174912793637685,28.40071428571429,13574391.4,0.2937864828483962,182503583.0,0.047212079344715496,0.044197749589980295,0.057839540633109116,0.053261603208004216,0.16588292168409957,0.14680644115422048,85.79217097278607,78.70633099260887,1,1,0.05989784571310097,TSLA,US,EV/Auto
2025-09-24,526.47,587.52,562.98,573.89,13402906,528.1600000000001,506.19300000000004,484.45149999999995,488.47460000000007,509.1516102100303,492.8768727646215,71.2286716632116,92.1619163129169,16.27473744540879,7.3535880832521885,8.921149362156601,484.45149999999995,39.12536009923259,562.7022201984652,406.2007798015348,1.0714867529147851,0.3230487270585546,30.700714285714287,13332944.25,1.0052472089765763,195906489.0,0.08164803890155858,0.04276080782023942,0.0900716090183864,0.09801783186010038,0.2778952993831971,0.17815277863316292,89.95060089884281,81.33766940771415,0,0,-0.030894422276045996,TSLA,US,EV/Auto
2025-09-25,567.99,581.34,533.36,554.69,10199619,535.7,510.078,489.66400000000004,489.1008,516.1575163315641,497.45562293021004,66.61322794720753,76.6777198799937,18.701893401354084,9.623249146872569,9.078644254481516,489.66400000000004,41.242762605920376,572.1495252118408,407.1784747881593,0.894166126918056,0.3369066348013017,31.929285714285715,13463417.8,0.7575801623284569,185706870.0,-0.033455888759169716,0.08649876507583247,-0.023415905209557455,0.07531405086848642,0.23144036941657053,0.07292210681057676,73.94651218098612,83.22976135087166,0,1,-0.008905875353801274,TSLA,US,EV/Auto
2025-09-26,551.54,568.25,562.55,565.08,10079688,546.176,517.688,495.4965,488.94500000000005,523.6840522805543,502.4648360464958,65.73298128802664,72.43631613324627,21.21921623405848,11.942442564309752,9.276773669748726,495.4965,43.301460443948415,582.0994208878968,408.8935791121032,0.9017387594188115,0.3495601720202747,30.909999999999997,13040973.35,0.7729244556025064,195786558.0,0.018731183183399613,0.01008706731788412,0.024549443376682613,0.1556300871201277,0.2601297861427647,0.1021650087770627,82.19188953192456,82.02966753725116,0,0,-0.026332554682522824,TSLA,US,EV/Auto
2025-09-29,567.7,569.67,567.89,568.68,2300013,558.582,527.9010000000001,502.35900000000004,489.3212,530.6065057758536,507.3696630060192,63.305195869529584,76.28662659654393,23.236842769834425,14.20132260541469,9.035520164419735,502.35900000000004,43.489105217645694,589.3372104352915,415.38078956470866,0.88125065845347,0.346279096961011,29.236428571428565,12584618.25,0.1827638130569584,198086571.0,0.006370779358674694,0.0031300555672730585,0.0017262638717600461,0.21890472618154533,0.3181280856685904,0.12243165893614916,85.04880564967024,80.39573578752696,0,0,-0.08614686642751612,TSLA,US,EV/Auto
2025-09-30,562.76,571.89,554.72,562.35,27142124,564.9380000000001,537.8710000000001,509.9175,489.88660000000004,535.4901202718761,511.4422805611324,58.57420609202853,76.08654926938937,24.047839710743688,16.17062602648049,7.877213684263197,509.9175,39.78722009508347,589.4919401901669,430.3430598098331,0.8294556636142675,0.3121071161119626,28.832857142857137,13754800.35,1.973283605437166,170944447.0,-0.011131040303861472,0.030532586467448077,-0.0007285521359002765,0.2154976764292662,0.36764920472785634,0.05989784571310097,80.02539480930068,82.42202999696515,0,0,-0.07500666844491877,TSLA,US,EV/Auto
2025-10-01,553.56,561.75,551.69,556.16,5700568,561.392,544.7760000000001,515.5550000000001,491.11940000000004,538.6701017685104,514.7547042232734,58.73407850272939,64.37156014826462,23.915397545237056,17.719580330231803,6.195817215005253,515.5550000000001,37.806242801113115,591.1674856022263,439.94251439777383,0.7685072423940782,0.293324613676832,27.63928571428571,13845345.4,0.4117316992516706,165243879.0,-0.011007379745710089,0.01808831990790754,0.004696871161202627,0.1417544291843731,0.2542793351525674,-0.030894422276045996,75.1130862623989,80.06242890712326,0,0,-0.03552934407364783,TSLA,US,EV/Auto
2025-10-02,557.99,563.86,538.46,549.75,6545056,560.404,548.052,519.673,492.32980000000003,540.3747014964318,517.3469483548847,64.44359937253411,26.841903300076666,23.027753141547123,18.78121489249487,4.246538249052254,519.673,36.754663305990384,593.1823266119808,446.1636733880192,0.7045794825332639,0.2829060836789263,26.63857142857142,12774433.95,0.5123558126537723,158698823.0,-0.011525460299194434,0.04620281946330837,-0.014767289736348756,0.0633667962629838,0.17621258477930635,-0.008905875353801274,70.0261883971905,75.05488982296335,1,0,0.004929513415188769,TSLA,US,EV/Auto
2025-10-03,547.95,560.58,541.89,550.2,7903106,557.428,551.802,523.9045,493.46700000000004,541.8862858815962,519.780507736006,72.20128456924468,43.272400359604404,22.105778145590193,19.446127543113935,2.6596506024762583,523.9045,35.02919947024467,593.9628989404894,453.84610105951066,0.6876684337423191,0.26744721200278154,26.337857142857136,12614464.15,0.6265113824504878,166601929.0,0.0008185538881311238,0.03396946564879332,0.004106214070619388,0.07314218841427733,0.18177717636445667,-0.026332554682522824,70.38330291190876,71.84085919049937,1,0,0.035641584878225885,TSLA,US,EV/Auto
2025-10-06,552.71,522.07,517.78,519.69,7124175,547.63,553.106,525.7465,493.95279999999997,538.471472669043,519.7738034592649,63.265116279069794,7.571508693213602,18.697669209778155,19.29643587644678,-0.5987666666686238,525.7465,33.70013451089631,593.1467690217926,458.34623097820736,0.45507065410601905,0.2563983555636202,28.293571428571425,12069797.35,0.5902480549726832,159477754.0,-0.055452562704471076,0.008254921203009144,-0.05974199851629288,0.025737688739761344,0.07629698664181439,-0.08614686642751612,40.71322436814344,60.3742385590809,1,1,0.11141257287998618,TSLA,US,EV/Auto
2025-10-07,513.03,534.4,508.8,520.17,3748618,539.1940000000001,552.066,526.568,494.65020000000004,535.6558614891902,519.8031513511712,58.65354413150455,1.8463371054197921,15.852710138019006,18.607690728761224,-2.7549805907422176,526.568,33.33371639077956,593.2354327815591,459.90056721844087,0.45201555142061967,0.2532149039874528,27.12428571428571,11569246.9,0.32401570373472594,163226372.0,0.0009236275471913302,0.04921467981611926,0.013917314776886477,-0.019601560585785216,0.03261603208004127,-0.07500666844491877,26.337088482704374,45.81120525425218,1,1,0.11980698617759589,TSLA,US,EV/Auto
2025-10-08,518.05,537.56,535.46,536.4,13688450,535.242,548.317,527.255,495.31159999999994,535.7703443370071,521.0325475473815,55.47161301234707,28.471876555500202,14.73779678962569,17.83371194093412,-3.0959151513084286,527.255,33.39047508370707,594.0359501674142,460.4740498325859,0.5684701249121625,0.25331556900280694,24.80357142857142,11172178.85,1.2252264270521926,176914822.0,0.031201338024107628,0.0039149888143102055,0.03542129138107249,-0.06532610779069159,0.0262886006199059,-0.03552934407364783,44.08837361867999,37.04622882317593,1,1,0.16987322893363155,TSLA,US,EV/Auto
2025-10-09,530.05,563.29,543.8,552.46,8690936,535.784,548.094,529.086,496.1696,538.3379836697753,523.3605069883174,60.510732790525545,47.36241802110071,14.977476681457915,17.262464889038878,-2.2849882075809624,529.086,33.733858736631824,596.5537174732636,461.6182825267364,0.6732235865885751,0.2550349753088765,25.572857142857135,10855369.85,0.8006116161383837,185605758.0,0.02994034302759152,0.035278572204258646,0.04227903028008265,-0.004020263570643112,0.0709910049627791,0.004929513415188769,61.653724159885726,44.02639542042335,1,1,0.1295840422836041,TSLA,US,EV/Auto
2025-10-10,542.91,575.48,565.28,569.81,10647214,539.706,548.567,533.1274999999999,496.87260000000003,543.1798323359637,526.8012101743695,65.75533825583716,62.37049827331029,16.378622161594194,17.08569634354994,-0.7070741819557469,533.1274999999999,33.51729308172408,600.1620861634481,466.0929138365518,0.7736087600345941,0.25147675242159667,25.5192857142857,10853929.95,0.9809546466665149,196252972.0,0.03140498859645935,0.017900703743321714,0.04954780718710363,0.008370496212925405,0.16530328438790942,0.035641584878225885,77.50254064942192,61.081546142662525,1,1,0.10312209332935551,TSLA,US,EV/Auto
2025-10-13,565.07,581.6,574.38,577.59,4398902,551.2860000000001,549.458,538.6795,497.7432,548.4737042842771,530.5633427540474,62.75637547476941,65.49032914828639,17.910361530229693,17.250629380885893,0.6597321493437995,538.6795,31.011564986221018,600.702629972442,476.65637002755795,0.8136773330890833,0.2302784121999329,23.722142857142845,10765677.6,0.40860424720463046,200651874.0,0.013653674031694818,0.01250021641646761,0.022156546976441545,0.015667862418231815,0.23800235773229028,0.11141257287998618,87.38567073059728,75.51397851330164,1,1,0.14200384355684825,TSLA,US,EV/Auto
2025-10-14,575.07,600.42,568.14,582.49,11581769,563.75,551.472,544.6715,499.36800000000005,553.7069805482346,534.4097618093048,52.947628187551416,100.0,19.297218738929814,17.65994725249468,1.6372714864351359,544.6715,26.845973779279593,598.3634475585592,490.97955244144083,0.8521803707893165,0.19715350466642959,21.95999999999999,10305150.85,1.1238814496459846,212233643.0,0.008483526376841688,0.0554172603820573,0.012902777053205793,0.03581399484306913,0.2590295039446666,0.11980698617759589,80.43003710892353,81.77274949631423,1,1,0.13541863379628838,TSLA,US,EV/Auto
2025-10-15,582.64,657.15,603.82,627.52,9888827,581.9739999999999,558.608,551.692,501.9196,565.0628296946601,541.3068164900997,71.20726806825462,100.0,23.756013204560418,18.87916044290783,4.876852761652589,551.692,29.25227757214414,610.1965551442883,493.1874448557117,1.1480521030528248,0.21209136671977202,23.865714285714272,9922796.25,0.9965765449858406,222122470.0,0.07730604817250075,0.08498533911256206,0.07702869696540397,0.12830840046029923,0.28825111371148204,0.16987322893363155,80.02696326201531,82.61422370051203,1,1,0.005019760326363976,TSLA,US,EV/Auto
2025-10-16,617.52,647.72,605.1,624.05,20033361,596.292,566.0379999999999,557.045,504.74920000000003,574.1377789724047,547.4359411945388,67.89246920322834,96.33153610318213,26.701837777865876,20.44369590989944,6.258141867966437,557.045,32.213578617848306,621.4721572356966,492.61784276430336,1.0200058707685387,0.231317603552966,25.941428571428563,10079834.75,1.9874689922402753,202089109.0,-0.005529704232534516,0.06829580963052914,0.010574556289657661,0.13515234197362425,0.2070833091549158,0.1295840422836041,77.68790023540485,79.38163353544789,0,1,-0.008973639932697508,TSLA,US,EV/Auto
2025-10-17,627.2,632.63,625.32,628.57,6926693,608.044,573.875,562.8385,507.33660000000003,582.5119668228041,553.4458714764268,68.07072596705089,95.82179409993977,29.066095346377324,22.16817579719502,6.897919549182305,562.8385,34.17804162339323,631.1945832467864,494.4824167532135,0.9808021237971495,0.2428976811169278,26.226428571428574,10078106.25,0.6873009810448286,209015802.0,0.007243009374249043,0.011629571885372059,0.0021843112244863206,0.14243911304980017,0.22599960990832835,0.10312209332935551,80.73474890407329,79.48320413383114,0,1,-0.03078416087309288,TSLA,US,EV/Auto
2025-10-20,633.91,671.56,650.06,659.61,3556707,624.4480000000001,587.867,570.4865,510.74660000000006,594.3732026962189,561.3098809966937,75.53828379371913,96.41306594996897,33.063321699525204,24.347204977661058,8.716116721864147,570.4865,37.858719120183224,646.2039382403664,494.76906175963353,1.0885269105116007,0.26544865913648685,28.07071428571428,9377335.25,0.3792875615396643,212572509.0,0.04938193041347816,0.032595018268321285,0.040542032780614766,0.2692374300063498,0.3019046679167079,0.14200384355684825,92.65790120365783,83.69351678104532,0,0,-0.0806688800958143,TSLA,US,EV/Auto
2025-10-21,659.94,675.92,649.73,661.37,10173187,640.2239999999999,601.987,577.0265,514.259,604.680402281416,568.7217416636073,78.28377869777945,96.17504409171073,35.95866061780873,26.669496105690595,9.289164512118138,577.0265,41.70284683895764,660.4321936779154,493.6208063220848,1.0056219562461797,0.2890879142561763,29.179999999999996,9686595.95,1.050233332976655,222745696.0,0.0026682433559224172,0.03959961897267844,0.002166863654268241,0.27144971836130516,0.24652731967506636,0.13541863379628838,91.29368118662465,88.22877709811856,0,0,-0.09744923416544449,TSLA,US,EV/Auto
2025-10-22,656.3,648.73,616.23,630.67,11899867,640.854,611.414,579.8655000000001,517.1429999999999,608.6788019304289,573.3105015403784,69.24101198402128,70.67456230690007,35.368300390050535,28.409256962562583,6.959043427487952,579.8655000000001,43.37717705441885,666.6198541088378,493.11114589116244,0.7928066292526958,0.2992223338297866,30.589999999999996,9611444.0,1.238093439644091,210845829.0,-0.046418797344905394,0.05153249718545114,-0.039052262684688324,0.17574571215510804,0.09893882102842011,0.005019760326363976,72.92364767787862,85.62507668938701,0,0,-0.016315981416588632,TSLA,US,EV/Auto
2025-10-23,622.98,630.93,608.47,618.45,70619956,639.734,618.0129999999999,583.0535,520.3068,610.1820631719014,576.6541680929437,65.3681603242513,44.58248715804567,33.52789507895773,29.432984585841613,4.094910493116114,583.0535,43.77075523018683,670.5950104603736,495.5119895396263,0.702169803863051,0.3002863732409582,30.8592857142857,12632460.85,5.590355770597479,140225873.0,-0.019376218941760226,0.036316597946420254,-0.007271501492813094,0.11944756181442995,0.11494708756242233,-0.008973639932697508,65.61153661999998,76.60962182816773,1,0,0.03144959172123851,TSLA,US,EV/Auto
2025-10-24,623.14,617.85,602.32,609.22,14481283,635.864,621.954,585.2605000000001,523.4026,610.0340534531474,579.0664519379113,72.29665786721124,41.71230580082713,30.967601515236083,29.73990797172051,1.2276935435155742,585.2605000000001,43.92932319736809,673.1191463947363,497.4018536052639,0.6363525445846105,0.30023774505399237,29.695714285714267,12852540.6,1.1267252385318092,125744590.0,-0.014924407793677763,0.025491612225426744,-0.02233847931440386,0.06916340534564158,0.0781128335810859,-0.03078416087309288,60.088559118836265,66.20791447223827,1,1,0.06774235908210491,TSLA,US,EV/Auto
2025-10-27,601.98,610.35,603.24,606.4,6463130,625.222,624.835,587.1465000000001,526.121,609.4749683065094,581.0911592017701,71.22741371670523,37.37039990885263,28.38380910473927,29.468688198324262,-1.0848790935849912,587.1465000000001,43.98968111955207,675.1258622391042,499.1671377608959,0.6094205476681264,0.2996845326982424,28.374999999999982,13060696.45,0.49485335869257124,119281460.0,-0.0046288697022423,0.011724934036920001,0.007342436625789256,0.049879672432001865,0.06632904269536466,-0.0806688800958143,50.505481987394944,58.73519257541039,1,1,0.05794854881266498,TSLA,US,EV/Auto
2025-10-28,613.07,600.73,593.86,596.92,10329005,612.332,626.278,588.875,528.835,607.5434347208926,582.2636659275651,65.4104705642697,2.6582087297991137,25.27976879332755,28.63090431732492,-3.351135523997371,588.875,43.6418736029839,676.1587472059678,501.5912527940322,0.5460853266328594,0.2964423594339022,28.02857142857141,12220040.5,0.8452512211190117,108952455.0,-0.015633245382585814,0.011509079943691778,-0.026342831976729816,0.02477295747566477,0.061474170890015056,-0.09744923416544449,40.20587344807595,50.26663818476904,1,1,0.11854184815385649,TSLA,US,EV/Auto
2025-10-29,583.29,634.8,608.85,620.38,5665645,610.274,625.564,592.086,532.0618,609.5182909176783,585.0870980810793,66.66666666666666,26.686383801615307,24.431192836599052,27.790962021179745,-3.359769184580692,592.086,43.47033645578123,679.0266729115625,505.14532708843757,0.6627201576189684,0.29367582719880436,28.81357142857141,12218294.35,0.4637017552534446,114618100.0,0.03930174897808758,0.04182920145710388,0.063587580791607,-0.0113781234064253,0.11547036823935564,-0.016315981416588632,49.80115690482828,46.83750411343305,1,1,0.1186369644411489,TSLA,US,EV/Auto
2025-10-30,605.55,651.25,627.23,637.9,13192046,614.164,626.9490000000001,596.4934999999999,535.5684,613.8847076995739,588.9991648898888,66.69445397930662,54.837414692894434,24.88554280968515,27.209878178880828,-2.32433536919568,596.4934999999999,43.42070659016673,683.3349131803334,509.65208681966647,0.7384029605395619,0.2911730410480177,29.374285714285698,12550643.85,1.0511050354516247,127810146.0,0.028240755665882133,0.03765480482828394,0.05342250846329222,0.02219373447640427,0.16034561164165528,0.03144959172123851,64.72443867076709,51.57715634122376,1,1,0.18306944662172753,TSLA,US,EV/Auto
2025-10-31,638.98,653.76,647.87,650.49,39429229,622.418,629.141,601.508,539.5474,619.5162911304087,593.5540415647125,67.46191434320205,71.33155792276958,25.962249565696197,26.9603524562439,-0.9981028905477025,601.508,43.58381346084058,688.6756269216812,514.3403730783189,0.7809644000244989,0.28983031621037875,29.66499999999998,14126950.0,2.7910643280351155,167239375.0,0.019736635836338,0.009054712601255871,0.018013083351563396,0.03487280652910574,0.18227917121046877,0.06774235908210491,76.40564112009277,63.64374556522936,1,1,0.1355286015157804,TSLA,US,EV/Auto
2025-11-03,639.65,647.48,636.79,641.54,5805164,629.4459999999999,627.3340000000001,607.6005,543.4362,622.9045540334228,597.1085570043639,63.87518210442217,71.59850307404429,25.795997029058867,26.727481370806895,-0.9314843417480283,607.6005,39.90609496713742,687.4126899342748,527.7883100657252,0.7126210296148775,0.2627127197365487,28.33785714285713,14060999.45,0.4128556869507817,161434211.0,-0.01375885870651361,0.01666302958503506,0.002954740873910782,-0.02739497581904471,0.23446670130269953,0.05794854881266498,58.10382646772963,66.41130208619647,1,1,0.1483617545281668,TSLA,US,EV/Auto
2025-11-04,646.58,694.29,646.39,667.68,4755229,643.598,627.965,614.976,547.6882,629.7930841821269,602.3360713003376,60.35585353274882,81.22070511514158,27.457012881789296,26.873387673003375,0.5836252087859215,614.976,36.3715663092662,687.7191326185324,542.2328673814676,0.8622610004680399,0.23657226499380177,26.77285714285713,14111330.0,0.336979481240997,166189440.0,0.04074570564578983,0.07174095375019207,0.032633239506274975,0.009540801669262189,0.28358036795662955,0.11854184815385649,73.50393308699087,69.33780022493774,1,1,0.16415049125329495,TSLA,US,EV/Auto
2025-11-05,662.53,697.24,691.37,693.98,4794366,658.318,634.296,622.855,552.586,639.6679943079534,609.1245104632764,66.13297651455728,92.21468336812802,30.543483844677098,27.60740690733812,2.936076937338978,622.855,35.511893708118635,693.8787874162373,551.8312125837627,1.0007125259468976,0.22805881759357552,25.839999999999993,13666625.8,0.35080829162613847,170983806.0,0.03939012700694944,0.008458457016040154,0.047469548548673385,0.10038530451741812,0.2937733035048473,0.1186369644411489,96.84658541210247,76.1514483222743,1,1,0.07700510101155644,TSLA,US,EV/Auto
2025-11-06,688.08,769.16,743.1,754.68,8240063,681.674,647.9190000000001,632.966,558.6708,657.3621490298067,619.9063985771089,73.10468652669375,94.119579500657,37.45575045269777,29.577075616410053,7.878674836287718,632.966,42.512243115798,717.990486231596,547.941513768404,1.2157585149485675,0.2686541970073012,30.597142857142842,13644082.15,0.6039294036404345,179223869.0,0.0874664975935906,0.034531192028363564,0.09679107080557946,0.22027649769585245,0.3660355500850738,0.18306944662172753,91.73987450033233,87.36346433314189,1,1,0.0019080934965813867,TSLA,US,EV/Auto
2025-11-07,755.05,748.41,730.84,738.65,11998554,699.306,660.862,641.408,564.4752,669.8679722559903,628.7022209047313,65.32376890267544,83.4251210934908,41.165751351258905,31.894810763379827,9.270940587879078,641.408,45.93680196461998,733.28160392924,549.5343960707601,1.0292162048735212,0.28647476778929076,29.2292857142857,13711649.15,0.8750627290472401,167225315.0,-0.021240790798749076,0.023786637785116294,-0.02172041586647011,0.21245198778766272,0.29630929608115,0.1355286015157804,82.5955504844119,90.39400346561554,1,1,0.03385906721722054,TSLA,US,EV/Auto
2025-11-10,745.25,750.39,725.78,736.72,8291444,718.3419999999999,673.894,649.3644999999999,570.581,680.1528996012225,636.703537874752,64.59875227651412,80.78543377365229,43.449361726470556,34.205720955997975,9.243640770472581,649.3644999999999,48.03459723278276,745.4336944655654,553.2953055344344,0.9546488626505383,0.2958868076878781,29.116428571428564,13906276.25,0.5962375013053907,158933871.0,-0.00261287483923367,0.0334048213703532,-0.011445823549129187,0.21490765171503967,0.27550684741771847,0.1483617545281668,81.49458071830297,85.27666856768239,1,1,0.04046313389075906,TSLA,US,EV/Auto
2025-11-11,741.34,798.54,760.26,777.28,3696599,740.262,691.9300000000001,659.104,577.903,695.0955304318037,647.1166091432898,77.35975814578435,89.53745776535015,47.9789212885139,36.96036102250116,11.018560266012742,659.104,53.22847836894791,765.5609567378958,552.6470432621043,1.0550412280237458,0.3230353836048158,30.30785714285713,13512017.75,0.27357858721147793,162630470.0,0.05505483765881203,0.04924866200075999,0.04847977985802933,0.30215104201568055,0.3344091744064275,0.16415049125329495,89.61305452369743,84.56772857547075,0,0,-0.04667558666117744,TSLA,US,EV/Auto
2025-11-12,773.6,752.59,743.29,747.42,10432478,750.95,704.634,665.0989999999999,583.9832000000001,703.1454488269108,654.5464899474912,72.58115348250865,72.73349298665757,48.59895887941957,39.28808059388484,9.310878285534727,665.0989999999999,56.155570366240305,777.4101407324805,552.7878592675194,0.8664863497167123,0.3377275886215788,31.131428571428565,13539200.3,0.7705386579930679,152197992.0,-0.038416014820913946,0.012442803243139903,-0.03384177869695737,0.20477771688320057,0.19106960734319212,0.07700510101155644,75.02442837563501,82.04402120587845,0,1,-0.005405260763693742,TSLA,US,EV/Auto
2025-11-13,742.74,763.01,750.61,756.12,12668818,751.238,716.4559999999999,671.7025000000001,589.7578,711.2953797766168,662.070453655085,75.7683132191973,69.69197616934974,49.22492612153178,41.27544969941423,7.949476422117549,671.7025000000001,58.77843830190115,789.2593766038024,554.1456233961978,0.8590496040637849,0.35002661625832043,31.092857142857138,13170973.15,0.9618740311626836,164866810.0,0.011640041743598006,0.01639951330474472,0.018014379190540407,0.18532685373883062,0.21163368319846176,0.0019080934965813867,79.2749657998863,81.30414956640624,0,0,-0.06874570174046446,TSLA,US,EV/Auto
2025-11-14,760.79,775.03,754.57,763.66,18752284,756.24,727.7729999999999,678.4570000000001,595.7196,719.3514751955988,669.5956052361903,77.1362506902264,54.291722424010715,49.75586995940853,42.9715337514131,6.78433620799543,678.4570000000001,61.27010742776939,800.9972148555389,555.9167851444613,0.8476532177603777,0.3612320747088118,32.046428571428564,13762252.7,1.362588163884815,183619094.0,0.009971962122414357,0.02679202786576897,0.0037723944846754457,0.17397654076157965,0.214916397537267,0.03385906721722054,82.95876490090406,79.08605302547511,0,0,-0.03403347039258309,TSLA,US,EV/Auto
2025-11-17,755.32,821.55,722.51,766.53,11910543,762.202,740.2719999999999,683.803,601.3932,726.6097097808913,676.7759307742508,79.95055624227442,65.24163568773236,49.8337790066405,44.343982802458584,5.489796204181914,683.803,64.1365914197757,812.0761828395514,555.5298171604486,0.8224641276059056,0.3751758411102724,38.22499999999999,14179944.5,0.8399568954619748,195529637.0,0.0037582170075687316,0.12920564100540197,0.014841391727989569,0.1948280699566669,0.16209578387228807,0.04046313389075906,74.13258109979252,78.78877060019427,0,0,-0.05355302466961498,TSLA,US,EV/Auto
2025-11-18,756.78,741.37,740.71,741.0,4014409,754.9459999999999,747.6039999999999,687.7845,606.1383999999999,728.8236005838311,681.5332692354176,71.1450809901129,51.859899183034926,47.290331348413474,44.93325251164956,2.357078836763911,687.7845,65.13457942275227,818.0536588455045,557.5153411544954,0.7042521056822353,0.3788080680658408,37.36357142857141,13872005.6,0.28938920775888327,191515228.0,-0.033305937145317155,0.0008906882591080668,-0.020851502418112428,0.10981308411214963,0.12040159063761591,-0.04667558666117744,58.547756278002545,71.87970075956636,0,0,-0.01358974358974363,TSLA,US,EV/Auto
2025-11-19,731.97,750.65,737.56,743.38,14534488,754.1379999999999,752.544,693.42,610.5527999999999,731.063046647857,686.1145085513127,69.52754739336494,27.95265348595214,44.948538096544326,44.93630962862852,0.012228467915804231,693.42,64.80796393556551,823.035927871131,563.8040721288689,0.6927232278465785,0.3738453689566038,36.093571428571416,14003736.65,1.0379006207674848,206049716.0,0.0032118758434547257,0.017608759988138534,0.015588070549318114,0.07118360759676068,0.17871470023942804,-0.005405260763693742,57.69105867039572,63.457132016063575,0,0,-0.015779278430950505,TSLA,US,EV/Auto
2025-11-20,767.88,716.49,694.25,704.14,7474460,743.742,747.49,697.7045,614.3188,726.9210394712637,687.4497301401044,59.040204900077505,24.913053559007665,39.47130933115932,43.84330956913468,-4.372000237975364,697.7045,62.37773316235178,822.4599663247036,572.9490336752965,0.5257924569923227,0.35761691754754266,38.469999999999985,10846461.85,0.6891149772388702,198575256.0,-0.05278592375366575,0.03158462805687566,-0.08300776162931317,-0.06696878147029195,0.1385560675883255,-0.06874570174046446,36.45269538841497,50.89717011227106,1,1,0.04800181782031987,TSLA,US,EV/Auto
2025-11-21,714.03,744.16,732.48,737.67,4371589,738.544,747.392,704.127,619.2926,728.5747257064539,691.1697501297265,64.95907379166538,41.695922225222766,37.40497557672745,42.55564277065324,-5.150667193925791,704.127,59.325779707430854,822.7785594148617,585.4754405851382,0.64135086030381,0.33701749660130403,40.34999999999998,10340977.15,0.42274424494359847,202946845.0,0.04761837134660718,0.015833638347749153,0.03310785261118844,-0.0013267447370202134,0.21084337349397586,-0.03403347039258309,52.11235441851956,48.75203615911007,1,0,0.00646630607182086,TSLA,US,EV/Auto
2025-11-24,740.38,727.83,723.6,725.48,8470244,730.334,746.2679999999999,710.0809999999999,624.4712000000001,728.0986140593072,693.7112501201173,59.40265486725665,33.50613443926042,34.38736393918998,40.921987004360595,-6.534623065170614,710.0809999999999,54.80481940966683,819.6906388193336,600.4713611806662,0.5702447347026277,0.3087243253070546,37.58714285714284,10441332.85,0.811222409098623,194476601.0,-0.016525004405763988,0.005830622484416094,-0.020124800777951663,-0.01525681398631773,0.19637203166226924,-0.05355302466961498,26.202181594513757,38.25574380048275,1,1,0.04121409273860066,TSLA,US,EV/Auto
2025-11-25,721.7,749.42,716.13,730.93,9471425,728.32,741.633,716.7814999999999,629.8367999999999,728.5342118963368,696.4681945556644,56.448291508149794,34.956051386071636,32.06601734067249,39.15079307162298,-7.08477573095049,716.7814999999999,48.0126799343003,812.8068598686006,620.7561401313993,0.5736706429363394,0.2679348165890628,37.8535714285714,10398453.85,0.9108492691104007,203948026.0,0.007512267739979039,0.045544717004301946,0.012789247609792316,-0.0596310209962948,0.22450244588889623,-0.01358974358974363,28.81382560857174,35.709453873868334,1,1,0.020768062605174276,TSLA,US,EV/Auto
2025-11-26,734.14,733.76,729.96,731.65,10375502,725.9739999999999,740.0559999999999,722.345,634.7276,729.013563912285,699.0742542182078,44.91678806339116,45.00053470217087,29.939309694077224,37.30849639611383,-7.3691867020366075,722.345,42.36924387236182,807.0834877447237,637.6065122552764,0.5549042132276218,0.23462054210828998,32.754999999999974,10633946.7,0.9756961659685425,214323528.0,0.0009850464476763854,0.00519374017630665,-0.0033917236494355536,-0.021099248080062027,0.17935781295335107,-0.015779278430950505,29.37941869576292,28.131808632949458,1,1,0.02225107633431289,TSLA,US,EV/Auto
2025-11-27,717.84,742.5,734.29,737.94,5778718,732.7339999999999,738.238,727.347,639.1465999999999,730.3868617719334,701.9531983501926,49.83624705936623,47.20796551016222,28.43366342174079,35.533529801239226,-7.099866379498437,727.347,37.500701481156696,802.3484029623133,652.3455970376866,0.5706186789915931,0.2062327966217232,31.827142857142835,10263280.3,0.5630478042144279,220102246.0,0.008597006765530102,0.01112556576413924,0.028000668672645744,-0.024043802571020456,0.1568270888854053,0.04800181782031987,34.32050274914129,30.837915684491964,0,1,-0.026668834864623236,TSLA,US,EV/Auto
2025-11-28,735.01,744.32,740.94,742.44,6983500,733.688,736.116,731.9445000000001,643.7414,732.2411907300974,704.9522206946228,51.303792851932904,80.55201021059356,27.288970035474563,33.88461784808629,-6.59564781261173,731.9445000000001,32.9415828199571,797.8276656399142,666.0613343600859,0.5796523656496997,0.18002229852078722,30.524999999999977,8640993.85,0.8081824050618431,227085746.0,0.00609805675258146,0.00455255643553074,0.010108706003986279,-0.027787235157006984,0.1413549785546282,0.00646630607182086,37.85545954408603,33.851793662996734,0,1,-0.06881364150638436,TSLA,US,EV/Auto
2025-12-01,748.96,759.88,751.79,755.38,8916919,739.668,735.001,737.6365,648.716,735.8010075408516,708.6876117542804,44.289141545843336,71.0382513661203,27.113395786571232,32.53037343578328,-5.4169776492120505,737.6365,25.49105256338698,788.6186051267739,686.654394873226,0.6740169413876143,0.13823097183153174,27.35499999999998,8796581.6,1.013679903375204,236002665.0,0.0174290178330907,0.010709841404312163,0.008571886349059211,-0.01454607125618046,0.1774480157121925,0.04121409273860066,48.02042419443819,40.06546216255516,0,0,-0.11260557600148258,TSLA,US,EV/Auto
2025-12-02,756.27,757.35,737.11,746.11,10527468,742.704,735.5120000000001,741.558,653.0268,737.3870063807207,711.4596405132227,49.61729477066902,76.33392902731686,25.927365867497997,31.209771922126226,-5.282406054628229,741.558,19.48873699020974,780.5354739804195,702.5805260195805,0.5583927014065655,0.10512319732338389,26.37285714285712,9085193.55,1.1587498695886485,225475197.0,-0.012271969075167477,0.027127367278247015,-0.01343435545504454,0.006896086369770682,0.11746645099448849,0.020768062605174276,40.73841319685204,42.204765645125406,0,0,-0.13420273150071704,TSLA,US,EV/Auto
2025-12-03,736.06,757.48,740.29,747.93,11148898,745.96,735.967,744.2555,656.5075999999999,739.0090053990714,714.1611486233544,47.507152858099445,73.91671356218347,24.84785677571699,29.937388892844382,-5.089532117127391,744.2555,15.973353955222871,776.2022079104457,712.3087920895542,0.5575098380988576,0.0858487654048988,26.487142857142835,9402920.15,1.1856845146468127,236624095.0,0.002439318599134044,0.022983434278578307,0.016126402738885253,0.006120691974494719,0.0777399925069886,0.02225107633431289,42.16810683391852,43.64231474173624,0,0,-0.17894722768173488,TSLA,US,EV/Auto
2025-12-04,746.71,726.27,711.84,718.26,4632831,742.024,737.379,742.4345,659.779,735.8168507222912,714.4647672438466,37.82188841201716,39.61854551093192,21.35208347844457,28.220327809964417,-6.868244331519847,742.4345,16.778099282284682,775.9906985645694,708.8783014354306,0.13979084291054633,0.09039504108315065,27.603571428571406,9222558.55,0.5023367943446893,231991264.0,-0.03966948778629009,0.020090218026870298,-0.03810046738353838,0.020052830403044952,-0.04825886468436946,-0.026668834864623236,18.860958365916254,33.9224927988956,0,0,-0.16421630050399583,TSLA,US,EV/Auto
2025-12-05,716.11,698.39,685.72,691.35,14951590,731.806,732.7470000000001,740.0695,662.3044,728.9757967650157,712.7525622628209,32.137426344801355,22.629538244624513,16.223234502194828,25.820909148410497,-9.597674646215669,740.0695,20.303003271486453,780.6755065429728,699.4634934570271,-0.09990508975982089,0.10973565737520057,22.853571428571406,9370210.35,1.5956513083346835,217039674.0,-0.03746554172583738,0.018326462717844265,-0.03457569367829721,-0.0627923055024604,-0.06403574087862984,-0.06881364150638436,7.591693635280583,22.87358627837177,0,0,-0.11019020756490927,TSLA,US,EV/Auto
2025-12-08,701.15,675.13,666.47,670.32,4452336,714.7940000000001,727.231,736.7495000000001,664.3372,719.9518280319364,709.6094095026118,32.83966203748663,14.521841794568985,10.342418529324618,22.725211024593325,-12.382792495268706,736.7495000000001,25.613886545138953,787.977273090278,685.5217269097222,-0.14837387995359533,0.13906429007473595,22.786428571428555,9178254.95,0.48509608189778153,212587338.0,-0.030418745931872437,0.012919202768807508,-0.04397061969615055,-0.07603241991509069,-0.09012922141383428,-0.11260557600148258,4.121614388137038,10.191422129777944,0,0,-0.06713211600429647,TSLA,US,EV/Auto
2025-12-09,675.9,664.81,630.91,645.98,10647670,694.768,718.7360000000001,730.1845000000001,666.0097999999999,708.571546796254,704.8961199098256,28.630978499341794,1.6100495399857948,3.6754268864283404,18.91525419696033,-15.23982731053199,730.1845000000001,30.949660907076748,792.0838218141536,668.2851781858466,-0.18017304173893411,0.16954433246410658,24.666428571428558,9525808.5,1.1177706209640241,201939668.0,-0.03631101563432393,0.052478404904095326,-0.04426690338800961,-0.11622179962513501,-0.16892239604775627,-0.13420273150071704,11.684887958349384,7.799398660588987,0,0,-0.04622434131087649,TSLA,US,EV/Auto
2025-12-10,646.77,614.38,613.85,614.09,8804680,668.0,706.98,723.518,667.1684,694.0359242122148,698.1697406572458,29.58512808886873,1.3415892672858263,-4.133816445031016,14.30544006856206,-18.439256513593076,723.518,40.06033260497126,803.6386652099426,643.3973347900575,-0.18289497917347333,0.22147525067747262,23.452142857142842,9444418.6,0.9322626876933762,193134988.0,-0.04936685346295544,0.0008630656744110955,-0.050528008410948906,-0.16067791977038193,-0.1783869845602204,-0.17894722768173488,0.1643497911376879,5.323617379208023,1,1,0.01607256265368262,TSLA,US,EV/Auto
2025-12-11,628.4,622.49,582.58,600.31,2163295,644.41,693.217,715.7275,668.1795999999999,679.6165512564895,690.9208709789311,15.796812749003948,0.0,-11.304319722441619,9.183488110361322,-20.487807832802943,715.7275,47.79080388030924,811.3091077606184,620.1458922393815,-0.10376416919537625,0.2670893818121699,23.4442857142857,8919142.45,0.24254515157506523,190971693.0,-0.02243970753472635,0.06648231746919674,-0.04470082749833758,-0.18650567796839868,-0.20606517483997255,-0.16421630050399583,9.999999999943547,7.283079249810193,1,1,0.054705069047658705,TSLA,US,EV/Auto
2025-12-12,597.0,619.73,611.52,615.17,5875607,629.174,680.49,708.303,669.479,669.7016972170295,685.3096953508622,22.89280975082319,11.188916497251725,-15.607998133832666,4.225190861522523,-19.83318899535519,708.303,51.35381911693226,811.0106382338645,605.5953617661355,0.04661113038163949,0.2900104566371157,23.82642857142857,8275308.6,0.7100165775066591,196847300.0,0.024753877163465665,0.01334590438413234,0.030435510887721146,-0.171421259630408,-0.19444517193515443,-0.11019020756490927,18.381274675587207,9.515208155556133,1,1,0.13906724970333406,TSLA,US,EV/Auto
2025-12-15,622.97,637.3,615.74,625.32,25424880,620.1740000000001,667.484,701.2425000000001,671.5916000000001,662.873743799025,680.8660142137612,24.633712830859423,21.55105557949166,-17.992270414736254,-0.21830139372923377,-17.77396902100702,701.2425000000001,52.61871869001375,806.4799373800275,596.0050626199726,0.1392799849070238,0.3001456340135613,23.029285714285713,8951025.45,2.8404429527744277,222272180.0,0.016499504202090565,0.034478347086236594,0.0037722522753844494,-0.1721782414149169,-0.18421979570271207,-0.06713211600429647,24.106034968843183,17.495769881457964,1,1,0.05656303972366139,TSLA,US,EV/Auto
2025-12-16,628.59,625.47,608.63,616.12,10298982,614.202,654.4849999999999,694.9985,673.5106,655.6808601376365,676.0700131608901,23.33717978306025,23.99731337555177,-20.389153023253584,-4.252471719634105,-16.13668130361948,694.9985,55.00779468928742,805.0140893785749,584.9829106214252,0.14151216911308556,0.3165923074033011,23.96071428571429,9265254.1,1.1115702577903117,211973198.0,-0.014712467216785097,0.027332337856217456,-0.019838050239393227,-0.17422363994585255,-0.16852901484480431,-0.04622434131087649,18.917089678404288,20.468133107611546,1,1,0.08350645978056237,TSLA,US,EV/Auto
2025-12-17,615.62,641.07,610.27,623.96,8024002,616.176,642.088,689.0274999999999,675.2618000000001,650.8007278087694,672.2100121860093,23.881759853345542,37.44870041039677,-21.409284377239942,-7.6838342511552735,-13.725450126084668,689.0274999999999,55.95295682652906,800.9334136530581,577.1215863469417,0.2092758645359088,0.32482277892506695,25.385714285714293,8939729.8,0.8975664009927456,219997200.0,0.012724793871323747,0.04936213859854911,0.013547318150785363,-0.16575080555666966,-0.1606446232075116,0.01607256265368262,23.338973491126126,22.12069937945785,1,1,0.01947240207705625,TSLA,US,EV/Auto
2025-12-18,620.77,638.77,628.64,633.15,11213014,622.744,633.577,685.478,676.8756,648.0852312228049,669.3166779500085,25.483422315940587,64.6570286065825,-21.23144672720366,-10.393356746364953,-10.838089980838708,685.478,57.18200973990491,799.8420194798098,571.1139805201901,0.27122175209350113,0.33367670291283746,25.987857142857145,9126657.5,1.228600149770039,231210214.0,0.01472850823770755,0.01599936823814893,0.019942974048327164,-0.11849469551415925,-0.1008180191439203,0.054705069047658705,28.52227862364057,23.592780597723646,1,1,0.05433151701808425,TSLA,US,EV/Auto
2025-12-19,636.95,707.22,695.52,700.72,8517432,639.854,634.5139999999999,683.6305,679.4937999999999,656.182887957758,671.6428499537116,40.15206111271261,92.25654406194762,-15.459961995953563,-11.406677796282676,-4.0532841996708875,683.6305,55.99149892946486,795.6134978589297,571.6475021410703,0.5763039940266298,0.3276126441367549,30.032857142857154,9333949.65,0.9125216448407084,239727646.0,0.106720366421859,0.016697111542389755,0.10011774864573336,0.013553193028133403,-0.05009014871148332,0.13906724970333406,67.54716981093455,39.80280730856706,0,0,-0.05400159835597673,TSLA,US,EV/Auto
2025-12-22,712.51,663.81,658.2,660.69,7722615,646.928,633.551,680.391,681.1558,656.8762898104106,670.8315277349182,36.14571169067083,65.80775107653842,-13.955237924507514,-11.916389821927645,-2.0388481025798697,680.391,55.31294213263531,791.0168842652706,569.7651157347293,0.41095664395698894,0.3251832674597638,31.624285714285723,9296568.2,0.8306951558000558,232005031.0,-0.05712695513186428,0.008491122916937457,-0.0727288038061602,-0.014366272824919424,-0.08930639025197107,0.05656303972366139,44.659805602946506,46.909751345840526,1,1,0.021311053595483465,TSLA,US,EV/Auto
2025-12-23,649.33,674.05,662.38,667.57,13931608,657.2180000000001,635.71,677.2230000000001,682.8574000000001,658.5214759934244,670.5899330878872,37.17686857726433,65.01314760855661,-12.068457094462815,-11.94680327643468,-0.12165381802813435,677.2230000000001,54.06641764387525,785.3558352877506,569.0901647122496,0.4553650841820251,0.31934188675691993,31.350714285714282,9519577.35,1.463469020137851,245936639.0,0.010413355734156804,0.017481312821101123,0.028090493277642983,0.033422087371126175,-0.0866840873955097,0.08350645978056237,59.14816619069425,57.11838053485841,1,0,0.019683329089084323,TSLA,US,EV/Auto
2025-12-24,668.6,639.35,633.52,636.11,62983659,659.648,637.912,672.446,683.0292,655.0735566098206,668.0358639702658,36.96569669660141,56.133030619132356,-12.962307360445266,-12.149904093236799,-0.8124032672084667,672.446,53.218496329554306,778.8829926591086,566.0090073408915,0.3293074658887415,0.31656666158754837,31.20500000000001,12149985.2,5.18384613473882,182952980.0,-0.047126144074778775,0.009165081511045064,-0.048594077176116385,0.035857936133140145,-0.13058156222237405,0.01947240207705625,42.947689344969916,48.9185537128702,1,1,0.09993554573894436,TSLA,US,EV/Auto
2025-12-25,642.8,687.22,651.82,667.55,7307699,666.528,644.636,668.9265,683.8992,656.993009439079,667.9998740465423,46.27729462553963,61.68194243447498,-11.006864607463399,-11.921296196082121,0.9144315886187222,668.9265,50.93790226447394,770.802304528948,567.0506954710521,0.4932442251285378,0.30459491298011254,32.531428571428584,12226434.25,0.5976966180718947,190260679.0,0.04942541384351751,0.053029735600250094,0.0385034225263869,0.11200879545568121,-0.09538715884760296,0.05433151701808425,68.17233632807942,56.75606395458118,0,1,-0.059411280053928484,TSLA,US,EV/Auto
2025-12-26,662.15,664.33,661.71,662.88,7824303,658.96,649.4069999999999,664.9485,684.5854,657.8987002946052,667.6206241171687,48.773491592482685,58.16533919252953,-9.721923822563554,-11.481421721378409,1.759497898814855,664.9485,47.91141148268325,760.7713229653665,569.1256770346334,0.4892066423401198,0.28821126136903064,31.171428571428578,12268474.4,0.6377567501174596,182436376.0,-0.0069957306568795286,0.0039524499155141985,0.0011024692290250182,0.07755579758440767,-0.1071601745595604,-0.05400159835597673,64.42554557072826,58.51519041459252,0,1,-0.09179640357229069,TSLA,US,EV/Auto
2025-12-29,658.0,704.18,651.24,674.77,11881281,661.7760000000001,654.3520000000001,660.918,684.8886,660.4942848646659,668.150207515897,54.9492865738353,39.732531455250424,-7.655922651231094,-10.716321907348947,3.0603992561178526,660.918,43.04726332764758,747.0125266552951,574.8234733447049,0.5804464612186098,0.2605301312875874,32.137857142857136,12416692.5,0.9568796233876595,194317657.0,0.017936881486845246,0.07845636290872665,0.025486322188411088,0.0790795112902194,-0.10671450131059868,0.021311053595483465,73.96501925486224,68.85430038455662,0,0,-0.10382797101234487,TSLA,US,EV/Auto
2025-12-30,685.52,685.93,676.54,680.71,6236960,664.404,660.811,657.6479999999999,685.2754,663.6043948854866,669.0805625147194,62.57455643639108,60.847420892934544,-5.476167629232805,-9.668291051725719,4.192123422492914,657.6479999999999,38.47655411860496,734.6011082372098,580.69489176279,0.649844499641659,0.23402521785846805,30.639999999999993,12202167.1,0.5111353940452599,200554617.0,0.008802999540584278,0.013794420531483586,-0.007016571361875553,0.10483347399857168,-0.0876546353754808,0.019683329089084323,78.73074454365589,72.37376978974878,0,0,-0.1537071587019435,TSLA,US,EV/Auto
2025-12-31,679.33,713.32,688.77,699.68,14311255,677.1179999999999,668.383,655.2355,686.6555999999999,669.1544879800272,671.347187513629,68.39571994520345,65.3827728274408,-2.1926995336018535,-8.173172748100946,5.980473214499092,655.2355,33.738862095899826,722.7132241917997,587.7577758082003,0.8293272004316634,0.20596479950093266,30.118571428571425,12360284.95,1.1578417407082722,214865872.0,0.027867961393251095,0.035087468557004606,0.02995598604502959,0.12135393294441932,-0.06451138475525786,0.09993554573894436,86.97105740675346,79.88894040175717,0,0,-0.15824376857992217,TSLA,US,EV/Auto
2026-01-01,697.17,642.36,616.32,627.89,9074092,669.186,667.857,650.717,686.8443999999998,662.8061052138692,668.1281365866935,51.94483517827657,47.15964063579819,-5.322031372824313,-7.602944473045619,2.280913100221306,650.717,30.775295475084803,712.2675909501696,589.1664090498303,0.31456717435259934,0.1891777560754523,34.68571428571427,12582348.0,0.7211763081758422,205791780.0,-0.10260404756460095,0.04147223239732834,-0.09937318014243385,-0.008307668009160496,-0.1258179489321416,-0.059411280053928484,18.39717260465757,61.36632485168895,0,0,-0.016149325518800994,TSLA,US,EV/Auto
2026-01-02,631.21,611.69,594.3,602.03,23793151,657.016,657.988,646.251,686.7006000000001,653.4559351809662,663.2319783210125,46.60228167945612,26.451983898792406,-9.77604314004634,-8.037564206445763,-1.738478933600577,646.251,31.048126971218057,708.347253942436,584.1547460575639,0.14393182202957608,0.19217379607100027,35.5042857142857,13024426.05,1.8268098019712888,181998629.0,-0.04118555797990098,0.028885603707408627,-0.046228671915771034,-0.14084084941203345,-0.12919649960222757,-0.09179640357229069,6.494706771916539,37.2876455944425,0,0,-0.021244788465691,TSLA,US,EV/Auto
2026-01-05,604.37,605.57,604.03,604.71,5394182,643.004,652.39,642.9705000000001,686.6668000000001,645.9565605377406,658.8970169639005,48.30314386841558,28.790199081163877,-12.940456426159813,-9.018142650388574,-3.9223137757712383,642.9705000000001,31.827530200818824,706.6255604016378,579.3154395983624,0.1994700832990238,0.19800305115565542,34.554285714285705,13071518.35,0.4126667953102177,187392811.0,0.00445160540172429,0.0025466752658258184,0.0005625692870252813,-0.0847296008718158,-0.09787862513426426,-0.10382797101234487,8.746429171494379,11.21276951602281,0,1,-0.03978766681549839,TSLA,US,EV/Auto
2026-01-06,608.94,587.72,566.76,576.08,9863304,622.078,643.241,639.4755,686.25,635.2063204550113,652.7624231147227,43.29411764705882,17.930720738285586,-17.556102659711314,-10.725734652253124,-6.8303680074581905,639.4755,35.14468088450237,709.7648617690047,569.1861382309953,0.04903915468468272,0.2198344167021091,35.06499999999999,13032300.05,0.7568351868298806,177529507.0,-0.04734500835111044,0.03638383557832879,-0.05396262357530471,-0.1370492982009377,-0.10820768444843487,-0.1537071587019435,6.359170305633499,7.200102083014786,1,1,0.03348493264824315,TSLA,US,EV/Auto
2026-01-07,580.14,610.12,572.02,588.96,5751646,599.934,638.526,638.2189999999999,685.6216000000001,628.0915019234711,648.0363176988172,43.87424103801049,21.472545239723885,-19.944815775346115,-12.569550876871723,-7.375264898474391,638.2189999999999,36.522263995653965,711.2635279913079,565.174472008692,0.16281526245179959,0.22890113892313932,36.72857142857142,12879648.35,0.44656852401032177,183281153.0,0.02235800583252323,0.06469030154838246,0.015203226807296251,-0.07412240021379946,-0.040922340373560906,-0.15824376857992217,15.147379912560428,10.084326463229417,1,0,0.08375781037761465,TSLA,US,EV/Auto
2026-01-08,598.71,625.48,611.56,617.75,11438463,597.906,633.546,639.091,685.2186,626.5005016275525,645.7928867581642,37.11285763101487,25.99191232491357,-19.292385130611706,-13.914117727619722,-5.378267402991984,639.091,35.76996651117174,710.6309330223435,567.5510669776565,0.350845541093213,0.2238802706413688,34.046428571428564,13343406.75,0.8572370127863327,194719616.0,0.04888277641945127,0.022533387292557733,0.03180170700333745,-0.07460115347164997,0.02905165664406728,-0.016149325518800994,34.79121179015562,18.76592066944983,1,0,0.07475515985430992,TSLA,US,EV/Auto
2026-01-09,620.89,603.52,577.82,589.24,6558700,595.3480000000001,626.182,637.7945,683.9936,620.7681167617752,641.6037840353372,38.49028641386641,34.825284648606214,-20.835667273561967,-15.298427636808173,-5.537239636753794,637.7945,37.12681630857064,712.0481326171413,563.5408673828587,0.17304966579531156,0.23284500765379723,33.86142857142856,13377561.4,0.49027616570863464,188160916.0,-0.04615135572642648,0.04361550471786762,-0.05097521300061042,-0.11109099686217716,-0.04215095014386261,-0.021244788465691,15.338427947493605,21.759006550069866,1,1,0.15969723711900086,TSLA,US,EV/Auto
2026-01-12,595.62,612.21,555.4,580.65,4929377,590.5360000000001,616.77,635.561,682.7758,614.5960987984253,637.0886889216084,36.07497596924061,40.28888081395349,-22.492590123183163,-16.737260134083172,-5.755329989099991,635.561,39.202389548541674,713.9657790970834,557.1562209029166,0.14982364192266104,0.24672621226588806,36.964999999999996,12352786.25,0.39904977720716434,183231539.0,-0.014578100604168087,0.0978386291223667,-0.025133474362806645,-0.13948456511107488,-0.07143542506236822,-0.03978766681549839,15.98910840921992,22.03958271562303,1,1,0.14061827262550586,TSLA,US,EV/Auto
2026-01-13,576.25,621.27,574.65,595.37,5917753,594.394,608.236,634.5235,681.3295999999999,611.6382374448214,633.998415668156,43.1033315276273,46.17589256469045,-22.36017822333463,-17.861843751933463,-4.498334471401165,634.5235,40.01023254315968,714.5439650863194,554.5030349136806,0.25535320896960656,0.25222222687163925,37.86285714285714,12133724.8,0.48771112002547473,189149292.0,0.025350899853612274,0.07830424777856072,0.03318004338389037,-0.1253690999103877,-0.03367850418749596,0.03348493264824315,25.310283687783,18.879273348165487,1,1,0.11532324436904773,TSLA,US,EV/Auto
2026-01-14,597.44,638.41,638.2,638.29,6589963,604.26,602.097,635.24,680.2158000000001,615.7385086071565,634.3163108038481,45.23204275844089,72.80258045597827,-18.57780219669155,-18.00503544088508,-0.5727667558064695,635.24,39.939353366926724,715.1187067338535,555.3612932661465,0.5190914457944538,0.2514914260239524,37.286428571428566,12062022.85,0.5463397421486611,195739255.0,0.07208962493911342,0.0003290040577160753,0.06837506695221533,-0.08774010976446378,0.022966215783062793,0.08375781037761465,52.4886018233758,31.262664640126218,1,1,0.04684391107490349,TSLA,US,EV/Auto
2026-01-15,635.3,691.48,641.89,663.93,9845044,613.496,605.701,636.779,678.4008,623.1525842060555,636.5099174109705,50.16015374759768,75.12904739558891,-13.357333204914994,-17.075494993691063,3.7181617887760687,636.779,40.44441577484142,717.6678315496829,555.8901684503171,0.6678291024803323,0.25405621589140304,40.66857142857143,11993624.35,0.8208563893485301,205584299.0,0.04016982876122133,0.07469160905505903,0.0450653234691562,0.057398588924811644,0.048614072494669536,0.07475515985430992,68.72467071891633,48.84118541002503,0,1,-0.014715406744686965,TSLA,US,EV/Auto
2026-01-16,675.0,696.88,672.52,683.34,5715294,632.316,613.8320000000001,635.91,677.2946000000001,632.412186635893,639.9788124175653,51.27784570423166,73.46019028542814,-7.566625781672315,-15.173721151287312,7.607095369614997,635.91,39.16472405783214,714.2394481156642,557.5805518843357,0.802759697279881,0.2463538806294636,39.2407142857143,11853517.45,0.4821601302691692,211299593.0,0.02923500971487969,0.03564843269816543,0.0123555555555373,0.13505971463216127,-0.02480305971001251,0.15969723711900086,81.01570415348901,67.40965889859369,0,0,-0.026253402405830295,TSLA,US,EV/Auto
2026-01-19,686.38,672.39,654.23,662.3,12953528,648.646,619.591,635.9905000000001,675.8062,637.0103117688325,641.6322337199679,47.3732271780384,77.60731559854892,-4.621921951135391,-13.063361311256928,8.441439360121537,635.9905000000001,39.21995376617459,714.4304075323492,557.550592467651,0.6677048126840406,0.24667006042456857,40.522857142857156,12115063.1,1.0692083750510244,198346065.0,-0.03078994351274633,0.027419598369277595,-0.03508260730202652,0.09523573283061282,0.002436846327324327,0.14061827262550586,67.69250253249938,72.47762580163489,0,0,-0.005541295485429476,TSLA,US,EV/Auto
2026-01-20,671.66,689.06,644.0,664.03,8317517,662.3779999999999,628.3860000000001,635.8135,673.5412,641.1671868813198,643.2913275184889,44.65019958582191,83.22971465008763,-2.1241406371690346,-10.87551717643935,8.751376539270316,635.8135,39.07766413788705,713.9688282757741,557.6581717242259,0.6805155235210355,0.2458435634841071,41.41214285714286,11834358.55,0.7028278095539188,206663582.0,0.0026121093160198505,0.06785837989237246,-0.011359914242308066,0.15266976808776556,-0.005302814686100499,0.11532324436904773,76.78117048291786,75.16312572296873,0,1,-0.023041127659894856,TSLA,US,EV/Auto
2026-01-21,663.22,680.09,658.67,668.19,8401748,668.358,636.309,637.4175,671.9566,645.3245427457321,645.1356736282305,57.58773911733695,81.68842471714531,0.18886911750155377,-8.66263991765117,8.851509035152723,637.4175,39.74319297889533,716.9038859577906,557.9311140422094,0.6935708840482916,0.2494013294509985,36.98785714285716,9105263.0,0.922735244140093,215065330.0,0.006264777193801585,0.03205675032545835,0.007493742649486646,0.13452526487367567,0.050431529138042164,0.04684391107490349,79.72151540797488,74.73172947446403,1,0,0.05314356694952038,TSLA,US,EV/Auto
2026-01-22,662.25,654.53,653.87,654.16,7864641,666.404,639.95,636.7479999999999,669.9174,646.6838438617732,645.8041422483616,60.272730855633924,59.22567143355421,0.879701613411612,-6.754171611438613,7.633873224850225,636.7479999999999,39.31939759671098,715.3867951934219,558.109204806578,0.6107087154410386,0.24700131038746403,35.61142857142859,9133110.1,0.8611130329948576,207200689.0,-0.020997021805175264,0.001008927479514124,-0.012215930539807952,0.058939700526102756,-0.02005842259006818,-0.014715406744686965,69.80491942274664,75.43586843787978,1,0,0.0705484896661368,TSLA,US,EV/Auto
2026-01-23,660.35,675.64,657.2,665.4,9532962,662.816,647.566,636.874,667.9522000000001,649.5632524984235,647.2556872670015,61.569255404323435,51.026392961876844,2.307565231422018,-4.9418242428664865,7.249389474288504,636.874,39.41147553962356,715.6969510792471,558.0510489207529,0.6809498350971376,0.24753075515446804,36.89285714285716,9218543.05,1.0341071158628352,216733651.0,0.017182340711752397,0.027712654042639357,0.007647459680460827,0.12925123888398615,0.0038015930485155724,-0.026253402405830295,77.74950522987172,75.7586466868644,1,1,0.13070333633904418,TSLA,US,EV/Auto
2026-01-26,664.99,679.05,642.29,658.63,22423521,662.082,655.3639999999999,636.067,665.7941999999999,650.9581367294353,648.0982289509273,67.1671588404109,29.048668814651577,2.8599077785080453,-3.38147783859158,6.241385617099626,636.067,38.754432968844505,713.5758659376891,558.558134062311,0.645551091003533,0.24371289797322357,36.80785714285715,9745655.05,2.3008734234982566,194310130.0,-0.010174331229335754,0.0558128235882729,-0.009564053594776538,0.13429776974080765,-0.023919261377950973,-0.005541295485429476,72.96437658981507,73.50626708081113,1,1,0.12749191503575608,TSLA,US,EV/Auto
2026-01-27,648.8,654.85,643.84,648.73,5933371,659.0219999999999,660.7,634.4680000000001,663.9488,650.6153464633683,648.1450268064141,62.58580753842913,35.81434246288951,2.4703196569541888,-2.211118339482426,4.681437996436615,634.4680000000001,37.4534332064123,709.3748664128246,559.5611335871755,0.5951982153465373,0.23612496268592428,35.14285714285715,9730475.6,0.6097718790053922,188376759.0,-0.015031201129617533,0.0169716214757804,-0.00010789149198493904,0.08962493911349245,-0.046980358743077155,-0.023041127659894856,65.96692111912664,72.22693431293779,1,1,0.14295623757187115,TSLA,US,EV/Auto
2026-01-28,647.27,738.38,675.96,703.7,9424465,666.124,667.241,634.6690000000001,663.1552,658.7822162382347,652.260210005939,66.3012555475477,69.62501236766599,6.5220062322956665,-0.464493425126807,6.986499657422473,634.6690000000001,37.830710429210384,710.3304208584209,559.0075791415793,0.956183608606928,0.23842797066912538,38.93785714285715,9486136.1,0.9934987129798072,197801224.0,0.08473478951181534,0.08870257211867451,0.08718154711312572,0.10247693054881024,0.005745483649668648,0.05314356694952038,81.04710897321543,73.32613556071902,1,1,0.006792667329827973,TSLA,US,EV/Auto
2026-01-29,698.48,701.98,698.97,700.31,10414177,675.354,670.879,638.2900000000001,663.0786,665.171106047737,655.8194537092028,73.28413902981,66.01196410767687,9.351652338534223,1.4987357276053994,7.852916610928823,638.2900000000001,40.51812044271485,719.3262408854298,557.2537591145704,0.8826682933553275,0.25391668641308107,36.42357142857144,9553140.35,1.0901311535602893,187387047.0,-0.004817393775756851,0.004298096557232787,0.0026199748024242743,0.05479493320078932,0.1153386739715554,0.0705484896661368,79.19444748016615,75.40282585750272,0,1,-0.008781825191700787,TSLA,US,EV/Auto
2026-01-30,711.61,762.53,744.24,752.37,11856173,692.7479999999999,677.7819999999999,645.807,663.3726000000001,678.5863205019313,662.9713460270397,80.4489680119157,85.4984457456806,15.614974474891596,4.32198347706264,11.292990997828955,645.807,46.88283078169541,739.5726615633909,552.0413384366092,1.0682410715296302,0.2903829210994791,36.81000000000001,8956291.45,1.3237813599979087,199243220.0,0.07433850723251134,0.02430984754838132,0.057278565506306424,0.1010185266485204,0.24972177466239232,0.13070333633904418,94.59229295244525,84.94461646860891,0,0,-0.01968446376118138,TSLA,US,EV/Auto
2026-02-02,752.45,762.39,726.76,742.6,7184581,709.542,685.8120000000001,652.7014999999999,663.715,688.4345788862496,668.8697648398515,76.5729343392412,78.2040040917726,19.564814046398055,7.370549590929724,12.194264455468332,652.7014999999999,50.51900916590794,753.7395183318158,551.663481668184,0.9448746198872503,0.3095994672347501,36.02500000000001,9045811.4,0.7942438647080499,192058639.0,-0.012985632069327568,0.047980070024174544,-0.01309057080202928,0.12124414917711013,0.22802665740602923,0.12749191503575608,83.9700796261243,85.91894001957856,0,0,-0.00518448693778617,TSLA,US,EV/Auto
2026-02-03,748.96,752.78,732.41,741.47,2997541,728.09,693.5559999999999,660.971,663.9258,696.5938744422111,674.2475600368996,71.93079408263898,81.56531016613319,22.346314405311546,10.36570255380609,11.980611851505456,660.971,50.851970504694876,762.6749410093897,559.2670589906103,0.8957516257490566,0.30774100833239537,34.405714285714296,8702523.25,0.3444450039883543,189061098.0,-0.0015216805817398482,0.027472453369620526,-0.010000534073902488,0.11662123699230476,0.2870955422857937,0.14295623757187115,82.54310344759169,87.03515867538705,0,0,-0.0748243354417576,TSLA,US,EV/Auto
2026-02-04,746.44,714.2,703.9,708.48,13366559,729.046,697.585,666.947,663.4624,698.4225091434095,676.7832963304625,59.182159198647916,69.36037845894626,21.639212812946994,12.620404605634272,9.018808207312722,666.947,48.93056553073681,764.8081310614737,569.0858689385263,0.7122037603121404,0.29345999325681627,33.29000000000001,9083268.9,1.47155805642195,175694539.0,-0.044492696939862686,0.014538166214975059,-0.05085472375535767,0.060297220850356936,0.20293398533007334,0.006792667329827973,55.048236859156326,73.85380664429076,1,1,0.02227303523035218,TSLA,US,EV/Auto
2026-02-05,718.62,706.87,683.98,694.16,13189470,727.816,701.585,670.7675,662.5868,697.7667385059618,678.070459565243,52.27789473684209,45.803272919232775,19.6962789407188,14.03557947265118,5.660699468067618,670.7675,47.85838912051222,766.4842782410245,575.0507217589756,0.6221964447051961,0.2853947999593951,32.68642857142858,9170819.25,1.4381995983401812,162505069.0,-0.020212285456187917,0.03297510660361734,-0.034037460688494614,0.06114711997064948,0.12369081343585586,-0.008781825191700787,43.13872255453144,60.24335428709313,1,0,0.009709577042756656,TSLA,US,EV/Auto
2026-02-06,698.46,752.63,725.5,737.56,15303563,724.854,708.8009999999999,678.1835,662.4892,703.8887787358138,682.4770921900398,64.48087431693986,62.120127546040216,21.411686545774046,15.510800887275755,5.900885658498291,678.1835,46.01638521394021,770.2162704278804,586.1507295721195,0.8225834652326725,0.27140964186756167,34.78357142857144,9608062.4,1.5927833074040705,177808632.0,0.06252160885098523,0.03678344812620426,0.05598029951599795,0.10844604749023135,0.2517140723644016,-0.01968446376118138,79.23320026547542,59.140053226387714,0,0,-0.06407614295786102,TSLA,US,EV/Auto
2026-02-09,742.54,761.78,720.31,738.75,25577308,724.0840000000001,716.8129999999999,686.0885000000001,662.1566,709.2520435456886,686.6454557315184,64.40691038099644,43.37548638132296,22.60658781417021,16.92995827265465,5.676629541515563,686.0885000000001,41.76272781408714,769.6139556281744,602.5630443718258,0.8152422192918948,0.24348303645390518,34.52714285714287,10640458.95,2.4037784193718057,203385940.0,0.0016134280600901274,0.05613536379011018,-0.005104102135904947,0.12164644792979362,0.272281064324464,-0.00518448693778617,80.22288755754973,67.53160345918552,0,0,-0.06655837563451772,TSLA,US,EV/Auto
2026-02-10,742.93,689.74,682.99,685.99,11335902,712.988,720.539,690.6195,660.9542,705.6732676155826,686.5969034551097,52.89036113276175,30.58508814047603,19.076364160472963,17.35923945021831,1.7171247102546516,690.6195,35.90773813026134,762.4349762605227,618.8040237394773,0.4677680895433076,0.2079740762038104,36.98000000000001,10911366.4,1.0389075525034561,192050038.0,-0.07141793570219968,0.009839793582982493,-0.07664248314097331,0.05743529665654434,0.15220787073584496,-0.0748243354417576,36.34397870894594,65.26668884399034,0,1,-0.06298925640315467,TSLA,US,EV/Auto
2026-02-11,676.84,725.37,723.38,724.26,19182848,716.144,722.595,694.9179999999999,660.4808,708.532764905493,689.386762458435,60.55214354527938,45.2960148690756,19.14600244705798,17.716592049586247,1.4294103974717345,694.9179999999999,34.42895975009311,763.7759195001861,626.0600804998137,0.7130619122119112,0.19817566820858612,38.77,11541010.65,1.6621461429683246,211232886.0,0.055787985247598426,0.002747632065828931,0.070060871106805,0.029216995878925678,0.13468799448526547,0.02227303523035218,68.17198935405715,61.57961854018425,0,0,-0.05916383619142296,TSLA,US,EV/Auto
2026-02-12,725.08,710.88,692.92,700.9,8368793,717.492,722.654,696.7665,660.1336,707.358493381571,690.2395948689212,55.15568723132334,47.81304096941719,17.118898512649707,17.59705334219894,-0.47815482954923283,696.7665,33.66155174754247,764.0896034950849,629.443396504915,0.5306989709689416,0.19324437525336927,39.47428571428572,11467198.1,0.729802711806059,202864093.0,-0.03225361058183529,0.02562419746037154,-0.03334804435368058,0.0008424840427811997,0.05568358110041727,0.009709577042756656,48.74417830964119,51.086715457548074,1,0,0.02064488514766727,TSLA,US,EV/Auto
2026-02-13,692.34,703.9,679.42,690.3,12253257,708.04,716.4469999999999,697.1145,660.1125999999999,704.7341097844062,690.2440693230752,54.54884950159431,48.86189409128435,14.490040461330977,16.975650766025346,-2.4856103046943687,697.1145,33.55123646242777,764.2169729248556,630.0120270751445,0.44922318281711854,0.19251492523755934,38.59714285714286,11794096.25,1.0389313179522919,190610836.0,-0.015123412755029264,0.035462842242451914,-0.002946529161968297,-0.08249930220503221,0.010185266485204902,-0.06407614295786102,39.14398854124906,52.02005206831578,1,0,0.023743300014486657,TSLA,US,EV/Auto
2026-02-16,681.94,709.27,673.83,689.58,27926179,698.206,711.145,698.4784999999999,660.4978,702.402708279113,690.1948790028474,56.02631811878559,31.095350669818785,12.207829276265556,16.02208646807339,-3.814257191807833,698.4784999999999,32.60249688129093,763.6834937625817,633.2735062374181,0.4317651955245021,0.18670580057221078,40.072142857142865,12542728.8,2.226483344957331,162684657.0,-0.0010430247718381525,0.05139360190253277,0.011203331671391592,-0.07139779154322645,0.04118979314510063,-0.06655837563451772,17.75648252516623,35.21488312535214,1,1,0.03876272513703971,TSLA,US,EV/Auto
2026-02-17,690.44,652.5,635.0,642.78,18426904,689.564,701.2760000000001,697.4159999999999,660.4338,693.2299839284801,686.6826657433774,40.79090579271979,22.184221204567848,6.5473181851027675,14.127132811479264,-7.579814626376496,697.4159999999999,34.0962869409228,765.6085738818456,629.2234261181543,0.09939919488326673,0.19555781307497355,37.56714285714287,13048198.15,1.4122181757166083,144257753.0,-0.06786739754633264,0.02722548928089358,-0.06902844562877447,-0.13310046259457575,-0.0320015661942985,-0.06298925640315467,6.1005253665325565,21.00033214431593,1,1,0.10260120103301285,TSLA,US,EV/Auto
2026-02-18,630.68,699.3,667.1,681.41,6630979,680.994,698.569,698.077,661.7802,691.4115248625601,686.2920979105345,47.41803278688525,48.55411036747062,5.119426952025606,12.325591639588533,-7.206164687562927,698.077,33.624766420630394,765.3265328412608,630.8274671587392,0.3760809235677686,0.1926708166610975,41.266428571428584,12959659.7,0.5116630098193852,150888732.0,0.06009832290986039,0.047254956633968795,0.08043698864704697,-0.03820855916892507,0.01978479175084913,-0.05916383619142296,36.39143730858312,20.082815066760617,1,1,0.017170279273858613,TSLA,US,EV/Auto
2026-02-19,679.65,721.44,710.52,715.37,10623495,683.888,700.6899999999999,701.1375,664.0814,695.097444114474,688.4460165838283,44.68237999425122,47.114947751022264,6.651427530645719,11.19075881779997,-4.539331287154251,701.1375,32.17132195883154,765.4801439176631,636.794856082337,0.6105992785873252,0.18353787642957703,39.68142857142858,13097602.4,0.8111022051560974,161512227.0,0.04983783625130256,0.01526482799108826,0.05255646288523133,0.03055491529330423,0.09357038033508625,0.02064488514766727,63.08972446767337,35.19389571426299,0,0,-0.03951801165830271,TSLA,US,EV/Auto
2026-02-20,722.74,727.79,689.82,706.69,20777523,687.166,697.6030000000001,703.202,665.9118000000001,696.8809142507088,689.797422762804,44.82281364435859,52.07690652127128,7.08349148790478,10.369305351820934,-3.285813863916154,703.202,31.06301178334904,765.3280235666981,641.0759764333019,0.5280719720917538,0.17669467255954835,39.84857142857144,13659830.45,1.5210673042382232,140734704.0,-0.012133581223702339,0.053729357992820304,-0.022207156100364927,-0.04185422202939404,0.0620529005109709,0.023743300014486657,56.54677393866115,52.00931190497253,0,0,-0.07895965699245788,TSLA,US,EV/Auto
2026-02-23,705.78,725.03,709.34,716.31,16227577,692.512,695.359,706.086,667.7316000000001,699.8700043659844,691.7613173729667,46.45933014354066,59.39599739903187,8.108686993017727,9.917181680060294,-1.8084946870425664,706.086,29.336622235873996,764.759244471748,647.412755528252,0.5871265948513875,0.1661929126810755,39.70357142857143,13350033.25,1.2155457204164102,156962281.0,0.013612758069308839,0.021903924278563802,0.014919663351164745,-0.030375634517766592,0.08757572536932723,0.03876272513703971,64.1347215644097,61.25707332358138,0,0,-0.10506624226940853,TSLA,US,EV/Auto
2026-02-24,721.53,711.54,706.48,708.73,9575751,705.702,697.633,709.086,669.5838,701.2330806173715,693.018256826821,50.03789141835158,56.59117505334894,8.21482379055044,9.576710102158323,-1.3618863116078828,709.086,26.045901465638426,761.1778029312769,656.9941970687231,0.4965829556622734,0.14692661519534567,37.72214285714285,13532152.25,0.707629511955165,147386530.0,-0.01058201058201047,0.007139531274240975,-0.01774008010752459,0.03314917127071815,0.09248840041311479,0.10260120103301285,58.155860545368725,59.612452016146506,0,0,-0.11433126860722698,TSLA,US,EV/Auto
2026-02-25,699.89,701.66,686.27,693.11,5114815,708.042,694.518,708.5564999999999,670.9667999999999,699.9833759070066,693.0250526174269,49.84148072103627,72.0571478657201,6.958323289579653,9.053032739642589,-2.094709450062936,708.5564999999999,26.267857940633924,761.0922158812677,656.0207841187321,0.352990487126297,0.1482894190687509,37.576428571428565,13316669.75,0.3840911212736862,142271715.0,-0.022039422629209993,0.022204267720820334,-0.009687236565732166,-0.043009416507883924,-0.01504902657382412,0.017170279273858613,45.835305252832995,56.04196245420379,0,0,-0.02680671177735139,TSLA,US,EV/Auto
2026-02-26,691.97,688.05,686.35,687.1,6432260,702.388,693.138,707.896,672.0458,698.0013180751594,692.5861598309508,41.412525527569784,53.49208297532838,5.4151582442085555,8.325457840555782,-2.910299596347226,707.896,26.64943791250544,761.1948758250109,654.5971241749891,0.30491145752696935,0.15058391578688285,33.882857142857134,13117573.9,0.490354356581566,135839455.0,-0.008671062313341249,0.002474166787945652,-0.0070378773646154694,-0.01968897132258518,-0.01886307492396211,-0.03951801165830271,41.09480990660126,48.361991901600966,0,0,-0.07090670935817212,TSLA,US,EV/Auto
2026-02-27,666.66,654.98,647.62,650.89,8424737,691.228,689.1969999999999,702.822,671.0491999999999,690.7534229866734,689.4975553990284,36.64010704944953,11.490683229813555,1.255867587644957,6.911539789973617,-5.65567220232866,702.822,27.38660460113296,757.5952092022659,648.0487907977341,0.025936121359513106,0.15586651869801446,33.740714285714276,12946002.1,0.6507596927734399,127414718.0,-0.05269975258332127,0.011307594217131477,-0.023655236552330015,-0.0570911198029842,-0.1348804444621663,-0.07895965699245788,17.124690160393087,34.68493510660909,1,1,0.028530166387561673,TSLA,US,EV/Auto
2026-03-02,641.95,650.96,633.12,641.05,10993404,676.176,684.3439999999999,697.7445,670.6564,683.1067425271851,685.908847591693,42.14060860440713,11.333647502356158,-2.8021050645078276,4.968810819077327,-7.770915883585155,697.7445,28.990349297106953,755.7251985942139,639.7638014057861,0.01109161001322509,0.16619464171808102,31.03214285714285,13136443.25,0.8368629890086124,116421314.0,-0.015117761833796872,0.02782934248494221,-0.0014019783472212616,-0.07037617100263938,-0.13674925935900895,-0.10506624226940853,8.376465617319308,22.198655228104528,1,0,0.0727868341003044,TSLA,US,EV/Auto
2026-03-03,635.11,639.19,618.52,627.7,18865194,659.97,682.836,692.0559999999999,669.8589999999999,674.5826282922336,681.5970811034194,31.50049812246148,0.0,-7.0144528111858335,2.5721580930246946,-9.586610904210527,692.0559999999999,31.047924483557495,754.1518489671149,629.9601510328849,-0.01819888986511509,0.17945324935272658,29.828571428571422,13929825.9,1.3543021126845445,97556120.0,-0.02082520864207149,0.032929743507992895,-0.011667270236633498,-0.023460593048943545,-0.15343843985596173,-0.11433126860722698,8.401208016762197,11.300787931491508,1,1,0.10172056714991218,TSLA,US,EV/Auto
2026-03-04,638.47,678.79,671.12,674.53,17596528,656.2539999999999,682.1479999999999,690.3585,670.6273999999999,674.57453163189,681.0735936142773,45.36473896994199,36.62599718442043,-6.4990619823873885,0.7579140779422775,-7.2569760603296665,690.3585,31.03078391312415,752.4200678262483,628.2969321737518,0.3724774401068381,0.17979518706920644,31.2392857142857,14141324.35,1.2443337215206636,115152648.0,0.0746057033614782,0.011370880464899395,0.05647876955838718,-0.010096711231123656,-0.04791948961156289,-0.02680671177735139,51.25835087351278,22.67867483586474,1,1,0.00229789631298849,TSLA,US,EV/Auto
2026-03-05,687.77,645.15,632.96,638.38,4124392,646.51,674.449,687.5695,670.0440000000001,669.0061421500607,677.9111051984049,41.625806451612895,31.558730372666602,-8.904963048344257,-1.17466134731503,-7.7303017010292265,687.5695,33.108294472753855,753.7860889455077,621.3529110544922,0.12857117239451493,0.1926106057508701,32.45999999999998,13688070.45,0.3013128631791296,111028256.0,-0.05359287207388841,0.01909520974964887,-0.07181179754849466,-0.10762262884940665,-0.0803561138642388,-0.07090670935817212,18.17516244149196,25.944907110588957,1,1,0.13354115103856645,TSLA,US,EV/Auto
2026-03-06,623.74,681.23,660.05,669.46,7743295,650.2239999999999,670.7259999999999,684.1645000000001,670.1756,669.0759664346667,677.2850974059305,47.04430602891056,44.91525423728814,-8.20913097126379,-2.5815552721047825,-5.6275756991590065,684.1645000000001,31.13979303500593,746.444086070012,621.8849139299882,0.38194767396292684,0.1820602678739421,32.9892857142857,13310057.05,0.5817626768352073,118771551.0,0.04868573576866453,0.031637439129997946,0.07329977234092207,-0.052682222756795793,-0.09233147133792496,0.028530166387561673,46.61846801458211,38.68399377652893,1,1,0.1418307292444656,TSLA,US,EV/Auto
2026-03-09,665.17,698.18,679.32,687.71,6230942,659.5559999999999,667.866,681.6125,670.4344,671.9427408293334,678.0573124128986,57.204707995253536,61.83922829581996,-6.11457158356518,-3.288158534396862,-2.826413049168318,681.6125,28.401989529087082,738.4164790581741,624.8085209418258,0.5536714161626057,0.16667528561489356,31.142142857142833,12342738.75,0.5048264912172357,125002493.0,0.027260777342933196,0.027424350380207463,0.03388607423661048,-0.03992684731470997,-0.06908967851099823,0.0727868341003044,63.32021597818876,42.70461547808759,1,1,0.10972648354684367,TSLA,US,EV/Auto
2026-03-10,680.81,711.48,675.6,691.55,6895604,672.326,666.1479999999999,681.8905000000001,670.6512000000001,674.9592422402052,679.0567707526839,51.830192765865284,66.88963210702343,-4.097528512478675,-3.450032530013225,-0.64749598246545,681.8905000000001,28.474210764901922,738.8389215298039,624.9420784701963,0.5848091987445146,0.16703098673385322,29.66785714285712,12120723.85,0.568910200118931,131898097.0,0.0055837489639527504,0.0518834502204441,0.01577532644935332,-0.024240542943010812,0.008105074417994462,0.10172056714991218,66.83444678258593,58.92437692511891,1,1,0.09539440387535247,TSLA,US,EV/Auto
2026-03-11,702.21,678.35,674.27,676.08,12769588,672.6360000000001,664.4449999999999,679.4815000000001,670.1792,675.131666510943,678.8362692154479,42.40126871156151,65.95435958316847,-3.704602704504964,-3.500946564911573,-0.20365613959339113,679.4815000000001,26.682691664701483,732.8468833294031,626.1161166705971,0.46813008931771277,0.15707678083751941,28.042857142857113,11800060.85,1.08216280239243,119128509.0,-0.0223700383197164,0.006034788782383751,-0.03721109069931044,-0.02457041450851949,-0.06652307182503514,0.00229789631298849,52.67685549507943,60.94383941861802,1,1,0.12844633771151326,TSLA,US,EV/Auto
2026-03-12,681.16,725.1,722.46,723.63,9314854,689.686,668.098,680.618,672.094,682.5929485861826,682.1543233476369,52.84801613987894,66.11526847840359,0.4386252385456828,-2.713032204220122,3.1516574427658046,680.618,28.08994942941717,736.7978988588344,624.4381011411657,0.882805957938757,0.16508496354416663,28.83214285714283,11847363.9,0.7862384655679846,128443363.0,0.07033191338303157,0.003648273288830394,0.062349521404571145,0.05316547809634686,0.032429733200171285,0.13354115103856645,98.62075436199453,72.71068554655328,1,1,0.12923731741359523,TSLA,US,EV/Auto
2026-03-13,719.58,767.35,762.06,764.41,5542548,708.676,679.45,684.3235,675.3415999999999,695.1801872652314,688.2473364329971,57.319819819819834,90.14461362043707,6.932850832234294,-0.7838555969292382,7.7167064291635326,684.3235,33.75188373300312,751.8272674660062,616.8197325339937,1.0932002242633125,0.19728612992512345,30.644999999999982,11511828.45,0.48146543727678315,133985911.0,0.05635476693890529,0.0069203699585211565,0.062300230690038115,0.17440734993624107,0.10735911922352592,0.1418307292444656,98.02459181550743,83.10740055752711,1,0,0.03307125757119889,TSLA,US,EV/Auto
2026-03-16,769.81,794.06,738.47,763.17,20713603,723.768,691.662,688.0029999999999,678.5108,705.6401584551958,693.7971633638862,58.44764446651356,86.8559741996382,11.842995091309604,1.7415145407185308,10.101480550591074,688.0029999999999,38.08782705108717,764.1786541021743,611.8273458978256,0.9933794194808305,0.22143988936694647,33.91357142857141,11151199.65,1.8575222211610012,113272308.0,-0.0016221661150429556,0.07284091355782733,-0.00862550499472774,0.19049996100148192,0.10671713216740608,0.10972648354684367,82.40287114001138,93.01607243917108,1,1,0.0379862940105089,TSLA,US,EV/Auto
2026-03-17,771.78,768.42,748.81,757.52,6743272,736.962,704.644,693.74,682.1396000000001,713.6216725390118,698.5173734850798,60.3138510808647,80.47673098751423,15.104299053931982,4.414071443361222,10.690227610570759,693.74,39.53159895310731,772.8031979062147,614.6768020937853,0.9033482181858677,0.2279332254334497,33.70999999999998,10567018.05,0.6381432614148641,106529036.0,-0.0074033308437175815,0.025887105290915258,-0.01847676799085428,0.20681854389039334,0.17850586514826228,0.09539440387535247,79.18423151373374,86.53723148975082,1,1,0.09141672827120084,TSLA,US,EV/Auto
2026-03-18,750.91,785.31,745.01,762.92,5536574,754.3299999999999,713.483,697.8154999999999,685.6187999999999,721.206030609933,703.2879384121109,62.16467719163137,80.73908174692055,17.918092197822148,7.114875594253408,10.803216603568739,697.8154999999999,42.29834418495969,782.4121883699192,613.2188116300806,0.8847934313600445,0.2424614769084324,36.105714285714264,10512297.8,0.5266758589472361,112065610.0,0.0071285246594148255,0.05282336286890779,0.015993927368105364,0.13103939039034596,0.11961961227454831,0.12844633771151326,82.26045345743273,81.28251870372593,1,1,0.028508886908194864,TSLA,US,EV/Auto
2026-03-19,769.92,835.9,802.15,817.15,7441766,773.0339999999999,731.36,702.9045,689.6067999999999,735.9666412853279,711.7221651963989,75.21689012922408,95.55053277365192,24.24447608892899,10.540795693188526,13.703680395740465,702.9045,49.95179386431478,802.8080877286295,603.0009122713705,1.0717787648890846,0.28425934882615606,38.4985714285714,10353211.35,0.7187881160382072,119507376.0,0.07108215802443252,0.041302086520172185,0.06134403574389375,0.2800369685767097,0.1422760249940589,0.12923731741359523,91.37455147625644,84.27307881580761,0,1,-0.0427094168757266,TSLA,US,EV/Auto
2026-03-20,820.99,795.24,785.25,789.69,24296268,778.0899999999999,743.383,707.0545,693.6158,744.2317733952774,717.497560367036,71.40059894033638,74.51024042742658,26.734213028241356,13.779479160199093,12.954733868042263,707.0545,53.59762145890869,814.2497429178173,599.8592570821826,0.8854438767514535,0.3032163515476269,39.50285714285712,10529148.6,2.3075242467824753,95211108.0,-0.033604601358379615,0.012650533753735463,-0.03812470310230555,0.179592507394019,0.11744895215724016,0.03307125757119889,78.74229459895697,84.12576651088203,1,0,0.03300029125352988,TSLA,US,EV/Auto
2026-03-23,795.14,795.34,789.61,792.16,14265889,783.8879999999999,753.8280000000001,710.847,697.8459999999999,751.605346719081,723.0281114509594,74.44411414982166,64.38569206842928,28.577235268121626,16.7390303817836,11.838204886338026,710.847,56.870590040712464,824.5881800814249,597.1058199185751,0.857447495889054,0.32001592489316233,38.30285714285712,10431064.2,1.367634918052281,109476997.0,0.003127809646823243,0.007233387194497052,-0.0037477676887042164,0.15188088002210232,0.10588990800072606,0.0379862940105089,78.44683157544866,82.85455921688732,1,0,0.012989800040396071,TSLA,US,EV/Auto
2026-03-24,776.53,826.94,826.64,826.77,6995228,797.7379999999999,767.35,716.749,702.474,763.16913953153,730.7126957879254,73.48078228144861,74.49545524572488,32.45644374360461,19.882513054147804,12.573930689456805,716.749,62.48705313481761,841.7231062696352,591.7748937303649,0.9401751822160919,0.34872488491636766,37.13785714285713,10302038.05,0.6790139278301415,116472225.0,0.0436906685518077,0.00036285786857252365,0.06469807991955921,0.19553177644421949,0.16655143707758935,0.09141672827120084,95.50113333943283,84.2300865046128,0,0,-0.033491781269276766,TSLA,US,EV/Auto
2026-03-25,825.04,800.29,772.17,784.67,11284375,802.088,778.2090000000001,721.327,705.4016,766.476964218987,734.7095331369679,72.15642322721354,58.16443134660492,31.767431082019016,22.25949665972205,9.507934422296966,721.327,63.999713247711554,849.3264264954231,593.3275735045769,0.7474347023793794,0.3548998623238716,38.068571428571424,10610516.05,1.0635084932076895,105187850.0,-0.05092105422306081,0.03583672116936314,-0.04893096092304746,0.1606170867352974,0.1321002438285408,0.028508886908194864,70.86721637719154,81.60506043069098,0,1,-0.039226681280028486,TSLA,US,EV/Auto
2026-03-26,763.44,805.08,763.99,782.25,6043908,795.108,784.071,726.0844999999999,707.768,768.9035851083736,738.2310492008963,68.70667064716227,55.91891726376387,30.672535907477254,23.942104509273094,6.730431398204161,726.0844999999999,64.85236306005754,855.789226120115,596.3797738798849,0.7165129277836438,0.3572717118184907,37.942857142857136,10591098.45,0.5706591679676845,99143942.0,-0.003084099048007438,0.05252796420574945,0.024638478465858885,0.08100825007255086,0.1384805705137535,-0.0427094168757266,66.80690465837527,77.72508479166653,0,1,-0.022358581016299173,TSLA,US,EV/Auto
2026-03-27,783.97,818.2,813.79,815.75,15600014,800.3199999999999,789.205,734.3275,710.4162,776.1107258609316,743.9731937045336,70.21343773680225,49.508978675645345,32.137532156397924,25.581190038698065,6.5563421176998595,734.3275,65.26766708796242,864.8628341759248,603.7921658240751,0.8118791571386088,0.3555234801250044,38.45928571428572,10949862.3,1.4246765984740648,114743956.0,0.04282518376478106,0.00540606803554358,0.040537265456534605,0.0671629099566986,0.25328396503249406,0.03300029125352988,87.53325496450208,75.06912533335628,0,0,-0.10316886300950046,TSLA,US,EV/Auto
2026-03-30,807.77,804.19,801.05,802.45,11675594,802.3779999999999,793.133,742.3975,713.2192,780.1629218823266,748.3048089856794,66.9998160524864,54.96884735202492,31.858112896647185,26.83657461028789,5.021538286359295,742.3975,63.068460703636525,868.534421407273,616.260578592727,0.738044893316222,0.3398096610161082,36.94642857142858,10983971.8,1.0629663977317934,103068362.0,-0.016304014710389114,0.0039130163873091,-0.006586033152993241,0.05146952841437691,0.2517744325715625,0.012989800040396071,79.30458454445774,77.88158138911167,0,0,-0.10158888404261956,TSLA,US,EV/Auto
2026-03-31,813.27,802.1,796.66,799.08,3005351,796.8399999999999,797.289,750.9665,715.9202,783.073241592738,752.0659342459995,69.58099847172697,52.675947409126096,31.007307346738457,27.670721157578008,3.3365861891604496,750.9665,58.11233135511038,867.1911627102207,634.7418372897793,0.706984898374164,0.30953354832756447,36.1257142857143,10190979.65,0.29490302289996007,100063011.0,-0.0041996386067667535,0.006807829003345405,-0.017448079973419028,0.05486323793431214,0.27302851680739204,-0.033491781269276766,67.54231311647092,78.12671754181022,0,0,-0.08628672973920015,TSLA,US,EV/Auto
2026-04-01,810.76,757.1,751.33,753.89,10619011,790.684,796.386,754.9345,717.6342,778.5835121169322,752.2010502277774,54.85371487232132,23.949099227909628,26.382461889154797,27.41306930389337,-1.0306074147385722,754.9345,55.257733869280685,865.4499677385613,644.4190322614386,0.4952744171387568,0.2927816061881262,36.03500000000002,9842103.8,1.0789369972975698,89444000.0,-0.056552535415728133,0.007653636472154198,-0.0701440623611548,-0.011836103392229846,0.1176522912250011,-0.039226681280028486,15.826747408233295,54.22454835638731,0,0,-0.05170515592460445,TSLA,US,EV/Auto
2026-04-02,739.17,792.86,742.28,764.76,17486025,787.186,791.147,761.2535,719.8462,776.4568179450965,753.1313428034975,50.062098577055465,40.83755177174414,23.325475141598986,26.595550471434493,-3.2700753298355067,761.2535,47.97363291982528,857.2007658396506,665.3062341603495,0.518273058480592,0.25207704355914157,36.52500000000002,10510185.45,1.6637216745093995,106930025.0,0.014418549125204017,0.06613839635955582,0.03461991152233642,-0.06411307593465088,0.19796986121119087,-0.022358581016299173,26.983475315334232,36.784178613346135,0,0,-0.034115277995711124,TSLA,US,EV/Auto
2026-04-03,776.93,744.63,721.15,731.59,4670249,770.354,785.3370000000001,764.3599999999999,721.17,769.5542305689279,751.5356877810163,44.96717026837509,31.82926829268294,18.018542787911542,24.880148934729906,-6.861606146818364,764.3599999999999,43.52179695883596,851.4035939176719,677.316406082328,0.311760989376735,0.2277554919607465,35.66928571428574,10356533.15,0.45094709604177763,102259776.0,-0.043373084366337133,0.032094479148112906,-0.0583578958206551,-0.07357317428357968,0.09280614226391415,-0.10316886300950046,9.098039215607036,17.302753979724837,1,0,0.03716562555529723,TSLA,US,EV/Auto
2026-04-06,727.39,729.25,714.27,720.93,9756859,754.05,778.214,766.021,722.4159999999999,762.0735797121698,749.2685997972374,44.260392156862736,9.325669183253268,12.80497991493246,22.465115130770418,-9.660135215837958,766.021,41.00356427382529,848.0281285476506,684.0138714523493,0.22507877791364955,0.21411195919574935,35.50571428571431,10532829.0,0.9263283467026431,92502917.0,-0.014571002884129158,0.020778716380202296,-0.008881067927784484,-0.08991870329226426,0.048305244943362524,-0.10158888404261956,5.475622790384948,13.85237910710872,1,1,0.07182389413674017,TSLA,US,EV/Auto
2026-04-07,728.09,751.09,713.36,730.13,7650314,740.26,768.55,767.95,724.0440000000001,757.1591828333745,747.8509257381826,44.91706712137653,17.846345367241696,9.308257095191948,19.833743523654725,-10.525486428462777,767.95,38.12194187907281,844.1938837581456,691.7061162418545,0.2519801055765899,0.19856470800975656,35.322142857142886,10570564.5,0.7237374386450753,100153231.0,0.012761294439127324,0.05167572897969998,0.0028018514194634754,-0.11688861472961043,0.05578772323042447,-0.08628672973920015,13.685327239973178,9.419663081988368,1,1,0.09813320915453416,TSLA,US,EV/Auto
2026-04-08,730.78,734.44,699.29,714.91,12314687,732.464,761.574,769.8915,724.2682,750.6593085513169,745.4108571649839,31.970797771037596,16.145121068297016,5.248451386333045,16.91668509619039,-11.668233709857343,769.8915,33.958273819340405,837.8080476386808,701.9749523613191,0.09522751147040558,0.1764314780422765,32.62000000000004,10547819.45,1.1675101086879045,87838544.0,-0.020845602837850863,0.04916702801744405,-0.021716522072276593,-0.08890361553264425,0.057434031475564806,-0.05170515592460445,12.236584410401589,10.465844813586552,1,1,0.11455987466953887,TSLA,US,EV/Auto
2026-04-09,711.71,768.68,714.66,738.67,4620931,727.2459999999999,757.216,770.6434999999999,725.0354,748.814799543422,744.9115344120222,40.884076615208684,42.60303265940902,3.9032651313998485,14.314001103232279,-10.41073597183243,770.6434999999999,33.03384903159079,836.7111980631814,704.5758019368184,0.25802471602929744,0.1714611180476986,34.20000000000004,10313123.3,0.4480631538592044,92459475.0,0.033234952651382654,0.0731314389374509,0.03788059743429493,-0.055711089805049574,0.020784102372759516,-0.034115277995711124,30.849980414956104,18.92396402177694,0,1,-0.005428675863376031,TSLA,US,EV/Auto
2026-04-10,736.19,771.38,748.71,758.78,15330151,732.684,751.519,770.362,725.1636,750.3479073059725,745.9388281592799,44.38953879252388,47.333214413128786,4.4090791466926476,12.333016711924353,-7.9239375652317054,770.362,33.11365572976352,836.589311459527,704.1346885404729,0.41255873335964605,0.17193815754006844,36.12714285714289,10802503.45,1.4191293390302655,107789626.0,0.027224606387155292,0.0298769076675322,0.030685013379656383,-0.06983757278577996,-0.007365157441687087,0.03716562555529723,46.60399529928235,29.896853374879996,1,1,7.907430348730315e-05,TSLA,US,EV/Auto
