Date,Open,High,Low,Close,Volume,sma5,sma10,sma20,sma50,ema12,ema26,rsi,rsi_6,macd,macd_sig,macd_hist,bb_mid,bb_std,bb_upper,bb_lower,bb_pos,bb_width,atr,vol_sma20,vol_ratio,obv,daily_ret,hlpct,co_pct,mom10,mom20,roc5,stoch_k,stoch_d,target,target_3d,ret_5d,symbol,market,sector
2024-07-22,559.17,573.8,561.72,567.09,3846133,567.134,575.671,559.3775,506.80879999999996,566.0786504725517,549.7014250921612,56.86817412705738,46.035725477906645,16.377225380390428,19.663702351540586,-3.286476971150158,559.3775,23.02681043228122,605.4311208645624,513.3238791354377,0.5837339155383426,0.16466025488862193,13.005714285714273,11359681.95,0.3385774952460271,193735286.0,0.006549520766773176,0.021301733410884736,0.01416384999192716,-0.017719808771565204,0.12723622485489394,-0.026454935622317488,46.77556215429003,41.90914685353648,0,1,-0.0010756670017104675,WIPRO.NS,IN,IT Services
2024-07-23,568.29,589.13,578.53,583.24,5747165,570.988,574.823,562.8415,509.3528,568.7193848860143,552.2357972407265,62.51908396946566,50.531456478023564,16.4835876452878,19.02767214810891,-2.5440845028211108,562.8415,20.952489683743377,604.7464793674867,520.9365206325133,0.7433899301127378,0.14890508026651286,14.239999999999984,11009927.8,0.5219983802256741,199482451.0,0.02847872471741697,0.01817433646523189,0.026306991148839044,-0.014331102548502672,0.13479648221651486,0.03416848413922713,76.41783170465807,54.047069625738,0,1,-0.03242233043001164,WIPRO.NS,IN,IT Services
2024-07-24,582.52,590.9,588.49,589.56,9114492,573.188,574.7470000000001,566.2695,511.91200000000003,571.9261746623114,555.0520324193179,61.64607300099417,72.28705800383207,16.874142242993457,18.596962232815528,-1.7228199898220709,566.2695,19.28903846748208,604.8475769349642,527.6914230650358,0.8018618584651296,0.1362534162086995,13.878571428571409,11148149.1,0.8175788734670876,208596943.0,0.010836019477401981,0.004087794287258092,0.012085421959740229,-0.0012874373221305468,0.1315930902111324,0.019012721238938157,92.42336610490388,71.87225332128399,0,0,-0.055041047560892786,WIPRO.NS,IN,IT Services
2024-07-25,588.72,581.04,575.05,577.71,8913480,576.2,574.083,568.864,514.4282,572.8161210546725,556.7592966525792,54.797529169526435,49.22260837753803,16.056824402093298,18.088930954228353,-2.0321065521350548,568.864,16.90432439223461,602.6726487844693,535.0553512155308,0.6308245126234205,0.1188637311709295,13.872142857142835,10426645.8,0.854875030388485,199683463.0,-0.020099735395888274,0.010368523999912829,-0.018701589889898916,-0.011363052964832643,0.09868396029059379,0.026766195681151794,58.15500289016341,75.66540023324178,0,0,-0.042391511311903884,WIPRO.NS,IN,IT Services
2024-07-26,576.63,588.3,580.41,583.92,7786151,580.3040000000001,575.26,571.5035,517.1411999999999,574.5246166031055,558.8032326365069,52.385772122614206,73.64909939959982,15.721383966598637,17.61541878854719,-1.8940348219485514,571.5035,14.676972036421468,600.857444072843,542.149555927157,0.7114962808486042,0.10272533439529807,13.267142857142833,10612071.85,0.7337068930882811,207469614.0,0.010749337903100065,0.013512124948599937,0.012642422350532093,0.020571528445337828,0.09939186263250055,0.03642172523961662,76.11336032168555,75.56390977225094,0,0,-0.07078024386902304,WIPRO.NS,IN,IT Services
2024-07-29,586.66,569.26,564.25,566.48,10980120,580.182,573.658,572.591,519.4146,573.2868567040323,559.380255169746,41.072439162422164,52.49756730457351,13.906601534286324,16.873651868595598,-2.967050334309274,572.591,13.33301951823694,599.2570390364739,545.9249609635261,0.3854160531298487,0.09314166319913274,13.610714285714266,10087679.2,1.088468288279004,196489494.0,-0.029867105082887924,0.008844089817806712,-0.03439811816037493,-0.0275021459227468,0.0399280377434692,-0.0010756670017104675,25.942156002747794,53.40350640486559,0,0,-0.021271713034882178,WIPRO.NS,IN,IT Services
2024-07-30,567.28,565.73,563.21,564.33,4890058,576.4,573.694,573.346,521.6744,571.9087595039309,559.7518963017219,40.85567518119764,47.70459081836327,12.156863202209024,15.930290605784766,-3.7734274035757416,573.346,12.330377720769345,598.0067554415386,548.6852445584614,0.3171994361306023,0.08602399054496108,13.649999999999977,9975420.55,0.49021066182411105,191599436.0,-0.003795367885891743,0.004465472330011724,-0.005200253842890163,0.0006383318261609094,0.027493035704531765,-0.03242233043001164,20.21021020960338,40.755242178012246,0,0,-0.01709992380344849,WIPRO.NS,IN,IT Services
2024-07-31,562.68,571.29,545.76,557.11,8082973,569.9100000000001,571.549,573.8435000000001,523.8324,569.6318605648311,559.5537350078065,40.49944196428569,24.47743699941381,10.078125557024578,14.759854092734415,-4.681728535709837,573.8435000000001,11.382528289583153,596.6085565791664,551.0784434208338,0.1324740080934748,0.07934238718091823,15.001428571428546,10174256.0,0.7944533935008719,183516463.0,-0.012793932628072269,0.0458257794689633,-0.00989905452475659,-0.037074806415929085,0.018184808831055,-0.055041047560892786,25.1439964549149,23.765454222422026,0,0,-0.021378183841611165,WIPRO.NS,IN,IT Services
2024-08-01,557.77,557.94,549.44,553.22,11500465,565.012,570.606,573.6665,525.9458,567.1068025049236,559.0791020615624,42.991484635320255,12.735849056603683,8.027700443361255,13.413420138790986,-5.3857196954297315,573.6665,11.685648541784406,597.0377970835689,550.2952029164312,0.06257241677789725,0.08148043186599913,14.352142857142828,10255989.2,1.1213412625920802,172015998.0,-0.006982463068334721,0.015364592747884449,-0.008157484267694207,-0.016759975117746295,-0.00635821538903647,-0.042391511311903884,16.526362427635746,20.626856364051346,0,1,-0.034633599652941105,WIPRO.NS,IN,IT Services
2024-08-02,552.01,548.96,537.49,542.59,6577588,556.7460000000001,568.525,572.6095,527.9348,563.3347889997856,557.8445191280734,35.25456292026894,13.06268405553206,5.490269871712144,11.82878704982129,-6.3385171781091465,572.6095,13.45402130258939,599.5175426051788,545.7014573948212,-0.05781649450347819,0.0939839196001178,14.249285714285682,9715551.25,0.6770163785594381,165438410.0,-0.019214778930624288,0.02113935015385261,-0.017064908244384874,-0.03693645722399708,-0.037500221737356565,-0.07078024386902304,9.548773637716792,17.073044173422478,0,1,-0.005400025802171138,WIPRO.NS,IN,IT Services
2024-08-05,539.31,558.66,551.05,554.43,7953691,554.336,567.259,571.465,530.2438,561.9647606913185,557.5890689969971,46.29197761194026,22.26819635132584,4.375691694321404,10.338165694350732,-5.962474000029328,571.465,13.994944387922931,599.4548887758459,543.4751112241541,0.19569368180383276,0.09795836586946499,13.98714285714282,9065543.85,0.8773538856850949,173392101.0,0.021821264674984686,0.01372580848797195,0.028035823552264878,-0.022324498756811195,-0.03964872167948463,-0.021271713034882178,31.716906945670818,19.264014337007783,0,0,-0.008747722886567999,WIPRO.NS,IN,IT Services
2024-08-06,549.47,561.74,549.03,554.68,62216082,552.406,564.403,569.613,532.4602,560.843986211626,557.3715937436085,39.55380577427819,33.6020011117286,3.4723924680174605,8.965009365599316,-5.492616897581856,569.613,13.61922793236413,596.8514558647283,542.3745441352718,0.22588387399075943,0.0956384628324159,13.817142857142828,11504608.35,5.407926519469346,235608183.0,0.0004509135508541373,0.0229141126414818,0.009481864341984897,-0.0489678348535767,-0.06259717433921463,-0.01709992380344849,32.18498408477458,24.483554889387396,0,0,-0.013286940217783205,WIPRO.NS,IN,IT Services
2024-08-07,556.22,547.74,543.16,545.2,4978382,550.0240000000001,559.967,567.357,534.3764,558.4371426646411,556.4622952189825,41.91156021136553,27.915031170630257,1.974847445658611,7.566975610423658,-5.592128164765047,567.357,13.745062309598303,594.8471246191966,539.8668753808033,0.09700073559098284,0.09690591503814423,13.14285714285712,11228072.15,0.4433870294120768,230629801.0,-0.01709093531405481,0.008400586940556933,-0.01981230448380168,-0.0752425537689122,-0.07643312101910826,-0.021378183841611165,14.435498969960095,26.112463333468497,1,1,0.0028063096111519137,WIPRO.NS,IN,IT Services
2024-08-08,545.71,537.51,531.3,534.06,10438697,546.192,555.602,564.8425,536.0558,554.6867122405092,554.7897535993952,37.595129375951245,25.598136777471822,-0.10304135888600285,6.03297101292386,-6.136012371809863,564.8425,15.01417220845912,594.8708444169182,534.8141555830817,-0.012557395316212335,0.10632466366063131,13.841428571428553,11465358.05,0.9104553075466049,220191104.0,-0.02043286867204719,0.011627906976722483,-0.021348335196310755,-0.07555694033338545,-0.08606143578334913,-0.034633599652941105,4.630872483143761,17.083785179292814,1,1,0.020709283601093587,WIPRO.NS,IN,IT Services
2024-08-09,536.79,545.48,535.0,539.66,13110497,545.606,551.176,563.2180000000001,537.6346,552.3748577897974,553.6608362456569,38.58700174752428,36.14630159378824,-1.2859784558595493,4.569180200330793,-5.855158656190342,563.2180000000001,15.912690599181088,595.0433811983622,531.3926188016379,0.12988660130577837,0.11301265654970417,13.794285714285706,11610253.2,1.129217050217557,233301601.0,0.010485713215743653,0.01941963458470259,0.0053465973658128095,-0.07579805452801758,-0.056785807917504205,-0.005400025802171138,14.026845637348561,11.031072363484137,1,1,0.022310343549642564,WIPRO.NS,IN,IT Services
2024-08-12,539.46,554.07,545.99,549.58,7765393,544.636,549.4860000000001,561.572,539.5344,551.944871395322,553.3565065759957,35.22906793048972,57.24652705784782,-1.4116351806736702,3.3730165234546137,-4.784651704128284,561.572,15.510732990247098,592.5934659804942,530.5505340195058,0.30671448590071393,0.11048081450086177,13.249285714285715,11340026.2,0.6847772816629576,241066994.0,0.018381944187080945,0.014702136176690087,0.018759500240946955,-0.029833356870498484,-0.05651502145922738,-0.008747722886567999,30.671140939082836,16.442953019858386,1,0,0.018650605917245988,WIPRO.NS,IN,IT Services
2024-08-13,551.68,551.18,544.21,547.31,6212122,543.162,547.784,560.739,541.2968,551.2318026487791,552.9058123208068,30.776230776230747,40.79151577858256,-1.6740096720277506,2.363610878845058,-4.037620550872809,560.739,15.819459003325543,592.3779180066512,529.1000819933489,0.2877771926735165,0.11284721771303476,13.199999999999998,11390009.7,0.5454008923801977,234854872.0,-0.0041304268714292824,0.012735013063870895,-0.007921258700681706,-0.03015965835592671,-0.02954057839956037,-0.013286940217783205,28.087719297752834,24.26190195806141,1,1,0.044216257696735095,WIPRO.NS,IN,IT Services
2024-08-14,543.3,550.99,543.33,546.73,13989647,543.468,546.746,559.1475,542.913,550.5392080850991,552.4456933213584,34.29324680592168,39.805078225186065,-1.9064852362593,1.5095913813529025,-3.4160766176122026,559.1475,15.530711467418778,590.2089229348376,528.0860770651625,0.3001137934609389,0.11110278749268121,12.71071428571428,11496527.05,1.2168584236177287,220865225.0,-0.0010597284902521542,0.01401057194590741,0.006313270752795418,-0.018631868033243015,-0.05501590154867242,0.0028063096111519137,27.07017543812169,28.60967855831912,1,1,0.05692023485084041,WIPRO.NS,IN,IT Services
2024-08-15,545.36,548.17,542.68,545.12,5421131,545.68,545.9359999999999,558.271,544.2082,549.7054740461966,551.9001385001886,29.36609232078284,49.871465295629754,-2.1946644539920044,0.7687400238035641,-2.9634044777955686,558.271,15.81470864333854,589.900417286677,526.6415827133229,0.292108089107422,0.11331205556663479,12.346428571428573,10841543.25,0.5000331018341783,215444094.0,-0.0029447807875917498,0.010071176988534521,-0.00044007627988772375,-0.01464155308918702,-0.03115613614147339,0.020709283601093587,34.55863965905092,29.90551146497515,1,1,0.06534341062518356,WIPRO.NS,IN,IT Services
2024-08-16,542.32,561.5,543.86,551.7,10355189,548.088,546.847,557.6859999999999,545.5514,550.0123272193931,551.8852398208757,41.11351611351614,83.20783132530119,-1.8729126014825397,0.2404093900750352,-2.1133219915575747,557.6859999999999,15.831384685258392,589.3487693705167,526.0232306294831,0.405472576792678,0.11355052617587685,12.201428571428576,10993972.8,0.9418968235125319,225799283.0,0.012070736718520658,0.03197389885801706,0.01729606136595128,0.016789841316647847,-0.02076677316293918,0.022310343549642564,51.01275318702166,37.547189428064755,1,1,0.029581294181620255,WIPRO.NS,IN,IT Services
2024-08-19,552.98,564.35,556.2,559.83,7024321,550.138,547.387,557.323,547.078,551.5227510216787,552.4764450024111,47.475880637199914,84.66827088346506,-0.9536939807323961,0.001588676615491731,-0.9552826573478879,557.323,15.686984581593755,588.6969691631875,525.9490308368124,0.5399535039130733,0.11258810120210815,12.871428571428575,11152882.2,0.6298210851880884,232823604.0,0.014736269711799865,0.014557990818615328,0.01238742811672689,0.00973973269844719,-0.012802200708882161,0.018650605917245988,71.34283570714342,52.304742851072,1,1,0.042173516960505975,WIPRO.NS,IN,IT Services
2024-08-20,562.42,572.7,570.56,571.51,12288170,554.9780000000001,549.0699999999999,556.7365,548.7280000000001,554.5977341172355,553.8923350874325,57.69230769230768,85.54294975688806,0.7053990298030612,0.14235076578297837,0.5630482640200829,556.7365,14.864738663236494,586.465977326473,527.007022673527,0.7484655185326164,0.10679909553772599,11.967142857142862,11479932.45,1.0704042887983816,245111774.0,0.020863476412482207,0.0037444664135296945,0.01616229863799984,0.030341818706281165,-0.020111789314861794,0.044216257696735095,97.12560386238815,73.16039758551774,1,0,0.008836240835680798,WIPRO.NS,IN,IT Services
2024-08-21,569.07,582.45,574.18,577.85,26300006,561.202,552.335,556.1510000000001,550.4906,558.1750271665247,555.6739641928066,62.82144716293596,93.72852233676993,2.501062973718149,0.6140932570502952,1.8869697166678536,556.1510000000001,13.687855123968072,583.5267102479362,528.7752897520639,0.8963184845722778,0.0984470413534702,12.14142857142858,12339208.15,2.131417474190394,271411780.0,0.011093419187765852,0.014311672579364512,0.015428681884451022,0.059886280264123126,-0.019862270167582463,0.05692023485084041,91.00684261796661,86.49176072916606,1,1,0.013117591070346935,WIPRO.NS,IN,IT Services
2024-08-22,572.6,581.1,580.45,580.74,8082810,568.326,557.003,556.3025,552.222,561.6465790005309,557.5374746092677,71.60004529498354,95.67553048616703,4.109104391263145,1.313095542783691,2.796008848479454,556.3025,13.953229347019578,584.2089586940392,528.3960413059608,0.9378466696005751,0.10032835981858446,11.250000000000009,12297674.65,0.6572632284378065,279494590.0,0.005001297914683622,0.0011192616317092985,0.01421585749211626,0.08740590944837678,0.00524484603001496,0.06534341062518356,96.65689149371144,94.92977932468874,0,0,-0.01708165444088572,WIPRO.NS,IN,IT Services
2024-08-23,579.91,569.76,566.62,568.02,12076522,571.5899999999999,559.839,555.5074999999999,553.5287999999999,562.6271095029462,558.3165775834539,57.61856710393542,73.68638808440211,4.310531919492291,1.9125828585307756,2.3979490609615155,555.5074999999999,12.692916746213923,580.8933334924278,530.1216665075721,0.7464465073204283,0.09139690640497988,11.110714285714298,12512193.2,0.9651801919762403,267418068.0,-0.021903089162103595,0.005527974367089994,-0.020503181528132786,0.0525516065670979,-0.02722975750102752,0.029581294181620255,71.78885630358177,86.4841968050866,1,1,0.0009858807788458712,WIPRO.NS,IN,IT Services
2024-08-26,571.2,585.35,581.91,583.44,4329171,576.3120000000001,563.225,556.3555,555.1,565.8291042473303,560.1833837288657,63.77922575699503,77.75445960125916,5.6457205184646,2.659210430775619,2.986510087688981,556.3555,13.967140563705879,584.2897811274117,528.4212188725883,0.9847896367098098,0.10041881900102193,11.440714285714298,12179645.75,0.3554430673451182,271747239.0,0.02714693144607594,0.005896064719584118,0.021428571428533928,0.061610684522726444,0.029939274113825798,0.042173516960505975,96.46623496583788,88.30399425437703,0,0,-0.0285719182778007,WIPRO.NS,IN,IT Services
2024-08-27,579.62,585.25,569.61,576.56,9185082,577.3219999999999,566.15,556.967,556.5302,567.480016342973,561.3999734394882,65.40880503144643,64.95619524405494,6.080042903484809,3.3433769548296053,2.736665948655204,556.967,14.588549619479052,586.1440992389581,527.7899007610418,0.8357599026328677,0.10477137510447028,11.735000000000014,12394396.95,0.7410672173875134,262562157.0,-0.011792129439188503,0.02712640488409335,-0.0052793209343962935,0.053443204034276715,0.02167171690323011,0.008836240835680798,83.73728029447282,83.99745718796417,0,0,-0.014916053836547594,WIPRO.NS,IN,IT Services
2024-08-28,576.99,599.41,574.25,585.43,12035099,578.838,570.02,558.383,558.0552,570.2415594475283,563.1847391908191,75.81666499145634,63.10240963855413,7.056820256709216,4.086065640834772,2.9707546158744433,558.383,15.917072297577798,590.2171445951557,526.5488554048444,0.9248111633442632,0.11402261385141962,12.53928571428572,12592003.25,0.9557731049844587,274597256.0,0.01538434855002091,0.04297695710837674,0.01462763652747069,0.07078448228558876,0.050833767119599305,0.013117591070346935,78.29529576031209,86.16627034020759,0,0,-0.030797875066190583,WIPRO.NS,IN,IT Services
2024-08-29,587.58,576.96,565.91,570.82,7780220,576.8539999999999,572.5899999999999,559.263,559.2132,570.3305504969163,563.7517153033392,64.35944700460831,44.27431177716244,6.578835193577106,4.58461956514681,1.9942156284302959,559.263,16.102051225984027,591.4671024519681,527.058897548032,0.6794336609218913,0.11516621858378079,13.117857142857142,12405991.0,0.6271340494174106,266817036.0,-0.024956015236663465,0.019358116393925772,-0.02852377548584272,0.047145582624009474,0.03181374498391243,-0.01708165444088572,49.60338445179633,70.54532016886041,0,0,-0.020356679864055205,WIPRO.NS,IN,IT Services
2024-08-30,574.19,570.75,566.84,568.58,8849290,576.9660000000001,574.278,560.5625,560.4007999999999,570.0612345360947,564.110186330422,59.42273358460621,39.990121830754084,5.951048205672691,4.857905299287663,1.0931429063850286,560.5625,15.730106191296912,592.0227123825938,529.1022876174062,0.627422852424997,0.11224515511664684,12.372857142857137,12519576.1,0.7068361758002193,257967746.0,-0.003924179250902271,0.006876780752036813,-0.009770285097250463,0.030596338589813366,0.04789988757625463,0.0009858807788458712,45.65485633623045,57.851178849446285,0,0,-0.019733370853705745,WIPRO.NS,IN,IT Services
2024-09-02,573.92,568.53,565.36,566.77,10716240,573.6320000000001,574.972,561.1795,561.6745999999999,569.554889966264,564.3076279136765,59.69509764846553,48.74573550070239,5.24726205258753,4.935776651323503,0.3114854012640267,561.1795,15.718913004805241,592.6173260096105,529.7416739903895,0.5889135908714251,0.11204196165239276,12.105000000000002,12657703.55,0.8466179596520919,247251506.0,-0.0031833690949383264,0.00559309772922767,-0.01245818232504098,0.012396620402622016,0.022257092870155093,-0.0285719182778007,42.46430459999186,45.90751512933955,1,0,0.011344990031229685,WIPRO.NS,IN,IT Services
2024-09-03,565.07,570.26,566.12,567.96,53119396,571.912,574.617,561.8435,562.7546000000001,569.3095219531492,564.5787058205905,60.513023670397125,28.258426966292205,4.7308161325587434,4.894784546991136,-0.16396841443239296,561.8435,15.710395577786388,593.2642911555728,530.4227088444271,0.5973320494878425,0.11184890865700825,11.853571428571431,12202869.25,4.353024732029745,300370902.0,0.0020996171286413734,0.007289245721516827,0.00511441060398689,-0.006211614844884528,0.02394173216989981,-0.014916053836547594,44.561960161386324,44.22704036586955,0,0,-0.0005282062117051289,WIPRO.NS,IN,IT Services
2024-09-04,569.86,574.27,561.9,567.4,18682997,568.3059999999999,573.5719999999999,562.9535,563.6826,569.0157490147116,564.788070900868,61.14891913530819,34.35792349726786,4.227678113843581,4.761363258852921,-0.5336851450093398,562.9535,15.250091725349815,593.4536834506996,532.4533165493003,0.5728930041783917,0.10835773629845258,12.345000000000002,12888100.0,1.4496314856626278,281687905.0,-0.0009859849285162037,0.0218011984490275,-0.004316849752563296,-0.018084277926797676,0.04071900220102709,-0.030797875066190583,42.3762376229995,43.13416746145922,0,1,-0.003172365174480052,WIPRO.NS,IN,IT Services
2024-09-05,564.7,569.22,551.19,559.2,7934629,565.9820000000001,571.418,564.2105,564.3502,567.5056323451807,564.3734423140444,53.693125861729364,4.159384830479041,3.1321900311363606,4.4355286103620255,-1.3033385792256649,564.2105,13.700545696008787,591.6115913920175,536.8094086079825,0.4085711600183158,0.09713073894218188,12.372857142857145,12762896.6,0.6216949511527853,273753276.0,-0.01445188579485357,0.03224248927032856,-0.009739684788365965,-0.03709060853393942,0.04707336254353467,-0.020356679864055205,16.61136457866838,34.51652078768473,1,1,0.00464949928469216,WIPRO.NS,IN,IT Services
2024-09-06,559.99,566.79,549.82,557.36,5435535,563.738,570.3520000000001,565.0955,564.8748,565.9447645741892,563.8531177068646,48.7034120734908,7.51262626262654,2.0916468673245845,3.9667522583620003,-1.8751053910374158,565.0955,12.554998784296552,590.2054975685932,539.9855024314069,0.3459677270136157,0.08886992576847173,12.681428571428569,12379148.5,0.43908791956991877,268317741.0,-0.0032904148783977627,0.030447107793830676,-0.004696512437713707,-0.018766944825886367,0.03279842864025495,-0.019733370853705745,15.204678362266444,24.730760187978106,1,1,0.026015501650638706,WIPRO.NS,IN,IT Services
2024-09-09,558.13,573.8,572.72,573.2,11969586,565.024,569.328,566.2764999999999,565.4442,567.0609553999053,564.5464792212497,50.85001508902528,57.84646739130431,2.5144761786556273,3.676297040739105,-1.1618208620834776,566.2764999999999,12.122160774470393,590.5208215489407,542.0321784510592,0.6427860124974255,0.08562715051356701,12.936428571428564,12589358.15,0.9507700795079788,280287327.0,0.028419692837663435,0.0018841591067656018,0.027000877931616377,-0.017551076374605845,0.042978274318570486,0.011344990031229685,47.14660213657707,26.320881692503963,1,0,0.006332868108862577,WIPRO.NS,IN,IT Services
2024-09-10,580.7,576.42,560.64,567.66,13587359,564.9639999999999,568.438,567.294,565.8128,567.1531161607237,564.7774187481025,44.83318121894331,51.34157371118478,2.375697412621207,3.416177113910732,-1.040479701289525,567.294,11.270522053943374,589.8350441078867,544.7529558921133,0.508118523652678,0.07946864979304195,13.282142857142844,12958120.0,1.0485593551719419,266699968.0,-0.009665038381018953,0.027798329986210363,-0.022455656965692475,-0.015436381295962254,0.03718185306316357,-0.0005282062117051289,35.97499495793547,32.775425152259665,1,1,0.003734629884085461,WIPRO.NS,IN,IT Services
2024-09-11,565.73,581.0,553.27,565.6,5409351,564.604,566.455,568.2375,566.1816,566.9141750964048,564.8384261177317,42.25813049703419,46.53349001175087,2.0757489786731185,3.1480914858698594,-1.072342507196741,568.2375,10.197152272751788,588.6318045455035,547.8431954544964,0.43533733904604344,0.07178091747013422,15.030714285714273,12529105.2,0.4317427686900763,261290617.0,-0.0036289328118943587,0.04902758132947488,-0.0002297915966976573,-0.03387253813436264,0.0345142940756864,-0.003172365174480052,31.820931638801756,38.314176244438094,1,1,0.014533239038189594,WIPRO.NS,IN,IT Services
2024-09-12,564.78,567.2,557.47,561.8,6436126,565.124,565.5530000000001,569.0715,566.2823999999999,566.127378603086,564.613099574532,46.500112536574385,42.48927038626608,1.514279028553915,2.821328993438056,-1.3070499648841412,569.0715,8.792244953127284,586.6559899062546,551.4870100937454,0.29324108805377075,0.06180063456428125,14.717142857142846,12579854.95,0.5116215977019991,254854491.0,-0.006718528995756867,0.017319330722646315,-0.005276390807030599,-0.015801828947829555,0.03059876724390942,0.00464949928469216,24.158096389913982,30.651340995550402,1,1,0.03778924884300472,WIPRO.NS,IN,IT Services
2024-09-13,562.45,575.05,569.32,571.86,13002203,568.024,565.8810000000001,570.0795,566.445,567.0093206643722,565.1504766067425,43.06586826347306,66.17271333673978,1.8588440576297671,2.628832005819907,-0.7699879481901397,570.0795,7.79491499227829,585.6693299845566,554.4896700154435,0.5571045354954685,0.054693529532387014,14.425714285714273,12712205.65,1.022812432017851,267856694.0,0.01790672837308671,0.01001993494909573,0.01673037603339539,0.005768757254915657,0.03654159869494289,0.026015501650638706,44.44444444354821,33.47449082408798,1,1,0.02114153813870523,WIPRO.NS,IN,IT Services
2024-09-16,571.18,588.37,567.6,576.83,19878107,568.75,566.887,570.9295,566.4352,568.5201948546575,566.0164764111514,50.16546145360957,73.03051809794172,2.5037184435060453,2.6038092933096633,-0.10009084980361793,570.9295,7.541186193864267,586.0118723877285,555.8471276122714,0.6956091471427026,0.0528344476426675,14.792142857142844,13354894.95,1.4884509077736394,287734801.0,0.008690938341552101,0.0360071424855919,0.009891802934259253,0.01774970446565627,0.03036636121679792,0.006332868108862577,54.466626334856564,41.02305572277292,1,1,0.043184300400464615,WIPRO.NS,IN,IT Services
2024-09-17,579.76,570.07,569.54,569.78,9327815,569.1740000000001,567.069,570.8430000000001,565.9964,568.7140110793124,566.29550950397,40.19054782499692,44.8924731182795,2.4185015753423613,2.5667477496599544,-0.14824617431759313,570.8430000000001,7.544098495199136,585.9311969903983,555.7548030096018,0.46477378969994426,0.052862860682786124,13.51571428571428,13206877.2,0.7062846237197826,278406986.0,-0.012221971811452348,0.0009301835796257437,-0.01721401959428523,0.00320445101767719,-0.0030270686427184,0.003734629884085461,51.776913098527054,50.22932795897727,1,1,0.05811014777633483,WIPRO.NS,IN,IT Services
2024-09-18,573.32,574.8,573.04,573.82,10839965,570.818,567.711,570.6415,565.6664,569.4995480024932,566.8533485490709,52.16763005780346,59.63101938711701,2.6461994534222413,2.5826380904317054,0.06356136299053583,570.6415,7.399528630079835,585.4405572601596,555.8424427398403,0.6073885972436065,0.0518681422929588,12.479999999999993,12433875.15,0.8718089893472197,289246951.0,0.00709045596546054,0.003067163918993628,0.0008721133049590593,0.01131476912231233,-0.0069741282339707,0.014533239038189594,62.256809336906514,56.16678292343004,1,1,0.07378620473319142,WIPRO.NS,IN,IT Services
2024-09-19,572.67,592.59,575.39,583.03,15282644,575.0640000000001,570.0939999999999,570.7560000000001,565.64,571.5811563746616,568.0525533220539,59.48536169095435,72.27191413237907,3.528603052607764,2.771831083050687,0.7567719695570769,570.7560000000001,7.579544771776933,585.9150895435539,555.5969104564463,0.9048396166481643,0.053119334859475,13.536428571428562,12793866.85,1.19452883046623,304529595.0,0.016050329371579908,0.029501054834177566,0.018090697958653194,0.04261444921316149,0.003943244825567405,0.03778924884300472,77.64788402904713,63.89386882149356,1,1,0.057681422911342484,WIPRO.NS,IN,IT Services
2024-09-20,585.97,584.8,583.27,583.95,9737939,577.482,572.7529999999999,571.5525,565.876,573.4840556821173,569.2309920726611,61.4107332624867,80.55172413793096,4.253063609456149,3.0680775885619824,1.1849860208941663,571.5525,8.09628951726473,587.7450790345295,555.3599209654706,0.8828142500549325,0.056661738106302095,13.43285714285713,12676937.7,0.768161717150214,314267534.0,0.001577963398109894,0.0026200873362400077,-0.003447275457782027,0.04770704750968857,0.028044787155381945,0.02114153813870523,79.79892447790981,73.23453928128782,1,1,0.07348231869166866,WIPRO.NS,IN,IT Services
2024-09-23,584.96,607.43,597.19,601.74,6300800,582.464,575.607,572.4675,566.2608,577.8311245957505,571.6406762798231,68.38267305180662,83.96998635743509,6.1904483159273695,3.692551734423267,2.4978965815041025,572.4675,10.256387419298218,592.9802748385964,551.9547251614035,1.2135187762044741,0.07166441706668278,14.814285714285697,12775519.15,0.4931932262656249,320568334.0,0.03046493706652953,0.017017316448936216,0.02868572210060737,0.04979064898813679,0.03136569313039894,0.043184300400464615,90.12324249105853,82.52335033267182,1,1,0.03175790208395646,WIPRO.NS,IN,IT Services
2024-09-24,600.95,607.97,598.83,602.89,1724087,589.086,579.13,573.784,567.0391999999999,581.6863366144119,573.956873501086,69.19000757002266,82.44521912350584,7.729463113325892,4.499934010605322,3.22952910272057,573.784,12.296325253377262,598.3766505067545,549.1913494932455,1.0917621606283179,0.08572093507909459,14.583571428571409,12402469.4,0.13901157949951648,322292421.0,0.001911124405889586,0.015160311167849569,0.003228221981856581,0.06206179755487451,0.045667406687942336,0.05811014777633483,91.26397248338318,87.06204648411718,1,1,0.01645407951699318,WIPRO.NS,IN,IT Services
2024-09-25,600.97,618.61,614.2,616.16,7783571,597.5539999999999,584.1859999999999,575.3205,567.7912,586.9899776218573,577.0848222659982,79.19827762969025,100.0,9.905155355859051,5.58097828008617,4.324177075772881,575.3205,15.365155547536784,606.0508110950736,544.5901889049264,1.164482371696238,0.10682849331814245,14.418571428571413,12189893.0,0.6385265532251552,330075992.0,0.022010648708719716,0.007157231887809678,0.02527580411663588,0.08939179632248928,0.05249133115829396,0.07378620473319142,96.43843581775776,92.6085502640665,1,1,0.01121461957933012,WIPRO.NS,IN,IT Services
2024-09-26,614.03,624.81,610.15,616.66,6434173,604.28,589.6719999999999,577.6125,568.8714,591.5545968036193,580.0178721314438,80.82120582120571,100.0,11.536724672175524,6.772127558883168,4.764597113292355,577.6125,17.872805827790263,613.3581116555805,541.8668883444194,1.0461859259143185,0.12377021499887439,14.253571428571417,12122590.65,0.53075886623633,336510165.0,0.0008114775383016859,0.023773229980826056,0.004283178346327887,0.09765040939836234,0.08030552538453439,0.057681422911342484,88.60777187463508,92.10339339192535,1,0,0.008951448123763361,WIPRO.NS,IN,IT Services
2024-09-27,617.68,631.41,623.22,626.86,20042979,612.8619999999999,595.172,580.5265,570.1406000000001,596.9861976521596,583.4893637527206,79.62676678445219,100.0,13.496833899439025,8.1170688273368,5.379765072102225,580.5265,20.829140587925757,622.1847811758515,538.8682188241486,1.056113918903146,0.14351896485614252,14.132857142857135,12682275.1,1.5803928917775256,356553144.0,0.016540719359128264,0.013065118208191423,0.014862064499393217,0.09617738607351445,0.10250096732210068,0.07348231869166866,94.1771179921401,93.07444189484431,0,0,-0.021998532367673795,WIPRO.NS,IN,IT Services
2024-09-30,626.09,621.43,620.39,620.85,5684941,616.684,599.574,583.2304999999999,571.2158000000001,600.6575520635805,586.2580769321345,79.2156431945512,87.71463614063778,14.399475131446025,9.373550088414593,5.025925043031432,583.2304999999999,22.400328821599583,628.0311576431991,538.4298423568007,0.9198543277945715,0.15362933743390442,13.46785714285714,12430710.15,0.4573303113072497,350868203.0,-0.009587467696136276,0.0016751228154921294,-0.00836940375982948,0.07631364526810325,0.09541789438396542,0.03175790208395646,86.48579472630558,89.75689486436026,1,1,0.004848191994845763,WIPRO.NS,IN,IT Services
2024-10-01,621.42,627.24,601.28,612.81,13515897,618.668,603.8770000000001,585.4730000000001,571.8072,602.5271595263434,588.2257142683429,74.3325430368002,64.13071227980586,14.301445258000513,10.359129122492389,3.9423161355081238,585.4730000000001,23.027332066595484,631.527664133191,539.4183358668091,0.7967886153739387,0.15732463882403555,13.341428571428569,10450535.2,1.2933209111318136,337352306.0,-0.01294998791978752,0.042362232992212395,-0.013855363522233205,0.07552037628558383,0.07896682864990479,0.01645407951699318,74.84446848695093,85.16912706846553,1,1,0.022519214764772144,WIPRO.NS,IN,IT Services
2024-10-02,613.62,634.71,613.75,623.07,34193201,620.05,608.8019999999999,588.2565000000001,572.4774,605.6875966480612,590.8077788090625,79.60761573402912,70.89892294946145,14.879817838998747,11.263266865911532,3.6165509730872145,588.2565000000001,24.068811501718454,636.394123003437,540.1188769965631,0.8616038539818713,0.1636620181956514,14.210714285714289,11226045.4,3.04588096126166,371545507.0,0.016742546629461286,0.03363987994922945,0.015400410677593046,0.08582830852880696,0.09811420514628133,0.01121461957933012,82.65534197462891,81.32853506262848,1,1,0.014284109329609773,WIPRO.NS,IN,IT Services
2024-10-03,620.81,625.39,619.62,622.18,6623043,621.154,612.717,591.4055000000001,573.3668,608.2248895568746,593.1324859671465,76.68080593849402,58.38440111420603,15.092403589728065,12.029094210754712,3.0633093789733525,591.4055000000001,24.186822962100432,639.779145924201,543.0318540757992,0.8180915911052465,0.16358875906334688,13.676428571428573,11160466.1,0.5934377961653594,364922464.0,-0.0014284109329611994,0.009273843582228146,0.0022067943493142795,0.06714920330000163,0.11262517882689549,0.008951448123763361,81.3291610776138,79.6096571797312,0,1,-0.009289916101449691,WIPRO.NS,IN,IT Services
2024-10-04,621.21,623.29,604.89,613.07,15090101,618.396,615.629,594.191,573.9498,608.9702911847476,594.6098325001319,68.40715156440467,45.967198382386094,14.36045868461565,12.495367105565803,1.8650915790498477,594.191,23.249357636853155,640.6897152737064,547.6922847262937,0.7030056087374582,0.15651100495843287,13.507142857142858,11643194.4,1.2960446408036748,349832363.0,-0.014642064997267501,0.03001288596729568,-0.013103459377645052,0.04986728315780464,0.09995335151428164,-0.021998532367673795,66.79453736279284,76.92634680501185,0,1,-0.004779225863278391,WIPRO.NS,IN,IT Services
2024-10-07,618.24,625.64,622.44,623.86,17361842,618.9979999999999,617.841,596.724,575.0974000000001,611.2610156730906,596.7771821295738,76.46310432569972,46.67405764966742,14.483833543516766,12.893060393182544,1.590773150334222,596.724,23.5990919539845,643.922183907969,549.525816092031,0.7874686879067695,0.15819100256698204,13.884285714285706,11912807.2,1.4574096811195199,367194205.0,0.017599947803676574,0.005129355945235794,0.00909032091095839,0.03676006248545893,0.088381018841591,0.004848191994845763,82.4063564118306,76.84335161741241,0,0,-0.030407463212900332,WIPRO.NS,IN,IT Services
2024-10-08,619.81,631.73,622.52,626.61,11880363,621.758,620.213,599.6715,576.3430000000001,613.6223979254027,598.9876537281843,76.16215680444043,56.883365200764786,14.63474419721831,13.241397154008299,1.393347043210012,599.6715,23.45895346411602,646.589406928232,552.753593071768,0.7870812208270435,0.15647869517945667,14.183571428571424,11827457.4,1.0044730320082969,379074568.0,0.00440804026544428,0.014698137597525316,0.010971104047997124,0.03934382723216512,0.10384737342775607,0.022519214764772144,86.3452461212686,78.51537996529734,0,0,-0.014650260927849934,WIPRO.NS,IN,IT Services
2024-10-09,627.29,632.47,631.57,631.97,7644737,623.5380000000001,621.7940000000001,602.99,577.8402,616.4451059856034,601.4314387071602,75.21640560593568,74.46373850868238,15.013667278443222,13.595851178910426,1.4178160995327964,602.99,23.076765029147946,649.1435300582959,556.8364699417041,0.8139521501668648,0.15308224036292273,13.261428571428569,11939226.7,0.6403041463058787,386719305.0,0.00855396498619565,0.0014241182334581595,0.0074606641266282,0.025658919761101018,0.11734441301272991,0.014284109329609773,94.67340590795736,87.80833614701885,0,0,-0.005380002215294999,WIPRO.NS,IN,IT Services
2024-10-10,624.8,624.69,609.77,616.4,11174669,622.382,621.768,605.72,579.1038000000001,616.4381666031015,602.5404934127753,64.52681529232692,42.500562176748296,13.897673190326259,13.656215581195656,0.24145760913060244,605.72,21.09172773737004,647.9034554747401,563.53654452526,0.6265899139743146,0.13928368049485051,14.720714285714289,12176153.85,0.9177502370545164,375544636.0,-0.024637245438865807,0.02420506164824119,-0.01344430217667499,-0.00042162617974250693,0.0971876112495551,-0.009289916101449691,51.19936033978662,77.4060041230042,1,1,0.012783906554185487,WIPRO.NS,IN,IT Services
2024-10-11,607.88,625.76,597.65,610.14,8245869,621.796,620.096,607.634,580.4548,615.469217882957,603.1035478711806,54.19329073482427,37.92134831460676,12.365670011776388,13.398106467304748,-1.0324364555283605,607.634,19.536911731386162,646.7078234627724,568.5601765372277,0.532067504244312,0.12860973369728498,15.051428571428582,11938337.15,0.6907049286420154,367298767.0,-0.010155743024010344,0.04607139345060796,0.0037178390471742334,-0.02667262227610634,0.06693946070716605,-0.004779225863278391,33.702104694179624,59.85829031397454,0,1,-0.007965384993607993,WIPRO.NS,IN,IT Services
2024-10-14,603.67,609.81,600.95,604.89,5883794,618.0020000000001,618.5,609.037,581.464,613.8416458839432,603.2359055284363,50.95914061001343,41.10482818616784,10.605740355506896,12.839633244932962,-2.233892889426066,609.037,18.167933607841046,645.3728672156822,572.7011327843179,0.4429351723487531,0.11932236371722069,15.055000000000007,11238621.5,0.5235333778672608,361414973.0,-0.008604582554823437,0.014647291243011545,0.0020209717229579182,-0.025706692437787004,0.04864518142260277,-0.030407463212900332,19.535887749068102,34.81245092767812,0,1,-0.0014548099654482227,WIPRO.NS,IN,IT Services
2024-10-15,606.35,621.26,614.37,617.43,25811638,616.1659999999999,618.962,611.4195,582.719,614.3937003682215,604.2875249657834,50.61334878779097,43.264194426985064,10.106175402438112,12.292941676424425,-2.186766273986313,611.4195,15.706530145468026,642.832560290936,580.0064397090639,0.5956688069187991,0.10275452546372726,15.101428571428576,12062812.65,2.139769273481233,387226611.0,0.020731042007637646,0.011159159742786758,0.01827327451139054,0.007539041464728058,0.08362876899856087,-0.014650260927849934,53.372908795105815,35.53696707945118,0,0,-0.006397486354728366,WIPRO.NS,IN,IT Services
2024-10-16,618.05,632.54,625.39,628.57,8097907,615.486,619.512,614.1569999999999,584.3864,616.5746695586708,606.0865515909707,55.21590610493126,51.74625801853175,10.488117967700191,11.931976934674525,-1.443858966974334,614.1569999999999,13.41198564521058,640.980971290421,587.3330287095788,0.7686589514129545,0.08735216334057075,15.133571428571438,11925709.75,0.6790292981070332,395324518.0,0.018042531137133055,0.011375025852313349,0.017021276595717297,0.00882725857447797,0.09541319577567875,-0.005380002215294999,83.43227198911416,52.11368951109603,0,0,-0.04126827560971735,WIPRO.NS,IN,IT Services
2024-10-17,629.44,631.08,618.84,624.28,11751843,617.062,619.722,616.2194999999999,586.1908,617.7601050186933,607.4344397403863,48.80842416404949,43.0154405086285,10.325665278306928,11.610714603397408,-1.2850493250904798,616.2194999999999,11.393102010471775,639.0057040209434,593.4332959790564,0.6768723740012712,0.07395482947523253,14.954285714285723,11749169.7,1.000227445840071,383572675.0,-0.006825015511399024,0.01960658678794836,-0.00819776309098863,0.003375229033398819,0.07075107627394828,0.012783906554185487,71.85644899967996,69.55387659463331,0,0,-0.040334465304030176,WIPRO.NS,IN,IT Services
2024-10-18,626.14,609.42,601.97,605.28,19302837,616.09,618.943,617.2860000000001,587.5032,615.8400888516786,607.2748269079011,43.57938144329896,40.492476060191535,8.5652619437775,11.00162407146797,-2.4363621276904706,617.2860000000001,8.949731780747992,635.185463561496,599.3865364385041,0.16462682082855393,0.057994069398842565,16.08571428571429,12227414.6,1.5786522378449295,364269838.0,-0.03043506119049144,0.012308353158848175,-0.03331523301492749,-0.01270654248291403,0.036527099922938566,-0.007965384993607993,20.588235293562064,58.62565209411872,0,0,-0.0191316415543219,WIPRO.NS,IN,IT Services
2024-10-21,603.42,607.9,600.9,604.01,7694527,615.914,616.958,617.3995,588.5918,614.020075173934,607.032953215436,46.156533892382974,44.26995700130867,6.987121958497937,10.19872364886821,-3.211601690370273,617.3995,8.754465612352181,634.9084312247044,599.8905687752956,0.11763799776580307,0.056718320065617236,14.731428571428571,12297100.95,0.625718728793657,356575311.0,-0.0020982024848004155,0.011589212099118245,0.0009777601007574395,-0.031818036097842506,0.0037723933924951325,-0.0014548099654482227,17.161359956363707,36.5353480832019,0,0,-0.005827718084137623,WIPRO.NS,IN,IT Services
2024-10-22,599.94,617.16,610.55,613.48,9453005,615.124,615.645,617.929,589.9151999999999,613.9369866853175,607.5105756131311,45.78239071158412,57.442384335470464,6.426411072186397,9.444261133527522,-3.017850061341125,617.929,8.128579146894602,634.1861582937892,601.6718417062108,0.36316796822779296,0.05261820789690363,14.106428571428564,12683546.85,0.7452965930191212,366028316.0,0.015678548368404543,0.010774597378870116,0.022568923558984887,-0.020954022438199216,0.017565393355338577,-0.006397486354728366,45.371166522058864,27.70692059066154,0,0,-0.024988589685075335,WIPRO.NS,IN,IT Services
2024-10-23,607.18,608.43,597.99,602.63,14274854,609.9359999999999,612.711,617.2524999999999,591.0332,612.1974502665423,607.1490070702959,42.0946219167004,36.790431988575605,5.048443196246467,8.565097546067278,-3.5166543498208114,617.2524999999999,8.81738466714384,634.8872693342876,599.6177306657123,0.08540710902142222,0.05713956390378024,14.80071428571428,13008111.0,1.097380926609488,351753462.0,-0.01768598813327249,0.01732406285777777,-0.007493659211424061,-0.04642625441081072,-0.021958582186445086,-0.04126827560971735,14.273430782050118,25.60198575349089,0,0,-0.02887343809634435,WIPRO.NS,IN,IT Services
2024-10-24,604.84,604.43,594.83,599.1,14931553,604.9,610.981,616.3745,592.1128000000001,610.1824579123062,606.5527164891961,44.08401795545016,19.56207395166291,3.62974142311009,7.578026321472219,-3.948284898362129,616.3745,9.708714736877821,635.7919294737557,596.9570705262444,0.055180565393499525,0.06300529783021246,14.172142857142846,13432980.0,1.1115591542934513,336821909.0,-0.005857657268970917,0.01602403605405422,-0.009490113087743071,-0.028066190785204337,-0.028475983524146153,-0.040334465304030176,11.323256430354702,23.65595124482122,0,0,0.0,WIPRO.NS,IN,IT Services
2024-10-25,597.42,599.45,589.1,593.7,14335623,602.5840000000001,609.337,614.7165,592.9528,607.6466951506704,605.6005631207554,36.616968406105826,19.12358642972542,2.046132029915043,6.471647463157536,-4.425515433242493,614.7165,10.613129046509322,635.9427580930186,593.4902419069814,0.004941004959387986,0.0690603167248124,14.013571428571424,13147612.2,1.0903593513079621,322486286.0,-0.009013520280420573,0.0174330469934017,-0.006226775133061644,-0.026944635657390026,-0.05289857384423946,-0.0191316415543219,10.589318600124622,12.06200193750981,1,0,0.021728145528044474,WIPRO.NS,IN,IT Services
2024-10-28,591.73,603.2,598.31,600.49,11429207,601.88,608.897,613.6985000000001,593.766,606.545665125324,605.2219659640624,38.81082933516108,43.580809434468016,1.3236991612616293,5.4420578027759365,-4.118358641514307,613.6985000000001,10.964484904020463,635.627469808041,591.7695301919591,0.19883446154056025,0.07146496140370304,14.034285714285707,13434825.5,0.8507148938618597,333915493.0,0.011436752568637187,0.008143349597815045,0.014804049144010253,-0.007274049827241225,-0.03279375050334221,-0.005827718084137623,26.22007366422146,16.044216231566924,1,0,0.04681177038751683,WIPRO.NS,IN,IT Services
2024-10-29,602.31,602.12,594.98,598.15,11733385,598.8140000000001,606.969,612.9655,594.2988,605.2540243346623,604.6980693214026,35.12752858399297,42.3658155289213,0.5559550132596769,4.464837244870848,-3.9088822316111713,612.9655,11.503773511329543,635.9730470226591,589.9579529773409,0.1780295616567259,0.07506963123575976,14.125714285714277,13345699.9,0.8791883684430541,322182108.0,-0.0038968175989608778,0.011936805149190086,-0.006906742375177337,-0.031226211878269572,-0.023922586119678124,-0.024988589685075335,20.83333333285367,19.214241865733246,1,1,0.0594834071721142,WIPRO.NS,IN,IT Services
2024-10-30,602.56,585.87,584.72,585.23,9342297,595.3340000000001,602.635,611.0735,594.4464,602.173405201913,603.2558695179762,35.96578117964883,16.232369113076686,-1.082464316063124,3.3553769326823857,-4.43784124874551,611.0735,12.793837034002003,636.661174068004,585.4858259319959,-0.004999007164758239,0.08374663299247039,13.4992857142857,12103154.7,0.7718893511383977,312839811.0,-0.021599933127141924,0.001965039386220823,-0.028760621348863463,-0.06895015670490168,-0.060731538992408574,-0.02887343809634435,1.066499372625108,16.039968789900076,1,1,0.08518018556806739,WIPRO.NS,IN,IT Services
2024-10-31,585.96,602.64,596.27,599.1,7510465,595.3340000000001,600.117,609.9195,594.8136,601.7005736318243,602.9480034951049,45.348053261419196,46.06465997770348,-1.2474298632805585,2.43481557348869,-3.6822454367692483,609.9195,12.780204872337475,635.479909744675,584.359090255325,0.28835433178956893,0.0838156830356566,12.734999999999982,12147525.8,0.6182711200110297,320350276.0,0.02370008372776522,0.010632615590034004,0.02242473888998833,-0.040334465304030176,-0.03709537432897225,0.0,30.071099957547688,17.323644221008816,1,1,0.04990819562677351,WIPRO.NS,IN,IT Services
2024-11-01,596.76,607.17,606.15,606.6,8102007,597.914,600.249,609.596,595.5852,602.4543315353808,603.2185411493809,50.70713754031926,57.68127816468662,-0.7642096140001513,1.7950105359903064,-2.5592201499904577,609.596,12.778146393868301,635.1522927877367,584.0397072122634,0.44138429964538883,0.08384665512140739,12.654999999999982,11798121.1,0.6867200501340802,328452283.0,0.012518778167250888,0.0016815034619160902,0.016489040820402746,0.002180808881839802,-0.010553444141778279,0.021728145528044474,45.75491426085838,25.630837863677055,1,1,0.07380481371579295,WIPRO.NS,IN,IT Services
2024-11-04,602.31,629.8,627.63,628.6,8167229,603.5360000000001,602.708,609.833,596.4884000000001,606.476742071832,605.0987740203269,54.28396103398023,76.67380006114338,1.3779680515050359,1.711602039093188,-0.3336339875881522,609.833,13.096617522333274,636.0262350446665,583.6397649553335,0.8582413544401645,0.08590297686292328,13.14285714285712,11338390.45,0.7203163725662338,336619512.0,0.03626772172766235,0.0034521158129120376,0.043648619481589934,0.04071124650254143,0.0075978584938929394,0.04681177038751683,91.76076955056975,55.86226125632527,1,1,0.08083041679923642,WIPRO.NS,IN,IT Services
2024-11-05,630.22,635.53,632.3,633.73,8690716,610.652,604.733,610.1890000000001,597.6318,610.6695509868855,607.219735932974,52.074622064972644,76.06649937264744,3.449815053911493,2.0592446420570627,1.3905704118544304,610.1890000000001,13.661260210035032,637.5115204200702,582.86647957993,0.9307984702205003,0.08955428701607304,12.5585714285714,11178908.1,0.7774207592402733,345310228.0,0.00816099268215087,0.005096807788797945,0.0055694836723595275,0.03300841103214447,0.011362729608528355,0.0594834071721142,96.45739027560613,77.99102469567809,1,1,0.03490445457844826,WIPRO.NS,IN,IT Services
2024-11-06,635.78,648.78,624.13,635.08,10892221,620.6220000000001,607.9780000000001,610.3444999999999,598.6247999999999,614.4250046835056,609.2835766488772,54.44737275572397,79.41691891030753,5.141428034628348,2.675681320571623,2.4657467140567246,610.3444999999999,13.93714630422001,638.2187926084399,582.4702073915599,0.9436973584679745,0.09133953892725935,13.444999999999968,11341282.3,0.9604046307528531,356202449.0,0.0021302447414515147,0.038814007684010145,-0.0011010097832565209,0.053847302656688356,0.004921119673402252,0.08518018556806739,78.61379956168267,88.94398646261952,1,1,0.014549348113623406,WIPRO.NS,IN,IT Services
2024-11-07,640.54,630.85,627.51,629.0,8973358,626.6020000000001,610.9680000000001,610.9745,599.7883999999999,616.6673116564333,610.7441294147002,60.930875576036875,89.12926872876804,5.923182241733116,3.3251815048041773,2.5980007369289386,610.9745,14.498743130643781,639.9719862612876,581.9770137387125,0.8108114240794327,0.09492208352800359,12.392142857142833,11231216.75,0.7989657221275048,347229091.0,-0.009573597027146219,0.005310015898242801,-0.018016048958662923,0.04990819562677351,0.02044127190136269,0.04990819562677351,69.1226974700418,81.39796243577685,1,1,0.0028934817170112037,WIPRO.NS,IN,IT Services
2024-11-08,629.92,654.36,648.98,651.37,5736972,635.5559999999999,616.735,613.0360000000001,601.4442,622.0061867885485,613.7535999954262,68.27160493827161,90.56340214185933,8.252586793122305,4.310662562468113,3.941924230654192,613.0360000000001,17.075932401142452,647.1878648022849,578.8841351977152,1.0612285042246659,0.1114187904208861,13.703571428571406,11105771.9,0.5165756630950017,352966063.0,0.03556438791732908,0.008259514561603598,0.03405194310383222,0.09713660097692434,0.06757465499721382,0.07380481371579295,95.7064905213138,81.14766251767942,0,0,-0.046240999739011635,WIPRO.NS,IN,IT Services
2024-11-11,645.76,680.2,678.78,679.41,6438873,645.7180000000001,624.6270000000001,616.7620000000001,603.697,630.8375426705026,618.6172567553896,72.24809340622257,92.84453336471691,12.220285915112981,5.892587232997485,6.327698682115496,616.7620000000001,22.479992180181274,661.7219843603626,571.8020156396375,1.1967084273947686,0.1457936265862348,14.82357142857141,11133525.85,0.5783318338159844,359404936.0,0.04304773016872132,0.0020900487187382917,0.052109142715479236,0.13142600209828625,0.12319595298318697,0.08083041679923642,99.17260159091768,88.00059652742442,0,0,-0.0756097201984075,WIPRO.NS,IN,IT Services
2024-11-12,682.65,660.5,652.14,655.85,10099024,650.142,630.397,618.683,605.4548,634.6856130300922,621.3753531076866,66.5402784684237,65.74598405177395,13.310259922405635,7.376121770879413,5.934138151526222,618.683,24.1216997960879,666.9263995921758,570.4396004078242,0.8852029532879625,0.1559551485723637,15.66499999999998,10347895.15,0.9759494928831499,349305912.0,-0.034677146347566246,0.012746817107550913,-0.03925877096603046,0.09646409763437269,0.062225677404726065,0.03490445457844826,74.4972769158515,89.79212300936099,0,0,-0.051017763208050626,WIPRO.NS,IN,IT Services
2024-11-13,654.33,647.31,641.94,644.32,15833505,651.99,636.306,619.4705000000001,606.9932,636.1678264104709,623.0750224119267,63.38820464234961,55.6978370816744,13.092803998544127,8.51945821641254,4.573345782131588,619.4705000000001,24.711356322867903,668.893212645736,570.0477873542643,0.7513975727857233,0.15956437843498936,15.972857142857126,10734675.05,1.4749867556552858,333472407.0,-0.017580239384005436,0.008334368015879619,-0.015298091177211334,0.10096884985390364,0.02505687512926169,0.014549348113623406,62.421449517569954,78.69710934144636,0,0,-0.023311398063074362,WIPRO.NS,IN,IT Services
2024-11-14,643.66,637.17,625.75,630.82,16519490,652.354,639.478,619.7975,608.4256,635.3450838855985,623.6487450306132,60.48706068482314,47.972972972972975,11.696338854985243,9.154834344127162,2.541504510858081,619.7975,24.821375311782678,669.4402506235654,570.1547493764347,0.6110182238185312,0.16019022543164582,16.559999999999985,10973057.4,1.5054590432144241,316952917.0,-0.020952321827663267,0.018103420944139144,-0.0199484199732467,0.05294608579535964,0.010476068430832486,0.0028934817170112037,48.28236279798616,61.73369641046921,0,0,-0.0053105481753907835,WIPRO.NS,IN,IT Services
2024-11-15,629.37,627.76,616.04,621.25,10487656,646.33,640.943,620.596,609.7034,633.1766094412487,623.47105431313,55.7743658210948,46.43087409044856,9.705555128118704,9.264978500925482,0.4405766271932219,620.596,24.585524924016283,669.7670498480326,571.4249501519674,0.5066502545859259,0.1584639599609193,16.93714285714285,10532298.35,0.9957612911942159,306465261.0,-0.015170730160743218,0.018865191146850965,-0.012901790679547965,0.0241510056050116,0.02638448321438025,-0.046240999739011635,38.25932132343671,49.654377879664274,1,1,0.026253521126760493,WIPRO.NS,IN,IT Services
2024-11-18,625.09,631.91,624.94,628.04,14914337,636.0559999999999,640.887,621.7974999999999,610.8002,632.3863618347759,623.8095051404938,58.11302318006623,37.4556403914399,8.576856694282128,9.1273541395968,-0.5504974453146723,621.7974999999999,24.318022745756036,670.433545491512,573.1614545084879,0.5641756534310065,0.15643692839367748,17.188571428571418,10893288.85,1.3691306488094597,321379598.0,0.01092957746478862,0.011098019234425858,0.0047193204178521695,-0.0008908685968820329,0.03978410953461031,-0.0756097201984075,45.37075827350882,43.97081413164389,1,0,0.04101649576460087,WIPRO.NS,IN,IT Services
2024-11-19,634.89,629.48,616.72,622.39,6620953,629.3639999999999,639.753,622.243,611.8947999999999,630.8484600138323,623.70435361803,60.50073471233185,9.617563739376735,7.144106395802282,8.73070459083787,-1.586598195035588,622.243,24.23911499600229,670.7212299920046,573.7647700079955,0.5015161444582719,0.15581767891941464,17.140714285714278,10751686.25,0.615805951758874,314758645.0,-0.008996242277561906,0.020501614743134514,-0.019688449967679933,-0.017894055828191813,0.014523700854143451,-0.051017763208050626,31.121172405205257,38.250417334050255,1,1,0.06256527257828703,WIPRO.NS,IN,IT Services
2024-11-20,626.15,630.91,628.01,629.3,8915290,626.36,639.175,623.5765,613.1688,630.6102353962922,624.1188568689284,58.88339804682902,25.393883225208427,6.491378527363736,8.282839378143018,-1.7914608507792824,623.5765,23.833552482735662,671.2436049654714,575.9093950345286,0.5600361612435435,0.15288294207814093,16.50571428571428,10483708.05,0.8503946415796421,323673935.0,0.01110236346984994,0.004608294930868217,0.005030743432076893,-0.009101215594885859,0.04425601115112077,-0.023311398063074362,31.262660364196257,35.91819701430344,1,1,0.044970602256475534,WIPRO.NS,IN,IT Services
2024-11-21,633.25,637.61,619.35,627.47,5198332,625.6899999999999,639.022,624.995,614.4822,630.1271222583541,624.367095752321,56.35080031647497,30.960451977401064,5.760026506033114,7.778276803721015,-2.018250297687901,624.995,23.13409843772305,671.263196875446,578.726803124554,0.5267462335536435,0.14805941447650628,17.233571428571427,9997047.0,0.5199867000738618,318475603.0,-0.0029079930081041816,0.029100992876107047,-0.009127516778509034,-0.0024324324324324076,0.047354364880654254,-0.0053105481753907835,17.81483790495932,26.73289022478694,1,1,0.0671107782045357,WIPRO.NS,IN,IT Services
2024-11-22,632.67,638.12,637.1,637.56,17114167,628.952,637.641,627.188,615.7962,631.2706419110091,625.3443700046823,52.939632545931744,58.2517140058765,5.926271906326747,7.407875824242149,-1.4816039179154021,627.188,22.065525528345006,671.31905105669,583.05694894331,0.6175136298709354,0.14072670732418238,16.337142857142858,10135974.2,1.6884578604730605,335589770.0,0.016080450061357388,0.0015998494259338448,0.007729147896995681,-0.021201467675821872,0.07387569479535094,0.026253521126760493,33.54114713164673,27.539548466934097,1,1,0.04735240604805835,WIPRO.NS,IN,IT Services
2024-11-25,638.95,658.65,649.93,653.8,12728951,634.104,635.0799999999999,629.8534999999999,617.3356,634.7366970018645,627.4522385568196,56.13723931258026,84.25594611660715,7.284458445044947,7.383192348402708,-0.09873390335776033,629.8534999999999,21.889890066082966,673.6332801321659,586.073719867834,0.7734881254192565,0.13901575567047386,17.348571428571436,10200961.4,1.2478186371905458,348318721.0,0.02547211242863412,0.013337412052595123,0.023241255184250204,-0.03769447020208716,0.08877749837632587,0.04101649576460087,58.852867829506565,36.736284288704205,1,1,0.019807280513918668,WIPRO.NS,IN,IT Services
2024-11-26,657.07,666.01,657.59,661.33,24275528,641.892,635.628,633.0125,619.1666,638.8279743864341,629.9617509902102,57.73469267487772,84.49740932642503,8.866223396223859,7.6797985579669445,1.1864248382569142,633.0125,21.631179950538062,676.2748599010762,589.7501400989239,0.8272764137685,0.13668722150354942,16.46000000000001,10828068.55,2.241907284387548,372594249.0,0.011517283572958226,0.012731919011669252,0.006483327499343308,0.008355569108790206,0.1056256791774639,0.06256527257828703,70.58915211860057,54.32772235991795,1,1,0.02804953654000264,WIPRO.NS,IN,IT Services
2024-11-27,661.95,660.98,654.89,657.6,6826830,647.552,636.9559999999999,636.6310000000001,620.8422,641.7159783271268,632.0090654238222,58.5454762758456,87.99913662853453,9.706912903304556,8.085221427034472,1.6216914762700831,636.6310000000001,19.125290475948194,674.8815809518965,598.3804190481037,0.7741004120381371,0.12016562483396596,16.379285714285725,10702295.2,0.6378846064828593,365767419.0,-0.0056401493959142845,0.009260948905095455,-0.006571493315195183,0.020610876583064375,0.12366078294004068,0.044970602256475534,64.77556109624726,64.73919368145145,1,1,0.040769464720194604,WIPRO.NS,IN,IT Services
2024-11-28,656.1,672.95,666.89,669.58,9470151,655.9739999999999,640.832,640.155,622.5732,646.0027508923652,634.7921438451309,55.80121057661678,89.18287937743202,11.210607047234248,8.710298551074436,2.5003084961598123,640.155,18.322329057878452,676.7996581157569,603.5103418842431,0.9014909882109948,0.11448682933258245,15.664285714285727,10800279.5,0.876843059770531,375237570.0,0.018217761557177692,0.009050449535516307,0.020545648529156336,0.06144383500840167,0.1176431313637123,0.0671107782045357,83.44763092139266,72.93744804541349,1,1,0.01690612025448779,WIPRO.NS,IN,IT Services
2024-11-29,666.49,671.93,664.41,667.75,7956805,662.0120000000001,645.482,643.2125,624.2492,649.3484815244284,637.2335040733674,45.54076793636225,89.18287937743182,12.114977451061009,9.391234331071757,2.7237431199892512,643.2125,17.512442155880645,678.2373843117613,608.1876156882387,0.8502866673411121,0.10890610587234187,14.142142857142867,10793019.4,0.7372176374279807,367280765.0,-0.0027330565429075637,0.011261699737908979,0.0018905009827575813,0.07484909456740452,0.10080778107484334,0.04735240604805835,90.86276576891818,79.69531926218603,1,1,0.0466941220516659,WIPRO.NS,IN,IT Services
2024-12-02,663.75,673.16,661.63,666.75,25964640,664.6020000000001,649.353,645.12,625.5494,652.0256382130586,639.4199423171841,55.03789979663523,84.49539116048209,12.605695895874533,10.034126644032318,2.571569251842215,645.12,17.91022142740985,680.9404428548197,609.2995571451803,0.8019225653750917,0.1110504800804941,13.017857142857151,11682889.95,2.2224499151042747,341316125.0,-0.0014975664545113787,0.017292838395174624,0.0045197740112926255,0.06163620151582716,0.06069042316258355,0.019807280513918668,88.77801120292762,87.69613596441282,1,1,0.0537982752155981,WIPRO.NS,IN,IT Services
2024-12-03,663.99,683.01,677.39,679.88,13499144,668.3120000000001,655.102,647.4275,627.0892,656.3109246419283,642.4170231482252,66.19602842047729,83.26530612244889,13.893901493703083,10.806081613966475,3.0878198797366085,647.4275,19.28563547115351,685.998770942307,608.856229057693,0.9206822747378499,0.11915240221413964,13.185714285714296,11923311.35,1.1321639158434025,354815269.0,0.019692538432695805,0.008266164617273251,0.02393108329941122,0.09236973601760945,0.07282281097628318,0.02804953654000264,95.32626549058794,91.65568082081124,1,1,0.04652291580867218,WIPRO.NS,IN,IT Services
2024-12-04,679.41,686.91,682.41,684.41,5408607,673.674,660.6129999999999,649.894,628.4542,660.6338593124943,645.5276520062375,76.57970439440528,81.87845303867388,15.106207306256806,11.666106752424545,3.440100553832261,649.894,20.72419267680062,691.3423853536012,608.4456146463988,0.9163732761194844,0.12755429455738151,12.361428571428576,11649130.65,0.46429271833321584,360223876.0,0.006662940518915139,0.006575006209718481,0.007359326474430228,0.08757349435881134,0.0776752535113685,0.040769464720194604,96.47241427830572,93.52556365727376,1,1,0.028170248827457334,WIPRO.NS,IN,IT Services
2024-12-05,682.79,688.06,675.16,680.9,17108930,675.9379999999999,665.956,652.489,629.739,663.7517271106292,648.1478555540316,81.47757255936678,82.37909949972199,15.603871556597596,12.453659713259158,3.150211843338438,652.489,21.213803078479806,694.9166061569597,610.0613938430404,0.8348173815659017,0.13004849478502972,12.227142857142853,12055909.25,1.4191321638281107,343114946.0,-0.005128504843587844,0.018945513291204336,-0.0027680545995067566,0.0851514813457217,0.08251192368839422,0.01690612025448779,89.96355480670084,93.9207448585315,1,1,0.054046115435453235,WIPRO.NS,IN,IT Services
2024-12-06,682.88,701.42,696.94,698.93,17992341,682.174,672.093,654.867,631.1804,669.1637690936931,651.9095352603282,83.4418341352958,84.91553652153215,17.25423383336488,13.413774537280306,3.840459296084573,654.867,23.61188373857734,702.0907674771546,607.6432325228453,0.9665341453363472,0.14422399503130415,12.931428571428569,12668677.7,1.4202223788341874,361107287.0,0.026479659274489586,0.006409797833822407,0.02350339737578557,0.09625760712717235,0.07301533690529194,0.0466941220516659,97.06021251361203,94.49872719953953,1,1,0.016296338689139267,WIPRO.NS,IN,IT Services
2024-12-09,699.08,707.37,698.81,702.62,11583128,689.348,676.975,656.0274999999999,632.8158,674.3108815408846,655.6659023904465,88.56099202153227,89.72431077694237,18.644979150438076,14.460015459911862,4.184963690526214,656.0274999999999,25.38540294922689,706.7983058984537,605.2566941015461,0.9588512943071109,0.15478255377518896,12.631428571428573,12925890.45,0.8961183098903404,372690415.0,0.005279498662240867,0.012182972303646176,0.005063798134684013,0.07467115325787721,0.03416199349435556,0.0537982752155981,94.6034992036514,93.87575550798807,1,1,0.0004269733283992494,WIPRO.NS,IN,IT Services
2024-12-10,704.76,727.52,698.7,711.51,10248023,695.674,681.9929999999999,658.8105,634.7898,680.0338228423503,659.802539337852,88.77464390151874,93.2213209733488,20.23128350449838,15.614269068829167,4.617014435669212,658.8105,28.25385813896427,715.3182162779286,602.3027837220715,0.9663035729477675,0.17154467415999838,14.081428571428571,12933340.4,0.7923724181594711,382938438.0,0.01265264296490276,0.040505403999886766,0.009577728588442054,0.07587739857559761,0.08486696653198145,0.04652291580867218,85.19922344379033,92.28764505368459,0,0,-0.007308400444125951,WIPRO.NS,IN,IT Services
2024-12-11,714.95,708.27,700.02,703.69,7328763,699.53,686.6020000000001,661.779,636.4022,683.6732347127922,663.05348936452,84.02678571428572,75.61867871745224,20.619745348272204,16.615364324717774,4.00438102355443,661.779,29.73150427266773,721.2420085453355,602.3159914546645,0.8524123738811002,0.17970654416427725,13.597857142857142,12508103.3,0.5859211615304487,375609675.0,-0.010990709898666129,0.011723912518279747,-0.015749353101593457,0.07008819951338197,0.09214365532654578,0.028170248827457334,73.6452112356377,84.48264462769315,1,0,0.026048401995196535,WIPRO.NS,IN,IT Services
2024-12-12,703.93,725.0,711.86,717.7,4844573,706.8900000000001,691.414,666.1229999999999,638.3126,688.9081216800964,667.1014101868737,84.56694271911665,79.74977658623783,21.80671149322268,17.653633758418756,4.153077734803922,666.1229999999999,31.276842299221773,728.6766845984434,603.5693154015564,0.9122618861716997,0.18781421628843203,14.359285714285713,11924357.45,0.40627535815144844,380454248.0,0.019909335076525148,0.01830848543957319,0.01956160413674731,0.07186594581678074,0.13772550014267138,0.054046115435453235,87.34372986097,82.06272151346602,1,0,0.010296781384979692,WIPRO.NS,IN,IT Services
2024-12-13,720.14,711.82,709.12,710.32,12543471,709.168,695.671,670.5764999999999,640.2576,692.2022568062577,670.3028100177725,76.39641322622832,74.59043798060858,21.899446788485193,18.502796364432044,3.396650424053149,670.5764999999999,30.8900357422543,732.3565714845085,608.7964285154912,0.8216530755321656,0.18425957809263085,13.465714285714284,12027148.2,1.0429296911025268,367910777.0,-0.010282847986623933,0.003801103727891998,-0.013636237398264644,0.06375140396855117,0.1433722334004024,0.016296338689139267,76.31832575965424,79.10242228542064,1,1,0.05003378758869226,WIPRO.NS,IN,IT Services
2024-12-16,708.41,706.07,700.4,702.92,4652485,709.2280000000001,699.288,674.3205,641.8388,693.851140374535,672.7189141025938,69.44730197325347,54.055702378532224,21.13222627194125,19.028682345933884,2.103543926007365,674.3205,29.987795144548805,734.2960902890976,614.3449097109025,0.738426165223257,0.17788452312812267,13.302142857142858,11514055.6,0.40407001299611467,363258292.0,-0.010417839846829757,0.008066351789665974,-0.0077497494388733355,0.054248218972628326,0.11922807464492702,0.0004269733283992494,66.12969847079538,76.59725136380654,1,1,0.05637910430774484,WIPRO.NS,IN,IT Services
2024-12-17,705.18,707.66,705.23,706.31,9084540,708.1879999999999,701.931,678.5165,643.4328,695.7678880092311,675.2071578856088,72.84923538793504,53.77377786868474,20.560730123622307,19.335091901471568,1.2256382221507387,678.5165,28.15419222312513,734.8248844462502,622.2081155537497,0.7467971712612691,0.16597498939573976,13.180714285714284,11637234.95,0.7806441356892828,372342832.0,0.004822739429807044,0.0034404156814946832,0.0016024277489412534,0.038874507265987956,0.13483507125757166,-0.007308400444125951,67.80998633984194,70.08600352343052,1,1,0.0416814146762754,WIPRO.NS,IN,IT Services
2024-12-18,707.39,724.35,720.15,722.02,14571543,711.854,705.692,683.1524999999999,645.2338000000001,699.8066744693659,678.6747954312044,73.7672226250906,59.432776880272826,21.131879038161514,19.694449328809558,1.4374297093519566,683.1524999999999,27.24252961339438,737.6375592267887,628.6674407732112,0.8566803500879132,0.15951067800149743,13.372857142857145,11920047.6,1.2224398984413538,386914375.0,0.022242358171341348,0.0058170133791227785,0.020681660752879336,0.054952440788416324,0.14733831241061512,0.026048401995196535,91.65275458959397,75.19747980007709,0,1,-0.0014265532810725512,WIPRO.NS,IN,IT Services
2024-12-19,724.28,729.41,721.63,725.09,11144744,713.332,710.111,688.0335,647.4076,703.6964168587077,682.112976736862,75.69917533166009,70.99686028257449,21.583440121845683,20.072247487416785,1.5111926344288982,688.0335,25.425518527027908,738.8845370540558,637.1824629459442,0.8643632671615304,0.14781558471784276,13.391428571428573,12217368.2,0.9122048959607442,398059119.0,0.0042519597795076525,0.010729702519672375,0.001118352018554897,0.06489939785577925,0.1555771590673658,0.010296781384979692,93.62643847604573,84.36305980182722,0,1,-0.020397467900536537,WIPRO.NS,IN,IT Services
2024-12-20,731.63,750.06,742.49,745.86,10388079,720.4399999999999,714.8040000000001,693.4485,650.122,710.1831219573869,686.8350013556098,80.11878474072945,74.39362439362431,23.348120601777055,20.727422110288842,2.6206984914882128,693.4485,25.641832858987065,744.7321657179741,642.1648342820258,1.0109960380681173,0.14790908255739307,14.351428571428569,11881063.8,0.8743390575565246,408447198.0,0.028644719965797316,0.010149357788311194,0.019449721853916007,0.06714549382627744,0.1698663655185395,0.05003378758869226,94.39252336322582,93.22390547628851,0,0,-0.03784892607191703,WIPRO.NS,IN,IT Services
2024-12-23,747.51,756.48,731.41,742.55,17456764,728.366,718.7969999999999,697.886,652.8752000000001,715.1626416562627,690.9620568206957,75.788000987573,80.03727865796812,24.200584835567042,21.422054655344485,2.778530180222557,697.886,26.094659546388115,750.0753190927762,645.6966809072237,0.9279036474845885,0.14956402361618223,14.980714285714287,12117454.45,1.4406295176434918,390990434.0,-0.004437830155793354,0.03376203622647134,-0.006635362737613411,0.05683015000996261,0.13574487610890174,0.05637910430774484,82.87014264531632,90.29636816152929,0,0,-0.04900680088882903,WIPRO.NS,IN,IT Services
2024-12-24,746.49,743.61,729.46,735.75,7613481,734.2540000000001,721.221,701.607,655.2416000000001,718.3299275553057,694.2796960326632,70.73840685086444,80.94250706880301,24.050231522642548,21.9476900288041,2.102541493838448,701.607,25.912929530292356,753.4328590605846,649.7811409394153,0.8294011967969244,0.1477347263083487,15.489285714285716,11284352.1,0.674693616242831,383376953.0,-0.009157632482660993,0.019232076112783887,-0.014387332717096843,0.0340683897626175,0.11253080912706204,0.0416814146762754,74.5081160836878,83.9235940307433,0,0,-0.02818892286782193,WIPRO.NS,IN,IT Services
2024-12-25,738.49,721.74,720.4,720.99,7115646,734.048,722.951,704.7764999999999,657.09,718.7391694698748,696.2582446827794,64.84484929274976,61.393977025768436,22.480924787095432,22.05433698046237,0.42658780663306217,704.7764999999999,24.057265512671115,752.8910310253422,656.6619689746577,0.6684886005725779,0.13653840905669798,15.66428571428572,11298792.9,0.6297704040782618,376261307.0,-0.020061162079510697,0.0018585555971624755,-0.02369700334463067,0.024584689280791272,0.09639598540145977,-0.0014265532810725512,40.393013099758214,65.92375727625411,0,0,-0.01958418285967911,WIPRO.NS,IN,IT Services
2024-12-26,726.11,715.81,705.9,710.3,25667052,731.0899999999999,722.211,706.8125,658.8104,717.4408357052766,697.2983784132297,54.452188894980026,40.13468013468013,20.14245729204697,21.67196104277929,-1.5295037507323208,706.8125,22.600766143273574,752.0140322865471,661.6109677134529,0.5385772320432964,0.1279024699944701,15.27642857142858,12108637.95,2.1197305581565797,350594255.0,-0.014826835323652254,0.013951851330404079,-0.021773560479787204,-0.010310714783335784,0.06081424176349337,-0.020397467900536537,20.076150916924806,44.99242670012361,1,1,0.01987892439814165,WIPRO.NS,IN,IT Services
2024-12-27,710.09,731.48,706.55,717.63,13740710,725.444,722.942,709.3064999999999,661.0574,717.4699379044648,698.8044294265499,55.714612045991004,44.14074772227456,18.665508477914955,21.070670529806424,-2.4051620518914696,709.3064999999999,20.738772047843394,750.7840440956867,667.8289559043131,0.6003374257188157,0.11695238686133089,16.445714285714295,12397833.2,1.1083153539833595,364334965.0,0.01031958327467275,0.03473935036155864,0.010618372318986812,0.010291136389232847,0.07469861475102957,-0.03784892607191703,32.762201453223156,31.07712182330206,0,0,-0.011050262670178168,WIPRO.NS,IN,IT Services
2024-12-30,719.25,707.62,705.0,706.16,4683445,718.1659999999999,723.266,711.2769999999999,663.1004,715.7299474576223,699.3492881708731,48.00238966470017,13.484179543782247,16.380659286749164,20.132668281194974,-3.7520089944458093,711.2769999999999,18.199224997952285,747.6754499959045,674.8785500040954,0.42970854526764984,0.10234676503205756,15.289285714285727,11333773.45,0.4132290633329129,359651520.0,-0.01598316681298162,0.003710207318449494,-0.018199513381969876,0.004609343879815597,0.05910761154855648,-0.04900680088882903,10.874955720671684,21.23776936360655,1,1,0.0018834258524980108,WIPRO.NS,IN,IT Services
2024-12-31,706.81,718.2,712.45,715.01,10085874,714.018,724.136,713.0335,665.1310000000001,715.6191863102956,700.5093441809337,54.19445679561284,27.01168614357269,15.109842129361937,19.12810305082837,-4.018260921466432,713.0335,16.63775328803311,746.3090065760662,679.7579934239338,0.5296990219360314,0.09333504407862883,15.328571428571447,11163109.95,0.9035002917354324,369737394.0,0.0125325705222612,0.0080418455685822,0.011601420466587124,0.01231753762512211,0.05167088309701717,-0.02818892286782193,26.052068473144583,23.229741882346474,0,0,-0.022950727961846606,WIPRO.NS,IN,IT Services
2025-01-01,713.38,710.32,704.1,706.87,29338634,711.194,722.621,714.1565,667.2158000000001,714.2731576471722,700.9805051054819,45.804602153869986,26.420640104506916,13.292652541690245,17.961012949000743,-4.668360407310498,714.1565,15.308998480418456,744.7744969608369,683.5385030391632,0.3810095250564377,0.08574590292406217,14.585714285714305,12359611.3,2.3737503481399655,340398760.0,-0.011384456161452228,0.00879935490258637,-0.009125571224299623,-0.02098279826043592,0.03281658654899844,-0.01958418285967911,11.537089871406298,16.154704688407524,0,1,-0.03003381102607272,WIPRO.NS,IN,IT Services
2025-01-02,706.53,732.31,718.11,724.42,15039229,714.018,722.554,716.3325,669.7222,715.834210316839,702.7167681979391,55.063200229818975,52.67843198500698,13.117442118899817,16.99229878298056,-3.874856664080742,716.3325,13.29342610583687,742.9193522116738,689.7456477883262,0.6520958542771156,0.07423047875570817,15.790000000000012,12256126.25,1.2270783986842173,355437989.0,0.02482776182324886,0.019601888407250394,0.025320934709035237,-0.0009240232247031965,0.06391540608018786,0.01987892439814165,42.83166904345872,26.806942462669866,0,0,-0.060296513072526925,WIPRO.NS,IN,IT Services
2025-01-03,722.34,718.57,702.6,709.7,5482228,712.432,718.938,716.871,672.0422,714.8904856527093,703.2340457894616,52.313045851528415,49.55921245959454,11.656439863247783,15.925126999034003,-4.2686871357862195,716.871,12.758757116492966,742.3885142329859,691.353485767014,0.35948866463078866,0.07119136980837655,16.640000000000004,11630620.6,0.4713615650602888,349955761.0,-0.020319704039093223,0.022502465830600994,-0.01749868482983427,-0.048480948167216376,0.015409268453207225,-0.011050262670178168,13.177431328634464,22.515396747833165,0,0,-0.0371565450190221,WIPRO.NS,IN,IT Services
2025-01-06,710.55,711.85,704.0,707.49,12195136,712.6980000000001,715.432,717.1145,674.1822,713.7519493984458,703.5493023124887,50.40583298940709,41.94470924690181,10.202647085957096,14.780631016418624,-4.577983930461528,717.1145,12.516637548722121,742.1477750974443,692.0812249025557,0.3077658643776426,0.0698166752935811,16.86214285714286,11661221.0,1.0457854245464155,337760625.0,-0.0031139918275328027,0.01109556318815662,-0.0043065231158899995,-0.04721567571207319,0.006931200364350687,0.0018834258524980108,9.0757238305665,21.694941400886563,0,0,-0.014530240710115994,WIPRO.NS,IN,IT Services
2025-01-07,702.84,711.39,688.37,698.6,3890015,709.4159999999999,711.717,716.4689999999999,676.1912000000001,711.4208802602225,703.1826866204693,41.54878752886838,43.73757455268393,8.238193639753149,13.472143541085527,-5.2339499013323785,716.4689999999999,13.138334789934285,742.7456695798685,690.1923304201314,0.1599835465098297,0.07335047177151247,17.217857142857138,11343320.6,0.3429343835230767,333870610.0,-0.012565548629662637,0.032951617520708604,-0.006032667463425497,-0.05049269452939176,-0.018144509564166356,-0.022950727961846606,15.019820877770984,12.424325345657321,0,0,-0.021571714858288127,WIPRO.NS,IN,IT Services
2025-01-08,696.84,694.21,678.78,685.64,10186707,705.1700000000001,708.182,715.5665,678.1994,707.4545909894177,701.8832260355471,36.71269787807341,27.221963704048363,5.57136495387067,11.891987823642555,-6.320622869771885,715.5665,14.600892645739146,744.7682852914783,686.3647147085218,-0.01240873976155265,0.08161864841754732,18.077857142857145,11486217.8,0.8868633949407266,323683903.0,-0.01855138849126825,0.02250452132311061,-0.016072556110418423,-0.04902980623864417,-0.02565049950972742,-0.03003381102607272,8.828828828715213,10.974791179017572,1,1,0.018610349454524222,WIPRO.NS,IN,IT Services
2025-01-09,680.11,685.62,676.84,680.74,5983453,696.434,705.226,713.7185000000001,679.8322000000001,703.3446539141216,700.3170585586205,25.441243023080403,28.66242038216558,3.0275953555011483,10.119109330014275,-7.091513974513127,713.7185000000001,16.528390973039876,746.7752819460798,680.6617180539204,0.0011840527339616225,0.09263254895601943,16.922857142857147,11543161.8,0.5183547268344859,317700450.0,-0.007146607549151085,0.012897728942014682,0.0009263207422315054,-0.04161621849922559,-0.051497840323254884,-0.060296513072526925,4.8970366649309485,9.581895457139053,1,1,0.006992390633722145,WIPRO.NS,IN,IT Services
2025-01-10,681.22,683.61,683.11,683.33,8597037,691.1600000000001,701.796,712.369,681.3668000000001,700.2654763888714,699.0587560013282,27.544365235856247,5.597579425113551,1.2067203875432142,8.336631541520063,-7.129911153976849,712.369,17.868016972403215,748.1050339448065,676.6329660551936,0.09370141570628915,0.10033012089171836,15.33714285714286,11345840.1,0.7577258419386819,326297487.0,0.003804683138937115,0.0007317108863934969,0.0030973841049835825,-0.047796218106823773,-0.037996959117017726,-0.0371565450190221,9.719934101996122,7.815266531880766,1,1,0.015907394670217956,WIPRO.NS,IN,IT Services
2025-01-13,682.76,701.82,693.52,697.21,8072948,689.104,700.9010000000001,712.0835,682.739,699.7954030982756,698.9218109185251,36.13070390096447,36.253576931543044,0.8735921797505171,6.844023669166154,-5.9704314894156365,712.0835,18.071402320846033,748.226304641692,675.940695358308,0.29423981968547824,0.1015128271941177,15.647142857142862,11516863.25,0.7009675398405429,334370435.0,0.020312294206313197,0.011904591156162653,0.02116409865835562,-0.012674181488614433,-0.008123257269675,-0.014530240710115994,36.7225527305441,17.113174499157065,0,0,-0.012851221296309667,WIPRO.NS,IN,IT Services
2025-01-14,695.25,693.18,675.81,683.53,5809254,686.09,697.7529999999999,710.9445,683.735,697.2930333908482,697.7816752823263,36.413753082837665,28.945518453427056,-0.4886418914780961,5.377490557037303,-5.866132448515399,710.9445,19.14069609771388,749.2258921954277,672.6631078045722,0.14193439125476442,0.1076916473659306,16.079285714285724,11353098.95,0.5116887920994654,328561181.0,-0.019621061086329883,0.025412198440411676,-0.016857245595085467,-0.044027356260751604,-0.03225212725290594,-0.021571714858288127,13.663716813917505,20.035401215485912,0,1,-0.013927698857401971,WIPRO.NS,IN,IT Services
2025-01-15,686.77,705.68,692.57,698.4,4814228,688.642,696.9060000000001,709.7635,685.0014,697.4633359461023,697.82747716884,45.811039143903145,49.840966921119566,-0.3641412227376577,4.229164201082311,-4.593305423819968,709.7635,19.150046385811336,748.0635927716227,671.4634072283774,0.35165179536103947,0.10792353444934455,16.583571428571435,10865233.2,0.44308552502255316,333375409.0,0.02175471449680333,0.01877147766320322,0.01693434483157835,-0.011982401290194789,-0.03271377524168306,0.018610349454524222,39.98230088424816,30.122856809569925,0,0,-0.038903207331042355,WIPRO.NS,IN,IT Services
2025-01-16,703.28,688.41,683.18,685.5,16527138,689.594,693.014,707.784,686.1314,695.6228227236248,696.9143296859713,39.116591016868774,49.88857051894302,-1.2915069623464888,3.1250299683965506,-4.416536930743039,707.784,19.524894608511122,746.8337892170223,668.7342107829777,0.21467195538022535,0.11034380324213919,15.890000000000002,11134352.9,1.4843374073101807,316848271.0,-0.018470790378006807,0.007629467541929087,-0.025281537936490007,-0.053725739212059254,-0.05460011860596625,0.006992390633722145,17.150442477572657,23.598820058579445,0,0,-0.010036469730123954,WIPRO.NS,IN,IT Services
2025-01-17,685.23,698.38,690.85,694.2,9681917,691.768,691.464,705.201,686.988,695.4039269199902,696.7132680185921,45.8713062689865,60.102071450015025,-1.3093410986018625,2.238155754996868,-3.5474968535987306,705.201,17.53870033592775,740.2784006718555,670.1235993281446,0.3431896350693699,0.09948199356440424,15.907857142857145,11099044.8,0.8723197628394325,326530188.0,0.01269146608315097,0.010847018150373271,0.013090495162189245,-0.02184021417500348,-0.06926232805084065,0.015907394670217956,32.548672565795776,29.893805309205536,0,0,-0.02539613944108321,WIPRO.NS,IN,IT Services
2025-01-20,693.72,693.41,684.13,688.25,14794064,689.976,689.54,702.4860000000001,687.1648,694.3033227784532,696.0863586726246,40.573481752853326,53.51529008288079,-1.7830358941713484,1.4339174251632245,-3.216953319334573,702.4860000000001,15.54192679241691,733.5698535848339,671.4021464151663,0.27100651369659945,0.08849672046073397,15.767142857142858,10965909.8,1.3490957814466262,311736124.0,-0.00857101699798335,0.01348347257535269,-0.0078850256587559,-0.027194730667571276,-0.07312638879536726,-0.012851221296309667,22.01769911465465,23.90560471934103,0,0,-0.00479476934253531,WIPRO.NS,IN,IT Services
2025-01-21,689.09,676.39,672.1,674.01,25284625,688.0719999999999,687.081,699.3990000000001,687.528,691.1812731202293,694.4510713865634,38.90164820318834,33.50867216377594,-3.269798266334078,0.4931742868637638,-3.7629725531978417,699.3990000000001,14.69564163817611,728.7902832763523,670.007716723648,0.0680862288089364,0.08404725564752064,16.141428571428573,11849467.0,2.1338194254796923,286451499.0,-0.02069015619324377,0.006364890728614707,-0.02188393388378609,-0.03519896936730604,-0.08391437308868499,-0.013927698857401971,3.1722305264378816,19.246200735629444,1,1,0.050310826248868734,WIPRO.NS,IN,IT Services
2025-01-22,668.72,682.59,662.14,671.23,6115151,682.6380000000001,685.64,696.9110000000001,688.0662,688.1118464863478,692.7309906041477,30.04427102873869,39.65343203230153,-4.6191441177999195,-0.5292893940689731,-4.089854723730946,696.9110000000001,15.05567593615587,727.0223518723118,666.7996481276883,0.07356614028863914,0.08641376552319742,15.785000000000009,11799442.25,0.5182575881281517,280336348.0,-0.004124567884749464,0.030466457101097355,0.0037534394066219604,-0.021016860159850603,-0.06901621381711254,-0.038903207331042355,16.108452950272795,13.766127530455114,1,1,0.04275732610282601,WIPRO.NS,IN,IT Services
2025-01-23,666.31,680.15,677.39,678.62,15972321,681.2620000000001,685.428,695.327,689.0222,686.6515624115249,691.6857312416383,37.66079085278704,30.966127790608198,-5.034168830113458,-1.4302652812778704,-3.6039035488355875,695.327,15.238297356187774,725.8035947123756,664.8504052876244,0.22590441685006038,0.08766118592354889,14.863571428571438,11314705.7,1.4116425130136163,296308669.0,0.011009639020901796,0.004067077303934343,0.018474884062946055,-0.0031142580133384223,-0.04460087287061798,-0.010036469730123954,33.15228324214139,17.477655572950695,1,1,0.0434116294833633,WIPRO.NS,IN,IT Services
2025-01-24,683.38,684.21,670.45,676.57,6653586,677.7360000000001,684.7520000000001,693.2740000000001,690.1286,685.1005528097518,690.5660466532325,37.70869772618861,39.13889564582833,-5.465493843480772,-2.237310993718451,-3.228182849762321,693.2740000000001,14.835968880777337,722.9459377615548,663.6020622384455,0.21852192238921406,0.08559945349605454,15.285714285714294,10960349.5,0.607059600876815,289655083.0,-0.0030208364032889845,0.020337880780968196,-0.009965173110114403,-0.009892731184054537,-0.057216114153533115,-0.02539613944108321,29.29949238519202,26.186742859202074,1,1,0.06501914066541503,WIPRO.NS,IN,IT Services
2025-01-27,670.13,688.25,682.31,684.95,11052404,677.076,683.5260000000001,692.2135000000001,691.2668000000001,685.0773908390207,690.1500429247267,44.55176818072963,38.66143662662416,-5.072652085705954,-2.804379212115952,-2.268272873590002,692.2135000000001,14.622909666173838,721.4593193323477,662.9676806676524,0.3758198579114183,0.08449941913096291,14.475714285714291,11278797.45,0.9799274318976771,300707487.0,0.012386005882613738,0.008672165851509426,0.022115111993162424,-0.01758437199695928,-0.03003568596352091,-0.00479476934253531,52.388608175186484,38.2801279341733,1,1,0.043477626104095224,WIPRO.NS,IN,IT Services
2025-01-28,678.12,717.26,700.45,707.92,12638514,683.858,685.965,691.859,692.9774000000001,688.5916384022483,691.4663368403908,58.23477232406859,67.01262757308426,-2.8746984381424454,-2.8184430573212507,-0.056255380821194745,691.859,14.118410116239867,720.0958202324798,663.6221797675203,0.784398169960036,0.0816259389050051,15.367857142857142,11406429.45,1.1080165749838067,313346001.0,0.03353529454704707,0.02374562097408775,0.04394502447937829,0.0356824133542053,-0.009915945231535273,0.050310826248868734,83.05515239326817,54.914417651215565,0,1,-0.0004661543677250135,WIPRO.NS,IN,IT Services
2025-01-29,702.79,702.01,698.27,699.93,24115707,689.5980000000001,686.118,691.512,694.39,690.3360017249795,692.0932752045704,56.93430656934305,75.13576415826226,-1.7572734795909355,-2.606209141775188,0.8489356621842523,691.512,13.812014830719997,719.1360296614399,663.88797033856,0.6523673428988932,0.07989457785663888,15.428571428571429,11145283.1,2.16375884038703,289230294.0,-0.0112865860549215,0.005343391481997722,-0.004069494443569123,0.0021907216494845283,-0.009817929746629539,0.04275732610282601,68.55950652996076,68.00108903280515,0,1,-0.00038575286100039907,WIPRO.NS,IN,IT Services
2025-01-30,701.37,708.29,707.92,708.08,9494982,695.49,688.376,690.6949999999999,696.0022,693.0658476134444,693.2774776575231,58.59792954908636,82.36430704373797,-0.21163004407878816,-2.127293322235908,1.91566327815712,690.6949999999999,12.145771843898236,714.9865436877964,666.4034563122035,0.8578405765928356,0.07033942243033833,15.820714285714287,10868070.75,0.8736583837882741,298725276.0,0.011644021545011762,0.0005225398260076291,0.009566990318933615,0.03293946024799421,-0.0225559758151348,0.0434116294833633,83.34542815523693,78.32002902615528,0,0,-0.023853236922381615,WIPRO.NS,IN,IT Services
2025-01-31,706.47,723.09,718.53,720.56,23739566,704.288,691.012,691.238,697.6622,697.2957172113761,695.2984062122281,58.191257980775944,83.81167365366014,1.9973109991479987,-1.3023724579591265,3.2996834571071254,691.238,13.234140299751374,717.7062805995029,664.7697194004973,1.0539082882379747,0.07658224981689234,15.572142857142856,11780937.65,2.015082728573584,322464842.0,0.017625127104281768,0.006328411235696862,0.019944229762028073,0.037971766061653645,0.015302240383260335,0.06501914066541503,95.84905660220087,82.5846637624662,0,0,-0.043133118685466765,WIPRO.NS,IN,IT Services
2025-02-03,726.25,722.54,708.48,714.73,11119194,710.2439999999999,693.6600000000001,691.6000000000001,698.8807999999999,699.9779145634722,696.7377841720274,61.58301158301162,78.99696048632224,3.2401303914447226,-0.39387188807835644,3.634002279523079,691.6000000000001,13.789455544376825,719.1789110887538,664.0210889112465,0.919342154674712,0.07975393605758758,15.047857142857131,11727140.55,0.9481589313637985,311345648.0,-0.008090929277228764,0.019671764162663207,-0.0158623063683086,0.038474391572829614,0.010233360188836693,0.043477626104095224,86.28383921105359,88.4927746561638,0,0,-0.003721685111860329,WIPRO.NS,IN,IT Services
2025-02-04,720.59,710.31,705.41,707.59,8513159,710.178,697.018,692.0495000000001,699.806,701.1490046306302,697.5416523432202,53.61953525009849,67.53407682775716,3.607352287409981,0.4063729470193113,3.2009793403906697,692.0495000000001,14.17089622206936,720.3912924441388,663.7077075558614,0.7741622646107493,0.08190683598239075,14.131428571428566,11958297.75,0.7119038567254393,302832489.0,-0.009989786352888497,0.006924914145187259,-0.01804077214502277,0.04982121926974381,0.0128685943315201,-0.0004661543677250135,74.56931911280446,85.56740497535299,1,0,0.015785977755479852,WIPRO.NS,IN,IT Services
2025-02-05,708.38,703.52,696.57,699.66,4713781,710.124,699.8610000000001,692.7505,700.6472,700.9199269951486,697.6985670444841,55.80423020167239,41.659935379644594,3.221359950664464,0.9693703477483421,2.251989602916122,692.7505,14.183908033580844,721.1183160671617,664.3826839328383,0.6217841370484731,0.08189908507354596,13.831428571428562,11684651.45,0.40341644907033586,298118708.0,-0.011207054932941496,0.009933396221007345,-0.012309777238188144,0.04235507948095285,0.020448048538591612,-0.00038575286100039907,61.55865463393662,74.13727098593156,1,1,0.04026241317211232,WIPRO.NS,IN,IT Services
2025-02-06,701.55,697.2,686.38,691.19,9563458,706.746,701.118,693.2729999999999,701.0794000000001,699.4230151497412,697.2164507963626,48.76386036960986,41.26000000000008,2.206564353378667,1.2168091488744073,0.9897552045042597,693.2729999999999,13.90797692351688,721.0889538470336,665.4570461529662,0.4625574587174449,0.08024531129005051,13.859999999999989,11863651.7,0.8061141236880611,288555250.0,-0.012105879998856484,0.015654161663195932,-0.014767300976388188,0.018522884677728335,0.015350941622352288,-0.023853236922381615,47.662018046798075,61.26333059784639,1,1,0.010792980222514625,WIPRO.NS,IN,IT Services
2025-02-07,687.84,694.4,685.54,689.48,8611792,700.53,702.409,693.5805,701.5140000000001,697.8933205113194,696.6433801790708,50.5233597140669,28.65013774104672,1.2499403322485705,1.22343538554924,0.026504946699330567,693.5805,13.74358624575664,721.0676724915133,666.0933275084867,0.4254106619789385,0.0792616646271736,13.773571428571415,11864389.45,0.7258520390316386,279943458.0,-0.0024739941260725207,0.012850263967029011,0.0023842754128832314,0.019081543668799883,0.009000043902653188,-0.043133118685466765,44.85643970394003,51.359037461558245,1,1,0.005670940418866399,WIPRO.NS,IN,IT Services
2025-02-10,689.95,716.21,708.76,712.07,14010563,699.998,705.121,694.3235000000001,702.4204000000001,700.0743481249626,697.7860931053792,65.11997457492456,42.09055338177762,2.288255019583403,1.4363993123560725,0.8518557072273303,694.3235000000001,14.338913661774125,723.0013273235484,665.6456726764518,0.8094115150177074,0.08260652944486822,14.529285714285704,12161270.2,1.152064021070429,293954021.0,0.032763822010790866,0.010462454533949728,0.032060294224172683,0.0395941309584642,0.02131352103383488,-0.003721685111860329,81.91960623327454,58.146021328004224,0,0,-0.027848385692417987,WIPRO.NS,IN,IT Services
2025-02-11,715.23,733.63,706.87,718.76,12780200,702.232,706.205,696.085,703.1979999999999,702.9490637980454,699.3397162751211,68.31316945364878,53.69521364386575,3.6093475229242813,1.8709889544697147,1.7383585684545666,696.085,15.087585869456705,726.2601717389134,665.9098282610867,0.8757227994477815,0.0866996752950287,14.979999999999986,12509817.5,1.0216135429942488,306734221.0,0.009395143735868583,0.037230786354225,0.004935475301644278,0.01531246468527514,0.05154126373385215,0.015785977755479852,76.46407090730507,67.74670561483988,0,0,-0.0030469141298903324,WIPRO.NS,IN,IT Services
2025-02-12,724.35,730.0,726.09,727.83,5693566,707.8660000000001,708.9950000000001,697.5565,704.0664,706.7769001368076,701.4501082115423,68.71814378090532,67.92419411973077,5.326791925265297,2.5621495486288315,2.764642376636466,697.5565,16.67672385944002,730.9099477188801,664.20305228112,0.953828645455288,0.09562937975298694,15.145714285714275,12553784.4,0.45353380025119755,312427787.0,0.012618954866715049,0.005372133602619562,0.004804307309995463,0.039861128970039905,0.04213917525773203,0.04026241317211232,90.8198797073312,83.06785228263693,0,0,-0.025047057692043517,WIPRO.NS,IN,IT Services
2025-02-13,725.7,703.76,694.56,698.65,9931977,709.358,708.0519999999999,698.214,704.4214,705.526607808068,701.2426927384689,56.96178584941353,49.35014798610218,4.283915069599061,2.9065026528228777,1.3774124167761834,698.214,16.433822120051325,731.0816442401027,665.3463557598974,0.5066326627535008,0.09414776627239095,16.53928571428571,12224026.35,0.8124963005747856,302495810.0,-0.040091779673825045,0.013168253059453057,-0.03727435579435413,-0.013317704214213189,0.019183078045222457,0.010792980222514625,31.83943881465632,66.37446314309754,1,1,0.009303657052887715,WIPRO.NS,IN,IT Services
2025-02-14,694.41,695.12,692.0,693.39,19423383,710.1400000000001,705.335,698.1735,704.3106,703.6594373760576,700.6610116650538,52.714524636562444,51.47651006711405,2.9984257110037333,2.9248872644590493,0.073538446544684,698.1735,16.44522911939137,731.0639582387828,665.2830417612172,0.42728134151097324,0.09421858102244124,16.18,12711099.65,1.5280646054832394,283072427.0,-0.007528805553567608,0.004499632241589157,-0.0014688728560915208,-0.0377067836127456,-0.0011668107173725684,0.005670940418866399,16.32355999134286,46.327626171110126,1,1,0.04139084786339575,WIPRO.NS,IN,IT Services
2025-02-17,693.55,698.66,687.11,692.24,25482912,706.174,703.086,698.3729999999999,704.1030000000001,701.9026008566641,700.03723289429,44.13349296617781,51.86637814444143,1.86536796237408,2.7129834040420557,-0.8476154416679758,698.3729999999999,16.342389537313,731.057779074626,665.6882209253739,0.40617957082709333,0.09360264235467071,14.697142857142856,13245542.05,1.9238857858681753,257589515.0,-0.0016585182941778465,0.016684964752084926,-0.0018888328166650663,-0.031466427881857495,0.005797312023247292,-0.027848385692417987,13.932210438471031,20.698403081490074,1,1,0.05463423090257713,WIPRO.NS,IN,IT Services
2025-02-18,694.8,718.64,714.91,716.57,8842080,705.736,703.984,700.501,704.2042,704.1591238017927,701.2618825438627,55.54740632084282,52.973044397463,2.897241257929977,2.7498349748196405,0.14740628311033666,700.501,15.763728486283696,732.0284569725674,668.9735430274326,0.7548413596000966,0.09001402416990807,15.893571428571429,12423414.8,0.7117269632076549,266431595.0,0.035146769906390984,0.0052053532802026495,0.03133275762804946,0.012690965106912255,0.06314446373199223,-0.0030469141298903324,64.52484923966483,31.593539889826246,1,1,0.0075917216740861715,WIPRO.NS,IN,IT Services
2025-02-19,716.47,718.13,702.77,709.6,4794265,702.0899999999999,704.978,702.4195,704.3224,704.99618167844,701.8795209833768,50.51075268817204,43.97051079515538,3.116660695063274,2.8232001188683675,0.2934605761949065,702.4195,14.278793799485118,730.9770875989702,673.8619124010297,0.6257196528678993,0.08131205810467848,16.393571428571427,12357370.5,0.3879680237824039,261637330.0,-0.009726893394923053,0.021645997745178083,-0.009588677823203226,0.014206900494525998,0.05716371437510248,-0.025047057692043517,50.0311915148674,42.82941706433443,1,1,0.053565388951521964,WIPRO.NS,IN,IT Services
2025-02-20,706.0,710.73,700.68,705.15,6376702,703.3900000000001,706.374,703.7460000000001,704.0714,705.0198460356031,702.1217787280543,44.52653264189814,34.104289318755235,2.8980673075487857,2.8381735566044513,0.05989375094433447,703.7460000000001,13.138217615226706,730.0224352304535,677.4695647695467,0.5267159526617595,0.07467590645038438,16.039285714285718,11877589.55,0.5368683129087994,255260628.0,-0.006271138669673104,0.014252286747480417,-0.0012039660056640492,0.02019705146197137,0.03909404379476,0.009303657052887715,40.77770846245004,51.77791640566076,1,1,0.0597461533007162,WIPRO.NS,IN,IT Services
2025-02-21,704.91,723.27,721.16,722.09,6372489,709.13,709.635,706.0219999999999,704.3068000000001,707.6460235685872,703.6009064543574,52.42296549907822,69.83079526226734,4.045117114229811,3.0795622681295236,0.9655548461002872,706.0219999999999,12.08305973797049,730.1881194759409,681.855880524059,0.8324489067258909,0.06845712874643203,16.329285714285724,11863534.7,0.5371492244087065,261633117.0,0.02402325746295131,0.002922073425746225,0.02437190563330878,0.047296513314381894,0.06728054746737211,0.04139084786339575,76.00332709344981,55.60407569025576,1,1,0.05831683031201096,WIPRO.NS,IN,IT Services
2025-02-24,726.04,733.04,727.67,730.06,10506018,716.6940000000001,711.434,708.2775,704.8495999999999,711.0943276349584,705.5608395852486,57.3570820509462,79.66348487299784,5.533488049709831,3.570347424445586,1.963140625264245,708.2775,12.152662638710291,732.5828252774206,683.9721747225794,0.9481013882848041,0.06863221061628041,16.445714285714285,11836215.4,0.887616248719481,272139135.0,0.011037405309587411,0.007355559816991274,0.0055368850201014345,0.025264370075975595,0.06585882181181102,0.05463423090257713,92.57641921204863,69.78581825598285,1,1,0.05053009341697967,WIPRO.NS,IN,IT Services
2025-02-25,734.23,723.43,720.87,722.01,10634157,717.7819999999999,711.759,708.9820000000001,705.1636,712.7736618449647,706.7792960709451,57.3120460642544,71.66351331683887,5.994365774019684,4.055151094360406,1.939214679659278,708.9820000000001,12.533291078680598,734.0485821573612,683.9154178426389,0.7598678973753545,0.07071147689878106,16.314999999999998,11735997.55,0.9061143757554401,261504978.0,-0.011026490973344627,0.003545657262359801,-0.01664328616371353,0.004521676220156978,0.019903378912871528,0.0075917216740861715,75.8369723419456,81.47223954914801,1,1,0.03671694297862915,WIPRO.NS,IN,IT Services
2025-02-26,721.73,756.47,740.53,747.61,17468977,725.384,713.737,711.366,705.6754000000001,718.1330984842009,709.8037930229825,66.59802306425038,72.17776507573589,8.329305461218382,4.909981967732001,3.419323493486381,711.366,15.01069597600262,741.3873919520053,681.3446080479947,1.1036362347362025,0.08440491097961689,17.827857142857145,11403661.05,1.531874315759822,278973955.0,0.035456572623647986,0.021321277136446454,0.03585828495415756,0.027176675872113032,0.06812109782406828,0.053565388951521964,87.50881150306627,85.30740101902018,0,1,-0.011744091170530102,WIPRO.NS,IN,IT Services
2025-02-27,749.09,748.78,746.08,747.28,14537263,733.8100000000001,718.6,713.326,706.1192,722.6172371789393,712.5798086645558,67.14319610867241,79.74423744868955,10.037428514383464,5.935471277062295,4.1019572373211695,713.326,16.98805227210482,747.3021045442097,679.3498954557904,0.9996747045385881,0.09526108551815583,17.38785714285714,11655775.1,1.2472153613177248,264436692.0,-0.00044140661574887385,0.0036131035221019145,-0.002416265068279703,0.06960566807414303,0.055360976160885755,0.0597461533007162,86.75028834938357,83.36535739813182,0,1,-0.01199015094743594,WIPRO.NS,IN,IT Services
2025-02-28,746.0,768.46,760.79,764.2,5071686,742.232,725.6809999999999,715.508,706.4859999999999,729.0145853052563,716.4035269365501,65.9996316984838,88.94604933386098,12.611058368706267,7.2705886953910905,5.340469673315177,715.508,20.42173135605079,756.3514627121016,674.6645372878985,1.0960807038096323,0.11416633416270526,16.99142857142857,10722381.1,0.4729999316103462,269508378.0,0.022642115405203,0.010036639623122266,0.024396782841790414,0.10212146122672672,0.06056400577328769,0.05831683031201096,94.76336816109696,89.67415600451561,0,0,-0.03722847422140807,WIPRO.NS,IN,IT Services
2025-03-03,769.47,770.86,763.83,766.95,5692792,749.61,733.152,718.1189999999999,706.974,734.8508029506015,720.1477104848358,65.15694785179593,86.40051931191172,14.703092465765735,8.75708944946602,5.946003016299715,718.1189999999999,23.43324536680327,764.9854907336064,671.2525092663934,1.020958570127846,0.13052569485988044,15.582142857142856,10451061.0,0.5447094276160643,275201170.0,0.003598534415074628,0.009166177716918711,-0.003274981480755204,0.1079249971108287,0.07306255509073356,0.05053009341697967,95.33134328244384,92.28166659764146,0,0,-0.03657344025034237,WIPRO.NS,IN,IT Services
2025-03-04,771.64,749.91,747.41,748.52,8567419,754.912,736.347,720.1655000000001,707.2294,736.9537563428167,722.2493617463055,56.145666250816824,62.80521642619311,14.704394596511293,9.946550478875075,4.757844117636218,720.1655000000001,24.238747248107604,768.6429944962152,671.6880055037849,0.792450138913648,0.13462876101714913,16.175000000000004,10453774.0,0.8195526496409192,266633751.0,-0.024030249690331962,0.0033399241169196014,-0.02996215851947805,0.044587409464532435,0.05784423182916654,0.03671694297862915,73.32537313345279,87.80669485899789,1,0,0.015564046384866081,WIPRO.NS,IN,IT Services
2025-03-05,751.98,739.0,738.69,738.83,9241569,753.1560000000001,739.27,722.124,707.5862,737.2424092131527,723.4775572732983,63.497715667831244,61.40803038524147,13.764851939854339,10.710210771070928,3.0546411687834105,722.124,24.076625572266412,770.2772511445329,673.9707488554671,0.6734669996547397,0.13336560242968296,14.500714285714277,10680163.4,0.8653021296189036,257392182.0,-0.01294554587719754,0.0004195823125746462,-0.017487167211870647,0.04119222096956032,0.0559843352485494,-0.011744091170530102,61.75522387985967,76.80398009858544,1,1,0.03822259518427784,WIPRO.NS,IN,IT Services
2025-03-06,740.38,739.61,737.29,738.32,8047061,751.3639999999999,742.587,724.4805,708.1466,737.4081924111292,724.5769975588195,65.59095010063156,40.448282952909786,12.83119485230975,11.134407587318693,1.6967872649910571,724.4805,23.17931279917168,770.8391255983433,678.1218744016567,0.6492656417303854,0.12797756626514958,14.191428571428569,10604343.55,0.7588456751907405,249345121.0,-0.0006902805787528665,0.003142268934874997,-0.002782355006884523,0.0470396369566759,0.06818675038701372,-0.01199015094743594,61.146268655986354,65.40895522309961,1,1,0.01802741358760418,WIPRO.NS,IN,IT Services
2025-03-07,740.14,739.67,732.61,735.75,7550146,745.674,743.9530000000001,726.794,708.5089999999999,737.1530858863401,725.404627427508,64.95086248367807,38.6671908787105,11.748458458832147,11.257217761621385,0.49124069721076147,726.794,21.7682183590217,770.3304367180434,683.2575632819565,0.6028563735865572,0.11980406199826507,13.870714285714282,10551261.25,0.7155680354736704,241794975.0,-0.003480875501137737,0.009595650696555012,-0.005931310292639305,0.01891730947665793,0.06710854557057488,-0.03722847422140807,49.97150185166757,57.624331462504536,1,1,0.028936459395174863,WIPRO.NS,IN,IT Services
2025-03-10,725.45,743.52,735.2,738.9,16839912,740.0640000000001,744.837,728.1355,709.1638,737.4218419038262,726.4042847202244,58.980133515643814,15.90296495956865,11.017557183601866,11.209285646017483,-0.19172846241561636,728.1355,21.639410799200903,771.4143215984018,684.8566784015982,0.6243622122993887,0.11887573562432369,12.579285714285707,10692728.7,1.574893640115115,258634887.0,0.004281345565749106,0.011259981052901174,0.018540216417370445,0.012108593814207147,0.037678879885404415,-0.03657344025034237,54.459960101817316,55.19257686982376,1,1,0.019407226958993107,WIPRO.NS,IN,IT Services
2025-03-11,746.02,767.02,754.69,760.17,20367899,742.394,748.653,730.2059999999999,710.067,740.9215585340067,728.9054489658954,68.23919786481999,43.90507011866228,12.016109568111347,11.370650430436257,0.6454591376750898,730.2059999999999,22.65250965531051,775.5110193106209,684.9009806893789,0.8306918356410987,0.12408832387178126,13.490714285714278,11072113.65,1.8395672049873508,279002786.0,0.028786033292732327,0.016220056040074864,0.01896731991096889,0.05285245356712509,0.05761311146975334,0.015564046384866081,84.76774009568577,63.06640068305689,0,0,-0.011050159832668993,WIPRO.NS,IN,IT Services
2025-03-12,756.35,769.44,765.17,767.07,5101218,748.042,750.5989999999999,732.1679999999999,711.2710000000001,744.9443956826211,731.7324529040956,71.94499574709386,71.03651621682928,13.211942778525554,11.738908900054117,1.473033878471437,732.1679999999999,24.089643898522358,780.3472877970446,683.9887122029552,0.8622095883418063,0.1316071934227634,13.434999999999993,11042496.25,0.4619623518584077,284104004.0,0.009076917005406804,0.005566636682433844,0.014173332451888482,0.026029614371129384,0.0539136886360827,0.03822259518427784,92.41848369489068,77.21539463079793,0,0,-0.061689285202132904,WIPRO.NS,IN,IT Services
2025-03-13,770.28,755.76,748.33,751.63,12108321,750.7040000000001,751.034,734.817,711.8151999999999,745.972950192987,733.2063453577931,60.581745235707096,62.841091492776805,12.766604835193903,11.944448087082076,0.8221567481118264,734.817,23.10260525294493,781.0222105058899,688.6117894941101,0.6819383551685675,0.12575977557902723,13.479285714285709,11151313.45,1.0858200667097142,271995683.0,-0.02012854107187101,0.009885182869217654,-0.02421197486625093,0.005821111230061016,0.07583196164030626,0.01802741358760418,61.53230646006134,79.57284341687927,0,1,-0.03899525032263207,WIPRO.NS,IN,IT Services
2025-03-14,751.75,759.68,754.93,757.04,5280515,754.9620000000001,750.318,737.9995,712.762,747.6755732402198,734.9718013417543,59.84527806159684,67.09901351845073,12.703771898465561,12.096312849358775,0.6074590491067866,737.9995,21.418113700169556,780.8357274003391,695.1632725996609,0.7222476295744822,0.11608741577814366,13.272142857142853,10444170.05,0.5055944578770567,277276198.0,0.007197690352966246,0.0062744372820375755,0.00703691386763276,-0.009369275058885185,0.09179538210819316,0.028936459395174863,72.35447089273137,75.43508701589447,0,0,-0.031174046285532997,WIPRO.NS,IN,IT Services
2025-03-17,757.2,757.48,749.84,753.24,6899763,757.83,748.9469999999999,741.0495000000001,713.6770000000001,748.5316388955706,736.3250013023629,61.76093997137907,65.62444166517778,12.206637593207688,12.11837779812856,0.08825979507912862,741.0495000000001,18.73396478534767,778.5174295706954,703.5815704293047,0.6626791250412695,0.10112125997155323,13.161428571428571,9515012.6,0.7251448384687543,270376435.0,-0.005019549825636682,0.010142849556568748,-0.005229793977806136,-0.01787600234695874,0.08811972726222117,0.019407226958993107,53.93464052146575,62.60713929141949,0,0,-0.040783813923849,WIPRO.NS,IN,IT Services
2025-03-18,749.41,753.84,750.11,751.77,5131593,756.15,749.272,742.8095000000001,714.7403999999999,749.0298482962521,737.4690753269339,51.91458026509571,61.85301160434702,11.560772969318236,12.006856832366497,-0.4460838630482602,742.8095000000001,17.950221366461136,778.7099427329224,706.9090572670777,0.6247965110909054,0.09666123745825543,10.966428571428569,9329488.25,0.5500400785605707,265244842.0,-0.00195156922096551,0.00496162390092057,0.003149143993270526,0.004341901352001187,0.04912290494996996,-0.011050159832668993,50.0915032666642,58.793538226953785,0,0,-0.053247668834882966,WIPRO.NS,IN,IT Services
2025-03-19,750.07,720.8,718.91,719.75,7653620,746.6859999999999,747.364,743.317,715.4226,744.5252562506749,736.1565511787501,40.19097840803821,18.926814268142763,8.368705071924865,11.27922648027817,-2.910521408353306,743.317,17.08449130520392,777.4859826104079,709.1480173895922,0.15514044903144622,0.09193650248914496,13.120714285714289,9472456.0,0.8079867768204173,257591222.0,-0.04259281429160511,0.0026259117749181807,-0.0404228938631856,-0.02582461459334362,0.01430383314543393,-0.061689285202132904,1.6169393647427561,35.21436105095758,0,1,-0.01954845432441832,WIPRO.NS,IN,IT Services
2025-03-20,717.11,724.08,720.91,722.32,4762132,740.8240000000001,745.7639999999999,744.1754999999999,716.2542,741.1090629813403,735.1316214257315,33.37831401809812,13.144457255806316,5.977441555608834,10.218869495344304,-4.24142793973547,744.1754999999999,15.41552651164631,775.0065530232926,713.3444469767073,0.14556027353924955,0.08285962927629621,11.91714285714286,9391727.5,0.5070559695161546,262353354.0,0.0035706842653699944,0.004388636615344562,0.007265273110112495,-0.021670820240546118,0.02434942919946126,-0.03899525032263207,6.56400384972943,19.42414882704547,0,0,-0.0371442020157271,WIPRO.NS,IN,IT Services
2025-03-21,719.11,738.22,729.62,733.44,11236277,736.104,745.533,744.743,717.2564,739.9292071380573,735.006316130853,37.52884257536287,33.8712537683987,4.9228910072043846,9.159673797716321,-4.236782790511937,744.743,14.754430592366248,774.2518611847325,715.2341388152676,0.30848125704429924,0.07924575641447552,12.550714285714289,9634916.9,1.1662037099454683,273589631.0,0.01539483885258619,0.01172556719021092,0.019927410271001814,-0.0031396534148826483,0.015718262266476435,-0.031174046285532997,28.755194933133804,12.312046049202005,0,0,-0.03793084642233868,WIPRO.NS,IN,IT Services
2025-03-24,732.15,723.94,721.39,722.52,30186443,729.96,743.895,744.366,717.7625999999999,737.2508675783562,734.0814037969541,39.75086723431096,22.11631663974157,3.1694637814021007,7.961631794453477,-4.792168013051376,744.366,15.237764513474797,774.8415290269496,713.8904709730504,0.14158128344838442,0.08188318388241454,12.015714285714287,10618938.15,2.8426985571341183,243403188.0,-0.01488874345549751,0.003529314067425869,-0.013153042409324377,-0.02216808769792933,-0.010327918253294155,-0.040783813923849,7.1442707301178805,14.15448983766038,0,0,-0.017757293915739214,WIPRO.NS,IN,IT Services
2025-03-25,723.62,723.52,702.32,711.74,5039592,721.954,739.052,743.8525,718.3268,733.3261187201476,732.4264849509408,39.41217853513641,19.875145180023267,0.8996337692068437,6.54923218940415,-5.649598420197306,743.8525,16.175015455933636,776.2025309118673,711.5024690881327,0.003671262517658544,0.08697969264558177,12.827857142857145,10339209.9,0.48742520572822434,238363596.0,-0.01492000221447154,0.029786157866594748,-0.0164174566761333,-0.0637094334162095,-0.014224179720502494,-0.053247668834882966,14.034564958074512,16.64467687377541,0,0,-0.0006322533509428574,WIPRO.NS,IN,IT Services
2025-03-26,712.75,705.69,705.67,705.68,30068613,719.14,732.913,741.7560000000001,718.4723999999999,729.0728696862788,730.4452637922083,37.773449205873526,18.63345583231255,-1.3723941059295157,4.964906930337417,-6.337301036266933,741.7560000000001,18.246998426553475,778.2499968531071,705.2620031468931,0.005726926195335723,0.09839892593536897,13.095714285714289,10969191.7,2.7411874166455297,208294983.0,-0.008514345126029221,2.834145788468875e-05,-0.00991932655207314,-0.08003180935247123,-0.05608539211621044,-0.01954845432441832,5.0059594754914185,8.72826505456128,0,1,-0.016848996712390818,WIPRO.NS,IN,IT Services
2025-03-27,703.9,696.81,694.44,695.49,4962499,713.774,727.299,739.1665,718.6722,723.9062743499281,727.855984930761,35.73352232459251,26.51045701006977,-3.949710580832857,3.181983428103362,-7.131694008936218,739.1665,20.903316351081443,780.973132702163,697.3598672978371,-0.022363285165011803,0.11311831015638926,13.394285714285713,10490453.5,0.4730489989733047,203332484.0,-0.014439972792200328,0.0034076694129268332,-0.011947719846552097,-0.07469100488272151,-0.06930467829996789,-0.0371442020157271,1.3999999999812727,6.813508144515744,0,1,-0.00020129692734616178,WIPRO.NS,IN,IT Services
2025-03-28,700.93,708.82,703.07,705.62,16694688,708.2099999999999,722.157,736.2375000000001,718.9005999999999,721.0930013730161,726.208874899357,38.76283090221504,35.895270270270245,-5.11587352634092,1.5224120372145054,-6.638285563555425,736.2375000000001,21.31114703993211,778.8597940798643,693.6152059201358,0.1408276389021805,0.11578408891100038,13.752142857142863,11071603.6,1.5078833288537057,220027172.0,0.014565270528692054,0.008148861993696114,0.006691110381911694,-0.06792243474585224,-0.07665532583093437,-0.03793084642233868,14.906666666467844,7.104208713980188,1,0,0.015036421870128436,WIPRO.NS,IN,IT Services
2025-03-31,706.25,717.71,703.27,709.69,6961096,705.644,717.8019999999999,733.3745,719.3294000000001,719.3386934694752,724.9852545113123,30.71515892420544,27.229146692233982,-5.646561041837117,0.08861742140418055,-5.735178463241297,733.3745,20.808287183861047,774.9910743677221,691.7579256322779,0.21544390233876232,0.11349337716995993,12.77500000000001,11135018.8,0.6251534460675139,226988268.0,0.005767977098154908,0.020346912031985385,0.004870796460170172,-0.057816897668737655,-0.07465936501727621,-0.017757293915739214,20.33333333306222,12.213333333170453,1,0,0.0030717637278248056,WIPRO.NS,IN,IT Services
2025-04-01,710.41,716.71,706.96,711.29,9666219,705.554,713.754,731.513,720.075,718.1004329357098,723.9707911948874,27.791049530179933,36.89003035255658,-5.8703582591775785,-1.1031777147121715,-4.767180544465407,731.513,21.045998269448287,773.6049965388966,689.4210034611035,0.25977618474842235,0.11508201915437997,12.809285714285718,11189958.8,0.8638296448571692,236654487.0,0.002254505488311631,0.013707489209726403,0.0012387213017817271,-0.05384625616877503,-0.0497381499492332,-0.0006322533509428574,25.82771305907673,20.355904352868944,0,1,-0.03135148814126443,WIPRO.NS,IN,IT Services
2025-04-02,715.08,695.86,692.14,693.79,6901645,703.176,711.158,729.261,720.5262000000001,714.3603663302159,721.7351769929403,27.34252585396426,31.886982845610433,-7.3748106627243715,-2.3575043043146118,-5.01730635840976,729.261,22.57595714587455,774.4129142917491,684.1090857082509,0.10720380789492855,0.12382923066415781,12.838571428571429,11072962.6,0.6232879696272099,229752842.0,-0.024603185761082003,0.005361853010269196,-0.02977289254345011,-0.03606807919416466,-0.060961249543196816,-0.016848996712390818,2.442996742634806,16.20134771159126,0,1,-0.005087994926418649,WIPRO.NS,IN,IT Services
2025-04-03,696.0,706.97,686.05,695.35,6665704,703.1479999999999,708.461,727.1125,720.8608,711.4356945871058,719.7807194060445,25.08280151870106,38.5349611542731,-8.345024818938668,-3.555008407239424,-4.790016411699245,727.1125,23.68585228958311,774.4842045791662,679.7407954208337,0.16475240565721996,0.1303008945083494,13.757857142857151,11003894.75,0.6057585560095842,236418546.0,0.002248519004309779,0.030085568418738745,-0.000933908045975637,-0.03733802192933888,-0.05819969660851665,-0.00020129692734616178,13.019739605025705,13.763483135579088,0,0,-0.015258502912202543,WIPRO.NS,IN,IT Services
2025-04-04,694.71,721.38,712.11,716.23,6463852,705.2700000000001,706.74,726.1365,721.6540000000001,712.1732800352432,719.5177031497745,36.86377511180522,68.60423394330823,-7.34442311453131,-4.312891348697802,-3.031531765833508,726.1365,23.713357611486995,773.5632152229739,678.709784777026,0.3955599185625584,0.13062754791394904,15.07142857142858,10949580.05,0.590328704859443,242882398.0,0.03002804343136556,0.012942769780638956,0.030976954412587993,-0.02346476876090753,-0.02653075093442059,0.015036421870128436,44.519840683810045,19.994192343823528,0,0,-0.0655096826438436,WIPRO.NS,IN,IT Services
2025-04-07,711.65,716.88,707.87,711.87,11124915,705.706,705.675,724.7850000000001,722.1923999999999,712.1266215682828,718.9512066122437,36.122704507512545,56.25375225135081,-6.824585043960951,-4.815230087750432,-2.009354956210519,724.7850000000001,23.717901633459963,772.22080326692,677.3491967330801,0.3638686486693226,0.13089620581787564,15.448571428571436,10663830.2,1.0432381000179374,231757483.0,-0.00608743001549783,0.01265680531555949,0.00030914072929068807,-0.01474007639926922,-0.036581404790905325,0.0030717637278248056,49.49204523577745,35.67720850820441,0,0,-0.052256732268532224,WIPRO.NS,IN,IT Services
2025-04-08,709.24,692.18,686.44,688.99,7313579,701.246,703.4,721.226,721.8138,708.5671413270085,716.7318579455774,38.575248848610926,34.95202093631866,-8.164716618568946,-5.485127393914135,-2.6795892246548103,721.226,23.467886770509207,768.1617735410184,674.2902264589816,0.15659455924397744,0.13015552279300344,14.917857142857144,10011114.2,0.7305458836394172,224443904.0,-0.03214069984688217,0.008331035283518723,-0.028551689131988394,-0.031963919408772856,-0.09363694962968805,-0.03135148814126443,5.635422656591329,33.21576952539295,0,0,-0.016633042569558443,WIPRO.NS,IN,IT Services
2025-04-09,691.58,694.92,686.54,690.26,8389324,700.5400000000001,701.858,717.3855000000001,721.6203999999999,705.7506580459302,714.770979555741,37.97629762976296,34.63842220598981,-9.020321509810742,-6.192166217093457,-2.828155292717285,717.3855000000001,21.796093922144088,760.9776878442883,673.7933121557119,0.1888720050358385,0.12153071910214926,15.207142857142856,10175519.5,0.8244614120722374,232833228.0,0.001843277841478086,0.0121403529104799,-0.0019086728939502896,-0.0218512640290216,-0.10013427718461165,-0.005087994926418649,8.069771899404511,21.06574659725777,0,0,-0.0015791151160432504,WIPRO.NS,IN,IT Services
2025-04-10,691.93,693.73,677.56,684.74,6644298,698.418,700.7830000000001,714.0409999999999,721.1536,702.5182491157871,712.5464625269299,30.934857500782954,41.986895696830224,-10.028213411142815,-6.9593756559033295,-3.0688377552394854,714.0409999999999,21.393129467677973,756.8272589353559,671.254741064644,0.157588665973026,0.11984258308779472,15.226428571428576,9902318.35,0.6709840154771417,226188930.0,-0.00799698664271431,0.023614802698800213,-0.01039122454582046,-0.0154567283497965,-0.08899325465987251,-0.015258502912202543,15.480810693931089,9.72866841664232,1,0,0.016356573297894084,WIPRO.NS,IN,IT Services
2025-04-11,675.31,677.94,662.4,669.31,6217074,689.0339999999999,697.1519999999999,709.6545,720.1286,697.4092877133583,709.3437615661059,29.87975497239657,31.489906170031233,-11.934473852747601,-7.9543952952721835,-3.9800785574754176,709.6545,21.10471947094208,751.8639389418842,667.4450610581158,0.02209149172096048,0.11895771517498922,15.961428571428574,9949146.3,0.624885109500791,219971856.0,-0.02253410053450955,0.023217940864437795,-0.008884808458324497,-0.05145829199852625,-0.11588555426397551,-0.0655096826438436,11.305628272066283,11.618736955133969,1,1,0.09230401458218185,WIPRO.NS,IN,IT Services
2025-04-14,670.45,677.62,672.31,674.67,5484245,681.5939999999999,693.65,705.7259999999999,719.3274,693.910935757457,706.775334758999,35.383644822963475,12.094126231302425,-12.864399001541983,-8.936396036526146,-3.9280029650158372,705.7259999999999,19.839264205366387,745.4045284107326,666.0474715892672,0.10865484124521889,0.11244740426362783,15.040714285714298,9878370.4,0.5551770406202787,225456101.0,0.008008247299457594,0.007870514473731141,0.006294279961210559,-0.04934548887542456,-0.10430938346343799,-0.052256732268532224,20.803662258039914,15.863367074679104,1,1,0.0996931833340744,WIPRO.NS,IN,IT Services
2025-04-15,677.45,689.41,668.02,677.53,11017581,679.302,690.274,702.014,718.7262,691.3907917947713,704.6090136466589,38.61338079443412,17.798199549887485,-13.21822185188762,-9.792761199598441,-3.4254606522891784,702.014,17.588449080360917,737.1908981607219,666.8371018392781,0.15198750770625663,0.10021708444752314,16.13500000000001,10172669.8,1.0830568703746906,236473682.0,0.004239109490565829,0.031570557761233325,0.00011808989593299748,-0.04746306007395018,-0.0987536081514293,-0.016633042569558443,25.65276364825952,19.254018059455248,1,1,0.09357519224240995,WIPRO.NS,IN,IT Services
2025-04-16,685.73,690.65,687.98,689.17,13133054,679.084,689.812,700.485,718.5164,691.0491315186525,703.4653829968388,47.473212857828216,50.21387832699614,-12.416251478186268,-10.317459255316008,-2.0987922228702605,700.485,17.292169052092277,735.0693381041846,665.9006618958155,0.3364143913026428,0.09874397911200149,16.26928571428573,10446641.5,1.2571554927815325,249606736.0,0.017180051067849478,0.003874225517645987,0.005016551704016048,-0.006659075512763235,-0.04248697464397366,-0.0015791151160432504,45.38826720845387,30.614897704917777,1,1,0.06565869088904042,WIPRO.NS,IN,IT Services
2025-04-17,689.11,698.87,693.6,695.94,12697830,681.324,689.871,699.166,718.6114,691.8015728234752,702.9079472150859,46.02300739523421,55.968894493484704,-11.106374391610643,-10.475242282574936,-0.6311321090357076,699.166,16.52821778528226,732.2224355705646,666.1095644294355,0.451204660382019,0.0945596198056463,16.010000000000016,10843426.4,1.171016278487741,262304566.0,0.00982341076947657,0.007572491881473129,0.009911334910232227,0.0008484935643919833,-0.036521209436260915,0.016356573297894084,56.86673448530248,42.635921780671964,1,1,0.0516998591832627,WIPRO.NS,IN,IT Services
2025-04-18,695.58,738.32,725.3,731.09,13209252,693.6800000000001,691.357,699.0485000000001,719.4436000000001,697.8459462352482,704.9955066952315,57.00353449404371,80.01554202823465,-7.149560459983263,-9.810105918056601,2.6605454580733383,699.0485000000001,16.278200235116994,731.604900470234,666.4920995297662,0.992092177516724,0.09314489758632588,18.005714285714298,10942075.15,1.207197959411021,275513818.0,0.050507227634566165,0.01780902488063342,0.05105092153303565,0.02074752523630674,-0.00320407940663181,0.09230401458218185,90.47681770165335,64.24393979846991,0,1,-0.014580968143457107,WIPRO.NS,IN,IT Services
2025-04-21,733.7,745.53,739.05,741.93,10716644,707.132,694.363,700.019,720.0408,704.6281083529024,707.7313951058898,59.45562276262189,100.0,-3.103286752987401,-8.468742085042761,5.36545533205536,700.019,18.21464214364025,736.4482842872806,663.5897157127195,1.0752377629548724,0.10408084434059221,18.34071428571429,9968585.2,1.0750415139109697,286230462.0,0.014827175860701036,0.008733977598953115,0.011217118713355168,0.04222681107505566,0.026864308254442637,0.0996931833340744,95.66943341638792,81.00432853444792,0,0,-0.014704891297022571,WIPRO.NS,IN,IT Services
2025-04-22,741.57,744.03,738.44,740.93,10861745,719.8120000000001,699.557,701.4784999999999,720.4842000000001,710.2130147601481,710.1905510387136,66.19708631115996,98.53501318488134,0.022463721434519357,-6.770500923747305,6.792964645181824,701.4784999999999,20.258092411619433,741.9946848232388,660.9623151767611,0.9868609935897142,0.1155165406300581,17.372142857142858,10259692.85,1.0586812003167132,275368717.0,-0.0013478360492229502,0.007544572361751278,-0.0008630338336222299,0.07538570951682888,0.041012167364486984,0.09357519224240995,94.46649825460761,93.53758312421628,0,0,-0.015251103343095762,WIPRO.NS,IN,IT Services
2025-04-23,742.45,734.69,734.2,734.42,10525731,728.862,703.9730000000001,702.9155,720.6160000000001,713.9371663355099,711.9853250458078,62.982654349704234,89.55638993185927,1.951841289702088,-5.026032481057426,6.977873770759514,702.9155,21.54994968243784,746.0153993648756,659.8156006351243,0.8654822918775671,0.1226318081328819,16.35857142857142,9282548.75,1.1339266993963593,264842986.0,-0.008786255111818964,0.0006671931592267938,-0.010815543134203342,0.0639758931417147,0.040726674980160915,0.06565869088904042,86.63539035141781,92.25710734080445,1,0,0.027994880313717108,WIPRO.NS,IN,IT Services
2025-04-24,735.02,746.79,720.03,731.92,17560448,736.058,708.691,704.737,721.2814,716.7037561300468,713.4619676425963,55.93913240972063,84.0528915086825,3.241788487450549,-3.3724682873558307,6.61425677480638,704.737,22.411665219134075,749.5603304382681,659.9136695617318,0.8032237869588237,0.12720583831473176,16.410714285714278,9912446.2,1.7715552623574127,247282538.0,-0.0034040467307535627,0.03656137282758147,-0.004217572310951818,0.06890206501737883,0.05238033616586857,0.0516998591832627,82.3794288413037,87.82710581577639,1,0,0.03187506831347697,WIPRO.NS,IN,IT Services
2025-04-25,730.55,723.56,717.93,720.43,13956530,733.9259999999999,713.803,705.4775,721.8222000000001,717.2770244177319,713.9781181900454,53.07427093808359,68.14342865609714,3.2989062276865297,-2.038193384347358,5.337099612033888,705.4775,22.68537179375417,750.8482435875083,660.1067564124917,0.6647812975612328,0.1286242115090672,16.766428571428566,9775538.3,1.4276992370129389,233326008.0,-0.015698436987648945,0.007814777285776802,-0.013852576825660328,0.07637716454258858,0.020988634109010418,-0.014580968143457107,68.76407157164633,79.25963025478929,1,1,0.03184209430479035,WIPRO.NS,IN,IT Services
2025-04-28,719.17,732.42,729.9,731.02,4939380,731.7439999999999,719.438,706.5440000000001,722.5978,719.3913283534655,715.2404798111598,66.55636965256438,49.91847193105049,4.150848542305653,-0.8003849990167555,4.9512335413224084,706.5440000000001,23.384454440364557,753.3129088807292,659.775091119271,0.7616695640864463,0.13238781698142763,15.806428571428569,9674452.5,0.5105590718896938,238265388.0,0.014699554432769268,0.0034472381056558435,0.01647732803090166,0.08352231461307014,0.03005537629105648,-0.014704891297022571,81.31295177057338,77.48548406117447,1,1,0.01861782167382553,WIPRO.NS,IN,IT Services
2025-04-29,730.99,738.2,722.77,729.63,5374906,729.484,724.6479999999999,707.461,722.859,720.9665086067785,716.3063701998669,65.49390003935457,31.630824372759946,4.660138406911528,0.29171968216890154,4.368418724742627,707.461,23.933507209939368,755.3280144198787,659.5939855801213,0.7315686518988516,0.1353205743350123,16.310000000000002,9459886.85,0.5681786174663794,232890482.0,-0.0019014527646302737,0.021147705001136077,-0.0018604905675838974,0.07689696397207513,0.025784138677613866,-0.015251103343095762,79.66583718355655,76.58095350859209,1,1,0.011978674122500532,WIPRO.NS,IN,IT Services
2025-04-30,728.81,759.25,751.57,754.98,5186893,733.596,731.229,710.5205,723.7665999999999,726.1993534365048,719.171083529217,73.9106753812636,62.1476742175342,7.028269907287836,1.6390297271926888,5.389240180095147,710.5205,25.92234445110808,762.3651889022161,658.6758110977838,0.9287758393432158,0.14593439289124854,17.270714285714284,9374149.25,0.5533187394772129,238077375.0,0.034743637185971066,0.010172454899453995,0.03590784978247303,0.09549167839575157,0.08819671658571049,0.027994880313717108,95.59112028811988,85.52330308074994,0,0,-0.018623009881056585,WIPRO.NS,IN,IT Services
2025-05-01,755.87,761.29,750.42,755.25,10552845,738.262,737.16,713.5155,724.7686,730.6686836770426,721.8435958697339,82.62222897054359,70.18802093428963,8.825087807308705,3.0762413432158926,5.7488464640928125,713.5155,27.49026095010817,768.4960219002163,658.5349780997836,0.8795389581319732,0.154111639901696,16.45142857142857,9568506.3,1.1028726497392127,248630220.0,0.0003576253675594554,0.014392585236657547,-0.0008202468678465666,0.08522286404000345,0.08614366865607237,0.03187506831347697,93.524177119186,89.59371153028748,0,0,-0.00022509102946044468,WIPRO.NS,IN,IT Services
2025-05-02,749.89,752.35,736.19,743.37,11052745,742.85,738.388,714.8725000000001,725.1942,732.622732342113,723.438144328992,74.8480902777778,59.38986386747584,9.184588013120901,4.297910677196895,4.8866773359240065,714.8725000000001,28.28954444666394,771.4515888933279,658.2934111066722,0.7518377421468934,0.15829141250572282,17.2192857142857,9797950.95,1.1280668711587223,237577475.0,-0.01572989076464748,0.0217388379945091,-0.008694608542574627,0.016796837598654024,0.037892855646929124,0.03184209430479035,80.78696258088577,89.96741999606388,1,0,0.024388931487684395,WIPRO.NS,IN,IT Services
2025-05-05,745.59,748.19,741.79,744.63,9344406,745.572,738.658,716.5105,725.4856,734.4700042894801,725.0079114204407,74.55357142857144,73.84706346078049,9.462092869039452,5.330747115565407,4.131345753474045,716.5105,29.04488458901572,774.6002691780315,658.4207308219685,0.7420348746186125,0.16214631656605286,16.148571428571422,9708925.5,0.9624551179782852,246921881.0,0.0016949836555146813,0.008594872621290434,-0.0012875709169902342,0.0036391573329019877,0.04601963841712675,0.01861782167382553,77.27458736765418,83.86190902257532,1,1,0.007225064797281799,WIPRO.NS,IN,IT Services
2025-05-06,742.89,739.53,737.45,738.37,21618372,747.3199999999999,738.4019999999999,718.9795,725.8128,735.0700036295601,725.9976957624157,68.74142922444005,57.91855203619913,9.072307867144445,6.079059265881215,2.9932486012632307,718.9795,28.678840260442392,776.3371805208848,661.6218194791153,0.6690314167452307,0.15955303460197395,15.724285714285704,10424165.15,2.0738706280118144,225303509.0,-0.00840685978271083,0.00281701585925364,-0.006084346269291413,-0.0034551172175508738,0.07167012583636923,0.011978674122500532,66.1397547633899,74.73376823730995,1,1,0.029592209867681518,WIPRO.NS,IN,IT Services
2025-05-07,734.57,747.08,736.0,740.92,7301910,744.508,739.0519999999999,721.5125,725.679,735.9700030711663,727.1030516347082,67.70308564231736,61.86672272440611,8.866951436458066,6.636637699996586,2.23031373646148,721.5125,28.242647645934046,777.9977952918681,665.027204708132,0.6717924983754323,0.15657468246714995,15.822857142857133,10369794.45,0.7041517872948979,232605419.0,0.003453553096685935,0.014954381039768243,0.008644513116505253,0.00885052149995924,0.0733926346594036,-0.018623009881056585,53.02121771095432,65.4785199473328,1,1,0.013240295848404804,WIPRO.NS,IN,IT Services
2025-05-08,744.17,758.65,752.23,755.08,11343547,744.4739999999999,741.368,725.0295,725.835,738.9100025986792,729.1754181852187,61.31070249882132,50.13743815283125,9.734584413460425,7.256227042689354,2.4783573707710707,725.0295,27.79858979289103,780.6266795857821,669.4323204142179,0.7702520183857908,0.15336528951085554,14.062142857142849,10604756.9,1.0696658148131792,243948966.0,0.0191113750472387,0.008502410340614844,0.014660628619785026,0.03164280249207585,0.10272512194409567,-0.00022509102946044468,85.67804427846703,68.27967225093708,0,1,-0.003761190867192954,WIPRO.NS,IN,IT Services
2025-05-09,754.62,761.69,761.35,761.5,15695572,748.1,745.475,729.639,725.7810000000001,742.385386814267,731.5698316582581,59.62806257994689,57.34775452621679,10.81555515600894,7.968092665353272,2.8474624906556683,729.639,25.63196522025491,780.9029304405099,678.3750695594902,0.8107545571068034,0.14051861383626585,13.50285714285714,11078681.8,1.416736292874095,259644538.0,0.008502410340626154,0.0004464871963225021,0.009117171556532928,0.05700762044889873,0.13773886539869418,0.024388931487684395,99.565813526061,79.42169183849411,0,0,-0.007537754432042076,WIPRO.NS,IN,IT Services
2025-05-12,760.5,754.21,746.65,750.01,6022376,749.176,747.374,733.4060000000001,725.4422,743.5584042274567,732.9357700567305,54.04923296468071,57.87850023730421,10.6226341707262,8.49900096642786,2.1236332042983417,733.4060000000001,22.46931952685069,778.3446390537015,688.4673609462986,0.6847407971063999,0.12254778132068771,14.16428571428572,11105588.35,0.5422833323114005,253622162.0,-0.015088640840446477,0.010079865601778615,-0.013793556870461823,0.025977401439085224,0.11166940874798059,0.007225064797281799,73.30895795079267,86.18427191844023,1,1,0.019279742936760824,WIPRO.NS,IN,IT Services
2025-05-13,745.5,760.64,759.89,760.22,6073196,753.546,750.4330000000001,737.5405,725.6762000000001,746.1217266540018,734.9568241304214,61.13797271628391,65.25738892151108,11.164902523580395,9.032181277858367,2.1327212457220277,737.5405,18.984089591847177,775.5086791836943,699.5723208163056,0.7986645723709243,0.10295889970420033,14.442857142857154,10858369.1,0.5593100938786384,259695358.0,0.013613151824642289,0.000986556523110433,0.019745137491589917,0.04192535942875164,0.12204625625433563,0.029592209867681518,96.64076782228878,89.83851309971415,1,0,0.018613033069374563,WIPRO.NS,IN,IT Services
2025-05-14,764.01,750.97,750.54,750.73,3764650,755.508,750.008,740.6184999999999,725.9141999999999,746.8306917841555,736.1252075302123,57.65817115870045,61.37702503681885,10.705484253943268,9.366841873075348,1.3386423808679204,740.6184999999999,15.376491720521653,771.3714834410432,709.8655165589566,0.6643986837686904,0.08304676008228734,13.22285714285716,10389948.9,0.3623357221385639,255930708.0,-0.012483228539107105,0.0005727758315233052,-0.01738197144014161,-0.005629288193064741,0.08932484002495755,0.013240295848404804,74.95429615916464,81.63467397741537,1,1,0.025028971800780564,WIPRO.NS,IN,IT Services
2025-05-15,749.84,754.98,750.04,752.24,10036717,754.94,749.707,743.4334999999999,726.1926,747.6628930481315,737.3188958632416,64.09642825489676,60.62312312312315,10.343997184889986,9.562272935438276,0.7817242494517096,743.4334999999999,11.40798394245288,766.2494678849056,720.6175321150941,0.6929898403550357,0.061379983239590444,12.576428571428591,10256893.25,0.9785337311048128,265967425.0,0.0020113755944213274,0.0065670530681610755,0.003200682812328999,-0.003985435286328998,0.08089777854412739,-0.003761190867192954,75.71942445848607,82.43816281331317,1,1,0.01873072423694566,WIPRO.NS,IN,IT Services
2025-05-16,756.74,758.23,753.79,755.76,12739888,753.792,750.946,744.6669999999999,726.5928,748.9086018099575,738.6849035791248,61.696293494704996,50.797373358348906,10.223698230832724,9.694557994517167,0.5291402363155573,744.6669999999999,11.336596583849278,767.3401931676984,721.9938068323014,0.744628092682136,0.060894851437402406,12.147857142857163,10233425.05,1.2449289160593484,278707313.0,0.004679357651813154,0.005874880914568355,-0.0012950286756332732,0.016667339279228255,0.03374413546895716,-0.007537754432042076,84.76361767510872,78.47911276425314,1,1,0.008256589393458302,WIPRO.NS,IN,IT Services
2025-05-19,756.97,770.49,759.65,764.47,21174363,756.684,752.9300000000001,745.7940000000001,727.1042,751.3026630699641,740.5949107240648,65.40502299257165,53.3051413309593,10.70775234589928,9.89719686479359,0.8105554811056894,745.7940000000001,12.141956575171925,770.077913150344,721.5100868496562,0.8845344010969444,0.06512230763538276,12.09785714285716,10756311.0,1.9685523253695132,299881676.0,0.01152482269503552,0.014179758525495901,0.009907922374717746,0.026644105126035766,0.030380224549485968,0.019279742936760824,82.54566540787059,81.00956918048847,0,1,-0.02028856593456907,WIPRO.NS,IN,IT Services
2025-05-20,772.27,778.22,771.29,774.37,3603547,759.514,756.53,747.466,727.3882000000001,754.8514841361234,743.0967691921667,59.93034927788589,78.10336871250576,11.754714943956742,10.268700480626222,1.4860144633305197,747.466,13.646153651243838,774.7583073024877,720.1736926975124,0.99288614005447,0.07302621738634568,10.964285714285731,10393401.1,0.34671486442345956,303485223.0,0.012950148468873879,0.008949210325801767,0.0027192562186765037,0.048756043717919306,0.045132468654258906,0.018613033069374563,90.8810990030582,86.06346069534584,0,0,-0.026860544700853528,WIPRO.NS,IN,IT Services
2025-05-21,773.43,773.82,766.08,769.52,14017600,763.272,759.39,749.221,727.4372,757.1081788844123,745.0540455506333,56.98072595636434,62.24328593996834,12.054133333778964,10.625787051256772,1.4283462825221918,749.221,14.128569376665308,777.4781387533307,720.9638612466694,0.8591835708551377,0.07543071738056711,10.780000000000014,10567994.55,1.3264199377903787,289467623.0,-0.006263155855727898,0.010058218109977585,-0.005055402557432364,0.03860065864060891,0.04779281609977937,0.025028971800780564,79.39365229560877,84.27347223551253,0,0,-0.006900405447551661,WIPRO.NS,IN,IT Services
2025-05-22,767.82,769.04,764.17,766.33,8461682,766.0899999999999,760.5150000000001,750.9415,727.7312000000001,758.5269205945027,746.63004217825,62.275449101796426,74.6212121212122,11.896878416252662,10.88000532425595,1.016873091996711,750.9415,14.005457310396705,778.9524146207934,722.9305853792066,0.7746875674634692,0.07460212179179367,9.800714285714305,10113056.25,0.8367086026334914,281005941.0,-0.004145441314065801,0.006354964571390458,-0.0019405589851763023,0.014899083540816926,0.04701333479068759,0.01873072423694566,71.83799147153397,80.70424759006698,1,0,0.012044419505956805,WIPRO.NS,IN,IT Services
2025-05-23,765.91,775.11,751.52,762.0,12386856,767.338,760.565,753.02,727.8304,759.0612405030408,747.768557573616,58.991614038720364,64.14492753623188,11.292682929424814,10.962540845289725,0.3301420841350886,753.02,12.208365121793417,777.4367302435868,728.6032697564132,0.6838903061493006,0.06485015070928897,11.028571428571443,10034572.55,1.2344177795178948,268619085.0,-0.005650307308861735,0.03095800524930325,-0.00510503845098623,0.0006565988181221893,0.0577016504032315,0.008256589393458302,61.582188534780116,70.93794410064096,1,1,0.023661417322834666,WIPRO.NS,IN,IT Services
2025-05-26,765.26,753.12,745.63,748.96,9795119,764.236,760.46,753.917,727.7447999999999,757.507203502573,747.8568125682465,55.122375931121226,42.27623807360295,9.650390934326538,10.70011086309709,-1.0497199287705516,753.917,11.1171532232458,776.1513064464916,731.6826935535084,0.3885281172966225,0.058983433047569145,11.685000000000018,10277359.5,0.9530773003437993,258823966.0,-0.017112860892388393,0.010000534073902488,-0.02129995034364615,-0.001399981333582212,0.024541052228393312,-0.02028856593456907,30.696352438875095,54.705510815063064,1,1,0.04634426404614378,WIPRO.NS,IN,IT Services
2025-05-27,747.78,760.43,748.08,753.57,14926170,760.076,759.795,755.114,727.7808,756.9014798867925,748.2800116376357,55.99924120269376,36.347695390781574,8.621468249156806,10.284382340309033,-1.6629140911522278,755.114,9.541699837509073,774.1973996750182,736.0306003249818,0.459545992151473,0.05054442024646061,11.775714285714296,10754922.7,1.3878452712779359,273750136.0,0.006155201879940231,0.016388656660938625,0.007742919040349214,-0.008747467838257306,0.03281115085728392,-0.026860544700853528,24.363301625518304,38.88061419972451,1,1,0.04449487108032435,WIPRO.NS,IN,IT Services
2025-05-28,750.22,768.65,760.65,764.21,25019811,759.014,761.143,755.5755,728.67,758.0258675965167,749.4600107765449,54.47944264547149,37.50614854894248,8.565856819971827,9.940677236241592,-1.374820416269765,755.5755,9.755690094000112,775.0868801880002,736.0641198119998,0.7212683038329879,0.051646407772550536,11.586428571428574,11746568.6,2.1299674587549373,298769947.0,0.01411945804636594,0.01046832676880639,0.018647863293409082,0.017955856299868067,0.01222548941693824,-0.006900405447551661,57.01135317407153,37.35700241282165,1,1,0.023553735229845163,WIPRO.NS,IN,IT Services
2025-05-29,762.03,786.3,766.96,775.56,18499676,760.86,763.475,756.591,729.7348,760.7234264278218,751.3933433130665,56.57993260950953,56.40373197625104,9.330083114755325,9.81855841194434,-0.48847529718901406,756.591,10.728579098525884,778.0481581970517,735.1338418029483,0.9420203231214538,0.056720627649610895,12.692142857142853,12143910.15,1.523370499956268,317269623.0,0.014851938603263282,0.02493681984627235,0.01775520648791021,0.03100074444326273,0.02689175769612695,0.012044419505956805,73.59232849585459,51.65566109848148,1,1,0.02273196142142475,WIPRO.NS,IN,IT Services
2025-05-30,779.35,787.06,774.41,780.03,15465799,764.466,765.902,758.424,730.6666,763.6936685158493,753.5145771432021,65.03706672009616,64.141205615194,10.179091372647122,9.890665004084896,0.2884263685622255,758.424,11.457794129562028,781.3395882591241,735.5084117408759,0.9714258205967264,0.060429491311176545,12.534999999999993,12364562.85,1.2508163803933934,332735422.0,0.005763577286090005,0.016217324974659643,0.0008725219734382209,0.032113369323594876,0.04931595302473868,0.023661417322834666,83.03161959732007,71.21176708908206,1,1,0.007922772201069295,WIPRO.NS,IN,IT Services
2025-06-02,774.12,786.23,781.62,783.67,4276697,771.408,767.822,760.376,731.8896000000001,766.7669502826417,755.7483121710687,62.57372654155494,72.6910994764398,11.018638111572955,10.116259625582508,0.9023784859904467,760.376,12.280107748526472,784.9362154970529,735.815784502947,0.9742222233722033,0.06460018595279342,12.218571428571424,12111177.4,0.3531198087215031,337012119.0,0.004666487186390178,0.005882578125989423,0.012336588642571717,0.02511543945478567,0.05242872298994117,0.04634426404614378,91.81752353145508,82.81382387487658,0,1,-0.012492503222019447,WIPRO.NS,IN,IT Services
2025-06-03,783.12,792.98,782.39,787.1,11485867,778.1139999999999,769.095,762.8125,733.3968,769.89511177762,758.0706594190398,70.85674962725085,100.0,11.824452358580174,10.457898172182041,1.3665541863981332,762.8125,12.516089382098372,787.8446787641967,737.7803212358033,0.9851255703269641,0.06563127574381358,12.283571428571422,11604552.15,0.9897724497905376,348497986.0,0.004376842293312366,0.013454453055503211,0.005082235161909971,0.01643916990585903,0.06599672251039457,0.04449487108032435,87.58183737935416,87.47699350270977,0,0,-0.007610214712234775,WIPRO.NS,IN,IT Services
2025-06-04,780.3,785.34,779.7,782.21,9146854,781.7139999999999,770.364,764.877,734.9274,771.7897099656784,759.8587587223193,66.54521364690297,87.27225403435713,11.930951243359118,10.752508786417458,1.17844245694166,764.877,12.11379296503025,789.1045859300605,740.6494140699394,0.8577120735259958,0.06335027966595633,12.459285714285702,11696799.35,0.7819962490853322,339351132.0,-0.006212679456231718,0.00721033993427951,0.002447776496216371,0.016490799459403238,0.05572801382065551,0.023553735229845163,77.25448785475709,85.55128292185545,1,0,0.0008309788931359918,WIPRO.NS,IN,IT Services
2025-06-05,783.49,797.04,790.1,793.19,6115883,785.24,773.05,766.7825,736.8814,775.0820622786509,762.327739558964,69.09109456288896,87.3839009287926,12.754322719686911,11.15287157307135,1.6014511466155614,766.7825,13.41868645032895,793.6198729006579,739.9451270993421,0.991991151607106,0.06999996192042175,13.090714285714268,11435416.15,0.5348194053419381,345467015.0,0.014037151148668547,0.008749479948046736,0.012380502622863936,0.03505017420693446,0.05047147322138046,0.02273196142142475,92.51118459263758,85.78250327558294,1,0,0.005345503599389678,WIPRO.NS,IN,IT Services
2025-06-06,793.31,788.44,784.42,786.21,10956489,786.476,775.471,768.018,738.4932000000001,776.79405269732,764.0967958887662,61.28764278296989,65.48415236987505,12.697256808553789,11.461748620167839,1.2355081883859498,768.018,14.030334654808552,796.0786693096171,739.957330690383,0.8241547768951649,0.07307294701317038,12.664999999999988,11198462.0,0.9783922132885557,334510526.0,-0.008799909227297342,0.005113137711292126,-0.00894984306259969,0.03177165354330724,0.032449113591595635,0.007922772201069295,78.93405951995862,82.89991065578444,0,0,-0.0015263097645668022,WIPRO.NS,IN,IT Services
2025-06-09,796.19,791.59,759.71,773.88,15921466,784.518,777.963,769.2115,739.7769999999999,776.3457368977323,764.8214776751008,49.75184847564063,42.721893491124305,11.524259222631485,11.474250740660569,0.05000848197091656,769.2115,13.419823622247554,796.0511472444952,742.3718527555048,0.5869702190361414,0.06978483094561187,13.959999999999988,11693416.5,1.3615750912853322,318589060.0,-0.015682832830923088,0.04119501731529281,-0.0280209497732602,0.03327280495620588,0.03182624231676923,-0.012492503222019447,54.95039875403718,75.4652142888778,1,1,0.023207732464981756,WIPRO.NS,IN,IT Services
2025-06-10,782.01,781.93,780.45,781.11,8876529,783.3199999999999,780.717,770.2560000000001,741.1734,777.0787004519273,766.0280348848418,55.731381663534776,47.207678883071615,11.050665567085503,11.389533705945556,-0.33886813886005385,770.2560000000001,13.495904407970285,797.2478088159406,743.2641911840595,0.7010609973068723,0.07008529324252066,13.94285714285713,11833583.15,0.7501133120348833,327465589.0,0.009342533726159008,0.0018947395373225407,-0.001150880423522495,0.03654604084557511,0.027478887690405296,-0.007610214712234775,69.01381054135364,67.63275627178315,1,1,0.04279806941403885,WIPRO.NS,IN,IT Services
2025-06-11,779.16,789.46,777.57,782.86,3975202,783.45,782.582,771.8625,742.9548,777.9681311516308,767.2748471160623,58.29236480385269,45.199275362318836,10.693284035568468,11.250283771870139,-0.5569997363016714,771.8625,12.950571161946666,797.7636423238932,745.9613576761067,0.7122975863721422,0.067113358464389,14.409999999999984,11844110.75,0.33562685694855926,331440791.0,0.0022404014799453087,0.015187900774065347,0.004748703732218411,0.024404286779811768,0.04279834294619911,0.0008309788931359918,72.41781754381611,65.46067561306899,1,1,0.03356922055028999,WIPRO.NS,IN,IT Services
2025-06-12,782.92,807.15,789.65,797.43,8011566,784.298,784.769,774.1220000000001,744.9964,780.9622648206107,769.5085621452787,66.11773269038302,64.13447251114405,11.45370267533201,11.290967552562515,0.16273512276949553,774.1220000000001,13.28468908970435,800.6913781794087,747.5526218205914,0.9386252444764593,0.06864390413752441,14.45999999999998,11742853.2,0.6822503169629749,339452357.0,0.0186112459443577,0.021945499918460624,0.018533183466997213,0.028198978802413732,0.06007391258109096,0.005345503599389678,84.2002600766547,75.21062938727482,1,1,0.018058011361498982,WIPRO.NS,IN,IT Services
2025-06-13,796.4,786.83,783.54,785.01,10290956,784.058,785.267,775.5845,746.372,781.5849933097476,770.6568168015535,66.49281727513952,42.60130246020254,10.928176508194042,11.21840934368882,-0.29023283549477874,775.5845,12.756388894634604,801.0972777892692,750.0717222107309,0.6847211635904193,0.06578980830389544,14.282857142857122,11620406.6,0.8855933762598827,329161401.0,-0.015575034799292675,0.004191029413632802,-0.014301858362613868,0.006384369831929471,0.03870276278183549,-0.0015263097645668022,62.519045199551044,73.04570760667396,1,1,0.03082763276900935,WIPRO.NS,IN,IT Services
2025-06-16,787.19,803.67,782.37,791.84,6579957,787.65,786.0840000000001,776.953,747.9714,783.1626866467095,772.2259414833876,67.15989597345529,55.10611282423363,10.936745163321916,11.16207650761544,-0.22533134429352408,776.953,12.96764601450348,802.888292029007,751.017707970993,0.7870027448035459,0.06676154678332819,14.92214285714284,10890686.3,0.604181978487253,335741358.0,0.008700526107947804,0.026899373610796442,0.005907087234332334,0.010425306570367665,0.03580258218111898,0.023207732464981756,67.72765598508171,71.48232042042916,1,1,0.010267225702162097,WIPRO.NS,IN,IT Services
2025-06-17,797.39,817.48,812.18,814.54,8444708,794.336,788.8280000000001,778.9615000000001,750.4823999999999,787.9899656241388,775.3603161891867,70.36497531763371,81.03816793893132,12.629649434952057,11.455591093082765,1.1740583418692925,778.9615000000001,15.424632137542641,809.8107642750854,748.1122357249149,1.0766507052107788,0.07920613348681714,15.676428571428557,11132744.35,0.7585467676218787,344186066.0,0.02866740755708208,0.00650674000048317,0.021507668769333035,0.03486215220429423,0.0518744269535234,0.04279806941403885,94.9108533824664,75.05251818903305,0,0,-0.023411987133842294,WIPRO.NS,IN,IT Services
2025-06-18,817.47,809.96,808.5,809.14,13861889,799.592,791.521,780.9425,752.86,791.243817066579,777.862514990627,64.27478320013606,72.01193654782475,13.381302075952021,11.840733289656617,1.5405687862954043,780.9425,16.644232405490488,814.2309648109809,747.654035189019,0.9235325984419516,0.08525202511308659,14.529999999999989,11124958.8,1.2460169968434402,330324177.0,-0.006629508679745544,0.0018043849024868776,-0.010189976390558492,0.03442809475716224,0.05148664102297529,0.03356922055028999,85.56344123099244,82.73398353284686,0,0,-0.0033986701930445173,WIPRO.NS,IN,IT Services
2025-06-19,812.28,817.25,807.5,811.83,4168352,802.472,793.385,783.2175,755.4018,794.4109221332592,780.3786249919166,63.725828729281794,72.41913016560909,14.03229714134261,12.279046059993817,1.7532510813487932,783.2175,17.622621489365464,818.462742978731,747.972257021269,0.9059058411990606,0.09000116309629438,14.322857142857133,10910292.3,0.3820568233486445,334492529.0,0.0033245173888325485,0.012009903551221302,-0.0005539961589591985,0.023500044125619235,0.05937389897302725,0.018058011361498982,90.2198372842268,90.23137729922855,0,0,-0.00944779079363911,WIPRO.NS,IN,IT Services
2025-06-20,805.29,823.36,797.89,809.21,9892331,807.3120000000001,795.685,785.578,758.1998,796.687703343527,782.5142824003905,61.121755791673955,61.18496012153446,14.173420943136534,12.657921036622362,1.5154999065141723,785.578,17.792025889782774,821.1620517795656,749.9939482204344,0.8320588693154226,0.09059330016757162,15.699285714285704,10785566.05,0.9171822820386619,324600198.0,-0.003227276646588617,0.031475142422817994,0.004867811595816669,0.02925427048752871,0.06195538057742778,0.03082763276900935,77.76904948817334,84.51744266779752,0,0,-0.015385375860407113,WIPRO.NS,IN,IT Services
2025-06-23,805.83,809.22,792.56,799.97,5652152,808.938,798.294,788.1285,760.7058000000001,797.1926720599075,783.8072985191423,55.334493906988314,65.11721907841556,13.385373540765272,12.803411537450947,0.5819620033143256,788.1285,15.812583688134925,819.7536673762698,756.5033326237302,0.6872164004450162,0.08025383519623941,16.132857142857137,10578417.7,0.5343097262731716,318948046.0,-0.011418544012061105,0.020825780966760323,-0.007272005261646676,0.033713237194397117,0.06810777611621455,0.010267225702162097,63.25216025038097,77.08034900759371,1,1,0.025625960973536532,WIPRO.NS,IN,IT Services
2025-06-24,795.96,806.62,786.54,795.47,7470539,805.124,799.73,790.2235,763.0646,796.9276455891526,784.6712023327012,55.51397205588823,53.84941675503712,12.256443256451348,12.694017881251028,-0.4375746247996801,790.2235,13.61606144265122,817.4556228853024,762.9913771146975,0.5963292509640399,0.06892258426955926,17.038571428571426,10205636.15,0.7320012352193023,311477507.0,-0.005625210945410464,0.025242938137170223,-0.0006156088245632865,0.018384094429721776,0.05560200114123437,-0.023411987133842294,56.18224666054703,65.73448546636712,1,1,0.049115617182294624,WIPRO.NS,IN,IT Services
2025-06-25,792.19,809.74,803.71,806.39,18595139,804.5740000000001,802.083,792.3325000000001,765.4090000000001,798.3833924215908,786.2800021601882,55.49176235646527,38.47893695221943,12.103390261402524,12.57589235728133,-0.47250209587880576,792.3325000000001,12.603761708714035,817.5400234174282,767.124976582572,0.7788354049391049,0.06362864937989109,16.99857142857143,9884402.55,1.881260604743318,330072646.0,0.013727733289753186,0.0074777713017181455,0.01792499274161755,0.030056459647957556,0.0551942528886038,-0.0033986701930445173,73.33857030521065,64.25765907204622,1,1,0.02363620580612369,WIPRO.NS,IN,IT Services
2025-06-26,812.87,809.14,800.17,804.16,13435259,803.04,802.7560000000001,793.7625,767.5734,799.2721012798075,787.604446444832,57.77527505847697,42.2670807453416,11.667654834975565,12.394244852820178,-0.7265900178446127,793.7625,12.217150100512896,818.1968002010258,769.3281997989743,0.7127644318385407,0.06156577112422154,17.01285714285714,9631181.7,1.39497499097385,316637387.0,-0.002765411277421581,0.011154496617574703,-0.010715120498959639,0.008439612254367068,0.03687657950384238,-0.00944779079363911,69.8350353484707,66.45195077140947,1,1,0.02630073617190609,WIPRO.NS,IN,IT Services
2025-06-27,805.25,797.32,796.31,796.76,13457915,800.55,803.9309999999999,794.5989999999999,768.8867999999999,798.8856241598372,788.2826355971678,60.352941176470594,29.585478190192276,10.602988562669452,12.035993594790034,-1.4330050321205814,794.5989999999999,11.79278365422267,818.1845673084453,771.0134326915546,0.545811914786558,0.059364704230475095,15.296428571428569,9530787.5,1.4120463380338364,303179472.0,-0.009202148826104262,0.00126763391736387,-0.010543309531188408,0.014967962191564377,0.02144789302975525,-0.015385375860407113,41.90871369203073,61.6941064485707,1,1,0.04453034790903154,WIPRO.NS,IN,IT Services
2025-06-30,799.17,820.58,820.38,820.47,7313844,804.65,806.794,796.4390000000001,770.4576,802.2062973660162,790.6668848125215,65.49850370137031,59.70689655172413,11.539412553494685,11.936677386530965,-0.3972648330362798,796.4390000000001,12.823659835571625,822.0863196711433,770.7916803288568,0.9684895011869339,0.06440498185325187,16.422857142857147,9682644.85,0.7553559340394548,310493316.0,0.029758019980922867,0.00024376272136677967,0.026652652126548066,0.03615629420084865,0.046958541222708705,0.025625960973536532,93.68857829015754,68.47744244355299,1,1,0.01733152948919514,WIPRO.NS,IN,IT Services
2025-07-01,819.96,836.52,832.95,834.54,8574587,812.4639999999999,808.794,798.8109999999999,772.3298,807.1807131558598,793.9167451971945,68.54989231873654,77.51074327550532,13.263967958665376,12.202135500957848,1.0618324577075278,798.8109999999999,15.17688751807627,829.1647750361525,768.4572249638474,1.0885429399861604,0.07599738870925557,16.720000000000002,9537080.85,0.8990786841155191,319067903.0,0.017148707448169764,0.004277805737287198,0.01778135518803618,0.024553735850909808,0.06027188413162232,0.049115617182294624,96.34349030292992,77.31359409503939,0,0,-0.012318163299542273,WIPRO.NS,IN,IT Services
2025-07-02,834.14,831.06,820.96,825.45,9218586,816.2760000000001,810.425,800.9730000000001,774.1504,809.991372670343,796.2525418495306,60.46928710207746,72.23375852862658,13.738830820812382,12.509474564928757,1.2293562558836246,800.9730000000001,15.756333095967122,832.4856661919343,769.4603338080658,0.8883676463620928,0.07868596367641588,15.955,9540667.45,0.9662411023202468,309849317.0,-0.010892228053777986,0.012235750196847384,-0.010417915457824254,0.020157203944929147,0.05527927282954703,0.02363620580612369,79.55678670213202,89.86295176507316,0,1,-0.030456114846447502,WIPRO.NS,IN,IT Services
2025-07-03,834.78,833.93,818.42,825.31,17882959,820.506,811.773,802.579,776.0182000000001,812.3480845672133,798.4049461572085,66.57890406450551,66.70197740112991,13.943138410004735,12.796207333943954,1.1469310760607812,802.579,16.538803463355023,835.65660692671,769.5013930732899,0.8436010357327454,0.08242828911962263,16.070714285714285,10129021.25,1.7655168049413654,291966358.0,-0.00016960445817448822,0.018792938410998532,-0.011344306284276915,0.016604461525196124,0.040494711229339675,0.02630073617190609,79.29824561257061,85.06617420587753,0,0,-0.025202651125031728,WIPRO.NS,IN,IT Services
2025-07-04,825.95,834.61,830.35,832.24,13258942,827.6020000000001,814.076,804.8805,778.2544,815.4083792491805,800.9112464421141,66.60637948043406,72.88881643299644,14.49713280706635,13.136392428568435,1.3607403784979155,804.8805,17.32506716777448,839.5306343355489,770.230365664451,0.8947964491877312,0.08610007158952393,15.213571428571438,10244143.9,1.2942946560625084,305225300.0,0.008396844821945804,0.005118715755064491,0.007615473091582236,0.028459855908849363,0.05854669871917162,0.04453034790903154,91.43657462802254,83.43053564757507,0,0,-0.06279438623473999,WIPRO.NS,IN,IT Services
2025-07-07,836.11,838.8,831.4,834.69,3944264,830.4460000000001,817.548,807.921,780.3278000000001,818.3747824416143,803.413376335526,59.936877404083276,83.63184961872672,14.961406106088361,13.501395164072422,1.4600109420159395,807.921,16.929705409800352,841.7804108196008,774.0615891803993,0.8952963053865148,0.08381861795784196,13.910714285714294,9645283.8,0.4089318337183781,309169564.0,0.0029438623473998504,0.0088655668571459,-0.0016983411273615442,0.04340162756103361,0.0785780741200186,0.01733152948919514,92.13547646207185,87.62343223422168,0,0,-0.06444308665492582,WIPRO.NS,IN,IT Services
2025-07-08,832.88,828.37,820.97,824.26,11206312,828.39,820.427,810.0785,782.2203999999999,819.2802005275198,804.9575706811769,57.10392783311407,54.395731848758935,14.32262984634292,13.665642100526522,0.656987745816398,810.0785,16.060282253188735,842.1990645063775,777.9579354936225,0.7207542148965588,0.07930235034342435,14.459285714285727,9761772.95,1.1479790514919679,297963252.0,-0.012495657070289656,0.008977749739149055,-0.010349630198815742,0.03619243968974306,0.05524189934836321,-0.012318163299542273,72.17757366872993,85.2498749196081,0,0,-0.05629291728338148,WIPRO.NS,IN,IT Services
2025-07-09,824.34,803.1,798.08,800.31,10117000,823.3619999999999,819.8190000000001,810.951,783.1270000000001,816.3617081386707,804.6133061862471,45.48872180451124,17.701453104359445,11.748401952423592,13.282194070905938,-1.5337921184823458,810.951,14.938597799324425,840.8281955986489,781.0738044013511,0.3219210373144391,0.07368434245376611,15.632857142857151,10068862.85,1.0047806933053325,287846252.0,-0.02905636570984893,0.006272569379357636,-0.029150593201798938,-0.007539776038889445,0.022290064634800544,-0.030456114846447502,26.34902410971392,63.55402474683857,0,0,-0.0405842735939822,WIPRO.NS,IN,IT Services
2025-07-10,801.65,825.85,787.44,804.51,41849868,819.202,819.8539999999999,811.3050000000001,784.1122,814.5383684250291,804.6056538761541,48.18195884264272,28.23284823284834,9.932714548875083,12.612298166499768,-2.6795836176246848,811.3050000000001,14.683028333831016,840.6710566676621,781.938943332338,0.384305201796688,0.07239215009799241,16.55714285714286,11760777.95,3.558426544527478,329696120.0,0.005247966413014948,0.047743346881893606,0.0035676417389090575,0.0004352367688023051,0.008878522252736998,-0.025202651125031728,34.38576348958319,44.30412042267568,0,0,-0.043517171943170396,WIPRO.NS,IN,IT Services
2025-07-11,807.44,789.13,772.66,779.98,14690276,808.75,818.176,811.0535,784.8444000000001,809.22169635964,802.7815313666833,43.08543756485646,18.733618430128445,6.440164992956625,11.37787153179114,-4.937706538834515,811.0535,15.191407985384402,841.4363159707688,780.6706840292312,-0.011366359686415037,0.07492185403486037,17.642142857142858,11980743.95,1.226157143091507,315005844.0,-0.030490609190687468,0.021115926049358844,-0.0340087189140568,-0.02106029419147548,-0.0064075616871122065,-0.06279438623473999,11.067432718308703,23.934073439201942,0,0,-0.007974563450344863,WIPRO.NS,IN,IT Services
2025-07-14,774.33,786.63,776.31,780.9,8664750,797.992,814.219,810.5065000000001,785.5698000000001,804.8645123043107,801.1606771912698,44.83223380861175,11.386883273164912,3.7038351130408955,9.843064248041092,-6.139229135000196,810.5065000000001,16.090025440740185,842.6865508814805,778.3264491185197,0.03998674350949175,0.079407261709661,16.945,12084983.6,0.7169847779532958,323670594.0,0.0011795174235236239,0.013215520553190979,0.008484754561997406,-0.04822845442246526,-0.013815922408567438,-0.06444308665492582,12.458421529899343,19.30387257926375,0,0,-0.011448328851325296,WIPRO.NS,IN,IT Services
2025-07-15,776.57,778.21,777.57,777.86,14094568,788.712,808.551,808.6724999999999,786.3596000000001,800.7099719498012,799.4347011029254,39.28168908257572,7.633815416728794,1.2752708468758556,8.129505567808044,-6.8542347209321886,808.6724999999999,17.623463986804627,843.9194279736091,773.4255720263907,0.06290516973375182,0.08717231752919911,16.163571428571426,12367476.6,1.13964774838161,309576026.0,-0.003892944038929369,0.0008227701642958419,0.0016611509587008285,-0.06791765523521931,-0.04503155155056837,-0.05629291728338148,7.862110674208384,10.462654974138815,1,0,0.001221299462628167,WIPRO.NS,IN,IT Services
2025-07-16,779.21,770.89,765.38,767.83,9197312,782.216,802.789,806.607,786.8978,795.651514726755,797.0936121322101,37.106962878841685,7.679616019199045,-1.4420974054551152,6.215184973155411,-7.657282378610526,806.607,19.846395165170474,846.2997903303409,766.914209669659,0.011535978230654095,0.09841915661602668,16.41428571428571,12134247.75,0.7579630341763021,300378714.0,-0.012894351168590723,0.007176067619125086,-0.014604535362720435,-0.0698043491428918,-0.05105420569987884,-0.0405842735939822,3.3369654044765418,7.885832536194762,1,1,0.02556555487542811,WIPRO.NS,IN,IT Services
2025-07-17,767.4,780.25,760.9,769.5,9355680,775.214,797.208,804.4905,787.1862,791.6282047687927,795.0496408630537,39.91565551938445,15.29623789141695,-3.4214360942610256,4.287860759672124,-7.709296853933149,804.4905,21.452231996485985,847.394963992972,761.586036007028,0.09222774574431336,0.10666245031586731,17.235714285714284,12393614.15,0.7548790152645655,309734394.0,0.0021749606032583912,0.025146198830376706,0.0027365129007001386,-0.06762307496577036,-0.05214145818705895,-0.043517171943170396,11.039794608330714,7.412956895671885,1,1,0.05371020142949967,WIPRO.NS,IN,IT Services
2025-07-18,771.94,778.16,770.25,773.76,12748483,773.97,791.36,802.7180000000001,787.4313999999999,788.8792501889784,793.4726304286794,29.81591910811511,15.410573678290078,-4.593380239700991,2.5116125597975003,-7.104992799498492,802.7180000000001,22.481596824713282,847.6811936494266,757.7548063505735,0.17798105906399084,0.11202737113001214,16.152857142857133,12536421.75,1.016915531186917,322482877.0,0.005536062378167728,0.01022280810585937,0.0023576961940015785,-0.07026819186773048,-0.043808158574412115,-0.007974563450344863,16.508344030596835,10.2950346811347,1,1,0.060432175351530226,WIPRO.NS,IN,IT Services
2025-07-21,772.58,772.87,771.23,771.96,8426985,772.182,785.087,801.3175,787.8703999999999,786.2762886214433,791.8791022487078,19.75058004640377,31.53775322283596,-5.6028136272644815,0.8887273223851035,-6.491540949649585,801.3175,23.510688246871787,848.3388764937436,754.2961235062564,0.1878281519034863,0.11736016371459473,15.187142857142849,12675163.4,0.6648422642944182,314055892.0,-0.0023263027295284955,0.002124462407375851,-0.0008025058893567035,-0.07515364985803119,-0.035013813017988116,-0.011448328851325296,14.19768934513233,13.915275994686631,1,1,0.04943261308876101,WIPRO.NS,IN,IT Services
2025-07-22,772.77,794.1,766.58,778.81,8179651,772.372,780.542,800.4845,788.2421999999999,785.127628833529,790.9110206006163,26.956521739130395,46.22061482820967,-5.783391767087323,-0.4456964955093823,-5.337695271577941,800.4845,24.01842855522923,848.5213571104584,752.4476428895416,0.2743971889081438,0.12001945599296027,16.182857142857138,12710619.0,0.6435288758534202,322235543.0,0.008873516762526457,0.03533596127420635,0.007816038407277907,-0.05514036833038127,-0.020943593095905655,0.001221299462628167,22.991014120372352,17.899015832033843,1,1,0.021956574774335325,WIPRO.NS,IN,IT Services
2025-07-23,778.43,797.29,779.61,787.46,9416699,776.298,779.257,799.5379999999999,788.9768,785.4864551668322,790.6553894450054,32.74997721265159,64.43174984966936,-5.168934278173197,-1.3903440520421455,-3.778590226131051,799.5379999999999,24.146110856060872,847.8302217121217,751.2457782878781,0.3749488057064982,0.12080031646291078,16.395,12251697.0,0.7686035845806842,331652242.0,0.011106688409239895,0.02245193406646369,0.01160027234303468,-0.016056278192200457,-0.02347499348950255,0.02556555487542811,34.09499358107717,23.76123234886062,0,1,-0.012191095420719833,WIPRO.NS,IN,IT Services
2025-07-24,781.33,814.18,808.15,810.83,14050956,784.5640000000001,779.8889999999999,799.8715,790.1486,789.3854620642426,792.1498050417232,41.51407055093145,96.13733905579409,-2.7643429774806236,-1.6651438371298413,-1.0991991403507824,799.8715,24.25910643448137,848.3897128689628,751.3532871310372,0.612931818294541,0.12131501839708538,17.639285714285702,12282481.85,1.1439833600093323,345703198.0,0.029677697914814782,0.007436823995156242,0.03775613377185343,0.007855713415619414,0.008294369279745473,0.05371020142949967,64.09499358069208,40.3936670940472,0,0,-0.036271474908427304,WIPRO.NS,IN,IT Services
2025-07-25,814.48,832.34,811.07,820.52,29929928,793.916,783.943,801.0595000000001,791.4438,794.175390977436,794.2513009646258,44.688507384361614,96.70450384474559,-0.07590998718978881,-1.347297067141831,1.2713870799520421,801.0595000000001,24.67689404557091,850.4132880911419,751.7057119088582,0.6971530530074508,0.12322127904626366,18.647142857142846,13106082.5,2.2836668177796975,375633126.0,0.011950717166360425,0.02592258567734371,0.007415774481868858,0.05197569168440208,0.02982077413524764,0.060432175351530226,83.45464725527073,60.54821147234666,0,0,-0.03847560083849255,WIPRO.NS,IN,IT Services
2025-07-28,826.42,812.29,808.38,810.12,4320620,801.548,786.865,800.542,792.3567999999999,796.6284077501381,795.4267601524662,44.69856028794241,79.92100065832793,1.201647597671922,-0.8375081341790803,2.0391557318510025,800.542,24.354835162426507,849.2516703248531,751.832329675147,0.5983172328566828,0.12169172966513238,18.534285714285698,12956421.3,0.3334732304920317,371312506.0,-0.012674889094720365,0.004826445464863405,-0.019723627211321402,0.03741836342681526,-0.012614720830743331,0.04943261308876101,68.89697648279818,72.14887243958701,0,0,-0.024700044437861002,WIPRO.NS,IN,IT Services
2025-07-29,813.61,796.86,795.15,795.91,2628012,804.9680000000001,788.67,798.6105,792.7876,796.517883480886,795.4625556967289,48.22035269373888,66.36599699330324,1.0553277841570434,-0.45894095051185546,1.514268734668899,798.6105,23.01141535365541,844.6333307073108,752.5876692926892,0.470661300500561,0.11525726422894068,17.73357142857142,12659092.55,0.20759875022805246,368684494.0,-0.017540611267466644,0.0021484841250868666,-0.02175489485131487,0.023204689789936506,-0.04628897356627604,0.021956574774335325,49.00615901387164,67.11926091731353,0,0,-0.0006407759671319679,WIPRO.NS,IN,IT Services
2025-07-30,798.12,784.76,772.34,777.86,7908359,803.048,789.673,796.231,792.9544000000001,793.647439868442,794.1586626821233,40.30697606750562,49.43700367429185,-0.5112228136813428,-0.469397323145753,-0.041825490535589815,796.231,22.54581718703246,841.3226343740649,751.139365625935,0.2962925911279166,0.11326269480592518,16.673571428571417,12593581.2,0.6279673943764785,360776135.0,-0.022678443542611504,0.01596688350086647,-0.02538465393671955,0.01306278733573829,-0.057653401175116636,-0.012191095420719833,23.740201567416882,47.21444568802891,1,1,0.023886046332245003,WIPRO.NS,IN,IT Services
2025-07-31,779.88,787.57,776.5,781.42,4940288,797.1659999999999,790.865,794.0364999999999,793.2561999999999,791.766295273297,793.2150580389809,50.618025751072935,46.190716448032234,-1.4487627656839095,-0.6652704116533844,-0.7834923540305251,794.0364999999999,21.68606690091813,837.4086338018362,750.6643661981636,0.3545552305773302,0.10924468535585374,15.189285714285704,11946447.65,0.41353611811657515,365716423.0,0.004576659038901587,0.014166517365803133,0.0019746627686284927,0.015490578297595814,-0.053180017205656016,-0.036271474908427304,28.723404254917035,33.82325494540186,1,1,0.0120421796217145,WIPRO.NS,IN,IT Services
2025-08-01,781.69,789.25,788.72,788.95,10037462,790.852,792.384,791.8720000000001,793.7952,791.3330190774052,792.8991278138644,53.269433839655626,32.755359394703646,-1.5661087364592277,-0.8454380766145533,-0.7206706598446744,791.8720000000001,19.74587008117607,831.3637401623522,752.3802598376479,0.4630049221881516,0.0997427366097103,15.011428571428562,11785373.65,0.851687986007301,375753885.0,0.00963630314043673,0.0006717789467004258,0.009287569240991573,0.019631410256410353,-0.05201624531385174,-0.03847560083849255,39.26371780460163,30.57577454231186,1,1,0.0066544140946827035,WIPRO.NS,IN,IT Services
2025-08-04,789.9,796.28,785.17,790.11,5772253,786.85,794.199,789.643,794.6181999999999,791.1448622962658,792.692525753574,55.05237977398335,22.309233290839572,-1.5476634573082038,-0.9858831527532835,-0.5617803045549202,789.643,16.980550824850294,823.6041016497006,755.6818983502994,0.5068755131136511,0.08601634320739267,15.567142857142853,11876773.1,0.4860118540100885,381526138.0,0.0014703086380631891,0.014061333232063829,0.0002658564375234467,0.023511580910928087,-0.05340905006649177,-0.024700044437861002,40.88745800614661,36.2915266885551,0,1,-0.004961334497728065,WIPRO.NS,IN,IT Services
2025-08-05,789.54,796.22,794.74,795.4,4900034,786.748,795.858,788.2,795.4548,791.7994988660711,792.8930794014611,61.833633788308,35.220883534136505,-1.0935805353900605,-1.007422629280639,-0.08615790610942153,788.2,14.994041623593901,818.1880832471878,758.2119167528123,0.6200476859429669,0.07609257357815206,15.112142857142853,11561459.2,0.4238248383192981,386426172.0,0.006695270278821885,0.0018606990193590113,0.0074220432150272206,0.021301729561767457,-0.035013223982723884,-0.0006407759671319679,48.292273235606174,42.81448301545148,0,0,-0.008788031179280842,WIPRO.NS,IN,IT Services
2025-08-06,800.39,798.4,794.88,796.44,21782324,790.464,796.7560000000001,788.0065000000001,796.0994000000001,792.5134221174446,793.1558142606167,61.626100466079784,50.72345072345084,-0.6423921431720601,-0.9344165320589232,0.2920243888868631,788.0065000000001,14.853851272687495,817.7142025453751,758.2987974546251,0.6419413027055334,0.0753996383160223,13.981428571428564,12144725.4,1.793562348181018,408208496.0,0.0013075182298216692,0.0044196675204605015,-0.0049350941415997164,0.01140375384146508,-0.004835626194849341,0.023886046332245003,45.40754257838495,44.86242460671258,0,0,-0.010848274822962356,WIPRO.NS,IN,IT Services
2025-08-07,796.25,795.96,786.73,790.83,38593920,792.346,794.7560000000001,787.3225,796.4048000000001,792.2544340993762,792.9835317227905,57.28180189403637,76.8085985944605,-0.7290976234143045,-0.8933527503299995,0.164255126915695,787.3225,14.360674692754609,816.0438493855092,758.6011506144907,0.5610608497595281,0.07295955440235172,14.056428571428569,11981928.0,3.2210105735061525,369614576.0,-0.007043845110742852,0.011671282070721073,-0.0068069073783273495,-0.024666082902704667,-0.017004139165454735,0.0120421796217145,36.87652068070444,43.52544549823185,1,0,0.004438374871969852,WIPRO.NS,IN,IT Services
2025-08-08,792.06,810.66,781.04,794.2,7409110,793.3960000000001,792.124,788.0335,796.6881999999999,792.5537519302413,793.0736404840667,59.361845428523324,76.62500000000006,-0.5198885538253535,-0.8186599110290703,0.29877135720371684,788.0335,14.329997713650378,816.6934954273007,759.3735045726993,0.6075802683750331,0.07273801285672334,15.991428571428571,11617869.7,0.6377339007568745,377023686.0,0.004261345674797301,0.037295391588973444,0.0027018155190230517,-0.03207721932433083,0.018231236698377007,0.0066544140946827035,42.00121654437347,41.42842660115429,1,0,0.002782674389322448,WIPRO.NS,IN,IT Services
2025-08-11,792.19,786.64,785.83,786.19,14494113,792.6120000000001,789.731,788.298,796.7386,791.5747131717427,792.5637411889437,53.076538269134616,44.362745098039234,-0.989028017201008,-0.852733532263458,-0.13629448493754992,788.298,14.239937019359646,816.7778740387193,759.8181259612807,0.462991409344068,0.07225661878802996,14.623571428571429,11909337.85,1.2170375855919155,362529573.0,-0.010085620750440727,0.0010302852999897164,-0.007573940595049705,-0.02953883375302413,0.006774234857216177,-0.004961334497728065,23.08333333294865,33.987023519342195,1,1,0.015390681641842097,WIPRO.NS,IN,IT Services
2025-08-12,779.4,790.41,786.81,788.41,9643694,791.214,788.981,788.8255,796.7647999999999,791.0878342222438,792.2560566564255,50.418465333450776,46.671887235708596,-1.1682224341816436,-0.9158313126470953,-0.25239112153454835,788.8255,14.026733676487787,816.8789673529756,760.7720326470245,0.49259449829739876,0.07112718174790233,13.604999999999993,11686794.15,0.8251786632881983,372173267.0,0.002823744896271796,0.004566152128962667,0.011560174493185055,-0.009423175987234744,0.013562851927081843,-0.008788031179280842,26.78333333288684,30.622627736736323,1,1,0.01869585621694303,WIPRO.NS,IN,IT Services
2025-08-13,787.83,797.34,780.18,787.8,3352897,789.486,789.9750000000001,789.8240000000001,796.8766,790.5820135726678,791.9259783855751,37.31129476584015,31.783317353787112,-1.343964812907302,-1.0014580126991368,-0.34250680020816526,789.8240000000001,13.136002115502311,816.0960042310047,763.5519957689954,0.46147990875258404,0.06652622414859861,12.922142857142862,11394573.4,0.29425381609689605,368820370.0,-0.0007737091107419269,0.021782178217794237,-3.807928106323486e-05,0.012778649114236318,0.026008361225791976,-0.010848274822962356,25.766666666237096,25.211111110690865,0,1,-0.004937801472454928,WIPRO.NS,IN,IT Services
2025-08-14,790.35,803.69,786.85,794.34,9395772,790.188,791.267,791.066,796.8996,791.1601653307189,792.1047948014605,35.05707762557081,46.01669195751134,-0.9446294707415746,-0.9900923043076244,0.045462833566049854,791.066,12.258218467604866,815.5824369352098,766.5495630647903,0.5667715298125401,0.0619832907372552,12.588571428571438,11396578.0,0.8244379300139103,378216142.0,0.008301599390708292,0.02119998992871923,0.00504839628012268,0.016534002201121112,0.03228070175438602,0.004438374871969852,55.068836043677976,35.87294534760064,0,1,-0.032819699373064504,WIPRO.NS,IN,IT Services
2025-08-15,798.48,800.09,793.47,796.41,10252071,790.6299999999999,792.013,792.1985000000001,797.1036,791.967832202916,792.4236988902444,41.3523401034439,62.22611744084124,-0.4558666873283528,-0.8832471809117702,0.42738049358341745,792.1985000000001,11.604046605865713,815.4065932117315,768.9904067882686,0.5907334342590516,0.05859161109671924,12.194285714285725,11271757.4,0.9095360844497873,388468213.0,0.0026059370043054475,0.008312301452758871,-0.002592425608653263,0.009455605551682567,0.029272642679900818,0.002782674389322448,62.81315239919584,47.88288503637031,0,0,-0.009517710726886786,WIPRO.NS,IN,IT Services
2025-08-18,791.2,808.08,790.45,798.29,17238009,793.05,792.831,793.515,797.5918,792.9404734024674,792.8582397131935,51.77771138332836,59.58743553680247,0.08223368927394858,-0.6901510068746265,0.7723846961485751,793.515,10.640711541282517,814.7964230825651,772.2335769174349,0.6121870464409811,0.053638363692024134,12.384285714285722,11712308.6,1.4717856331256818,405706222.0,0.0023605931618135845,0.022084706059173873,0.008961071789675121,0.01035298882434077,0.03410798486968236,0.015390681641842097,67.71920667881729,61.86706504056371,0,0,-0.02811008530734438,WIPRO.NS,IN,IT Services
2025-08-19,803.33,808.52,798.86,803.15,15671744,795.9979999999999,793.606,794.732,798.0326000000001,794.5111698020877,793.6205923270376,73.52558139534881,96.64466446644656,0.8905774750501223,-0.37400531048967667,1.2645827855397989,794.732,10.255279821147825,815.2425596422956,774.2214403577043,0.7052113678540417,0.051616292391069865,11.431428571428585,12086913.25,1.2965876712495086,421377966.0,0.006088013128061176,0.012027641162905984,-0.00022406731978121021,0.009743525270304199,0.03125280877235781,0.01869585621694303,78.01522248015179,69.51586051938831,0,0,-0.057436344393948846,WIPRO.NS,IN,IT Services
2025-08-20,803.59,786.38,781.93,783.91,10032135,795.22,792.353,794.5545,798.0536,792.8802206017665,792.9012891916956,51.793172979979836,43.607954545454554,-0.021068589929086556,-0.3034179663775587,0.28234937644847213,794.5545,10.417212716892644,815.3889254337853,773.7200745662146,0.24454539113463375,0.05244303678038223,12.156428571428583,12117685.05,0.82789197199906,411345831.0,-0.023955674531532134,0.005676672066939278,-0.024490100673198487,-0.015732509668022754,-0.004508165494120475,-0.004937801472454928,12.237532807997509,52.65732065565553,0,0,-0.04383156229669227,WIPRO.NS,IN,IT Services
2025-08-21,782.73,780.32,758.63,768.27,8948935,790.006,790.097,792.4265,797.4704,789.0940328168793,791.0767492515565,36.66494712406495,30.55942663746768,-1.9827164346771724,-0.6392776600374815,-1.343438774639691,792.4265,11.232620388359843,814.8917407767198,769.9612592232803,-0.037641689222296305,0.056699872547653,13.40285714285715,11862584.0,0.7543832141139558,402396896.0,-0.01995126991618934,0.028232262095320426,-0.0184738032271429,-0.02852699063009756,-0.05248942441695559,-0.032819699373064504,18.5277724386214,36.260175908923564,0,0,-0.012716883387350775,WIPRO.NS,IN,IT Services
2025-08-22,765.74,792.26,786.09,788.83,15693601,788.49,789.5600000000001,790.842,797.5468,789.0534123835132,790.9103233810697,49.33979781308027,45.71206225680935,-1.856910997556497,-0.8828043275412849,-0.9741066700152121,790.842,9.092335465107707,809.0266709302153,772.6573290697846,0.4446786799671609,0.04598812640247323,14.32285714285715,11150767.65,1.4074008252336936,418090497.0,0.026761425019849794,0.007821710634727554,0.03015383811733732,-0.00676152102744898,-0.03862184955881631,-0.009517710726886786,58.043436477838995,29.602913908152633,0,0,-0.0303614213455371,WIPRO.NS,IN,IT Services
2025-08-25,787.4,788.05,766.09,775.85,27704211,784.0020000000001,788.526,789.1285,797.227,787.0221181706651,789.7947438713537,40.657555194494925,36.32251197445454,-2.77262570068865,-1.260768602170758,-1.5118570985178919,789.1285,8.476400225862914,806.0813004517258,772.1756995482742,0.10836853952478938,0.04296588059284216,15.510714285714291,12319947.2,2.248727880203263,390386286.0,-0.016454749439042682,0.028304440291256838,-0.014668529337039988,-0.013152037039392606,-0.04230237495679645,-0.02811008530734438,33.09629060093999,36.5558331724668,0,0,-0.007591673648256747,WIPRO.NS,IN,IT Services
2025-08-26,777.0,758.82,755.58,757.02,19466827,774.7760000000001,785.387,787.184,796.0766,782.4064076828705,787.366985066054,33.8996895932037,27.59743784605368,-4.960577383183477,-2.000730358373302,-2.9598470248101747,787.184,10.94119035184618,809.0663807036923,765.3016192963076,-0.18923030835308152,0.05559660944242902,16.707142857142863,13161887.95,1.4790298773946122,370919459.0,-0.024270155313527164,0.00427993976380509,-0.025714285714252643,-0.03981430981342193,-0.04886230855247453,-0.057436344393948846,2.6143790849197512,31.25136872123291,1,1,0.013566352276029647,WIPRO.NS,IN,IT Services
2025-08-27,758.28,761.34,740.12,749.55,5523358,767.904,781.562,785.7684999999999,794.8848000000002,777.3515757316598,784.5657269129977,33.392339877695505,21.70608108108111,-7.214151181337911,-3.0434145229662244,-4.170736658371687,785.7684999999999,13.695545674245231,813.1595913484904,758.3774086515094,-0.16113649031065014,0.0697179674381338,17.52928571428572,13042637.9,0.4234846983304889,365396101.0,-0.009867638899896947,0.028310319525010633,-0.011512897610366231,-0.04855293221629853,-0.03639472398632149,-0.04383156229669227,13.368301672620175,16.359657119493303,1,1,0.016730038022813698,WIPRO.NS,IN,IT Services
2025-08-28,753.36,758.85,758.23,758.5,7994494,765.95,777.9780000000001,784.6225000000001,793.8182,774.4513333114044,782.6349323268399,36.254427845371936,34.952031268506516,-8.183599015435561,-4.071451421460092,-4.112147593975469,784.6225000000001,14.977503788562169,814.5775075771244,754.6674924228757,0.06397106672720479,0.07635520923013588,16.07785714285715,13195348.2,0.6058569484466543,373390595.0,0.011940497631912628,0.0008174027686212092,0.006822767335660459,-0.04511921847068012,-0.029331217527066022,-0.012716883387350775,26.87134502884691,14.284675262128944,1,1,0.011694133157547748,WIPRO.NS,IN,IT Services
2025-08-29,760.34,767.59,762.71,764.88,9504874,761.1600000000001,774.825,783.4190000000001,792.9316,772.9788204942652,781.3197521544752,41.690712001871624,47.7451110815485,-8.340931660210003,-4.925347469210075,-3.4155841909999287,783.4190000000001,15.566931178474002,814.5528623569481,752.285137643052,0.2022695130521594,0.07948202011160899,16.129285714285725,13168718.8,0.7217766149143822,382895469.0,0.008411338167435778,0.006380085765078987,0.005971012967874888,-0.039590160846800004,-0.03050890423981245,-0.0303614213455371,36.1988304088275,25.47949237009819,1,0,0.04241188160234288,WIPRO.NS,IN,IT Services
2025-09-01,768.8,782.58,759.86,769.96,4141132,759.982,771.992,782.4114999999999,792.3314,772.5143865720705,780.4782890319179,42.96284995041578,34.19333221645171,-7.963902459847418,-5.533058467337544,-2.4308439925098737,782.4114999999999,15.761932246950407,813.9353644939007,750.8876355060992,0.3025067643164194,0.08058129128690075,17.450714285714305,13087162.75,0.31642700275680435,387036601.0,0.006641564689886081,0.02950802639094306,0.0015088449531719212,-0.035488356361723095,-0.025502778094189438,-0.007591673648256747,43.6257309935143,35.565302143729575,1,0,0.02450776663722798,WIPRO.NS,IN,IT Services
2025-09-02,781.63,774.27,761.72,767.29,47142736,762.036,768.406,781.006,791.7678,771.7106347917519,779.5013787332535,42.298159969958725,41.332523288780855,-7.79074394150166,-5.984595562170368,-1.806148379331292,781.006,15.796038277451846,812.5980765549036,749.4139234450963,0.28292025254424186,0.0809009829754527,17.121428571428584,15199297.85,3.101638862768989,339893865.0,-0.0034677126084472487,0.01635626686126966,-0.01834627637114963,-0.04464919379941479,-0.03534070907719389,0.013566352276029647,39.72222222164144,39.84892787466108,1,1,0.06680655293305016,WIPRO.NS,IN,IT Services
2025-09-03,760.56,767.08,758.1,762.09,4931513,764.5440000000001,766.2239999999999,779.2884999999999,790.8817999999999,770.2305371314824,778.21164697523,37.766482057507034,57.09090909090913,-7.981109843747618,-6.383898418485819,-1.5972114252617988,779.2884999999999,15.896693226136327,811.0818864522726,747.4951135477272,0.22952708221177887,0.08159593386077654,16.575000000000006,14356757.3,0.3434976682723703,334962352.0,-0.006777098619817679,0.011783385164466448,0.002011675607444613,-0.027834827977701426,-0.04312942594545732,0.016730038022813698,32.119883040466135,38.48927875187396,1,1,0.08896587017281421,WIPRO.NS,IN,IT Services
2025-09-04,764.3,769.13,765.97,767.37,28654299,766.318,766.134,778.1155,790.1460000000001,769.7904544958697,777.4085620140991,39.246037624055724,76.54946364719908,-7.618107518229408,-6.630740238434537,-0.9873672797948707,778.1155,15.865749430757361,809.8469988615147,746.3840011384852,0.3306808630876991,0.08155986832667894,16.605,13859776.25,2.06744296702171,363616651.0,0.006928315553281106,0.0041179613484966186,0.004016747350511623,-0.001171463157483621,-0.029665035469064183,0.011694133157547748,39.83918128596727,37.227095516024946,1,1,0.10794010711912128,WIPRO.NS,IN,IT Services
2025-09-05,763.38,799.66,795.46,797.32,6022428,772.806,766.983,778.2715000000001,790.1572,774.0257691888127,778.8834833463926,49.70261818627755,85.57551319648094,-4.857714157579949,-6.27613502226362,1.4184208646836716,778.2715000000001,16.04653275385775,810.3645655077156,746.1784344922845,0.7967697179726214,0.08247267311644924,17.652142857142856,13790442.15,0.4367102590173108,369639079.0,0.03902941214798594,0.0052676466161574575,0.044460164007382424,0.010762775249419931,0.003928481490808267,0.04241188160234288,83.62573099292953,51.86159843978765,1,1,0.08015602267596433,WIPRO.NS,IN,IT Services
2025-09-08,797.51,799.8,780.05,788.83,18743110,776.58,768.2810000000001,778.4035,789.5244,776.3033431597645,779.6202623577731,45.70537428023035,71.13110993470974,-3.316919198008577,-5.684291857412612,2.367372659404035,778.4035,16.125762087241437,810.6550241744828,746.1519758255172,0.6616435233096326,0.08286582517792222,18.332142857142856,14002892.0,1.3385169764562224,350895969.0,-0.010648171374103232,0.02503708023271803,-0.010883876064236268,0.016730038022813698,0.003357966903674736,0.02450776663722798,81.61863270640733,68.36118166176804,1,1,0.09586349403547034,WIPRO.NS,IN,IT Services
2025-09-09,789.25,828.64,810.48,818.55,21401851,786.832,774.434,779.9105000000001,789.2045999999999,782.802828827493,782.5039466275755,59.77426636568847,79.87947361948096,0.29888219991755705,-4.4876570459465785,4.786539245864136,779.9105000000001,18.36322740666912,816.6369548133383,743.1840451866618,1.0260445119922221,0.0941812036465496,19.659999999999993,14590799.85,1.4668044077923248,372297820.0,0.03767605187429468,0.022185572048106755,0.03712385175795101,0.08127922644051666,0.03822884032419682,0.06680655293305016,88.60144599990278,84.61526989974654,1,1,0.09532710280373835,WIPRO.NS,IN,IT Services
2025-09-10,819.44,830.19,829.65,829.89,10235234,800.392,782.468,782.015,789.2934,790.0470090078788,786.0140246551713,67.81954887218043,84.7855078906424,4.032984352707558,-2.783528766215751,6.816513118923309,782.015,21.464882090462474,824.944764180925,739.085235819075,1.0575968202058603,0.10979268730361967,18.685714285714287,14934916.7,0.6853224239729155,382533054.0,0.013853765805387663,0.0006506886454824454,0.012752611539572365,0.10718431058635192,0.05342726580350354,0.08896587017281421,99.66692572332992,89.96233480988,1,1,0.06335779440648759,WIPRO.NS,IN,IT Services
2025-09-11,827.42,860.66,841.83,850.2,8882971,816.958,791.638,784.808,789.7912,799.3013153143589,790.768541347392,67.77295105705181,91.92121039109334,8.532773966966943,-0.5202682195792117,9.053042186546154,784.808,26.253173963493357,837.3143479269867,732.3016520730133,1.1227056592262803,0.13380686212913165,19.169999999999998,14909276.65,0.5958015678915202,391416025.0,0.02447312294400472,0.022147729945868947,0.027531362548612017,0.12089650626235993,0.07032253191328652,0.10794010711912128,91.32238261082367,93.19691811135213,1,1,0.025158786167960523,WIPRO.NS,IN,IT Services
2025-09-12,844.69,867.21,856.44,861.23,9656663,829.74,801.2729999999999,788.049,790.3709999999999,808.828805265996,795.9879086550038,75.00878734622142,92.34031035727173,12.840896610992218,2.151964746535075,10.688931864457142,788.049,31.280553720357467,850.610107440715,725.487892559285,1.0848761554314232,0.15877466360755638,18.760714285714283,14879506.25,0.6489907789117143,401072688.0,0.012973418019289529,0.012505370226289697,0.019581148113485873,0.12596747202175518,0.08139023869614914,0.08015602267596433,95.29467306558111,95.42799379991156,1,1,0.024337285045806567,WIPRO.NS,IN,IT Services
2025-09-15,864.43,869.6,860.33,864.45,14544411,844.8639999999999,810.722,791.357,790.9662,817.3859121481505,801.0591746805692,84.63472822232251,89.90607537748186,16.326737467581324,4.986919290744326,11.339818176837,791.357,35.61812461447341,862.5932492289468,720.1207507710532,1.0130323451201988,0.18003568358871352,17.974999999999998,14744826.35,0.9864076841835656,415617099.0,0.003738838637762365,0.010723581467972998,2.3136633388559354e-05,0.12272066081354871,0.08287714990792838,0.09586349403547034,96.02255174470173,94.21320247370217,1,1,0.020672103649719498,WIPRO.NS,IN,IT Services
2025-09-16,868.01,899.91,893.92,896.58,4310030,860.47,823.6510000000001,796.0285,792.4126000000001,829.569617971512,808.1347913709105,90.89847009735743,100.0,21.43482660060147,8.276500752715757,13.158325847885711,796.0285,42.674232244190236,881.3769644883805,710.6800355116195,1.0890644934367872,0.21443570045111018,18.99214285714285,14176740.65,0.30402119939880545,419927129.0,0.03716814159292037,0.006680943139478159,0.032914367345960455,0.1685021308762007,0.1163294527796801,0.09532710280373835,97.6517876024424,96.32300413757508,0,0,-0.013674184121885369,WIPRO.NS,IN,IT Services
2025-09-17,899.06,887.86,878.16,882.47,13520835,870.9860000000001,835.6890000000001,800.9565,794.0557999999999,837.7081382835872,813.6411031212228,83.52171326591314,84.68634686346864,24.06703516236439,11.434607634645484,12.632427527718907,800.9565,46.70190070232702,894.360301404654,707.552698595346,0.9363500134535323,0.233230647118882,19.64357142857142,14351175.65,0.9421412146020793,406406294.0,-0.01573758058399699,0.010991875077893927,-0.018452606055192607,0.15796034589090535,0.12572871885803227,0.06335779440648759,87.7018545935569,93.79206464690036,0,0,-0.014742710800367154,WIPRO.NS,IN,IT Services
2025-09-18,887.03,873.0,870.46,871.59,16134333,875.2640000000001,846.1110000000001,806.1225000000001,795.3974000000001,842.9207323938047,817.9336140011391,78.16905126445278,72.74214659685865,24.987118392665593,14.145109786249508,10.842008606416085,806.1225000000001,48.572905580976034,903.2683111619522,708.976688838048,0.8369548270589966,0.24101997193188776,19.852142857142844,14710445.55,1.0967942370179102,390271961.0,-0.01232903101521865,0.0029142142521105673,-0.017406401136356758,0.1358145353610385,0.13448397047912852,0.025158786167960523,80.02961709272954,88.46108642957627,1,1,0.004784359618627887,WIPRO.NS,IN,IT Services
2025-09-19,875.75,886.42,878.81,882.19,9518782,879.4560000000001,854.598,810.7905000000001,797.4416,848.9621581793733,822.6933462973581,78.78725696403836,69.5132365499573,26.268811882015257,16.56985020540266,9.698961676612598,810.7905000000001,51.23662623707128,913.2637524741426,708.3172475258575,0.8483811544733008,0.2527736880834597,19.28857142857141,14401704.6,0.6609482421304321,399790743.0,0.012161681524569978,0.008626259649272137,0.007353696831279133,0.10644408769377423,0.11835249673567172,0.024337285045806567,87.50440730493268,85.07862633040638,0,0,-0.012933721760618577,WIPRO.NS,IN,IT Services
2025-09-22,883.77,883.43,881.43,882.32,25103951,883.03,863.9470000000001,816.114,799.47,854.0941338440851,827.1101354605228,79.89500493788661,64.8374841705361,26.98399838356238,18.652679841034605,8.331318542527775,816.114,52.91874768776686,921.9514953755338,710.2765046244663,0.8127719517750982,0.2593693904905542,18.534999999999986,14271691.6,1.7590030631685551,424894694.0,0.0001473605459141325,0.002266751292045667,-0.0016406983717463719,0.11851729777011522,0.1372301346909841,0.020672103649719498,87.59607926036537,85.0433678860092,0,0,-0.015425242542388307,WIPRO.NS,IN,IT Services
2025-09-23,880.76,884.88,883.87,884.32,9795454,880.5780000000001,870.524,822.4789999999999,801.5992,858.7442670988412,831.3479032041931,82.3035044135525,64.2233357193987,27.39636389464806,20.401416651757298,6.994947242890763,822.4789999999999,53.09236062600253,928.663721252005,716.2942787479949,0.7911953775931828,0.25820652260270704,18.061428571428557,13788122.95,0.7104268887864182,434690148.0,0.0022667512920482302,0.0011421204993654433,0.00404196375856762,0.08034939832630883,0.1681593617077488,-0.013674184121885369,88.36045990676159,87.82031549068654,0,0,-0.031493124660756266,WIPRO.NS,IN,IT Services
2025-09-24,886.15,871.22,868.06,869.46,5390905,877.976,874.4810000000001,828.4745,803.6318000000001,860.3928413913271,834.1710214853672,75.68043467324043,24.21072651198176,26.221819905959933,21.565497302597826,4.656322603362106,828.4745,51.15859309152897,930.791686183058,726.1573138169421,0.7002864891435328,0.24700141327930905,18.719999999999995,13781500.3,0.3911696470978818,429299243.0,-0.016803871901574063,0.0036344397672077467,-0.01883428313488812,0.04768101796623658,0.15997598559135495,-0.014742710800367154,74.59536125417496,83.51730014043397,0,0,-0.05260736549122447,WIPRO.NS,IN,IT Services
2025-09-25,862.58,882.4,870.46,875.76,10156721,878.8100000000001,877.037,834.3375,805.7570000000001,862.7570196388153,837.2516865605285,72.39607126541799,42.50614250614246,25.505333078286867,22.353464457735637,3.1518686205512303,834.3375,49.40638344383595,933.1502668876719,735.524733112328,0.7096009519011777,0.23686521794250776,17.337857142857136,13889611.65,0.7312458061960425,439455964.0,0.007245876751086788,0.013633872293763482,0.015279742168824538,0.030063514467184138,0.15459459459459457,0.004784359618627887,79.85149340831096,80.9357715230825,0,0,-0.07310221978624276,WIPRO.NS,IN,IT Services
2025-09-26,871.39,871.34,870.34,870.78,21351394,876.528,877.992,839.6324999999999,807.6974,863.9913243097668,839.7352653338253,73.876813705495,48.95806534602514,24.256058975941528,22.73398336137682,1.5220756145647094,839.6324999999999,47.19600494633059,934.0245098926612,745.2404901073387,0.6649901301749731,0.22484124874286981,16.314285714285706,14481937.65,1.474346392152407,418104570.0,-0.005686489449164167,0.0011483956912180478,-0.000700030984977236,0.011088791611996829,0.13845309068089118,-0.012933721760618577,67.42703790598873,73.95796418949155,0,0,-0.08099634810170186,WIPRO.NS,IN,IT Services
2025-09-29,872.47,874.03,864.46,868.71,11214260,873.8059999999999,878.418,844.57,809.6324000000001,864.7172744159565,841.8815419757661,67.42150597388166,27.785102175345983,22.835732440190327,22.75433317713952,0.08139926305080536,844.57,44.61853544506433,933.8070708901287,755.3329291098714,0.6352576892011988,0.21131953749250615,14.154285714285704,14835594.05,0.7559022716786813,406890310.0,-0.002377179080824021,0.011016334565031967,-0.004309603768606005,0.004927988894672941,0.12825341576185778,-0.015425242542388307,55.59350981987493,67.62401371139154,0,0,-0.08018786476499651,WIPRO.NS,IN,IT Services
2025-09-30,866.71,857.66,855.51,856.47,11379142,868.2360000000001,874.4070000000002,849.0289999999999,811.1856000000001,863.4484629673478,842.9621684960806,59.17437525887065,19.552414605418065,20.48629447126723,22.300725435965067,-1.8144309646978378,849.0289999999999,40.78003793136412,930.5890758627281,767.4689241372716,0.5456166814507278,0.1921255360244048,14.265714285714271,13047414.35,0.8721376375896549,395511168.0,-0.01408985737472801,0.0025103039219090766,-0.011814793875677208,-0.04473666599745707,0.11622724132987527,-0.031493124660756266,25.206611569813944,49.409053098559205,0,0,-0.042803600826649024,WIPRO.NS,IN,IT Services
2025-10-01,857.55,826.2,821.73,823.72,12161138,859.088,868.5319999999999,852.1105000000001,811.9108,857.336391741602,841.5368226815549,41.58296249205339,8.606557377049128,15.799569060047133,21.000494160781482,-5.200925100734349,852.1105000000001,35.9015182899775,923.9135365799551,780.3074634200451,0.3023029292870598,0.16852987160672409,14.549285714285702,13408895.6,0.9069454678321556,383350030.0,-0.03823835043842749,0.005426601272270432,-0.03944959477576874,-0.06657450111618524,0.0808697135508929,-0.05260736549122447,2.5454080327124022,27.78184314080043,1,0,0.010610401592774155,WIPRO.NS,IN,IT Services
2025-10-02,831.4,820.02,805.12,811.74,13061024,846.284,862.5470000000001,854.3290000000001,811.9290000000001,850.321562242894,839.3296506310677,34.36334913112164,8.95904436860063,10.991911611826254,18.998777650990437,-8.006866039164183,854.3290000000001,31.489222366746723,917.3074447334935,791.3505552665066,0.16187637547746497,0.14743370465808778,14.662857142857133,12629231.85,1.0341898162088285,370289006.0,-0.014543777011605918,0.018355631113388057,-0.023646860716834642,-0.06866760747599221,0.057820868681340176,-0.07310221978624276,6.9838590567888685,11.57862621977174,1,1,0.033803927365905206,WIPRO.NS,IN,IT Services
2025-10-03,811.66,804.44,796.91,800.25,10490601,832.1780000000001,854.3530000000001,854.4755000000001,811.5236,842.6182449747563,836.4348616954311,30.72303627191927,0.0,6.183383279325199,16.43569877665739,-10.25231549733219,854.4755000000001,31.21566264670587,916.9068252934119,792.0441747065884,0.06571881387092594,0.1461278299807044,15.059999999999993,12852640.5,0.816221396978979,359798405.0,-0.014154778623697295,0.009409559512640647,-0.014057610329430934,-0.0928824856323468,0.003674810615561963,-0.08099634810170186,3.24271844657049,4.25732851202392,1,1,0.044361137144642404,WIPRO.NS,IN,IT Services
2025-10-06,806.41,799.47,798.71,799.05,22132725,818.246,846.0260000000001,854.9865,811.3022,835.9154380555631,833.6656126809529,14.034958330260324,0.0,2.249825374610168,13.598524096247944,-11.348698721637776,854.9865,30.149946543538174,915.2863930870764,794.6866069129236,0.036180769680131925,0.1410546086681038,12.637142857142853,13022121.25,1.699625036157221,337665680.0,-0.001499531396438658,0.0009511294662399597,-0.009126870946529541,-0.09437619004442843,0.0129558967077823,-0.08018786476499651,2.3529411764447015,4.19317289326802,1,1,0.04627995744947122,WIPRO.NS,IN,IT Services
2025-10-07,804.84,821.55,818.43,819.81,6272579,810.914,839.575,855.0494999999999,811.7802,833.4376783547073,832.6392710008818,27.973847019122587,22.959522229595194,0.7984073538254961,11.038500747763454,-10.240093393937958,855.0494999999999,30.071016378764014,915.1915327575279,794.9074672424719,0.20703101986691663,0.14067497322074962,12.92857142857142,12265657.65,0.5113935728188554,343938259.0,0.02598085226206126,0.0038057598711850296,0.01859997018038531,-0.07294870635064243,0.0015393073117098144,-0.042803600826649024,25.583733660757616,10.393131094590936,1,1,0.04015564582037312,WIPRO.NS,IN,IT Services
2025-10-08,810.51,841.66,825.11,832.46,19006511,812.662,835.875,855.1780000000001,812.8722,833.2872663001368,832.625991667483,36.414137907089795,36.78300121105364,0.6612746326537717,8.963055524741518,-8.301780892087747,855.1780000000001,29.96314343005065,915.1042868601014,795.2517131398988,0.3104504618036322,0.14014927152015422,13.631428571428566,12704221.5,1.4960782527226677,362944770.0,0.01543040460594547,0.019880835115176795,0.02708171398252084,-0.04255514917304992,0.0030967959609105034,0.010610401592774155,39.716232822704626,22.55096921996898,1,1,0.03207361314657753,WIPRO.NS,IN,IT Services
2025-10-09,834.18,840.24,838.33,839.18,6477493,818.15,832.217,854.6270000000001,814.0274000000001,834.1938407155004,833.1114737661883,34.65353600228356,61.92901234567894,1.0823669493121315,7.386917809655641,-6.304550860343509,854.6270000000001,30.160180109040954,914.9473602180819,794.3066397819182,0.371958655879001,0.14116184070480173,13.12785714285714,12583947.6,0.514742487107743,369422263.0,0.008072459938014864,0.0022760313639477734,0.005993910187242569,-0.041769434548278084,-0.012961656080922257,0.033803927365905206,48.050471751187295,37.78347941154985,1,1,0.030732381610619974,WIPRO.NS,IN,IT Services
2025-10-10,835.93,842.8,830.11,835.75,4798061,825.25,828.7139999999999,853.3530000000001,814.9634,834.4332498361927,833.3069201538781,33.76559994422365,71.34222222222222,1.1263296823145765,6.134800184187428,-5.008470501872852,853.3530000000001,30.403750478471615,914.1605009569433,792.5454990430568,0.35525634400910755,0.14251429585850642,13.891428571428564,12341017.5,0.3887897096985958,364624202.0,-0.004087323339450388,0.015183966497140003,-0.0002153290347274708,-0.04022830106341435,-0.029585592698814556,0.044361137144642404,44.15141525469877,43.972706609530235,1,1,0.03678133413102014,WIPRO.NS,IN,IT Services
2025-10-13,838.58,839.46,833.29,836.03,8529156,832.646,825.4460000000001,851.932,815.8818000000001,834.6789037075476,833.5086297721095,32.961682308940766,89.7202486678508,1.1702739354381038,5.1418949344375635,-3.9716209989994598,851.932,30.52171868650619,912.9754373730124,790.8885626269877,0.3697484882510879,0.14330589148650527,14.149285714285716,12040254.75,0.7083866137976347,373153358.0,0.0003350284175889229,0.0073801179383427545,-0.0030408547783121794,-0.03761899828481319,-0.03287639539591658,0.04627995744947122,45.75973798051515,45.9872083288004,1,1,0.05944762747748289,WIPRO.NS,IN,IT Services
2025-10-14,835.4,859.65,847.19,852.73,11151887,839.2299999999999,825.0719999999999,849.7395,817.0284000000001,837.4559954448479,834.932434974176,44.17276210379658,94.33432441361091,2.523560470671896,4.61822804168443,-2.0946675710125344,849.7395,28.66410068634941,907.0677013726988,792.4112986273012,0.5260822765049984,0.13493123803855495,14.674999999999995,12382347.6,0.9006277694362441,384305245.0,0.019975359735894704,0.014611893565355166,0.020744553507277108,-0.004366761240907402,-0.048908072899239374,0.04015564582037312,65.29418645379238,51.73511322966876,1,1,0.024204613418080667,WIPRO.NS,IN,IT Services
2025-10-15,851.27,869.81,850.64,859.16,29622791,844.5699999999999,828.616,848.574,818.2828,840.7950730687174,836.727069420534,44.22327394209353,92.57736420688173,4.068003648183435,4.508183162984231,-0.4401795148007963,848.574,27.72161903829842,904.0172380765968,793.1307619234032,0.5954670070386185,0.13067390251535274,15.119999999999996,13187445.4,2.246287120454192,413928036.0,0.0075404876103806195,0.022312491270517303,0.009268504704724375,0.043024328655368205,-0.0264144956769069,0.03207361314657753,80.71836099480396,63.924095143037164,1,1,0.0027585083104426644,WIPRO.NS,IN,IT Services
2025-10-16,863.84,874.26,857.54,864.97,6102947,849.7280000000001,833.939,848.243,819.7656,844.5142925966072,838.8191383523471,47.989758494221874,91.28778257556526,5.695154244260152,4.745577379239416,0.9495768650207363,848.243,27.470727405909987,903.18445481182,793.3015451881801,0.6522256741893658,0.12954178180487247,15.927142857142858,12685876.1,0.48108198998711726,420030983.0,0.0067624191070347894,0.019330150178596597,0.001308112613445415,0.06557518417227204,-0.007595314310627654,0.030732381610619974,87.9896574002846,78.00073494962697,1,1,0.0063470409378361126,WIPRO.NS,IN,IT Services
2025-10-17,867.99,868.93,864.54,866.49,12546586,855.876,840.5629999999999,847.458,821.2114,847.8951706586677,840.8688318077294,49.22895248680189,89.96195493122636,7.026338850938259,5.201729673579185,1.8246091773590747,847.458,26.662023179032957,900.7820463580658,794.1339536419341,0.6784560746902394,0.12584469403322154,15.557142857142862,12837266.3,0.977356450309327,432577569.0,0.0017572863798744898,0.005066417385076481,-0.0017281305084140047,0.08277413308341153,-0.017796619775785283,0.03678133413102014,89.95475113005878,86.22092317504911,0,0,-0.022666158870846775,WIPRO.NS,IN,IT Services
2025-10-20,860.16,889.79,882.49,885.73,24351601,865.816,849.231,847.6285,823.2022000000001,853.7159136342573,844.191881303454,59.69130895601483,100.0,9.524032330803266,6.066190205024002,3.4578421257792638,847.6285,26.90647706700349,901.441454134007,793.815545865993,0.8540179182903082,0.12697297019612602,16.27857142857143,12799648.8,1.9025208799071986,456929170.0,0.022204526307285644,0.008241789258568314,0.029727027529727404,0.10847881859708419,0.0038648109529422214,0.05944762747748289,95.62876830215737,91.19105894416691,0,0,-0.04631208155984323,WIPRO.NS,IN,IT Services
2025-10-21,887.2,890.51,859.66,873.37,10599895,869.9439999999998,854.5870000000001,847.0809999999999,824.9014,856.7396192289868,846.3532234291247,69.01279007428964,80.08378988076055,10.386395799862157,6.930231323991634,3.456164475870523,847.0809999999999,26.223307411122633,899.5276148222451,794.6343851777547,0.7506262805364036,0.12382904308367991,16.000714285714285,12839870.85,0.8255452331481019,446329275.0,-0.01395459112822195,0.035322944456490035,-0.01558836789899059,0.06533221112208931,-0.012382395512936517,0.024204613418080667,81.68803418716146,89.09051787312586,0,0,-0.0323001706035243,WIPRO.NS,IN,IT Services
2025-10-22,874.41,864.12,859.45,861.53,12295189,870.418,857.494,846.6845000000001,826.3760000000001,857.4766008860657,847.4774291010417,69.086866518439,57.69230769230764,9.999171785024032,7.544019416198114,2.4551523688259183,846.6845000000001,25.925383715362187,898.5352674307244,794.8337325692758,0.6431560296498138,0.1224795480032127,15.666428571428566,13185085.05,0.9325073005496236,434034086.0,-0.013556682734694347,0.005420588952206584,-0.01472993218282644,0.034920596785431135,-0.009120603593034793,0.0027585083104426644,69.03846153772393,82.11842134234759,1,0,0.005420588952212979,WIPRO.NS,IN,IT Services
2025-10-23,859.08,884.13,859.52,870.46,19829017,871.516,860.622,846.4195,827.8984000000002,859.4740469035941,849.1798417602241,77.45366387737545,59.46398659966502,10.294205143369936,8.09405656163248,2.200148581737457,846.4195,25.63803721753511,897.6955744350702,795.1434255649298,0.7344221965519964,0.12115995540038862,16.36499999999999,13668699.85,1.45068775866874,453863103.0,0.010365280373289432,0.02827240769245197,0.013246729058977917,0.03727448223265584,-0.006051886361560177,0.0063470409378361126,78.15904139348415,76.29517903945651,1,0,0.0012751878317212029,WIPRO.NS,IN,IT Services
2025-10-24,871.28,856.74,838.93,846.85,8654343,867.588,861.732,845.223,828.9072,857.5318858415027,849.0072608890964,65.90364652648391,38.309677419354855,8.52462495240627,8.180170239787238,0.34445471261903293,845.223,24.99156617739871,895.2061323547973,795.2398676452026,0.5162754905788496,0.11827205921925511,18.50714285714286,13033847.3,0.663989851715552,445208760.0,-0.027123589826068994,0.021030879140318863,-0.02803920668438609,0.013281483697277885,-0.027481108890879402,-0.022666158870846775,39.428412874036866,62.20863860174831,1,1,0.06395465548798485,WIPRO.NS,IN,IT Services
2025-10-27,853.62,856.92,834.95,844.71,13024094,859.384,862.6,844.0229999999999,829.8356,855.559288019733,848.6889452676818,59.456174996202364,36.059907834101416,6.870342752051215,7.918204742240033,-1.0478619901888182,844.0229999999999,24.372993272307273,892.7689865446144,795.2770134553854,0.5070467339794662,0.1155086687082148,18.46928571428571,13124339.0,0.9923618254327455,432184666.0,-0.0025270118675090325,0.026008926140301293,-0.010437899768034407,0.010382402545363378,-0.02762717132299619,-0.04631208155984323,29.969418959786445,49.18562440910248,1,1,0.04788625682186787,WIPRO.NS,IN,IT Services
2025-10-28,842.46,862.82,831.04,845.16,5525142,853.742,861.8430000000001,843.4575000000001,830.6757999999999,853.9593975551587,848.42754191452,55.31558680729949,15.809876959379721,5.531855640638696,7.440934921919767,-1.9090792812810706,843.4575000000001,24.199589356005735,891.8566787120116,795.0583212879886,0.5175881083603984,0.11476376394057573,19.178571428571427,12831639.0,0.4305873606179724,437709808.0,0.0005327272081541157,0.03760234748445559,0.003204899935898116,-0.008877370328239986,-0.01320536621247681,-0.0323001706035243,24.917218542633755,31.438350125485684,1,1,0.05274740877466999,WIPRO.NS,IN,IT Services
2025-10-29,837.27,879.06,855.91,866.2,12017105,854.676,862.5469999999999,845.5815,832.3216,855.8425671620573,849.7440202912226,60.09866945731801,44.728716365240444,6.0985468708347526,7.172457311702765,-1.073910440868012,845.5815,24.240252794177156,894.0620055883543,797.1009944116457,0.7126473285402396,0.11466784831100714,21.044285714285714,12824437.35,0.9370472742769277,449726913.0,0.024894694495716907,0.026725929346540347,0.03455277270171571,0.008194050002327868,0.051570922158014953,0.005420588952212979,59.751655628149884,38.21276437685669,1,1,0.027372431309166334,WIPRO.NS,IN,IT Services
2025-10-30,869.0,875.16,868.71,871.57,8841299,854.8980000000001,863.207,848.573,834.3875999999999,858.2621722140485,851.3607595289101,63.19628647214854,58.15729606759836,6.901412685138439,7.118248386389899,-0.21683570125146012,848.573,23.525328813616174,895.6236576272323,801.5223423727676,0.7443855320945111,0.11089360049677964,20.77785714285714,12613451.1,0.7009420521761842,458568212.0,0.00619949203417236,0.007400438289514934,0.0029574223245075865,0.007630322438928472,0.07370586641042709,0.0012751878317212029,68.15200941536665,50.940294528716755,1,1,0.02798398292736093,WIPRO.NS,IN,IT Services
2025-10-31,873.35,909.13,894.51,901.01,7129339,865.7299999999999,866.659,853.6110000000001,836.6312000000001,864.8387611041949,855.0384810452877,69.70524017467248,68.61669713589274,9.80028005890722,7.654654720893364,2.145625338013855,853.6110000000001,23.420951686342764,900.4529033726857,806.7690966273145,1.0059465626522044,0.10974999940870185,23.01999999999999,12445388.0,0.5728498321747918,465697551.0,0.033778124533887066,0.01622623500292314,0.031671151313869925,0.03983889023531728,0.12591065292096215,0.06395465548798485,89.60174157908052,72.50180220753235,1,0,0.0003884529583466634,WIPRO.NS,IN,IT Services
2025-11-03,903.58,888.24,882.7,885.16,7429750,873.82,866.6020000000001,857.9164999999999,838.8174,867.9651055497033,857.2697046715629,59.88538681948422,75.78408937945886,10.69540087814039,8.26280395234277,2.43259692579762,857.9164999999999,20.609104598882222,899.1347091977643,816.6982908022355,0.8304789379428837,0.09608909304743843,22.64071428571427,11710239.25,0.6344660605917116,458267801.0,-0.017591369685131197,0.006258755479228281,-0.02038557736999456,-0.000643536969505476,0.10776547149740323,0.04788625682186787,69.30464848163264,75.68613315869327,1,1,0.002270775904921196,WIPRO.NS,IN,IT Services
2025-11-04,885.04,893.37,886.84,889.74,10573342,882.7360000000001,868.2389999999999,861.4129999999999,841.4717999999999,871.3150893112874,859.6749117329289,59.427796275743006,79.34315130978754,11.640177578358475,8.938278677545911,2.701898900812564,861.4129999999999,19.716528225384668,900.8460564507692,821.9799435492306,0.8591783461485687,0.09155435650663162,21.857857142857135,11925277.4,0.8866327179414109,468841143.0,0.005174205793302855,0.007339222694261957,0.005310494440923275,0.018743487868829956,0.08530025249752993,0.05274740877466999,75.16967601389207,78.02535535820175,0,1,-0.021500663115067264,WIPRO.NS,IN,IT Services
2025-11-05,885.21,891.06,888.99,889.91,5382997,887.4780000000001,871.077,864.2855,844.279,874.1758448018586,861.9145479008604,57.96601507601889,79.26749509483321,12.261296900998218,9.602882322236374,2.6584145787618443,864.2855,19.459628782883836,903.2047575657676,825.3662424342323,0.8292007813338842,0.09006111421682454,20.811428571428557,11244101.7,0.4787395796375997,474224140.0,0.00019106705329652307,0.0023260779179890218,0.005309474587944806,0.032941394960129156,0.06901232491651244,0.027372431309166334,75.387373542382,73.28723267930224,0,0,-0.004067827083637732,WIPRO.NS,IN,IT Services
2025-11-06,885.65,904.14,889.41,895.96,12099209,892.356,873.6270000000001,867.1245000000001,847.0282,877.5272532938804,864.4364332415378,59.14819643633203,74.21086885779366,13.090820052342679,10.300469868257636,2.7903501840850424,867.1245000000001,19.743960162387502,906.6124203247751,827.6365796752251,0.8651179875006381,0.09107785635103027,21.549999999999986,11525187.5,1.0498057363660473,486323349.0,0.006798440291714947,0.016440466092217932,0.011641167504079963,0.029294855593594127,0.06766128840058161,0.02798398292736093,83.13484440923126,77.89729798850178,1,0,0.011786240457163144,WIPRO.NS,IN,IT Services
2025-11-07,892.53,909.43,894.9,901.36,17984510,892.426,879.0780000000001,870.4050000000001,849.7578,881.1938297102065,867.1715122606835,55.30802146301704,74.22345096763698,14.02231744952303,11.044839384510716,2.9774780650123134,870.4050000000001,19.707241388816666,909.8194827776334,830.9905172223667,0.8926856046005679,0.09056584642227021,20.923571428571417,12184509.95,1.4760141029706244,504307859.0,0.006027054779231156,0.016120085204561832,0.009893224877584112,0.06436795182145594,0.07850433742147778,0.0003884529583466634,89.70531955492156,82.74251250217827,1,0,0.006212833939824192,WIPRO.NS,IN,IT Services
2025-11-10,901.54,891.6,883.63,887.17,17676974,892.8280000000001,883.324,872.9620000000001,852.102,882.1132405240209,868.6528817228552,54.62900845297193,35.03460207612457,13.460358801165626,11.5279432678417,1.9324155333239261,872.9620000000001,18.278246374461048,909.5184927489222,836.405507251078,0.694329364374328,0.0837527698774522,19.986428571428558,12641900.85,1.3982843886736869,486630885.0,-0.01574287742966185,0.008983622079185549,-0.01593939259487551,0.05026577168495683,0.06117005370620676,0.002270775904921196,71.60352085633879,81.48122827349721,1,1,0.039789442835082456,WIPRO.NS,IN,IT Services
2025-11-11,888.9,893.36,852.41,870.61,2454455,889.0020000000001,885.869,873.856,854.1684,880.343511212633,868.7978534470882,52.95226947587463,34.50479233226842,11.545657765544775,11.531486167382315,0.014171598162459276,873.856,17.663529003041386,909.1830580060828,838.5289419939172,0.4540578782431426,0.08085327103331065,21.917142857142853,12207029.25,0.20106897007157004,484176430.0,-0.018666095562293483,0.047035986262451625,-0.020575992800066813,0.030112641393345685,0.020967949995895463,-0.021500663115067264,50.478377343405114,70.59573925155514,1,1,0.06517269500694911,WIPRO.NS,IN,IT Services
2025-11-12,866.33,897.53,877.31,886.29,4788271,888.2779999999999,887.8779999999999,875.2125,856.6524000000001,881.2583556414587,870.0935680065631,54.93054257771131,47.02842377260978,11.16478763489556,11.458146460884965,-0.29335882598940444,875.2125,17.516661204008457,910.2458224080169,840.179177591983,0.6580994784098315,0.08005672315689485,22.08214285714285,10965303.25,0.436674705127311,488964701.0,0.018010360551796945,0.022814203026071844,0.023039719275538054,0.023193257908104226,0.031577354625448084,-0.004067827083637732,70.48092868898482,64.18760896290958,1,1,0.06529465524828226,WIPRO.NS,IN,IT Services
2025-11-13,886.85,915.84,899.06,906.52,10242704,890.39,891.3729999999999,877.2900000000002,859.4354000000001,885.1447624658496,872.7918222282995,68.98504613426661,60.632441428754326,12.352940237550115,11.637105216217996,0.7158350213321185,877.2900000000002,18.66429972459964,914.6185994491995,839.9614005508009,0.8915228595555476,0.08509979470678271,21.940714285714275,11172291.1,0.9167952205617682,499207405.0,0.022825486014735663,0.018510347262036774,0.022179624513703308,0.040100049336255106,0.04803634808143631,0.011786240457163144,89.00943396121446,69.98957999786813,1,1,0.05810131050611145,WIPRO.NS,IN,IT Services
2025-11-14,913.55,910.35,904.25,906.96,19379953,891.51,891.9680000000001,879.3135,861.6282000000001,888.5009528557189,875.3227983595366,70.0225152782245,57.58620689655172,13.178154496182287,11.945315072210857,1.2328394239714306,879.3135,19.60201849835065,918.5175369967013,840.1094630032986,0.8525976164326349,0.08916964654052682,20.807142857142853,11513959.45,1.6831700164472947,518587358.0,0.0004853726338085451,0.00672576519360644,-0.007213617207588753,0.00660370029189461,0.046705674618287674,0.006212833939824192,89.52830188573671,83.00622151197867,1,1,0.05121504807268229,WIPRO.NS,IN,IT Services
2025-11-17,909.61,925.41,920.12,922.47,3867897,898.57,895.699,881.1505,864.3009999999999,893.7269601086853,878.8151836662378,72.67022462025687,62.776903522575964,14.91177644244749,12.538607346258186,2.3731690961893044,881.1505,21.829921637132767,924.8103432742655,837.4906567257344,0.9731979881313712,0.09909735799779038,19.854999999999986,10489774.25,0.3687302070652086,522455255.0,0.01710108494310658,0.0057346038353488235,0.014137927243528409,0.042150571648063684,0.041479909227416956,0.039789442835082456,95.97260273841141,91.50344619512087,1,1,0.041334677550489474,WIPRO.NS,IN,IT Services
2025-11-18,920.85,932.47,923.25,927.35,14288271,909.918,899.46,883.8495,866.4770000000001,898.89973547658,882.4103552465167,69.8088759313249,77.40791268758532,16.48938023006326,13.328761923019202,3.160618307044059,883.8495,24.04221035352918,931.9339207070584,835.7650792929417,0.9523346580804514,0.10880680637824418,18.14785714285713,10674193.05,1.338580780251039,536743526.0,0.005290144936962671,0.009942308729163837,0.007058695770204638,0.042270775732236476,0.06180656537320961,0.06517269500694911,93.60479640152879,93.03523367522564,1,1,0.02829568124224946,WIPRO.NS,IN,IT Services
2025-11-19,923.5,955.77,934.86,944.16,4779235,921.492,904.885,887.981,868.7624000000001,905.8628530955676,886.9844030060343,71.89215272332467,100.0,18.878450089533317,14.438699556322028,4.4397505332112885,887.981,26.931042722189193,941.8430854443784,834.1189145556216,1.0215078429983244,0.12131359892681882,19.53785714285713,10298395.35,0.46407565193390526,541522761.0,0.018126920795815904,0.022146670055899237,0.022371413102303842,0.060961220797608684,0.0959107634092835,0.06529465524828226,88.76741485982228,92.78160466658748,0,1,-0.01843967124216228,WIPRO.NS,IN,IT Services
2025-11-20,943.05,963.2,955.98,959.19,3747422,932.0260000000001,911.208,892.4174999999999,870.9422,914.0670295424034,892.3329657463283,69.21654115471,100.0,21.73406379607502,15.897772404272626,5.836291391802394,892.4174999999999,30.90769430262244,954.2328886052447,830.6021113947551,1.040096095046587,0.13853468495446486,18.215,9494315.6,0.3947016049580651,545270183.0,0.015918912048805467,0.007527184395158936,0.01711468108794124,0.07057234697977588,0.10193460928704368,0.05810131050611145,96.3805397590362,92.9175836734624,0,0,-0.03019214128587666,WIPRO.NS,IN,IT Services
2025-11-21,956.28,975.71,935.58,953.41,11781946,941.316,916.4129999999999,897.7455,872.7858,920.1197942281875,896.8571905058598,74.14903403863842,90.11120615911022,23.262603722327754,17.370738667883654,5.8918650544441,897.7455,31.810592488552544,961.366684977105,834.124315022895,0.9374682742791898,0.14173545838332616,19.773571428571433,9650695.75,1.220838899533342,533488237.0,-0.006025917701393935,0.04209102065214116,-0.003001213033836328,0.0577460726014023,0.12583102084194353,0.05121504807268229,81.91403081847591,89.0206618124448,0,0,-0.01664551452155949,WIPRO.NS,IN,IT Services
2025-11-24,953.62,967.22,955.29,960.6,8103565,948.942,923.756,903.5400000000002,874.7088,926.3475181930818,901.5788800980184,74.61784324624789,91.13496932515326,24.768638095063352,18.850318553319592,5.9183195417437595,903.5400000000002,32.19411633070293,967.928232661406,839.1517673385944,0.9430933855500774,0.14252436563148183,20.17357142857143,9404669.3,0.8616532787970248,541591802.0,0.0075413515696289846,0.012419321257534503,0.007319477359947042,0.0827688041750736,0.13719501367333176,0.041334677550489474,87.74533657674172,88.67996905141793,0,0,-0.034186966479283765,WIPRO.NS,IN,IT Services
2025-11-25,955.73,958.32,949.81,953.59,18258849,954.1899999999999,932.0540000000001,908.9615,875.8489999999999,930.5386692402999,905.4315556463135,71.11966038737064,77.44268077601404,25.107113593986355,20.101677561452945,5.00543603253341,908.9615,30.95130832621264,970.8641166524253,847.0588833475747,0.8604734534060365,0.1362051454376389,20.796428571428585,10041354.65,1.81836493362328,523332953.0,-0.007297522381844668,0.008924170765204312,-0.0022391261130211954,0.09531248205281351,0.12829523403852527,0.02829568124224946,82.06001621993464,83.90646120505075,0,0,-0.03551840937929296,WIPRO.NS,IN,IT Services
2025-11-26,951.01,940.83,915.49,926.75,4910199,950.708,936.1,911.9890000000001,876.7346000000001,929.9557970494845,907.0106996725126,58.97406004080441,49.61861174675819,22.945097376971944,20.670361524556746,2.2747358524151977,911.9890000000001,29.474570645487674,970.9381412909755,853.0398587090248,0.6252011452254559,0.12927599190540837,22.465714285714302,9686009.35,0.5069372035102151,518422754.0,-0.02814626831237743,0.02734286485025378,-0.025509721243703518,0.045650972029471104,0.06990302470561072,-0.01843967124216228,60.29197080243072,76.69910786636903,1,1,0.002859455084974316,WIPRO.NS,IN,IT Services
2025-11-27,932.33,930.84,929.75,930.23,5771271,944.9159999999999,938.4709999999999,914.9220000000001,877.9074,929.9979821187947,908.7306478449192,58.509697577079514,39.3387417725395,21.267334273875463,20.78975607442049,0.47757819945497104,914.9220000000001,28.128693647497684,971.1793872949955,858.6646127050047,0.6360532432753556,0.12297745008849695,21.72000000000002,9532507.95,0.6054304307786672,524194025.0,0.0037550579983813837,0.001171753222320136,-0.0022524213529520345,0.0261549662445395,0.06730383101758886,-0.03019214128587666,63.11435523063168,68.48878075099901,1,0,0.0046762628597227796,WIPRO.NS,IN,IT Services
2025-11-28,923.03,942.39,933.66,937.54,30123709,941.742,941.5290000000001,916.7485,879.0144,931.158292562057,910.8646739304806,65.47465437788017,31.20985939940978,20.29361863157635,20.690528585851666,-0.3969099542753156,916.7485,28.362830434604643,973.4741608692093,860.0228391307908,0.6832636207381967,0.12375403040015312,21.32214285714287,10682226.45,2.8199838602013667,554317734.0,0.00785827161024688,0.009311602704941344,0.015719965764909343,0.03371703272470672,0.04054339019544728,-0.01664551452155949,69.04298458986985,64.14977020764408,0,0,-0.00632506346395878,WIPRO.NS,IN,IT Services
2025-12-01,935.41,940.6,917.5,927.76,8496588,935.174,942.058,918.8785,879.9232,930.6354783217406,912.1161795652598,68.3208309290248,29.18357409511445,18.519298756480794,20.256282619977494,-1.7369838634967003,918.8785,27.450658754419685,973.7798175088394,863.9771824911606,0.5808860370062076,0.11949635889571827,20.04714285714287,10735568.35,0.7914427007078111,545821146.0,-0.010431554920323327,0.024898680693255935,-0.008178232005208197,0.005734603835354957,0.048126892313254066,-0.034186966479283765,51.27032520273099,61.14255500774417,1,1,0.010272053117185376,WIPRO.NS,IN,IT Services
2025-12-02,927.3,919.91,919.57,919.72,4982085,928.4,941.2950000000001,920.3775000000002,880.6311999999999,928.9561739645499,912.6794255233887,61.26879255713612,17.275056035862917,16.276748441161203,19.460375784214236,-3.1836273430530326,920.3775000000002,26.580513811298744,973.5385276225977,867.2164723774026,0.49381595851417975,0.1155200504630758,18.709285714285727,10456005.5,0.4764806716598732,540839061.0,-0.008666034319220417,0.00036967772800368425,-0.008174269384224903,-0.008227745727071745,0.033695236810753704,-0.03551840937929296,26.953685583470996,49.08899845869061,1,1,0.04191493063106155,WIPRO.NS,IN,IT Services
2025-12-03,920.86,937.44,922.96,929.4,8861677,928.93,939.8190000000001,922.3520000000001,881.83,929.0244548930806,913.9179865957302,58.30309188561474,31.429448794718184,15.106468297350375,18.589594286841464,-3.4831259894910893,922.3520000000001,25.648550302707708,973.6491006054155,871.0548993945847,0.5686978398023449,0.11123107144638872,17.864285714285725,10629939.5,0.8336525496074038,549700738.0,0.010524942373765889,0.015579944049907939,0.009273939578210249,-0.01563294356888667,0.04437527390410256,0.002859455084974316,35.194514413165436,37.80617506645581,1,1,0.03062190660641284,WIPRO.NS,IN,IT Services
2025-12-04,928.05,940.22,930.07,934.58,12211263,929.8,937.358,924.283,883.0064,929.879154140299,915.4485061071576,59.689868088689295,59.00621118012428,14.430648033141324,17.757805036101438,-3.3271570029601136,924.283,25.00265840600475,974.2883168120095,874.2776831879905,0.6029590517155177,0.10820347623391403,18.201428571428583,10635542.2,1.1481560246024858,561912001.0,0.005573488272003546,0.010860493483692264,0.007036258822254243,-0.025657064815104436,0.043104602884057375,0.0046762628597227796,31.700431749722718,31.282877248786388,1,1,0.027231483661109834,WIPRO.NS,IN,IT Services
2025-12-05,933.57,932.65,930.78,931.61,17298216,928.6139999999999,935.1780000000001,925.7955,884.2230000000001,930.1454381187144,916.6456538029239,53.51592552700415,51.60614525139664,13.49978431579052,16.906200892039255,-3.406416576248734,925.7955,24.45187916035525,974.6992583207104,876.8917416792895,0.559448396187765,0.10564699940895732,17.155000000000022,10601227.5,1.6317180598456114,544613785.0,-0.003177898093261189,0.0020072777235087616,-0.0020994676349903453,-0.022865294049779217,0.033560397621372084,-0.00632506346395878,26.76851544292978,31.221153868605978,1,1,0.04969890834147339,WIPRO.NS,IN,IT Services
2025-12-08,935.47,937.49,937.13,937.29,13122322,930.5200000000001,932.8470000000001,928.3014999999999,885.5945999999999,931.244601485066,918.174864632337,53.80027527144821,49.69755625453666,13.06973685272908,16.13890808417722,-3.0691712314481414,928.3014999999999,22.797260979267065,973.896021958534,882.7069780414658,0.5985699554825474,0.09823214108451826,16.860714285714305,10373494.9,1.2649855098511196,557736107.0,0.0060969719088459495,0.0003840860352715057,0.0019455460891295187,-0.02426608369768901,0.056494245747714666,0.010272053117185376,36.20059780743597,31.55651500002949,1,1,0.021764875332074496,WIPRO.NS,IN,IT Services
2025-12-09,935.89,960.37,956.59,958.27,6855231,938.2299999999999,933.3149999999999,932.6845,887.6306,935.4023551027482,921.1448746595713,55.22786217117451,79.04054825813822,14.25748044317686,15.76262255597715,-1.5051421128002893,932.6845,19.276622185788447,971.2377443715768,894.1312556284231,0.8318203229872783,0.08267156658341705,16.47928571428574,10593533.7,0.647114602834123,564591338.0,0.022383680611123502,0.003944608513254123,0.02391306670653184,0.004907769586509847,0.10068802333995697,0.04191493063106155,71.0395217523905,44.66954500091875,1,1,0.012866937293247283,WIPRO.NS,IN,IT Services
2025-12-10,951.29,960.91,955.43,957.86,15622524,943.9219999999999,936.426,936.2629999999999,890.3134,938.8573773946331,923.8645135736773,49.44735311227456,92.47216035634744,14.99286382095579,15.60867080897288,-0.6158069880170896,936.2629999999999,16.678725844270858,969.6204516885416,902.9055483114582,0.8237207716109045,0.07125658428989731,15.51071428571431,11135246.35,1.40297952159994,548968814.0,-0.00042785436254910714,0.005721086588848367,0.0069064112941302274,0.033568923657944394,0.08075234968238387,0.03062190660641284,70.35868482114978,59.19960146032542,1,0,0.0031006618921345375,WIPRO.NS,IN,IT Services
2025-12-11,960.72,968.17,953.52,960.03,13998530,949.0120000000001,939.4060000000002,938.9384999999999,893.2792,942.114703949305,926.5434384941457,52.83584647018506,90.9601497726665,15.571265455159278,15.601189738210161,-0.02992428305088346,938.9384999999999,15.931557982058845,970.8016159641176,907.0753840358822,0.8309704553522184,0.06787050688428213,13.690714285714307,11323037.65,1.2362873988776855,562967344.0,0.002265466769673985,0.0152599397935322,-0.0007182113414931888,0.03203508809649214,0.05902793098883641,0.027231483661109834,84.5482156400048,75.3154740711817,0,1,-0.00536441569534285,WIPRO.NS,IN,IT Services
2025-12-12,964.13,978.48,977.45,977.91,12050871,958.2719999999999,943.443,942.4859999999999,896.8323999999999,947.6216725724888,930.3483689760609,56.79303037438191,93.25214613695348,17.273303596427922,15.935612509853716,1.3376910865742069,942.4859999999999,16.330363195719354,975.1467263914386,909.8252736085611,1.0423026967373783,0.06930761070488918,14.022142857142878,10956583.55,1.0998747780392932,575018215.0,0.018624417986937924,0.0010532666605300278,0.014292678373233569,0.043059496128165176,0.07822836729293448,0.04969890834147339,99.09509445786475,84.66733163967311,0,0,-0.014510537779550248,WIPRO.NS,IN,IT Services
2025-12-15,977.92,967.97,949.47,957.69,11087731,962.3520000000001,946.4359999999999,944.2470000000001,900.0052000000001,949.1706460228752,932.3736749778343,51.45782961171953,69.36441936441945,16.79697104504089,16.107884216891154,0.6890868281497369,944.2470000000001,15.952946304313405,976.1528926086269,912.3411073913733,0.7106664145740679,0.06757954774247206,15.282857142857154,11317575.25,0.9796913009532408,563930484.0,-0.0206767493941159,0.01931731562403354,-0.02068676374343425,0.03226049840475986,0.03818010341799738,0.021764875332074496,66.99476107212271,83.54602372333075,1,0,0.0237133101525544,WIPRO.NS,IN,IT Services
2025-12-16,960.43,977.05,965.44,970.6,9834630,964.818,951.524,946.4095,903.021,952.4674697116637,935.2052546091059,67.3060225747889,72.3347190559207,17.26221510255789,16.3387503940245,0.9234647085333876,946.4095,16.46507834778875,979.3396566955774,913.4793433044225,0.8673001046238801,0.0695896579557637,13.944285714285716,11094893.2,0.8864104355316882,573765114.0,0.013480353767920672,0.01196167319182767,0.01058900700726704,0.055321184708389426,0.046638270340216836,0.012866937293247283,87.07773040198299,84.38919531065682,0,0,-0.020131877189367486,WIPRO.NS,IN,IT Services
2025-12-17,977.5,965.93,956.76,960.83,12005800,965.4119999999999,954.667,947.243,905.5884,953.7540128329463,937.1033838973202,61.50548954730038,52.02020202020207,16.65062893562606,16.40112610234481,0.24950283328124812,947.243,16.76442571257667,980.7718514251534,913.7141485748467,0.7026165439879102,0.07079250292716428,14.640714285714287,11456221.45,1.0479719691546319,561759314.0,-0.010065938594683632,0.00954383189533051,-0.01705370843988021,0.033817516677426385,0.01765590577868159,0.0031006618921345375,71.05608396078955,75.04285847829841,0,1,-0.03821695825484217,WIPRO.NS,IN,IT Services
2025-12-18,957.97,960.38,950.47,954.88,5243832,964.382,956.6970000000001,947.0274999999999,907.9024,953.9272416278776,938.4201702752964,56.587144810819055,47.83744557329461,15.507071352581193,16.22231515239209,-0.7152437998108958,947.0274999999999,16.62993112461218,980.2873622492243,913.7676377507755,0.6180476927496166,0.07024054158762925,14.512142857142862,11531041.95,0.45475782396595793,556515482.0,-0.006192562680182756,0.010378267426262557,-0.0032255707381199893,0.021720986967407763,-0.004493374618167456,-0.00536441569534285,61.29878648636766,73.14420028304674,0,0,-0.00017803284182305035,WIPRO.NS,IN,IT Services
2025-12-19,947.12,966.07,961.85,963.72,28686675,961.5440000000001,959.908,947.543,910.4617999999999,955.4338198389735,940.2942317363855,63.75880012243652,52.44144501786427,15.139588102587936,16.00576974243126,-0.8661816398433224,947.543,16.99400206880667,981.5310041376133,913.5549958623867,0.737981023153983,0.0717392332328505,13.661428571428578,12376278.4,2.3178755159648383,585202157.0,0.009257707774799062,0.004378865230560379,0.017526818143405794,0.03446721267483177,0.010813815672166216,-0.014510537779550248,74.94483109701335,69.09990051472352,0,0,-0.003642136720209188,WIPRO.NS,IN,IT Services
2025-12-22,968.01,985.26,976.52,980.4,10501208,966.086,964.219,948.533,913.3492,959.2747706329775,943.2650293855422,71.7772035601493,51.67406212182331,16.009741247435272,16.00656404343206,0.003177204003211642,948.533,18.319706415679953,985.1724128313599,911.8935871686401,0.9348732353564074,0.07725490379632814,14.615000000000009,12496160.55,0.8403546927576332,595703365.0,0.01730793176441292,0.00891472868216146,0.012799454551076112,0.04599430272381011,0.02061211742660829,0.0237133101525544,92.1990369166581,76.14755150001304,0,0,-0.007823337413300657,WIPRO.NS,IN,IT Services
2025-12-23,972.98,954.53,948.29,951.06,6096383,962.1779999999999,963.4979999999999,948.4064999999998,915.3157999999999,958.0109597663657,943.8424346162428,56.81217763240658,46.02946460653964,14.168525150122832,15.638956264770215,-1.4704311146473827,948.4064999999998,18.29166283336038,984.9898256667205,911.8231743332791,0.5362665223992703,0.07714693154608737,15.642857142857151,11888037.25,0.5128165700509922,589606982.0,-0.029926560587515305,0.00656110024603437,-0.022528726181398943,-0.0075239754975111595,-0.0026531318491176403,-0.020131877189367486,38.03225221891574,68.39204007752907,0,1,-0.0006308750236577731,WIPRO.NS,IN,IT Services
2025-12-24,959.3,932.18,917.65,924.11,9396595,954.8340000000001,960.1229999999999,948.2744999999999,916.6148,952.795427494617,942.3807727928175,47.103734439834014,26.16630780272736,10.414654701799464,14.594095952176064,-4.1794412503766,948.2744999999999,18.464875753109176,985.2042515062183,911.3447484937815,0.17283153806079946,0.07788831505261283,17.256428571428575,12112357.05,0.7757857686513816,580210387.0,-0.02833680314596343,0.0157232364112327,-0.03668299801935084,-0.035234794228801714,-0.0028486646884272604,-0.03821695825484217,9.55479958571881,46.595362907097545,1,1,0.03056995379337968,WIPRO.NS,IN,IT Services
2025-12-25,925.93,970.9,941.76,954.71,6790897,954.8,959.591,949.4984999999999,918.4096,953.0899771108298,943.2940488822384,55.54275842211346,47.414667117269346,9.795928228591379,13.634462407459127,-3.8385341788677483,949.4984999999999,18.011588747507304,985.5216774950145,913.4753225049853,0.5723353735265166,0.07587832417845135,20.327142857142853,12163338.35,0.5583086029742318,587001284.0,0.03311294110008545,0.03052235757451945,0.03108226323800828,-0.005541493494994887,0.026316072369199084,-0.00017803284182305035,54.81437657070242,34.133809458445654,0,0,-0.022205695970504147,WIPRO.NS,IN,IT Services
2025-12-26,954.09,966.78,954.95,960.21,15022886,954.098,957.8209999999999,950.632,920.2840000000001,954.1853652476252,944.5470822983689,55.50432276657063,52.26019845644985,9.638282949256336,12.835226515818569,-3.1969435665622328,950.632,17.932568606892453,986.4971372137849,914.766862786215,0.6335279988233979,0.07545535436161878,20.769285714285704,11408297.2,1.316838474646464,602024170.0,0.00576091169046089,0.012320221618174781,0.006414489199125439,-0.018099825137282477,0.024180301640463364,-0.003642136720209188,62.949267858853055,42.43948133842476,0,0,-0.001208069068224793,WIPRO.NS,IN,IT Services
2025-12-29,958.24,988.72,959.93,972.73,9213857,952.564,959.325,952.8805,922.0239999999999,957.0383859787598,946.634705831823,53.61970561730251,53.70507443046303,10.403680146936836,12.348917242042223,-1.9452370951053872,952.8805,17.731983436089024,988.344466872178,917.4165331278219,0.7798544797704564,0.07443528726244442,21.17714285714285,11444160.65,0.8051141954989774,611238027.0,0.013038814426010958,0.0295971132790913,0.015121472699934137,0.01570445551274413,0.04847158747952052,-0.007823337413300657,77.50105529650342,65.08823324201963,0,0,-0.014207436801579099,WIPRO.NS,IN,IT Services
2025-12-30,965.72,950.52,950.4,950.46,14907415,952.4440000000001,957.311,954.4174999999999,923.5658,956.0263265974121,946.9180609553918,48.3303249097473,38.22928133354303,9.108265642020342,11.700786922037848,-2.5925212800175057,954.4174999999999,15.94898804738478,986.3154760947695,922.5195239052304,0.4379662836808201,0.06684281479485892,22.38071428571428,11940427.15,1.2484824507737606,596330612.0,-0.022894328333658898,0.00012625465564029869,-0.01580168164683779,-0.020750051514527135,0.03342321576131857,-0.0006308750236577731,46.16575207476907,62.205358410041846,0,1,-0.015455674094648986,WIPRO.NS,IN,IT Services
2025-12-31,945.21,967.31,940.4,952.36,5647121,958.094,956.4640000000002,955.5655,925.3824,955.4622763516563,947.3211675512887,48.267293182126245,50.651694405454215,8.141108800367647,10.988851297703809,-2.847742497336162,955.5655,14.841325829156764,985.2481516583135,925.8828483416866,0.44600381331584577,0.06212583367290348,23.256428571428565,11779699.35,0.4793942827246875,601977733.0,0.0019990320476399592,0.02825612163464626,0.007564456575779364,-0.008815295109436683,0.02470411017860985,0.03056995379337968,48.839172645999184,57.50199333909055,0,1,-0.008211180645974259,WIPRO.NS,IN,IT Services
2026-01-01,945.22,935.37,932.02,933.51,12927070,953.854,954.327,955.512,926.6433999999999,952.0850030667862,946.2981181030451,40.01349527665316,55.128764731558256,5.786884963741045,9.948458030911256,-4.161573067170211,955.512,14.922661537647905,985.3573230752958,925.6666769247041,0.1313995337791586,0.06246980273458542,23.391428571428566,11815489.7,1.0940781325315587,589050663.0,-0.01979293544457983,0.0035886064423481636,-0.012388650261301757,-0.022379775469168917,-0.001144899313060499,-0.022205695970504147,22.316026452479022,39.106983724415755,1,1,0.014665081252477341,WIPRO.NS,IN,IT Services
2026-01-02,934.12,959.54,958.65,959.05,13411017,953.622,953.86,956.884,928.8874000000001,953.1565410565114,947.2427019472639,50.29874351990157,52.50635250635246,5.913839109247533,9.141534246578512,-3.2276951373309792,956.884,13.830924313551465,984.5458486271029,929.2221513728971,0.5391513963629053,0.057816514075005994,23.21928571428571,11621129.75,1.1540199734866592,602461680.0,0.02735910702617006,0.0009280016683166242,0.02668821992888843,-0.0048458058357200295,0.029454385418790974,-0.001208069068224793,58.252427183646304,43.135875427374835,1,0,7.298889526108354e-05,WIPRO.NS,IN,IT Services
2026-01-05,960.98,966.33,952.97,958.91,8436359,950.858,951.711,957.9650000000001,931.1714,954.041688586279,948.1069462474665,47.27949732371421,49.1997045062792,5.934742338812498,8.50017586502531,-2.5654335262128125,957.9650000000001,13.041237227342155,984.0474744546844,931.8825255453158,0.5181156124800113,0.05445391941178868,22.79071428571429,11386831.6,0.7408872419886107,594025321.0,-0.00014597779052183402,0.013932485843286734,-0.0021540510728609292,-0.0219196246430029,0.023066500229384612,-0.014207436801579099,58.05543829945041,46.20796397852524,0,0,-0.011679928251869254,WIPRO.NS,IN,IT Services
2026-01-06,954.14,950.52,923.96,935.77,10947506,947.9199999999998,950.182,956.8399999999999,932.9836,951.2306595730051,947.1930983772837,44.509683638594325,29.878048780487774,4.037561195721423,7.607652931164533,-3.5700917354431096,956.8399999999999,13.952204126902974,984.7444082538059,928.935591746194,0.1224610855661382,0.05832617418539528,24.298571428571424,11591445.35,0.9444469369432918,583077815.0,-0.02413156604895139,0.02838304284169354,-0.019252939820132004,-0.016076798519546576,-0.02347981257891829,-0.015455674094648986,25.495989868784342,47.26795178396035,1,1,0.004563087083364392,WIPRO.NS,IN,IT Services
2026-01-07,940.92,964.76,928.37,944.54,15684945,946.356,952.225,956.174,934.5504,950.2013273310043,946.9965725715591,47.762292243767305,46.22159816185851,3.2047547594452226,6.727073296820671,-3.5223185373754484,956.174,14.216362848153214,984.6067256963064,927.7412743036936,0.29541180601959044,0.05947186536399585,26.157857142857136,11594566.4,1.3527839770891323,598762760.0,0.009371961058807221,0.03852669024071131,0.003847298388806867,0.022107757734468825,-0.013905998788967144,-0.008211180645974259,37.83593640019925,40.46245485614467,0,1,-0.008797933385563339,WIPRO.NS,IN,IT Services
2026-01-08,955.96,955.11,940.87,947.2,26437546,949.094,951.4739999999999,955.5325,936.063,949.7395846646959,947.0116412699622,46.3266032197812,46.73830594184579,2.7279433947337566,5.927247316403288,-3.1993039216695314,955.5325,14.322282924054745,984.1770658481095,926.8879341518906,0.3545535644607355,0.059955189065949,26.375714285714277,12216517.2,2.1640819067416444,625200306.0,0.002816185656510095,0.01503378378376792,-0.009163563328999987,-0.007866263053702194,-0.013364165703155018,0.014665081252477341,41.57872519992157,34.97021715630172,0,0,-0.011539273648648707,WIPRO.NS,IN,IT Services
2026-01-09,950.0,962.01,956.82,959.12,24097313,949.108,951.365,954.5930000000001,937.2251999999999,951.1827254855119,947.9085567314465,45.16583371194911,67.7428294305113,3.2741687540653857,5.396631603935708,-2.122462849870322,954.5930000000001,13.36116213818959,981.3153242763792,927.8706757236209,0.5847044582012054,0.05598684313912033,25.89499999999999,12818839.3,1.879835650967584,649297619.0,0.012584459459459518,0.005411210276080709,0.0095999999999899,-0.0011351683485903985,-0.01921444713726206,7.298889526108354e-05,58.35092162574432,45.92186107528838,0,0,-0.05053590791558937,WIPRO.NS,IN,IT Services
2026-01-12,949.52,958.47,939.1,947.71,5689869,946.868,948.863,954.094,938.4762000000001,950.6484600262024,947.8938488254133,49.17148934065393,40.23087525844252,2.7546112007890997,4.868227523306387,-2.113616322517287,954.094,13.425617068983968,980.945234137968,927.2427658620321,0.3811227825213052,0.05628634943294852,25.03142857142856,12548946.2,0.45341405213658087,643607750.0,-0.011896321628159123,0.020438741809181676,-0.0019062263038146002,-0.025721423210962935,-0.010420908644759752,-0.011679928251869254,42.29632756377807,47.408658129814654,0,0,-0.06006056705110219,WIPRO.NS,IN,IT Services
2026-01-13,944.32,948.35,933.39,940.04,5631170,947.722,947.8209999999999,952.566,939.4822,949.0163892529405,947.3120822457532,54.355076822133505,35.61079762086321,1.7043070071872535,4.23544342008256,-2.5311364128953064,952.566,13.185055096340259,978.9361101926805,926.1958898073195,0.2624962522200726,0.05536647369873125,23.71357142857142,12338773.2,0.45638001868937683,637976580.0,-0.008093193065389248,0.01591421641630582,-0.004532361911211829,-0.010963112598110447,-0.031485678961467145,0.004563087083364392,24.830142062618325,41.825797084046904,0,0,-0.05812518616229101,WIPRO.NS,IN,IT Services
2026-01-14,940.61,946.71,927.84,936.23,10081775,946.0600000000001,946.208,951.3359999999999,940.4086,947.0492524447958,946.4911872645863,44.080717488789226,50.49740484429069,0.5580651802094962,3.499967772107947,-2.941902591898451,951.3359999999999,13.516814246234905,978.3696284924697,924.3023715075301,0.22060724285627709,0.05683297697646549,21.71928571428571,12242571.95,0.8235013212643344,627894805.0,-0.0040530190204671745,0.020155303718081934,-0.004656552662628867,-0.016936872611197473,-0.025602864190335417,-0.008797933385563339,18.94688079031889,28.691116805571756,0,0,-0.06002798457643965,WIPRO.NS,IN,IT Services
2026-01-15,939.13,940.87,932.59,936.27,8337030,943.874,946.4839999999998,950.4055000000001,941.2148,945.3909059148272,945.7340622820244,42.05390334572488,38.97627299386832,-0.3431563671972526,2.731342944246907,-3.0744993114441597,950.4055000000001,13.895264045477493,978.1960280909551,922.614971909045,0.2456777367817195,0.05848141259899231,21.448571428571427,12397231.85,0.6724912003245951,636231835.0,4.272454418252636e-05,0.008843602806873156,-0.003045371780261485,0.0029565832181766005,-0.019489359919571014,-0.011539273648648707,19.008647312862664,20.928556721933294,0,0,-0.03847180834588315,WIPRO.NS,IN,IT Services
2026-01-16,937.33,912.41,909.24,910.65,15333072,934.1800000000001,941.644,947.7520000000001,941.4005999999999,940.0461511586998,943.1352428537263,31.043117136924366,19.77840251364303,-3.089091695026468,1.5672560163922318,-4.6563477114187,947.7520000000001,16.109643270867483,979.971286541735,915.5327134582651,-0.07577314680547904,0.06799096502397455,21.322857142857135,11729551.7,1.3072171115271942,620898763.0,-0.02736390143868761,0.0034810300334886927,-0.028463828107466525,-0.0504666075804181,-0.05506786203461589,-0.05053590791558937,2.4281040123569637,13.461210705179504,0,0,-0.006808323724811882,WIPRO.NS,IN,IT Services
2026-01-19,916.51,900.95,882.67,890.79,7946225,922.796,934.832,943.2715000000001,941.4730000000001,932.468281749669,939.2578174571538,31.506849315068465,0.05847098377424231,-6.789535707484788,-0.10410232838317256,-6.685433379101616,943.2715000000001,18.789934952658985,980.851369905318,905.6916300946821,-0.19826612135736907,0.07967985867330488,21.72642857142856,11601802.55,0.6849129073556843,612952538.0,-0.021808598253994393,0.020521110474948714,-0.028062978036215606,-0.07103899218904797,-0.09140146878824973,-0.06006056705110219,9.593572778714638,10.34344136797809,1,1,0.01436926772864533,WIPRO.NS,IN,IT Services
2026-01-20,888.3,887.42,883.79,885.4,15802006,911.868,929.7949999999998,939.9885,941.7688,925.2270076343352,935.2683494973646,29.686931197670162,0.06411283859587513,-10.041341863029402,-2.091550235312419,-7.949791627716983,939.9885,22.689041471459163,985.3665829429184,894.6104170570817,-0.10148530369348265,0.09655029384480784,20.304285714285705,12087083.7,1.3073463446483502,597150532.0,-0.006050808832609222,0.004099841879371917,-0.0032646628391272236,-0.0538273293651218,-0.06903875675561999,-0.05812518616229101,3.2632082237238627,5.0949616715984885,1,1,0.02666591371131699,WIPRO.NS,IN,IT Services
2026-01-21,881.18,888.38,873.35,880.03,9963289,900.6279999999999,923.344,937.7845000000001,941.6436,918.2736218444376,931.1766199049673,32.331174838112844,0.0665668164419344,-12.90299806052974,-4.253839800355884,-8.649158260173856,937.7845000000001,26.184368674718986,990.1532373494381,885.4157626505621,-0.05142154387429111,0.11168608000960166,19.924999999999986,12115418.4,0.8223643500116884,587187243.0,-0.00606505534221824,0.017078963217143615,-0.0013050682039976761,-0.06829779575242978,-0.04769994914025388,-0.06002798457643965,7.184340718356749,6.680373906931751,1,1,0.04293035464700057,WIPRO.NS,IN,IT Services
2026-01-22,876.75,902.26,898.65,900.25,12177402,893.424,918.649,935.0615000000001,941.5182000000001,915.5007569452933,928.885759171266,29.865771812080553,26.483660130718945,-13.385002225972698,-6.080072285479248,-7.304929940493451,935.0615000000001,27.145682660492163,989.3528653209845,880.7701346790158,0.1794011368625094,0.11612362464057455,19.653571428571418,12384743.65,0.9832582216380213,599364645.0,0.022976489437860126,0.0040099972229891735,0.026803535785541142,-0.049567145270270285,-0.05704350012045545,-0.03847180834588315,28.930952892784106,13.126167278288241,1,1,0.026470424881977372,WIPRO.NS,IN,IT Services
2026-01-23,905.48,906.73,902.63,904.45,5836013,892.184,913.182,932.2734999999999,941.4679999999998,913.8006404921713,927.0757029363575,31.85634328358212,30.275229357798224,-13.275062444186233,-7.519070317220646,-5.7559921269655865,932.2734999999999,27.289897547568593,986.8532950951371,877.6937049048627,0.24511172173011792,0.11708966326958492,19.162142857142847,11925400.0,0.4893766675015792,605200658.0,0.00466537073035278,0.004533141688313881,-0.0011375182223780042,-0.05700016681958453,-0.05807063038293703,-0.006808323724811882,34.022535827217816,23.379276479452887,1,1,0.004455746586323084,WIPRO.NS,IN,IT Services
2026-01-26,910.41,907.64,900.35,903.59,9237724,894.744,908.7699999999999,928.8164999999999,941.0904,912.2297727241449,925.3360212373681,37.41001564945229,43.68515205724514,-13.106248513223136,-8.636505956421145,-4.469742556801991,928.8164999999999,26.25485364148417,981.3262072829682,876.3067927170316,0.25979203364896714,0.11306798981911231,17.186428571428564,11926593.35,0.7745483521035492,595962934.0,-0.0009508541102327683,0.00806781836894155,-0.007491130369825074,-0.04655432569034834,-0.07107830538792881,0.01436926772864533,33.081719723957114,32.01173614798635,1,1,0.00042054471607699817,WIPRO.NS,IN,IT Services
2026-01-27,901.86,916.1,903.33,909.01,6742471,899.466,905.667,926.744,940.7236,911.7344230742766,924.1266863308964,35.725190839694676,71.97298601061266,-12.392263256619799,-9.387657416460875,-3.0046058401589235,926.744,26.091923210852592,978.9278464217052,874.5601535782948,0.3300815174008149,0.11261760836142211,15.499285714285707,11518346.15,0.5853679275502649,602705405.0,0.005998295687203115,0.014048250294260716,0.007928059787541358,-0.03300923364963193,-0.043610462302464126,0.02666591371131699,40.22106925287364,35.77510826801619,0,0,-0.02045082012299093,WIPRO.NS,IN,IT Services
2026-01-28,910.63,926.32,911.0,917.81,7346577,907.0220000000002,903.825,925.0165,940.1966,912.6691272166956,923.6587836397189,38.74722413661072,86.11544461778468,-10.989656423023234,-9.708057217773348,-1.2815992052498864,925.0165,25.442331545528916,975.9011630910578,874.1318369089421,0.4291878970729039,0.11001893066989152,15.718571428571424,11603318.95,0.6331443958847313,610051982.0,0.009680861596682133,0.016691907911205325,0.00788465128536515,-0.01967465259605017,-0.03627829812255878,0.04293035464700057,50.14662756541673,41.149805514082495,0,0,-0.024220699273269974,WIPRO.NS,IN,IT Services
2026-01-29,932.97,948.23,904.77,924.08,11789850,911.7880000000001,902.606,924.5450000000001,939.4944,914.4246461064348,923.6899848515916,35.97726908916283,98.12103998252128,-9.265338745156782,-9.619513523250035,0.3541747780932525,924.5450000000001,25.363902758779627,975.2728055175593,873.8171944824409,0.49541671480018495,0.10973571977027474,17.765000000000004,11546457.95,1.0210792807607911,621841832.0,0.0068314792822044,0.04703056012461367,-0.00952870939043105,-0.013019748576799328,-0.01010165932876983,0.026470424881977372,59.59821428501414,49.98863703443484,0,0,-0.017357804519089304,WIPRO.NS,IN,IT Services
2026-01-30,926.48,911.63,905.97,908.48,7702334,912.594,902.3889999999999,922.0165,938.5958,913.5100851669833,922.5633193070292,34.80988151475259,60.0,-9.053234140045902,-9.506257646609209,0.4530235065633068,922.0165,24.238775649750682,970.4940512995013,873.5389487004986,0.3603838308918507,0.1051554962399236,17.628571428571433,11261023.8,0.6839816212819281,614139498.0,-0.016881655267942164,0.006230186685445731,-0.01942837406094095,-0.00238291330368412,-0.052729263333507026,0.004455746586323084,46.83999999937546,52.19494728326878,1,0,0.009499383585769738,WIPRO.NS,IN,IT Services
2026-02-02,911.57,907.77,900.94,903.97,16378412,912.6700000000001,903.707,919.2695,937.4631999999999,912.0423797566783,921.1860363953974,35.683099150591445,49.42112879884223,-9.143656638719108,-9.43373744503119,0.29008080631208166,919.2695,22.91456936556929,965.0986387311385,873.4403612688615,0.3330810874486516,0.09970773256610531,17.09857142857143,11658126.45,1.4048921724560492,597761086.0,-0.004964336033814742,0.0075555604721311235,-0.00833726428029848,0.014795855364339694,-0.05729421947836599,0.00042054471607699817,40.89209401654792,49.110102766979175,1,1,0.02005597530891512,WIPRO.NS,IN,IT Services
2026-02-03,893.46,898.95,883.61,890.42,9238945,908.952,904.2090000000001,917.0020000000001,936.1998,908.7158597941125,918.9070707364791,33.122098592587136,37.83933518005536,-10.191210942366638,-9.58523214449828,-0.6059787978683584,917.0020000000001,23.43374570771196,963.869491415424,870.1345085845761,0.21641324084748792,0.10221895135533585,17.205000000000002,11572698.4,0.7983396682713455,588522141.0,-0.014989435490115888,0.01722782507129535,-0.0034025026302203507,0.005669753783600573,-0.0484627632858502,-0.02045082012299093,22.796474358669833,36.842856124864404,1,1,0.05656881022438842,WIPRO.NS,IN,IT Services
2026-02-04,886.21,897.07,894.39,895.58,9500612,904.5060000000001,905.7639999999999,914.5540000000001,935.5764,906.6949582873259,917.179139570814,35.55350422495212,37.53943217665625,-10.484181283488056,-9.765021972296235,-0.7191593111918202,914.5540000000001,22.958056583784426,960.4701131675689,868.6378868324313,0.29338407923326765,0.10041203289804344,17.088571428571438,11263481.75,0.843487952249938,598022753.0,0.005795018081354852,0.0029924741508263594,0.01057311472448904,0.01766985216413075,-0.05183475554238037,-0.024220699273269974,29.687499999603556,31.12535612494044,1,1,0.06421536881127321,WIPRO.NS,IN,IT Services
2026-02-05,896.36,915.79,901.83,908.04,8309973,901.298,906.543,912.5959999999999,935.1325999999999,906.9018877815835,916.502166269272,48.977833476932716,41.511728931364075,-9.60027848768857,-9.732073275374702,0.1317947876861325,912.5959999999999,21.660503080104217,955.9170061602083,869.2749938397915,0.4474158104315666,0.09494016226273388,16.601428571428578,10357103.1,0.8023452231208142,606332726.0,0.013912771611692909,0.015373772080508072,0.013030478825457315,0.008653151902249245,-0.04134290540540553,-0.017357804519089304,46.3274572643385,32.93714387420397,1,1,0.052233381789348554,WIPRO.NS,IN,IT Services
2026-02-06,914.43,920.2,914.63,917.11,9962758,903.024,907.809,910.4955,934.7239999999999,908.4723665844167,916.5471909900667,61.25941136208076,44.22535211267605,-8.07482440565002,-9.400623501429767,1.3257990957797468,910.4955,18.753276338284373,948.0020526765687,872.9889473234313,0.5881779252874936,0.08238712366294515,15.47142857142858,9650375.35,1.032369893014587,616295484.0,0.009988546760054673,0.006073426306543356,0.0029307874850968726,0.013997457018077197,-0.04380056718658765,0.009499383585769738,58.44017093939048,44.818376067777514,1,1,0.07785325642507446,WIPRO.NS,IN,IT Services
2026-02-09,924.32,929.08,916.51,922.1,9925030,906.65,909.6600000000001,909.2149999999999,934.6108,910.5689255714296,916.9585101759878,65.75377747252745,63.69119420989141,-6.389584604558195,-8.798415722055452,2.4088311174972574,909.2149999999999,16.85694281450944,942.9288856290189,875.501114370981,0.6910933693774288,0.07416042548568129,15.869285714285727,9862133.4,1.0063774835597454,626220514.0,0.005441004895814006,0.013631927122856977,-0.00240176562229274,0.0204849544594341,-0.027023034472570706,0.02005597530891512,65.10416666579722,56.6239316231754,1,1,0.05435419151935794,WIPRO.NS,IN,IT Services
2026-02-10,929.38,943.2,938.87,940.79,8924214,916.7239999999999,912.838,909.2525000000002,935.0322,915.2183216373635,918.7238057185073,73.40523882896761,78.80162703379216,-3.505484081143777,-7.739829393873117,4.23434531272934,909.2525000000002,16.929802086357075,943.1121041727143,875.392895827286,0.9657098151260823,0.07447789073481112,16.30285714285716,10026785.6,0.8900372927055215,635144728.0,0.020268951306799732,0.00460251490767912,0.012277001872202643,0.034961111538927,0.0007978383898556984,0.05656881022438842,88.48653667458228,70.67695809325666,1,1,0.023278308655491742,WIPRO.NS,IN,IT Services
2026-02-11,944.43,956.02,950.75,953.09,12141000,928.226,916.366,910.0955,935.5059999999999,921.0447336931538,921.2694497393586,71.67705940269114,100.0,-0.22471604620477592,-6.2368067243394485,6.012090678134673,910.0955,18.673755429508855,947.4430108590177,872.7479891409823,1.0756006091172103,0.08207382820588971,15.80285714285716,10129746.85,1.1985490833318226,647285728.0,0.013074118559933678,0.005529383374072178,0.009169552004903395,0.03843932840130315,0.018008395372931973,0.06421536881127321,95.95359756807142,83.18143363615032,0,1,-0.0031056878154214207,WIPRO.NS,IN,IT Services
2026-02-12,953.86,961.16,950.92,955.47,7683644,937.7120000000001,919.5050000000001,911.0555,935.9237999999999,926.3409285095917,923.8028238327394,71.247709478594,100.0,2.5381046768522992,-4.4818244441010995,7.019929120953399,911.0555,20.494906292695518,952.0453125853911,870.065687414609,1.0417748606002128,0.08998312964544107,16.071428571428587,10097077.55,0.760976946148448,654969372.0,0.0024971408786158555,0.010717238636471362,0.0016878787243393431,0.03396892043978883,0.020506905059437974,0.052233381789348554,92.66279819351828,92.36764414539066,0,1,-0.004374810302782972,WIPRO.NS,IN,IT Services
2026-02-13,966.64,995.42,982.98,988.51,6158892,951.992,927.508,914.9485000000001,937.0618,935.9054010465776,928.5959479932772,77.89017341040459,100.0,7.3094530533004445,-2.12356894462079,9.433021997921234,914.9485000000001,26.82958760985291,968.6076752197059,861.2893247802942,1.185451273688229,0.11729441650463866,18.404285714285727,9638368.55,0.6389972876688463,661128264.0,0.03457984028802574,0.012584597019744218,0.02262476206237832,0.08809219795702705,0.08549936858288043,0.07785325642507446,93.81987299799823,94.14542291986265,0,0,-0.030399287817017506,WIPRO.NS,IN,IT Services
2026-02-16,990.25,981.87,964.5,972.22,16566318,962.016,934.333,919.0199999999999,937.7604000000001,941.4922624240273,931.8273592530344,69.37649439028876,81.42319534724601,9.664903170992943,0.2341254785019573,9.430777692490986,919.0199999999999,29.05671224200621,977.1334244840123,860.9065755159875,0.9577255640276224,0.12646824766370518,19.207142857142873,10069373.2,1.6452182301458218,644561946.0,-0.01647934770513193,0.017866326551585175,-0.018207523352670302,0.07550029315132134,0.09141323993309314,0.05435419151935794,79.2505142645627,88.57772848535974,0,0,-0.02631091728209667,WIPRO.NS,IN,IT Services
2026-02-17,970.01,969.72,957.07,962.69,9190215,966.3960000000001,941.5600000000001,922.8845000000001,937.8488000000001,944.7534528203307,934.1134807898468,63.69628906250002,72.00477068199072,10.639972030483932,2.315294788898353,8.32467724158558,922.8845000000001,29.48651368353797,981.857527367076,863.9114726329242,0.8374890333456535,0.12780153392328514,19.052857142857153,9738783.65,0.9436716520885385,635371731.0,-0.009802308119561398,0.013140263220753136,-0.0075463139555183864,0.0811639451045576,0.08729387847300663,0.023278308655491742,70.72712637446811,81.26583787900968,0,0,-0.006845401946628749,WIPRO.NS,IN,IT Services
2026-02-18,966.53,957.31,944.38,950.13,7131197,965.8040000000001,947.015,926.3894999999999,937.6942,945.5806139248953,935.2998896202284,57.655910186328086,55.42392566782812,10.280724304666819,3.9083806920520474,6.372343612614772,926.3894999999999,28.265418610193183,982.9203372203863,869.8586627796135,0.709978315965297,0.12204550509332278,17.256428571428582,9597179.05,0.7430512882792065,628240534.0,-0.013046775182042003,0.013608664077532908,-0.016967916153645526,0.06091024810737178,0.07965637535084036,-0.0031056878154214207,59.49378409749134,69.82380824550738,1,0,0.006030753686337764,WIPRO.NS,IN,IT Services
2026-02-19,949.19,961.31,943.28,951.29,6410451,964.9680000000001,951.3400000000001,928.9414999999999,937.5194,946.458981013373,936.4843422409523,63.74847453272526,48.79935965848448,9.97463877242069,5.121632308125776,4.853006464294913,928.9414999999999,28.084694515902218,985.1108890318044,872.7721109681954,0.6989384287823288,0.12093202646613167,17.25071428571429,9308831.5,0.6886417818775877,634650985.0,0.00122088556302824,0.018953210903069537,0.002212412688711108,0.04763006034976436,0.05669536239933337,-0.004374810302782972,60.53125838421846,63.58405628539264,0,1,-0.007652766243732123,WIPRO.NS,IN,IT Services
2026-02-20,948.46,963.7,954.27,958.46,4549329,958.958,955.475,931.642,937.1304000000001,948.3052916267002,938.1121687416226,67.20555730975686,51.87460815047022,10.193122885077628,6.135930423516148,4.05719246156148,931.642,28.202188716834666,988.0463774336694,875.2376225663307,0.7377297757678454,0.12108594810798304,17.598571428571443,9244497.3,0.4921120489578109,639200314.0,0.007537133786752692,0.009838699580566978,0.01054340720746205,0.045087285058498905,0.059715849411244415,-0.030399287817017506,66.94392272545444,62.322988402388084,0,0,-0.00786678630302784,WIPRO.NS,IN,IT Services
2026-02-23,956.31,950.17,943.8,946.64,9407347,953.842,957.9289999999999,933.7945000000002,936.9094,948.0490929149001,938.7438599459467,67.94789937428169,14.232017768665685,9.305232968953419,6.769790932603604,2.5354420363498154,933.7945000000002,27.584573964235293,988.9636479284708,878.6253520715296,0.616419235040916,0.11816121840171791,17.19142857142859,9252978.45,1.0166830101411282,629792967.0,-0.012332283037372549,0.0067290627904940375,-0.010111783835774851,0.02661316560026017,0.04764328954503694,-0.02631091728209667,51.717311689085264,59.73083093291939,0,0,-0.0014155328319107596,WIPRO.NS,IN,IT Services
2026-02-24,946.68,970.83,944.31,956.1,7034915,952.524,959.46,936.149,936.6194,949.2876940049156,940.0294999499506,68.80437484464329,34.410058027079344,9.258194054964974,7.267471557075879,1.9907224978890952,936.149,27.36657217538327,990.8821443507666,881.4158556492334,0.6822570239292157,0.11693254887994987,18.610714285714305,9267600.65,0.7590868992518685,636827882.0,0.0099932392461759,0.027737684342613072,0.009950564076551868,0.01627355732947855,0.05180361052133642,-0.006845401946628749,57.98696441865601,58.882732944398576,0,0,-0.0028971864867691766,WIPRO.NS,IN,IT Services
2026-02-25,956.23,958.34,953.87,955.86,19546677,953.6700000000001,959.7370000000001,938.0515000000001,936.52,950.2988180041593,941.2021295832876,66.07935440484196,41.94765385522281,9.096688420871715,7.633314929835046,1.463373491036669,938.0515000000001,27.347154816869356,992.7458096337389,883.3571903662614,0.662800299689236,0.11661259458287826,17.4864285714286,9877605.65,1.9788879728268993,617281205.0,-0.0002510197678067261,0.004676417048516886,-0.0003869361973579762,0.0029063362326746667,0.041457382246870234,0.006030753686337764,51.033543754783636,53.5792732875083,0,0,-0.01239721298098051,WIPRO.NS,IN,IT Services
2026-02-26,956.53,948.04,940.79,944.01,12009521,952.2139999999999,958.591,939.048,936.3026000000001,949.331307541981,941.4101199845256,58.879059941906505,42.66187050359714,7.921187557455369,7.690889455359111,0.230298102096258,939.048,27.173818010394246,993.3956360207885,884.7003639792115,0.5456505596449156,0.11575049629141565,17.69428571428574,9888589.2,1.2144826266538986,605271684.0,-0.01239721298098051,0.007680003389786464,-0.013088977867904712,-0.011994097145907268,0.021567396762184998,-0.007652766243732123,34.849828918580045,47.95677903067323,1,1,0.0022881113547525977,WIPRO.NS,IN,IT Services
2026-02-27,938.48,963.79,940.63,950.92,16028333,950.7059999999999,954.8320000000001,941.1700000000001,936.0466,949.5757217662916,942.1145555412274,59.39374185136894,49.61011591148577,7.461166225064176,7.644944809300125,-0.18377858423594962,941.1700000000001,26.304287623261718,993.7785752465235,888.5614247534767,0.5926655013343242,0.11179399098243144,18.450714285714305,10304889.15,1.5554103699009347,621300017.0,0.007319837713583466,0.024355361123938518,0.01325547694142303,-0.038026929419024635,0.04671539274392389,-0.00786678630302784,21.308576480613404,35.73064971799236,1,0,0.005489420771463527,WIPRO.NS,IN,IT Services
2026-03-02,951.31,950.51,941.14,945.3,7898816,950.4380000000001,952.14,943.2365,935.3446,948.9179184176314,942.3505143900253,51.606926530321374,35.664488017429136,6.5674040276061305,7.429436652961327,-0.8620326253551962,943.2365,24.808958330004526,992.8544166600091,893.6185833399909,0.520793900050446,0.10520779605105715,17.642142857142876,9880909.35,0.799401646225846,613401201.0,-0.0059100660413073935,0.009912197186068013,-0.006317604145855372,-0.02768920614675696,0.045720543823356996,-0.0014155328319107596,8.52345318473212,21.560619527975188,1,1,0.007204062202475381,WIPRO.NS,IN,IT Services
2026-03-03,946.33,966.02,943.17,953.33,4847243,949.884,951.204,946.382,935.39,949.5967001995342,943.1638096203937,50.08819638394826,57.94348135834723,6.432890579140462,7.2301274381971545,-0.7972368590566923,946.382,21.531637090298222,989.4452741805964,903.3187258194035,0.5806719894344456,0.09100611419183989,18.18642857142859,9661324.25,0.5017161594885753,618248444.0,0.00849465778059888,0.023968615274853465,0.007396996819283551,-0.009722756027381596,0.07065205184070456,-0.0028971864867691766,23.179412301091915,17.670480655479146,1,1,0.017286773729978,WIPRO.NS,IN,IT Services
2026-03-04,956.86,961.02,930.39,944.01,5725246,947.5139999999999,950.592,948.8035,935.788,948.7372078611444,943.2264903892535,45.993006993006986,35.59685489635454,5.510717471890871,6.886245444935898,-1.3755279730450267,948.8035,17.941610640275353,984.6867212805507,912.9202787194492,0.4332069442295116,0.07563888893856931,19.64285714285716,9472555.95,0.6044034393480211,612523198.0,-0.00977625795894399,0.03244669018333233,-0.013429341805474775,-0.006441223832528209,0.05407668773308916,-0.01239721298098051,20.944179609088987,17.549015031637676,1,1,0.014057054480355102,WIPRO.NS,IN,IT Services
2026-03-05,948.33,963.06,932.66,946.17,5554684,947.9459999999999,950.0800000000002,950.7099999999998,935.6172,948.3422528055837,943.4445281381977,31.118444523724605,38.96103896103892,4.897724667386001,6.4885412894259185,-1.5908166220399176,950.7099999999998,15.198171635148837,981.1063432702974,920.3136567297022,0.42531996431193225,0.06394451151300745,18.960714285714307,9334791.5,0.595051684330423,618077882.0,0.0022881113547525977,0.032129532747780895,-0.002277688146528955,-0.005382165270317207,0.04199154222280965,0.0022881113547525977,30.652680652085163,24.92542418742202,1,1,0.025259731337920366,WIPRO.NS,IN,IT Services
2026-03-06,947.24,963.25,950.45,956.14,3520724,948.99,949.848,952.6614999999999,935.5357999999999,949.5419062201094,944.3849334612942,42.4007561436673,64.4370388002856,5.156972758815186,6.222227583303773,-1.0652548244885862,952.6614999999999,13.004173125693622,978.6698462513872,926.6531537486127,0.5668727639545257,0.05460144290781133,18.46571428571431,9012689.8,0.3906407174203735,621598606.0,0.010537218470253684,0.01338716087600829,0.009395718086219524,-0.002420549631700908,0.04255759941555537,0.005489420771463527,63.6745796225599,38.42381329457802,1,1,0.014380739222289662,WIPRO.NS,IN,IT Services
2026-03-09,957.78,954.91,949.86,952.11,10809554,950.3520000000001,950.3950000000001,954.1619999999999,935.1234,949.9369975708616,944.9571606123095,44.725822532402795,51.520572450805076,4.979836958552141,5.973749458353447,-0.993912499801306,954.1619999999999,10.844185247541896,975.8503704950837,932.4736295049162,0.45269354143231416,0.04546056224217904,17.83214285714288,9056916.0,1.1935136426667043,610789052.0,-0.004214863932060164,0.005304008990552195,-0.005919939860922174,0.005778331783993895,0.032545277084914837,0.007204062202475381,53.70919881172826,49.34548636212444,1,1,0.0418964195313567,WIPRO.NS,IN,IT Services
2026-03-10,948.0,989.4,954.15,969.81,11851310,953.6479999999999,951.766,955.6129999999999,935.5104000000001,952.99438255996,946.7981116780643,59.33232169954472,73.9308728763913,6.196270881895657,6.01825374306189,0.17801713883376724,955.6129999999999,10.902129729111032,977.417259458222,933.8087405417779,0.8255556563701815,0.045634078770797934,19.18785714285716,9203270.8,1.2877279143271634,622640362.0,0.018590288937202493,0.03634732576480306,0.023006329113899725,0.014339504235958422,0.03084641630969709,0.017286773729978,66.80223690786637,61.39533844738484,1,1,0.025293614213093285,WIPRO.NS,IN,IT Services
2026-03-11,974.43,972.78,944.89,957.28,13248244,956.302,951.908,955.8225,935.6088000000001,953.6537083199661,947.5745478500595,52.563992808834854,53.54514449829468,6.079160469906583,6.0304350884308295,0.04872538147575334,955.8225,10.891348026800534,977.605196053601,934.0398039463989,0.5334554546388572,0.04557895645599108,19.892142857142876,9258633.0,1.4309069782864297,609392118.0,-0.012920056505913546,0.02913463145576096,-0.017600032839693337,0.001485573201096324,0.004396227008991671,0.014057054480355102,45.56854770300679,55.35999447420048,1,1,0.027776617081731514,WIPRO.NS,IN,IT Services
2026-03-12,960.36,976.52,964.91,970.07,7967350,961.082,954.5139999999999,956.5525,936.34,956.1792916553559,949.240877638944,54.74148493016418,72.01757350456242,6.938414016411912,6.212030874027047,0.726383142384865,956.5525,11.346264803836688,979.2450296076734,933.8599703923267,0.7978403076453702,0.04744649061635326,20.380000000000013,9272818.3,0.859215492315266,617359468.0,0.013360772187865688,0.011968208479788103,0.010110791786402938,0.027605639770765134,0.015280437899672483,0.025259731337920366,67.24284019543745,59.871208268770204,1,1,0.051738534332573805,WIPRO.NS,IN,IT Services
2026-03-13,955.11,979.0,962.6,969.89,9537316,963.832,956.4109999999998,955.6215,936.5568,958.2886314006859,950.7704422582815,60.4928242621175,70.73426573426573,7.518189142404367,6.473262527702512,1.044926614701855,955.6215,9.13434425663866,973.8901885132773,937.3528114867227,0.8905179068749092,0.038234151310447065,20.504285714285718,9441739.5,1.0101226569402113,607822152.0,-0.0001855536198419605,0.01690913402549059,0.015474657369292016,0.019949101922349,-0.01883643058744977,0.014380739222289662,66.93780715019595,59.91639834954674,1,1,0.06301745558774696,WIPRO.NS,IN,IT Services
2026-03-16,961.71,995.56,989.15,992.0,6641590,971.8100000000001,961.0809999999999,956.6105,937.2186,963.4749958005804,953.8244835724829,64.54147764095914,75.85809056821459,9.650512228097455,7.108712467781501,2.5417997603159534,956.6105,11.728533122658995,980.067566245318,933.153433754682,1.2543462517570678,0.049042042179744894,20.443571428571424,8945503.1,0.742450053764997,614463742.0,0.022796399591706207,0.006461693548380551,0.031495981116935946,0.049402306146197006,0.020345189360432725,0.0418964195313567,94.53736381625698,76.23933705396347,1,1,0.025332661290322633,WIPRO.NS,IN,IT Services
2026-03-17,986.09,1003.29,987.19,994.34,27450150,976.716,965.182,958.1929999999999,938.39,968.2234579851065,956.8256329374842,65.32579257607136,81.21212121212119,11.397825047622291,7.966534983749659,3.4312900638726322,958.1929999999999,14.41870134304154,987.030402686083,929.3555973139167,1.126738135753084,0.06019121969384671,21.2742857142857,9858499.85,2.7844142246029224,641913892.0,0.0023588709677420105,0.016191644709036866,0.008366376294244575,0.043017632928786353,0.03287662695156279,0.025293614213093285,87.72290809207522,83.06602635284271,1,1,0.05287929682000114,WIPRO.NS,IN,IT Services
2026-03-18,1000.68,988.2,980.4,983.87,10080678,982.034,969.168,959.8800000000001,939.1766,970.6306182950901,958.8289193865596,66.05186855670101,61.63522012578618,11.801698908530511,8.73356776870583,3.068131139824681,959.8800000000001,15.368212237185828,990.6164244743718,929.1435755256284,0.8902535901518527,0.0640422229327409,21.193571428571413,10005973.9,1.0074658492297437,631833214.0,-0.010529597521974354,0.007927876650362486,-0.01679857696764515,0.04222412898168448,0.03551093008325168,0.027776617081731514,73.36076817457672,85.20701336096964,1,1,0.04766889934645846,WIPRO.NS,IN,IT Services
2026-03-19,980.76,1022.8,1018.22,1020.26,8632639,992.0719999999999,976.577,963.3285,940.6378,978.2659077881532,963.3793698023701,72.56573808903929,87.36355007119118,14.886537985783093,9.964161812121283,4.92237617366181,963.3285,20.2894453440002,1003.9073906880003,922.7496093119996,1.2014915764520129,0.08424725457195177,22.319999999999986,10117083.3,0.8532734080312051,640465853.0,0.036986593757305286,0.004489051810318388,0.040274888861658024,0.07830516714755276,0.07250155052612772,0.051738534332573805,97.25137971975708,86.111685328803,1,1,0.0064591378668181765,WIPRO.NS,IN,IT Services
2026-03-20,1020.89,1040.17,1023.69,1031.01,5443290,1004.2959999999999,984.064,966.9560000000001,942.0756000000001,986.3803835130528,968.3890461133058,76.9918750393651,87.0500972762645,17.991337399747067,11.56959692964644,6.421740470100627,966.9560000000001,25.251866298903124,1017.4597325978064,916.4522674021939,1.1341511478861275,0.10445921551291679,23.043571428571422,10161781.35,0.5356629194090149,645909143.0,0.010536529904142,0.015984326049198392,0.009912919119582024,0.07830443240529639,0.07569434300857614,0.06301745558774696,91.65603935059515,87.422729081643,0,0,-0.0012027041444796494,WIPRO.NS,IN,IT Services
2026-03-23,1026.4,1028.49,1008.05,1017.13,14373899,1009.3219999999999,990.566,970.4804999999999,943.4639999999999,991.1110937418139,971.9994871419498,69.37796136556916,74.61955388784656,19.111606599864103,13.077998863689976,6.033607736174128,970.4804999999999,27.117412055313494,1024.7153241106269,916.2456758893729,0.9300696163770665,0.11176901361865814,23.051428571428566,10410108.95,1.380763418353713,631535244.0,-0.013462527036595229,0.020095759637391443,-0.009031566640677186,0.06829042862694434,0.07446336516521601,0.025332661290322633,79.01257059501712,89.30666322178979,1,1,0.015081651313008093,WIPRO.NS,IN,IT Services
2026-03-24,1006.08,1053.15,1041.93,1046.92,9016050,1019.8380000000001,998.277,975.0215000000001,945.6016000000001,999.6970793199963,977.5491547610646,77.79998919444594,76.50067554526154,22.147924558931663,14.891984002738313,7.25594055619335,975.0215000000001,31.785060587918327,1038.5916211758367,911.4513788241634,1.0655054502732606,0.1303973731364313,23.43642857142857,10509165.7,0.8579224459347476,640551294.0,0.029288291565483293,0.010717151262741479,0.0405931933841836,0.07951041956671934,0.09499006380085762,0.05287929682000114,94.82944642630234,88.49935212397152,0,0,-0.023010354181790427,WIPRO.NS,IN,IT Services
2026-03-25,1037.1,1047.74,1017.2,1030.77,9914743,1029.218,1005.626,978.767,947.4924000000001,1004.4775286553814,981.4914395935784,71.24773960216996,65.51136847483602,22.986089061803,16.510805014551252,6.475284047251748,978.767,33.76050964629562,1046.2880192925913,911.2459807074088,0.8850874923390031,0.1379715893415334,23.446428571428573,10027569.0,0.9887483208793356,630636551.0,-0.01542620257517302,0.029628336098227865,-0.006103557998258436,0.07676959719204413,0.07836921724938795,0.04766889934645846,79.3275447988238,84.38985394004776,0,1,-0.0063544728697962904,WIPRO.NS,IN,IT Services
2026-03-26,1032.48,1029.24,1024.93,1026.85,11922466,1030.536,1011.3040000000001,982.909,949.3040000000001,1007.9194473237844,984.851332957017,68.31580583329011,69.38131313131305,23.068114366767418,17.822266884994487,5.24584748177293,982.909,34.34842429541124,1051.6058485908225,914.2121514091775,0.8198181641555708,0.13978272371247508,22.64357142857142,10023216.25,1.1894849430705496,618714085.0,-0.0038029822365804877,0.004197302429756779,-0.005452890128617171,0.05853185852567333,0.08775330769801148,0.0064591378668181765,75.70663218108514,83.28787446873709,0,0,-0.026371914106247174,WIPRO.NS,IN,IT Services
2026-03-27,1027.9,1045.97,1016.81,1029.77,5890812,1030.288,1017.292,986.8515,951.6864,1011.2810708124331,988.1786416268676,70.23238849520628,56.142617232915605,23.102429185565484,18.878299345108687,4.224129840456797,986.8515,35.00245243661616,1056.8564048732323,916.8465951267676,0.8065392351929623,0.14187525655716474,24.27785714285714,9516340.2,0.6190206799226577,624604897.0,0.002843648049861258,0.02831700282584632,0.0018192431170328549,0.06173896008825741,0.08291969881798678,-0.0012027041444796494,78.4038426004211,77.81267319344335,0,0,-0.056342678462180884,WIPRO.NS,IN,IT Services
2026-03-30,1028.58,1040.45,1026.08,1032.47,12301145,1033.3560000000002,1021.3390000000002,991.21,954.52,1014.5409060720588,991.4594829878403,67.70856884467554,51.05247981545561,23.0814230842185,19.71892409293065,3.3624989912878505,991.21,34.98334325449419,1061.1766865089885,921.2433134910117,0.7948546090853148,0.14117429507151424,22.640714285714296,9736456.65,1.2634107230980458,636906042.0,0.002621944706099555,0.013918079944198088,0.0037819129284997945,0.04079637096774191,0.09221411192214113,0.015081651313008093,80.89783853610841,78.33610443920487,0,0,-0.058500489118327836,WIPRO.NS,IN,IT Services
2026-03-31,1041.62,1025.35,1020.81,1022.83,13868640,1028.538,1024.188,994.6850000000001,957.2686,1015.816151291742,993.783224988741,68.83295983451126,54.376535626535635,22.032926303000977,20.181724534944717,1.85120176805626,994.6850000000001,34.4706353291985,1063.626270658397,925.7437293416031,0.7041230146362832,0.1386193029116307,21.481428571428587,10187526.5,1.3613352209356,623037402.0,-0.009336833031468261,0.004438665271839431,-0.018039208156507953,0.028652171289498485,0.07290235280542934,-0.023010354181790427,66.51573716105446,75.27247276586132,0,0,-0.06015662426796253,WIPRO.NS,IN,IT Services
2026-04-01,1027.85,1029.8,1019.74,1024.22,16420088,1027.2279999999998,1028.223,998.6955,960.1524000000001,1017.1090510930125,996.037800915501,66.64821988562991,19.090413943355273,21.0712501775115,20.359629663458076,0.7116205140534255,998.6955,32.894526576358814,1064.4845531527176,932.9064468472824,0.6939874399777078,0.13174997414657766,20.825714285714298,10722268.6,1.5314004042576956,639457490.0,0.0013589746096613897,0.00982210853136057,-0.0035316437223294746,0.041011515749031835,0.08496732026143805,-0.0063544728697962904,68.05080066186575,71.82145878634287,0,0,-0.06437093593173349,WIPRO.NS,IN,IT Services
2026-04-02,1016.77,1014.05,988.34,999.77,10832333,1021.8119999999999,1026.174,1001.3755000000001,962.1428,1014.4415047710106,996.3142601069454,57.99357945425359,15.570857396712725,18.127244664065188,19.9131526635795,-1.7859079995143112,1001.3755000000001,30.485135372551014,1062.345770745102,940.4052292548981,0.4868337471618007,0.12177304266988973,22.21714285714287,10986151.05,0.9859988238557101,628625157.0,-0.02387182441272384,0.025715914660346086,-0.016719612104982722,-0.020083116068453144,0.05664943931851574,-0.026371914106247174,26.625429552898584,53.730655791939604,0,0,-0.0268461746201627,WIPRO.NS,IN,IT Services
2026-04-03,998.05,992.78,954.92,971.75,9651218,1010.208,1020.2479999999999,1002.1560000000002,963.4888000000001,1007.8735809600859,994.4946852842087,44.74871635288628,10.141782407407533,13.378895675877175,18.606301266039036,-5.227405590161862,1002.1560000000002,29.448226003197348,1061.0524520063948,943.2595479936055,0.2418690008954982,0.11753948887465801,23.587142857142876,11292675.75,0.8546439620703745,618973939.0,-0.028026446082598966,0.038960638024143096,-0.026351385201115782,-0.05747761903376303,0.01632606103708656,-0.056342678462180884,17.13325867843702,37.26982963106712,0,0,-0.022392590686905023,WIPRO.NS,IN,IT Services
2026-04-06,980.64,975.07,969.68,972.07,5173022,998.1279999999999,1015.742,1003.1540000000001,964.8584,1002.3653377354573,992.8335974853784,44.16374023795798,6.629585087191941,9.531740250078883,16.791389062847006,-7.259648812768123,1003.1540000000001,27.963705311267013,1059.0814106225341,947.2265893774661,0.2221040661973903,0.11150314034032313,22.82214285714289,11010849.15,0.4698113160680876,624146961.0,0.00032930280421927804,0.005544868167924691,-0.008739190732573827,-0.04430112178384271,0.020963964247828537,-0.058500489118327836,17.459024737682455,20.40590432300602,0,1,-0.00015430987480336,WIPRO.NS,IN,IT Services
2026-04-07,979.82,963.81,959.29,961.3,21741047,985.8219999999999,1007.18,1002.7284999999999,965.9042,996.0475934684639,990.4977754494244,44.094405777382384,2.2925325110605144,5.549818019039549,14.543074854085514,-8.993256835045965,1002.7284999999999,28.556243169330095,1059.84098633866,945.6160136613397,0.13730785808834808,0.11391415789738343,22.73928571428575,11505336.0,1.8896488646964449,602405914.0,-0.011079449010873765,0.004701966087584812,-0.01890143087503949,-0.08178275321896622,-0.00877491467400826,-0.06015662426796253,6.494960806204863,13.695748074108112,0,0,-0.014782065952356094,WIPRO.NS,IN,IT Services
2026-04-08,959.7,961.11,956.03,958.29,5737429,972.6360000000001,999.932,1002.7790000000001,966.7138,990.2387329348539,988.1120143050225,30.353179887134672,2.5161859917599116,2.12671862983143,12.059803609234697,-9.933084979403267,1002.7790000000001,28.472410080427277,1059.7238201608548,945.8341798391456,0.10936745542053258,0.11357401812522559,20.335000000000036,11129795.25,0.5155017101054298,596668485.0,-0.0031311765317798557,0.005301109267544,-0.0014692091278510082,-0.0703163654355482,0.0010550727060003595,-0.06437093593173349,3.430723811427968,9.128236451771762,0,1,-0.03166056204280532,WIPRO.NS,IN,IT Services
2026-04-09,962.25,980.64,966.76,972.93,8739086,967.268,994.5400000000002,1002.9220000000001,967.6908,987.5758509448765,986.9874206527987,32.02970297029708,18.421376677749066,0.58843029207776,9.765528945803311,-9.177098653725551,1002.9220000000001,28.306182809797942,1059.534365619596,946.3096343804043,0.2351108748770087,0.11289485248013181,20.509285714285745,11168382.05,0.782484443887336,605407571.0,0.015277212534827722,0.014266185645406895,0.011098986749793559,-0.05251010371524567,0.002948240848598349,-0.0268461746201627,18.334521021904326,9.420068546512384,0,0,-0.0659451347990091,WIPRO.NS,IN,IT Services
2026-04-10,971.85,954.88,946.07,949.99,10881470,962.9159999999999,986.5620000000001,1001.927,968.5210000000001,981.7934123379723,984.2468709748136,30.32930973866172,18.770388958594765,-2.453458636841333,7.321731429274382,-9.775190066115716,1001.927,29.836786566755592,1061.6005731335113,942.2534268664888,0.06482411499087636,0.11911760663891018,20.787857142857167,11235589.75,0.9684822313415073,594526101.0,-0.023578263595530946,0.009273781829272593,-0.022493183104365405,-0.07747361061207836,-0.020517790677293313,-0.022392590686905023,3.660814344381163,8.475353059237818,0,0,-0.03402141075169218,WIPRO.NS,IN,IT Services
